trial,target_cv,spatial_mode,budget_fraction,target_importance,method,method_label,selected_rows,selected_fraction,importance,two_line_ms,released_ms,chunks,meets_target
0,1.07,hot-cold,0.125,0.2846406720071315,paper,Paper greedy,606,0.12458881578947369,0.2846406720071315,0.2113934923043843,0.2125722395577875,5,True
0,1.07,hot-cold,0.125,0.2846406720071315,quant,"Quant q=131,072",608,0.125,0.2874724753563728,0.1977942702311095,0.2015605341570321,4,True
0,1.07,hot-cold,0.125,0.2846406720071315,global_supported,Two-line supported,608,0.125,0.2874724753563728,0.1977942702311095,0.2015605341570321,4,True
0,1.07,hot-cold,0.125,0.2846406720071315,lookup_supported,Lookup supported,647,0.13301809210526316,0.3014389156617781,0.2104817316439603,0.2140320315284098,4,True
0,1.07,hot-cold,0.125,0.2846406720071315,exact_coverage,Exact global coverage,601,0.1235608552631579,0.2848017192049312,0.1955170335672645,0.199234306990952,4,True
0,1.07,hot-cold,0.25,0.4799481081989538,paper,Paper greedy,1212,0.24917763157894737,0.4799481081989538,0.4090301170364929,0.4126386073298829,9,True
0,1.07,hot-cold,0.25,0.4799481081989538,quant,"Quant q=131,072",1220,0.25082236842105265,0.4896553473613544,0.3968898185558447,0.4058093865696501,8,True
0,1.07,hot-cold,0.25,0.4799481081989538,global_supported,Two-line supported,1220,0.25082236842105265,0.4896553473613544,0.3968898185558447,0.4058093865696501,8,True
0,1.07,hot-cold,0.25,0.4799481081989538,lookup_supported,Lookup supported,1220,0.25082236842105265,0.4887126924357193,0.3968898185558447,0.4026255419409145,8,True
0,1.07,hot-cold,0.25,0.4799481081989538,exact_coverage,Exact global coverage,1188,0.24424342105263158,0.4799543237992687,0.3868669458801198,0.3960135770800915,8,True
0,1.07,hot-cold,0.375,0.6309267435626669,paper,Paper greedy,1824,0.375,0.6309267435626669,0.611294909597162,0.6158336644304624,13,True
0,1.07,hot-cold,0.375,0.6309267435626669,quant,"Quant q=131,072",1784,0.3667763157894737,0.6335644743317353,0.5804404574067588,0.5927514798527695,11,True
0,1.07,hot-cold,0.375,0.6309267435626669,global_supported,Two-line supported,1784,0.3667763157894737,0.6335644743317353,0.5804404574067588,0.5927514798527695,11,True
0,1.07,hot-cold,0.375,0.6309267435626669,lookup_supported,Lookup supported,1816,0.37335526315789475,0.6392334730652754,0.5907802545060772,0.5992204358482435,12,True
0,1.07,hot-cold,0.375,0.6309267435626669,exact_coverage,Exact global coverage,1773,0.3645148026315789,0.6309383947546578,0.5767915149996007,0.5886562723242216,11,True
0,1.07,hot-cold,0.5,0.7432760672690228,paper,Paper greedy,2430,0.4995888157894737,0.7432760672690228,0.8109035085205183,0.8212858116775872,17,True
0,1.07,hot-cold,0.5,0.7432760672690228,quant,"Quant q=131,072",2473,0.5084292763157895,0.760315229624836,0.8045151813841017,0.8219311639425955,16,True
0,1.07,hot-cold,0.5,0.7432760672690228,global_supported,Two-line supported,2473,0.5084292763157895,0.760315229624836,0.8045151813841017,0.8219311639425955,16,True
0,1.07,hot-cold,0.5,0.7432760672690228,lookup_supported,Lookup supported,2480,0.5098684210526315,0.7606101902103213,0.8067924180479468,0.8183372250160471,17,True
0,1.07,hot-cold,0.5,0.7432760672690228,exact_coverage,Exact global coverage,2371,0.48745888157894735,0.7432777910343092,0.7713325899966459,0.7887291062021303,15,True
0,1.07,hot-cold,0.625,0.831595098655787,paper,Paper greedy,3036,0.6241776315789473,0.831595098655787,1.0220622419926113,1.0310093838114047,21,True
0,1.07,hot-cold,0.625,0.831595098655787,quant,"Quant q=131,072",2982,0.6130756578947368,0.8377572529776902,0.9701028187979748,0.991649711933917,18,True
0,1.07,hot-cold,0.625,0.831595098655787,global_supported,Two-line supported,2982,0.6130756578947368,0.8377572529776902,0.9701028187979748,0.991649711933917,18,True
0,1.07,hot-cold,0.625,0.831595098655787,lookup_supported,Lookup supported,3066,0.6303453947368421,0.8478042916750629,0.9974296587641148,1.010217943948645,21,True
0,1.07,hot-cold,0.625,0.831595098655787,exact_coverage,Exact global coverage,2939,0.604235197368421,0.831599247851915,0.9563488381237896,0.9786269455629348,18,True
0,1.07,hot-cold,0.75,0.8944120927687398,paper,Paper greedy,3648,0.75,0.8944120927687398,1.2159930960069358,1.2312729624175978,23,True
0,1.07,hot-cold,0.75,0.8944120927687398,quant,"Quant q=131,072",3457,0.7107319078947368,0.8950136915112562,1.124629592416029,1.1500658838496345,21,True
0,1.07,hot-cold,0.75,0.8944120927687398,global_supported,Two-line supported,3457,0.7107319078947368,0.8950136915112562,1.124629592416029,1.1500658838496345,21,True
0,1.07,hot-cold,0.75,0.8944120927687398,lookup_supported,Lookup supported,3472,0.7138157894736842,0.8952920110523734,1.1295093852671254,1.1444987283216157,24,True
0,1.07,hot-cold,0.75,0.8944120927687398,exact_coverage,Exact global coverage,3452,0.709703947368421,0.8944554203540562,1.1230029947989968,1.1484758909728288,21,True
0,1.07,hot-cold,0.875,0.9494152936631396,paper,Paper greedy,4254,0.8745888157894737,0.9494152936631396,1.4178084279538312,1.4365875612116117,26,True
0,1.07,hot-cold,0.875,0.9494152936631396,quant,"Quant q=131,072",4075,0.8377878289473685,0.9514233079467344,1.325677057881203,1.356781618126146,20,True
0,1.07,hot-cold,0.875,0.9494152936631396,global_supported,Two-line supported,4075,0.8377878289473685,0.9514233079467344,1.325677057881203,1.356781618126146,20,True
0,1.07,hot-cold,0.875,0.9494152936631396,lookup_supported,Lookup supported,4107,0.8443667763157895,0.9526407188246346,1.3360872826302086,1.355136947718703,26,True
0,1.07,hot-cold,0.875,0.9494152936631396,exact_coverage,Exact global coverage,4050,0.8326480263157895,0.9494262765572464,1.317544069796042,1.347077769601423,18,True
0,1.07,local,0.125,0.3145534629638002,paper,Paper greedy,606,0.12458881578947369,0.3145534629638002,0.2581574516968302,0.2482752896166445,10,True
0,1.07,local,0.125,0.3145534629638002,quant,"Quant q=131,072",684,0.140625,0.3274774164085643,0.2380830645909177,0.2373859534762582,6,True
0,1.07,local,0.125,0.3145534629638002,global_supported,Two-line supported,684,0.140625,0.3274774164085643,0.2380830645909177,0.2373859534762582,6,True
0,1.07,local,0.125,0.3145534629638002,lookup_supported,Lookup supported,688,0.14144736842105263,0.3287739259614639,0.2395604118087619,0.2371189514172186,6,True
0,1.07,local,0.125,0.3145534629638002,exact_coverage,Exact global coverage,669,0.13754111842105263,0.3145598951055682,0.2267356659101933,0.2280754517162996,5,True
0,1.07,local,0.25,0.5073519103616267,paper,Paper greedy,1212,0.24917763157894737,0.5073519103616267,0.4771806060506848,0.459844181426454,16,True
0,1.07,local,0.25,0.5073519103616267,quant,"Quant q=131,072",1305,0.2682976973684211,0.5222962129807641,0.4549667227103561,0.4612673023989853,11,True
0,1.07,local,0.25,0.5073519103616267,global_supported,Two-line supported,1305,0.2682976973684211,0.5222962129807641,0.4549667227103561,0.4612673023989853,11,True
0,1.07,local,0.25,0.5073519103616267,lookup_supported,Lookup supported,1200,0.24671052631578946,0.5080592825045205,0.4426055303309369,0.4308992277819577,13,True
0,1.07,local,0.25,0.5073519103616267,exact_coverage,Exact global coverage,1263,0.2596628289473684,0.5074045208044574,0.4361386084168753,0.4429583755111562,10,True
0,1.07,local,0.375,0.6466288026345968,paper,Paper greedy,1824,0.375,0.6466288026345968,0.7043063589510127,0.6817711625916881,23,True
0,1.07,local,0.375,0.6466288026345968,quant,"Quant q=131,072",1892,0.38898026315789475,0.6518540396842716,0.6347547625328602,0.6440472405739159,13,True
0,1.07,local,0.375,0.6466288026345968,global_supported,Two-line supported,1892,0.38898026315789475,0.6518540396842716,0.6347547625328602,0.6440472405739159,13,True
0,1.07,local,0.375,0.6466288026345968,lookup_supported,Lookup supported,1819,0.37397203947368424,0.6517970142268905,0.6450229921232139,0.6335303832961868,17,True
0,1.07,local,0.375,0.6466288026345968,exact_coverage,Exact global coverage,1867,0.38384046052631576,0.6466668256550607,0.6273612647694173,0.6366553669773115,13,True
0,1.07,local,0.5,0.750318882730123,paper,Paper greedy,2430,0.4995888157894737,0.750318882730123,0.9302314229742344,0.9005114572358678,29,True
0,1.07,local,0.5,0.750318882730123,quant,"Quant q=131,072",2475,0.5088404605263158,0.7635350776807982,0.8307075813842184,0.8419762555621775,17,True
0,1.07,local,0.5,0.750318882730123,global_supported,Two-line supported,2475,0.5088404605263158,0.7635350776807982,0.8307075813842184,0.8419762555621775,17,True
0,1.07,local,0.5,0.750318882730123,lookup_supported,Lookup supported,2430,0.4995888157894737,0.7588659513816982,0.8290973180231014,0.824667038071203,19,True
0,1.07,local,0.5,0.750318882730123,exact_coverage,Exact global coverage,2389,0.49115953947368424,0.7503303037664697,0.8048664077451171,0.8121524206056762,17,True
0,1.07,local,0.625,0.8362503954496652,paper,Paper greedy,3036,0.6241776315789473,0.8362503954496652,1.1271168194430103,1.1022596069017343,33,True
0,1.07,local,0.625,0.8362503954496652,quant,"Quant q=131,072",2966,0.6097861842105263,0.83625884306243,0.9794527540255384,0.9967483816602346,18,True
0,1.07,local,0.625,0.8362503954496652,global_supported,Two-line supported,2966,0.6097861842105263,0.83625884306243,0.9794527540255384,0.9967483816602346,18,True
0,1.07,local,0.625,0.8362503954496652,lookup_supported,Lookup supported,2942,0.6048519736842105,0.8365315142202506,0.9853197874447576,0.9900236483336928,21,True
0,1.07,local,0.625,0.8362503954496652,exact_coverage,Exact global coverage,2966,0.6097861842105263,0.83625884306243,0.9794527540255384,0.9967483816602346,18,True
0,1.07,local,0.75,0.9022125503297092,paper,Paper greedy,3648,0.75,0.9022125503297092,1.3062578670229772,1.2913712534287631,33,True
0,1.07,local,0.75,0.9022125503297092,quant,"Quant q=131,072",3514,0.7224506578947368,0.90697742668912,1.1550985539305985,1.1758229788232029,21,True
0,1.07,local,0.75,0.9022125503297092,global_supported,Two-line supported,3514,0.7224506578947368,0.90697742668912,1.1550985539305985,1.1758229788232029,21,True
0,1.07,local,0.75,0.9022125503297092,lookup_supported,Lookup supported,3507,0.7210115131578947,0.9075150779843016,1.1593945645709125,1.173643605885275,23,True
0,1.07,local,0.75,0.9022125503297092,exact_coverage,Exact global coverage,3472,0.7138157894736842,0.902222517304586,1.1412708027649243,1.16188024861083,21,True
0,1.07,local,0.875,0.9579423342489884,paper,Paper greedy,4254,0.8745888157894737,0.9579423342489884,1.4989880321601956,1.4944986147166897,34,True
0,1.07,local,0.875,0.9579423342489884,quant,"Quant q=131,072",4045,0.8316200657894737,0.9583396917448446,1.324075341601136,1.3505664271615785,22,True
0,1.07,local,0.875,0.9579423342489884,global_supported,Two-line supported,4045,0.8316200657894737,0.9583396917448446,1.324075341601136,1.3505664271615785,22,True
0,1.07,local,0.875,0.9579423342489884,lookup_supported,Lookup supported,4021,0.8266858552631579,0.95800331083399,1.3276652143471288,1.343505907974437,26,True
0,1.07,local,0.875,0.9579423342489884,exact_coverage,Exact global coverage,4040,0.8305921052631579,0.9579447443075112,1.3226130751667078,1.3493933271507146,22,True
0,1.07,random,0.125,0.1554175526105011,paper,Paper greedy,606,0.12458881578947369,0.1554175526105011,0.2050080520660584,0.2038532341650238,5,True
0,1.07,random,0.125,0.1554175526105011,quant,"Quant q=131,072",728,0.14967105263157895,0.1847033055892669,0.2372199651131619,0.2434846568471111,5,True
0,1.07,random,0.125,0.1554175526105011,global_supported,Two-line supported,728,0.14967105263157895,0.1847033055892669,0.2372199651131619,0.2434846568471111,5,True
0,1.07,random,0.125,0.1554175526105011,lookup_supported,Lookup supported,632,0.1299342105263158,0.1647125885350164,0.2128794625938971,0.2128458631050945,5,True
0,1.07,random,0.125,0.1554175526105011,exact_coverage,Exact global coverage,605,0.12438322368421052,0.1554314739916333,0.1969709049018796,0.20107538294115,4,True
0,1.07,random,0.25,0.3035647835948994,paper,Paper greedy,1212,0.24917763157894737,0.3035647835948994,0.4299236531104271,0.4256957218935348,12,True
0,1.07,random,0.25,0.3035647835948994,quant,"Quant q=131,072",1249,0.25678453947368424,0.3039076777845529,0.406957933581818,0.4170682220848872,8,True
0,1.07,random,0.25,0.3035647835948994,global_supported,Two-line supported,1249,0.25678453947368424,0.3039076777845529,0.406957933581818,0.4170682220848872,8,True
0,1.07,random,0.25,0.3035647835948994,lookup_supported,Lookup supported,1317,0.2707648026315789,0.327125504456671,0.4471795671431218,0.445465220205039,11,True
0,1.07,random,0.25,0.3035647835948994,exact_coverage,Exact global coverage,1247,0.2563733552631579,0.3035767271606424,0.4065420533672965,0.4153517975659779,8,True
0,1.07,random,0.375,0.4393799860433512,paper,Paper greedy,1824,0.375,0.4393799860433512,0.6356394005057797,0.6262203426845643,17,True
0,1.07,random,0.375,0.4393799860433512,quant,"Quant q=131,072",1868,0.3840460526315789,0.4427426292917378,0.6089410915343559,0.6243422197067968,13,True
0,1.07,random,0.375,0.4393799860433512,global_supported,Two-line supported,1868,0.3840460526315789,0.4427426292917378,0.6089410915343559,0.6243422197067968,13,True
0,1.07,random,0.375,0.4393799860433512,lookup_supported,Lookup supported,1894,0.3893914473684211,0.4547009618149278,0.6361331539597764,0.635413943678747,15,True
0,1.07,random,0.375,0.4393799860433512,exact_coverage,Exact global coverage,1854,0.38116776315789475,0.4393934729099698,0.6040579558414579,0.6189343993557617,13,True
0,1.07,random,0.5,0.5687722118795482,paper,Paper greedy,2430,0.4995888157894737,0.5687722118795482,0.840647452571838,0.8334063982348546,22,True
0,1.07,random,0.5,0.5687722118795482,quant,"Quant q=131,072",2479,0.5096628289473685,0.5746398278715974,0.8077230582772993,0.8275532574169057,17,True
0,1.07,random,0.5,0.5687722118795482,global_supported,Two-line supported,2479,0.5096628289473685,0.5746398278715974,0.8077230582772993,0.8275532574169057,17,True
0,1.07,random,0.5,0.5687722118795482,lookup_supported,Lookup supported,2479,0.5096628289473685,0.5824094914474373,0.8296260573300864,0.8311466975416603,19,True
0,1.07,random,0.5,0.5687722118795482,exact_coverage,Exact global coverage,2448,0.5032894736842105,0.568814575904629,0.798917588687688,0.8179283658357447,17,True
0,1.07,random,0.625,0.689506010423617,paper,Paper greedy,3036,0.6241776315789473,0.689506010423617,1.0434252957311283,1.037552660616109,25,True
0,1.07,random,0.625,0.689506010423617,quant,"Quant q=131,072",3042,0.6254111842105263,0.6919956524543468,0.9901736734582453,1.0123882497422916,19,True
0,1.07,random,0.625,0.689506010423617,global_supported,Two-line supported,3042,0.6254111842105263,0.6919956524543468,0.9901736734582453,1.0123882497422916,19,True
0,1.07,random,0.625,0.689506010423617,lookup_supported,Lookup supported,3011,0.6190378289473685,0.6926308409436979,0.9990924957066344,1.005714880100007,22,True
0,1.07,random,0.625,0.689506010423617,exact_coverage,Exact global coverage,3030,0.6229440789473685,0.6895062909681648,0.9863402668270556,1.008489230443372,19,True
0,1.07,random,0.75,0.8055903503890303,paper,Paper greedy,3648,0.75,0.8055903503890303,1.2602216600106346,1.2538514088091612,30,True
0,1.07,random,0.75,0.8055903503890303,quant,"Quant q=131,072",3615,0.7432154605263158,0.8081761314331788,1.1767578294943484,1.2012610161559938,22,True
0,1.07,random,0.75,0.8055903503890303,global_supported,Two-line supported,3615,0.7432154605263158,0.8081761314331788,1.1767578294943484,1.2012610161559938,22,True
0,1.07,random,0.75,0.8055903503890303,lookup_supported,Lookup supported,3595,0.7391036184210527,0.8083948059320999,1.190053346529999,1.1992003241407,26,True
0,1.07,random,0.75,0.8055903503890303,exact_coverage,Exact global coverage,3602,0.7405427631578947,0.8055972637031479,1.1725286756900646,1.1970437623664578,22,True
0,1.07,random,0.875,0.9092773998510222,paper,Paper greedy,4254,0.8745888157894737,0.9092773998510222,1.4534213428124358,1.4493109061762857,31,True
0,1.07,random,0.875,0.9092773998510222,quant,"Quant q=131,072",4192,0.8618421052631579,0.9131541953395124,1.3644437186166294,1.396992441053108,26,True
0,1.07,random,0.875,0.9092773998510222,global_supported,Two-line supported,4192,0.8618421052631579,0.9131541953395124,1.3644437186166294,1.396992441053108,26,True
0,1.07,random,0.875,0.9092773998510222,lookup_supported,Lookup supported,4232,0.8700657894736842,0.919562816702422,1.3829381182868905,1.4038617059113343,28,True
0,1.07,random,0.875,0.9092773998510222,exact_coverage,Exact global coverage,4169,0.8571134868421053,0.90927822654907,1.3570317972279689,1.3892033655600198,26,True
0,1.25,hot-cold,0.125,0.3135488829220871,paper,Paper greedy,606,0.12458881578947369,0.3135488829220871,0.2099145116609485,0.2082876774091147,5,True
0,1.25,hot-cold,0.125,0.3135488829220871,quant,"Quant q=131,072",636,0.13075657894736842,0.3344044547029126,0.2070558101274789,0.2113772461052191,4,True
0,1.25,hot-cold,0.125,0.3135488829220871,global_supported,Two-line supported,636,0.13075657894736842,0.3344044547029126,0.2070558101274789,0.2113772461052191,4,True
0,1.25,hot-cold,0.125,0.3135488829220871,lookup_supported,Lookup supported,597,0.12273848684210527,0.3172078220963356,0.1960938261319699,0.198709892910582,4,True
0,1.25,hot-cold,0.125,0.3135488829220871,exact_coverage,Exact global coverage,593,0.12191611842105263,0.313557662524609,0.1929849050297005,0.1975583363041881,4,True
0,1.25,hot-cold,0.25,0.5234895315581001,paper,Paper greedy,1212,0.24917763157894737,0.5234895315581001,0.424524199967725,0.4229813032172645,11,True
0,1.25,hot-cold,0.25,0.5234895315581001,quant,"Quant q=131,072",1189,0.24444901315789475,0.5245659093775792,0.3870396721625368,0.3966604394833031,8,True
0,1.25,hot-cold,0.25,0.5234895315581001,global_supported,Two-line supported,1189,0.24444901315789475,0.5245659093775792,0.3870396721625368,0.3966604394833031,8,True
0,1.25,hot-cold,0.25,0.5234895315581001,lookup_supported,Lookup supported,1193,0.24527138157894737,0.524345933219869,0.3881061914238711,0.3939352770394345,8,True
0,1.25,hot-cold,0.25,0.5234895315581001,exact_coverage,Exact global coverage,1185,0.24362664473684212,0.5235294340330956,0.385984890842817,0.3951673741546763,8,True
0,1.25,hot-cold,0.375,0.6790957666962769,paper,Paper greedy,1824,0.375,0.6790957666962769,0.6098394048369553,0.6131109996813909,11,True
0,1.25,hot-cold,0.375,0.6790957666962769,quant,"Quant q=131,072",1821,0.3743832236842105,0.6879984416386307,0.5924068521231093,0.6056083447531172,11,True
0,1.25,hot-cold,0.375,0.6790957666962769,global_supported,Two-line supported,1821,0.3743832236842105,0.6879984416386307,0.5924068521231093,0.6056083447531172,11,True
0,1.25,hot-cold,0.375,0.6790957666962769,lookup_supported,Lookup supported,1810,0.37212171052631576,0.6855390201838344,0.5935704657779247,0.5990451453779052,13,True
0,1.25,hot-cold,0.375,0.6790957666962769,exact_coverage,Exact global coverage,1783,0.3665707236842105,0.6791936640746823,0.5800447102336649,0.5917520542956498,10,True
0,1.25,hot-cold,0.5,0.7838145725427493,paper,Paper greedy,2430,0.4995888157894737,0.7838145725427493,0.8145892221874932,0.8176783393568607,16,True
0,1.25,hot-cold,0.5,0.7838145725427493,quant,"Quant q=131,072",2434,0.5004111842105263,0.7969301130483584,0.791827719971251,0.8120954230993216,16,True
0,1.25,hot-cold,0.5,0.7838145725427493,global_supported,Two-line supported,2434,0.5004111842105263,0.7969301130483584,0.791827719971251,0.8120954230993216,16,True
0,1.25,hot-cold,0.5,0.7838145725427493,lookup_supported,Lookup supported,2414,0.49629934210526316,0.7922038024677214,0.7853213295031224,0.7954264037708688,17,True
0,1.25,hot-cold,0.5,0.7838145725427493,exact_coverage,Exact global coverage,2353,0.4837582236842105,0.7838215426372168,0.7654768385753301,0.782799967577522,14,True
0,1.25,hot-cold,0.625,0.860658998458213,paper,Paper greedy,3036,0.6241776315789473,0.860658998458213,1.0228134702559435,1.028944410587049,20,True
0,1.25,hot-cold,0.625,0.860658998458213,quant,"Quant q=131,072",2964,0.609375,0.864934482840213,0.964247067376659,0.987988803631734,19,True
0,1.25,hot-cold,0.625,0.860658998458213,global_supported,Two-line supported,2964,0.609375,0.864934482840213,0.964247067376659,0.987988803631734,19,True
0,1.25,hot-cold,0.625,0.860658998458213,lookup_supported,Lookup supported,2951,0.606702302631579,0.8621326878343764,0.9600883412220628,0.9732122992093628,20,True
0,1.25,hot-cold,0.625,0.860658998458213,exact_coverage,Exact global coverage,2928,0.6019736842105263,0.8606781868161986,0.9525355645340274,0.9743215524913136,16,True
0,1.25,hot-cold,0.75,0.9160824631868916,paper,Paper greedy,3648,0.75,0.9160824631868916,1.2300081982947322,1.236090319233866,24,True
0,1.25,hot-cold,0.75,0.9160824631868916,quant,"Quant q=131,072",3531,0.7259457236842105,0.9226134946654884,1.1490201615716982,1.1763471666567389,22,True
0,1.25,hot-cold,0.75,0.9160824631868916,global_supported,Two-line supported,3531,0.7259457236842105,0.9226134946654884,1.1490201615716982,1.1763471666567389,22,True
0,1.25,hot-cold,0.75,0.9160824631868916,lookup_supported,Lookup supported,3465,0.7123766447368421,0.9162946811362148,1.1336997544329084,1.1465774721079771,24,True
0,1.25,hot-cold,0.75,0.9160824631868916,exact_coverage,Exact global coverage,3464,0.712171052631579,0.9160830268901186,1.1274467743941443,1.154006499094394,21,True
0,1.25,hot-cold,0.875,0.958999043535764,paper,Paper greedy,4254,0.8745888157894737,0.958999043535764,1.428865568954756,1.4399401720102825,26,True
0,1.25,hot-cold,0.875,0.958999043535764,quant,"Quant q=131,072",4033,0.8291529605263158,0.9598104005839224,1.3120136378981329,1.3420052826538955,24,True
0,1.25,hot-cold,0.875,0.958999043535764,global_supported,Two-line supported,4033,0.8291529605263158,0.9598104005839224,1.3120136378981329,1.3420052826538955,24,True
0,1.25,hot-cold,0.875,0.958999043535764,lookup_supported,Lookup supported,4033,0.8291529605263158,0.9592875651527042,1.314302536512974,1.3326644976964384,26,True
0,1.25,hot-cold,0.875,0.958999043535764,exact_coverage,Exact global coverage,4021,0.8266858552631579,0.9590073032211824,1.308426728040849,1.338326391764444,24,True
0,1.25,local,0.125,0.3708068848847259,paper,Paper greedy,606,0.12458881578947369,0.3708068848847259,0.2581574516968302,0.2463037690809618,10,True
0,1.25,local,0.125,0.3708068848847259,quant,"Quant q=131,072",626,0.12870065789473684,0.3769206924826209,0.2297786796864575,0.2284181786100132,7,True
0,1.25,local,0.125,0.3708068848847259,global_supported,Two-line supported,626,0.12870065789473684,0.3769206924826209,0.2297786796864575,0.2284181786100132,7,True
0,1.25,local,0.125,0.3708068848847259,lookup_supported,Lookup supported,649,0.13342927631578946,0.3791891667586181,0.2353712201248597,0.2274985497148747,7,True
0,1.25,local,0.125,0.3708068848847259,exact_coverage,Exact global coverage,604,0.12417763157894737,0.3709441577023089,0.2244292931801598,0.2248963809981259,7,True
0,1.25,local,0.25,0.5518457866212039,paper,Paper greedy,1212,0.24917763157894737,0.5518457866212039,0.4941536696253527,0.4804607343118755,18,True
0,1.25,local,0.25,0.5518457866212039,quant,"Quant q=131,072",1236,0.25411184210526316,0.5539477075904162,0.4359119407219231,0.437723184438511,12,True
0,1.25,local,0.25,0.5518457866212039,global_supported,Two-line supported,1236,0.25411184210526316,0.5539477075904162,0.4359119407219231,0.437723184438511,12,True
0,1.25,local,0.25,0.5518457866212039,lookup_supported,Lookup supported,1268,0.26069078947368424,0.5584791220858021,0.4444440948125977,0.4390852699675018,12,True
0,1.25,local,0.25,0.5518457866212039,exact_coverage,Exact global coverage,1225,0.2518503289473684,0.5519100571394255,0.4332372474687742,0.4351002125587881,12,True
0,1.25,local,0.375,0.687799877368507,paper,Paper greedy,1824,0.375,0.687799877368507,0.702334384759765,0.6868944020112386,23,True
0,1.25,local,0.375,0.687799877368507,quant,"Quant q=131,072",1838,0.37787828947368424,0.6907081286217513,0.637893237277014,0.6451631130392865,16,True
0,1.25,local,0.375,0.687799877368507,global_supported,Two-line supported,1838,0.37787828947368424,0.6907081286217513,0.637893237277014,0.6451631130392865,16,True
0,1.25,local,0.375,0.687799877368507,lookup_supported,Lookup supported,1823,0.37479440789473684,0.6882628586983103,0.6382016146195574,0.6318542950197087,17,True
0,1.25,local,0.375,0.687799877368507,exact_coverage,Exact global coverage,1822,0.3745888157894737,0.6878182060337412,0.633427615224229,0.6420860059820152,16,True
0,1.25,local,0.5,0.787271329288808,paper,Paper greedy,2430,0.4995888157894737,0.787271329288808,0.9272499858041336,0.9023989551691984,30,True
0,1.25,local,0.5,0.787271329288808,quant,"Quant q=131,072",2527,0.51953125,0.8084529867999872,0.8605007185525357,0.8677912998504558,20,True
0,1.25,local,0.5,0.787271329288808,global_supported,Two-line supported,2527,0.51953125,0.8084529867999872,0.8605007185525357,0.8677912998504558,20,True
0,1.25,local,0.5,0.787271329288808,lookup_supported,Lookup supported,2377,0.4886924342105263,0.7940522556723648,0.8412941408519016,0.8288136333873716,23,True
0,1.25,local,0.5,0.787271329288808,exact_coverage,Exact global coverage,2400,0.4934210526315789,0.7872782761374342,0.8169666681147654,0.8242869866382343,19,True
0,1.25,local,0.625,0.862428718460519,paper,Paper greedy,3036,0.6241776315789473,0.862428718460519,1.1278445718231138,1.1097630262948022,33,True
0,1.25,local,0.625,0.862428718460519,quant,"Quant q=131,072",2964,0.609375,0.8624799808029765,0.9860913767213731,0.9995345819856918,20,True
0,1.25,local,0.625,0.862428718460519,global_supported,Two-line supported,2964,0.609375,0.8624799808029765,0.9860913767213731,0.9995345819856918,20,True
0,1.25,local,0.625,0.862428718460519,lookup_supported,Lookup supported,2876,0.5912828947368421,0.8627565611840399,0.9976774466331232,0.9885492685671616,26,True
0,1.25,local,0.625,0.862428718460519,exact_coverage,Exact global coverage,2964,0.609375,0.862433155676771,0.9860092111300712,1.0003181880441798,20,True
0,1.25,local,0.75,0.9161250994551138,paper,Paper greedy,3648,0.75,0.9161250994551138,1.3271514030969114,1.3140080227941902,37,True
0,1.25,local,0.75,0.9161250994551138,quant,"Quant q=131,072",3448,0.7088815789473685,0.916857337588104,1.1351886116205117,1.1558471993476584,22,True
0,1.25,local,0.75,0.9161250994551138,global_supported,Two-line supported,3448,0.7088815789473685,0.916857337588104,1.1351886116205117,1.1558471993476584,22,True
0,1.25,local,0.75,0.9161250994551138,lookup_supported,Lookup supported,3398,0.6986019736842105,0.9177467407937115,1.1527161693585366,1.1511841360609438,28,True
0,1.25,local,0.75,0.9161250994551138,exact_coverage,Exact global coverage,3441,0.7074424342105263,0.9161277635647014,1.1330757061392709,1.1532508289940695,22,True
0,1.25,local,0.875,0.9606698124971832,paper,Paper greedy,4254,0.8745888157894737,0.9606698124971832,1.4977438103490512,1.4994511486150393,36,True
0,1.25,local,0.875,0.9606698124971832,quant,"Quant q=131,072",3964,0.8149671052631579,0.9607254450880982,1.2935340150488135,1.3211956962621447,22,True
0,1.25,local,0.875,0.9606698124971832,global_supported,Two-line supported,3964,0.8149671052631579,0.9607254450880982,1.2935340150488135,1.3211956962621447,22,True
0,1.25,local,0.875,0.9606698124971832,lookup_supported,Lookup supported,3966,0.8153782894736842,0.961675008931558,1.303692386803428,1.321688773451297,25,True
0,1.25,local,0.875,0.9606698124971832,exact_coverage,Exact global coverage,3965,0.815172697368421,0.9606739064880392,1.293366341024408,1.3206588469453475,22,True
0,1.25,random,0.125,0.1584561569247909,paper,Paper greedy,606,0.12458881578947369,0.1584561569247909,0.2145862124235473,0.2108658122086914,6,True
0,1.25,random,0.125,0.1584561569247909,quant,"Quant q=131,072",684,0.140625,0.1763641375466965,0.2247957146832247,0.2301677452600225,5,True
0,1.25,random,0.125,0.1584561569247909,global_supported,Two-line supported,684,0.140625,0.1763641375466965,0.2247957146832247,0.2301677452600225,5,True
0,1.25,random,0.125,0.1584561569247909,lookup_supported,Lookup supported,627,0.12890625,0.163549224910401,0.2100203811073351,0.2103056320639699,5,True
0,1.25,random,0.125,0.1584561569247909,exact_coverage,Exact global coverage,619,0.12726151315789475,0.1584802991486525,0.2029221932817034,0.2070896614845646,4,True
0,1.25,random,0.25,0.3107151158179099,paper,Paper greedy,1212,0.24917763157894737,0.3107151158179099,0.4291724248470946,0.4244013303769794,12,True
0,1.25,random,0.25,0.3107151158179099,quant,"Quant q=131,072",1305,0.2682976973684211,0.3301669876101787,0.4322890195110073,0.4393495778213871,10,True
0,1.25,random,0.25,0.3107151158179099,global_supported,Two-line supported,1305,0.2682976973684211,0.3301669876101787,0.4322890195110073,0.4393495778213871,10,True
0,1.25,random,0.25,0.3107151158179099,lookup_supported,Lookup supported,1326,0.27261513157894735,0.3398470267412422,0.4492857869407597,0.4483542910531414,11,True
0,1.25,random,0.25,0.3107151158179099,exact_coverage,Exact global coverage,1231,0.25308388157894735,0.3107391151998587,0.4060086417553924,0.4137303469807049,9,True
0,1.25,random,0.375,0.4540278373948716,paper,Paper greedy,1824,0.375,0.4540278373948716,0.6452175608632685,0.6373738936926134,18,True
0,1.25,random,0.375,0.4540278373948716,quant,"Quant q=131,072",1918,0.39432565789473684,0.4728301684502286,0.6317803150088365,0.6441569953342229,14,True
0,1.25,random,0.375,0.4540278373948716,global_supported,Two-line supported,1918,0.39432565789473684,0.4728301684502286,0.6317803150088365,0.6441569953342229,14,True
0,1.25,random,0.375,0.4540278373948716,lookup_supported,Lookup supported,1794,0.36883223684210525,0.4556455595718029,0.6190600707255217,0.6124935377040819,16,True
0,1.25,random,0.375,0.4540278373948716,exact_coverage,Exact global coverage,1845,0.3793174342105263,0.4540293277924709,0.6055083323530346,0.6177801853581316,13,True
0,1.25,random,0.5,0.5834883560437163,paper,Paper greedy,2430,0.4995888157894737,0.5834883560437163,0.848723156402662,0.8353641748214868,23,True
0,1.25,random,0.5,0.5834883560437163,quant,"Quant q=131,072",2551,0.5244654605263158,0.611602533372098,0.8362168547400564,0.8552755040862614,18,True
0,1.25,random,0.5,0.5834883560437163,global_supported,Two-line supported,2551,0.5244654605263158,0.611602533372098,0.8362168547400564,0.8552755040862614,18,True
0,1.25,random,0.5,0.5834883560437163,lookup_supported,Lookup supported,2445,0.502672697368421,0.5951939016798209,0.8197037738708811,0.8224241774518704,19,True
0,1.25,random,0.5,0.5834883560437163,exact_coverage,Exact global coverage,2426,0.4987664473684211,0.5834906890706713,0.7945659272186287,0.811501224698499,17,True
0,1.25,random,0.625,0.7081852891467499,paper,Paper greedy,3036,0.6241776315789473,0.7081852891467499,1.0743899857103631,1.057877866931414,30,True
0,1.25,random,0.625,0.7081852891467499,quant,"Quant q=131,072",3035,0.6239720394736842,0.7101227335827123,0.9906665910154387,1.0132007653363042,21,True
0,1.25,random,0.625,0.7081852891467499,global_supported,Two-line supported,3035,0.6239720394736842,0.7101227335827123,0.9906665910154387,1.0132007653363042,21,True
0,1.25,random,0.625,0.7081852891467499,lookup_supported,Lookup supported,3031,0.6231496710526315,0.7128463046999497,1.0000937915575296,1.010965476250489,22,True
0,1.25,random,0.625,0.7081852891467499,exact_coverage,Exact global coverage,3024,0.6217105263157895,0.7081965816378286,0.9877219251051548,1.0104487390181416,21,True
0,1.25,random,0.75,0.818193113016735,paper,Paper greedy,3648,0.75,0.818193113016735,1.288228388702998,1.266847257222061,35,True
0,1.25,random,0.75,0.818193113016735,quant,"Quant q=131,072",3699,0.760485197368421,0.8384602605419602,1.205023704789654,1.2330200939002274,24,True
0,1.25,random,0.75,0.818193113016735,global_supported,Two-line supported,3699,0.760485197368421,0.8384602605419602,1.205023704789654,1.2330200939002274,24,True
0,1.25,random,0.75,0.818193113016735,lookup_supported,Lookup supported,3618,0.7438322368421053,0.8251664951857157,1.1885444322915864,1.2043376630460436,25,True
0,1.25,random,0.75,0.818193113016735,exact_coverage,Exact global coverage,3592,0.7384868421052632,0.8181955615484755,1.1704727505006864,1.1972296387312358,23,True
0,1.25,random,0.875,0.9177986148306624,paper,Paper greedy,4254,0.8745888157894737,0.9177986148306624,1.4679763904145022,1.4642390282876292,33,True
0,1.25,random,0.875,0.9177986148306624,quant,"Quant q=131,072",4165,0.8562911184210527,0.9186839258381938,1.3554253326523644,1.384961788314199,25,True
0,1.25,random,0.875,0.9177986148306624,global_supported,Two-line supported,4165,0.8562911184210527,0.9186839258381938,1.3554253326523644,1.384961788314199,25,True
0,1.25,random,0.875,0.9177986148306624,lookup_supported,Lookup supported,4168,0.8569078947368421,0.9179790885660668,1.3560843667989904,1.3803711046857037,27,True
0,1.25,random,0.875,0.9177986148306624,exact_coverage,Exact global coverage,4160,0.8552631578947368,0.9178235148060668,1.3537987350353322,1.3833001974812846,25,True
0,1.44,hot-cold,0.125,0.3279992494331701,paper,Paper greedy,606,0.12458881578947369,0.3279992494331701,0.2131307076633406,0.2101383042943342,5,True
0,1.44,hot-cold,0.125,0.3279992494331701,quant,"Quant q=131,072",634,0.13034539473684212,0.3381174634973628,0.2072150890520714,0.2120440523055579,4,True
0,1.44,hot-cold,0.125,0.3279992494331701,global_supported,Two-line supported,634,0.13034539473684212,0.3381174634973628,0.2072150890520714,0.2120440523055579,4,True
0,1.44,hot-cold,0.125,0.3279992494331701,lookup_supported,Lookup supported,615,0.12643914473684212,0.3317764632213335,0.2035928893793254,0.2057377645422766,4,True
0,1.44,hot-cold,0.125,0.3279992494331701,exact_coverage,Exact global coverage,614,0.12623355263157895,0.328241402191965,0.1997461873715481,0.2040433542818837,3,True
0,1.44,hot-cold,0.25,0.5255150981671874,paper,Paper greedy,1212,0.24917763157894737,0.5255150981671874,0.4068233840129538,0.4082382216512962,8,True
0,1.44,hot-cold,0.25,0.5255150981671874,quant,"Quant q=131,072",1187,0.24403782894736842,0.5318814367498136,0.3864594607654114,0.3963081235342097,8,True
0,1.44,hot-cold,0.25,0.5255150981671874,global_supported,Two-line supported,1187,0.24403782894736842,0.5318814367498136,0.3864594607654114,0.3963081235342097,8,True
0,1.44,hot-cold,0.25,0.5255150981671874,lookup_supported,Lookup supported,1194,0.24547697368421054,0.5321961779687463,0.3884315109472776,0.3937786840806629,8,True
0,1.44,hot-cold,0.25,0.5255150981671874,exact_coverage,Exact global coverage,1166,0.23972039473684212,0.5255468672577368,0.3796277507738764,0.3887790356283423,7,True
0,1.44,hot-cold,0.375,0.6798976722544968,paper,Paper greedy,1824,0.375,0.6798976722544968,0.6061536911699804,0.6113746818603664,12,True
0,1.44,hot-cold,0.375,0.6798976722544968,quant,"Quant q=131,072",1847,0.37972861842105265,0.6928959974959549,0.6010177529726659,0.6135595584244152,12,True
0,1.44,hot-cold,0.375,0.6798976722544968,global_supported,Two-line supported,1847,0.37972861842105265,0.6928959974959549,0.6010177529726659,0.6135595584244152,12,True
0,1.44,hot-cold,0.375,0.6798976722544968,lookup_supported,Lookup supported,1847,0.37972861842105265,0.6922813495284339,0.6017572432943838,0.6097076533700861,13,True
0,1.44,hot-cold,0.375,0.6798976722544968,exact_coverage,Exact global coverage,1792,0.3684210526315789,0.6799374669243536,0.5829725859443228,0.5956215927686492,11,True
0,1.44,hot-cold,0.5,0.7844812556788585,paper,Paper greedy,2430,0.4995888157894737,0.7844812556788585,0.8104339908559356,0.8171833469102895,15,True
0,1.44,hot-cold,0.5,0.7844812556788585,quant,"Quant q=131,072",2461,0.5059621710526315,0.8026261676900207,0.8006113471032246,0.8183512572693985,15,True
0,1.44,hot-cold,0.5,0.7844812556788585,global_supported,Two-line supported,2461,0.5059621710526315,0.8026261676900207,0.8006113471032246,0.8183512572693985,15,True
0,1.44,hot-cold,0.5,0.7844812556788585,lookup_supported,Lookup supported,2452,0.5041118421052632,0.7996660486415392,0.7976834713925667,0.8089579678738285,17,True
0,1.44,hot-cold,0.5,0.7844812556788585,exact_coverage,Exact global coverage,2344,0.4819078947368421,0.7844837199102781,0.7625489628646722,0.7798996570013138,14,True
0,1.44,hot-cold,0.625,0.8676498784547386,paper,Paper greedy,3036,0.6241776315789473,0.8676498784547386,1.0011687059186771,1.0141578715486437,15,True
0,1.44,hot-cold,0.625,0.8676498784547386,quant,"Quant q=131,072",3039,0.6247944078947368,0.8771628904638104,0.9887164592818286,1.0102645702863775,19,True
0,1.44,hot-cold,0.625,0.8676498784547386,global_supported,Two-line supported,3039,0.6247944078947368,0.8771628904638104,0.9887164592818286,1.0102645702863775,19,True
0,1.44,hot-cold,0.625,0.8676498784547386,lookup_supported,Lookup supported,2984,0.6134868421052632,0.8699656254024191,0.9707534578447876,0.9837941964052368,21,True
0,1.44,hot-cold,0.625,0.8676498784547386,exact_coverage,Exact global coverage,2952,0.6069078947368421,0.8676702408815345,0.9603432330957816,0.9827207431543996,18,True
0,1.44,hot-cold,0.75,0.9213819362124636,paper,Paper greedy,3648,0.75,0.9213819362124636,1.20441948557497,1.2204839826492435,19,True
0,1.44,hot-cold,0.75,0.9213819362124636,quant,"Quant q=131,072",3624,0.7450657894736842,0.9320766868871204,1.1796504913801624,1.2064992422999612,22,True
0,1.44,hot-cold,0.75,0.9213819362124636,global_supported,Two-line supported,3624,0.7450657894736842,0.9320766868871204,1.1796504913801624,1.2064992422999612,22,True
0,1.44,hot-cold,0.75,0.9213819362124636,lookup_supported,Lookup supported,3607,0.7415707236842105,0.9295645310193086,1.1734275209269935,1.1906218286572694,24,True
0,1.44,hot-cold,0.75,0.9213819362124636,exact_coverage,Exact global coverage,3493,0.7181332236842105,0.9213870143088994,1.1365641161493374,1.161494433455483,21,True
0,1.44,hot-cold,0.875,0.9611344752686536,paper,Paper greedy,4254,0.8745888157894737,0.9611344752686536,1.4121507400956086,1.4336656233472012,21,True
0,1.44,hot-cold,0.875,0.9611344752686536,quant,"Quant q=131,072",4099,0.8427220394736842,0.9638440705210218,1.3334847264429572,1.3628211245800177,21,True
0,1.44,hot-cold,0.875,0.9611344752686536,global_supported,Two-line supported,4099,0.8427220394736842,0.9638440705210218,1.3334847264429572,1.3628211245800177,21,True
0,1.44,hot-cold,0.875,0.9611344752686536,lookup_supported,Lookup supported,4096,0.8421052631578947,0.963190581428264,1.332508767872738,1.3543348145698708,24,True
0,1.44,hot-cold,0.875,0.9611344752686536,exact_coverage,Exact global coverage,4057,0.8340871710526315,0.9611407456457032,1.3198213064598872,1.3485274801628708,19,True
0,1.44,local,0.125,0.3744512654998465,paper,Paper greedy,606,0.12458881578947369,0.3744512654998465,0.2581574516968302,0.2506680626906641,10,True
0,1.44,local,0.125,0.3744512654998465,quant,"Quant q=131,072",734,0.15090460526315788,0.4019138211321758,0.2614152816132101,0.2619889405005181,7,True
0,1.44,local,0.125,0.3744512654998465,global_supported,Two-line supported,734,0.15090460526315788,0.4019138211321758,0.2614152816132101,0.2619889405005181,7,True
0,1.44,local,0.125,0.3744512654998465,lookup_supported,Lookup supported,661,0.13589638157894737,0.3824478046875037,0.2493814221358813,0.2405194332256107,8,True
0,1.44,local,0.125,0.3744512654998465,exact_coverage,Exact global coverage,649,0.13342927631578946,0.3744819742473443,0.2369558422428266,0.2349434057411673,7,True
0,1.44,local,0.25,0.5718958625914803,paper,Paper greedy,1212,0.24917763157894737,0.5718958625914803,0.5052342865095065,0.4882234849823302,19,True
0,1.44,local,0.25,0.5718958625914803,quant,"Quant q=131,072",1298,0.2668585526315789,0.5727278318049276,0.4482408061745891,0.4522578196441733,11,True
0,1.44,local,0.25,0.5718958625914803,global_supported,Two-line supported,1298,0.2668585526315789,0.5727278318049276,0.4482408061745891,0.4522578196441733,11,True
0,1.44,local,0.25,0.5718958625914803,lookup_supported,Lookup supported,1260,0.2590460526315789,0.5731648838219916,0.4562909447528815,0.4471565064225795,13,True
0,1.44,local,0.25,0.5718958625914803,exact_coverage,Exact global coverage,1294,0.2660361842105263,0.5719109819735729,0.4472564525045568,0.4502708792901683,11,True
0,1.44,local,0.375,0.7072474037440977,paper,Paper greedy,1824,0.375,0.7072474037440977,0.7537700449148096,0.7270894288851095,28,True
0,1.44,local,0.375,0.7072474037440977,quant,"Quant q=131,072",1921,0.3949424342105263,0.70810533420011,0.6447641878507606,0.6572704680849181,14,True
0,1.44,local,0.375,0.7072474037440977,global_supported,Two-line supported,1921,0.3949424342105263,0.70810533420011,0.6447641878507606,0.6572704680849181,14,True
0,1.44,local,0.375,0.7072474037440977,lookup_supported,Lookup supported,1845,0.3793174342105263,0.7091109181312778,0.6573548204645892,0.6484806126610712,18,True
0,1.44,local,0.375,0.7072474037440977,exact_coverage,Exact global coverage,1917,0.3941200657894737,0.7072596314521338,0.6433807441658329,0.6546082750144483,14,True
0,1.44,local,0.5,0.7986123518977246,paper,Paper greedy,2430,0.4995888157894737,0.7986123518977246,0.9595058493609712,0.9310684230036343,33,True
0,1.44,local,0.5,0.7986123518977246,quant,"Quant q=131,072",2432,0.5,0.7992175511509026,0.8194655202155512,0.8301570937683619,18,True
0,1.44,local,0.5,0.7986123518977246,global_supported,Two-line supported,2432,0.5,0.7992175511509026,0.8194655202155512,0.8301570937683619,18,True
0,1.44,local,0.5,0.7986123518977246,lookup_supported,Lookup supported,2490,0.5119243421052632,0.813117646240195,0.8561052961775828,0.8536210669008422,20,True
0,1.44,local,0.5,0.7986123518977246,exact_coverage,Exact global coverage,2428,0.49917763157894735,0.7986198792897768,0.8182346697716129,0.8291753423138538,18,True
0,1.44,local,0.625,0.8719736636952906,paper,Paper greedy,3036,0.6241776315789473,0.8719736636952906,1.1728947917398325,1.1422301406052002,38,True
0,1.44,local,0.625,0.8719736636952906,quant,"Quant q=131,072",3016,0.6200657894736842,0.8726471195483934,0.9967399311163272,1.0126809911753631,17,True
0,1.44,local,0.625,0.8719736636952906,global_supported,Two-line supported,3016,0.6200657894736842,0.8726471195483934,0.9967399311163272,1.0126809911753631,17,True
0,1.44,local,0.625,0.8719736636952906,lookup_supported,Lookup supported,2975,0.6116365131578947,0.8751140855917088,1.0109273037428297,1.0097474627337262,22,True
0,1.44,local,0.625,0.8719736636952906,exact_coverage,Exact global coverage,3009,0.6186266447368421,0.8719756550392672,0.9950261156499816,1.0108209446844902,17,True
0,1.44,local,0.75,0.9252897422874864,paper,Paper greedy,3648,0.75,0.9252897422874864,1.379596526230809,1.3528907931752785,43,True
0,1.44,local,0.75,0.9252897422874864,quant,"Quant q=131,072",3522,0.7240953947368421,0.9277770613492928,1.154860528247124,1.1753730469297372,18,True
0,1.44,local,0.75,0.9252897422874864,global_supported,Two-line supported,3522,0.7240953947368421,0.9277770613492928,1.154860528247124,1.1753730469297372,18,True
0,1.44,local,0.75,0.9252897422874864,lookup_supported,Lookup supported,3449,0.7090871710526315,0.927462338498816,1.1626403142151889,1.1644633082132851,26,True
0,1.44,local,0.75,0.9252897422874864,exact_coverage,Exact global coverage,3506,0.7208059210526315,0.9252962863222366,1.147284351666478,1.168917653398186,18,True
0,1.44,local,0.875,0.9655004644775834,paper,Paper greedy,4254,0.8745888157894737,0.9655004644775834,1.5420193261192083,1.5278218703027564,43,True
0,1.44,local,0.875,0.9655004644775834,quant,"Quant q=131,072",3973,0.8168174342105263,0.9660429806726964,1.2982930096513443,1.3257167184413108,20,True
0,1.44,local,0.875,0.9655004644775834,global_supported,Two-line supported,3973,0.8168174342105263,0.9660429806726964,1.2982930096513443,1.3257167184413108,20,True
0,1.44,local,0.875,0.9655004644775834,lookup_supported,Lookup supported,3968,0.8157894736842105,0.9665807862154387,1.3070544903632064,1.3217937716250734,25,True
0,1.44,local,0.875,0.9655004644775834,exact_coverage,Exact global coverage,3966,0.8153782894736842,0.9655041928659888,1.2960040350458848,1.3237641061410863,20,True
0,1.44,random,0.125,0.1781229488871074,paper,Paper greedy,606,0.12458881578947369,0.1781229488871074,0.2367474461918549,0.2340314509725985,8,True
0,1.44,random,0.125,0.1781229488871074,quant,"Quant q=131,072",665,0.13671875,0.1840556719622723,0.2185911678552734,0.2235906367390745,5,True
0,1.44,random,0.125,0.1781229488871074,global_supported,Two-line supported,665,0.13671875,0.1840556719622723,0.2185911678552734,0.2235906367390745,5,True
0,1.44,random,0.125,0.1781229488871074,lookup_supported,Lookup supported,675,0.13877467105263158,0.1903733131306521,0.2306360813586504,0.2286553945908742,6,True
0,1.44,random,0.125,0.1781229488871074,exact_coverage,Exact global coverage,641,0.1317845394736842,0.1781348517227284,0.211440824023935,0.2153560022684892,5,True
0,1.44,random,0.25,0.3223185520564859,paper,Paper greedy,1212,0.24917763157894737,0.3223185520564859,0.4299236531104271,0.4248474680878026,12,True
0,1.44,random,0.25,0.3223185520564859,quant,"Quant q=131,072",1232,0.2532894736842105,0.3265120707508411,0.406956072184371,0.4149982617599024,9,True
0,1.44,random,0.25,0.3223185520564859,global_supported,Two-line supported,1232,0.2532894736842105,0.3265120707508411,0.406956072184371,0.4149982617599024,9,True
0,1.44,random,0.25,0.3223185520564859,lookup_supported,Lookup supported,1261,0.2592516447368421,0.3379752765124267,0.4305932477167869,0.4270271523467325,11,True
0,1.44,random,0.25,0.3223185520564859,exact_coverage,Exact global coverage,1211,0.2489720394736842,0.3223540399582149,0.4016855084275738,0.4088068266857618,9,True
0,1.44,random,0.375,0.4633777893494897,paper,Paper greedy,1824,0.375,0.4633777893494897,0.6341369439791147,0.6263066702367538,17,True
0,1.44,random,0.375,0.4633777893494897,quant,"Quant q=131,072",1847,0.37972861842105265,0.468371839438583,0.6063702543489097,0.6194013045160074,13,True
0,1.44,random,0.375,0.4633777893494897,global_supported,Two-line supported,1847,0.37972861842105265,0.468371839438583,0.6063702543489097,0.6194013045160074,13,True
0,1.44,random,0.375,0.4633777893494897,lookup_supported,Lookup supported,1801,0.37027138157894735,0.4639691110929642,0.6084490474965691,0.6075796884424156,15,True
0,1.44,random,0.375,0.4633777893494897,exact_coverage,Exact global coverage,1826,0.3754111842105263,0.4633810198040723,0.5994446408244581,0.6130252633442017,13,True
0,1.44,random,0.5,0.5965407518101603,paper,Paper greedy,2430,0.4995888157894737,0.5965407518101603,0.848723156402662,0.8365884053765255,23,True
0,1.44,random,0.5,0.5965407518101603,quant,"Quant q=131,072",2560,0.5263157894736842,0.6240354053700332,0.8359520103315513,0.8559623372036254,18,True
0,1.44,random,0.5,0.5965407518101603,global_supported,Two-line supported,2560,0.5263157894736842,0.6240354053700332,0.8359520103315513,0.8559623372036254,18,True
0,1.44,random,0.5,0.5965407518101603,lookup_supported,Lookup supported,2411,0.4956825657894737,0.5981438625415227,0.8060605629198571,0.809545353055281,19,True
0,1.44,random,0.5,0.5965407518101603,exact_coverage,Exact global coverage,2433,0.5002055921052632,0.596544839308196,0.7946364308589347,0.8139484956730496,17,True
0,1.44,random,0.625,0.7177628439743222,paper,Paper greedy,3036,0.6241776315789473,0.7177628439743222,1.0537312084687205,1.046769578636914,27,True
0,1.44,random,0.625,0.7177628439743222,quant,"Quant q=131,072",3009,0.6186266447368421,0.7179555506712381,0.9804945439311444,1.0044110298914772,20,True
0,1.44,random,0.625,0.7177628439743222,global_supported,Two-line supported,3009,0.6186266447368421,0.7179555506712381,0.9804945439311444,1.0044110298914772,20,True
0,1.44,random,0.625,0.7177628439743222,lookup_supported,Lookup supported,3051,0.6272615131578947,0.7283085340315982,1.0009659700506648,1.015868196659041,21,True
0,1.44,random,0.625,0.7177628439743222,exact_coverage,Exact global coverage,3009,0.6186266447368421,0.7177756720984736,0.980341950690155,1.004482673252177,20,True
0,1.44,random,0.75,0.8250789633689466,paper,Paper greedy,3648,0.75,0.8250789633689466,1.275434032343117,1.2666495300188014,33,True
0,1.44,random,0.75,0.8250789633689466,quant,"Quant q=131,072",3627,0.7456825657894737,0.8340253949214542,1.1806264499503818,1.210755719148969,24,True
0,1.44,random,0.75,0.8250789633689466,global_supported,Two-line supported,3627,0.7456825657894737,0.8340253949214542,1.1806264499503818,1.210755719148969,24,True
0,1.44,random,0.75,0.8250789633689466,lookup_supported,Lookup supported,3562,0.7323190789473685,0.8279289847978053,1.1813484661569071,1.1901143692361216,27,True
0,1.44,random,0.75,0.8250789633689466,exact_coverage,Exact global coverage,3577,0.7354029605263158,0.8250878948359325,1.164290046130373,1.1943410644493817,23,True
0,1.44,random,0.875,0.921226540792864,paper,Paper greedy,4254,0.8745888157894737,0.921226540792864,1.468422432195856,1.4656234025145043,33,True
0,1.44,random,0.875,0.921226540792864,quant,"Quant q=131,072",4163,0.8558799342105263,0.9235385510408296,1.3571222819284654,1.3903966371860133,26,True
0,1.44,random,0.875,0.921226540792864,global_supported,Two-line supported,4163,0.8558799342105263,0.9235385510408296,1.3571222819284654,1.3903966371860133,26,True
0,1.44,random,0.875,0.921226540792864,lookup_supported,Lookup supported,4162,0.8556743421052632,0.923680518765267,1.3629711196943226,1.3824770507412836,27,True
0,1.44,random,0.875,0.921226540792864,exact_coverage,Exact global coverage,4150,0.8532072368421053,0.921227123981781,1.3524823001676718,1.3840845838580509,26,True
0,2.48,hot-cold,0.125,0.4403085623895837,paper,Paper greedy,606,0.12458881578947369,0.4403085623895837,0.2155721995191711,0.211667396216343,6,True
0,2.48,hot-cold,0.125,0.4403085623895837,quant,"Quant q=131,072",592,0.12171052631578948,0.4441345388393384,0.1993619501682134,0.2030215863710311,5,True
0,2.48,hot-cold,0.125,0.4403085623895837,global_supported,Two-line supported,592,0.12171052631578948,0.4441345388393384,0.1993619501682134,0.2030215863710311,5,True
0,2.48,hot-cold,0.125,0.4403085623895837,lookup_supported,Lookup supported,609,0.12520559210526316,0.4500830519780173,0.2035073049556034,0.2046103695270953,5,True
0,2.48,hot-cold,0.125,0.4403085623895837,exact_coverage,Exact global coverage,584,0.12006578947368421,0.4405277754929146,0.1974167187113778,0.200145901874728,5,True
0,2.48,hot-cold,0.25,0.6623139881554103,paper,Paper greedy,1212,0.24917763157894737,0.6623139881554103,0.4343605950407344,0.4292035718135963,12,True
0,2.48,hot-cold,0.25,0.6623139881554103,quant,"Quant q=131,072",1183,0.2432154605263158,0.6699406195757374,0.3849234238394943,0.3937798280653995,8,True
0,2.48,hot-cold,0.25,0.6623139881554103,global_supported,Two-line supported,1183,0.2432154605263158,0.6699406195757374,0.3849234238394943,0.3937798280653995,8,True
0,2.48,hot-cold,0.25,0.6623139881554103,lookup_supported,Lookup supported,1234,0.25370065789473684,0.6863051201185394,0.4051182676088951,0.4098723829789737,9,True
0,2.48,hot-cold,0.25,0.6623139881554103,exact_coverage,Exact global coverage,1157,0.23787006578947367,0.6624117045328356,0.3764651162309271,0.3844626638660675,8,True
0,2.48,hot-cold,0.375,0.7979042240383823,paper,Paper greedy,1824,0.375,0.7979042240383823,0.6454992714620182,0.6419174094956095,17,True
0,2.48,hot-cold,0.375,0.7979042240383823,quant,"Quant q=131,072",1861,0.38260690789473684,0.8206209082509529,0.6057835092494182,0.6198404205115645,12,True
0,2.48,hot-cold,0.375,0.7979042240383823,global_supported,Two-line supported,1861,0.38260690789473684,0.8206209082509529,0.6057835092494182,0.6198404205115645,12,True
0,2.48,hot-cold,0.375,0.7979042240383823,lookup_supported,Lookup supported,1841,0.3784950657894737,0.8165480350148822,0.6015190656296724,0.6086667943782922,13,True
0,2.48,hot-cold,0.375,0.7979042240383823,exact_coverage,Exact global coverage,1734,0.35649671052631576,0.7979507435683025,0.5641744812364373,0.576800189736353,10,True
0,2.48,hot-cold,0.5,0.8741780227984568,paper,Paper greedy,2430,0.4995888157894737,0.8741780227984568,0.8384641954315281,0.8396461989784183,20,True
0,2.48,hot-cold,0.5,0.8741780227984568,quant,"Quant q=131,072",2337,0.48046875,0.8817721488952419,0.7606473403324935,0.7785305706689731,15,True
0,2.48,hot-cold,0.5,0.8741780227984568,global_supported,Two-line supported,2337,0.48046875,0.8817721488952419,0.7606473403324935,0.7785305706689731,15,True
0,2.48,hot-cold,0.5,0.8741780227984568,lookup_supported,Lookup supported,2297,0.4722450657894737,0.8774764950509635,0.751026824522847,0.7614971324398673,16,True
0,2.48,hot-cold,0.5,0.8741780227984568,exact_coverage,Exact global coverage,2263,0.4652549342105263,0.8741873828730953,0.7402711472090071,0.7550288269772839,14,True
0,2.48,hot-cold,0.625,0.9212826346793171,paper,Paper greedy,3036,0.6241776315789473,0.9212826346793171,1.0451859869733136,1.046766677321998,24,True
0,2.48,hot-cold,0.625,0.9212826346793171,quant,"Quant q=131,072",2755,0.56640625,0.9214189000272496,0.8963257146344025,0.9184633171847408,18,True
0,2.48,hot-cold,0.625,0.9212826346793171,global_supported,Two-line supported,2755,0.56640625,0.9214189000272496,0.8963257146344025,0.9184633171847408,18,True
0,2.48,hot-cold,0.625,0.9212826346793171,lookup_supported,Lookup supported,2776,0.5707236842105263,0.9224432286165885,0.90308699697625,0.9176348391832826,19,True
0,2.48,hot-cold,0.625,0.9212826346793171,exact_coverage,Exact global coverage,2754,0.5662006578947368,0.9212847522001936,0.8959299674613086,0.9162787355854588,16,True
0,2.48,hot-cold,0.75,0.9546007082846028,paper,Paper greedy,3648,0.75,0.9546007082846028,1.2418400434422183,1.25495504862809,25,True
0,2.48,hot-cold,0.75,0.9546007082846028,quant,"Quant q=131,072",3389,0.6967516447368421,0.959998997570402,1.1030595480802765,1.1271717656290228,20,True
0,2.48,hot-cold,0.75,0.9546007082846028,global_supported,Two-line supported,3389,0.6967516447368421,0.959998997570402,1.1030595480802765,1.1271717656290228,20,True
0,2.48,hot-cold,0.75,0.9546007082846028,lookup_supported,Lookup supported,3381,0.6951069078947368,0.9595210394013236,1.1013725513389616,1.1189329693848584,21,True
0,2.48,hot-cold,0.75,0.9546007082846028,exact_coverage,Exact global coverage,3278,0.6739309210526315,0.9546075761562184,1.0664678253759654,1.087996050111402,19,True
0,2.48,hot-cold,0.875,0.9730462065047132,paper,Paper greedy,4254,0.8745888157894737,0.9730462065047132,1.4429041471257813,1.4550141804557994,28,True
0,2.48,hot-cold,0.875,0.9730462065047132,quant,"Quant q=131,072",3794,0.780016447368421,0.9753893920089856,1.2343326994536834,1.2599397579627314,20,True
0,2.48,hot-cold,0.875,0.9730462065047132,global_supported,Two-line supported,3794,0.780016447368421,0.9753893920089856,1.2343326994536834,1.2599397579627314,20,True
0,2.48,hot-cold,0.875,0.9730462065047132,lookup_supported,Lookup supported,3773,0.7756990131578947,0.9743724496047884,1.227430561812461,1.2471268922255392,23,True
0,2.48,hot-cold,0.875,0.9730462065047132,exact_coverage,Exact global coverage,3729,0.7666529605263158,0.9730494073147472,1.213116502782578,1.23904477977875,20,True
0,2.48,local,0.125,0.5303735503623317,paper,Paper greedy,606,0.12458881578947369,0.5303735503623317,0.269238068580984,0.2639802069363918,11,True
0,2.48,local,0.125,0.5303735503623317,quant,"Quant q=131,072",619,0.12726151315789475,0.5363919170142302,0.2613184528141879,0.2580902634061393,10,True
0,2.48,local,0.125,0.5303735503623317,global_supported,Two-line supported,619,0.12726151315789475,0.5363919170142302,0.2613184528141879,0.2580902634061393,10,True
0,2.48,local,0.125,0.5303735503623317,lookup_supported,Lookup supported,669,0.13754111842105263,0.547534320545521,0.27347614941941,0.2626643184583709,10,True
0,2.48,local,0.125,0.5303735503623317,exact_coverage,Exact global coverage,600,0.12335526315789473,0.5305485945833055,0.2566985281042035,0.2537332106532246,10,True
0,2.48,local,0.25,0.712771436370107,paper,Paper greedy,1212,0.24917763157894737,0.712771436370107,0.5281467485411466,0.5214762356114259,21,True
0,2.48,local,0.25,0.712771436370107,quant,"Quant q=131,072",1249,0.25678453947368424,0.715823380115175,0.4802261651399623,0.4793153807913666,15,True
0,2.48,local,0.25,0.712771436370107,global_supported,Two-line supported,1249,0.25678453947368424,0.715823380115175,0.4802261651399623,0.4793153807913666,15,True
0,2.48,local,0.25,0.712771436370107,lookup_supported,Lookup supported,1229,0.2526726973684211,0.7159487114902818,0.4879578978503068,0.4676560038917039,17,True
0,2.48,local,0.25,0.712771436370107,exact_coverage,Exact global coverage,1232,0.2532894736842105,0.712783973832076,0.4760925482941868,0.4762125541599136,15,True
0,2.48,local,0.375,0.8205210784391637,paper,Paper greedy,1824,0.375,0.8205210784391637,0.7695693143280203,0.7669652925761399,29,True
0,2.48,local,0.375,0.8205210784391637,quant,"Quant q=131,072",1779,0.3657483552631579,0.8265194092127164,0.6801827235731509,0.6804633517047172,21,True
0,2.48,local,0.375,0.8205210784391637,global_supported,Two-line supported,1779,0.3657483552631579,0.8265194092127164,0.6801827235731509,0.6804633517047172,21,True
0,2.48,local,0.375,0.8205210784391637,lookup_supported,Lookup supported,1787,0.36739309210526316,0.8211676663425969,0.6762941980475453,0.6611602323830481,21,True
0,2.48,local,0.375,0.8205210784391637,exact_coverage,Exact global coverage,1804,0.37088815789473684,0.8205317348616052,0.6667413749707325,0.6695875682301403,19,True
0,2.48,local,0.5,0.8814296787882469,paper,Paper greedy,2430,0.4995888157894737,0.8814296787882469,0.9457489817886956,0.9392711114477734,31,True
0,2.48,local,0.5,0.8814296787882469,quant,"Quant q=131,072",2383,0.48992598684210525,0.8861359795966207,0.832529317298238,0.8411337639454365,20,True
0,2.48,local,0.5,0.8814296787882469,global_supported,Two-line supported,2383,0.48992598684210525,0.8861359795966207,0.832529317298238,0.8411337639454365,20,True
0,2.48,local,0.5,0.8814296787882469,lookup_supported,Lookup supported,2320,0.4769736842105263,0.8841943326206739,0.8323760401416822,0.8228063235795395,23,True
0,2.48,local,0.5,0.8814296787882469,exact_coverage,Exact global coverage,2327,0.4784128289473684,0.8814321653639104,0.8189948626916912,0.829183133201674,20,True
0,2.48,local,0.625,0.926566827682944,paper,Paper greedy,3036,0.6241776315789473,0.926566827682944,1.1586214547365157,1.1542497177823925,36,True
0,2.48,local,0.625,0.926566827682944,quant,"Quant q=131,072",2868,0.5896381578947368,0.9265843608323748,0.9694627018428807,0.982982181505566,21,True
0,2.48,local,0.625,0.926566827682944,global_supported,Two-line supported,2868,0.5896381578947368,0.9265843608323748,0.9694627018428807,0.982982181505566,21,True
0,2.48,local,0.625,0.926566827682944,lookup_supported,Lookup supported,2852,0.5863486842105263,0.9274518178202916,0.9780261949822682,0.9766639183632349,23,True
0,2.48,local,0.625,0.926566827682944,exact_coverage,Exact global coverage,2868,0.5896381578947368,0.9265762515537896,0.9694509639012662,0.9838244507781108,21,True
0,2.48,local,0.75,0.9610955177214244,paper,Paper greedy,3648,0.75,0.9610955177214244,1.379103532682997,1.370617132487603,41,True
0,2.48,local,0.75,0.9610955177214244,quant,"Quant q=131,072",3432,0.7055921052631579,0.9638016968377412,1.1423787655909945,1.159958851957475,22,True
0,2.48,local,0.75,0.9610955177214244,global_supported,Two-line supported,3432,0.7055921052631579,0.9638016968377412,1.1423787655909945,1.159958851957475,22,True
0,2.48,local,0.75,0.9610955177214244,lookup_supported,Lookup supported,3348,0.6883223684210527,0.9625760253897356,1.1451362699829966,1.1470040732136348,26,True
0,2.48,local,0.75,0.9610955177214244,exact_coverage,Exact global coverage,3388,0.696546052631579,0.9610978361924488,1.1284520586343925,1.1462960123217971,22,True
0,2.48,local,0.875,0.981786929634529,paper,Paper greedy,4254,0.8745888157894737,0.981786929634529,1.553592936551174,1.545910633588517,42,True
0,2.48,local,0.875,0.981786929634529,quant,"Quant q=131,072",3842,0.7898848684210527,0.9818704612691408,1.2645382980041022,1.2887741303067153,22,True
0,2.48,local,0.875,0.981786929634529,global_supported,Two-line supported,3842,0.7898848684210527,0.9818704612691408,1.2645382980041022,1.2887741303067153,22,True
0,2.48,local,0.875,0.981786929634529,lookup_supported,Lookup supported,3775,0.776110197368421,0.9817910202730672,1.2684127682469355,1.2822984717103272,26,True
0,2.48,local,0.875,0.981786929634529,exact_coverage,Exact global coverage,3840,0.7894736842105263,0.9817913882998232,1.2638876589572894,1.2881094939735491,22,True
0,2.48,random,0.125,0.2186768005012969,paper,Paper greedy,606,0.12458881578947369,0.2186768005012969,0.2470768348126763,0.237980298224939,9,True
0,2.48,random,0.125,0.2186768005012969,quant,"Quant q=131,072",708,0.1455592105263158,0.2263737259926614,0.2354791789405486,0.2396323602284834,5,True
0,2.48,random,0.125,0.2186768005012969,global_supported,Two-line supported,708,0.1455592105263158,0.2263737259926614,0.2354791789405486,0.2396323602284834,5,True
0,2.48,random,0.125,0.2186768005012969,lookup_supported,Lookup supported,669,0.13754111842105263,0.2257999028705001,0.2421358453085088,0.2353205331764914,7,True
0,2.48,random,0.125,0.2186768005012969,exact_coverage,Exact global coverage,680,0.13980263157894737,0.2187019969556039,0.226769322300064,0.2305695050922168,5,True
0,2.48,random,0.25,0.3791454701094236,paper,Paper greedy,1212,0.24917763157894737,0.3791454701094236,0.471992435857045,0.4547987964608292,16,True
0,2.48,random,0.25,0.3791454701094236,quant,"Quant q=131,072",1387,0.28515625,0.3988553407739472,0.4583078956999187,0.4674815350083073,10,True
0,2.48,random,0.25,0.3791454701094236,global_supported,Two-line supported,1387,0.28515625,0.3988553407739472,0.4583078956999187,0.4674815350083073,10,True
0,2.48,random,0.25,0.3791454701094236,lookup_supported,Lookup supported,1254,0.2578125,0.3872246816875444,0.4530948058012986,0.4409538432583765,13,True
0,2.48,random,0.25,0.3791454701094236,exact_coverage,Exact global coverage,1286,0.2643914473684211,0.379256818129387,0.4325990302791422,0.4410152806278053,10,True
0,2.48,random,0.375,0.523710084127848,paper,Paper greedy,1824,0.375,0.523710084127848,0.6887888001365514,0.6702178924212523,22,True
0,2.48,random,0.375,0.523710084127848,quant,"Quant q=131,072",1897,0.3900082236842105,0.5257712574578037,0.6305358652258366,0.6426207033682975,14,True
0,2.48,random,0.375,0.523710084127848,global_supported,Two-line supported,1897,0.3900082236842105,0.5257712574578037,0.6305358652258366,0.6426207033682975,14,True
0,2.48,random,0.375,0.523710084127848,lookup_supported,Lookup supported,1895,0.38959703947368424,0.5363071933345248,0.6561077877459726,0.6481192179172053,17,True
0,2.48,random,0.375,0.523710084127848,exact_coverage,Exact global coverage,1887,0.3879523026315789,0.5237752978024948,0.6278460911892717,0.6388852007652177,14,True
0,2.48,random,0.5,0.650558091135644,paper,Paper greedy,2430,0.4995888157894737,0.650558091135644,0.8922943956759449,0.8677477972821779,27,True
0,2.48,random,0.5,0.650558091135644,quant,"Quant q=131,072",2480,0.5098684210526315,0.653973371923908,0.8165466475296542,0.8319831879973072,18,True
0,2.48,random,0.5,0.650558091135644,global_supported,Two-line supported,2480,0.5098684210526315,0.653973371923908,0.8165466475296542,0.8319831879973072,18,True
0,2.48,random,0.5,0.650558091135644,lookup_supported,Lookup supported,2409,0.49527138157894735,0.6520329701062579,0.824296271930887,0.8208017876597624,20,True
0,2.48,random,0.5,0.650558091135644,exact_coverage,Exact global coverage,2461,0.5059621710526315,0.6505597323127957,0.8119267228196698,0.8268792192117014,18,True
0,2.48,random,0.625,0.7680164904612434,paper,Paper greedy,3036,0.6241776315789473,0.7680164904612434,1.1172099967203135,1.0885458257470657,34,True
0,2.48,random,0.625,0.7680164904612434,quant,"Quant q=131,072",3127,0.6428865131578947,0.7851080921329506,1.0295755125039765,1.048778624580991,22,True
0,2.48,random,0.625,0.7680164904612434,global_supported,Two-line supported,3127,0.6428865131578947,0.7851080921329506,1.0295755125039765,1.048778624580991,22,True
0,2.48,random,0.625,0.7680164904612434,lookup_supported,Lookup supported,3010,0.6188322368421053,0.7702075107736397,1.0141438796983142,1.0157975403356183,24,True
0,2.48,random,0.625,0.7680164904612434,exact_coverage,Exact global coverage,3046,0.626233552631579,0.7680200620229748,1.0003723112957148,1.0194232224931956,21,True
0,2.48,random,0.75,0.8627716289610811,paper,Paper greedy,3648,0.75,0.8627716289610811,1.328113914309306,1.3002658544319683,38,True
0,2.48,random,0.75,0.8627716289610811,quant,"Quant q=131,072",3636,0.7475328947368421,0.8710108045201812,1.1872283013864,1.2132162476721082,24,True
0,2.48,random,0.75,0.8627716289610811,global_supported,Two-line supported,3636,0.7475328947368421,0.8710108045201812,1.1872283013864,1.2132162476721082,24,True
0,2.48,random,0.75,0.8627716289610811,lookup_supported,Lookup supported,3614,0.7430098684210527,0.8745198964067868,1.2058477916570536,1.2132571492943365,27,True
0,2.48,random,0.75,0.8627716289610811,exact_coverage,Exact global coverage,3588,0.7376644736842105,0.862798344142222,1.170791308349871,1.196931966845879,24,True
0,2.48,random,0.875,0.9411056122263112,paper,Paper greedy,4254,0.8745888157894737,0.9411056122263112,1.5218300665421485,1.5034067563796147,40,True
0,2.48,random,0.875,0.9411056122263112,quant,"Quant q=131,072",4112,0.8453947368421053,0.9420429141752772,1.3387350811677083,1.367826637279271,26,True
0,2.48,random,0.875,0.9411056122263112,global_supported,Two-line supported,4112,0.8453947368421053,0.9420429141752772,1.3387350811677083,1.367826637279271,26,True
0,2.48,random,0.875,0.9411056122263112,lookup_supported,Lookup supported,4126,0.8482730263157895,0.9443164363034304,1.345754522234458,1.3711801230549423,26,True
0,2.48,random,0.875,0.9411056122263112,exact_coverage,Exact global coverage,4105,0.8439555921052632,0.9411058159259889,1.3364578445038633,1.365568993512995,26,True
0,3.3,hot-cold,0.125,0.4825822163505203,paper,Paper greedy,606,0.12458881578947369,0.4825822163505203,0.2249156010443686,0.2165913553678031,7,True
0,3.3,hot-cold,0.125,0.4825822163505203,quant,"Quant q=131,072",729,0.14987664473684212,0.5448539215888312,0.2385312717321922,0.2436837355895781,5,True
0,3.3,hot-cold,0.125,0.4825822163505203,global_supported,Two-line supported,729,0.14987664473684212,0.5448539215888312,0.2385312717321922,0.2436837355895781,5,True
0,3.3,hot-cold,0.125,0.4825822163505203,lookup_supported,Lookup supported,733,0.15069901315789475,0.5457530192216459,0.2395977909935265,0.2437213330621873,5,True
0,3.3,hot-cold,0.125,0.4825822163505203,exact_coverage,Exact global coverage,595,0.12232730263157894,0.4826666724880309,0.1948680279460432,0.1986390234477879,4,True
0,3.3,hot-cold,0.25,0.6950906846599832,paper,Paper greedy,1212,0.24917763157894737,0.6950906846599832,0.4624142754995561,0.4515105108892145,15,True
0,3.3,hot-cold,0.25,0.6950906846599832,quant,"Quant q=131,072",1211,0.2489720394736842,0.7023822905217384,0.3939619428451869,0.4023022737614549,7,True
0,3.3,hot-cold,0.25,0.6950906846599832,global_supported,Two-line supported,1211,0.2489720394736842,0.7023822905217384,0.3939619428451869,0.4023022737614549,7,True
0,3.3,hot-cold,0.25,0.6950906846599832,lookup_supported,Lookup supported,1203,0.24732730263157895,0.7006842753890311,0.3938126164553805,0.3995290240168762,8,True
0,3.3,hot-cold,0.25,0.6950906846599832,exact_coverage,Exact global coverage,1185,0.24362664473684212,0.6951884223304019,0.3855036352366197,0.3939207239420491,7,True
0,3.3,hot-cold,0.375,0.8160931657327518,paper,Paper greedy,1824,0.375,0.8160931657327518,0.6612515891087708,0.6537270019334996,17,True
0,3.3,hot-cold,0.375,0.8160931657327518,quant,"Quant q=131,072",1760,0.3618421052631579,0.817318979617866,0.572562361195317,0.5848196216762109,10,True
0,3.3,hot-cold,0.375,0.8160931657327518,global_supported,Two-line supported,1760,0.3618421052631579,0.817318979617866,0.572562361195317,0.5848196216762109,10,True
0,3.3,hot-cold,0.375,0.8160931657327518,lookup_supported,Lookup supported,1753,0.36040296052631576,0.8191261372796799,0.5782317110045357,0.5849926069191953,12,True
0,3.3,hot-cold,0.375,0.8160931657327518,exact_coverage,Exact global coverage,1753,0.36040296052631576,0.8161442115376276,0.5706020489550654,0.5841806102920505,10,True
0,3.3,hot-cold,0.5,0.8957039918079073,paper,Paper greedy,2430,0.4995888157894737,0.8957039918079073,0.8984920288484377,0.8835648037263305,25,True
0,3.3,hot-cold,0.5,0.8957039918079073,quant,"Quant q=131,072",2451,0.50390625,0.9074316058535798,0.7973581518691603,0.817237760775042,16,True
0,3.3,hot-cold,0.5,0.8957039918079073,global_supported,Two-line supported,2451,0.50390625,0.9074316058535798,0.7973581518691603,0.817237760775042,16,True
0,3.3,hot-cold,0.5,0.8957039918079073,lookup_supported,Lookup supported,2362,0.4856085526315789,0.8985008720560785,0.7764217284087391,0.7844781086203934,17,True
0,3.3,hot-cold,0.5,0.8957039918079073,exact_coverage,Exact global coverage,2324,0.4777960526315789,0.8957289800342028,0.7655503051043452,0.7834887797259419,16,True
0,3.3,hot-cold,0.625,0.9391077083650716,paper,Paper greedy,3036,0.6241776315789473,0.9391077083650716,1.1025140938188722,1.0873378969203578,28,True
0,3.3,hot-cold,0.625,0.9391077083650716,quant,"Quant q=131,072",2884,0.5929276315789473,0.9418943388200504,0.938538429927738,0.959985250528262,17,True
0,3.3,hot-cold,0.625,0.9391077083650716,global_supported,Two-line supported,2884,0.5929276315789473,0.9418943388200504,0.938538429927738,0.959985250528262,17,True
0,3.3,hot-cold,0.625,0.9391077083650716,lookup_supported,Lookup supported,2898,0.5958059210526315,0.9420229511576964,0.9427759788318346,0.9558552253387854,19,True
0,3.3,hot-cold,0.625,0.9391077083650716,exact_coverage,Exact global coverage,2836,0.5830592105263158,0.9391123517620564,0.9229230928042292,0.9442498615579422,18,True
0,3.3,hot-cold,0.75,0.9618168724375896,paper,Paper greedy,3648,0.75,0.9618168724375896,1.2971727002133002,1.2849790922283248,31,True
0,3.3,hot-cold,0.75,0.9618168724375896,quant,"Quant q=131,072",3363,0.69140625,0.964079427535068,1.0940495572158246,1.1177160315392782,18,True
0,3.3,hot-cold,0.75,0.9618168724375896,global_supported,Two-line supported,3363,0.69140625,0.964079427535068,1.0940495572158246,1.1177160315392782,18,True
0,3.3,hot-cold,0.75,0.9618168724375896,lookup_supported,Lookup supported,3366,0.6920230263157895,0.963729485254041,1.0950255157860438,1.111304387232409,22,True
0,3.3,hot-cold,0.75,0.9618168724375896,exact_coverage,Exact global coverage,3309,0.6803042763157895,0.9618235313621072,1.0764823029518773,1.0998024357996932,16,True
0,3.3,hot-cold,0.875,0.9793318142908246,paper,Paper greedy,4254,0.8745888157894737,0.9793318142908246,1.4970160579689478,1.4892144765583946,32,True
0,3.3,hot-cold,0.875,0.9793318142908246,quant,"Quant q=131,072",3801,0.7814555921052632,0.9798828224318652,1.2385701723671616,1.2648926006430512,21,True
0,3.3,hot-cold,0.875,0.9793318142908246,global_supported,Two-line supported,3801,0.7814555921052632,0.9798828224318652,1.2385701723671616,1.2648926006430512,21,True
0,3.3,hot-cold,0.875,0.9793318142908246,lookup_supported,Lookup supported,3803,0.7818667763157895,0.9796798017471464,1.2397959705530883,1.2586987580400857,25,True
0,3.3,hot-cold,0.875,0.9793318142908246,exact_coverage,Exact global coverage,3785,0.7781661184210527,0.9793331214134832,1.2332828944013567,1.2588628376251767,21,True
0,3.3,local,0.125,0.5784589155176532,paper,Paper greedy,606,0.12458881578947369,0.5784589155176532,0.335721769885907,0.3357902387374861,17,True
0,3.3,local,0.125,0.5784589155176532,quant,"Quant q=131,072",612,0.12582236842105263,0.5787914503964983,0.2928582259419183,0.2961856915902166,13,True
0,3.3,local,0.125,0.5784589155176532,global_supported,Two-line supported,612,0.12582236842105263,0.5787914503964983,0.2928582259419183,0.2961856915902166,13,True
0,3.3,local,0.125,0.5784589155176532,lookup_supported,Lookup supported,623,0.12808388157894737,0.5787347338401476,0.2955329191950672,0.2875577005379429,13,True
0,3.3,local,0.125,0.5784589155176532,exact_coverage,Exact global coverage,611,0.12561677631578946,0.5785401558822267,0.2926150720098139,0.2960828797243531,13,True
0,3.3,local,0.25,0.7412912127316118,paper,Paper greedy,1212,0.24917763157894737,0.7412912127316118,0.604959838466891,0.5941868337510889,28,True
0,3.3,local,0.25,0.7412912127316118,quant,"Quant q=131,072",1273,0.26171875,0.7428633848036545,0.5003117206305566,0.4909924719596826,17,True
0,3.3,local,0.25,0.7412912127316118,global_supported,Two-line supported,1273,0.26171875,0.7428633848036545,0.5003117206305566,0.4909924719596826,17,True
0,3.3,local,0.25,0.7412912127316118,lookup_supported,Lookup supported,1313,0.2699424342105263,0.7522267530129445,0.5187239547095159,0.499474768500492,18,True
0,3.3,local,0.25,0.7412912127316118,exact_coverage,Exact global coverage,1264,0.2598684210526316,0.7413353440402031,0.4981233352416166,0.4901644368158663,17,True
0,3.3,local,0.375,0.8433462484213852,paper,Paper greedy,1824,0.375,0.8433462484213852,0.8552328122311503,0.8366270830712946,37,True
0,3.3,local,0.375,0.8433462484213852,quant,"Quant q=131,072",1900,0.390625,0.8461851616482874,0.686891432333596,0.684508603347778,19,True
0,3.3,local,0.375,0.8433462484213852,global_supported,Two-line supported,1900,0.390625,0.8461851616482874,0.686891432333596,0.684508603347778,19,True
0,3.3,local,0.375,0.8433462484213852,lookup_supported,Lookup supported,1876,0.38569078947368424,0.8440470234709261,0.6851405416449596,0.6681142772733552,20,True
0,3.3,local,0.375,0.8433462484213852,exact_coverage,Exact global coverage,1874,0.3852796052631579,0.843352022988519,0.6806515956901824,0.6776152062502485,19,True
0,3.3,local,0.5,0.907417496109875,paper,Paper greedy,2430,0.4995888157894737,0.907417496109875,1.0914872648751934,1.0677808245096558,45,True
0,3.3,local,0.5,0.907417496109875,quant,"Quant q=131,072",2508,0.515625,0.9074770114169132,0.8435090033807948,0.8557632618479954,18,True
0,3.3,local,0.5,0.907417496109875,global_supported,Two-line supported,2508,0.515625,0.9074770114169132,0.8435090033807948,0.8557632618479954,18,True
0,3.3,local,0.5,0.907417496109875,lookup_supported,Lookup supported,2382,0.4897203947368421,0.9120399272068316,0.8691785138607262,0.8553062676730745,25,True
0,3.3,local,0.5,0.907417496109875,exact_coverage,Exact global coverage,2507,0.5154194078947368,0.9074200753241224,0.8433480150399923,0.8559316837672142,18,True
0,3.3,local,0.625,0.9416524953503028,paper,Paper greedy,3036,0.6241776315789473,0.9416524953503028,1.2831610152671007,1.2529444730467276,49,True
0,3.3,local,0.625,0.9416524953503028,quant,"Quant q=131,072",2875,0.591077302631579,0.9418769198794384,0.971023924068237,0.9838847433064872,21,True
0,3.3,local,0.625,0.9416524953503028,global_supported,Two-line supported,2875,0.591077302631579,0.9418769198794384,0.971023924068237,0.9838847433064872,21,True
0,3.3,local,0.625,0.9416524953503028,lookup_supported,Lookup supported,2767,0.5688733552631579,0.942220250614247,0.980153193368885,0.9708264676838624,26,True
0,3.3,local,0.625,0.9416524953503028,exact_coverage,Exact global coverage,2872,0.5904605263157895,0.9416542764627456,0.970200558739007,0.9832589417363816,21,True
0,3.3,local,0.75,0.9639130504564244,paper,Paper greedy,3648,0.75,0.9639130504564244,1.499957379546607,1.4681709011513038,54,True
0,3.3,local,0.75,0.9639130504564244,quant,"Quant q=131,072",3263,0.6708470394736842,0.9649023806277172,1.0881509943986405,1.1044799200512547,22,True
0,3.3,local,0.75,0.9639130504564244,global_supported,Two-line supported,3263,0.6708470394736842,0.9649023806277172,1.0881509943986405,1.1044799200512547,22,True
0,3.3,local,0.75,0.9639130504564244,lookup_supported,Lookup supported,3189,0.6556332236842105,0.9653182445036128,1.1005236583798037,1.0963101426760065,27,True
0,3.3,local,0.75,0.9639130504564244,exact_coverage,Exact global coverage,3243,0.666735197368421,0.9639157731572414,1.0820554318870217,1.0975246601773514,21,True
0,3.3,local,0.875,0.9812451854063352,paper,Paper greedy,4254,0.8745888157894737,0.9812451854063352,1.6879688921547684,1.6672419124534663,56,True
0,3.3,local,0.875,0.9812451854063352,quant,"Quant q=131,072",3654,0.751233552631579,0.9817495234569908,1.2186023378777904,1.2379291872903535,23,True
0,3.3,local,0.875,0.9812451854063352,global_supported,Two-line supported,3654,0.751233552631579,0.9817495234569908,1.2186023378777904,1.2379291872903535,23,True
0,3.3,local,0.875,0.9812451854063352,lookup_supported,Lookup supported,3662,0.7528782894736842,0.9827150636059816,1.2356895140174209,1.2386981292109929,28,True
0,3.3,local,0.875,0.9812451854063352,exact_coverage,Exact global coverage,3639,0.7481496710526315,0.9812457506172354,1.2139690418006,1.2319874894768923,23,True
0,3.3,random,0.125,0.2584242943174299,paper,Paper greedy,606,0.12458881578947369,0.2584242943174299,0.2581574516968302,0.2545671499999265,10,True
0,3.3,random,0.125,0.2584242943174299,quant,"Quant q=131,072",743,0.15275493421052633,0.2794020410758294,0.2603757330581435,0.2598261307360077,7,True
0,3.3,random,0.125,0.2584242943174299,global_supported,Two-line supported,743,0.15275493421052633,0.2794020410758294,0.2603757330581435,0.2598261307360077,7,True
0,3.3,random,0.125,0.2584242943174299,lookup_supported,Lookup supported,732,0.15049342105263158,0.2827436813842523,0.2666336133736822,0.2606139503970964,8,True
0,3.3,random,0.125,0.2584242943174299,exact_coverage,Exact global coverage,652,0.13404605263157895,0.2585673396432569,0.236100681921173,0.232592189458189,7,True
0,3.3,random,0.25,0.4096461452697941,paper,Paper greedy,1212,0.24917763157894737,0.4096461452697941,0.471992435857045,0.4596559605643336,16,True
0,3.3,random,0.25,0.4096461452697941,quant,"Quant q=131,072",1300,0.26726973684210525,0.42158769566012,0.4431163779470337,0.4495375869746121,11,True
0,3.3,random,0.25,0.4096461452697941,global_supported,Two-line supported,1300,0.26726973684210525,0.42158769566012,0.4431163779470337,0.4495375869746121,11,True
0,3.3,random,0.25,0.4096461452697941,lookup_supported,Lookup supported,1236,0.25411184210526316,0.4160658663637824,0.4445862795750901,0.434605621389715,13,True
0,3.3,random,0.25,0.4096461452697941,exact_coverage,Exact global coverage,1282,0.2635690789473684,0.4097276192869205,0.4277528938179165,0.4335624761905524,10,True
0,3.3,random,0.375,0.5520190172419741,paper,Paper greedy,1824,0.375,0.5520190172419741,0.6983669604940403,0.6801929235067654,23,True
0,3.3,random,0.375,0.5520190172419741,quant,"Quant q=131,072",1968,0.40460526315789475,0.5665311281079614,0.6488679470921779,0.6610719075245257,14,True
0,3.3,random,0.375,0.5520190172419741,global_supported,Two-line supported,1968,0.40460526315789475,0.5665311281079614,0.6488679470921779,0.6610719075245257,14,True
0,3.3,random,0.375,0.5520190172419741,lookup_supported,Lookup supported,1906,0.3918585526315789,0.5713503261881394,0.6749104127775403,0.657606525510629,19,True
0,3.3,random,0.375,0.5520190172419741,exact_coverage,Exact global coverage,1896,0.38980263157894735,0.5520861564354984,0.6281329300366514,0.6393059188550528,14,True
0,3.3,random,0.5,0.6802183399347943,paper,Paper greedy,2430,0.4995888157894737,0.6802183399347943,0.923282561538409,0.8981337922697966,30,True
0,3.3,random,0.5,0.6802183399347943,quant,"Quant q=131,072",2613,0.5372121710526315,0.7071854110273683,0.8637580925252049,0.8773976203164067,19,True
0,3.3,random,0.5,0.6802183399347943,global_supported,Two-line supported,2613,0.5372121710526315,0.7071854110273683,0.8637580925252049,0.8773976203164067,19,True
0,3.3,random,0.5,0.6802183399347943,lookup_supported,Lookup supported,2485,0.5108963815789473,0.6942996326475724,0.8542674156114883,0.8458693974149797,22,True
0,3.3,random,0.5,0.6802183399347943,exact_coverage,Exact global coverage,2488,0.5115131578947368,0.6802452305814966,0.8210390123168514,0.8354310777410049,18,True
0,3.3,random,0.625,0.7869972033396888,paper,Paper greedy,3036,0.6241776315789473,0.7869972033396888,1.1481981625827775,1.1168542157960544,37,True
0,3.3,random,0.625,0.7869972033396888,quant,"Quant q=131,072",3024,0.6217105263157895,0.7880972662281374,0.998356500207955,1.0166186645911932,22,True
0,3.3,random,0.625,0.7869972033396888,global_supported,Two-line supported,3024,0.6217105263157895,0.7880972662281374,0.998356500207955,1.0166186645911932,22,True
0,3.3,random,0.625,0.7869972033396888,lookup_supported,Lookup supported,3016,0.6200657894736842,0.7885482766586569,1.002890612522362,1.0092587501690349,23,True
0,3.3,random,0.625,0.7869972033396888,exact_coverage,Exact global coverage,3016,0.6200657894736842,0.787025009077884,0.9965755999337234,1.0139325503756302,22,True
0,3.3,random,0.75,0.8765454344790982,paper,Paper greedy,3648,0.75,0.8765454344790982,1.3465424826441803,1.3191199968917284,41,True
0,3.3,random,0.75,0.8765454344790982,quant,"Quant q=131,072",3610,0.7421875,0.8788304793008928,1.1802254985380394,1.2060293336801444,24,True
0,3.3,random,0.75,0.8765454344790982,global_supported,Two-line supported,3610,0.7421875,0.8788304793008928,1.1802254985380394,1.2060293336801444,24,True
0,3.3,random,0.75,0.8765454344790982,lookup_supported,Lookup supported,3574,0.7347861842105263,0.8771947164037804,1.1827638568154957,1.1941390666230929,26,True
0,3.3,random,0.75,0.8765454344790982,exact_coverage,Exact global coverage,3596,0.7393092105263158,0.8765536422843867,1.175354100786756,1.1996212631907353,24,True
0,3.3,random,0.875,0.951465000905112,paper,Paper greedy,4254,0.8745888157894737,0.951465000905112,1.5567387049038788,1.5350159131265182,46,True
0,3.3,random,0.875,0.951465000905112,quant,"Quant q=131,072",4140,0.8511513157894737,0.9515392738771092,1.3508372029348037,1.3828544361643276,27,True
0,3.3,random,0.875,0.951465000905112,global_supported,Two-line supported,4140,0.8511513157894737,0.9515392738771092,1.3508372029348037,1.3828544361643276,27,True
0,3.3,random,0.875,0.951465000905112,lookup_supported,Lookup supported,4124,0.8478618421052632,0.9520691901218552,1.3613844082070534,1.3761942201566817,29,True
0,3.3,random,0.875,0.951465000905112,exact_coverage,Exact global coverage,4139,0.8509457236842105,0.9514696480887704,1.3506762145940012,1.3833275152063007,27,True
0,4.55,hot-cold,0.125,0.5435265912937224,paper,Paper greedy,606,0.12458881578947369,0.5435265912937224,0.2249156010443686,0.2190262291804678,7,True
0,4.55,hot-cold,0.125,0.5435265912937224,quant,"Quant q=131,072",607,0.12479440789473684,0.5544939530366102,0.1992531178331177,0.2043193925708623,4,True
0,4.55,hot-cold,0.125,0.5435265912937224,global_supported,Two-line supported,607,0.12479440789473684,0.5544939530366102,0.1992531178331177,0.2043193925708623,4,True
0,4.55,hot-cold,0.125,0.5435265912937224,lookup_supported,Lookup supported,621,0.12767269736842105,0.5602656105059196,0.2034906667372143,0.2069172950220613,4,True
0,4.55,hot-cold,0.125,0.5435265912937224,exact_coverage,Exact global coverage,589,0.12109375,0.5437003507145073,0.1926696140316986,0.1969141646484477,3,True
0,4.55,hot-cold,0.25,0.7637720743665282,paper,Paper greedy,1212,0.24917763157894737,0.7637720743665282,0.4417320223746842,0.4362049868842012,13,True
0,4.55,hot-cold,0.25,0.7637720743665282,quant,"Quant q=131,072",1192,0.2450657894736842,0.765453410981082,0.3877808719004647,0.3969498541487148,7,True
0,4.55,hot-cold,0.25,0.7637720743665282,global_supported,Two-line supported,1192,0.2450657894736842,0.765453410981082,0.3877808719004647,0.3969498541487148,7,True
0,4.55,hot-cold,0.25,0.7637720743665282,lookup_supported,Lookup supported,1186,0.24383223684210525,0.7666510168437545,0.3933529753349654,0.3960915061032598,9,True
0,4.55,hot-cold,0.25,0.7637720743665282,exact_coverage,Exact global coverage,1186,0.24383223684210525,0.7637767149570927,0.3863102103662235,0.3951634109005933,7,True
0,4.55,hot-cold,0.375,0.8655982369469808,paper,Paper greedy,1824,0.375,0.8655982369469808,0.6568146471784635,0.6494143564119329,18,True
0,4.55,hot-cold,0.375,0.8655982369469808,quant,"Quant q=131,072",1708,0.3511513157894737,0.8722337564235474,0.565540830759265,0.5761638115226945,12,True
0,4.55,hot-cold,0.375,0.8655982369469808,global_supported,Two-line supported,1708,0.3511513157894737,0.8722337564235474,0.565540830759265,0.5761638115226945,12,True
0,4.55,hot-cold,0.375,0.8655982369469808,lookup_supported,Lookup supported,1658,0.34087171052631576,0.8665119138078508,0.5570805857626323,0.5585153266492211,12,True
0,4.55,hot-cold,0.375,0.8655982369469808,exact_coverage,Exact global coverage,1695,0.34847861842105265,0.8656342631400158,0.5518156821887945,0.5643507046836748,10,True
0,4.55,hot-cold,0.5,0.9256573380089704,paper,Paper greedy,2430,0.4995888157894737,0.9256573380089704,0.867738621818265,0.8632188803402817,22,True
0,4.55,hot-cold,0.5,0.9256573380089704,quant,"Quant q=131,072",2276,0.46792763157894735,0.9276067199050276,0.7411432497115238,0.7584246329442043,14,True
0,4.55,hot-cold,0.5,0.9256573380089704,global_supported,Two-line supported,2276,0.46792763157894735,0.9276067199050276,0.7411432497115238,0.7584246329442043,14,True
0,4.55,hot-cold,0.5,0.9256573380089704,lookup_supported,Lookup supported,2255,0.4636101973684211,0.9265786531253472,0.7414364702800326,0.7491966938810645,15,True
0,4.55,hot-cold,0.5,0.9256573380089704,exact_coverage,Exact global coverage,2244,0.4613486842105263,0.9256608632856744,0.7333505859425671,0.7477779322228312,14,True
0,4.55,hot-cold,0.625,0.9560092005512516,paper,Paper greedy,3036,0.6241776315789473,0.9560092005512516,1.0697652367142227,1.0655900287178994,26,True
0,4.55,hot-cold,0.625,0.9560092005512516,quant,"Quant q=131,072",2739,0.5631167763157895,0.9563239624059569,0.8942311567877606,0.9134670651444012,17,True
0,4.55,hot-cold,0.625,0.9560092005512516,global_supported,Two-line supported,2739,0.5631167763157895,0.9563239624059569,0.8942311567877606,0.9134670651444012,17,True
0,4.55,hot-cold,0.625,0.9560092005512516,lookup_supported,Lookup supported,2733,0.5618832236842105,0.956245510033283,0.8962114500882028,0.9072181837033052,19,True
0,4.55,hot-cold,0.625,0.9560092005512516,exact_coverage,Exact global coverage,2734,0.5620888157894737,0.9560188128296432,0.8926749868204158,0.9102964367080189,17,True
0,4.55,hot-cold,0.75,0.9729975643631478,paper,Paper greedy,3648,0.75,0.9729975643631478,1.2629448624652149,1.2596281131597071,28,True
0,4.55,hot-cold,0.75,0.9729975643631478,quant,"Quant q=131,072",3116,0.640625,0.9730078968301892,1.0137660625841238,1.036945736002244,20,True
0,4.55,hot-cold,0.75,0.9729975643631478,global_supported,Two-line supported,3116,0.640625,0.9730078968301892,1.0137660625841238,1.036945736002244,20,True
0,4.55,hot-cold,0.75,0.9729975643631478,lookup_supported,Lookup supported,3127,0.6428865131578947,0.9736748371139244,1.022485795768776,1.0380841886664935,20,True
0,4.55,hot-cold,0.75,0.9729975643631478,exact_coverage,Exact global coverage,3116,0.640625,0.9730078968301892,1.0137660625841238,1.036945736002244,20,True
0,4.55,hot-cold,0.875,0.9811286256906512,paper,Paper greedy,4254,0.8745888157894737,0.9811286256906512,1.4908419006796845,1.4878737044032984,35,True
0,4.55,hot-cold,0.875,0.9811286256906512,quant,"Quant q=131,072",3457,0.7107319078947368,0.9823215432755736,1.1247000200657165,1.150645601432538,22,True
0,4.55,hot-cold,0.875,0.9811286256906512,global_supported,Two-line supported,3457,0.7107319078947368,0.9823215432755736,1.1247000200657165,1.150645601432538,22,True
0,4.55,hot-cold,0.875,0.9811286256906512,lookup_supported,Lookup supported,3410,0.7010690789473685,0.9816190002004348,1.1187651419324265,1.1339771255214832,23,True
0,4.55,hot-cold,0.875,0.9811286256906512,exact_coverage,Exact global coverage,3407,0.700452302631579,0.9811323056814232,1.108434043895395,1.133965789733222,21,True
0,4.55,local,0.125,0.688534213220977,paper,Paper greedy,606,0.12458881578947369,0.688534213220977,0.3468023867700608,0.3494527760931931,18,True
0,4.55,local,0.125,0.688534213220977,quant,"Quant q=131,072",668,0.13733552631578946,0.7018375169764601,0.3175554630239209,0.3207102579128023,14,True
0,4.55,local,0.125,0.688534213220977,global_supported,Two-line supported,668,0.13733552631578946,0.7018375169764601,0.3175554630239209,0.3207102579128023,14,True
0,4.55,local,0.125,0.688534213220977,lookup_supported,Lookup supported,661,0.13589638157894737,0.6950104694284802,0.3158533854991898,0.3064577930363696,14,True
0,4.55,local,0.125,0.688534213220977,exact_coverage,Exact global coverage,611,0.12561677631578946,0.6886574766680336,0.3036956888939677,0.3061666657043715,14,True
0,4.55,local,0.25,0.8101496837832394,paper,Paper greedy,1212,0.24917763157894737,0.8101496837832394,0.5827986046985834,0.5753947088991554,26,True
0,4.55,local,0.25,0.8101496837832394,quant,"Quant q=131,072",1191,0.24486019736842105,0.8104699965439588,0.4679895697946213,0.4683178810427617,16,True
0,4.55,local,0.25,0.8101496837832394,global_supported,Two-line supported,1191,0.24486019736842105,0.8104699965439588,0.4679895697946213,0.4683178810427617,16,True
0,4.55,local,0.25,0.8101496837832394,lookup_supported,Lookup supported,1221,0.25102796052631576,0.8118718101888573,0.4742160350708287,0.4581490808146691,16,True
0,4.55,local,0.25,0.8101496837832394,exact_coverage,Exact global coverage,1189,0.24444901315789475,0.8101673241966802,0.4674915239887978,0.468341132031202,16,True
0,4.55,local,0.375,0.8953861319221376,paper,Paper greedy,1824,0.375,0.8953861319221376,0.8424149799880402,0.8218459835663453,36,True
0,4.55,local,0.375,0.8953861319221376,quant,"Quant q=131,072",1937,0.39823190789473684,0.8999861683284666,0.6905356264452165,0.69342779829931,19,True
0,4.55,local,0.375,0.8953861319221376,global_supported,Two-line supported,1937,0.39823190789473684,0.8999861683284666,0.6905356264452165,0.69342779829931,19,True
0,4.55,local,0.375,0.8953861319221376,lookup_supported,Lookup supported,1842,0.37870065789473684,0.897006073750073,0.6916983282126101,0.6691381621284667,22,True
0,4.55,local,0.375,0.8953861319221376,exact_coverage,Exact global coverage,1928,0.3963815789473684,0.8953912611854973,0.6775952865373307,0.6792758840693963,18,True
0,4.55,local,0.5,0.9402263612590168,paper,Paper greedy,2430,0.4995888157894737,0.9402263612590168,1.0675888157479294,1.0430931066037352,43,True
0,4.55,local,0.5,0.9402263612590168,quant,"Quant q=131,072",2359,0.4849917763157895,0.9407833010950972,0.8310366613251221,0.8333754921144682,21,True
0,4.55,local,0.5,0.9402263612590168,global_supported,Two-line supported,2359,0.4849917763157895,0.9407833010950972,0.8310366613251221,0.8333754921144682,21,True
0,4.55,local,0.5,0.9402263612590168,lookup_supported,Lookup supported,2319,0.47676809210526316,0.9424013864296276,0.8445751043210217,0.8275124855812582,24,True
0,4.55,local,0.5,0.9402263612590168,exact_coverage,Exact global coverage,2353,0.4837582236842105,0.9402277727678948,0.828580012695257,0.8312199059720358,21,True
0,4.55,local,0.625,0.9646625693753672,paper,Paper greedy,3036,0.6241776315789473,0.9646625693753672,1.252149373521407,1.2317039082744308,46,True
0,4.55,local,0.625,0.9646625693753672,quant,"Quant q=131,072",2738,0.5629111842105263,0.9648726408929632,0.9640048245865648,0.9693756585512388,24,True
0,4.55,local,0.625,0.9646625693753672,global_supported,Two-line supported,2738,0.5629111842105263,0.9648726408929632,0.9640048245865648,0.9693756585512388,24,True
0,4.55,local,0.625,0.9646625693753672,lookup_supported,Lookup supported,2745,0.5643503289473685,0.9659238921136144,0.9784895205295622,0.965129319878209,26,True
0,4.55,local,0.625,0.9646625693753672,exact_coverage,Exact global coverage,2735,0.5622944078947368,0.9646667096623168,0.9627823692424392,0.9684609380685794,24,True
0,4.55,local,0.75,0.9810954004928268,paper,Paper greedy,3648,0.75,0.9810954004928268,1.4899097015245353,1.4741495150996229,53,True
0,4.55,local,0.75,0.9810954004928268,quant,"Quant q=131,072",3277,0.6737253289473685,0.9814314895888464,1.0931280336244549,1.111415282626753,21,True
0,4.55,local,0.75,0.9810954004928268,global_supported,Two-line supported,3277,0.6737253289473685,0.9814314895888464,1.0931280336244549,1.111415282626753,21,True
0,4.55,local,0.75,0.9810954004928268,lookup_supported,Lookup supported,3243,0.666735197368421,0.982476312512802,1.1135131154140685,1.11260991521836,26,True
0,4.55,local,0.75,0.9810954004928268,exact_coverage,Exact global coverage,3267,0.6716694078947368,0.9810959353504232,1.0897926727990883,1.107655976612754,21,True
0,4.55,local,0.875,0.9882511253506624,paper,Paper greedy,4254,0.8745888157894737,0.9882511253506624,1.681395644850609,1.6808571845089575,54,True
0,4.55,local,0.875,0.9882511253506624,quant,"Quant q=131,072",3546,0.7290296052631579,0.9888180198587592,1.1915317952391054,1.2115259958245184,25,True
0,4.55,local,0.875,0.9882511253506624,global_supported,Two-line supported,3546,0.7290296052631579,0.9888180198587592,1.1915317952391054,1.2115259958245184,25,True
0,4.55,local,0.875,0.9882511253506624,lookup_supported,Lookup supported,3506,0.7208059210526315,0.9882536112274044,1.1884845267336177,1.1933635770022728,27,True
0,4.55,local,0.875,0.9882511253506624,exact_coverage,Exact global coverage,3523,0.7243009868421053,0.9882525415258038,1.1835564526529454,1.2019130098447928,24,True
0,4.55,random,0.125,0.3415088542156517,paper,Paper greedy,606,0.12458881578947369,0.3415088542156517,0.2803186854651378,0.2806576332000174,12,True
0,4.55,random,0.125,0.3415088542156517,quant,"Quant q=131,072",712,0.14638157894736842,0.3447628634945094,0.2617705347315933,0.2596769038462018,8,True
0,4.55,random,0.125,0.3415088542156517,global_supported,Two-line supported,712,0.14638157894736842,0.3447628634945094,0.2617705347315933,0.2596769038462018,8,True
0,4.55,random,0.125,0.3415088542156517,lookup_supported,Lookup supported,710,0.14597039473684212,0.3591311418750593,0.2834454606356921,0.2712433402374835,10,True
0,4.55,random,0.125,0.3415088542156517,exact_coverage,Exact global coverage,700,0.14391447368421054,0.3415201742860332,0.25885268754634,0.2576390811903821,8,True
0,4.55,random,0.25,0.5314991498444506,paper,Paper greedy,1212,0.24917763157894737,0.5314991498444506,0.5495567540461219,0.541781496472545,23,True
0,4.55,random,0.25,0.5314991498444506,quant,"Quant q=131,072",1507,0.3098273026315789,0.5551177928479212,0.5244608836383464,0.5265973375712399,14,True
0,4.55,random,0.25,0.5314991498444506,global_supported,Two-line supported,1507,0.3098273026315789,0.5551177928479212,0.5244608836383464,0.5265973375712399,14,True
0,4.55,random,0.25,0.5314991498444506,lookup_supported,Lookup supported,1398,0.28741776315789475,0.5391795199805031,0.5088733907405122,0.4971685406838109,15,True
0,4.55,random,0.25,0.5314991498444506,exact_coverage,Exact global coverage,1423,0.2925575657894737,0.5315267835164564,0.4927910052748155,0.4964167558772824,13,True
0,4.55,random,0.375,0.6494201761383174,paper,Paper greedy,1824,0.375,0.6494201761383174,0.7648506617989633,0.7426720937665241,29,True
0,4.55,random,0.375,0.6494201761383174,quant,"Quant q=131,072",2121,0.4360608552631579,0.6782474911029355,0.7204274538100031,0.7280659020742768,18,True
0,4.55,random,0.375,0.6494201761383174,global_supported,Two-line supported,2121,0.4360608552631579,0.6782474911029355,0.7204274538100031,0.7280659020742768,18,True
0,4.55,random,0.375,0.6494201761383174,lookup_supported,Lookup supported,1927,0.39617598684210525,0.6521076098872743,0.6844535872820409,0.6740515285769378,19,True
0,4.55,random,0.375,0.6494201761383174,exact_coverage,Exact global coverage,1971,0.40522203947368424,0.649523709779996,0.671699952948726,0.6770875629288129,17,True
0,4.55,random,0.5,0.7547808553647197,paper,Paper greedy,2430,0.4995888157894737,0.7547808553647197,0.9905174911066644,0.959006581664238,36,True
0,4.55,random,0.5,0.7547808553647197,quant,"Quant q=131,072",2619,0.5384457236842105,0.7620050675612343,0.8699826204133468,0.8825344104421359,19,True
0,4.55,random,0.5,0.7547808553647197,global_supported,Two-line supported,2619,0.5384457236842105,0.7620050675612343,0.8699826204133468,0.8825344104421359,19,True
0,4.55,random,0.5,0.7547808553647197,lookup_supported,Lookup supported,2564,0.5271381578947368,0.7681834110506198,0.8963538244545357,0.8850909130554212,24,True
0,4.55,random,0.5,0.7547808553647197,exact_coverage,Exact global coverage,2553,0.5248766447368421,0.7548068790391605,0.8570332774807,0.8691346079009451,20,True
0,4.55,random,0.625,0.8408053800669721,paper,Paper greedy,3036,0.6241776315789473,0.8408053800669721,1.2309506509654944,1.187273691302686,44,True
0,4.55,random,0.625,0.8408053800669721,quant,"Quant q=131,072",3114,0.6402138157894737,0.8410966295917477,1.028632982351772,1.0460777440826097,22,True
0,4.55,random,0.625,0.8408053800669721,global_supported,Two-line supported,3114,0.6402138157894737,0.8410966295917477,1.028632982351772,1.0460777440826097,22,True
0,4.55,random,0.625,0.8408053800669721,lookup_supported,Lookup supported,3059,0.62890625,0.8472743179969962,1.060814467492173,1.0488390934516951,27,True
0,4.55,random,0.625,0.8408053800669721,exact_coverage,Exact global coverage,3113,0.6400082236842105,0.8408092690528144,1.0281433316457618,1.0443476729031635,22,True
0,4.55,random,0.75,0.9062646968437924,paper,Paper greedy,3648,0.75,0.9062646968437924,1.4241302767164865,1.3850438372468576,47,True
0,4.55,random,0.75,0.9062646968437924,quant,"Quant q=131,072",3618,0.7438322368421053,0.9090930897407494,1.1870654516481505,1.2113098234790969,25,True
0,4.55,random,0.75,0.9062646968437924,global_supported,Two-line supported,3618,0.7438322368421053,0.9090930897407494,1.1870654516481505,1.2113098234790969,25,True
0,4.55,random,0.75,0.9062646968437924,lookup_supported,Lookup supported,3545,0.7288240131578947,0.9082834822018444,1.2022636167166236,1.1993899876343732,29,True
0,4.55,random,0.75,0.9062646968437924,exact_coverage,Exact global coverage,3600,0.7401315789473685,0.9062681120446404,1.1800124301821486,1.2028838218108528,24,True
0,4.55,random,0.875,0.9604497121928396,paper,Paper greedy,4254,0.8745888157894737,0.9604497121928396,1.6429186722380498,1.6092403697432405,53,True
0,4.55,random,0.875,0.9604497121928396,quant,"Quant q=131,072",4111,0.8451891447368421,0.9618725104623558,1.3421541650193496,1.3712071896002411,26,True
0,4.55,random,0.875,0.9604497121928396,global_supported,Two-line supported,4111,0.8451891447368421,0.9618725104623558,1.3421541650193496,1.3712071896002411,26,True
0,4.55,random,0.875,0.9604497121928396,lookup_supported,Lookup supported,4077,0.8381990131578947,0.9613016043537018,1.3500148631062174,1.3629351379744503,29,True
0,4.55,random,0.875,0.9604497121928396,exact_coverage,Exact global coverage,4096,0.8421052631578947,0.9604513917793058,1.3374269654092426,1.3665276348562678,26,True
1,1.07,hot-cold,0.125,0.2920015191440331,paper,Paper greedy,606,0.12458881578947369,0.2920015191440331,0.2145862124235473,0.2142919518066874,6,True
1,1.07,hot-cold,0.125,0.2920015191440331,quant,"Quant q=131,072",639,0.13137335526315788,0.3067218255777195,0.2078791754567088,0.2122162824760518,4,True
1,1.07,hot-cold,0.125,0.2920015191440331,global_supported,Two-line supported,639,0.13137335526315788,0.3067218255777195,0.2078791754567088,0.2122162824760518,4,True
1,1.07,hot-cold,0.125,0.2920015191440331,lookup_supported,Lookup supported,648,0.13322368421052633,0.3098438311746015,0.2108070511673667,0.2143643496949926,4,True
1,1.07,hot-cold,0.125,0.2920015191440331,exact_coverage,Exact global coverage,603,0.12397203947368421,0.2920747216326312,0.1971301838264721,0.2011900498547124,4,True
1,1.07,hot-cold,0.25,0.4930030461428238,paper,Paper greedy,1212,0.24917763157894737,0.4930030461428238,0.4105090976799287,0.4170638530174662,7,True
1,1.07,hot-cold,0.25,0.4930030461428238,quant,"Quant q=131,072",1199,0.24650493421052633,0.4966565885566731,0.3900581085643097,0.3981671561366066,7,True
1,1.07,hot-cold,0.25,0.4930030461428238,global_supported,Two-line supported,1199,0.24650493421052633,0.4966565885566731,0.3900581085643097,0.3981671561366066,7,True
1,1.07,hot-cold,0.25,0.4930030461428238,lookup_supported,Lookup supported,1197,0.24609375,0.4947643568266293,0.3894074695174969,0.3955468753020235,8,True
1,1.07,hot-cold,0.25,0.4930030461428238,exact_coverage,Exact global coverage,1187,0.24403782894736842,0.4930728720701014,0.3861542742834326,0.3944616637338696,6,True
1,1.07,hot-cold,0.375,0.6414525644035278,paper,Paper greedy,1824,0.375,0.6414525644035278,0.6122808966927858,0.6155331020958498,11,True
1,1.07,hot-cold,0.375,0.6414525644035278,quant,"Quant q=131,072",1800,0.37006578947368424,0.647107925658116,0.5856455697812617,0.5978347751384587,11,True
1,1.07,hot-cold,0.375,0.6414525644035278,global_supported,Two-line supported,1800,0.37006578947368424,0.647107925658116,0.5856455697812617,0.5978347751384587,11,True
1,1.07,hot-cold,0.375,0.6414525644035278,lookup_supported,Lookup supported,1813,0.37273848684210525,0.648815719321777,0.5898042959358578,0.5984300668775917,12,True
1,1.07,hot-cold,0.375,0.6414525644035278,exact_coverage,Exact global coverage,1777,0.3653371710526316,0.6414681464369174,0.5781632207429138,0.5918578770103997,12,True
1,1.07,hot-cold,0.5,0.7552477804446335,paper,Paper greedy,2430,0.4995888157894737,0.7552477804446335,0.8283695656429981,0.832166464573914,15,True
1,1.07,hot-cold,0.5,0.7552477804446335,quant,"Quant q=131,072",2438,0.501233552631579,0.7665208249148598,0.7931289980648767,0.8108259317043033,16,True
1,1.07,hot-cold,0.5,0.7552477804446335,global_supported,Two-line supported,2438,0.501233552631579,0.7665208249148598,0.7931289980648767,0.8108259317043033,16,True
1,1.07,hot-cold,0.5,0.7552477804446335,lookup_supported,Lookup supported,2454,0.5045230263157895,0.7672763767050419,0.7983341104393796,0.8080993738468931,17,True
1,1.07,hot-cold,0.5,0.7552477804446335,exact_coverage,Exact global coverage,2371,0.48745888157894735,0.755267452956288,0.7713325899966459,0.7877126307715374,11,True
1,1.07,hot-cold,0.625,0.836351279913883,paper,Paper greedy,3036,0.6241776315789473,0.836351279913883,1.0279781645663544,1.0323810964828433,19,True
1,1.07,hot-cold,0.625,0.836351279913883,quant,"Quant q=131,072",3061,0.6293174342105263,0.852713384387178,0.9958030611470826,1.0186478528540273,18,True
1,1.07,hot-cold,0.625,0.836351279913883,global_supported,Two-line supported,3061,0.6293174342105263,0.852713384387178,0.9958030611470826,1.0186478528540273,18,True
1,1.07,hot-cold,0.625,0.836351279913883,lookup_supported,Lookup supported,3063,0.6297286184210527,0.8515644843450745,0.9964537001938956,1.009840746036187,21,True
1,1.07,hot-cold,0.625,0.836351279913883,exact_coverage,Exact global coverage,2930,0.6023848684210527,0.8363547910835137,0.9531862035808404,0.9752728020865832,14,True
1,1.07,hot-cold,0.75,0.9023083373519442,paper,Paper greedy,3648,0.75,0.9023083373519442,1.221416025032867,1.2314022733736243,22,True
1,1.07,hot-cold,0.75,0.9023083373519442,quant,"Quant q=131,072",3568,0.7335526315789473,0.9075397458288932,1.16081048716383,1.186505630962033,19,True
1,1.07,hot-cold,0.75,0.9023083373519442,global_supported,Two-line supported,3568,0.7335526315789473,0.9075397458288932,1.16081048716383,1.186505630962033,19,True
1,1.07,hot-cold,0.75,0.9023083373519442,lookup_supported,Lookup supported,3590,0.7380756578947368,0.9082404954376728,1.1678970890290843,1.18322336085304,25,True
1,1.07,hot-cold,0.75,0.9023083373519442,exact_coverage,Exact global coverage,3519,0.7234786184210527,0.9023133429956416,1.1451163272908211,1.172086207665928,19,True
1,1.07,hot-cold,0.875,0.9544176701861046,paper,Paper greedy,4254,0.8745888157894737,0.9544176701861046,1.4267057876976752,1.44256087818644,24,True
1,1.07,hot-cold,0.875,0.9544176701861046,quant,"Quant q=131,072",4174,0.858141447368421,0.95932792819896,1.3578836906984393,1.3869903560216632,20,True
1,1.07,hot-cold,0.875,0.9544176701861046,global_supported,Two-line supported,4174,0.858141447368421,0.95932792819896,1.3578836906984393,1.3869903560216632,20,True
1,1.07,hot-cold,0.875,0.9544176701861046,lookup_supported,Lookup supported,4160,0.8552631578947368,0.9571364386641013,1.3533292173707494,1.3732093669977925,27,True
1,1.07,hot-cold,0.875,0.9544176701861046,exact_coverage,Exact global coverage,4112,0.8453947368421053,0.9544243571231495,1.3377138802472408,1.3668036726404924,19,True
1,1.07,local,0.125,0.3405309083400037,paper,Paper greedy,606,0.12458881578947369,0.3405309083400037,0.2581574516968302,0.2483861684010957,10,True
1,1.07,local,0.125,0.3405309083400037,quant,"Quant q=131,072",679,0.1395970394736842,0.3519765171957089,0.2537464549721467,0.2538037071635657,8,True
1,1.07,local,0.125,0.3405309083400037,global_supported,Two-line supported,679,0.1395970394736842,0.3519765171957089,0.2537464549721467,0.2538037071635657,8,True
1,1.07,local,0.125,0.3405309083400037,lookup_supported,Lookup supported,649,0.13342927631578946,0.3493384500464919,0.2575324538931673,0.245686214925806,9,True
1,1.07,local,0.125,0.3405309083400037,exact_coverage,Exact global coverage,641,0.1317845394736842,0.3405363637185927,0.2445066055521779,0.2417182689801936,8,True
1,1.07,local,0.25,0.5223237400337254,paper,Paper greedy,1212,0.24917763157894737,0.5223237400337254,0.4941536696253527,0.4698092110717894,18,True
1,1.07,local,0.25,0.5223237400337254,quant,"Quant q=131,072",1328,0.2730263157894737,0.5425204808805744,0.4609583531636536,0.4652856760513111,11,True
1,1.07,local,0.25,0.5223237400337254,global_supported,Two-line supported,1328,0.2730263157894737,0.5425204808805744,0.4609583531636536,0.4652856760513111,11,True
1,1.07,local,0.25,0.5223237400337254,lookup_supported,Lookup supported,1207,0.24814967105263158,0.5247049430096229,0.4486389083114442,0.4343169379864178,14,True
1,1.07,local,0.25,0.5223237400337254,exact_coverage,Exact global coverage,1256,0.2582236842105263,0.5223400284740066,0.4350586417977164,0.4385652906034504,11,True
1,1.07,local,0.375,0.6575007479846999,paper,Paper greedy,1824,0.375,0.6575007479846999,0.7207864289778686,0.6962167207617765,25,True
1,1.07,local,0.375,0.6575007479846999,quant,"Quant q=131,072",1916,0.3939144736842105,0.6658293372526372,0.648114477478306,0.655742243072821,14,True
1,1.07,local,0.375,0.6575007479846999,global_supported,Two-line supported,1916,0.3939144736842105,0.6658293372526372,0.648114477478306,0.655742243072821,14,True
1,1.07,local,0.375,0.6575007479846999,lookup_supported,Lookup supported,1886,0.38774671052631576,0.6682724634378854,0.6608213120263996,0.652887498107708,18,True
1,1.07,local,0.375,0.6575007479846999,exact_coverage,Exact global coverage,1875,0.3854851973684211,0.657500882314342,0.6346942114273404,0.6422516881842899,14,True
1,1.07,local,0.5,0.7577179801393545,paper,Paper greedy,2430,0.4995888157894737,0.7577179801393545,0.9363586284970398,0.9036283874829244,31,True
1,1.07,local,0.5,0.7577179801393545,quant,"Quant q=131,072",2571,0.528577302631579,0.7753950710141653,0.8528413508799441,0.8681748950101132,16,True
1,1.07,local,0.5,0.7577179801393545,global_supported,Two-line supported,2571,0.528577302631579,0.7753950710141653,0.8528413508799441,0.8681748950101132,16,True
1,1.07,local,0.5,0.7577179801393545,lookup_supported,Lookup supported,2400,0.4934210526315789,0.7581179923888405,0.8308174392199578,0.8223160387604853,21,True
1,1.07,local,0.5,0.7577179801393545,exact_coverage,Exact global coverage,2445,0.502672697368421,0.7577200477614618,0.817520516730571,0.8314604001694217,16,True
1,1.07,local,0.625,0.8406714689458915,paper,Paper greedy,3036,0.6241776315789473,0.8406714689458915,1.1563677699465182,1.120442427964862,37,True
1,1.07,local,0.625,0.8406714689458915,quant,"Quant q=131,072",3066,0.6303453947368421,0.8457342518069997,1.012782886395972,1.031126827862049,19,True
1,1.07,local,0.625,0.8406714689458915,global_supported,Two-line supported,3066,0.6303453947368421,0.8457342518069997,1.012782886395972,1.031126827862049,19,True
1,1.07,local,0.625,0.8406714689458915,lookup_supported,Lookup supported,2964,0.609375,0.84170184461138,1.0177016534894097,1.010418145838952,25,True
1,1.07,local,0.625,0.8406714689458915,exact_coverage,Exact global coverage,3022,0.6212993421052632,0.8406808441198739,1.0010981262877527,1.018026108343935,19,True
1,1.07,local,0.75,0.9014197135221386,paper,Paper greedy,3648,0.75,0.9014197135221386,1.373891886606128,1.3354883772880357,43,True
1,1.07,local,0.75,0.9014197135221386,quant,"Quant q=131,072",3534,0.7265625,0.902903176520402,1.1569801954025865,1.1796264956798446,21,True
1,1.07,local,0.75,0.9014197135221386,global_supported,Two-line supported,3534,0.7265625,0.902903176520402,1.1569801954025865,1.1796264956798446,21,True
1,1.07,local,0.75,0.9014197135221386,lookup_supported,Lookup supported,3495,0.7185444078947368,0.9027908234306286,1.1661605192176792,1.1731822771637894,26,True
1,1.07,local,0.75,0.9014197135221386,exact_coverage,Exact global coverage,3522,0.7240953947368421,0.901424673266478,1.1531585267130111,1.1762329240342848,21,True
1,1.07,local,0.875,0.951237306614237,paper,Paper greedy,4254,0.8745888157894737,0.951237306614237,1.5638988492887662,1.53744966808942,45,True
1,1.07,local,0.875,0.951237306614237,quant,"Quant q=131,072",4034,0.829358552631579,0.9518840025799348,1.3143344074960162,1.342270208812809,22,True
1,1.07,local,0.875,0.951237306614237,global_supported,Two-line supported,4034,0.829358552631579,0.9518840025799348,1.3143344074960162,1.342270208812809,22,True
1,1.07,local,0.875,0.951237306614237,lookup_supported,Lookup supported,4035,0.8295641447368421,0.9540590886514252,1.3295199611034678,1.3462471189929253,25,True
1,1.07,local,0.875,0.951237306614237,exact_coverage,Exact global coverage,4026,0.8277138157894737,0.9512398820426952,1.312048775732358,1.340349871998528,22,True
1,1.07,random,0.125,0.1668462334915025,paper,Paper greedy,606,0.12458881578947369,0.1668462334915025,0.2249156010443686,0.2172997853080584,7,True
1,1.07,random,0.125,0.1668462334915025,quant,"Quant q=131,072",688,0.14144736842105263,0.1781473658107518,0.2247940812576332,0.2309772766735756,5,True
1,1.07,random,0.125,0.1668462334915025,global_supported,Two-line supported,688,0.14144736842105263,0.1781473658107518,0.2247940812576332,0.2309772766735756,5,True
1,1.07,random,0.125,0.1668462334915025,lookup_supported,Lookup supported,644,0.13240131578947367,0.1782988536055239,0.2341554504643374,0.225136991701378,7,True
1,1.07,random,0.125,0.1668462334915025,exact_coverage,Exact global coverage,635,0.13055098684210525,0.1668471406675625,0.2109678875269322,0.214950895669918,5,True
1,1.07,random,0.25,0.3151043769039278,paper,Paper greedy,1212,0.24917763157894737,0.3151043769039278,0.4395018134679159,0.4285965346395821,13,True
1,1.07,random,0.25,0.3151043769039278,quant,"Quant q=131,072",1336,0.2746710526315789,0.3360502463490034,0.4383595487044238,0.4492099326747676,10,True
1,1.07,random,0.25,0.3151043769039278,global_supported,Two-line supported,1336,0.2746710526315789,0.3360502463490034,0.4383595487044238,0.4492099326747676,10,True
1,1.07,random,0.25,0.3151043769039278,lookup_supported,Lookup supported,1220,0.25082236842105265,0.31804879727607,0.4204596053179008,0.4152323808626099,11,True
1,1.07,random,0.25,0.3151043769039278,exact_coverage,Exact global coverage,1248,0.2565789473684211,0.3151389149659962,0.4094262441626792,0.4178189303858896,9,True
1,1.07,random,0.375,0.4453370872139521,paper,Paper greedy,1824,0.375,0.4453370872139521,0.6452175608632685,0.6364823613067419,18,True
1,1.07,random,0.375,0.4453370872139521,quant,"Quant q=131,072",1981,0.40727796052631576,0.4765480770845973,0.6449979211824083,0.6608371793110569,13,True
1,1.07,random,0.375,0.4453370872139521,global_supported,Two-line supported,1981,0.40727796052631576,0.4765480770845973,0.6449979211824083,0.6608371793110569,13,True
1,1.07,random,0.375,0.4453370872139521,lookup_supported,Lookup supported,1824,0.375,0.4482069644799447,0.6075387682804997,0.6092394014995224,14,True
1,1.07,random,0.375,0.4453370872139521,exact_coverage,Exact global coverage,1836,0.3774671052631579,0.4453568041632036,0.5976739970474866,0.6109660324930077,12,True
1,1.07,random,0.5,0.5697003046658617,paper,Paper greedy,2430,0.4995888157894737,0.5697003046658617,0.848723156402662,0.8410274249332358,23,True
1,1.07,random,0.5,0.5697003046658617,quant,"Quant q=131,072",2541,0.5224095394736842,0.5938504293349072,0.8267777642751138,0.8467650129921337,16,True
1,1.07,random,0.5,0.5697003046658617,global_supported,Two-line supported,2541,0.5224095394736842,0.5938504293349072,0.8267777642751138,0.8467650129921337,16,True
1,1.07,random,0.5,0.5697003046658617,lookup_supported,Lookup supported,2443,0.5022615131578947,0.5784891942831192,0.80850072531257,0.8140067824144332,18,True
1,1.07,random,0.5,0.5697003046658617,exact_coverage,Exact global coverage,2426,0.4987664473684211,0.5697300026721266,0.789295591433687,0.8079879349534512,15,True
1,1.07,random,0.625,0.6902635061923312,paper,Paper greedy,3036,0.6241776315789473,0.6902635061923312,1.052979980205388,1.0443331463002263,28,True
1,1.07,random,0.625,0.6902635061923312,quant,"Quant q=131,072",3029,0.6227384868421053,0.693570692574759,0.9855336916974518,1.0076768364144089,19,True
1,1.07,random,0.625,0.6902635061923312,global_supported,Two-line supported,3029,0.6227384868421053,0.693570692574759,0.9855336916974518,1.0076768364144089,19,True
1,1.07,random,0.625,0.6902635061923312,lookup_supported,Lookup supported,3004,0.6175986842105263,0.6922660943324294,0.989021265810715,0.99904682609839,22,True
1,1.07,random,0.625,0.6902635061923312,exact_coverage,Exact global coverage,3012,0.6192434210526315,0.6902833432369291,0.9802380186318338,1.0020836921374838,19,True
1,1.07,random,0.75,0.805295745706768,paper,Paper greedy,3648,0.75,0.805295745706768,1.250338313171167,1.2406247815500206,32,True
1,1.07,random,0.75,0.805295745706768,quant,"Quant q=131,072",3609,0.7419819078947368,0.8075625302568858,1.1754280232594818,1.2032762496815168,24,True
1,1.07,random,0.75,0.805295745706768,global_supported,Two-line supported,3609,0.7419819078947368,0.8075625302568858,1.1754280232594818,1.2032762496815168,24,True
1,1.07,random,0.75,0.805295745706768,lookup_supported,Lookup supported,3608,0.7417763157894737,0.8090481931867464,1.1834601181656492,1.1992688856367049,25,True
1,1.07,random,0.75,0.805295745706768,exact_coverage,Exact global coverage,3597,0.739514802631579,0.8053105646946757,1.171676782219594,1.199593649437292,24,True
1,1.07,random,0.875,0.909634669575034,paper,Paper greedy,4254,0.8745888157894737,0.909634669575034,1.4728593741261633,1.4681247081717104,37,True
1,1.07,random,0.875,0.909634669575034,quant,"Quant q=131,072",4219,0.8673930921052632,0.9175334252662086,1.3732977733982903,1.4048762332091589,28,True
1,1.07,random,0.875,0.909634669575034,global_supported,Two-line supported,4219,0.8673930921052632,0.9175334252662086,1.3732977733982903,1.4048762332091589,28,True
1,1.07,random,0.875,0.909634669575034,lookup_supported,Lookup supported,4240,0.8717105263157895,0.9195173227640898,1.381808009040709,1.4021284549877358,29,True
1,1.07,random,0.875,0.909634669575034,exact_coverage,Exact global coverage,4174,0.858141447368421,0.909649561937986,1.358658394845001,1.3900411906620596,28,True
1,1.25,hot-cold,0.125,0.3147483456765477,paper,Paper greedy,606,0.12458881578947369,0.3147483456765477,0.2153374406868797,0.2134586159821341,6,True
1,1.25,hot-cold,0.125,0.3147483456765477,quant,"Quant q=131,072",620,0.12746710526315788,0.3226327667178369,0.20201502893558,0.2068655526484491,4,True
1,1.25,hot-cold,0.125,0.3147483456765477,global_supported,Two-line supported,620,0.12746710526315788,0.3226327667178369,0.20201502893558,0.2068655526484491,4,True
1,1.25,hot-cold,0.125,0.3147483456765477,lookup_supported,Lookup supported,611,0.12561677631578946,0.3173202841130189,0.1987702288013288,0.2017862519351689,4,True
1,1.25,hot-cold,0.125,0.3147483456765477,exact_coverage,Exact global coverage,602,0.12376644736842106,0.314922832886506,0.1964762019378577,0.2017121150170256,4,True
1,1.25,hot-cold,0.25,0.5097310558071781,paper,Paper greedy,1212,0.24917763157894737,0.5097310558071781,0.4203454927529381,0.4206323635301927,10,True
1,1.25,hot-cold,0.25,0.5097310558071781,quant,"Quant q=131,072",1197,0.24609375,0.5196789455670427,0.3897243939410902,0.399266878900108,8,True
1,1.25,hot-cold,0.25,0.5097310558071781,global_supported,Two-line supported,1197,0.24609375,0.5196789455670427,0.3897243939410902,0.399266878900108,8,True
1,1.25,hot-cold,0.25,0.5097310558071781,lookup_supported,Lookup supported,1165,0.23951480263157895,0.5108774487981456,0.3814504745659361,0.3861296969651152,8,True
1,1.25,hot-cold,0.25,0.5097310558071781,exact_coverage,Exact global coverage,1165,0.23951480263157895,0.5097638709662771,0.3793141691920845,0.3891622898117794,8,True
1,1.25,hot-cold,0.375,0.6654700475599593,paper,Paper greedy,1824,0.375,0.6654700475599593,0.6098394048369553,0.6121048788749963,11,True
1,1.25,hot-cold,0.375,0.6654700475599593,quant,"Quant q=131,072",1786,0.3671875,0.6726326839656596,0.5810206688038843,0.594066014278098,12,True
1,1.25,hot-cold,0.375,0.6654700475599593,global_supported,Two-line supported,1786,0.3671875,0.6726326839656596,0.5810206688038843,0.594066014278098,12,True
1,1.25,hot-cold,0.375,0.6654700475599593,lookup_supported,Lookup supported,1808,0.3717105263157895,0.6769636402414595,0.5904665969336668,0.5963922693293839,13,True
1,1.25,hot-cold,0.375,0.6654700475599593,exact_coverage,Exact global coverage,1757,0.3612253289473684,0.6654738200677319,0.5717272579244727,0.584563110361994,12,True
1,1.25,hot-cold,0.5,0.783301657257168,paper,Paper greedy,2430,0.4995888157894737,0.783301657257168,0.8153404504508257,0.8246860499054727,12,True
1,1.25,hot-cold,0.5,0.783301657257168,quant,"Quant q=131,072",2372,0.4876644736842105,0.7835308007424211,0.7716579095200523,0.7886550627608043,15,True
1,1.25,hot-cold,0.5,0.783301657257168,global_supported,Two-line supported,2372,0.4876644736842105,0.7835308007424211,0.7716579095200523,0.7886550627608043,15,True
1,1.25,hot-cold,0.5,0.783301657257168,lookup_supported,Lookup supported,2389,0.49115953947368424,0.7850337414875597,0.7771883414179617,0.7885865745716225,16,True
1,1.25,hot-cold,0.5,0.783301657257168,exact_coverage,Exact global coverage,2371,0.48745888157894735,0.7833599334600942,0.7713325899966459,0.7883227445942215,15,True
1,1.25,hot-cold,0.625,0.8605404368119223,paper,Paper greedy,3036,0.6241776315789473,0.8605404368119223,1.0077889049892943,1.0190630168585189,15,True
1,1.25,hot-cold,0.625,0.8605404368119223,quant,"Quant q=131,072",2975,0.6116365131578947,0.8632099673614809,0.9678255821341296,0.9898890686624784,16,True
1,1.25,hot-cold,0.625,0.8605404368119223,global_supported,Two-line supported,2975,0.6116365131578947,0.8632099673614809,0.9678255821341296,0.9898890686624784,16,True
1,1.25,hot-cold,0.625,0.8605404368119223,lookup_supported,Lookup supported,3037,0.6243832236842105,0.8689393463491507,0.9879953925853284,1.001046025158587,21,True
1,1.25,hot-cold,0.625,0.8605404368119223,exact_coverage,Exact global coverage,2953,0.6071134868421053,0.8605649763641086,0.9606685526191882,0.982229609450492,16,True
1,1.25,hot-cold,0.75,0.9170332290165388,paper,Paper greedy,3648,0.75,0.9170332290165388,1.2110631605288165,1.2248248106330464,17,True
1,1.25,hot-cold,0.75,0.9170332290165388,quant,"Quant q=131,072",3588,0.7376644736842105,0.924115458610802,1.167387305281646,1.19311629407233,20,True
1,1.25,hot-cold,0.75,0.9170332290165388,global_supported,Two-line supported,3588,0.7376644736842105,0.924115458610802,1.167387305281646,1.19311629407233,20,True
1,1.25,hot-cold,0.75,0.9170332290165388,lookup_supported,Lookup supported,3610,0.7421875,0.9251430881813896,1.176856709294658,1.1915962729761806,24,True
1,1.25,hot-cold,0.75,0.9170332290165388,exact_coverage,Exact global coverage,3508,0.7212171052631579,0.9170367939555744,1.1414439090004338,1.1662886840517737,19,True
1,1.25,hot-cold,0.875,0.957329602620709,paper,Paper greedy,4254,0.8745888157894737,0.957329602620709,1.4148504666669597,1.434056981157292,20,True
1,1.25,hot-cold,0.875,0.957329602620709,quant,"Quant q=131,072",4084,0.8396381578947368,0.9603509295270698,1.3286049335918606,1.3564161556028391,22,True
1,1.25,hot-cold,0.875,0.957329602620709,global_supported,Two-line supported,4084,0.8396381578947368,0.9603509295270698,1.3286049335918606,1.3564161556028391,22,True
1,1.25,hot-cold,0.875,0.957329602620709,lookup_supported,Lookup supported,4094,0.8416940789473685,0.9602114199253892,1.331858128825925,1.3522541902540317,25,True
1,1.25,hot-cold,0.875,0.957329602620709,exact_coverage,Exact global coverage,4038,0.8301809210526315,0.957333513518869,1.3136402355151648,1.341486241329797,21,True
1,1.25,local,0.125,0.3775596095598053,paper,Paper greedy,606,0.12458881578947369,0.3775596095598053,0.269238068580984,0.2624312470040325,11,True
1,1.25,local,0.125,0.3775596095598053,quant,"Quant q=131,072",639,0.13137335526315788,0.3855993469486627,0.2444428635860936,0.2435705026692918,8,True
1,1.25,local,0.125,0.3775596095598053,global_supported,Two-line supported,639,0.13137335526315788,0.3855993469486627,0.2444428635860936,0.2435705026692918,8,True
1,1.25,local,0.125,0.3775596095598053,lookup_supported,Lookup supported,717,0.1474095394736842,0.4131744190807106,0.2748181495396019,0.2671327566502843,9,True
1,1.25,local,0.125,0.3775596095598053,exact_coverage,Exact global coverage,645,0.13260690789473684,0.377579731535284,0.237614800398834,0.2381062354670456,7,True
1,1.25,local,0.25,0.5472568465908318,paper,Paper greedy,1212,0.24917763157894737,0.5472568465908318,0.5052342865095065,0.488031348779654,19,True
1,1.25,local,0.25,0.5472568465908318,quant,"Quant q=131,072",1269,0.26089638157894735,0.5536738432189658,0.4462483949794399,0.4479380044647841,12,True
1,1.25,local,0.25,0.5472568465908318,global_supported,Two-line supported,1269,0.26089638157894735,0.5536738432189658,0.4462483949794399,0.4479380044647841,12,True
1,1.25,local,0.25,0.5472568465908318,lookup_supported,Lookup supported,1274,0.26192434210526316,0.5653460795528753,0.4697897295908738,0.4570680814999823,14,True
1,1.25,local,0.25,0.5472568465908318,exact_coverage,Exact global coverage,1231,0.25308388157894735,0.5472913096638895,0.4374076355743664,0.4401328547124653,12,True
1,1.25,local,0.375,0.6676573060937028,paper,Paper greedy,1824,0.375,0.6676573060937028,0.7101988056415266,0.6954386712066966,24,True
1,1.25,local,0.375,0.6676573060937028,quant,"Quant q=131,072",1820,0.37417763157894735,0.6726885924753064,0.6331995420755406,0.6377662933642264,16,True
1,1.25,local,0.375,0.6676573060937028,global_supported,Two-line supported,1820,0.37417763157894735,0.6726885924753064,0.6331995420755406,0.6377662933642264,16,True
1,1.25,local,0.375,0.6676573060937028,lookup_supported,Lookup supported,1817,0.3735608552631579,0.6770190903058346,0.6463208513844196,0.6376183314208669,18,True
1,1.25,local,0.375,0.6676573060937028,exact_coverage,Exact global coverage,1794,0.36883223684210525,0.667666090683799,0.6249877312408795,0.6284802276271778,16,True
1,1.25,local,0.5,0.7788104042329964,paper,Paper greedy,2430,0.4995888157894737,0.7788104042329964,0.9461950235700493,0.9193004558352552,32,True
1,1.25,local,0.5,0.7788104042329964,quant,"Quant q=131,072",2394,0.4921875,0.7832496391308412,0.846085082428093,0.851050294845403,22,True
1,1.25,local,0.5,0.7788104042329964,global_supported,Two-line supported,2394,0.4921875,0.7832496391308412,0.846085082428093,0.851050294845403,22,True
1,1.25,local,0.5,0.7788104042329964,lookup_supported,Lookup supported,2361,0.48540296052631576,0.7854376649886479,0.8570882060258639,0.8442587692214214,25,True
1,1.25,local,0.5,0.7788104042329964,exact_coverage,Exact global coverage,2392,0.4917763157894737,0.7788258241263056,0.8371591945430085,0.8427140905320225,21,True
1,1.25,local,0.625,0.8583052243519111,paper,Paper greedy,3036,0.6241776315789473,0.8583052243519111,1.145568863661114,1.121405520528242,35,True
1,1.25,local,0.625,0.8583052243519111,quant,"Quant q=131,072",2955,0.6075246710526315,0.8606567785516397,1.0154545783923967,1.0273568966656814,25,True
1,1.25,local,0.625,0.8583052243519111,global_supported,Two-line supported,2955,0.6075246710526315,0.8606567785516397,1.0154545783923967,1.0273568966656814,25,True
1,1.25,local,0.625,0.8583052243519111,lookup_supported,Lookup supported,2986,0.6138980263157895,0.8656249037278341,1.03307524213455,1.0280676713368917,26,True
1,1.25,local,0.625,0.8583052243519111,exact_coverage,Exact global coverage,2939,0.604235197368421,0.8583096468529121,1.010237728076279,1.019711889128594,25,True
1,1.25,local,0.75,0.9182624905506034,paper,Paper greedy,3648,0.75,0.9182624905506034,1.3389832482443975,1.3211168062043297,38,True
1,1.25,local,0.75,0.9182624905506034,quant,"Quant q=131,072",3529,0.7255345394736842,0.9216772484507962,1.1691222032994446,1.1843952396578934,25,True
1,1.25,local,0.75,0.9182624905506034,global_supported,Two-line supported,3529,0.7255345394736842,0.9216772484507962,1.1691222032994446,1.1843952396578934,25,True
1,1.25,local,0.75,0.9182624905506034,lookup_supported,Lookup supported,3478,0.7150493421052632,0.9185885093797692,1.1644331804028905,1.1698410556814522,26,True
1,1.25,local,0.75,0.9182624905506034,exact_coverage,Exact global coverage,3511,0.7218338815789473,0.9182644946511356,1.159745069393758,1.1777002465654711,24,True
1,1.25,local,0.875,0.9658630974628,paper,Paper greedy,4254,0.8745888157894737,0.9658630974628,1.4842217016090669,1.483158850382297,33,True
1,1.25,local,0.875,0.9658630974628,quant,"Quant q=131,072",4061,0.8349095394736842,0.9665035699366872,1.3257708094328824,1.353584213442971,23,True
1,1.25,local,0.875,0.9658630974628,global_supported,Two-line supported,4061,0.8349095394736842,0.9665035699366872,1.3257708094328824,1.353584213442971,23,True
1,1.25,local,0.875,0.9658630974628,lookup_supported,Lookup supported,4032,0.8289473684210527,0.9659265942343952,1.331396322345589,1.3439519179521542,28,True
1,1.25,local,0.875,0.9658630974628,exact_coverage,Exact global coverage,4053,0.833264802631579,0.965871473680978,1.323250418836933,1.3507012736490704,22,True
1,1.25,random,0.125,0.1570885965948795,paper,Paper greedy,606,0.12458881578947369,0.1570885965948795,0.2042568238027259,0.2039301363511778,5,True
1,1.25,random,0.125,0.1570885965948795,quant,"Quant q=131,072",695,0.14288651315789475,0.1793907341696427,0.2260970687674689,0.2303149694373268,5,True
1,1.25,random,0.125,0.1570885965948795,global_supported,Two-line supported,695,0.14288651315789475,0.1793907341696427,0.2260970687674689,0.2303149694373268,5,True
1,1.25,random,0.125,0.1570885965948795,lookup_supported,Lookup supported,620,0.12746710526315788,0.1633036829270454,0.2077548823851046,0.2077988727663498,5,True
1,1.25,random,0.125,0.1570885965948795,exact_coverage,Exact global coverage,606,0.12458881578947369,0.1571641777750565,0.197214058833984,0.2015871713643952,4,True
1,1.25,random,0.25,0.3082593026227765,paper,Paper greedy,1212,0.24917763157894737,0.3082593026227765,0.4299236531104271,0.4259723822500726,12,True
1,1.25,random,0.25,0.3082593026227765,quant,"Quant q=131,072",1344,0.27631578947368424,0.3368202549760722,0.439494862189854,0.4490068693662895,10,True
1,1.25,random,0.25,0.3082593026227765,global_supported,Two-line supported,1344,0.27631578947368424,0.3368202549760722,0.439494862189854,0.4490068693662895,10,True
1,1.25,random,0.25,0.3082593026227765,lookup_supported,Lookup supported,1265,0.26007401315789475,0.3252312725875741,0.4312606769632258,0.4288643483107004,11,True
1,1.25,random,0.25,0.3082593026227765,exact_coverage,Exact global coverage,1227,0.25226151315789475,0.3082714139362556,0.4007751532208858,0.4099701844757825,9,True
1,1.25,random,0.375,0.4539658017924325,paper,Paper greedy,1824,0.375,0.4539658017924325,0.6452175608632685,0.6333091142818787,18,True
1,1.25,random,0.375,0.4539658017924325,quant,"Quant q=131,072",1871,0.3846628289473684,0.4610841789857813,0.6132154116982693,0.626203375108277,14,True
1,1.25,random,0.375,0.4539658017924325,global_supported,Two-line supported,1871,0.3846628289473684,0.4610841789857813,0.6132154116982693,0.626203375108277,14,True
1,1.25,random,0.375,0.4539658017924325,lookup_supported,Lookup supported,1899,0.39041940789473684,0.474293020464652,0.6415745826015437,0.6400459465455675,16,True
1,1.25,random,0.375,0.4539658017924325,exact_coverage,Exact global coverage,1851,0.38055098684210525,0.4539918928275445,0.6040914602500916,0.6172258441748203,13,True
1,1.25,random,0.5,0.5878003861232982,paper,Paper greedy,2430,0.4995888157894737,0.5878003861232982,0.8598037732868159,0.847405253771153,24,True
1,1.25,random,0.5,0.5878003861232982,quant,"Quant q=131,072",2501,0.5141858552631579,0.602994441070106,0.818718394700205,0.836206637789016,18,True
1,1.25,random,0.5,0.5878003861232982,global_supported,Two-line supported,2501,0.5141858552631579,0.602994441070106,0.818718394700205,0.836206637789016,18,True
1,1.25,random,0.5,0.5878003861232982,lookup_supported,Lookup supported,2426,0.4987664473684211,0.5932268239036629,0.8099074169088714,0.813868204825037,19,True
1,1.25,random,0.5,0.5878003861232982,exact_coverage,Exact global coverage,2433,0.5002055921052632,0.5878176649413578,0.7966670947582553,0.8137663845612597,18,True
1,1.25,random,0.625,0.7085653209432355,paper,Paper greedy,3036,0.6241776315789473,0.7085653209432355,1.072183252686824,1.0585735323912708,29,True
1,1.25,random,0.625,0.7085653209432355,quant,"Quant q=131,072",3060,0.6291118421052632,0.719958179011957,1.000560270342785,1.0233300236149996,21,True
1,1.25,random,0.625,0.7085653209432355,global_supported,Two-line supported,3060,0.6291118421052632,0.719958179011957,1.000560270342785,1.0233300236149996,21,True
1,1.25,random,0.625,0.7085653209432355,lookup_supported,Lookup supported,2998,0.6163651315789473,0.711620581816566,0.995649783990527,1.0030763472740811,23,True
1,1.25,random,0.625,0.7085653209432355,exact_coverage,Exact global coverage,3006,0.6180098684210527,0.7085803614760198,0.9826760916552444,1.004153446470683,20,True
1,1.25,random,0.75,0.8223543003776674,paper,Paper greedy,3648,0.75,0.8223543003776674,1.2894726105141423,1.271644642970693,34,True
1,1.25,random,0.75,0.8223543003776674,quant,"Quant q=131,072",3623,0.744860197368421,0.825928160930296,1.1803111589523798,1.2067228366196618,23,True
1,1.25,random,0.75,0.8223543003776674,global_supported,Two-line supported,3623,0.744860197368421,0.825928160930296,1.1803111589523798,1.2067228366196618,23,True
1,1.25,random,0.75,0.8223543003776674,lookup_supported,Lookup supported,3624,0.7450657894736842,0.8324870887902707,1.200367958329878,1.211930595782016,27,True
1,1.25,random,0.75,0.8223543003776674,exact_coverage,Exact global coverage,3605,0.7411595394736842,0.8223661871149603,1.1742910763484602,1.1998679042028495,23,True
1,1.25,random,0.875,0.9170063088615054,paper,Paper greedy,4254,0.8745888157894737,0.9170063088615054,1.4689154257436678,1.457239586650949,34,True
1,1.25,random,0.875,0.9170063088615054,quant,"Quant q=131,072",4185,0.8604029605263158,0.9235051429528196,1.3628238066832,1.394196046613202,26,True
1,1.25,random,0.875,0.9170063088615054,global_supported,Two-line supported,4185,0.8604029605263158,0.9235051429528196,1.3628238066832,1.394196046613202,26,True
1,1.25,random,0.875,0.9170063088615054,lookup_supported,Lookup supported,4202,0.8638980263157895,0.9247832985046824,1.3671452305948089,1.392799224734551,26,True
1,1.25,random,0.875,0.9170063088615054,exact_coverage,Exact global coverage,4146,0.8523848684210527,0.9170359062216948,1.3499720140877456,1.3816209743742027,26,True
1,1.44,hot-cold,0.125,0.3337587299798516,paper,Paper greedy,606,0.12458881578947369,0.3337587299798516,0.2138349841602148,0.2092645278094512,6,True
1,1.44,hot-cold,0.125,0.3337587299798516,quant,"Quant q=131,072",693,0.14247532894736842,0.374319028096314,0.2258337817939369,0.2316053525191307,5,True
1,1.44,hot-cold,0.125,0.3337587299798516,global_supported,Two-line supported,693,0.14247532894736842,0.374319028096314,0.2258337817939369,0.2316053525191307,5,True
1,1.44,hot-cold,0.125,0.3337587299798516,lookup_supported,Lookup supported,633,0.13013980263157895,0.3494314156329876,0.2108337179111604,0.210704915471092,5,True
1,1.44,hot-cold,0.125,0.3337587299798516,exact_coverage,Exact global coverage,605,0.12438322368421052,0.3339140407426336,0.1968183116608902,0.2014555975644111,4,True
1,1.44,hot-cold,0.25,0.5463716776523906,paper,Paper greedy,1212,0.24917763157894737,0.5463716776523906,0.4281864377514707,0.4247186095509674,11,True
1,1.44,hot-cold,0.25,0.5463716776523906,quant,"Quant q=131,072",1324,0.2722039473684211,0.5830266937924955,0.4307934766398009,0.440146634655602,8,True
1,1.44,hot-cold,0.25,0.5463716776523906,global_supported,Two-line supported,1324,0.2722039473684211,0.5830266937924955,0.4307934766398009,0.440146634655602,8,True
1,1.44,hot-cold,0.25,0.5463716776523906,lookup_supported,Lookup supported,1297,0.26665296052631576,0.5751888806929089,0.423817492516471,0.4286057282955635,9,True
1,1.44,hot-cold,0.25,0.5463716776523906,exact_coverage,Exact global coverage,1189,0.24444901315789475,0.546412037956244,0.3868049133302454,0.3948439744707779,7,True
1,1.44,hot-cold,0.375,0.691593145481026,paper,Paper greedy,1824,0.375,0.691593145481026,0.6452410367464977,0.6404422591091635,16,True
1,1.44,hot-cold,0.375,0.691593145481026,quant,"Quant q=131,072",1874,0.3852796052631579,0.7087058576036401,0.6096487868636501,0.6237101187073637,11,True
1,1.44,hot-cold,0.375,0.691593145481026,global_supported,Two-line supported,1874,0.3852796052631579,0.7087058576036401,0.6096487868636501,0.6237101187073637,11,True
1,1.44,hot-cold,0.375,0.691593145481026,lookup_supported,Lookup supported,1814,0.3729440789473684,0.697965373258219,0.5969141457124856,0.6022487845101182,13,True
1,1.44,hot-cold,0.375,0.691593145481026,exact_coverage,Exact global coverage,1793,0.3686266447368421,0.691597816004335,0.5840256578478326,0.5961829172677888,11,True
1,1.44,hot-cold,0.5,0.789903927730885,paper,Paper greedy,2430,0.4995888157894737,0.789903927730885,0.8514698347404713,0.8506520353173002,20,True
1,1.44,hot-cold,0.5,0.789903927730885,quant,"Quant q=131,072",2461,0.5059621710526315,0.8068744269371477,0.8010104371181199,0.8196450061454752,14,True
1,1.44,hot-cold,0.5,0.789903927730885,global_supported,Two-line supported,2461,0.5059621710526315,0.8068744269371477,0.8010104371181199,0.8196450061454752,14,True
1,1.44,hot-cold,0.5,0.789903927730885,lookup_supported,Lookup supported,2477,0.5092516447368421,0.8077284280890935,0.8058164594777275,0.8169564541332619,17,True
1,1.44,hot-cold,0.5,0.789903927730885,exact_coverage,Exact global coverage,2354,0.4839638157894737,0.7899100106537567,0.765872585748424,0.7831136461920377,13,True
1,1.44,hot-cold,0.625,0.868615627790974,paper,Paper greedy,3036,0.6241776315789473,0.868615627790974,1.026217473324169,1.0375845958402132,19,True
1,1.44,hot-cold,0.625,0.868615627790974,quant,"Quant q=131,072",3065,0.630139802631579,0.8837852356127146,0.9971043392407084,1.0186091364009124,17,True
1,1.44,hot-cold,0.625,0.868615627790974,global_supported,Two-line supported,3065,0.630139802631579,0.8837852356127146,0.9971043392407084,1.0186091364009124,17,True
1,1.44,hot-cold,0.625,0.868615627790974,lookup_supported,Lookup supported,2981,0.6128700657894737,0.8736937107034719,0.9722307290720134,0.985553749930332,19,True
1,1.44,hot-cold,0.625,0.868615627790974,exact_coverage,Exact global coverage,2931,0.6025904605263158,0.8686167545448392,0.9536641163452362,0.9743837198335772,16,True
1,1.44,hot-cold,0.75,0.9193056305268194,paper,Paper greedy,3648,0.75,0.9193056305268194,1.229984722411503,1.2409095941243846,23,True
1,1.44,hot-cold,0.75,0.9193056305268194,quant,"Quant q=131,072",3457,0.7107319078947368,0.9201802212339733,1.124629592416029,1.1501492801053157,18,True
1,1.44,hot-cold,0.75,0.9193056305268194,global_supported,Two-line supported,3457,0.7107319078947368,0.9201802212339733,1.124629592416029,1.1501492801053157,18,True
1,1.44,hot-cold,0.75,0.9193056305268194,lookup_supported,Lookup supported,3520,0.7236842105263158,0.924084094096725,1.1451247223906342,1.1612505917143623,23,True
1,1.44,hot-cold,0.75,0.9193056305268194,exact_coverage,Exact global coverage,3447,0.7086759868421053,0.9193170121190812,1.1213763971819648,1.1466685688288352,16,True
1,1.44,hot-cold,0.875,0.9609544174194278,paper,Paper greedy,4254,0.8745888157894737,0.9609544174194278,1.4389367228600567,1.4532874908445896,28,True
1,1.44,hot-cold,0.875,0.9609544174194278,quant,"Quant q=131,072",4074,0.8375822368421053,0.9631290080031412,1.3261616563292018,1.3556726989359769,21,True
1,1.44,hot-cold,0.875,0.9609544174194278,global_supported,Two-line supported,4074,0.8375822368421053,0.9631290080031412,1.3261616563292018,1.3556726989359769,21,True
1,1.44,hot-cold,0.875,0.9609544174194278,lookup_supported,Lookup supported,4067,0.8361430921052632,0.961909181468058,1.3245417443957723,1.3449769418344486,26,True
1,1.44,hot-cold,0.875,0.9609544174194278,exact_coverage,Exact global coverage,4044,0.8314144736842105,0.9609610731780408,1.3155921526556034,1.345026733067804,19,True
1,1.44,local,0.125,0.3805529444595876,paper,Paper greedy,606,0.12458881578947369,0.3805529444595876,0.2581574516968302,0.2452235379751358,10,True
1,1.44,local,0.125,0.3805529444595876,quant,"Quant q=131,072",647,0.13301809210526316,0.3890107156429643,0.2459655291448046,0.2402827019183219,8,True
1,1.44,local,0.125,0.3805529444595876,global_supported,Two-line supported,647,0.13301809210526316,0.3890107156429643,0.2459655291448046,0.2402827019183219,8,True
1,1.44,local,0.125,0.3805529444595876,lookup_supported,Lookup supported,649,0.13342927631578946,0.3881985542719711,0.2464635749506281,0.2357697651969875,8,True
1,1.44,local,0.125,0.3805529444595876,exact_coverage,Exact global coverage,617,0.12685032894736842,0.3807219071503027,0.2386709111816713,0.2332550275439742,8,True
1,1.44,local,0.25,0.5613880195405678,paper,Paper greedy,1212,0.24917763157894737,0.5613880195405678,0.4830730527411989,0.4610800764890556,17,True
1,1.44,local,0.25,0.5613880195405678,quant,"Quant q=131,072",1332,0.2738486842105263,0.5767884298930419,0.4529749194401547,0.4563234079253141,11,True
1,1.44,local,0.25,0.5613880195405678,global_supported,Two-line supported,1332,0.2738486842105263,0.5767884298930419,0.4529749194401547,0.4563234079253141,11,True
1,1.44,local,0.25,0.5613880195405678,lookup_supported,Lookup supported,1237,0.2543174342105263,0.5632389016066746,0.4389722006415242,0.4313083233591179,12,True
1,1.44,local,0.25,0.5613880195405678,exact_coverage,Exact global coverage,1257,0.2584292763157895,0.5614307558360556,0.4339049806776871,0.4350268845621199,11,True
1,1.44,local,0.375,0.7054848832668812,paper,Paper greedy,1824,0.375,0.7054848832668812,0.7426894280306557,0.7122703380051485,27,True
1,1.44,local,0.375,0.7054848832668812,quant,"Quant q=131,072",2074,0.4263980263157895,0.7353592372516098,0.6887512697159616,0.7001448979644259,15,True
1,1.44,local,0.375,0.7054848832668812,global_supported,Two-line supported,2074,0.4263980263157895,0.7353592372516098,0.6887512697159616,0.7001448979644259,15,True
1,1.44,local,0.375,0.7054848832668812,lookup_supported,Lookup supported,1876,0.38569078947368424,0.707237222385693,0.6485416396907312,0.6440387802017993,16,True
1,1.44,local,0.375,0.7054848832668812,exact_coverage,Exact global coverage,1928,0.3963815789473684,0.7055035924460507,0.639364810698677,0.6498703217353735,14,True
1,1.44,local,0.5,0.8034963830367392,paper,Paper greedy,2430,0.4995888157894737,0.8034963830367392,0.9698352379817926,0.9341914058868198,34,True
1,1.44,local,0.5,0.8034963830367392,quant,"Quant q=131,072",2502,0.514391447368421,0.8137548708461566,0.8301243311077653,0.8454938779453237,18,True
1,1.44,local,0.5,0.8034963830367392,global_supported,Two-line supported,2502,0.514391447368421,0.8137548708461566,0.8301243311077653,0.8454938779453237,18,True
1,1.44,local,0.5,0.8034963830367392,lookup_supported,Lookup supported,2425,0.4985608552631579,0.8049294738868829,0.816484007054832,0.8198096422822733,19,True
1,1.44,local,0.5,0.8034963830367392,exact_coverage,Exact global coverage,2458,0.5053453947368421,0.8034985009884883,0.808673603576224,0.827710886574954,17,True
1,1.44,local,0.625,0.8705780744839561,paper,Paper greedy,3036,0.6241776315789473,0.8705780744839561,1.1640209078792176,1.129529889276053,37,True
1,1.44,local,0.625,0.8705780744839561,quant,"Quant q=131,072",3001,0.6169819078947368,0.8803778743275844,0.9951937136837689,1.0096204787761969,19,True
1,1.44,local,0.625,0.8705780744839561,global_supported,Two-line supported,3001,0.6169819078947368,0.8803778743275844,0.9951937136837689,1.0096204787761969,19,True
1,1.44,local,0.625,0.8705780744839561,lookup_supported,Lookup supported,2887,0.5935444078947368,0.8709155430476831,0.9804093770831184,0.9784178205361668,22,True
1,1.44,local,0.625,0.8705780744839561,exact_coverage,Exact global coverage,2937,0.6038240131578947,0.8705817958858063,0.9688799075101384,0.9842829239969167,18,True
1,1.44,local,0.75,0.9266071126007036,paper,Paper greedy,3648,0.75,0.9266071126007036,1.3286538596235762,1.3085746960967586,38,True
1,1.44,local,0.75,0.9266071126007036,quant,"Quant q=131,072",3465,0.7123766447368421,0.927654527636562,1.1392635387582144,1.160488149262227,20,True
1,1.44,local,0.75,0.9266071126007036,global_supported,Two-line supported,3465,0.7123766447368421,0.927654527636562,1.1392635387582144,1.160488149262227,20,True
1,1.44,local,0.75,0.9266071126007036,lookup_supported,Lookup supported,3437,0.7066200657894737,0.9281207772548008,1.1488296572116148,1.1576678800066171,23,True
1,1.44,local,0.75,0.9266071126007036,exact_coverage,Exact global coverage,3455,0.7103207236842105,0.9266099820637032,1.1359986055825355,1.1575570845772858,20,True
1,1.44,local,0.875,0.9628307107622388,paper,Paper greedy,4254,0.8745888157894737,0.9628307107622388,1.4925791160386406,1.4931754418251124,36,True
1,1.44,local,0.875,0.9628307107622388,quant,"Quant q=131,072",3918,0.8055098684210527,0.9643727456422516,1.2836048939247684,1.3089217674436362,21,True
1,1.44,local,0.875,0.9628307107622388,global_supported,Two-line supported,3918,0.8055098684210527,0.9643727456422516,1.2836048939247684,1.3089217674436362,21,True
1,1.44,local,0.875,0.9628307107622388,lookup_supported,Lookup supported,3899,0.8016036184210527,0.962954398667516,1.2806165430992091,1.2985272209249077,23,True
1,1.44,local,0.875,0.9628307107622388,exact_coverage,Exact global coverage,3896,0.8009868421052632,0.96283234440924,1.2762717952856082,1.3023294602269342,21,True
1,1.44,random,0.125,0.1865734731438592,paper,Paper greedy,606,0.12458881578947369,0.1865734731438592,0.2249156010443686,0.2190731713415334,7,True
1,1.44,random,0.125,0.1865734731438592,quant,"Quant q=131,072",646,0.1328125,0.1892097209250993,0.2153680581974228,0.2184131132048481,5,True
1,1.44,random,0.125,0.1865734731438592,global_supported,Two-line supported,646,0.1328125,0.1892097209250993,0.2153680581974228,0.2184131132048481,5,True
1,1.44,random,0.125,0.1865734731438592,lookup_supported,Lookup supported,634,0.13034539473684212,0.1964981776038736,0.231723911143293,0.2247323087784501,7,True
1,1.44,random,0.125,0.1865734731438592,exact_coverage,Exact global coverage,635,0.13055098684210525,0.1866074403842553,0.21252903376167,0.2152531465613449,5,True
1,1.44,random,0.25,0.3308997112139902,paper,Paper greedy,1212,0.24917763157894737,0.3308997112139902,0.4402530417312484,0.4320936159993774,13,True
1,1.44,random,0.25,0.3308997112139902,quant,"Quant q=131,072",1249,0.25678453947368424,0.333183333145699,0.4103854125332724,0.418083361156143,9,True
1,1.44,random,0.25,0.3308997112139902,global_supported,Two-line supported,1249,0.25678453947368424,0.333183333145699,0.4103854125332724,0.418083361156143,9,True
1,1.44,random,0.25,0.3308997112139902,lookup_supported,Lookup supported,1314,0.2701480263157895,0.3490011150270294,0.4370245382303089,0.4384284184773764,10,True
1,1.44,random,0.25,0.3308997112139902,exact_coverage,Exact global coverage,1236,0.25411184210526316,0.33090529151021,0.4072244114159146,0.4141138760270256,9,True
1,1.44,random,0.375,0.4649102514368005,paper,Paper greedy,1824,0.375,0.4649102514368005,0.645968789126601,0.6363096407475445,18,True
1,1.44,random,0.375,0.4649102514368005,quant,"Quant q=131,072",1916,0.3939144736842105,0.4804775282148515,0.6274557002366633,0.6412388033225435,13,True
1,1.44,random,0.375,0.4649102514368005,global_supported,Two-line supported,1916,0.3939144736842105,0.4804775282148515,0.6274557002366633,0.6412388033225435,13,True
1,1.44,random,0.375,0.4649102514368005,lookup_supported,Lookup supported,1881,0.38671875,0.4742645756491152,0.6239339377991999,0.6268854141438033,14,True
1,1.44,random,0.375,0.4649102514368005,exact_coverage,Exact global coverage,1847,0.37972861842105265,0.4649163457695867,0.6049147495887031,0.6178151200147174,13,True
1,1.44,random,0.5,0.5943487139134742,paper,Paper greedy,2430,0.4995888157894737,0.5943487139134742,0.8605550015501483,0.8469045401718338,24,True
1,1.44,random,0.5,0.5943487139134742,quant,"Quant q=131,072",2566,0.5275493421052632,0.6184456717221805,0.8380213068881356,0.8559430522569199,17,True
1,1.44,random,0.5,0.5943487139134742,global_supported,Two-line supported,2566,0.5275493421052632,0.6184456717221805,0.8380213068881356,0.8559430522569199,17,True
1,1.44,random,0.5,0.5943487139134742,lookup_supported,Lookup supported,2455,0.5047286184210527,0.600960545473764,0.8203159322416672,0.8218751759333709,19,True
1,1.44,random,0.5,0.5943487139134742,exact_coverage,Exact global coverage,2452,0.5041118421052632,0.5943595189671218,0.8003714600223032,0.8159853106649296,16,True
1,1.44,random,0.625,0.7123320892106926,paper,Paper greedy,3036,0.6241776315789473,0.7123320892106926,1.0743899857103631,1.054701227582511,30,True
1,1.44,random,0.625,0.7123320892106926,quant,"Quant q=131,072",3167,0.651110197368421,0.7390688054132117,1.0336087681050876,1.054258808461363,21,True
1,1.44,random,0.625,0.7123320892106926,global_supported,Two-line supported,3167,0.651110197368421,0.7390688054132117,1.0336087681050876,1.054258808461363,21,True
1,1.44,random,0.625,0.7123320892106926,lookup_supported,Lookup supported,2964,0.609375,0.7133186370930378,1.0066914642549432,1.0012957453422184,25,True
1,1.44,random,0.625,0.7123320892106926,exact_coverage,Exact global coverage,3033,0.6235608552631579,0.7123344712172215,0.98976945519472,1.0101472081913412,20,True
1,1.44,random,0.75,0.8241643959717909,paper,Paper greedy,3648,0.75,0.8241643959717909,1.282335942012484,1.2633384390614166,34,True
1,1.44,random,0.75,0.8241643959717909,quant,"Quant q=131,072",3635,0.747327302631579,0.8287878326305207,1.185200980328881,1.210089595682876,24,True
1,1.44,random,0.75,0.8241643959717909,global_supported,Two-line supported,3635,0.747327302631579,0.8287878326305207,1.185200980328881,1.210089595682876,24,True
1,1.44,random,0.75,0.8241643959717909,lookup_supported,Lookup supported,3609,0.7419819078947368,0.8284024851817431,1.1907460370664955,1.202576071416208,26,True
1,1.44,random,0.75,0.8241643959717909,exact_coverage,Exact global coverage,3609,0.7419819078947368,0.8241713610244918,1.177306093917813,1.20133900149509,24,True
1,1.44,random,0.875,0.9204139163762668,paper,Paper greedy,4254,0.8745888157894737,0.9204139163762668,1.474807872434182,1.4670628927627032,35,True
1,1.44,random,0.875,0.9204139163762668,quant,"Quant q=131,072",4160,0.8552631578947368,0.9206619799313868,1.3540569697508529,1.381459518212837,25,True
1,1.44,random,0.875,0.9204139163762668,global_supported,Two-line supported,4160,0.8552631578947368,0.9206619799313868,1.3540569697508529,1.381459518212837,25,True
1,1.44,random,0.875,0.9204139163762668,lookup_supported,Lookup supported,4157,0.8546463815789473,0.9220394159355304,1.3662392437305662,1.3823524662948377,29,True
1,1.44,random,0.875,0.9204139163762668,exact_coverage,Exact global coverage,4159,0.8550575657894737,0.9204763705264684,1.3537316502274463,1.3811272000462542,25,True
1,2.48,hot-cold,0.125,0.3963660061957309,paper,Paper greedy,606,0.12458881578947369,0.3963660061957309,0.2145862124235473,0.2124373415896197,6,True
1,2.48,hot-cold,0.125,0.3963660061957309,quant,"Quant q=131,072",605,0.12438322368421052,0.3986858622341901,0.1968183116608902,0.2010524907826378,3,True
1,2.48,hot-cold,0.125,0.3963660061957309,global_supported,Two-line supported,605,0.12438322368421052,0.3986858622341901,0.1968183116608902,0.2010524907826378,3,True
1,2.48,hot-cold,0.125,0.3963660061957309,lookup_supported,Lookup supported,625,0.12849506578947367,0.4059834459043885,0.2033247021290188,0.2064387062673291,4,True
1,2.48,hot-cold,0.125,0.3963660061957309,exact_coverage,Exact global coverage,601,0.1235608552631579,0.3964549142957647,0.1955170335672645,0.1997232181163063,3,True
1,2.48,hot-cold,0.25,0.6050989786480552,paper,Paper greedy,1212,0.24917763157894737,0.6050989786480552,0.4205802515852295,0.4207348842344641,10,True
1,2.48,hot-cold,0.25,0.6050989786480552,quant,"Quant q=131,072",1214,0.24958881578947367,0.6142099623110411,0.395653915853895,0.4056327279377911,8,True
1,2.48,hot-cold,0.25,0.6050989786480552,global_supported,Two-line supported,1214,0.24958881578947367,0.6142099623110411,0.395653915853895,0.4056327279377911,8,True
1,2.48,hot-cold,0.25,0.6050989786480552,lookup_supported,Lookup supported,1217,0.25020559210526316,0.614257829982,0.3982027586004666,0.4027948541690961,8,True
1,2.48,hot-cold,0.25,0.6050989786480552,exact_coverage,Exact global coverage,1187,0.24403782894736842,0.6052059691638927,0.3861542742834326,0.3946775467595277,7,True
1,2.48,hot-cold,0.375,0.7422133960371985,paper,Paper greedy,1824,0.375,0.7422133960371985,0.635874159338071,0.6282208550433308,16,True
1,2.48,hot-cold,0.375,0.7422133960371985,quant,"Quant q=131,072",1751,0.3599917763157895,0.7439546045976073,0.5696344854846591,0.5816761284722766,11,True
1,2.48,hot-cold,0.375,0.7422133960371985,global_supported,Two-line supported,1751,0.3599917763157895,0.7439546045976073,0.5696344854846591,0.5816761284722766,11,True
1,2.48,hot-cold,0.375,0.7422133960371985,lookup_supported,Lookup supported,1761,0.3620476973684211,0.7448916203971288,0.5728876807187235,0.5814104570933075,12,True
1,2.48,hot-cold,0.375,0.7422133960371985,exact_coverage,Exact global coverage,1743,0.35834703947368424,0.7422369846696396,0.5670319292974078,0.5790175831396136,11,True
1,2.48,hot-cold,0.5,0.8300241322064772,paper,Paper greedy,2430,0.4995888157894737,0.8300241322064772,0.8573622814309854,0.8476988622577177,22,True
1,2.48,hot-cold,0.5,0.8300241322064772,quant,"Quant q=131,072",2336,0.48026315789473684,0.8343835664028567,0.7602633311010142,0.7764995894089003,14,True
1,2.48,hot-cold,0.5,0.8300241322064772,global_supported,Two-line supported,2336,0.48026315789473684,0.8343835664028567,0.7602633311010142,0.7764995894089003,14,True
1,2.48,hot-cold,0.5,0.8300241322064772,lookup_supported,Lookup supported,2324,0.4777960526315789,0.8318178231227129,0.7560425723965436,0.7678651936197891,16,True
1,2.48,hot-cold,0.5,0.8300241322064772,exact_coverage,Exact global coverage,2305,0.4738898026315789,0.8300357165888601,0.7500962602841129,0.7658226757925664,14,True
1,2.48,hot-cold,0.625,0.8878542612975103,paper,Paper greedy,3036,0.6241776315789473,0.8878542612975103,1.0562196520910092,1.0529715477782642,25,True
1,2.48,hot-cold,0.625,0.8878542612975103,quant,"Quant q=131,072",2816,0.5789473684210527,0.8885981912945081,0.9161702055621948,0.9356360013531976,17,True
1,2.48,hot-cold,0.625,0.8878542612975103,global_supported,Two-line supported,2816,0.5789473684210527,0.8885981912945081,0.9161702055621948,0.9356360013531976,17,True
1,2.48,hot-cold,0.625,0.8878542612975103,lookup_supported,Lookup supported,2866,0.5892269736842105,0.8923595714570749,0.9323657540828288,0.9461988662588422,19,True
1,2.48,hot-cold,0.625,0.8878542612975103,exact_coverage,Exact global coverage,2808,0.5773026315789473,0.8878573310165039,0.913872835856922,0.934465406563889,18,True
1,2.48,hot-cold,0.75,0.935303693037947,paper,Paper greedy,3648,0.75,0.935303693037947,1.2560664286790768,1.2582025888497317,27,True
1,2.48,hot-cold,0.75,0.935303693037947,quant,"Quant q=131,072",3440,0.7072368421052632,0.938625546830872,1.1193221814087966,1.144510779224158,21,True
1,2.48,hot-cold,0.75,0.935303693037947,global_supported,Two-line supported,3440,0.7072368421052632,0.938625546830872,1.1193221814087966,1.144510779224158,21,True
1,2.48,hot-cold,0.75,0.935303693037947,lookup_supported,Lookup supported,3469,0.7131990131578947,0.9399041390080988,1.1285334266969065,1.1452758274679586,23,True
1,2.48,hot-cold,0.75,0.935303693037947,exact_coverage,Exact global coverage,3398,0.6986019736842105,0.9353090238257956,1.105811354666716,1.1293337468733702,22,True
1,2.48,hot-cold,0.875,0.9642433870648444,paper,Paper greedy,4254,0.8745888157894737,0.9642433870648444,1.461825709008468,1.4653632490990132,30,True
1,2.48,hot-cold,0.875,0.9642433870648444,quant,"Quant q=131,072",3968,0.8157894736842105,0.968424429160029,1.2910204621177042,1.3189312160094169,21,True
1,2.48,hot-cold,0.875,0.9642433870648444,global_supported,Two-line supported,3968,0.8157894736842105,0.968424429160029,1.2910204621177042,1.3189312160094169,21,True
1,2.48,hot-cold,0.875,0.9642433870648444,lookup_supported,Lookup supported,3980,0.8182565789473685,0.9682562045328872,1.2949242963985814,1.3137774148361918,25,True
1,2.48,hot-cold,0.875,0.9642433870648444,exact_coverage,Exact global coverage,3889,0.799547697368421,0.9642451260239664,1.2653906474182837,1.2929227196851518,21,True
1,2.48,local,0.125,0.4800285658452251,paper,Paper greedy,606,0.12458881578947369,0.4800285658452251,0.269238068580984,0.2578672977984529,11,True
1,2.48,local,0.125,0.4800285658452251,quant,"Quant q=131,072",624,0.12828947368421054,0.4843583349321509,0.2484486925372264,0.2503797928011205,8,True
1,2.48,local,0.125,0.4800285658452251,global_supported,Two-line supported,624,0.12828947368421054,0.4843583349321509,0.2484486925372264,0.2503797928011205,8,True
1,2.48,local,0.125,0.4800285658452251,lookup_supported,Lookup supported,670,0.1377467105263158,0.508191533563541,0.273731041293129,0.2630099486120349,10,True
1,2.48,local,0.125,0.4800285658452251,exact_coverage,Exact global coverage,613,0.1260279605263158,0.4800424920894979,0.2452810057362656,0.2459049505152478,8,True
1,2.48,local,0.25,0.6460732775640866,paper,Paper greedy,1212,0.24917763157894737,0.6460732775640866,0.5077227301317953,0.4960435361736211,19,True
1,2.48,local,0.25,0.6460732775640866,quant,"Quant q=131,072",1233,0.2534950657894737,0.6514853296698844,0.4495731953450723,0.4460096845013021,13,True
1,2.48,local,0.25,0.6460732775640866,global_supported,Two-line supported,1233,0.2534950657894737,0.6514853296698844,0.4495731953450723,0.4460096845013021,13,True
1,2.48,local,0.25,0.6460732775640866,lookup_supported,Lookup supported,1226,0.2520559210526316,0.6481804743674813,0.4467207995421133,0.4378368477410611,13,True
1,2.48,local,0.25,0.6460732775640866,exact_coverage,Exact global coverage,1207,0.24814967105263158,0.6460864910577302,0.4420891368905144,0.4386732603299594,13,True
1,2.48,local,0.375,0.7612483158983279,paper,Paper greedy,1824,0.375,0.7612483158983279,0.7340972547687906,0.7138095204655047,26,True
1,2.48,local,0.375,0.7612483158983279,quant,"Quant q=131,072",1860,0.3824013157894737,0.7684444455288681,0.6563186907419424,0.6637487040261932,17,True
1,2.48,local,0.375,0.7612483158983279,global_supported,Two-line supported,1860,0.3824013157894737,0.7684444455288681,0.6563186907419424,0.6637487040261932,17,True
1,2.48,local,0.375,0.7612483158983279,lookup_supported,Lookup supported,1821,0.3743832236842105,0.7711077783925626,0.6726591589419226,0.6592540285864917,20,True
1,2.48,local,0.375,0.7612483158983279,exact_coverage,Exact global coverage,1844,0.37911184210526316,0.7612838529712638,0.6427444259962513,0.6518313758352546,16,True
1,2.48,local,0.5,0.8479492630993875,paper,Paper greedy,2430,0.4995888157894737,0.8479492630993875,0.9661730001980467,0.93674697430898,33,True
1,2.48,local,0.5,0.8479492630993875,quant,"Quant q=131,072",2397,0.4928042763157895,0.8508182813042435,0.829688887408749,0.8382797244444502,20,True
1,2.48,local,0.5,0.8479492630993875,global_supported,Two-line supported,2397,0.4928042763157895,0.8508182813042435,0.829688887408749,0.8382797244444502,20,True
1,2.48,local,0.5,0.8479492630993875,lookup_supported,Lookup supported,2354,0.4839638157894737,0.84889785788709,0.8322506455788159,0.8237560405185079,22,True
1,2.48,local,0.5,0.8479492630993875,exact_coverage,Exact global coverage,2372,0.4876644736842105,0.8479648800045909,0.8230348799670241,0.8305847534351933,20,True
1,2.48,local,0.625,0.9037855917337873,paper,Paper greedy,3036,0.6241776315789473,0.9037855917337873,1.1325162725857123,1.1178100466372056,34,True
1,2.48,local,0.625,0.9037855917337873,quant,"Quant q=131,072",2983,0.61328125,0.91119023939934,0.9945848221641655,1.0100321763644338,21,True
1,2.48,local,0.625,0.9037855917337873,global_supported,Two-line supported,2983,0.61328125,0.91119023939934,0.9945848221641655,1.0100321763644338,21,True
1,2.48,local,0.625,0.9037855917337873,lookup_supported,Lookup supported,2861,0.5881990131578947,0.904085880883602,0.9858722682294307,0.9815705650654132,24,True
1,2.48,local,0.625,0.9037855917337873,exact_coverage,Exact global coverage,2888,0.59375,0.903790816580466,0.971884288629139,0.9877535946577136,21,True
1,2.48,local,0.75,0.9438776884227024,paper,Paper greedy,3648,0.75,0.9438776884227024,1.3453921643659523,1.340272841401928,39,True
1,2.48,local,0.75,0.9438776884227024,quant,"Quant q=131,072",3384,0.6957236842105263,0.9439103128776112,1.1165983710292684,1.1382769507045885,21,True
1,2.48,local,0.75,0.9438776884227024,global_supported,Two-line supported,3384,0.6957236842105263,0.9439103128776112,1.1165983710292684,1.1382769507045885,21,True
1,2.48,local,0.75,0.9438776884227024,lookup_supported,Lookup supported,3354,0.6895559210526315,0.9443685316923872,1.12691066548799,1.1324178511665066,24,True
1,2.48,local,0.75,0.9438776884227024,exact_coverage,Exact global coverage,3384,0.6957236842105263,0.9438865679860398,1.1165162054379665,1.1387417203737398,21,True
1,2.48,local,0.875,0.9787934985930042,paper,Paper greedy,4254,0.8745888157894737,0.9787934985930042,1.5137308868280952,1.5229980449371474,37,True
1,2.48,local,0.875,0.9787934985930042,quant,"Quant q=131,072",4027,0.8279194078947368,0.9797836716618816,1.3192760049251315,1.3454353183779226,23,True
1,2.48,local,0.875,0.9787934985930042,global_supported,Two-line supported,4027,0.8279194078947368,0.9797836716618816,1.3192760049251315,1.3454353183779226,23,True
1,2.48,local,0.875,0.9787934985930042,lookup_supported,Lookup supported,3991,0.8205180921052632,0.9788008124645444,1.3147950741170749,1.3341513426960918,23,True
1,2.48,local,0.875,0.9787934985930042,exact_coverage,Exact global coverage,3996,0.821546052631579,0.9788027023265704,1.3119847298037997,1.3358148073705918,23,True
1,2.48,random,0.125,0.2133968916013871,paper,Paper greedy,606,0.12458881578947369,0.2133968916013871,0.2581574516968302,0.2498485355689849,10,True
1,2.48,random,0.125,0.2133968916013871,quant,"Quant q=131,072",699,0.14370888157894737,0.2288535131189762,0.2377042595986869,0.2430164870387046,6,True
1,2.48,random,0.125,0.2133968916013871,global_supported,Two-line supported,699,0.14370888157894737,0.2288535131189762,0.2377042595986869,0.2430164870387046,6,True
1,2.48,random,0.125,0.2133968916013871,lookup_supported,Lookup supported,648,0.13322368421052633,0.2150359764674113,0.2247986775719338,0.2222580590165322,6,True
1,2.48,random,0.125,0.2133968916013871,exact_coverage,Exact global coverage,666,0.13692434210526316,0.2134586796386952,0.2189282253202944,0.2245508564214976,5,True
1,2.48,random,0.25,0.3601653135730465,paper,Paper greedy,1212,0.24917763157894737,0.3601653135730465,0.4611700536884117,0.4534214250047711,15,True
1,2.48,random,0.25,0.3601653135730465,quant,"Quant q=131,072",1270,0.2611019736842105,0.3690416652526604,0.4249172122239651,0.4342173405169444,10,True
1,2.48,random,0.25,0.3601653135730465,global_supported,Two-line supported,1270,0.2611019736842105,0.3690416652526604,0.4249172122239651,0.4342173405169444,10,True
1,2.48,random,0.25,0.3601653135730465,lookup_supported,Lookup supported,1268,0.26069078947368424,0.3710550796120424,0.43237749083282,0.4316235619227562,11,True
1,2.48,random,0.25,0.3601653135730465,exact_coverage,Exact global coverage,1234,0.25370065789473684,0.36019262768874,0.4129592126074277,0.4217940737259085,10,True
1,2.48,random,0.375,0.5010539104538052,paper,Paper greedy,1824,0.375,0.5010539104538052,0.6779664179679181,0.6659810401977778,21,True
1,2.48,random,0.375,0.5010539104538052,quant,"Quant q=131,072",1905,0.39165296052631576,0.5111297913131176,0.6242645375524734,0.6392378494692602,13,True
1,2.48,random,0.375,0.5010539104538052,global_supported,Two-line supported,1905,0.39165296052631576,0.5111297913131176,0.6242645375524734,0.6392378494692602,13,True
1,2.48,random,0.375,0.5010539104538052,lookup_supported,Lookup supported,1821,0.3743832236842105,0.5028873089883074,0.6228550726713031,0.618903531197472,16,True
1,2.48,random,0.375,0.5010539104538052,exact_coverage,Exact global coverage,1858,0.38199013157894735,0.5011064515252823,0.6101952658802864,0.6237101490014595,13,True
1,2.48,random,0.5,0.6193170298818432,paper,Paper greedy,2430,0.4995888157894737,0.6193170298818432,0.8814720135073116,0.8642346955175739,26,True
1,2.48,random,0.5,0.6193170298818432,quant,"Quant q=131,072",2431,0.49979440789473684,0.6212522768483797,0.7934341085562371,0.8124193052151717,16,True
1,2.48,random,0.5,0.6193170298818432,global_supported,Two-line supported,2431,0.49979440789473684,0.6212522768483797,0.7934341085562371,0.8124193052151717,16,True
1,2.48,random,0.5,0.6193170298818432,lookup_supported,Lookup supported,2441,0.5018503289473685,0.6313690729223215,0.8208557255747004,0.8235572400305851,20,True
1,2.48,random,0.5,0.6193170298818432,exact_coverage,Exact global coverage,2420,0.4975328947368421,0.619375534604,0.7905011805875677,0.809076253037668,16,True
1,2.48,random,0.625,0.7313968755813465,paper,Paper greedy,3036,0.6241776315789473,0.7313968755813465,1.0753994486892162,1.0573247358511872,30,True
1,2.48,random,0.625,0.7313968755813465,quant,"Quant q=131,072",3102,0.6377467105263158,0.7520422044470785,1.012779923507263,1.0370541353989549,21,True
1,2.48,random,0.625,0.7313968755813465,global_supported,Two-line supported,3102,0.6377467105263158,0.7520422044470785,1.012779923507263,1.0370541353989549,21,True
1,2.48,random,0.625,0.7313968755813465,lookup_supported,Lookup supported,2983,0.61328125,0.7337819257485865,0.9903004734748476,0.998221367883994,22,True
1,2.48,random,0.625,0.7313968755813465,exact_coverage,Exact global coverage,2996,0.615953947368421,0.7314026315130657,0.9773335428137866,0.9997765108678338,20,True
1,2.48,random,0.75,0.8330329068274088,paper,Paper greedy,3648,0.75,0.8330329068274088,1.2722882639904125,1.261732428794703,33,True
1,2.48,random,0.75,0.8330329068274088,quant,"Quant q=131,072",3611,0.7423930921052632,0.8435733123884662,1.1769003182193147,1.2074398827737751,24,True
1,2.48,random,0.75,0.8330329068274088,global_supported,Two-line supported,3611,0.7423930921052632,0.8435733123884662,1.1769003182193147,1.2074398827737751,24,True
1,2.48,random,0.75,0.8330329068274088,lookup_supported,Lookup supported,3581,0.7362253289473685,0.839159636859631,1.174089593952947,1.1916321758102226,25,True
1,2.48,random,0.75,0.8330329068274088,exact_coverage,Exact global coverage,3552,0.7302631578947368,0.833049522496621,1.1577064663383352,1.1856241251282338,23,True
1,2.48,random,0.875,0.9269637777193938,paper,Paper greedy,4254,0.8745888157894737,0.9269637777193938,1.484456460441358,1.4765388383400015,35,True
1,2.48,random,0.875,0.9269637777193938,quant,"Quant q=131,072",4134,0.8499177631578947,0.9283773211274882,1.3471245945521797,1.379177154683979,27,True
1,2.48,random,0.875,0.9269637777193938,global_supported,Two-line supported,4134,0.8499177631578947,0.9283773211274882,1.3471245945521797,1.379177154683979,27,True
1,2.48,random,0.875,0.9269637777193938,lookup_supported,Lookup supported,4131,0.8493009868421053,0.9280254301033928,1.354423884820232,1.3731343122716215,29,True
1,2.48,random,0.875,0.9269637777193938,exact_coverage,Exact global coverage,4125,0.8480674342105263,0.9269644843135518,1.3441849808999071,1.3755478510072112,27,True
1,3.3,hot-cold,0.125,0.4978155290952459,paper,Paper greedy,606,0.12458881578947369,0.4978155290952459,0.2249156010443686,0.2220219291827493,7,True
1,3.3,hot-cold,0.125,0.4978155290952459,quant,"Quant q=131,072",607,0.12479440789473684,0.4998611811938157,0.1974689507077031,0.2017171271158035,4,True
1,3.3,hot-cold,0.125,0.4978155290952459,global_supported,Two-line supported,607,0.12479440789473684,0.4998611811938157,0.1974689507077031,0.2017171271158035,4,True
1,3.3,hot-cold,0.125,0.4978155290952459,lookup_supported,Lookup supported,607,0.12479440789473684,0.4998611811938157,0.1974689507077031,0.2017171271158035,4,True
1,3.3,hot-cold,0.125,0.4978155290952459,exact_coverage,Exact global coverage,605,0.12438322368421052,0.498599914247767,0.1968183116608902,0.2010524907826378,4,True
1,3.3,hot-cold,0.25,0.7309872365959947,paper,Paper greedy,1212,0.24917763157894737,0.7309872365959947,0.4479061796639479,0.4437176661886928,13,True
1,3.3,hot-cold,0.25,0.7309872365959947,quant,"Quant q=131,072",1212,0.24917763157894737,0.7372964114616063,0.3947685179747907,0.4037979789567136,8,True
1,3.3,hot-cold,0.25,0.7309872365959947,global_supported,Two-line supported,1212,0.24917763157894737,0.7372964114616063,0.3947685179747907,0.4037979789567136,8,True
1,3.3,hot-cold,0.25,0.7309872365959947,lookup_supported,Lookup supported,1177,0.24198190789473684,0.7324974352972959,0.3917397490851393,0.3936920371313021,9,True
1,3.3,hot-cold,0.25,0.7309872365959947,exact_coverage,Exact global coverage,1178,0.2421875,0.7311078583263295,0.3879802649266755,0.3949103118411627,8,True
1,3.3,hot-cold,0.375,0.8466363010927987,paper,Paper greedy,1824,0.375,0.8466363010927987,0.6437855319862911,0.6442829566819183,16,True
1,3.3,hot-cold,0.375,0.8466363010927987,quant,"Quant q=131,072",1783,0.3665707236842105,0.852526452284092,0.5807724626137682,0.5932660074583409,12,True
1,3.3,hot-cold,0.375,0.8466363010927987,global_supported,Two-line supported,1783,0.3665707236842105,0.852526452284092,0.5807724626137682,0.5932660074583409,12,True
1,3.3,hot-cold,0.375,0.8466363010927987,lookup_supported,Lookup supported,1797,0.36944901315789475,0.8550700252240144,0.5883670628196318,0.5966739370625579,12,True
1,3.3,hot-cold,0.375,0.8466363010927987,exact_coverage,Exact global coverage,1745,0.3587582236842105,0.8466617716691084,0.568410320724324,0.5805139708680684,10,True
1,3.3,hot-cold,0.5,0.9138299505543792,paper,Paper greedy,2430,0.4995888157894737,0.9138299505543792,0.8547095066260926,0.8532606228004944,20,True
1,3.3,hot-cold,0.5,0.9138299505543792,quant,"Quant q=131,072",2284,0.46957236842105265,0.9139008085950916,0.7434875711832547,0.7604343673633298,14,True
1,3.3,hot-cold,0.5,0.9138299505543792,global_supported,Two-line supported,2284,0.46957236842105265,0.9139008085950916,0.7434875711832547,0.7604343673633298,14,True
1,3.3,hot-cold,0.5,0.9138299505543792,lookup_supported,Lookup supported,2299,0.47265625,0.914842336241222,0.7492829234802876,0.7608067504438204,16,True
1,3.3,hot-cold,0.5,0.9138299505543792,exact_coverage,Exact global coverage,2284,0.46957236842105265,0.9138524257018834,0.7433467158838798,0.7605165775233915,14,True
1,3.3,hot-cold,0.625,0.947764067827598,paper,Paper greedy,3036,0.6241776315789473,0.947764067827598,1.0604453110722545,1.0577493330153425,25,True
1,3.3,hot-cold,0.625,0.947764067827598,quant,"Quant q=131,072",2790,0.5736019736842105,0.9502512561957784,0.9123718607746116,0.9315362188761928,18,True
1,3.3,hot-cold,0.625,0.947764067827598,global_supported,Two-line supported,2790,0.5736019736842105,0.9502512561957784,0.9123718607746116,0.9315362188761928,18,True
1,3.3,hot-cold,0.625,0.947764067827598,lookup_supported,Lookup supported,2790,0.5736019736842105,0.9499498847289076,0.91419124172487,0.925257146031045,19,True
1,3.3,hot-cold,0.625,0.947764067827598,exact_coverage,Exact global coverage,2750,0.5653782894736842,0.9477679820555536,0.8993590798383545,0.918243492212878,18,True
1,3.3,hot-cold,0.75,0.9677245666139214,paper,Paper greedy,3648,0.75,0.9677245666139214,1.2585313964181366,1.260315898127239,28,True
1,3.3,hot-cold,0.75,0.9677245666139214,quant,"Quant q=131,072",3235,0.6650904605263158,0.9694140434596208,1.052479085869489,1.0764849831047494,20,True
1,3.3,hot-cold,0.75,0.9677245666139214,global_supported,Two-line supported,3235,0.6650904605263158,0.9694140434596208,1.052479085869489,1.0764849831047494,20,True
1,3.3,hot-cold,0.75,0.9677245666139214,lookup_supported,Lookup supported,3208,0.6595394736842105,0.9684613680987848,1.0488484151063115,1.0628808772826648,22,True
1,3.3,hot-cold,0.75,0.9677245666139214,exact_coverage,Exact global coverage,3190,0.6558388157894737,0.967726824353463,1.037769279666512,1.060889702462121,19,True
1,3.3,hot-cold,0.875,0.98048759443546,paper,Paper greedy,4254,0.8745888157894737,0.98048759443546,1.4473410890560887,1.4597475133401263,26,True
1,3.3,hot-cold,0.875,0.98048759443546,quant,"Quant q=131,072",3586,0.7372532894736842,0.9806228366821113,1.1667366662348333,1.1937348966974304,22,True
1,3.3,hot-cold,0.875,0.98048759443546,global_supported,Two-line supported,3586,0.7372532894736842,0.9806228366821113,1.1667366662348333,1.1937348966974304,22,True
1,3.3,hot-cold,0.875,0.98048759443546,lookup_supported,Lookup supported,3590,0.7380756578947368,0.9805695051846304,1.1693643317309057,1.1876162294790669,24,True
1,3.3,hot-cold,0.875,0.98048759443546,exact_coverage,Exact global coverage,3582,0.7364309210526315,0.9804901905332782,1.1653649604915202,1.1924833304507887,22,True
1,3.3,local,0.125,0.6144872023117492,paper,Paper greedy,606,0.12458881578947369,0.6144872023117492,0.2913993023492917,0.2849401469519257,13,True
1,3.3,local,0.125,0.6144872023117492,quant,"Quant q=131,072",686,0.14103618421052633,0.6348402729560025,0.2776215042068001,0.2759680833958985,10,True
1,3.3,local,0.125,0.6144872023117492,global_supported,Two-line supported,686,0.14103618421052633,0.6348402729560025,0.2776215042068001,0.2759680833958985,10,True
1,3.3,local,0.125,0.6144872023117492,lookup_supported,Lookup supported,636,0.13075657894736842,0.6299375109332264,0.2765326865441173,0.2670032236284798,11,True
1,3.3,local,0.125,0.6144872023117492,exact_coverage,Exact global coverage,616,0.12664473684210525,0.6146054663026099,0.2605889910178746,0.2573606372818803,10,True
1,3.3,local,0.25,0.7760284343755075,paper,Paper greedy,1212,0.24917763157894737,0.7760284343755075,0.5606373709302757,0.5417799817311981,24,True
1,3.3,local,0.25,0.7760284343755075,quant,"Quant q=131,072",1195,0.24568256578947367,0.7761041445500818,0.4281611004707946,0.4286863939008346,12,True
1,3.3,local,0.25,0.7760284343755075,global_supported,Two-line supported,1195,0.24568256578947367,0.7761041445500818,0.4281611004707946,0.4286863939008346,12,True
1,3.3,local,0.25,0.7760284343755075,lookup_supported,Lookup supported,1207,0.24814967105263158,0.7763737555162188,0.4309263544150585,0.425217237820358,12,True
1,3.3,local,0.25,0.7760284343755075,exact_coverage,Exact global coverage,1195,0.24568256578947367,0.7761041445500818,0.4281611004707946,0.4286863939008346,12,True
1,3.3,local,0.375,0.8682724730884854,paper,Paper greedy,1824,0.375,0.8682724730884854,0.8091731293355787,0.781632292712132,33,True
1,3.3,local,0.375,0.8682724730884854,quant,"Quant q=131,072",1757,0.3612253289473684,0.8762462506511439,0.6198762944274376,0.6236512732844639,16,True
1,3.3,local,0.375,0.8682724730884854,global_supported,Two-line supported,1757,0.3612253289473684,0.8762462506511439,0.6198762944274376,0.6236512732844639,16,True
1,3.3,local,0.375,0.8682724730884854,lookup_supported,Lookup supported,1715,0.35259046052631576,0.869189219061868,0.6061307088530656,0.5995983413787804,16,True
1,3.3,local,0.375,0.8682724730884854,exact_coverage,Exact global coverage,1719,0.3534128289473684,0.8682914665500141,0.599720159305919,0.6041908979524384,15,True
1,3.3,local,0.5,0.9220576574577686,paper,Paper greedy,2430,0.4995888157894737,0.9220576574577686,1.0451693472641013,1.011530086276552,41,True
1,3.3,local,0.5,0.9220576574577686,quant,"Quant q=131,072",2179,0.4479851973684211,0.922950537979451,0.7752962530994615,0.7809748335481277,20,True
1,3.3,local,0.5,0.9220576574577686,global_supported,Two-line supported,2179,0.4479851973684211,0.922950537979451,0.7752962530994615,0.7809748335481277,20,True
1,3.3,local,0.5,0.9220576574577686,lookup_supported,Lookup supported,2138,0.4395559210526316,0.9223182744884364,0.779576803003267,0.7650298301987746,22,True
1,3.3,local,0.5,0.9220576574577686,exact_coverage,Exact global coverage,2168,0.4457236842105263,0.9220677569475036,0.7719642351158966,0.7782419359961779,20,True
1,3.3,local,0.625,0.9503379557781462,paper,Paper greedy,3036,0.6241776315789473,0.9503379557781462,1.211043101987184,1.188142217165434,42,True
1,3.3,local,0.625,0.9503379557781462,quant,"Quant q=131,072",2670,0.5489309210526315,0.950533959023496,0.9010467981178392,0.9180581537138,20,True
1,3.3,local,0.625,0.9503379557781462,global_supported,Two-line supported,2670,0.5489309210526315,0.950533959023496,0.9010467981178392,0.9180581537138,20,True
1,3.3,local,0.625,0.9503379557781462,lookup_supported,Lookup supported,2621,0.5388569078947368,0.9504698070182896,0.9105892127161552,0.9026827950230368,23,True
1,3.3,local,0.625,0.9503379557781462,exact_coverage,Exact global coverage,2667,0.5483141447368421,0.9503499037891964,0.9001530051389219,0.9166842735352594,20,True
1,3.3,local,0.75,0.9660026950291558,paper,Paper greedy,3648,0.75,0.9660026950291558,1.4480287258437503,1.4236459964444403,49,True
1,3.3,local,0.75,0.9660026950291558,quant,"Quant q=131,072",3077,0.6326069078947368,0.9671879699980216,1.001653760310387,1.0226463215008827,18,True
1,3.3,local,0.75,0.9660026950291558,global_supported,Two-line supported,3077,0.6326069078947368,0.9671879699980216,1.001653760310387,1.0226463215008827,18,True
1,3.3,local,0.75,0.9660026950291558,lookup_supported,Lookup supported,2940,0.6044407894736842,0.9661449552874029,1.0043536764855785,1.001698622444395,24,True
1,3.3,local,0.75,0.9660026950291558,exact_coverage,Exact global coverage,3053,0.627672697368421,0.96600782980004,0.9937639261573306,1.015139933898482,18,True
1,3.3,local,0.875,0.9770615596122374,paper,Paper greedy,4254,0.8745888157894737,0.9770615596122374,1.626462078094423,1.6185212543517968,50,True
1,3.3,local,0.875,0.9770615596122374,quant,"Quant q=131,072",3285,0.6753700657894737,0.9772809054066068,1.0894977428143695,1.110053616739558,21,True
1,3.3,local,0.875,0.9770615596122374,global_supported,Two-line supported,3285,0.6753700657894737,0.9772809054066068,1.0894977428143695,1.110053616739558,21,True
1,3.3,local,0.875,0.9770615596122374,lookup_supported,Lookup supported,3251,0.6683799342105263,0.978539068538923,1.110880549641222,1.1106606928186058,26,True
1,3.3,local,0.875,0.9770615596122374,exact_coverage,Exact global coverage,3279,0.6741365131578947,0.9770624946029944,1.087463660082629,1.1083419042400646,21,True
1,3.3,random,0.125,0.2996069839111426,paper,Paper greedy,606,0.12458881578947369,0.2996069839111426,0.269238068580984,0.2608198867275696,11,True
1,3.3,random,0.125,0.2996069839111426,quant,"Quant q=131,072",685,0.14083059210526316,0.3249480116486949,0.2773666123330811,0.2740839932451559,10,True
1,3.3,random,0.125,0.2996069839111426,global_supported,Two-line supported,685,0.14083059210526316,0.3249480116486949,0.2773666123330811,0.2740839932451559,10,True
1,3.3,random,0.125,0.2996069839111426,lookup_supported,Lookup supported,639,0.13137335526315788,0.3124734511021644,0.2661815314562767,0.2575644993690558,10,True
1,3.3,random,0.125,0.2996069839111426,exact_coverage,Exact global coverage,618,0.12705592105263158,0.2998157535922961,0.2499946819979296,0.2483424010749569,9,True
1,3.3,random,0.25,0.4802202098328406,paper,Paper greedy,1212,0.24917763157894737,0.4802202098328406,0.5163149033936604,0.5006972164604467,20,True
1,3.3,random,0.25,0.4802202098328406,quant,"Quant q=131,072",1289,0.2650082236842105,0.4902742382243149,0.4800572376430577,0.477813396299912,15,True
1,3.3,random,0.25,0.4802202098328406,global_supported,Two-line supported,1289,0.2650082236842105,0.4902742382243149,0.4800572376430577,0.477813396299912,15,True
1,3.3,random,0.25,0.4802202098328406,lookup_supported,Lookup supported,1296,0.26644736842105265,0.4864375697694109,0.4813484872112789,0.4642912634689518,15,True
1,3.3,random,0.25,0.4802202098328406,exact_coverage,Exact global coverage,1239,0.25472861842105265,0.4802727082247687,0.4674769751397111,0.4636377660994782,15,True
1,3.3,random,0.375,0.6162851454336434,paper,Paper greedy,1824,0.375,0.6162851454336434,0.7537700449148095,0.7249126626823175,28,True
1,3.3,random,0.375,0.6162851454336434,quant,"Quant q=131,072",1923,0.39535361842105265,0.6195879534260029,0.6596059983095883,0.6607002053394103,17,True
1,3.3,random,0.375,0.6162851454336434,global_supported,Two-line supported,1923,0.39535361842105265,0.6195879534260029,0.6596059983095883,0.6607002053394103,17,True
1,3.3,random,0.375,0.6162851454336434,lookup_supported,Lookup supported,1897,0.3900082236842105,0.6179356095645836,0.6624748043590809,0.6537370419378106,18,True
1,3.3,random,0.375,0.6162851454336434,exact_coverage,Exact global coverage,1942,0.39925986842105265,0.6163744985814782,0.6552111838595831,0.6602878080254987,16,True
1,3.3,random,0.5,0.7324630494659108,paper,Paper greedy,2430,0.4995888157894737,0.7324630494659108,0.99446143948916,0.9567797200006538,36,True
1,3.3,random,0.5,0.7324630494659108,quant,"Quant q=131,072",2542,0.5226151315789473,0.7338588561262135,0.8525509412189075,0.864657474542838,20,True
1,3.3,random,0.5,0.7324630494659108,global_supported,Two-line supported,2542,0.5226151315789473,0.7338588561262135,0.8525509412189075,0.864657474542838,20,True
1,3.3,random,0.5,0.7324630494659108,lookup_supported,Lookup supported,2539,0.5219983552631579,0.7478471550259262,0.8890424922823947,0.8765277474323948,24,True
1,3.3,random,0.5,0.7324630494659108,exact_coverage,Exact global coverage,2533,0.520764802631579,0.7324972806073364,0.8502803902386655,0.8618517518378133,20,True
1,3.3,random,0.625,0.8244196923825355,paper,Paper greedy,3036,0.6241776315789473,0.8244196923825355,1.1979670350285534,1.1611872279982791,41,True
1,3.3,random,0.625,0.8244196923825355,quant,"Quant q=131,072",3094,0.6361019736842105,0.827348702103934,1.0278547073915536,1.0451025704848411,22,True
1,3.3,random,0.625,0.8244196923825355,global_supported,Two-line supported,3094,0.6361019736842105,0.827348702103934,1.0278547073915536,1.0451025704848411,22,True
1,3.3,random,0.625,0.8244196923825355,lookup_supported,Lookup supported,3072,0.631578947368421,0.8333571086614651,1.052155361403659,1.048089872285603,26,True
1,3.3,random,0.625,0.8244196923825355,exact_coverage,Exact global coverage,3076,0.6324013157894737,0.8244627960050618,1.0220811215615395,1.0393845247363227,22,True
1,3.3,random,0.75,0.8971568915333237,paper,Paper greedy,3648,0.75,0.8971568915333237,1.4283089839312733,1.3855893914638735,48,True
1,3.3,random,0.75,0.8971568915333237,quant,"Quant q=131,072",3598,0.7397203947368421,0.8972019891889668,1.18006606763221,1.2068847792031128,24,True
1,3.3,random,0.75,0.8971568915333237,global_supported,Two-line supported,3598,0.7397203947368421,0.8972019891889668,1.18006606763221,1.2068847792031128,24,True
1,3.3,random,0.75,0.8971568915333237,lookup_supported,Lookup supported,3553,0.73046875,0.8978025004829143,1.1941846460346166,1.1978177329320925,28,True
1,3.3,random,0.75,0.8971568915333237,exact_coverage,Exact global coverage,3599,0.7399259868421053,0.897184619426572,1.1800627247904083,1.2080349540984547,24,True
1,3.3,random,0.875,0.9583273514108348,paper,Paper greedy,4254,0.8745888157894737,0.9583273514108348,1.6727095680558275,1.637089971034042,56,True
1,3.3,random,0.875,0.9583273514108348,quant,"Quant q=131,072",4123,0.84765625,0.9590372741593154,1.3448137774890825,1.3760054804213182,26,True
1,3.3,random,0.875,0.9583273514108348,global_supported,Two-line supported,4123,0.84765625,0.9590372741593154,1.3448137774890825,1.3760054804213182,26,True
1,3.3,random,0.875,0.9583273514108348,lookup_supported,Lookup supported,4114,0.8458059210526315,0.9598600002700272,1.3569691567531466,1.3726730913371925,29,True
1,3.3,random,0.875,0.9583273514108348,exact_coverage,Exact global coverage,4117,0.846422697368421,0.9583410464205862,1.34269752916604,1.3734333890106392,26,True
1,4.55,hot-cold,0.125,0.5452764643794346,paper,Paper greedy,606,0.12458881578947369,0.5452764643794346,0.2470768348126763,0.2366695267051628,9,True
1,4.55,hot-cold,0.125,0.5452764643794346,quant,"Quant q=131,072",629,0.12931743421052633,0.5461114776776239,0.2053419946611333,0.2112930430574101,4,True
1,4.55,hot-cold,0.125,0.5452764643794346,global_supported,Two-line supported,629,0.12931743421052633,0.5461114776776239,0.2053419946611333,0.2112930430574101,4,True
1,4.55,hot-cold,0.125,0.5452764643794346,lookup_supported,Lookup supported,679,0.1395970394736842,0.5742877277141968,0.2275238934051979,0.2296774397357199,5,True
1,4.55,hot-cold,0.125,0.5452764643794346,exact_coverage,Exact global coverage,628,0.12911184210526316,0.5452825384399215,0.2050166751377269,0.2109607248908272,4,True
1,4.55,hot-cold,0.25,0.7609745383081948,paper,Paper greedy,1212,0.24917763157894737,0.7609745383081948,0.4941536696253527,0.4756714886990333,18,True
1,4.55,hot-cold,0.25,0.7609745383081948,quant,"Quant q=131,072",1186,0.24383223684210525,0.7642025653014601,0.3902306828654898,0.3968015133374738,8,True
1,4.55,hot-cold,0.25,0.7609745383081948,global_supported,Two-line supported,1186,0.24383223684210525,0.7642025653014601,0.3902306828654898,0.3968015133374738,8,True
1,4.55,hot-cold,0.25,0.7609745383081948,lookup_supported,Lookup supported,1172,0.24095394736842105,0.7621926116446665,0.3900309858768051,0.3934553025318924,8,True
1,4.55,hot-cold,0.25,0.7609745383081948,exact_coverage,Exact global coverage,1176,0.24177631578947367,0.7610713291294959,0.3869774876314255,0.3934783316716451,8,True
1,4.55,hot-cold,0.375,0.8641470875845332,paper,Paper greedy,1824,0.375,0.8641470875845332,0.7094475773781942,0.6832804301091243,24,True
1,4.55,hot-cold,0.375,0.8641470875845332,quant,"Quant q=131,072",1721,0.35382401315789475,0.8684569205416125,0.5623163916382968,0.5730725710605459,11,True
1,4.55,hot-cold,0.375,0.8641470875845332,global_supported,Two-line supported,1721,0.35382401315789475,0.8684569205416125,0.5623163916382968,0.5730725710605459,11,True
1,4.55,hot-cold,0.375,0.8641470875845332,lookup_supported,Lookup supported,1747,0.35916940789473684,0.872230055919564,0.5709272924878533,0.5792296846411683,12,True
1,4.55,hot-cold,0.375,0.8641470875845332,exact_coverage,Exact global coverage,1696,0.34868421052631576,0.8641842043603909,0.5541012379618341,0.5655921455226799,10,True
1,4.55,hot-cold,0.5,0.9247059033692232,paper,Paper greedy,2430,0.4995888157894737,0.9247059033692232,0.9565244121908706,0.9272815030665854,33,True
1,4.55,hot-cold,0.5,0.9247059033692232,quant,"Quant q=131,072",2184,0.44901315789473684,0.9255118864677114,0.7104978391196434,0.7280355392604172,13,True
1,4.55,hot-cold,0.5,0.9247059033692232,global_supported,Two-line supported,2184,0.44901315789473684,0.9255118864677114,0.7104978391196434,0.7280355392604172,13,True
1,4.55,hot-cold,0.5,0.9247059033692232,lookup_supported,Lookup supported,2237,0.45990953947368424,0.9306098705553668,0.7382100177803804,0.7448145700424107,16,True
1,4.55,hot-cold,0.5,0.9247059033692232,exact_coverage,Exact global coverage,2174,0.44695723684210525,0.924712441141551,0.7075615683091725,0.7256599219107865,13,True
1,4.55,hot-cold,0.625,0.9520978947097796,paper,Paper greedy,3036,0.6241776315789473,0.9520978947097796,1.1711106246144178,1.1372773169619348,39,True
1,4.55,hot-cold,0.625,0.9520978947097796,quant,"Quant q=131,072",2586,0.5316611842105263,0.95293556667192,0.8470748306866258,0.8657822271887776,17,True
1,4.55,hot-cold,0.625,0.9520978947097796,global_supported,Two-line supported,2586,0.5316611842105263,0.95293556667192,0.8470748306866258,0.8657822271887776,17,True
1,4.55,hot-cold,0.625,0.9520978947097796,lookup_supported,Lookup supported,2588,0.5320723684210527,0.9529101132632448,0.8494509471507804,0.8610660554268422,17,True
1,4.55,hot-cold,0.625,0.9520978947097796,exact_coverage,Exact global coverage,2568,0.5279605263157895,0.9520979834505616,0.8424515631348399,0.8626623832541233,17,True
1,4.55,hot-cold,0.75,0.9677778351850208,paper,Paper greedy,3648,0.75,0.9677778351850208,1.36429025036541,1.3329760753643685,42,True
1,4.55,hot-cold,0.75,0.9677778351850208,quant,"Quant q=131,072",2894,0.594983552631579,0.9682064697611522,0.943024109031332,0.9648612495283612,18,True
1,4.55,hot-cold,0.75,0.9677778351850208,global_supported,Two-line supported,2894,0.594983552631579,0.9682064697611522,0.943024109031332,0.9648612495283612,18,True
1,4.55,hot-cold,0.75,0.9677778351850208,lookup_supported,Lookup supported,2878,0.5916940789473685,0.9679662150818517,0.947561488196922,0.9581213074074728,20,True
1,4.55,hot-cold,0.75,0.9677778351850208,exact_coverage,Exact global coverage,2884,0.5929276315789473,0.9677810246533262,0.9399235070382572,0.9616277853821522,18,True
1,4.55,hot-cold,0.875,0.975560545974966,paper,Paper greedy,4254,0.8745888157894737,0.975560545974966,1.5606826532863742,1.532616160255959,45,True
1,4.55,hot-cold,0.875,0.975560545974966,quant,"Quant q=131,072",3169,0.6515213815789473,0.9765450129799234,1.0310901629159666,1.053142713920163,19,True
1,4.55,hot-cold,0.875,0.975560545974966,global_supported,Two-line supported,3169,0.6515213815789473,0.9765450129799234,1.0310901629159666,1.053142713920163,19,True
1,4.55,hot-cold,0.875,0.975560545974966,lookup_supported,Lookup supported,3194,0.6566611842105263,0.9774500924482667,1.0469349786418995,1.0600879495423683,22,True
1,4.55,hot-cold,0.875,0.975560545974966,exact_coverage,Exact global coverage,3133,0.6441200657894737,0.9755618183081822,1.0196955844969284,1.0418595996151911,19,True
1,4.55,local,0.125,0.6845867520630784,paper,Paper greedy,606,0.12458881578947369,0.6845867520630784,0.3246411530017531,0.3223366016365397,16,True
1,4.55,local,0.125,0.6845867520630784,quant,"Quant q=131,072",727,0.1494654605263158,0.6907241152940409,0.2881659745621961,0.2915241980054785,10,True
1,4.55,local,0.125,0.6845867520630784,global_supported,Two-line supported,727,0.1494654605263158,0.6907241152940409,0.2881659745621961,0.2915241980054785,10,True
1,4.55,local,0.125,0.6845867520630784,lookup_supported,Lookup supported,717,0.1474095394736842,0.6927967791858047,0.2962398929861916,0.2862363226925217,11,True
1,4.55,local,0.125,0.6845867520630784,exact_coverage,Exact global coverage,703,0.14453125,0.684688642789731,0.2823302801916895,0.2881639184965369,10,True
1,4.55,local,0.25,0.8421996422840057,paper,Paper greedy,1212,0.24917763157894737,0.8421996422840057,0.6160404553510449,0.6077268095640214,29,True
1,4.55,local,0.25,0.8421996422840057,quant,"Quant q=131,072",1307,0.26870888157894735,0.8472336177502877,0.5117834123828852,0.5116915938193057,17,True
1,4.55,local,0.25,0.8421996422840057,global_supported,Two-line supported,1307,0.26870888157894735,0.8472336177502877,0.5117834123828852,0.5116915938193057,17,True
1,4.55,local,0.25,0.8421996422840057,lookup_supported,Lookup supported,1322,0.27179276315789475,0.8471185677002222,0.5146208033930465,0.5059600619009919,17,True
1,4.55,local,0.25,0.8421996422840057,exact_coverage,Exact global coverage,1275,0.2621299342105263,0.8422136676033124,0.5030986650512211,0.5046523548133629,17,True
1,4.55,local,0.375,0.9086999528541456,paper,Paper greedy,1824,0.375,0.9086999528541456,0.8426732147035607,0.8249887335439152,36,True
1,4.55,local,0.375,0.9086999528541456,quant,"Quant q=131,072",1805,0.37109375,0.9091491160604755,0.6594957221527414,0.6654182752507886,19,True
1,4.55,local,0.375,0.9086999528541456,global_supported,Two-line supported,1805,0.37109375,0.9091491160604755,0.6594957221527414,0.6654182752507886,19,True
1,4.55,local,0.375,0.9086999528541456,lookup_supported,Lookup supported,1833,0.3768503289473684,0.9149549647336505,0.6872210442088291,0.6741958639699231,21,True
1,4.55,local,0.375,0.9086999528541456,exact_coverage,Exact global coverage,1802,0.3704769736842105,0.90870368690905,0.6581089356260122,0.663709269830185,19,True
1,4.55,local,0.5,0.9410792837753832,paper,Paper greedy,2430,0.4995888157894737,0.9410792837753832,1.0786694326320831,1.059862349387976,44,True
1,4.55,local,0.5,0.9410792837753832,quant,"Quant q=131,072",2215,0.45538651315789475,0.9423398940045492,0.7842376017210545,0.7896125488767237,21,True
1,4.55,local,0.5,0.9410792837753832,global_supported,Two-line supported,2215,0.45538651315789475,0.9423398940045492,0.7842376017210545,0.7896125488767237,21,True
1,4.55,local,0.5,0.9410792837753832,lookup_supported,Lookup supported,2215,0.45538651315789475,0.9411660098077234,0.7842493396626691,0.7757629847924613,21,True
1,4.55,local,0.5,0.9410792837753832,exact_coverage,Exact global coverage,2196,0.45148026315789475,0.941097731348493,0.7787138555067482,0.7830562728086574,21,True
1,4.55,local,0.625,0.9628336832784884,paper,Paper greedy,3036,0.6241776315789473,0.9628336832784884,1.258816524358483,1.2425591658939243,46,True
1,4.55,local,0.625,0.9628336832784884,quant,"Quant q=131,072",2664,0.5476973684210527,0.9640810630070829,0.920939190322115,0.929892425338692,23,True
1,4.55,local,0.625,0.9628336832784884,global_supported,Two-line supported,2664,0.5476973684210527,0.9640810630070829,0.920939190322115,0.929892425338692,23,True
1,4.55,local,0.625,0.9628336832784884,lookup_supported,Lookup supported,2659,0.5466694078947368,0.9636728449479186,0.919746896544822,0.9163820290546848,23,True
1,4.55,local,0.625,0.9628336832784884,exact_coverage,Exact global coverage,2626,0.5398848684210527,0.9628398738714572,0.9115350097195422,0.9211516776793872,23,True
1,4.55,local,0.75,0.9791293225147226,paper,Paper greedy,3648,0.75,0.9791293225147226,1.421688784860656,1.4125593959569565,46,True
1,4.55,local,0.75,0.9791293225147226,quant,"Quant q=131,072",3154,0.6484375,0.9791686752374368,1.057421556818011,1.0752353935266137,22,True
1,4.55,local,0.75,0.9791293225147226,global_supported,Two-line supported,3154,0.6484375,0.9791686752374368,1.057421556818011,1.0752353935266137,22,True
1,4.55,local,0.75,0.9791293225147226,lookup_supported,Lookup supported,3100,0.6373355263157895,0.9804982919634876,1.0879681252321851,1.0769319287857002,28,True
1,4.55,local,0.75,0.9791293225147226,exact_coverage,Exact global coverage,3153,0.6482319078947368,0.9791308410482532,1.05708449935299,1.074982748949748,22,True
1,4.55,local,0.875,0.9877848335628702,paper,Paper greedy,4254,0.8745888157894737,0.9877848335628702,1.629701749980044,1.6395298360644774,49,True
1,4.55,local,0.875,0.9877848335628702,quant,"Quant q=131,072",3461,0.7115542763157895,0.9879013758084882,1.159360528227949,1.1765252547936167,23,True
1,4.55,local,0.875,0.9877848335628702,global_supported,Two-line supported,3461,0.7115542763157895,0.9879013758084882,1.159360528227949,1.1765252547936167,23,True
1,4.55,local,0.875,0.9877848335628702,lookup_supported,Lookup supported,3457,0.7107319078947368,0.987908764081584,1.1681890937476973,1.1696120026079644,26,True
1,4.55,local,0.875,0.9877848335628702,exact_coverage,Exact global coverage,3456,0.7105263157894737,0.9877876240765198,1.1578043582606046,1.1753033716568388,23,True
1,4.55,random,0.125,0.3426700965746774,paper,Paper greedy,606,0.12458881578947369,0.3426700965746774,0.3024799192334455,0.2968586015095437,14,True
1,4.55,random,0.125,0.3426700965746774,quant,"Quant q=131,072",644,0.13240131578947367,0.3449540186236928,0.267397301116799,0.2669860866299848,10,True
1,4.55,random,0.125,0.3426700965746774,global_supported,Two-line supported,644,0.13240131578947367,0.3449540186236928,0.267397301116799,0.2669860866299848,10,True
1,4.55,random,0.125,0.3426700965746774,lookup_supported,Lookup supported,598,0.12294407894736842,0.3494788786987484,0.2783734540083023,0.2620339841648387,12,True
1,4.55,random,0.125,0.3426700965746774,exact_coverage,Exact global coverage,636,0.13075657894736842,0.342776692585662,0.2654520696599634,0.2607734530548424,10,True
1,4.55,random,0.25,0.5310570266563135,paper,Paper greedy,1212,0.24917763157894737,0.5310570266563135,0.5717179878144295,0.5546523748594268,25,True
1,4.55,random,0.25,0.5310570266563135,quant,"Quant q=131,072",1325,0.27240953947368424,0.531088281408248,0.4904775669080865,0.4901492224417602,15,True
1,4.55,random,0.25,0.5310570266563135,global_supported,Two-line supported,1325,0.27240953947368424,0.531088281408248,0.4904775669080865,0.4901492224417602,15,True
1,4.55,random,0.25,0.5310570266563135,lookup_supported,Lookup supported,1327,0.2728207236842105,0.5418651888710786,0.5117869831965421,0.4934014256537342,17,True
1,4.55,random,0.25,0.5310570266563135,exact_coverage,Exact global coverage,1325,0.27240953947368424,0.531088281408248,0.4904775669080865,0.4901492224417602,15,True
1,4.55,random,0.375,0.651040100168635,paper,Paper greedy,1824,0.375,0.651040100168635,0.7877631238306035,0.7663041415712024,31,True
1,4.55,random,0.375,0.651040100168635,quant,"Quant q=131,072",1924,0.39555921052631576,0.6556907329252037,0.675636683713289,0.6763520957296411,18,True
1,4.55,random,0.375,0.651040100168635,global_supported,Two-line supported,1924,0.39555921052631576,0.6556907329252037,0.675636683713289,0.6763520957296411,18,True
1,4.55,random,0.375,0.651040100168635,lookup_supported,Lookup supported,1857,0.38178453947368424,0.6593872840657393,0.6962259828152696,0.6720295323636544,22,True
1,4.55,random,0.375,0.651040100168635,exact_coverage,Exact global coverage,1893,0.3891858552631579,0.6510610742588292,0.6681810774093533,0.6684507857164954,18,True
1,4.55,random,0.5,0.7551345995598212,paper,Paper greedy,2430,0.4995888157894737,0.7551345995598212,1.0040865516131072,0.9807950859365426,37,True
1,4.55,random,0.5,0.7551345995598212,quant,"Quant q=131,072",2502,0.514391447368421,0.756084440047915,0.845301489615404,0.8514977965489219,20,True
1,4.55,random,0.5,0.7551345995598212,global_supported,Two-line supported,2502,0.514391447368421,0.756084440047915,0.845301489615404,0.8514977965489219,20,True
1,4.55,random,0.5,0.7551345995598212,lookup_supported,Lookup supported,2505,0.5150082236842105,0.7679267541251706,0.8824185704168835,0.8683503239742341,24,True
1,4.55,random,0.5,0.7551345995598212,exact_coverage,Exact global coverage,2497,0.5133634868421053,0.7551929573417613,0.8437570575896738,0.8495759193372717,20,True
1,4.55,random,0.625,0.8417969597278983,paper,Paper greedy,3036,0.6241776315789473,0.8417969597278983,1.2290021526574757,1.1926372625688986,44,True
1,4.55,random,0.625,0.8417969597278983,quant,"Quant q=131,072",3078,0.6328125,0.8466013888386017,1.0283307587585024,1.042003336567456,23,True
1,4.55,random,0.625,0.8417969597278983,global_supported,Two-line supported,3078,0.6328125,0.8466013888386017,1.0283307587585024,1.042003336567456,23,True
1,4.55,random,0.625,0.8417969597278983,lookup_supported,Lookup supported,2963,0.6091694078947368,0.8425701447516938,1.0295955311867702,1.0200157576150246,27,True
1,4.55,random,0.625,0.8417969597278983,exact_coverage,Exact global coverage,3047,0.6264391447368421,0.8417971304824368,1.018492350306809,1.0329680218449038,23,True
1,4.55,random,0.75,0.9101530827143932,paper,Paper greedy,3648,0.75,0.9101530827143932,1.4361968806962642,1.399073311483747,49,True
1,4.55,random,0.75,0.9101530827143932,quant,"Quant q=131,072",3594,0.7388980263157895,0.9117850316253422,1.1779196577423352,1.201799632851681,24,True
1,4.55,random,0.75,0.9101530827143932,global_supported,Two-line supported,3594,0.7388980263157895,0.9117850316253422,1.1779196577423352,1.201799632851681,24,True
1,4.55,random,0.75,0.9101530827143932,lookup_supported,Lookup supported,3509,0.721422697368421,0.910693630082726,1.189190512646702,1.1878308940844673,28,True
1,4.55,random,0.75,0.9101530827143932,exact_coverage,Exact global coverage,3577,0.7354029605263158,0.910156882543146,1.1738682064878618,1.1970897866208592,24,True
1,4.55,random,0.875,0.961866376882322,paper,Paper greedy,4254,0.8745888157894737,0.961866376882322,1.6038078507783031,1.576493607441769,49,True
1,4.55,random,0.875,0.961866376882322,quant,"Quant q=131,072",4102,0.8433388157894737,0.9623202452321664,1.3346132782541658,1.363169086262644,25,True
1,4.55,random,0.875,0.961866376882322,global_supported,Two-line supported,4102,0.8433388157894737,0.9623202452321664,1.3346132782541658,1.363169086262644,25,True
1,4.55,random,0.875,0.961866376882322,lookup_supported,Lookup supported,4063,0.8353207236842105,0.9620023378982516,1.3402722195848875,1.357167572090857,27,True
1,4.55,random,0.875,0.961866376882322,exact_coverage,Exact global coverage,4096,0.8421052631578947,0.9618709616450168,1.3330604511286226,1.3626976085164428,25,True
2,1.07,hot-cold,0.125,0.2928548896806529,paper,Paper greedy,606,0.12458881578947369,0.2928548896806529,0.2057592803293908,0.2083867141991272,5,True
2,1.07,hot-cold,0.125,0.2928548896806529,quant,"Quant q=131,072",636,0.13075657894736842,0.3073079571113618,0.2069032168864895,0.2113543539467068,3,True
2,1.07,hot-cold,0.125,0.2928548896806529,global_supported,Two-line supported,636,0.13075657894736842,0.3073079571113618,0.2069032168864895,0.2113543539467068,3,True
2,1.07,hot-cold,0.125,0.2928548896806529,lookup_supported,Lookup supported,606,0.12458881578947369,0.294835540358164,0.1971436311842966,0.1999180755731576,4,True
2,1.07,hot-cold,0.125,0.2928548896806529,exact_coverage,Exact global coverage,600,0.12335526315789473,0.2928646988007998,0.1951917140438581,0.199108574353466,4,True
2,1.07,hot-cold,0.25,0.4910491235547467,paper,Paper greedy,1212,0.24917763157894737,0.4910491235547467,0.4043584162738942,0.4063106925799228,8,True
2,1.07,hot-cold,0.25,0.4910491235547467,quant,"Quant q=131,072",1328,0.2730263157894737,0.5315064288291703,0.4320243270837392,0.4415715434587691,8,True
2,1.07,hot-cold,0.25,0.4910491235547467,global_supported,Two-line supported,1328,0.2730263157894737,0.5315064288291703,0.4320243270837392,0.4415715434587691,8,True
2,1.07,hot-cold,0.25,0.4910491235547467,lookup_supported,Lookup supported,1246,0.25616776315789475,0.5071103027755253,0.4053481261644119,0.4112150688786797,8,True
2,1.07,hot-cold,0.25,0.4910491235547467,exact_coverage,Exact global coverage,1185,0.24362664473684212,0.4910967385116458,0.3855036352366197,0.3937970274007039,6,True
2,1.07,hot-cold,0.375,0.6416167729765372,paper,Paper greedy,1824,0.375,0.6416167729765372,0.6147693403150747,0.6225498424576587,11,True
2,1.07,hot-cold,0.375,0.6416167729765372,quant,"Quant q=131,072",1772,0.36430921052631576,0.6420238215920794,0.5764661954761942,0.5894219326915635,11,True
2,1.07,hot-cold,0.375,0.6416167729765372,global_supported,Two-line supported,1772,0.36430921052631576,0.6420238215920794,0.5764661954761942,0.5894219326915635,11,True
2,1.07,hot-cold,0.375,0.6416167729765372,lookup_supported,Lookup supported,1838,0.37787828947368424,0.6538496196635846,0.5979372840210186,0.6054271278018079,13,True
2,1.07,hot-cold,0.375,0.6416167729765372,exact_coverage,Exact global coverage,1770,0.3638980263157895,0.6416207163292598,0.5759681496703708,0.5875785068299298,11,True
2,1.07,hot-cold,0.5,0.7535857065623284,paper,Paper greedy,2430,0.4995888157894737,0.7535857065623284,0.7971466409482426,0.8093583130017439,11,True
2,1.07,hot-cold,0.5,0.7535857065623284,quant,"Quant q=131,072",2407,0.4948601973684211,0.7597180674012849,0.7830440928392773,0.8011094008263231,15,True
2,1.07,hot-cold,0.5,0.7535857065623284,global_supported,Two-line supported,2407,0.4948601973684211,0.7597180674012849,0.7830440928392773,0.8011094008263231,15,True
2,1.07,hot-cold,0.5,0.7535857065623284,lookup_supported,Lookup supported,2407,0.4948601973684211,0.758407376356347,0.7830440928392773,0.7934626022695929,17,True
2,1.07,hot-cold,0.5,0.7535857065623284,exact_coverage,Exact global coverage,2371,0.48745888157894735,0.7536119888991768,0.7713325899966459,0.7903709365256391,14,True
2,1.07,hot-cold,0.625,0.8420444086887138,paper,Paper greedy,3036,0.6241776315789473,0.8420444086887138,1.0103008244948124,1.02743651872886,15,True
2,1.07,hot-cold,0.625,0.8420444086887138,quant,"Quant q=131,072",2994,0.6155427631578947,0.8435669086226343,0.9740066530788518,0.99726227627313,18,True
2,1.07,hot-cold,0.625,0.8420444086887138,global_supported,Two-line supported,2994,0.6155427631578947,0.8435669086226343,0.9740066530788518,0.99726227627313,18,True
2,1.07,hot-cold,0.625,0.8420444086887138,lookup_supported,Lookup supported,2998,0.6163651315789473,0.842817379906923,0.9753079311724776,0.9886738709388788,20,True
2,1.07,hot-cold,0.625,0.8420444086887138,exact_coverage,Exact global coverage,2982,0.6130756578947368,0.8420621129415791,0.970173246447662,0.9932845407481606,18,True
2,1.07,hot-cold,0.75,0.9038571310329032,paper,Paper greedy,3648,0.75,0.9038571310329032,1.2056871832693437,1.2211072898744677,19,True
2,1.07,hot-cold,0.75,0.9038571310329032,quant,"Quant q=131,072",3544,0.7286184210526315,0.9055695245887508,1.1529323909523883,1.177619018274254,19,True
2,1.07,hot-cold,0.75,0.9038571310329032,global_supported,Two-line supported,3544,0.7286184210526315,0.9055695245887508,1.1529323909523883,1.177619018274254,19,True
2,1.07,hot-cold,0.75,0.9038571310329032,lookup_supported,Lookup supported,3544,0.7286184210526315,0.9047616213534546,1.1532375774343673,1.1703719597392486,23,True
2,1.07,hot-cold,0.75,0.9038571310329032,exact_coverage,Exact global coverage,3527,0.7251233552631579,0.9038614023240492,1.1476954075948431,1.1729458307956593,21,True
2,1.07,hot-cold,0.875,0.9528864034552196,paper,Paper greedy,4254,0.8745888157894737,0.9528864034552196,1.4109534700509223,1.4323897000567378,22,True
2,1.07,hot-cold,0.875,0.9528864034552196,quant,"Quant q=131,072",4096,0.8421052631578947,0.9529845675459916,1.332579195522425,1.3613940877055972,22,True
2,1.07,hot-cold,0.875,0.9528864034552196,global_supported,Two-line supported,4096,0.8421052631578947,0.9529845675459916,1.332579195522425,1.3613940877055972,22,True
2,1.07,hot-cold,0.875,0.9528864034552196,lookup_supported,Lookup supported,4188,0.8610197368421053,0.9594107517928944,1.3636354340708157,1.3839298221167164,28,True
2,1.07,hot-cold,0.875,0.9528864034552196,exact_coverage,Exact global coverage,4095,0.8418996710526315,0.9529021163040212,1.3322538759990188,1.3606321443169032,22,True
2,1.07,local,0.125,0.3340804818367071,paper,Paper greedy,606,0.12458881578947369,0.3340804818367071,0.269238068580984,0.2599661186573676,11,True
2,1.07,local,0.125,0.3340804818367071,quant,"Quant q=131,072",653,0.13425164473684212,0.3420592835745757,0.2363438358532774,0.2354699473045039,7,True
2,1.07,local,0.125,0.3340804818367071,global_supported,Two-line supported,653,0.13425164473684212,0.3420592835745757,0.2363438358532774,0.2354699473045039,7,True
2,1.07,local,0.125,0.3340804818367071,lookup_supported,Lookup supported,637,0.13096217105263158,0.3371870657053398,0.2324533729396063,0.227576559423462,7,True
2,1.07,local,0.125,0.3340804818367071,exact_coverage,Exact global coverage,615,0.12643914473684212,0.3341343445424307,0.2297450232965868,0.2282406662122012,7,True
2,1.07,local,0.25,0.513522215312842,paper,Paper greedy,1212,0.24917763157894737,0.513522215312842,0.4949048978886851,0.4803230746029784,18,True
2,1.07,local,0.25,0.513522215312842,quant,"Quant q=131,072",1314,0.2701480263157895,0.5314795567218757,0.4667684822816287,0.4676455252172968,13,True
2,1.07,local,0.25,0.513522215312842,global_supported,Two-line supported,1314,0.2701480263157895,0.5314795567218757,0.4667684822816287,0.4676455252172968,13,True
2,1.07,local,0.25,0.513522215312842,lookup_supported,Lookup supported,1243,0.25555098684210525,0.51355111998533,0.4463000950414358,0.4356277471546694,13,True
2,1.07,local,0.25,0.513522215312842,exact_coverage,Exact global coverage,1258,0.25863486842105265,0.5135353673461562,0.4436441293759784,0.4454111446199426,12,True
2,1.07,local,0.375,0.6543781623432965,paper,Paper greedy,1824,0.375,0.6543781623432965,0.7309045346496277,0.7119002074255377,25,True
2,1.07,local,0.375,0.6543781623432965,quant,"Quant q=131,072",1909,0.3924753289473684,0.6663644957086707,0.6601927434090799,0.6647408656881237,16,True
2,1.07,local,0.375,0.6543781623432965,global_supported,Two-line supported,1909,0.3924753289473684,0.6663644957086707,0.6601927434090799,0.6647408656881237,16,True
2,1.07,local,0.375,0.6543781623432965,lookup_supported,Lookup supported,1860,0.3824013157894737,0.6596197506182249,0.6533607294550708,0.645236214743085,17,True
2,1.07,local,0.375,0.6543781623432965,exact_coverage,Exact global coverage,1851,0.38055098684210525,0.6543863310289824,0.6426271225707241,0.6456533210626212,16,True
2,1.07,local,0.5,0.7568028737910084,paper,Paper greedy,2430,0.4995888157894737,0.7568028737910084,0.9349265996200622,0.9119658793078896,29,True
2,1.07,local,0.5,0.7568028737910084,quant,"Quant q=131,072",2484,0.5106907894736842,0.7651046745694944,0.8331424635470643,0.8443831591792185,17,True
2,1.07,local,0.5,0.7568028737910084,global_supported,Two-line supported,2484,0.5106907894736842,0.7651046745694944,0.8331424635470643,0.8443831591792185,17,True
2,1.07,local,0.5,0.7568028737910084,lookup_supported,Lookup supported,2437,0.5010279605263158,0.7644097637944574,0.8400371555984989,0.8312035700800845,21,True
2,1.07,local,0.5,0.7568028737910084,exact_coverage,Exact global coverage,2463,0.5063733552631579,0.7568148835024429,0.8175307732278311,0.829152786732536,16,True
2,1.07,local,0.625,0.8364462594683291,paper,Paper greedy,3036,0.6241776315789473,0.8364462594683291,1.1318119960888384,1.109157471816572,33,True
2,1.07,local,0.625,0.8364462594683291,quant,"Quant q=131,072",2971,0.6108141447368421,0.8367893575213694,0.9809971860512684,0.996963829395903,19,True
2,1.07,local,0.625,0.8364462594683291,global_supported,Two-line supported,2971,0.6108141447368421,0.8367893575213694,0.9809971860512684,0.996963829395903,19,True
2,1.07,local,0.625,0.8364462594683291,lookup_supported,Lookup supported,2927,0.6017680921052632,0.8373195508440961,0.9924948606318243,0.9915790585865388,23,True
2,1.07,local,0.625,0.8364462594683291,exact_coverage,Exact global coverage,2968,0.6101973684210527,0.8364520402813709,0.9802559863133404,0.9971076449909452,19,True
2,1.07,local,0.75,0.9044975041971556,paper,Paper greedy,3648,0.75,0.9044975041971556,1.3638911603505146,1.3454868481025053,40,True
2,1.07,local,0.75,0.9044975041971556,quant,"Quant q=131,072",3561,0.7321134868421053,0.9125259247656836,1.1712102274437204,1.1912050973601105,22,True
2,1.07,local,0.75,0.9044975041971556,global_supported,Two-line supported,3561,0.7321134868421053,0.9125259247656836,1.1712102274437204,1.1912050973601105,22,True
2,1.07,local,0.75,0.9044975041971556,lookup_supported,Lookup supported,3498,0.7191611842105263,0.9062105109456616,1.1594950777968136,1.1699528817580682,24,True
2,1.07,local,0.75,0.9044975041971556,exact_coverage,Exact global coverage,3507,0.7210115131578947,0.904498460000063,1.1493821003736844,1.171989667412473,21,True
2,1.07,local,0.875,0.9491142583304044,paper,Paper greedy,4254,0.8745888157894737,0.9491142583304044,1.5164540892826754,1.5088712991291464,38,True
2,1.07,local,0.875,0.9491142583304044,quant,"Quant q=131,072",3925,0.8069490131578947,0.9492339896964566,1.2838866805141365,1.3098743601582423,21,True
2,1.07,local,0.875,0.9491142583304044,global_supported,Two-line supported,3925,0.8069490131578947,0.9492339896964566,1.2838866805141365,1.3098743601582423,21,True
2,1.07,local,0.875,0.9491142583304044,lookup_supported,Lookup supported,3924,0.8067434210526315,0.9493722036324032,1.2868479846428096,1.3060077209435237,24,True
2,1.07,local,0.875,0.9491142583304044,exact_coverage,Exact global coverage,3924,0.8067434210526315,0.9491191545209589,1.283479195399428,1.3100071292255209,21,True
2,1.07,random,0.125,0.1564640639380219,paper,Paper greedy,606,0.12458881578947369,0.1564640639380219,0.2042568238027259,0.2042835482517886,5,True
2,1.07,random,0.125,0.1564640639380219,quant,"Quant q=131,072",710,0.14597039473684212,0.1813443579332591,0.2320332763638766,0.2371786186293837,5,True
2,1.07,random,0.125,0.1564640639380219,global_supported,Two-line supported,710,0.14597039473684212,0.1813443579332591,0.2320332763638766,0.2371786186293837,5,True
2,1.07,random,0.125,0.1564640639380219,lookup_supported,Lookup supported,597,0.12273848684210527,0.1568305147747972,0.2020801763554005,0.2010689561948748,5,True
2,1.07,random,0.125,0.1564640639380219,exact_coverage,Exact global coverage,613,0.1260279605263158,0.1566758973995427,0.1994208678481416,0.2034319209500622,4,True
2,1.07,random,0.25,0.3072061674308128,paper,Paper greedy,1212,0.24917763157894737,0.3072061674308128,0.4291724248470946,0.4234299675928071,12,True
2,1.07,random,0.25,0.3072061674308128,quant,"Quant q=131,072",1285,0.2641858552631579,0.3168161487121118,0.4194910923374694,0.4302144406331999,9,True
2,1.07,random,0.25,0.3072061674308128,global_supported,Two-line supported,1285,0.2641858552631579,0.3168161487121118,0.4194910923374694,0.4302144406331999,9,True
2,1.07,random,0.25,0.3072061674308128,lookup_supported,Lookup supported,1218,0.2504111842105263,0.3092255665600281,0.4195742074387966,0.4136978147268297,11,True
2,1.07,random,0.25,0.3072061674308128,exact_coverage,Exact global coverage,1243,0.25555098684210525,0.3072141117169064,0.4067197559171066,0.4172051282062513,9,True
2,1.07,random,0.375,0.4445398285067606,paper,Paper greedy,1824,0.375,0.4445398285067606,0.6341369439791147,0.6252051864140172,17,True
2,1.07,random,0.375,0.4445398285067606,quant,"Quant q=131,072",1915,0.39370888157894735,0.4573950403573114,0.6232216461556052,0.6381390068238452,12,True
2,1.07,random,0.375,0.4445398285067606,global_supported,Two-line supported,1915,0.39370888157894735,0.4573950403573114,0.6232216461556052,0.6381390068238452,12,True
2,1.07,random,0.375,0.4445398285067606,lookup_supported,Lookup supported,1949,0.40069901315789475,0.4731167002589326,0.6555047083905658,0.654355162538271,16,True
2,1.07,random,0.375,0.4445398285067606,exact_coverage,Exact global coverage,1856,0.3815789473684211,0.4445516625711317,0.6045090498808231,0.6206055193173425,12,True
2,1.07,random,0.5,0.5704263702368011,paper,Paper greedy,2430,0.4995888157894737,0.5704263702368011,0.8391449960451731,0.8295756302600814,22,True
2,1.07,random,0.5,0.5704263702368011,quant,"Quant q=131,072",2548,0.5238486842105263,0.5941769952126766,0.8292193321215628,0.8488010879965362,16,True
2,1.07,random,0.5,0.5704263702368011,global_supported,Two-line supported,2548,0.5238486842105263,0.5941769952126766,0.8292193321215628,0.8488010879965362,16,True
2,1.07,random,0.5,0.5704263702368011,lookup_supported,Lookup supported,2418,0.49712171052631576,0.5735874767026444,0.8063540874508398,0.8095770836778169,18,True
2,1.07,random,0.5,0.5704263702368011,exact_coverage,Exact global coverage,2436,0.5008223684210527,0.5704267727305227,0.7929478766826467,0.8120001901416513,16,True
2,1.07,random,0.625,0.6929001756461186,paper,Paper greedy,3036,0.6241776315789473,0.6929001756461186,1.0537312084687205,1.044417724817337,28,True
2,1.07,random,0.625,0.6929001756461186,quant,"Quant q=131,072",3084,0.634046052631579,0.7035683574558773,1.003355837835118,1.024873532727388,20,True
2,1.07,random,0.625,0.6929001756461186,global_supported,Two-line supported,3084,0.634046052631579,0.7035683574558773,1.003355837835118,1.024873532727388,20,True
2,1.07,random,0.625,0.6929001756461186,lookup_supported,Lookup supported,3025,0.6219161184210527,0.6932806417906114,0.9908878264992872,1.00468583424429,20,True
2,1.07,random,0.625,0.6929001756461186,exact_coverage,Exact global coverage,3032,0.6233552631578947,0.6929361672308285,0.9863687949682962,1.0069193566562504,19,True
2,1.07,random,0.75,0.808602384046091,paper,Paper greedy,3648,0.75,0.808602384046091,1.2705275727482268,1.2576653248548904,34,True
2,1.07,random,0.75,0.808602384046091,quant,"Quant q=131,072",3627,0.7456825657894737,0.8101479465900177,1.1799339113951222,1.2056338944099028,21,True
2,1.07,random,0.75,0.808602384046091,global_supported,Two-line supported,3627,0.7456825657894737,0.8101479465900177,1.1799339113951222,1.2056338944099028,21,True
2,1.07,random,0.75,0.808602384046091,lookup_supported,Lookup supported,3632,0.7467105263157895,0.8127158216069326,1.1903052755150088,1.206452400501844,24,True
2,1.07,random,0.75,0.808602384046091,exact_coverage,Exact global coverage,3618,0.7438322368421053,0.8086133133847637,1.1774051256993596,1.2032860505302418,21,True
2,1.07,random,0.875,0.909462163532826,paper,Paper greedy,4254,0.8745888157894737,0.909462163532826,1.4386784881445362,1.440085977370457,32,True
2,1.07,random,0.875,0.909462163532826,quant,"Quant q=131,072",4180,0.859375,0.9118573136400188,1.3604577187444502,1.3915516462173507,27,True
2,1.07,random,0.875,0.909462163532826,global_supported,Two-line supported,4180,0.859375,0.9118573136400188,1.3604577187444502,1.3915516462173507,27,True
2,1.07,random,0.875,0.909462163532826,lookup_supported,Lookup supported,4162,0.8556743421052632,0.9096224719481878,1.3624663882048962,1.3802762015770689,28,True
2,1.07,random,0.875,0.909462163532826,exact_coverage,Exact global coverage,4168,0.8569078947368421,0.9094634214162628,1.3560726288573757,1.3865983134339332,26,True
2,1.25,hot-cold,0.125,0.2998387477416704,paper,Paper greedy,606,0.12458881578947369,0.2998387477416704,0.2050080520660584,0.2048310564157325,4,True
2,1.25,hot-cold,0.125,0.2998387477416704,quant,"Quant q=131,072",632,0.1299342105263158,0.3151411575924952,0.2057545320338532,0.2100479734388876,4,True
2,1.25,hot-cold,0.125,0.2998387477416704,global_supported,Two-line supported,632,0.1299342105263158,0.3151411575924952,0.2057545320338532,0.2100479734388876,4,True
2,1.25,hot-cold,0.125,0.2998387477416704,lookup_supported,Lookup supported,615,0.12643914473684212,0.3077303983009511,0.2002241001359439,0.2042720791464286,4,True
2,1.25,hot-cold,0.125,0.2998387477416704,exact_coverage,Exact global coverage,598,0.12294407894736842,0.2998831295338793,0.194846261479024,0.198645562473032,4,True
2,1.25,hot-cold,0.25,0.5121837324876592,paper,Paper greedy,1212,0.24917763157894737,0.5121837324876592,0.4070581428452452,0.4086526855470643,8,True
2,1.25,hot-cold,0.25,0.5121837324876592,quant,"Quant q=131,072",1199,0.24650493421052633,0.5194800603926717,0.3912671165506104,0.4005687141119792,8,True
2,1.25,hot-cold,0.25,0.5121837324876592,global_supported,Two-line supported,1199,0.24650493421052633,0.5194800603926717,0.3912671165506104,0.4005687141119792,8,True
2,1.25,hot-cold,0.25,0.5121837324876592,lookup_supported,Lookup supported,1196,0.24588815789473684,0.5193725985309984,0.3930026224933567,0.3978108619345383,8,True
2,1.25,hot-cold,0.25,0.5121837324876592,exact_coverage,Exact global coverage,1175,0.24157072368421054,0.5121956663899402,0.3843397936099488,0.3927872105585809,8,True
2,1.25,hot-cold,0.375,0.6666061566293476,paper,Paper greedy,1824,0.375,0.6666061566293476,0.6078674306457077,0.6129222647625081,12,True
2,1.25,hot-cold,0.375,0.6666061566293476,quant,"Quant q=131,072",1756,0.36101973684210525,0.6679119456469949,0.5714958419339827,0.5847804174914115,12,True
2,1.25,hot-cold,0.375,0.6666061566293476,global_supported,Two-line supported,1756,0.36101973684210525,0.6679119456469949,0.5714958419339827,0.5847804174914115,12,True
2,1.25,hot-cold,0.375,0.6666061566293476,lookup_supported,Lookup supported,1788,0.3675986842105263,0.6733328476515341,0.5816713078506971,0.5899912672510836,12,True
2,1.25,hot-cold,0.375,0.6666061566293476,exact_coverage,Exact global coverage,1750,0.3597861842105263,0.6666106774792127,0.5695439247935442,0.582948052902656,11,True
2,1.25,hot-cold,0.5,0.7818126711023008,paper,Paper greedy,2430,0.4995888157894737,0.7818126711023008,0.7961606538526187,0.8099257728956222,13,True
2,1.25,hot-cold,0.5,0.7818126711023008,quant,"Quant q=131,072",2445,0.502672697368421,0.7898526719616175,0.7954062347287217,0.8138453949916545,15,True
2,1.25,hot-cold,0.5,0.7818126711023008,global_supported,Two-line supported,2445,0.502672697368421,0.7898526719616175,0.7954062347287217,0.8138453949916545,15,True
2,1.25,hot-cold,0.5,0.7818126711023008,lookup_supported,Lookup supported,2461,0.5059621710526315,0.7912982773835593,0.8006113471032246,0.8125878310434875,16,True
2,1.25,hot-cold,0.5,0.7818126711023008,exact_coverage,Exact global coverage,2394,0.4921875,0.7818206787280872,0.7788149390349938,0.7973921203325052,14,True
2,1.25,hot-cold,0.625,0.8605023439007672,paper,Paper greedy,3036,0.6241776315789473,0.8605023439007672,1.0043614260378402,1.0191195081852518,17,True
2,1.25,hot-cold,0.625,0.8605023439007672,quant,"Quant q=131,072",2983,0.61328125,0.860994587036289,0.9704281383213812,0.9925789078640208,18,True
2,1.25,hot-cold,0.625,0.8605023439007672,global_supported,Two-line supported,2983,0.61328125,0.860994587036289,0.9704281383213812,0.9925789078640208,18,True
2,1.25,hot-cold,0.625,0.8605023439007672,lookup_supported,Lookup supported,2993,0.6153371710526315,0.8614392393033736,0.9736813335554454,0.9882767879543168,20,True
2,1.25,hot-cold,0.625,0.8605023439007672,exact_coverage,Exact global coverage,2979,0.6124588815789473,0.8605023921468951,0.9692794534687448,0.9902321268166808,18,True
2,1.25,hot-cold,0.75,0.9157870262007992,paper,Paper greedy,3648,0.75,0.9157870262007992,1.2009920066235158,1.21768850648024,19,True
2,1.25,hot-cold,0.75,0.9157870262007992,quant,"Quant q=131,072",3577,0.7354029605263158,0.9204727034029424,1.1636679352248005,1.1891922272883646,22,True
2,1.25,hot-cold,0.75,0.9157870262007992,global_supported,Two-line supported,3577,0.7354029605263158,0.9204727034029424,1.1636679352248005,1.1891922272883646,22,True
2,1.25,hot-cold,0.75,0.9157870262007992,lookup_supported,Lookup supported,3584,0.7368421052631579,0.9203651758653848,1.1659451718886458,1.183129990960185,23,True
2,1.25,hot-cold,0.75,0.9157870262007992,exact_coverage,Exact global coverage,3526,0.7249177631578947,0.9157929056281656,1.1470766395310728,1.172826042622984,21,True
2,1.25,hot-cold,0.875,0.9610020340245022,paper,Paper greedy,4254,0.8745888157894737,0.9610020340245022,1.3939569305930255,1.4191303143852283,18,True
2,1.25,hot-cold,0.875,0.9610020340245022,quant,"Quant q=131,072",4239,0.8715049342105263,0.9691684069031868,1.3790294597198574,1.4082020927444077,21,True
2,1.25,hot-cold,0.875,0.9610020340245022,global_supported,Two-line supported,4239,0.8715049342105263,0.9691684069031868,1.3790294597198574,1.4082020927444077,21,True
2,1.25,hot-cold,0.875,0.9610020340245022,lookup_supported,Lookup supported,4206,0.8647203947368421,0.9667322482526706,1.3707471452448905,1.3905599824431207,27,True
2,1.25,hot-cold,0.875,0.9610020340245022,exact_coverage,Exact global coverage,4110,0.844983552631579,0.9610030198913024,1.337063241200428,1.3654538304407329,20,True
2,1.25,local,0.125,0.3839852838229614,paper,Paper greedy,606,0.12458881578947369,0.3839852838229614,0.2581574516968302,0.2512230472609725,10,True
2,1.25,local,0.125,0.3839852838229614,quant,"Quant q=131,072",646,0.1328125,0.3912337931566826,0.2568147300384686,0.2509735175014922,9,True
2,1.25,local,0.125,0.3839852838229614,global_supported,Two-line supported,646,0.1328125,0.3912337931566826,0.2568147300384686,0.2509735175014922,9,True
2,1.25,local,0.125,0.3839852838229614,lookup_supported,Lookup supported,617,0.12685032894736842,0.3842915834295635,0.2497632660074397,0.2373721993180657,9,True
2,1.25,local,0.125,0.3839852838229614,exact_coverage,Exact global coverage,613,0.1260279605263158,0.3840027003400819,0.2487789123374074,0.2423408880458038,9,True
2,1.25,local,0.25,0.56475209322666,paper,Paper greedy,1212,0.24917763157894737,0.56475209322666,0.4941536696253527,0.4851820798587397,18,True
2,1.25,local,0.25,0.56475209322666,quant,"Quant q=131,072",1265,0.26007401315789475,0.5723695253521812,0.4738107153160412,0.4694718110137375,15,True
2,1.25,local,0.25,0.56475209322666,global_supported,Two-line supported,1265,0.26007401315789475,0.5723695253521812,0.4738107153160412,0.4694718110137375,15,True
2,1.25,local,0.25,0.56475209322666,lookup_supported,Lookup supported,1242,0.2553453947368421,0.566795907526806,0.468218174877639,0.454025741815896,15,True
2,1.25,local,0.25,0.56475209322666,exact_coverage,Exact global coverage,1226,0.2520559210526316,0.5647850118815823,0.4643277119639679,0.4599490687632499,15,True
2,1.25,local,0.375,0.6847771116340993,paper,Paper greedy,1824,0.375,0.6847771116340993,0.7101988056415266,0.6912978562696955,24,True
2,1.25,local,0.375,0.6847771116340993,quant,"Quant q=131,072",1884,0.3873355263157895,0.6932099828353644,0.6629525651422398,0.6657170542777522,18,True
2,1.25,local,0.375,0.6847771116340993,global_supported,Two-line supported,1884,0.3873355263157895,0.6932099828353644,0.6629525651422398,0.6657170542777522,18,True
2,1.25,local,0.375,0.6847771116340993,lookup_supported,Lookup supported,1864,0.3832236842105263,0.6875158227762976,0.6571739270542145,0.6472952721202505,18,True
2,1.25,local,0.375,0.6847771116340993,exact_coverage,Exact global coverage,1867,0.38384046052631576,0.6848015491723292,0.6491468844060588,0.6539089645051217,17,True
2,1.25,local,0.5,0.7869401592126039,paper,Paper greedy,2430,0.4995888157894737,0.7869401592126039,0.924785018065074,0.8993386929695935,30,True
2,1.25,local,0.5,0.7869401592126039,quant,"Quant q=131,072",2491,0.5121299342105263,0.7947807874788004,0.8561723809854687,0.8648915501564637,20,True
2,1.25,local,0.5,0.7869401592126039,global_supported,Two-line supported,2491,0.5121299342105263,0.7947807874788004,0.8561723809854687,0.8648915501564637,20,True
2,1.25,local,0.5,0.7869401592126039,lookup_supported,Lookup supported,2427,0.49897203947368424,0.7893628667578099,0.8557524740135793,0.8404220989255728,23,True
2,1.25,local,0.5,0.7869401592126039,exact_coverage,Exact global coverage,2471,0.5080180921052632,0.786949155954427,0.8406395134157358,0.8501922746894749,19,True
2,1.25,local,0.625,0.864701815427441,paper,Paper greedy,3036,0.6241776315789473,0.864701815427441,1.144559400682261,1.1211070753486694,36,True
2,1.25,local,0.625,0.864701815427441,quant,"Quant q=131,072",3047,0.6264391447368421,0.8647107676841601,1.0116843441703585,1.027956829606041,21,True
2,1.25,local,0.625,0.864701815427441,global_supported,Two-line supported,3047,0.6264391447368421,0.8647107676841601,1.0116843441703585,1.027956829606041,21,True
2,1.25,local,0.625,0.864701815427441,lookup_supported,Lookup supported,2983,0.61328125,0.8647992911759425,1.0205608869572085,1.0159021726050923,25,True
2,1.25,local,0.625,0.864701815427441,exact_coverage,Exact global coverage,3047,0.6264391447368421,0.864701957876951,1.011672606228744,1.0282019248148868,21,True
2,1.25,local,0.75,0.9252664812631756,paper,Paper greedy,3648,0.75,0.9252664812631756,1.3129015419768235,1.302158345860093,36,True
2,1.25,local,0.75,0.9252664812631756,quant,"Quant q=131,072",3643,0.7489720394736842,0.9304937221622984,1.1970530345084134,1.2178150555203144,23,True
2,1.25,local,0.75,0.9252664812631756,global_supported,Two-line supported,3600,0.7401315789473685,0.9263899535870233,1.1835455506081345,1.2045594396905577,23,True
2,1.25,local,0.75,0.9252664812631756,lookup_supported,Lookup supported,3625,0.7452713815789473,0.9300866161831182,1.2007989193278157,1.2116404992291636,26,True
2,1.25,local,0.75,0.9252664812631756,exact_coverage,Exact global coverage,3589,0.7378700657894737,0.9252673677564732,1.1798848702593614,1.20053639890978,23,True
2,1.25,local,0.875,0.9636996809298928,paper,Paper greedy,4254,0.8745888157894737,0.9636996809298928,1.5127448997324713,1.505792222722405,38,True
2,1.25,local,0.875,0.9636996809298928,quant,"Quant q=131,072",4040,0.8305921052631579,0.9645883319368408,1.3209815012822823,1.3481516490989742,24,True
2,1.25,local,0.875,0.9636996809298928,global_supported,Two-line supported,4040,0.8305921052631579,0.9645883319368408,1.3209815012822823,1.3481516490989742,24,True
2,1.25,local,0.875,0.9636996809298928,lookup_supported,Lookup supported,4022,0.826891447368421,0.9643867205156736,1.327802726804702,1.3418647353892548,28,True
2,1.25,local,0.875,0.9636996809298928,exact_coverage,Exact global coverage,4029,0.8283305921052632,0.963700000378044,1.3171564897509058,1.3448609852559352,24,True
2,1.25,random,0.125,0.1737389309783862,paper,Paper greedy,606,0.12458881578947369,0.1737389309783862,0.2249156010443686,0.2225988290181834,7,True
2,1.25,random,0.125,0.1737389309783862,quant,"Quant q=131,072",668,0.13733552631578946,0.1810612885747878,0.2197431955497112,0.2244525643822508,5,True
2,1.25,random,0.125,0.1737389309783862,global_supported,Two-line supported,668,0.13733552631578946,0.1810612885747878,0.2197431955497112,0.2244525643822508,5,True
2,1.25,random,0.125,0.1737389309783862,lookup_supported,Lookup supported,614,0.12623355263157895,0.1743199951657316,0.2165314438803828,0.2123537188778855,6,True
2,1.25,random,0.125,0.1737389309783862,exact_coverage,Exact global coverage,648,0.13322368421052633,0.1737679740825017,0.2111239755909601,0.2165067427334354,4,True
2,1.25,random,0.25,0.3208096480489985,paper,Paper greedy,1212,0.24917763157894737,0.3208096480489985,0.439501813467916,0.4290192666782353,13,True
2,1.25,random,0.25,0.3208096480489985,quant,"Quant q=131,072",1371,0.2818667763157895,0.3509749126448739,0.448924076110629,0.4591702041934893,10,True
2,1.25,random,0.25,0.3208096480489985,global_supported,Two-line supported,1371,0.2818667763157895,0.3509749126448739,0.448924076110629,0.4591702041934893,10,True
2,1.25,random,0.25,0.3208096480489985,lookup_supported,Lookup supported,1274,0.26192434210526316,0.3319560240104916,0.4250799099809776,0.4277541166320056,10,True
2,1.25,random,0.25,0.3208096480489985,exact_coverage,Exact global coverage,1244,0.2557565789473684,0.3208572018599054,0.4074441654554084,0.416747446616468,9,True
2,1.25,random,0.375,0.4573244319085239,paper,Paper greedy,1824,0.375,0.4573244319085239,0.6452175608632685,0.6336254535528948,18,True
2,1.25,random,0.375,0.4573244319085239,quant,"Quant q=131,072",1852,0.3807565789473684,0.4590136910295912,0.6039590000505298,0.6156733127037181,12,True
2,1.25,random,0.375,0.4573244319085239,global_supported,Two-line supported,1852,0.3807565789473684,0.4590136910295912,0.6039590000505298,0.6156733127037181,12,True
2,1.25,random,0.375,0.4573244319085239,lookup_supported,Lookup supported,1903,0.3912417763157895,0.4734779857531025,0.6297176281452368,0.6359641810059796,14,True
2,1.25,random,0.375,0.4573244319085239,exact_coverage,Exact global coverage,1844,0.37911184210526316,0.457358546686924,0.6015912026955698,0.614132381938385,12,True
2,1.25,random,0.5,0.5855007780085899,paper,Paper greedy,2430,0.4995888157894737,0.5855007780085899,0.8605550015501483,0.8488828583642841,24,True
2,1.25,random,0.5,0.5855007780085899,quant,"Quant q=131,072",2471,0.5080180921052632,0.5920851591360392,0.8045922947173922,0.8218074582550192,16,True
2,1.25,random,0.5,0.5855007780085899,global_supported,Two-line supported,2471,0.5080180921052632,0.5920851591360392,0.8045922947173922,0.8218074582550192,16,True
2,1.25,random,0.5,0.5855007780085899,lookup_supported,Lookup supported,2539,0.5219983552631579,0.6111793767632601,0.8415273046266165,0.8481549621021747,19,True
2,1.25,random,0.5,0.5855007780085899,exact_coverage,Exact global coverage,2433,0.5002055921052632,0.5855217414804846,0.794683382625393,0.8111906049516473,16,True
2,1.25,random,0.625,0.7029106517438173,paper,Paper greedy,3036,0.6241776315789473,0.7029106517438173,1.0544824367320529,1.0422794456507476,28,True
2,1.25,random,0.625,0.7029106517438173,quant,"Quant q=131,072",3019,0.6206825657894737,0.7037867859606776,0.9834777665080736,1.0061392194183645,20,True
2,1.25,random,0.625,0.7029106517438173,global_supported,Two-line supported,3019,0.6206825657894737,0.7037867859606776,0.9834777665080736,1.0061392194183645,20,True
2,1.25,random,0.625,0.7029106517438173,lookup_supported,Lookup supported,2976,0.6118421052631579,0.7036749241099393,0.992542344332612,0.9982924509103012,22,True
2,1.25,random,0.625,0.7029106517438173,exact_coverage,Exact global coverage,3014,0.6196546052631579,0.7029279641521182,0.9821680933146348,1.004399403199067,20,True
2,1.25,random,0.75,0.8123805473588777,paper,Paper greedy,3648,0.75,0.8123805473588777,1.2589774381994905,1.2476657931199584,32,True
2,1.25,random,0.75,0.8123805473588777,quant,"Quant q=131,072",3692,0.759046052631579,0.8342711935251929,1.2023473781109135,1.230061466256981,24,True
2,1.25,random,0.75,0.8123805473588777,global_supported,Two-line supported,3692,0.759046052631579,0.8342711935251929,1.2023473781109135,1.230061466256981,24,True
2,1.25,random,0.75,0.8123805473588777,lookup_supported,Lookup supported,3564,0.7327302631578947,0.8151924212983644,1.1771161214920591,1.187752084860773,25,True
2,1.25,random,0.75,0.8123805473588777,exact_coverage,Exact global coverage,3577,0.7354029605263158,0.812381990761772,1.1647008740868827,1.1904052088682926,23,True
2,1.25,random,0.875,0.9142992678411344,paper,Paper greedy,4254,0.8745888157894737,0.9142992678411344,1.476826798391888,1.472787128094691,36,True
2,1.25,random,0.875,0.9142992678411344,quant,"Quant q=131,072",4201,0.8636924342105263,0.9223778836228618,1.3668903387210898,1.397068281143549,25,True
2,1.25,random,0.875,0.9142992678411344,global_supported,Two-line supported,4201,0.8636924342105263,0.9223778836228618,1.3668903387210898,1.397068281143549,25,True
2,1.25,random,0.875,0.9142992678411344,lookup_supported,Lookup supported,4145,0.8521792763157895,0.9163741912331196,1.3638143900931248,1.380488296953296,28,True
2,1.25,random,0.875,0.9142992678411344,exact_coverage,Exact global coverage,4154,0.8540296052631579,0.914331337425394,1.3516003211209875,1.38117554222775,25,True
2,1.44,hot-cold,0.125,0.3419481967311172,paper,Paper greedy,606,0.12458881578947369,0.3419481967311172,0.2153374406868797,0.2145018826430144,6,True
2,1.44,hot-cold,0.125,0.3419481967311172,quant,"Quant q=131,072",732,0.15049342105263158,0.39974022706522,0.2381338911335068,0.2439901537191481,5,True
2,1.44,hot-cold,0.125,0.3419481967311172,global_supported,Two-line supported,732,0.15049342105263158,0.39974022706522,0.2381338911335068,0.2439901537191481,5,True
2,1.44,hot-cold,0.125,0.3419481967311172,lookup_supported,Lookup supported,699,0.14370888157894737,0.3865338874841058,0.2292764175194258,0.23204169470952,5,True
2,1.44,hot-cold,0.125,0.3419481967311172,exact_coverage,Exact global coverage,598,0.12294407894736842,0.3421466956964311,0.1945410749970452,0.1997418449933006,4,True
2,1.44,hot-cold,0.25,0.5592999993155084,paper,Paper greedy,1212,0.24917763157894737,0.5592999993155084,0.411236850060032,0.4122294311766852,9,True
2,1.44,hot-cold,0.25,0.5592999993155084,quant,"Quant q=131,072",1178,0.2421875,0.5620378923817351,0.3832263985727747,0.3929766997726316,7,True
2,1.44,hot-cold,0.25,0.5592999993155084,global_supported,Two-line supported,1178,0.2421875,0.5620378923817351,0.3832263985727747,0.3929766997726316,7,True
2,1.44,hot-cold,0.25,0.5592999993155084,lookup_supported,Lookup supported,1260,0.2590460526315789,0.5845675004248198,0.409902599492102,0.4151470318826176,9,True
2,1.44,hot-cold,0.25,0.5592999993155084,exact_coverage,Exact global coverage,1171,0.24074835526315788,0.559442966205909,0.3809491619089297,0.3906504726065515,7,True
2,1.44,hot-cold,0.375,0.7053485453993028,paper,Paper greedy,1824,0.375,0.7053485453993028,0.6169760733386138,0.6202099619441488,11,True
2,1.44,hot-cold,0.375,0.7053485453993028,quant,"Quant q=131,072",1797,0.36944901315789475,0.7166544473256767,0.584599183561355,0.5982329550567721,11,True
2,1.44,hot-cold,0.375,0.7053485453993028,global_supported,Two-line supported,1797,0.36944901315789475,0.7166544473256767,0.584599183561355,0.5982329550567721,11,True
2,1.44,hot-cold,0.375,0.7053485453993028,lookup_supported,Lookup supported,1810,0.37212171052631576,0.7193707211619733,0.5925962166239155,0.5994302090666792,13,True
2,1.44,hot-cold,0.375,0.7053485453993028,exact_coverage,Exact global coverage,1744,0.35855263157894735,0.7053507080968371,0.5673572488208142,0.5812597593106629,12,True
2,1.44,hot-cold,0.5,0.8163944883265859,paper,Paper greedy,2430,0.4995888157894737,0.8163944883265859,0.8296372633373716,0.8391405550417647,16,True
2,1.44,hot-cold,0.5,0.8163944883265859,quant,"Quant q=131,072",2436,0.5008223684210527,0.8278818887560994,0.7924783590180638,0.8120045456077352,15,True
2,1.44,hot-cold,0.5,0.8163944883265859,global_supported,Two-line supported,2436,0.5008223684210527,0.8278818887560994,0.7924783590180638,0.8120045456077352,15,True
2,1.44,hot-cold,0.5,0.8163944883265859,lookup_supported,Lookup supported,2434,0.5004111842105263,0.8268741876628944,0.7938583838705716,0.8043121458282875,16,True
2,1.44,hot-cold,0.5,0.8163944883265859,exact_coverage,Exact global coverage,2359,0.4849917763157895,0.8164249335145153,0.7674287557157687,0.7858680166618455,14,True
2,1.44,hot-cold,0.625,0.8844681714536079,paper,Paper greedy,3036,0.6241776315789473,0.8844681714536079,1.026522659806148,1.0400655381849753,18,True
2,1.44,hot-cold,0.625,0.8844681714536079,quant,"Quant q=131,072",2915,0.5993009868421053,0.8845162180596955,0.948306410729744,0.9711441988953936,18,True
2,1.44,hot-cold,0.625,0.8844681714536079,global_supported,Two-line supported,2915,0.5993009868421053,0.8845162180596955,0.948306410729744,0.9711441988953936,18,True
2,1.44,hot-cold,0.625,0.8844681714536079,lookup_supported,Lookup supported,3027,0.622327302631579,0.8940766106928981,0.984742197351264,0.9991431914768182,20,True
2,1.44,hot-cold,0.625,0.8844681714536079,exact_coverage,Exact global coverage,2915,0.5993009868421053,0.8845162180596955,0.948306410729744,0.9711441988953936,18,True
2,1.44,hot-cold,0.75,0.934055095738768,paper,Paper greedy,3648,0.75,0.934055095738768,1.2322384072015002,1.2478019686759083,22,True
2,1.44,hot-cold,0.75,0.934055095738768,quant,"Quant q=131,072",3567,0.7333470394736842,0.9402276912914146,1.1604147399907363,1.1870197708615953,23,True
2,1.44,hot-cold,0.75,0.934055095738768,global_supported,Two-line supported,3567,0.7333470394736842,0.9402276912914146,1.1604147399907363,1.1870197708615953,23,True
2,1.44,hot-cold,0.75,0.934055095738768,lookup_supported,Lookup supported,3578,0.735608552631579,0.9399668355742952,1.163993254748207,1.1807036678193712,24,True
2,1.44,hot-cold,0.75,0.934055095738768,exact_coverage,Exact global coverage,3489,0.7173108552631579,0.9340554043722508,1.1351924104060245,1.160809167690486,22,True
2,1.44,hot-cold,0.875,0.968457285877758,paper,Paper greedy,4254,0.8745888157894737,0.968457285877758,1.4259545594343426,1.4462395980897649,22,True
2,1.44,hot-cold,0.875,0.968457285877758,quant,"Quant q=131,072",4120,0.8470394736842105,0.9718136475650804,1.3403164364344922,1.3689404062667312,23,True
2,1.44,hot-cold,0.875,0.968457285877758,global_supported,Two-line supported,4120,0.8470394736842105,0.9718136475650804,1.3403164364344922,1.3689404062667312,23,True
2,1.44,hot-cold,0.875,0.968457285877758,lookup_supported,Lookup supported,4132,0.8495065789473685,0.9718407087375096,1.3443728639563588,1.365499178610365,26,True
2,1.44,hot-cold,0.875,0.968457285877758,exact_coverage,Exact global coverage,4057,0.8340871710526315,0.9684595271329268,1.3198213064598872,1.348151661397864,22,True
2,1.44,local,0.125,0.4149468910486533,paper,Paper greedy,606,0.12458881578947369,0.4149468910486533,0.2581574516968302,0.2451079729162271,10,True
2,1.44,local,0.125,0.4149468910486533,quant,"Quant q=131,072",631,0.12972861842105263,0.4150613746082731,0.243072791268372,0.2371350484031522,8,True
2,1.44,local,0.125,0.4149468910486533,global_supported,Two-line supported,631,0.12972861842105263,0.4150613746082731,0.243072791268372,0.2371350484031522,8,True
2,1.44,local,0.125,0.4149468910486533,lookup_supported,Lookup supported,607,0.12479440789473684,0.4164335144092407,0.2473199887447807,0.2330798766714507,9,True
2,1.44,local,0.125,0.4149468910486533,exact_coverage,Exact global coverage,631,0.12972861842105263,0.4150613746082731,0.243072791268372,0.2371350484031522,8,True
2,1.44,local,0.25,0.5963771787152778,paper,Paper greedy,1212,0.24917763157894737,0.5963771787152778,0.4838242810045313,0.4644165090519175,17,True
2,1.44,local,0.25,0.5963771787152778,quant,"Quant q=131,072",1359,0.2793996710526316,0.6235970232579152,0.4768652774300795,0.4750997581809913,12,True
2,1.44,local,0.25,0.5963771787152778,global_supported,Two-line supported,1359,0.2793996710526316,0.6235970232579152,0.4768652774300795,0.4750997581809913,12,True
2,1.44,local,0.25,0.5963771787152778,lookup_supported,Lookup supported,1254,0.2578125,0.6052810334273482,0.4558180082558788,0.4436423977477714,13,True
2,1.44,local,0.25,0.5963771787152778,exact_coverage,Exact global coverage,1264,0.2598684210526316,0.5964383306356194,0.4427554646456911,0.4397484861460627,11,True
2,1.44,local,0.375,0.7231165535768,paper,Paper greedy,1824,0.375,0.7231165535768,0.673059958373028,0.6591491097378085,20,True
2,1.44,local,0.375,0.7231165535768,quant,"Quant q=131,072",1797,0.36944901315789475,0.7242198170236993,0.6144957208536641,0.6154092278837223,14,True
2,1.44,local,0.375,0.7231165535768,global_supported,Two-line supported,1797,0.36944901315789475,0.7242198170236993,0.6144957208536641,0.6154092278837223,14,True
2,1.44,local,0.375,0.7231165535768,lookup_supported,Lookup supported,1749,0.35958059210526316,0.7242503229681796,0.6250325176474169,0.6093082699428118,17,True
2,1.44,local,0.375,0.7231165535768,exact_coverage,Exact global coverage,1790,0.36800986842105265,0.7231360914926384,0.612875808920235,0.6146425564099145,14,True
2,1.44,local,0.5,0.8127961905539998,paper,Paper greedy,2430,0.4995888157894737,0.8127961905539998,0.9041497167066604,0.8880470902315172,27,True
2,1.44,local,0.5,0.8127961905539998,quant,"Quant q=131,072",2345,0.48211348684210525,0.8169405907219857,0.7861975723762288,0.7942623163761288,16,True
2,1.44,local,0.5,0.8127961905539998,global_supported,Two-line supported,2345,0.48211348684210525,0.8169405907219857,0.7861975723762288,0.7942623163761288,16,True
2,1.44,local,0.5,0.8127961905539998,lookup_supported,Lookup supported,2314,0.47574013157894735,0.8145556279006185,0.7861251313478574,0.7822393783881588,19,True
2,1.44,local,0.5,0.8127961905539998,exact_coverage,Exact global coverage,2319,0.47676809210526316,0.8128019472584171,0.7781500927241716,0.7866335947941553,16,True
2,1.44,local,0.625,0.8833939604289416,paper,Paper greedy,3036,0.6241776315789473,0.8833939604289416,1.0820900754095208,1.073533668766438,28,True
2,1.44,local,0.625,0.8833939604289416,quant,"Quant q=131,072",2899,0.5960115131578947,0.8839163020426859,0.9552031161598624,0.9707876428825892,17,True
2,1.44,local,0.625,0.8833939604289416,global_supported,Two-line supported,2899,0.5960115131578947,0.8839163020426859,0.9552031161598624,0.9707876428825892,17,True
2,1.44,local,0.625,0.8833939604289416,lookup_supported,Lookup supported,2844,0.584703947368421,0.883548211144086,0.9614907020985224,0.961759584823311,22,True
2,1.44,local,0.625,0.8833939604289416,exact_coverage,Exact global coverage,2895,0.5951891447368421,0.8833982200647381,0.9537375068836328,0.969558715049793,17,True
2,1.44,local,0.75,0.9330889815907756,paper,Paper greedy,3648,0.75,0.9330889815907756,1.293252227714034,1.2932242454035998,32,True
2,1.44,local,0.75,0.9330889815907756,quant,"Quant q=131,072",3401,0.69921875,0.9343412867036092,1.1214832161383763,1.1432757411121168,20,True
2,1.44,local,0.75,0.9330889815907756,global_supported,Two-line supported,3401,0.69921875,0.9343412867036092,1.1214832161383763,1.1432757411121168,20,True
2,1.44,local,0.75,0.9330889815907756,lookup_supported,Lookup supported,3350,0.688733552631579,0.9358573478418312,1.1383333161045577,1.1390805179756107,24,True
2,1.44,local,0.75,0.9330889815907756,exact_coverage,Exact global coverage,3385,0.6959292763157895,0.933096693190739,1.1166067661290815,1.1381648438548144,20,True
2,1.44,local,0.875,0.9678684756313344,paper,Paper greedy,4254,0.8745888157894737,0.9678684756313344,1.491640080709475,1.504876355462735,34,True
2,1.44,local,0.875,0.9678684756313344,quant,"Quant q=131,072",3953,0.8127055921052632,0.9718489185407658,1.3027850704760675,1.3240763742729147,21,True
2,1.44,local,0.875,0.9678684756313344,global_supported,Two-line supported,3953,0.8127055921052632,0.9718489185407658,1.3027850704760675,1.3240763742729147,21,True
2,1.44,local,0.875,0.9678684756313344,lookup_supported,Lookup supported,3832,0.787828947368421,0.9679001807949288,1.2895618041195365,1.2938857045386185,26,True
2,1.44,local,0.875,0.9678684756313344,exact_coverage,Exact global coverage,3901,0.802014802631579,0.9678727807525878,1.2807037609485226,1.3036038299109434,20,True
2,1.44,random,0.125,0.1715912811010588,paper,Paper greedy,606,0.12458881578947369,0.1715912811010588,0.2256668293077011,0.2189490166581102,7,True
2,1.44,random,0.125,0.1715912811010588,quant,"Quant q=131,072",735,0.15111019736842105,0.1955698297200988,0.2394267741273195,0.2454184232261453,5,True
2,1.44,random,0.125,0.1715912811010588,global_supported,Two-line supported,735,0.15111019736842105,0.1955698297200988,0.2394267741273195,0.2454184232261453,5,True
2,1.44,random,0.125,0.1715912811010588,lookup_supported,Lookup supported,662,0.13610197368421054,0.1847770568029733,0.2305269450610808,0.2281258352870022,6,True
2,1.44,random,0.125,0.1715912811010588,exact_coverage,Exact global coverage,627,0.12890625,0.1716797919761708,0.2101142846402516,0.2141393400338208,5,True
2,1.44,random,0.25,0.3260003876954507,paper,Paper greedy,1212,0.24917763157894737,0.3260003876954507,0.4513336586154022,0.4411019225611643,14,True
2,1.44,random,0.25,0.3260003876954507,quant,"Quant q=131,072",1348,0.27713815789473684,0.3456104958258865,0.4394110631729606,0.4492095263155373,9,True
2,1.44,random,0.25,0.3260003876954507,global_supported,Two-line supported,1348,0.27713815789473684,0.3456104958258865,0.4394110631729606,0.4492095263155373,9,True
2,1.44,random,0.25,0.3260003876954507,lookup_supported,Lookup supported,1290,0.2652138157894737,0.3412380638954738,0.4421990330942688,0.4394738051484238,11,True
2,1.44,random,0.25,0.3260003876954507,exact_coverage,Exact global coverage,1262,0.25945723684210525,0.3260069475320002,0.4141333107313586,0.422702578194179,9,True
2,1.44,random,0.375,0.4687881080021592,paper,Paper greedy,1824,0.375,0.4687881080021592,0.6673787946315762,0.6515771027976778,20,True
2,1.44,random,0.375,0.4687881080021592,quant,"Quant q=131,072",1935,0.3978207236842105,0.4820545818994173,0.6306788098945139,0.645005374372785,13,True
2,1.44,random,0.375,0.4687881080021592,global_supported,Two-line supported,1935,0.3978207236842105,0.4820545818994173,0.6306788098945139,0.645005374372785,13,True
2,1.44,random,0.375,0.4687881080021592,lookup_supported,Lookup supported,1813,0.37273848684210525,0.4689001895385489,0.6247833619472757,0.6185645012188318,16,True
2,1.44,random,0.375,0.4687881080021592,exact_coverage,Exact global coverage,1871,0.3846628289473684,0.4688026091138209,0.6122294246026454,0.623956523035381,13,True
2,1.44,random,0.5,0.5978506592584854,paper,Paper greedy,2430,0.4995888157894737,0.5978506592584854,0.8667056829561829,0.8479520167131012,24,True
2,1.44,random,0.5,0.5978506592584854,quant,"Quant q=131,072",2463,0.5063733552631579,0.5993251639931588,0.8047598927511792,0.8225015810406842,16,True
2,1.44,random,0.5,0.5978506592584854,global_supported,Two-line supported,2463,0.5063733552631579,0.5993251639931588,0.8047598927511792,0.8225015810406842,16,True
2,1.44,random,0.5,0.5978506592584854,lookup_supported,Lookup supported,2430,0.4995888157894737,0.6039983431615117,0.824989038458002,0.8218549927088477,20,True
2,1.44,random,0.5,0.5978506592584854,exact_coverage,Exact global coverage,2458,0.5053453947368421,0.5978756414913764,0.8026403015863351,0.8206042861926024,16,True
2,1.44,random,0.625,0.7180625930764404,paper,Paper greedy,3036,0.6241776315789473,0.7180625930764404,1.0773714228804638,1.057406143151189,29,True
2,1.44,random,0.625,0.7180625930764404,quant,"Quant q=131,072",3034,0.623766447368421,0.7200287268721012,0.9929353565888522,1.013847124703691,20,True
2,1.44,random,0.625,0.7180625930764404,global_supported,Two-line supported,3034,0.623766447368421,0.7200287268721012,0.9929353565888522,1.013847124703691,20,True
2,1.44,random,0.625,0.7180625930764404,lookup_supported,Lookup supported,3019,0.6206825657894737,0.721226482534264,1.002798418405655,1.0106496201701207,22,True
2,1.44,random,0.625,0.7180625930764404,exact_coverage,Exact global coverage,3034,0.623766447368421,0.7180897227887468,0.9899069676522932,1.011054609082245,19,True
2,1.44,random,0.75,0.8248404286125939,paper,Paper greedy,3648,0.75,0.8248404286125939,1.298088259659237,1.276136762409413,35,True
2,1.44,random,0.75,0.8248404286125939,quant,"Quant q=131,072",3589,0.7378700657894737,0.8262606181920238,1.170729275799997,1.1939267833634244,23,True
2,1.44,random,0.75,0.8248404286125939,global_supported,Two-line supported,3589,0.7378700657894737,0.8262606181920238,1.170729275799997,1.1939267833634244,23,True
2,1.44,random,0.75,0.8248404286125939,lookup_supported,Lookup supported,3558,0.7314967105263158,0.82602201622,1.177793503273284,1.1891703825904674,27,True
2,1.44,random,0.75,0.8248404286125939,exact_coverage,Exact global coverage,3581,0.7362253289473685,0.8248419294299396,1.168361478445037,1.1935126694271765,23,True
2,1.44,random,0.875,0.923837989900119,paper,Paper greedy,4254,0.8745888157894737,0.923837989900119,1.4949971320112418,1.4759652847533762,35,True
2,1.44,random,0.875,0.923837989900119,quant,"Quant q=131,072",4158,0.8548519736842105,0.9239660309155876,1.353699779244404,1.3857279025381513,27,True
2,1.44,random,0.875,0.923837989900119,global_supported,Two-line supported,4158,0.8548519736842105,0.9239660309155876,1.353699779244404,1.3857279025381513,27,True
2,1.44,random,0.875,0.923837989900119,lookup_supported,Lookup supported,4158,0.8548519736842105,0.9251253904110472,1.3616581036590825,1.3798685061234568,29,True
2,1.44,random,0.875,0.923837989900119,exact_coverage,Exact global coverage,4157,0.8546463815789473,0.9238440175352286,1.3535270529619872,1.38538548423828,27,True
2,2.48,hot-cold,0.125,0.4453603824076503,paper,Paper greedy,606,0.12458881578947369,0.4453603824076503,0.2359962179285225,0.2295656247408515,8,True
2,2.48,hot-cold,0.125,0.4453603824076503,quant,"Quant q=131,072",598,0.12294407894736842,0.4475976406509953,0.1945410749970452,0.1989246346186619,4,True
2,2.48,hot-cold,0.125,0.4453603824076503,global_supported,Two-line supported,598,0.12294407894736842,0.4475976406509953,0.1945410749970452,0.1989246346186619,4,True
2,2.48,hot-cold,0.125,0.4453603824076503,lookup_supported,Lookup supported,604,0.12417763157894737,0.4501017771804566,0.1964929921374838,0.1997423503653462,4,True
2,2.48,hot-cold,0.125,0.4453603824076503,exact_coverage,Exact global coverage,592,0.12171052631578948,0.4454653025044786,0.1934812414193139,0.1972271768799725,4,True
2,2.48,hot-cold,0.25,0.6766257451270201,paper,Paper greedy,1212,0.24917763157894737,0.6766257451270201,0.4314026337538628,0.424003020257864,12,True
2,2.48,hot-cold,0.25,0.6766257451270201,quant,"Quant q=131,072",1248,0.2565789473684211,0.6982472932856649,0.4060691928609122,0.4155625434399605,8,True
2,2.48,hot-cold,0.25,0.6766257451270201,global_supported,Two-line supported,1248,0.2565789473684211,0.6982472932856649,0.4060691928609122,0.4155625434399605,8,True
2,2.48,hot-cold,0.25,0.6766257451270201,lookup_supported,Lookup supported,1314,0.2701480263157895,0.7177189652099127,0.4299230835534943,0.4355943583925737,9,True
2,2.48,hot-cold,0.25,0.6766257451270201,exact_coverage,Exact global coverage,1182,0.24300986842105263,0.6766369474279361,0.3848328631483792,0.3950444089126288,8,True
2,2.48,hot-cold,0.375,0.8075645868667448,paper,Paper greedy,1824,0.375,0.8075645868667448,0.6466965415067043,0.634301900339861,18,True
2,2.48,hot-cold,0.375,0.8075645868667448,quant,"Quant q=131,072",1773,0.3645148026315789,0.8154077737470662,0.5776601226790788,0.5919309035409166,12,True
2,2.48,hot-cold,0.375,0.8075645868667448,global_supported,Two-line supported,1773,0.3645148026315789,0.8154077737470662,0.5776601226790788,0.5919309035409166,12,True
2,2.48,hot-cold,0.375,0.8075645868667448,lookup_supported,Lookup supported,1814,0.3729440789473684,0.8245610694998698,0.5991326166776393,0.6044523503770723,13,True
2,2.48,hot-cold,0.375,0.8075645868667448,exact_coverage,Exact global coverage,1732,0.3560855263157895,0.8076371217344177,0.5640050977958218,0.5791410668577979,11,True
2,2.48,hot-cold,0.5,0.8797930832227991,paper,Paper greedy,2430,0.4995888157894737,0.8797930832227991,0.849732619381515,0.8427210568824536,22,True
2,2.48,hot-cold,0.5,0.8797930832227991,quant,"Quant q=131,072",2259,0.4644325657894737,0.8840205480534351,0.7350493966161151,0.7510962646297867,14,True
2,2.48,hot-cold,0.5,0.8797930832227991,global_supported,Two-line supported,2233,0.4590871710526316,0.880897507901913,0.7264384957665585,0.7432316750453267,14,True
2,2.48,hot-cold,0.5,0.8797930832227991,lookup_supported,Lookup supported,2220,0.4564144736842105,0.8801567882918817,0.730472852858932,0.7371465968960473,16,True
2,2.48,hot-cold,0.5,0.8797930832227991,exact_coverage,Exact global coverage,2225,0.4574424342105263,0.8797937491068766,0.723835939579307,0.740916148248075,13,True
2,2.48,hot-cold,0.625,0.9314873502784762,paper,Paper greedy,3036,0.6241776315789473,0.9314873502784762,1.047604002945915,1.0470876019110849,25,True
2,2.48,hot-cold,0.625,0.9314873502784762,quant,"Quant q=131,072",2929,0.6021792763157895,0.9379632119385466,0.952860884057434,0.9740982672431646,17,True
2,2.48,hot-cold,0.625,0.9314873502784762,global_supported,Two-line supported,2929,0.6021792763157895,0.9379632119385466,0.952860884057434,0.9740982672431646,17,True
2,2.48,hot-cold,0.625,0.9314873502784762,lookup_supported,Lookup supported,2925,0.6013569078947368,0.9372378475311632,0.9524516895265156,0.966635743706067,20,True
2,2.48,hot-cold,0.625,0.9314873502784762,exact_coverage,Exact global coverage,2836,0.5830592105263158,0.9314886429856452,0.922606168380636,0.9438269973917388,17,True
2,2.48,hot-cold,0.75,0.95986580106456,paper,Paper greedy,3648,0.75,0.95986580106456,1.2452205706272144,1.2477167901576989,28,True
2,2.48,hot-cold,0.75,0.95986580106456,quant,"Quant q=131,072",3401,0.69921875,0.962752343245292,1.1064821267549565,1.1309639380153216,19,True
2,2.48,hot-cold,0.75,0.95986580106456,global_supported,Two-line supported,3401,0.69921875,0.962752343245292,1.1064821267549565,1.1309639380153216,19,True
2,2.48,hot-cold,0.75,0.95986580106456,lookup_supported,Lookup supported,3358,0.6903782894736842,0.9605199404558036,1.0947118582136337,1.1096856231671262,22,True
2,2.48,hot-cold,0.75,0.95986580106456,exact_coverage,Exact global coverage,3333,0.6852384868421053,0.9598706583476636,1.086332373354567,1.1094174068440443,18,True
2,2.48,hot-cold,0.875,0.9787437928136228,paper,Paper greedy,4254,0.8745888157894737,0.9787437928136228,1.4462611984275484,1.4505656958450115,32,True
2,2.48,hot-cold,0.875,0.9787437928136228,quant,"Quant q=131,072",3878,0.7972861842105263,0.9800944278871888,1.2619060361937295,1.2895610411867726,22,True
2,2.48,hot-cold,0.875,0.9787437928136228,global_supported,Two-line supported,3878,0.7972861842105263,0.9800944278871888,1.2619060361937295,1.2895610411867726,22,True
2,2.48,hot-cold,0.875,0.9787437928136228,lookup_supported,Lookup supported,3886,0.7989309210526315,0.9799856162361298,1.2641916679573877,1.2851323993388846,24,True
2,2.48,hot-cold,0.875,0.9787437928136228,exact_coverage,Exact global coverage,3839,0.7892680921052632,0.9787456574272796,1.249289002430566,1.2763726360898096,22,True
2,2.48,local,0.125,0.520341749908215,paper,Paper greedy,606,0.12458881578947369,0.520341749908215,0.3024799192334455,0.2972947068420682,14,True
2,2.48,local,0.125,0.520341749908215,quant,"Quant q=131,072",746,0.1533717105263158,0.5300178460010344,0.2931145616373884,0.2903667978708767,10,True
2,2.48,local,0.125,0.520341749908215,global_supported,Two-line supported,746,0.1533717105263158,0.5300178460010344,0.2931145616373884,0.2903667978708767,10,True
2,2.48,local,0.125,0.520341749908215,lookup_supported,Lookup supported,731,0.15028782894736842,0.5443059469050148,0.3107129269781931,0.2963424431307295,12,True
2,2.48,local,0.125,0.520341749908215,exact_coverage,Exact global coverage,708,0.1455592105263158,0.520370971247728,0.2838747122174197,0.2818078510291499,10,True
2,2.48,local,0.25,0.7197502718594682,paper,Paper greedy,1212,0.24917763157894737,0.7197502718594682,0.5827986046985834,0.570625967009617,26,True
2,2.48,local,0.25,0.7197502718594682,quant,"Quant q=131,072",1471,0.30242598684210525,0.7272050748217964,0.5149678517608687,0.5152384152898948,14,True
2,2.48,local,0.25,0.7197502718594682,global_supported,Two-line supported,1471,0.30242598684210525,0.7272050748217964,0.5149678517608687,0.5152384152898948,14,True
2,2.48,local,0.25,0.7197502718594682,lookup_supported,Lookup supported,1372,0.28207236842105265,0.7330512707718335,0.5330582987620635,0.5148121245190406,18,True
2,2.48,local,0.25,0.7197502718594682,exact_coverage,Exact global coverage,1430,0.29399671052631576,0.7197995766073912,0.5050807061358885,0.5018755053168219,14,True
2,2.48,local,0.375,0.8382014550250418,paper,Paper greedy,1824,0.375,0.8382014550250418,0.820511980935253,0.8047487728221596,34,True
2,2.48,local,0.375,0.8382014550250418,quant,"Quant q=131,072",2008,0.4128289473684211,0.8440396160212376,0.7077995556246319,0.7097841333370285,19,True
2,2.48,local,0.375,0.8382014550250418,global_supported,Two-line supported,2008,0.4128289473684211,0.8440396160212376,0.7077995556246319,0.7097841333370285,19,True
2,2.48,local,0.375,0.8382014550250418,lookup_supported,Lookup supported,1933,0.39740953947368424,0.838379813230486,0.706524336349852,0.6916017643492485,21,True
2,2.48,local,0.375,0.8382014550250418,exact_coverage,Exact global coverage,2004,0.4120065789473684,0.8382128039483874,0.6963214821511742,0.7018985966635782,18,True
2,2.48,local,0.5,0.9001814296836563,paper,Paper greedy,2430,0.4995888157894737,0.9001814296836563,1.004086551613107,0.986189743274237,37,True
2,2.48,local,0.5,0.9001814296836563,quant,"Quant q=131,072",2395,0.49239309210526316,0.9003869520748213,0.8332873832264104,0.8371363334221557,21,True
2,2.48,local,0.5,0.9001814296836563,global_supported,Two-line supported,2395,0.49239309210526316,0.9003869520748213,0.8332873832264104,0.8371363334221557,21,True
2,2.48,local,0.5,0.9001814296836563,lookup_supported,Lookup supported,2348,0.48273026315789475,0.9004765717076204,0.8379283904878476,0.826461412162706,23,True
2,2.48,local,0.5,0.9001814296836563,exact_coverage,Exact global coverage,2377,0.4886924342105263,0.9001885259338092,0.8327841331813385,0.8373574028948075,21,True
2,2.48,local,0.625,0.939685646028839,paper,Paper greedy,3036,0.6241776315789473,0.939685646028839,1.2095641213437482,1.1890870950281212,42,True
2,2.48,local,0.625,0.939685646028839,quant,"Quant q=131,072",2907,0.59765625,0.939867839592003,0.96868674422382,0.9832651669646416,21,True
2,2.48,local,0.625,0.939685646028839,global_supported,Two-line supported,2907,0.59765625,0.939867839592003,0.96868674422382,0.9832651669646416,21,True
2,2.48,local,0.625,0.939685646028839,lookup_supported,Lookup supported,2825,0.580797697368421,0.9404468334997562,0.9852061684461092,0.9743630769651124,26,True
2,2.48,local,0.625,0.939685646028839,exact_coverage,Exact global coverage,2905,0.5972450657894737,0.939688718355383,0.9679539395857052,0.9828271333789712,21,True
2,2.48,local,0.75,0.9689528398009106,paper,Paper greedy,3648,0.75,0.9689528398009106,1.39511408504527,1.379220007509435,44,True
2,2.48,local,0.75,0.9689528398009106,quant,"Quant q=131,072",3372,0.6932565789473685,0.968981955378395,1.1139622344427649,1.13366743931307,23,True
2,2.48,local,0.75,0.9689528398009106,global_supported,Two-line supported,3372,0.6932565789473685,0.968981955378395,1.1139622344427649,1.13366743931307,23,True
2,2.48,local,0.75,0.9689528398009106,lookup_supported,Lookup supported,3325,0.68359375,0.969582045577162,1.1272306287909108,1.1286675344005903,26,True
2,2.48,local,0.75,0.9689528398009106,exact_coverage,Exact global coverage,3373,0.6934621710526315,0.968963225564466,1.1138767260096614,1.135138294280414,23,True
2,2.48,local,0.875,0.98473779108244,paper,Paper greedy,4254,0.8745888157894737,0.98473779108244,1.5944409733698768,1.5832221440354048,48,True
2,2.48,local,0.875,0.98473779108244,quant,"Quant q=131,072",3803,0.7818667763157895,0.9854432652016768,1.24411553306725,1.270005264875339,24,True
2,2.48,local,0.875,0.98473779108244,global_supported,Two-line supported,3803,0.7818667763157895,0.9854432652016768,1.24411553306725,1.270005264875339,24,True
2,2.48,local,0.875,0.98473779108244,lookup_supported,Lookup supported,3744,0.7697368421052632,0.984875430795584,1.2434793668789057,1.2553402945067256,26,True
2,2.48,local,0.875,0.98473779108244,exact_coverage,Exact global coverage,3778,0.7767269736842105,0.9847400087541875,1.237625856808129,1.261839425271512,24,True
2,2.48,random,0.125,0.2335081946593467,paper,Paper greedy,606,0.12458881578947369,0.2335081946593467,0.2478280630760088,0.2456199731337128,9,True
2,2.48,random,0.125,0.2335081946593467,quant,"Quant q=131,072",637,0.13096217105263158,0.2344941175193026,0.2328759388377309,0.2392110969325397,7,True
2,2.48,random,0.125,0.2335081946593467,global_supported,Two-line supported,637,0.13096217105263158,0.2344941175193026,0.2328759388377309,0.2392110969325397,7,True
2,2.48,random,0.125,0.2335081946593467,lookup_supported,Lookup supported,656,0.13486842105263158,0.2426169589997026,0.2481539145337446,0.2384538287187834,8,True
2,2.48,random,0.125,0.2335081946593467,exact_coverage,Exact global coverage,634,0.13034539473684212,0.2336395438038598,0.2321464770414175,0.2373227357527491,7,True
2,2.48,random,0.25,0.3944986501863303,paper,Paper greedy,1212,0.24917763157894737,0.3944986501863303,0.4616630472362236,0.4480368629807874,15,True
2,2.48,random,0.25,0.3944986501863303,quant,"Quant q=131,072",1345,0.27652138157894735,0.4210574250464673,0.4608545730865695,0.4644637557482918,12,True
2,2.48,random,0.25,0.3944986501863303,global_supported,Two-line supported,1345,0.27652138157894735,0.4210574250464673,0.4608545730865695,0.4644637557482918,12,True
2,2.48,random,0.25,0.3944986501863303,lookup_supported,Lookup supported,1240,0.25493421052631576,0.3991057509526461,0.435898569354717,0.4295416699190487,12,True
2,2.48,random,0.25,0.3944986501863303,exact_coverage,Exact global coverage,1248,0.2565789473684211,0.3945012811512067,0.4261880247882847,0.42985614171652,11,True
2,2.48,random,0.375,0.5466368935448309,paper,Paper greedy,1824,0.375,0.5466368935448309,0.7101988056415266,0.6872063021770558,24,True
2,2.48,random,0.375,0.5466368935448309,quant,"Quant q=131,072",1904,0.39144736842105265,0.546681050833008,0.6336699716275452,0.645870844851512,15,True
2,2.48,random,0.375,0.5466368935448309,global_supported,Two-line supported,1904,0.39144736842105265,0.546681050833008,0.6336699716275452,0.645870844851512,15,True
2,2.48,random,0.375,0.5466368935448309,lookup_supported,Lookup supported,1856,0.3815789473684211,0.5485006781580162,0.6441480787132251,0.639530672634236,17,True
2,2.48,random,0.375,0.5466368935448309,exact_coverage,Exact global coverage,1904,0.39144736842105265,0.546681050833008,0.6336699716275452,0.645870844851512,15,True
2,2.48,random,0.5,0.6678788062795507,paper,Paper greedy,2430,0.4995888157894737,0.6678788062795507,0.91370440118092,0.8835199897918906,29,True
2,2.48,random,0.5,0.6678788062795507,quant,"Quant q=131,072",2596,0.5337171052631579,0.6935801629174367,0.8574881703055777,0.8773770445306583,19,True
2,2.48,random,0.5,0.6678788062795507,global_supported,Two-line supported,2596,0.5337171052631579,0.6935801629174367,0.8574881703055777,0.8773770445306583,19,True
2,2.48,random,0.5,0.6678788062795507,lookup_supported,Lookup supported,2414,0.49629934210526316,0.6748153206711897,0.83994970977733,0.8327226848071212,22,True
2,2.48,random,0.5,0.6678788062795507,exact_coverage,Exact global coverage,2473,0.5084292763157895,0.6679200794090188,0.8170747789116913,0.8348943804208875,18,True
2,2.48,random,0.625,0.7840798367790358,paper,Paper greedy,3036,0.6241776315789473,0.7840798367790358,1.1428221853233047,1.1065348372718709,36,True
2,2.48,random,0.625,0.7840798367790358,quant,"Quant q=131,072",3096,0.6365131578947368,0.7914803807508284,1.0169904257144735,1.0437751924135985,23,True
2,2.48,random,0.625,0.7840798367790358,global_supported,Two-line supported,3096,0.6365131578947368,0.7914803807508284,1.0169904257144735,1.0437751924135985,23,True
2,2.48,random,0.625,0.7840798367790358,lookup_supported,Lookup supported,3078,0.6328125,0.7973336965372984,1.0391296650439066,1.038956604232684,25,True
2,2.48,random,0.625,0.7840798367790358,exact_coverage,Exact global coverage,3049,0.6268503289473685,0.7841265260060643,1.0047992247006177,1.0307117507684391,23,True
2,2.48,random,0.75,0.8739653667134017,paper,Paper greedy,3648,0.75,0.8739653667134017,1.3512376592900084,1.314987339057285,40,True
2,2.48,random,0.75,0.8739653667134017,quant,"Quant q=131,072",3614,0.7430098684210527,0.8748999435298772,1.1775358764827115,1.20743302151316,24,True
2,2.48,random,0.75,0.8739653667134017,global_supported,Two-line supported,3614,0.7430098684210527,0.8748999435298772,1.1775358764827115,1.20743302151316,24,True
2,2.48,random,0.75,0.8739653667134017,lookup_supported,Lookup supported,3579,0.7358141447368421,0.8765773061871265,1.193276076234757,1.199709681819438,27,True
2,2.48,random,0.75,0.8739653667134017,exact_coverage,Exact global coverage,3598,0.7397203947368421,0.8739807043838368,1.1756995533515902,1.20236460250602,24,True
2,2.48,random,0.875,0.9444870693188128,paper,Paper greedy,4254,0.8745888157894737,0.9444870693188128,1.5422306090682705,1.5200225992156975,41,True
2,2.48,random,0.875,0.9444870693188128,quant,"Quant q=131,072",4124,0.8478618421052632,0.9460573741255468,1.344751744939208,1.375182967230787,27,True
2,2.48,random,0.875,0.9444870693188128,global_supported,Two-line supported,4124,0.8478618421052632,0.9460573741255468,1.344751744939208,1.375182967230787,27,True
2,2.48,random,0.875,0.9444870693188128,lookup_supported,Lookup supported,4106,0.8441611842105263,0.9445950410098382,1.3473590494219971,1.3655397136973917,28,True
2,2.48,random,0.875,0.9444870693188128,exact_coverage,Exact global coverage,4118,0.8466282894736842,0.9444906870880408,1.3407809018410637,1.3701069647144424,26,True
2,3.3,hot-cold,0.125,0.4857240895184793,paper,Paper greedy,606,0.12458881578947369,0.4857240895184793,0.2264180575710336,0.2198308410571797,7,True
2,3.3,hot-cold,0.125,0.4857240895184793,quant,"Quant q=131,072",706,0.14514802631578946,0.5386051318668181,0.2317062474242602,0.2366795542758695,5,True
2,3.3,hot-cold,0.125,0.4857240895184793,global_supported,Two-line supported,706,0.14514802631578946,0.5386051318668181,0.2317062474242602,0.2366795542758695,5,True
2,3.3,hot-cold,0.125,0.4857240895184793,lookup_supported,Lookup supported,625,0.12849506578947367,0.5017428320771484,0.213548449275309,0.2129663151859514,5,True
2,3.3,hot-cold,0.125,0.4857240895184793,exact_coverage,Exact global coverage,615,0.12643914473684212,0.4858164245509675,0.2015387495967757,0.2054122971479184,4,True
2,3.3,hot-cold,0.25,0.7049340010251164,paper,Paper greedy,1212,0.24917763157894737,0.7049340010251164,0.4355813409686497,0.4310800015739655,12,True
2,3.3,hot-cold,0.25,0.7049340010251164,quant,"Quant q=131,072",1194,0.24547697368421054,0.7094563134796881,0.3893235945099849,0.3980624314934114,8,True
2,3.3,hot-cold,0.25,0.7049340010251164,global_supported,Two-line supported,1194,0.24547697368421054,0.7094563134796881,0.3893235945099849,0.3980624314934114,8,True
2,3.3,hot-cold,0.25,0.7049340010251164,lookup_supported,Lookup supported,1174,0.24136513157894737,0.7052074951857787,0.3851178405983119,0.3906241269435981,8,True
2,3.3,hot-cold,0.25,0.7049340010251164,exact_coverage,Exact global coverage,1176,0.24177631578947367,0.7050236576244711,0.384125167819085,0.3929469955172656,8,True
2,3.3,hot-cold,0.375,0.8168167208109522,paper,Paper greedy,1824,0.375,0.8168167208109522,0.6523542293649269,0.6451807119056854,17,True
2,3.3,hot-cold,0.375,0.8168167208109522,quant,"Quant q=131,072",1777,0.3653371710526316,0.8260945564883586,0.5812855132123893,0.5920709693187273,11,True
2,3.3,hot-cold,0.375,0.8168167208109522,global_supported,Two-line supported,1777,0.3653371710526316,0.8260945564883586,0.5812855132123893,0.5920709693187273,11,True
2,3.3,hot-cold,0.375,0.8168167208109522,lookup_supported,Lookup supported,1765,0.3628700657894737,0.824014042027816,0.5780155277786989,0.5859937959281871,12,True
2,3.3,hot-cold,0.375,0.8168167208109522,exact_coverage,Exact global coverage,1724,0.35444078947368424,0.8168259325872742,0.5614025416085704,0.5746544176170195,11,True
2,3.3,hot-cold,0.5,0.8897129941967385,paper,Paper greedy,2430,0.4995888157894737,0.8897129941967385,0.8517280694559919,0.8495685029539403,20,True
2,3.3,hot-cold,0.5,0.8897129941967385,quant,"Quant q=131,072",2295,0.47183388157894735,0.8904848219559325,0.7466787338674445,0.7631727791285986,15,True
2,3.3,hot-cold,0.5,0.8897129941967385,global_supported,Two-line supported,2295,0.47183388157894735,0.8904848219559325,0.7466787338674445,0.7631727791285986,15,True
2,3.3,hot-cold,0.5,0.8897129941967385,lookup_supported,Lookup supported,2302,0.4732730263157895,0.8904467187401578,0.7488855428816023,0.7605204792784226,15,True
2,3.3,hot-cold,0.5,0.8897129941967385,exact_coverage,Exact global coverage,2288,0.47039473684210525,0.8897163827957653,0.7444014972035996,0.7612420200859521,15,True
2,3.3,hot-cold,0.625,0.933630916409518,paper,Paper greedy,3036,0.6241776315789473,0.933630916409518,1.067300268975163,1.0652672890926218,26,True
2,3.3,hot-cold,0.625,0.933630916409518,quant,"Quant q=131,072",2865,0.5890213815789473,0.9379668530435554,0.9326742834066092,0.952670374489818,19,True
2,3.3,hot-cold,0.625,0.933630916409518,global_supported,Two-line supported,2865,0.5890213815789473,0.9379668530435554,0.9326742834066092,0.952670374489818,19,True
2,3.3,hot-cold,0.625,0.933630916409518,lookup_supported,Lookup supported,2805,0.5766858552631579,0.9336479969974468,0.9139767679152432,0.9271973160848924,19,True
2,3.3,hot-cold,0.625,0.933630916409518,exact_coverage,Exact global coverage,2795,0.5746299342105263,0.9336349095396386,0.9110522350463868,0.9300103590516556,17,True
2,3.3,hot-cold,0.75,0.9636722990842672,paper,Paper greedy,3648,0.75,0.9636722990842672,1.2792136495430084,1.2805956492519046,30,True
2,3.3,hot-cold,0.75,0.9636722990842672,quant,"Quant q=131,072",3351,0.6889391447368421,0.964596889909948,1.0901457229349474,1.1122551393844875,19,True
2,3.3,hot-cold,0.75,0.9636722990842672,global_supported,Two-line supported,3351,0.6889391447368421,0.964596889909948,1.0901457229349474,1.1122551393844875,19,True
2,3.3,hot-cold,0.75,0.9636722990842672,lookup_supported,Lookup supported,3326,0.6837993421052632,0.964520203899823,1.094396263253158,1.1088035726979983,23,True
2,3.3,hot-cold,0.75,0.9636722990842672,exact_coverage,Exact global coverage,3332,0.6850328947368421,0.963677721883395,1.0842815764138185,1.106722998194478,20,True
2,3.3,hot-cold,0.875,0.9771515829885348,paper,Paper greedy,4254,0.8745888157894737,0.9771515829885348,1.5033780223240447,1.4999868115971102,37,True
2,3.3,hot-cold,0.875,0.9771515829885348,quant,"Quant q=131,072",3660,0.7524671052631579,0.9775842400892036,1.195423322021435,1.220609562718684,21,True
2,3.3,hot-cold,0.875,0.9771515829885348,global_supported,Two-line supported,3660,0.7524671052631579,0.9775842400892036,1.195423322021435,1.220609562718684,21,True
2,3.3,hot-cold,0.875,0.9771515829885348,lookup_supported,Lookup supported,3665,0.7534950657894737,0.9774094992721803,1.1969677540471653,1.2138245938329182,25,True
2,3.3,hot-cold,0.875,0.9771515829885348,exact_coverage,Exact global coverage,3647,0.7497944078947368,0.9771529206596132,1.191428927049443,1.21642681542204,21,True
2,3.3,local,0.125,0.6093728784093602,paper,Paper greedy,606,0.12458881578947369,0.6093728784093602,0.269238068580984,0.2635205280225108,11,True
2,3.3,local,0.125,0.6093728784093602,quant,"Quant q=131,072",668,0.13733552631578946,0.6347503684399234,0.2621523786031517,0.2581558938647637,9,True
2,3.3,local,0.125,0.6093728784093602,global_supported,Two-line supported,668,0.13733552631578946,0.6347503684399234,0.2621523786031517,0.2581558938647637,9,True
2,3.3,local,0.125,0.6093728784093602,lookup_supported,Lookup supported,639,0.13137335526315788,0.6131514131400533,0.2440202976879691,0.2339988409346532,8,True
2,3.3,local,0.125,0.6093728784093602,exact_coverage,Exact global coverage,611,0.12561677631578946,0.6095202575523915,0.2372119875890447,0.2327918459731419,8,True
2,3.3,local,0.25,0.7574499782564279,paper,Paper greedy,1212,0.24917763157894737,0.7574499782564279,0.5384761371619681,0.5223430706882668,22,True
2,3.3,local,0.25,0.7574499782564279,quant,"Quant q=131,072",1181,0.24280427631578946,0.7599296261196514,0.4436315555375606,0.4394648542059803,14,True
2,3.3,local,0.25,0.7574499782564279,global_supported,Two-line supported,1181,0.24280427631578946,0.7599296261196514,0.4436315555375606,0.4394648542059803,14,True
2,3.3,local,0.25,0.7574499782564279,lookup_supported,Lookup supported,1217,0.25020559210526316,0.7699531831889956,0.4634539760358598,0.4471268607182886,15,True
2,3.3,local,0.25,0.7574499782564279,exact_coverage,Exact global coverage,1165,0.23951480263157895,0.7575173180709708,0.4397410926238895,0.434706219598461,14,True
2,3.3,local,0.375,0.8535859387540541,paper,Paper greedy,1824,0.375,0.8535859387540541,0.7648506617989633,0.7500313242709755,29,True
2,3.3,local,0.375,0.8535859387540541,quant,"Quant q=131,072",1890,0.3885690789473684,0.8562233959968543,0.6401491634175508,0.6483464627549828,15,True
2,3.3,local,0.375,0.8535859387540541,global_supported,Two-line supported,1890,0.3885690789473684,0.8562233959968543,0.6401491634175508,0.6483464627549828,15,True
2,3.3,local,0.375,0.8535859387540541,lookup_supported,Lookup supported,1822,0.3745888157894737,0.8547283247634105,0.6472079586797339,0.6334625750025671,18,True
2,3.3,local,0.375,0.8535859387540541,exact_coverage,Exact global coverage,1864,0.3832236842105263,0.853591136966163,0.6337449955915333,0.640473900481116,15,True
2,3.3,local,0.5,0.9097087944590072,paper,Paper greedy,2430,0.4995888157894737,0.9097087944590072,0.9932406935612448,0.9805168662949308,36,True
2,3.3,local,0.5,0.9097087944590072,quant,"Quant q=131,072",2379,0.48910361842105265,0.9107760457527811,0.7971997464639745,0.8079338749078362,17,True
2,3.3,local,0.5,0.9097087944590072,global_supported,Two-line supported,2379,0.48910361842105265,0.9107760457527811,0.7971997464639745,0.8079338749078362,17,True
2,3.3,local,0.5,0.9097087944590072,lookup_supported,Lookup supported,2316,0.4761513157894737,0.9097105086254288,0.8028567504066308,0.7987198841200754,20,True
2,3.3,local,0.5,0.9097087944590072,exact_coverage,Exact global coverage,2366,0.4864309210526316,0.9097183442420712,0.7938744141640128,0.8053160939337403,17,True
2,3.3,local,0.625,0.9464387233338168,paper,Paper greedy,3036,0.6241776315789473,0.9464387233338168,1.1790924249123254,1.1755529562973948,38,True
2,3.3,local,0.625,0.9464387233338168,quant,"Quant q=131,072",2793,0.57421875,0.9465055201104208,0.9477869400419786,0.9619856973316112,21,True
2,3.3,local,0.625,0.9464387233338168,global_supported,Two-line supported,2793,0.57421875,0.9465055201104208,0.9477869400419786,0.9619856973316112,21,True
2,3.3,local,0.625,0.9464387233338168,lookup_supported,Lookup supported,2794,0.5744243421052632,0.9484289015540022,0.968606705624424,0.9683322668877488,23,True
2,3.3,local,0.625,0.9464387233338168,exact_coverage,Exact global coverage,2792,0.5740131578947368,0.9464411023183824,0.9474616205185722,0.9616533791650282,21,True
2,3.3,local,0.75,0.9669684640064664,paper,Paper greedy,3648,0.75,0.9669684640064664,1.3963817827396436,1.3869627847909836,43,True
2,3.3,local,0.75,0.9669684640064664,quant,"Quant q=131,072",3243,0.666735197368421,0.9675536520317544,1.081527224514366,1.1024863100651352,22,True
2,3.3,local,0.75,0.9669684640064664,global_supported,Two-line supported,3243,0.666735197368421,0.9675536520317544,1.081527224514366,1.1024863100651352,22,True
2,3.3,local,0.75,0.9669684640064664,lookup_supported,Lookup supported,3215,0.6609786184210527,0.9670799124614388,1.085705627766679,1.0912824895983058,23,True
2,3.3,local,0.75,0.9669684640064664,exact_coverage,Exact global coverage,3227,0.6634457236842105,0.9669709515099,1.0773080992354869,1.0998841250464215,22,True
2,3.3,local,0.875,0.9842615379750598,paper,Paper greedy,4254,0.8745888157894737,0.9842615379750598,1.5521609076741965,1.551396712157853,39,True
2,3.3,local,0.875,0.9842615379750598,quant,"Quant q=131,072",3763,0.7736430921052632,0.9844337060877648,1.2335677198700523,1.2591654812745483,21,True
2,3.3,local,0.875,0.9842615379750598,global_supported,Two-line supported,3763,0.7736430921052632,0.9844337060877648,1.2335677198700523,1.2591654812745483,21,True
2,3.3,local,0.875,0.9842615379750598,lookup_supported,Lookup supported,3726,0.7660361842105263,0.9852924909468012,1.2533172433962694,1.2598731916938974,26,True
2,3.3,local,0.875,0.9842615379750598,exact_coverage,Exact global coverage,3757,0.7724095394736842,0.9842616390309612,1.231780133912218,1.258388247360345,21,True
2,3.3,random,0.125,0.3006128690036512,paper,Paper greedy,606,0.12458881578947369,0.3006128690036512,0.2803186854651378,0.2799358671358186,12,True
2,3.3,random,0.125,0.3006128690036512,quant,"Quant q=131,072",720,0.14802631578947367,0.3169815639738222,0.2747963830725827,0.2754938163999968,9,True
2,3.3,random,0.125,0.3006128690036512,global_supported,Two-line supported,720,0.14802631578947367,0.3169815639738222,0.2747963830725827,0.2754938163999968,9,True
2,3.3,random,0.125,0.3006128690036512,lookup_supported,Lookup supported,756,0.15542763157894737,0.3314324441258907,0.2946305415124964,0.2830157859235787,10,True
2,3.3,random,0.125,0.3006128690036512,exact_coverage,Exact global coverage,651,0.1338404605263158,0.3006826532433043,0.2580187617573762,0.2610003043445514,9,True
2,3.3,random,0.25,0.464696404870247,paper,Paper greedy,1212,0.24917763157894737,0.464696404870247,0.505985514772839,0.4958563784328719,19,True
2,3.3,random,0.25,0.464696404870247,quant,"Quant q=131,072",1298,0.2668585526315789,0.4739846178372748,0.4550253364278104,0.4573537201798849,12,True
2,3.3,random,0.25,0.464696404870247,global_supported,Two-line supported,1298,0.2668585526315789,0.4739846178372748,0.4550253364278104,0.4573537201798849,12,True
2,3.3,random,0.25,0.464696404870247,lookup_supported,Lookup supported,1267,0.2604851973684211,0.4746492437264461,0.4632164062960962,0.4485891639562326,14,True
2,3.3,random,0.25,0.464696404870247,exact_coverage,Exact global coverage,1254,0.2578125,0.4647079168066997,0.4433288383779766,0.4452289981587312,12,True
2,3.3,random,0.375,0.5986333903421872,paper,Paper greedy,1824,0.375,0.5986333903421872,0.7323600394098343,0.7121327399011446,26,True
2,3.3,random,0.375,0.5986333903421872,quant,"Quant q=131,072",1861,0.38260690789473684,0.6045302972123955,0.6351518391690717,0.6429832865042562,15,True
2,3.3,random,0.375,0.5986333903421872,global_supported,Two-line supported,1861,0.38260690789473684,0.6045302972123955,0.6351518391690717,0.6429832865042562,15,True
2,3.3,random,0.375,0.5986333903421872,lookup_supported,Lookup supported,1806,0.37129934210526316,0.599980266353817,0.633492838634668,0.626177298965166,17,True
2,3.3,random,0.375,0.5986333903421872,exact_coverage,Exact global coverage,1865,0.3834292763157895,0.5986471257249695,0.6261119907002615,0.6335837465547847,14,True
2,3.3,random,0.5,0.7101501937935145,paper,Paper greedy,2430,0.4995888157894737,0.7101501937935145,0.9474392453811936,0.9230304386008044,32,True
2,3.3,random,0.5,0.7101501937935145,quant,"Quant q=131,072",2528,0.5197368421052632,0.7290734961977713,0.8441464230416386,0.8571376236018582,19,True
2,3.3,random,0.5,0.7101501937935145,global_supported,Two-line supported,2528,0.5197368421052632,0.7290734961977713,0.8441464230416386,0.8571376236018582,19,True
2,3.3,random,0.5,0.7101501937935145,lookup_supported,Lookup supported,2438,0.501233552631579,0.71839022064529,0.8293053341209806,0.8275659479208589,20,True
2,3.3,random,0.5,0.7101501937935145,exact_coverage,Exact global coverage,2435,0.5006167763157895,0.710158451778458,0.8104642284133862,0.8237619542664778,18,True
2,3.3,random,0.625,0.8057742713016046,paper,Paper greedy,3036,0.6241776315789473,0.8057742713016046,1.1723548464255622,1.141701383844717,39,True
2,3.3,random,0.625,0.8057742713016046,quant,"Quant q=131,072",2990,0.6147203947368421,0.8057901978505443,0.9908170188965072,1.0083918972583723,22,True
2,3.3,random,0.625,0.8057742713016046,global_supported,Two-line supported,2990,0.6147203947368421,0.8057901978505443,0.9908170188965072,1.0083918972583723,22,True
2,3.3,random,0.625,0.8057742713016046,lookup_supported,Lookup supported,2968,0.6101973684210527,0.8098949197634981,1.010551613620545,1.0083118790161143,25,True
2,3.3,random,0.625,0.8057742713016046,exact_coverage,Exact global coverage,2990,0.6147203947368421,0.8057901978505443,0.9908170188965072,1.0083918972583723,22,True
2,3.3,random,0.75,0.8910309963237452,paper,Paper greedy,3648,0.75,0.8910309963237452,1.364806719796451,1.3325007787350662,42,True
2,3.3,random,0.75,0.8910309963237452,quant,"Quant q=131,072",3613,0.7428042763157895,0.894532366838985,1.1808493188598217,1.2082255524628411,24,True
2,3.3,random,0.75,0.8910309963237452,global_supported,Two-line supported,3613,0.7428042763157895,0.894532366838985,1.1808493188598217,1.2082255524628411,24,True
2,3.3,random,0.75,0.8910309963237452,lookup_supported,Lookup supported,3551,0.7300575657894737,0.8929645427700081,1.1936396484623348,1.1949340767107104,28,True
2,3.3,random,0.75,0.8910309963237452,exact_coverage,Exact global coverage,3588,0.7376644736842105,0.8910393628289242,1.1730449931398688,1.2000816091791484,24,True
2,3.3,random,0.875,0.9550445752208768,paper,Paper greedy,4254,0.8745888157894737,0.9550445752208768,1.5833368806024937,1.553246050494525,48,True
2,3.3,random,0.875,0.9550445752208768,quant,"Quant q=131,072",4130,0.8490953947368421,0.955712873821024,1.345811578516939,1.3776729271579322,26,True
2,3.3,random,0.875,0.9550445752208768,global_supported,Two-line supported,4130,0.8490953947368421,0.955712873821024,1.345811578516939,1.3776729271579322,26,True
2,3.3,random,0.875,0.9550445752208768,lookup_supported,Lookup supported,4117,0.846422697368421,0.955579480842616,1.3527452071881116,1.371196763772488,28,True
2,3.3,random,0.875,0.9550445752208768,exact_coverage,Exact global coverage,4124,0.8478618421052632,0.955059421440549,1.343777495785199,1.3743758088220983,26,True
2,4.55,hot-cold,0.125,0.5907184117868102,paper,Paper greedy,606,0.12458881578947369,0.5907184117868102,0.2401984010265384,0.2386254225249023,8,True
2,4.55,hot-cold,0.125,0.5907184117868102,quant,"Quant q=131,072",633,0.13013980263157895,0.5911519931286079,0.2077114254416849,0.2119081375516506,4,True
2,4.55,hot-cold,0.125,0.5907184117868102,global_supported,Two-line supported,633,0.13013980263157895,0.5911519931286079,0.2077114254416849,0.2119081375516506,4,True
2,4.55,hot-cold,0.125,0.5907184117868102,lookup_supported,Lookup supported,620,0.12746710526315788,0.5927589948894696,0.2107011057303617,0.209966847277956,5,True
2,4.55,hot-cold,0.125,0.5907184117868102,exact_coverage,Exact global coverage,633,0.13013980263157895,0.5911519931286079,0.2077114254416849,0.2119081375516506,4,True
2,4.55,hot-cold,0.25,0.7798332294079957,paper,Paper greedy,1212,0.24917763157894737,0.7798332294079957,0.4567565876413335,0.4459228854469081,14,True
2,4.55,hot-cold,0.25,0.7798332294079957,quant,"Quant q=131,072",1201,0.24691611842105263,0.7868888249172399,0.3970120222581466,0.4034228490791225,8,True
2,4.55,hot-cold,0.25,0.7798332294079957,global_supported,Two-line supported,1201,0.24691611842105263,0.7868888249172399,0.3970120222581466,0.4034228490791225,8,True
2,4.55,hot-cold,0.25,0.7798332294079957,lookup_supported,Lookup supported,1173,0.2411595394736842,0.7801627726321991,0.3879030756027665,0.393175862328719,8,True
2,4.55,hot-cold,0.25,0.7798332294079957,exact_coverage,Exact global coverage,1172,0.24095394736842105,0.7798522336204836,0.3871551901812355,0.3931627534985008,8,True
2,4.55,hot-cold,0.375,0.8863656209910836,paper,Paper greedy,1824,0.375,0.8863656209910836,0.633667426314532,0.6314065929866642,16,True
2,4.55,hot-cold,0.375,0.8863656209910836,quant,"Quant q=131,072",1839,0.37808388157894735,0.8948488725788568,0.6027464972411907,0.6150219648109075,12,True
2,4.55,hot-cold,0.375,0.8863656209910836,global_supported,Two-line supported,1839,0.37808388157894735,0.8948488725788568,0.6027464972411907,0.6150219648109075,12,True
2,4.55,hot-cold,0.375,0.8863656209910836,lookup_supported,Lookup supported,1807,0.3715049342105263,0.8908576616695634,0.5958693929181704,0.6031034417749879,13,True
2,4.55,hot-cold,0.375,0.8863656209910836,exact_coverage,Exact global coverage,1787,0.36739309210526316,0.8863875388685168,0.585102129643953,0.5951930897646868,11,True
2,4.55,hot-cold,0.5,0.9372526507730298,paper,Paper greedy,2430,0.4995888157894737,0.9372526507730298,0.8521975871205747,0.8476486328559729,22,True
2,4.55,hot-cold,0.5,0.9372526507730298,quant,"Quant q=131,072",2312,0.4753289473684211,0.9384130379539206,0.7521387381156664,0.7690135028143041,15,True
2,4.55,hot-cold,0.5,0.9372526507730298,global_supported,Two-line supported,2312,0.4753289473684211,0.9384130379539206,0.7521387381156664,0.7690135028143041,15,True
2,4.55,hot-cold,0.5,0.9372526507730298,lookup_supported,Lookup supported,2316,0.4761513157894737,0.9383387388800905,0.7534400162092922,0.7664330814575491,15,True
2,4.55,hot-cold,0.5,0.9372526507730298,exact_coverage,Exact global coverage,2295,0.47183388157894735,0.9372758105248812,0.7466083062177572,0.7634831856929667,15,True
2,4.55,hot-cold,0.625,0.9645258937646444,paper,Paper greedy,3036,0.6241776315789473,0.9645258937646444,1.0338236594904102,1.03635795037988,24,True
2,4.55,hot-cold,0.625,0.9645258937646444,quant,"Quant q=131,072",2883,0.5927220394736842,0.9673947061051263,0.9387647936602164,0.9594749429881152,19,True
2,4.55,hot-cold,0.625,0.9645258937646444,global_supported,Two-line supported,2883,0.5927220394736842,0.9673947061051263,0.9387647936602164,0.9594749429881152,19,True
2,4.55,hot-cold,0.625,0.9645258937646444,lookup_supported,Lookup supported,2845,0.5849095394736842,0.9658039614345166,0.929208019816654,0.9428724937857562,19,True
2,4.55,hot-cold,0.625,0.9645258937646444,exact_coverage,Exact global coverage,2823,0.5803865131578947,0.9645297862045792,0.9186000354670292,0.938362710071214,18,True
2,4.55,hot-cold,0.75,0.9789212783239236,paper,Paper greedy,3648,0.75,0.9789212783239236,1.2464413165551298,1.2574753531091774,28,True
2,4.55,hot-cold,0.75,0.9789212783239236,quant,"Quant q=131,072",3259,0.6700246710526315,0.9792891209915292,1.0614253347678566,1.0857386267394218,21,True
2,4.55,hot-cold,0.75,0.9789212783239236,global_supported,Two-line supported,3259,0.6700246710526315,0.9792891209915292,1.0614253347678566,1.0857386267394218,21,True
2,4.55,hot-cold,0.75,0.9789212783239236,lookup_supported,Lookup supported,3282,0.6747532894736842,0.9802460257399028,1.0775820226593715,1.0909621219817591,23,True
2,4.55,hot-cold,0.75,0.9789212783239236,exact_coverage,Exact global coverage,3247,0.6675575657894737,0.9789233879859712,1.0575215004869791,1.0825565941570543,21,True
2,4.55,hot-cold,0.875,0.9877983297043637,paper,Paper greedy,4254,0.8745888157894737,0.9877983297043637,1.4504633815255643,1.4563719365714287,30,True
2,4.55,hot-cold,0.875,0.9877983297043637,quant,"Quant q=131,072",3772,0.7754934210526315,0.9893047713411464,1.2271052422890545,1.254724304680349,22,True
2,4.55,hot-cold,0.875,0.9877983297043637,global_supported,Two-line supported,3772,0.7754934210526315,0.9893047713411464,1.2271052422890545,1.254724304680349,22,True
2,4.55,hot-cold,0.875,0.9877983297043637,lookup_supported,Lookup supported,3792,0.7796052631578947,0.989491103719894,1.2349145442764002,1.254946625731456,24,True
2,4.55,hot-cold,0.875,0.9877983297043637,exact_coverage,Exact global coverage,3677,0.7559621710526315,0.9878010673980384,1.1961998875654436,1.2230067792291222,20,True
2,4.55,local,0.125,0.6794267665251187,paper,Paper greedy,606,0.12458881578947369,0.6794267665251187,0.2913993023492917,0.2852695340527076,13,True
2,4.55,local,0.125,0.6794267665251187,quant,"Quant q=131,072",636,0.13075657894736842,0.6841611537313399,0.2654520696599634,0.257779415123377,10,True
2,4.55,local,0.125,0.6794267665251187,global_supported,Two-line supported,636,0.13075657894736842,0.6841611537313399,0.2654520696599634,0.257779415123377,10,True
2,4.55,local,0.125,0.6794267665251187,lookup_supported,Lookup supported,645,0.13260690789473684,0.6854461218906387,0.2676404550489034,0.2556999517833278,10,True
2,4.55,local,0.125,0.6794267665251187,exact_coverage,Exact global coverage,620,0.12746710526315788,0.6795393195249106,0.2615616067462923,0.2542416191894762,10,True
2,4.55,local,0.25,0.8353745030406565,paper,Paper greedy,1212,0.24917763157894737,0.8353745030406565,0.5503079823094543,0.5439293218460567,23,True
2,4.55,local,0.25,0.8353745030406565,quant,"Quant q=131,072",1255,0.25801809210526316,0.8415159533808418,0.4720482386670272,0.4688050136810753,15,True
2,4.55,local,0.25,0.8353745030406565,global_supported,Two-line supported,1255,0.25801809210526316,0.8415159533808418,0.4720482386670272,0.4688050136810753,15,True
2,4.55,local,0.25,0.8353745030406565,lookup_supported,Lookup supported,1268,0.26069078947368424,0.8430050497891315,0.4753031433173015,0.4668837510928786,15,True
2,4.55,local,0.25,0.8353745030406565,exact_coverage,Exact global coverage,1217,0.25020559210526316,0.8354061365574648,0.4627262236557564,0.4577784916640069,15,True
2,4.55,local,0.375,0.9090185320067274,paper,Paper greedy,1824,0.375,0.9090185320067274,0.8099243575989111,0.7920177155870842,33,True
2,4.55,local,0.375,0.9090185320067274,quant,"Quant q=131,072",1808,0.3717105263157895,0.9106622057180932,0.6689347366270655,0.6726544287632422,20,True
2,4.55,local,0.375,0.9090185320067274,global_supported,Two-line supported,1808,0.3717105263157895,0.9106622057180932,0.6689347366270655,0.6726544287632422,20,True
2,4.55,local,0.375,0.9090185320067274,lookup_supported,Lookup supported,1795,0.3690378289473684,0.9106856061929336,0.6753636338088113,0.661063028205972,21,True
2,4.55,local,0.375,0.9090185320067274,exact_coverage,Exact global coverage,1782,0.36636513157894735,0.90902076390042,0.66261273439235,0.6681881576146576,20,True
2,4.55,local,0.5,0.9449944217519514,paper,Paper greedy,2430,0.4995888157894737,0.9449944217519514,1.005823766972063,0.9908568892241888,36,True
2,4.55,local,0.5,0.9449944217519514,quant,"Quant q=131,072",2328,0.4786184210526316,0.9474174600074026,0.8316098070855521,0.8388100845295123,22,True
2,4.55,local,0.5,0.9449944217519514,global_supported,Two-line supported,2328,0.4786184210526316,0.9474174600074026,0.8316098070855521,0.8388100845295123,22,True
2,4.55,local,0.5,0.9449944217519514,lookup_supported,Lookup supported,2311,0.4751233552631579,0.949095510435204,0.8511633564179784,0.8383862704674394,25,True
2,4.55,local,0.5,0.9449944217519514,exact_coverage,Exact global coverage,2272,0.46710526315789475,0.9449955139794686,0.8206811755174398,0.8277909915916853,23,True
2,4.55,local,0.625,0.9660774140754212,paper,Paper greedy,3036,0.6241776315789473,0.9660774140754212,1.191135553008874,1.1805701658562222,39,True
2,4.55,local,0.625,0.9660774140754212,quant,"Quant q=131,072",2651,0.5450246710526315,0.9660937859922444,0.9444585304946742,0.9532174953807095,25,True
2,4.55,local,0.625,0.9660774140754212,global_supported,Two-line supported,2651,0.5450246710526315,0.9660937859922444,0.9444585304946742,0.9532174953807095,25,True
2,4.55,local,0.625,0.9660774140754212,lookup_supported,Lookup supported,2654,0.545641447368421,0.9666791230538642,0.9579588727676396,0.9464107144972216,27,True
2,4.55,local,0.625,0.9660774140754212,exact_coverage,Exact global coverage,2652,0.5452302631578947,0.966077679342608,0.9444551876528728,0.9504641009148996,25,True
2,4.55,local,0.75,0.9814513848855264,paper,Paper greedy,3648,0.75,0.9814513848855264,1.396123548024123,1.3859503353745275,43,True
2,4.55,local,0.75,0.9814513848855264,quant,"Quant q=131,072",3168,0.6513157894736842,0.9818747108481478,1.081695772058178,1.092759614734426,25,True
2,4.55,local,0.75,0.9814513848855264,global_supported,Two-line supported,3168,0.6513157894736842,0.9818747108481478,1.081695772058178,1.092759614734426,25,True
2,4.55,local,0.75,0.9814513848855264,lookup_supported,Lookup supported,3135,0.64453125,0.9825730224229462,1.0970301961117257,1.0915939802344037,28,True
2,4.55,local,0.75,0.9814513848855264,exact_coverage,Exact global coverage,3155,0.6486430921052632,0.9814534492257374,1.0773844526625926,1.088748457029542,25,True
2,4.55,local,0.875,0.9903315768471144,paper,Paper greedy,4254,0.8745888157894737,0.9903315768471144,1.5735474372959426,1.565681276833702,45,True
2,4.55,local,0.875,0.9903315768471144,quant,"Quant q=131,072",3587,0.7374588815789473,0.9903420257215731,1.1908782692942017,1.2108095953398346,24,True
2,4.55,local,0.875,0.9903315768471144,global_supported,Two-line supported,3587,0.7374588815789473,0.9903420257215731,1.1908782692942017,1.2108095953398346,24,True
2,4.55,local,0.875,0.9903315768471144,lookup_supported,Lookup supported,3594,0.7388980263157895,0.9909202333256651,1.2034966325204828,1.211817635587975,25,True
2,4.55,local,0.875,0.9903315768471144,exact_coverage,Exact global coverage,3586,0.7372532894736842,0.9903321823067056,1.1907172809533992,1.210140808427124,24,True
2,4.55,random,0.125,0.3599417411716706,paper,Paper greedy,606,0.12458881578947369,0.3599417411716706,0.2913993023492917,0.2867527975139713,13,True
2,4.55,random,0.125,0.3599417411716706,quant,"Quant q=131,072",702,0.14432565789473684,0.3772428829619484,0.2856319846271851,0.2868322638100599,10,True
2,4.55,random,0.125,0.3599417411716706,global_supported,Two-line supported,702,0.14432565789473684,0.3772428829619484,0.2856319846271851,0.2868322638100599,10,True
2,4.55,random,0.125,0.3599417411716706,lookup_supported,Lookup supported,589,0.12109375,0.365054123282467,0.2761850686193623,0.263388096766009,12,True
2,4.55,random,0.125,0.3599417411716706,exact_coverage,Exact global coverage,552,0.11348684210526316,0.3600849482651874,0.267188373131498,0.2725586589138617,12,True
2,4.55,random,0.25,0.5301887661106572,paper,Paper greedy,1212,0.24917763157894737,0.5301887661106572,0.5384761371619681,0.5242048321492173,22,True
2,4.55,random,0.25,0.5301887661106572,quant,"Quant q=131,072",1283,0.2637746710526316,0.5331543775117009,0.4852067751794338,0.4874215742847934,15,True
2,4.55,random,0.25,0.5301887661106572,global_supported,Two-line supported,1283,0.2637746710526316,0.5331543775117009,0.4852067751794338,0.4874215742847934,15,True
2,4.55,random,0.25,0.5301887661106572,lookup_supported,Lookup supported,1302,0.2676809210526316,0.5416497975183439,0.5057081348939311,0.4887667734061711,17,True
2,4.55,random,0.25,0.5301887661106572,exact_coverage,Exact global coverage,1272,0.26151315789473684,0.530312329385728,0.4813700257064426,0.4847308578154426,15,True
2,4.55,random,0.375,0.6647061903871758,paper,Paper greedy,1824,0.375,0.6647061903871758,0.7766825069464497,0.7524097039773753,30,True
2,4.55,random,0.375,0.6647061903871758,quant,"Quant q=131,072",2026,0.4165296052631579,0.6679463530945975,0.6953910698936772,0.7085884177298865,17,True
2,4.55,random,0.375,0.6647061903871758,global_supported,Two-line supported,2026,0.4165296052631579,0.6679463530945975,0.6953910698936772,0.7085884177298865,17,True
2,4.55,random,0.375,0.6647061903871758,lookup_supported,Lookup supported,1890,0.3885690789473684,0.6689659119276947,0.7155067485830885,0.6936142993519793,23,True
2,4.55,random,0.375,0.6647061903871758,exact_coverage,Exact global coverage,2010,0.41324013157894735,0.6647078696138133,0.6905146198843822,0.7041526456102734,17,True
2,4.55,random,0.5,0.7642121348984278,paper,Paper greedy,2430,0.4995888157894737,0.7642121348984278,0.9873482468707306,0.9613067344089976,35,True
2,4.55,random,0.5,0.7642121348984278,quant,"Quant q=131,072",2607,0.5359786184210527,0.777077820224255,0.8954001642856648,0.9091470213952122,22,True
2,4.55,random,0.5,0.7642121348984278,global_supported,Two-line supported,2607,0.5359786184210527,0.777077820224255,0.8954001642856648,0.9091470213952122,22,True
2,4.55,random,0.5,0.7642121348984278,lookup_supported,Lookup supported,2444,0.5024671052631579,0.7656947261792273,0.8908038290721315,0.8691311503785926,26,True
2,4.55,random,0.5,0.7642121348984278,exact_coverage,Exact global coverage,2507,0.5154194078947368,0.7642122485144144,0.8706622051770961,0.8861877436076729,22,True
2,4.55,random,0.625,0.8449502376756135,paper,Paper greedy,3036,0.6241776315789473,0.8449502376756135,1.202920446389902,1.1719872609182749,41,True
2,4.55,random,0.625,0.8449502376756135,quant,"Quant q=131,072",3109,0.6391858552631579,0.8457086335682349,1.0348121159084287,1.053307131794109,23,True
2,4.55,random,0.625,0.8449502376756135,global_supported,Two-line supported,3109,0.6391858552631579,0.8457086335682349,1.0348121159084287,1.053307131794109,23,True
2,4.55,random,0.625,0.8449502376756135,lookup_supported,Lookup supported,3078,0.6328125,0.8529192321987428,1.0695544097088714,1.0571895134169758,28,True
2,4.55,random,0.625,0.8449502376756135,exact_coverage,Exact global coverage,3105,0.6383634868421053,0.8449852376891847,1.0334169342818866,1.0526822325649363,23,True
2,4.55,random,0.75,0.9126682950942188,paper,Paper greedy,3648,0.75,0.9126682950942188,1.440375587911051,1.3982414557503255,49,True
2,4.55,random,0.75,0.9126682950942188,quant,"Quant q=131,072",3659,0.7522615131578947,0.9174219883836658,1.2055447705349958,1.228406418990052,25,True
2,4.55,random,0.75,0.9126682950942188,global_supported,Two-line supported,3659,0.7522615131578947,0.9174219883836658,1.2055447705349958,1.228406418990052,25,True
2,4.55,random,0.75,0.9126682950942188,lookup_supported,Lookup supported,3573,0.7345805921052632,0.9138970372314864,1.2086493609174234,1.2090088530503185,28,True
2,4.55,random,0.75,0.9126682950942188,exact_coverage,Exact global coverage,3602,0.7405427631578947,0.9126720016401896,1.1933048323478532,1.2154642694495927,26,True
2,4.55,random,0.875,0.965152864225998,paper,Paper greedy,4254,0.8745888157894737,0.965152864225998,1.636040238451912,1.6041639146595037,52,True
2,4.55,random,0.875,0.965152864225998,quant,"Quant q=131,072",4134,0.8499177631578947,0.9662585338053616,1.3523597165122776,1.3810736182341885,27,True
2,4.55,random,0.875,0.965152864225998,global_supported,Two-line supported,4134,0.8499177631578947,0.9662585338053616,1.3523597165122776,1.3810736182341885,27,True
2,4.55,random,0.875,0.965152864225998,lookup_supported,Lookup supported,4138,0.8507401315789473,0.9672020247861044,1.3614315119547489,1.3805268831125233,28,True
2,4.55,random,0.875,0.965152864225998,exact_coverage,Exact global coverage,4123,0.84765625,0.9651664866446484,1.348863367346109,1.377393600518911,27,True
