n,trial,spatial_mode,cv,paper_budget_fraction,paper_importance_fraction,paper_latency_ms,supported_importance_fraction,supported_latency_ms,supported_saving_pct,supported_strict_win
256,0,random,3.3,0.05,0.2876837675242137,0.025079080953560973,0.290007255091422,0.014484771933616022,42.24360948298892,True
256,0,random,3.3,0.1,0.3318096489186709,0.027996928138814277,0.5351764029621136,0.033450778637762496,-19.480174653115355,False
256,0,random,3.3,0.15,0.369471771263225,0.030914775324067577,0.5351764029621136,0.033450778637762496,-8.203207971304916,False
256,0,random,3.3,0.2,0.4150419214132206,0.033832622509320884,0.5351764029621136,0.033450778637762496,1.128626287995227,True
256,0,random,3.3,0.25,0.4466838514794804,0.036750469694574184,0.5351764029621136,0.033450778637762496,8.97863642079887,True
256,0,random,3.3,0.3,0.4724764472781543,0.03966831687982749,0.5351764029621136,0.033450778637762496,15.673814094257166,True
256,0,random,3.3,0.35,0.5346737888126818,0.04404508765770745,0.5351764029621136,0.033450778637762496,24.05332713213718,True
256,0,random,3.3,0.39999999999999997,0.5698918875430256,0.04696293484296075,0.6710933309189822,0.0442434551832745,5.7906935943844,True
256,0,random,3.3,0.44999999999999996,0.615892281020511,0.04988078202821405,0.6710933309189822,0.0442434551832745,11.301600768309738,True
256,0,random,3.3,0.49999999999999994,0.6618433827622474,0.06387924609762119,0.6710933309189822,0.0442434551832745,30.738920876334376,True
256,0,random,3.3,0.5499999999999999,0.6820991892187818,0.05571647639872066,0.7335083157686508,0.05009920660459024,10.081882698273803,True
256,0,random,3.3,0.6,0.7280502909605185,0.0697149404681278,0.7335083157686508,0.05009920660459024,28.137058902754795,True
256,0,random,3.3,0.65,0.7600548246424972,0.0726327876533811,0.8402841807157009,0.06181070944722173,14.89971479244966,True
256,0,random,3.3,0.7,0.793669965560938,0.0755506348386344,0.8402841807157009,0.06181070944722173,18.186379797812734,True
256,0,random,3.3,0.75,0.8386671423183565,0.07992740561651436,0.8402841807157009,0.06181070944722173,22.666438413146007,True
256,0,random,3.3,0.7999999999999999,0.8746648659800205,0.07176463591761384,0.8998003492521942,0.0689677389621632,3.8973192292949044,True
256,0,random,3.3,0.85,0.9171358191385395,0.08576309998702097,0.969170835063152,0.0777513660941368,9.341702776714744,True
256,0,random,3.3,0.9,0.9412465416155096,0.08868094717227427,0.969170835063152,0.0777513660941368,12.324610219718723,True
256,0,random,3.3,0.95,0.9775312477171675,0.09159879435752757,0.9974273750028251,0.08230583942182683,10.145280842265858,True
256,0,local,3.3,0.05,0.24775313494990386,0.013998464069407138,0.8635463919394251,0.05425755280609401,-287.59647156341146,False
256,0,local,3.3,0.1,0.3549664417706818,0.027996928138814277,0.8635463919394251,0.05425755280609401,-93.79823578170574,False
256,0,local,3.3,0.15,0.4338142013804349,0.03091477532406758,0.8635463919394251,0.05425755280609401,-75.50686439520638,False
256,0,local,3.3,0.2,0.4886425977460753,0.033832622509320884,0.8635463919394251,0.05425755280609401,-60.3705204677706,False
256,0,local,3.3,0.25,0.5709708600571276,0.047831086578728026,0.8635463919394251,0.05425755280609401,-13.435752116540955,False
256,0,local,3.3,0.3,0.6203121106620711,0.050748933763981326,0.8635463919394251,0.05425755280609401,-6.91368031184707,False
256,0,local,3.3,0.35,0.6517172332680048,0.04404508765770745,0.8635463919394251,0.05425755280609401,-23.18638852021784,False
256,0,local,3.3,0.39999999999999997,0.7040198941982493,0.046962934842960755,0.8635463919394251,0.05425755280609401,-15.532713165234902,False
256,0,local,3.3,0.44999999999999996,0.777960401337163,0.06096139891236789,0.8635463919394251,0.05425755280609401,10.996870521148416,True
256,0,local,3.3,0.49999999999999994,0.8239229209616372,0.052798629213467355,0.8635463919394251,0.05425755280609401,-2.763184602252,False
256,0,local,3.3,0.5499999999999999,0.8754341146859206,0.055716476398720655,0.8840864231720498,0.056202784262929545,-0.8728259495965895,False
256,0,local,3.3,0.6,0.8963202314489992,0.06971494046812779,0.9339792566950568,0.06311198754084744,9.471359916457335,True
256,0,local,3.3,0.65,0.9114074861223038,0.0726327876533811,0.9339792566950568,0.06311198754084744,13.108129840711769,True
256,0,local,3.3,0.7,0.9190454501752141,0.0755506348386344,0.9339792566950568,0.06311198754084744,16.463987793556168,True
256,0,local,3.3,0.75,0.9418621363849452,0.06884678873236053,0.9450641012505299,0.0647385851578796,5.967168040983617,True
256,0,local,3.3,0.7999999999999999,0.9494257662831669,0.08284525280176766,0.9858449242931874,0.07645008800051108,7.719410086850664,True
256,0,local,3.3,0.85,0.9594312376095417,0.0968437168711748,0.9858449242931874,0.07645008800051108,21.058288064048703,True
256,0,local,3.3,0.9,0.9820488051263806,0.07760033028812044,0.9858449242931874,0.07645008800051108,1.4822646802386763,True
256,0,local,3.3,0.95,0.9808576570789482,0.08521335411920164,0.9858449242931874,0.07645008800051108,10.283911728708595,True
256,0,hot-cold,3.3,0.05,0.2966232726831214,0.013998464069407138,0.5401486181201867,0.02275200562516705,-62.532157187803804,False
256,0,hot-cold,3.3,0.1,0.4067750751067272,0.027996928138814277,0.5401486181201867,0.02275200562516705,18.733921406098098,True
256,0,hot-cold,3.3,0.15,0.47101942601210206,0.03091477532406758,0.5401486181201867,0.02275200562516705,26.404104876498014,True
256,0,hot-cold,3.3,0.2,0.5401486181201868,0.02275200562516705,0.5401486181201867,0.02275200562516705,0.0,False
256,0,hot-cold,3.3,0.25,0.6047226689362817,0.036750469694574184,0.6072079450490382,0.025669852810420352,30.150953106838163,True
256,0,hot-cold,3.3,0.3,0.659078060061536,0.03966831687982749,0.7187688913500159,0.03199185504513584,19.351619727015333,True
256,0,hot-cold,3.3,0.35,0.7320075866178387,0.04404508765770745,0.7370261445824811,0.03320762470565805,24.605384001666188,True
256,0,hot-cold,3.3,0.39999999999999997,0.7651933620101005,0.05804355172711459,0.8273370328438695,0.04147485839720908,28.545278221087166,True
256,0,hot-cold,3.3,0.44999999999999996,0.7860478610093586,0.049880782028214055,0.8273370328438695,0.04147485839720908,16.8520285553068,True
256,0,hot-cold,3.3,0.49999999999999994,0.8311954056931444,0.06387924609762119,0.8615078823132803,0.04521941375349379,29.21110295448881,True
256,0,hot-cold,3.3,0.5499999999999999,0.8582469400388846,0.04489409423008736,0.8615078823132803,0.04521941375349379,-0.7246376811594235,False
256,0,hot-cold,3.3,0.6,0.8737558583370597,0.0697149404681278,0.9022484158277031,0.051725804221622394,25.803846529467613,True
256,0,hot-cold,3.3,0.65,0.8921001539995366,0.0726327876533811,0.9022484158277031,0.051725804221622394,28.784498168418406,True
256,0,hot-cold,3.3,0.7,0.9067518733019863,0.07555063483863442,0.9209651615798853,0.055954958025905985,25.937143816967335,True
256,0,hot-cold,3.3,0.75,0.927822763058759,0.07992740561651436,0.9508122326294368,0.06376262658766031,20.22432594198219,True
256,0,hot-cold,3.3,0.7999999999999999,0.9585070880448334,0.06636518277491175,0.9662102699565388,0.06929305848556962,-4.411764705882337,False
256,0,hot-cold,3.3,0.85,0.9628036309559485,0.0860213347025415,0.9662102699565388,0.06929305848556962,19.44665968601583,True
256,0,hot-cold,3.3,0.9,0.9697071058218479,0.0889391818877948,0.9999999999999994,0.08328179799204612,6.3609578766825265,True
256,0,hot-cold,3.3,0.95,0.9652192270608464,0.10267941124168141,0.9662102699565388,0.06929305848556962,32.51513848041916,True
256,1,random,3.3,0.05,0.29568001200856325,0.025079080953560973,0.5387844351324976,0.026399314606733677,-5.2642824337039595,False
256,1,random,3.3,0.1,0.2714257825330359,0.016916311254660442,0.5387844351324976,0.026399314606733677,-56.0583404343584,False
256,1,random,3.3,0.15,0.4746358187978076,0.04199539220822142,0.5387844351324976,0.026399314606733677,37.13759243909265,True
256,1,random,3.3,0.2,0.4060327713643794,0.02275200562516705,0.5387844351324976,0.026399314606733677,-16.03071413419559,False
256,1,random,3.3,0.25,0.5333785940712545,0.036750469694574184,0.5387844351324976,0.026399314606733677,28.16604841752198,True
256,1,random,3.3,0.3,0.5819643291694403,0.03966831687982749,0.5961338900913787,0.030532931452509193,23.02942535977348,True
256,1,random,3.3,0.35,0.6322984238945765,0.04404508765770745,0.7951783056273052,0.048147289464151664,-9.313642053170867,False
256,1,random,3.3,0.39999999999999997,0.6624841459268737,0.046962934842960755,0.7951783056273052,0.048147289464151664,-2.521892264934622,False
256,1,random,3.3,0.44999999999999996,0.7033322725453419,0.049880782028214055,0.7951783056273052,0.048147289464151664,3.4752714243370786,True
256,1,random,3.3,0.49999999999999994,0.7294090713641747,0.052798629213467355,0.7951783056273052,0.048147289464151664,8.80958429907357,True
256,1,random,3.3,0.5499999999999999,0.766127532880266,0.05571647639872066,0.7951783056273052,0.048147289464151664,13.585185969769608,True
256,1,random,3.3,0.6,0.8022202783400724,0.05863432358397397,0.8625819783617114,0.056605597072718845,3.4599640402598886,True
256,1,random,3.3,0.65,0.8449770663850169,0.0726327876533811,0.8625819783617114,0.056605597072718845,22.066054599401262,True
256,1,random,3.3,0.7,0.880331980827565,0.07555063483863442,0.8981226583576238,0.06181070944722173,18.186379797812748,True
256,1,random,3.3,0.75,0.9288198791103973,0.0910080225006682,0.9968867456693163,0.0819805198984204,9.919458036989559,True
256,1,random,3.3,0.7999999999999999,0.9296801655656922,0.08284525280176767,0.9968867456693163,0.0819805198984204,1.0437929441973193,True
256,1,random,3.3,0.85,0.9618122833946728,0.09684371687117481,0.9968867456693163,0.0819805198984204,15.347611030384146,True
256,1,random,3.3,0.9,0.9730447059122066,0.11084218094058194,0.9968867456693163,0.0819805198984204,26.03851782529715,True
256,1,random,3.3,0.95,0.9820048899634631,0.10267941124168142,0.9968867456693163,0.0819805198984204,20.158755385284653,True
256,1,local,3.3,0.05,0.25667520361915586,0.013998464069407138,0.32520630138319173,0.012053232612571603,13.896034930623069,True
256,1,local,3.3,0.1,0.40404769576095345,0.027996928138814277,0.5513923632350598,0.02785823819936033,0.4953755596553089,True
256,1,local,3.3,0.15,0.5137787752857551,0.04199539220822142,0.5513923632350598,0.02785823819936033,33.66358370643688,True
256,1,local,3.3,0.2,0.576943298315309,0.04491323939347472,0.7391721323896953,0.043072471929289674,4.098496321003475,True
256,1,local,3.3,0.25,0.6508561401120811,0.058911703462881854,0.7391721323896953,0.043072471929289674,26.886392011346118,True
256,1,local,3.3,0.3,0.6909928549087206,0.07291016753228899,0.7391721323896953,0.043072471929289674,40.92391584450192,True
256,1,local,3.3,0.35,0.7296334166205093,0.07728693831016895,0.7391721323896953,0.043072471929289674,44.26940325099867,True
256,1,local,3.3,0.39999999999999997,0.7464535856322495,0.08020478549542226,0.7475448280298717,0.04380193372560301,45.38738124534597,True
256,1,local,3.3,0.44999999999999996,0.7789188010404955,0.0942032495648294,0.8787440353456906,0.05693091659612527,39.5658675692008,True
256,1,local,3.3,0.49999999999999994,0.8082407881791944,0.08604047986592886,0.8787440353456906,0.05693091659612527,33.83240460206996,True
256,1,local,3.3,0.5499999999999999,0.8441449412509883,0.100038943935336,0.8787440353456906,0.05693091659612527,43.091245912267176,True
256,1,local,3.3,0.6,0.8457739675513011,0.10295679112058931,0.8787440353456906,0.05693091659612527,44.70406859374212,True
256,1,local,3.3,0.65,0.8614151227189942,0.10587463830584261,0.8787440353456906,0.05693091659612527,46.227994251401775,True
256,1,local,3.3,0.7,0.8674873312518909,0.10879248549109591,0.8787440353456906,0.05693091659612527,47.67017562000202,True
256,1,local,3.3,0.75,0.8802327322393755,0.10208863938482203,0.9165846110463888,0.06376262658766031,37.541897931161785,True
256,1,local,3.3,0.7999999999999999,0.8853299982635328,0.10500648657007533,0.9165846110463888,0.06376262658766031,39.27744021307791,True
256,1,local,3.3,0.85,0.8903412932931001,0.10792433375532864,0.9165846110463888,0.06376262658766031,40.91913809520079,True
256,1,local,3.3,0.9,0.8924853208619042,0.12192279782473578,0.9165846110463888,0.06376262658766031,47.70245784605501,True
256,1,local,3.3,0.95,0.8933357198592659,0.11376002812583524,0.9165846110463888,0.06376262658766031,43.9498850007935,True
256,1,hot-cold,3.3,0.05,0.3888961867566282,0.013998464069407138,0.47436992083832674,0.015214233729929348,-8.685021831639418,False
256,1,hot-cold,3.3,0.1,0.5202385327218412,0.016916311254660442,0.5617910910061735,0.018132080915182654,-7.18696672235366,False
256,1,hot-cold,3.3,0.15,0.5872124906015664,0.03091477532406758,0.5901969706703105,0.019591004507809304,36.62899276334887,True
256,1,hot-cold,3.3,0.2,0.6323746804380064,0.033832622509320884,0.7449228782219873,0.028344546063569214,16.22125640493788,True
256,1,hot-cold,3.3,0.25,0.680631046087654,0.036750469694574184,0.7449228782219873,0.028344546063569214,22.872969246012154,True
256,1,hot-cold,3.3,0.3,0.7318150832167818,0.03966831687982749,0.7449228782219873,0.028344546063569214,28.546133808910724,True
256,1,hot-cold,3.3,0.35,0.7977726005966187,0.04404508765770745,0.801524605506909,0.03199185504513584,27.365668349311168,True
256,1,hot-cold,3.3,0.39999999999999997,0.8368137414937348,0.05804355172711459,0.893697616229537,0.04001593480458243,31.058776360356145,True
256,1,hot-cold,3.3,0.44999999999999996,0.8604678703777507,0.06096139891236789,0.893697616229537,0.04001593480458243,34.35856867047063,True
256,1,hot-cold,3.3,0.49999999999999994,0.8808118612777053,0.06387924609762119,0.893697616229537,0.04001593480458243,37.356908152251044,True
256,1,hot-cold,3.3,0.5499999999999999,0.8956863055494727,0.0667970932828745,0.9108097211979572,0.04269062805773129,36.0890931631656,True
256,1,hot-cold,3.3,0.6,0.9110322504152708,0.08079555735228164,0.9138641701665875,0.04317693592194018,46.56025982507703,True
256,1,hot-cold,3.3,0.65,0.9239890351498756,0.0726327876533811,0.935924582491918,0.04879792851096452,32.81556430982868,True
256,1,hot-cold,3.3,0.7,0.931875608750659,0.08663125172278824,0.935924582491918,0.04879792851096452,43.67168020714598,True
256,1,hot-cold,3.3,0.75,0.9415032460624264,0.0910080225006682,0.960433575458901,0.05562963850249955,38.87391795367149,True
256,1,hot-cold,3.3,0.7999999999999999,0.9444272242114102,0.09392586968592151,0.960433575458901,0.05562963850249955,40.77282575235197,True
256,1,hot-cold,3.3,0.85,0.9510936087401116,0.0968437168711748,0.960433575458901,0.05562963850249955,42.55730748490352,True
256,1,hot-cold,3.3,0.9,0.9575797555048674,0.09976156405642811,0.960433575458901,0.05562963850249955,44.237403424194746,True
256,1,hot-cold,3.3,0.95,0.9621263633731869,0.09284301616867197,0.9761948501002,0.06506390468128603,29.920518132369168,True
256,2,random,3.3,0.05,0.28215154158093053,0.025079080953560973,0.40953586100879497,0.024697237082002586,1.5225592686807343,True
256,2,random,3.3,0.1,0.33200305835531957,0.027996928138814277,0.40953586100879497,0.024697237082002586,11.785903940786557,True
256,2,random,3.3,0.15,0.32039180956145447,0.019834158439913745,0.40953586100879497,0.024697237082002586,-24.518704218387754,False
256,2,random,3.3,0.2,0.44447804960745907,0.033832622509320884,0.7256848557455708,0.04866501236769185,-43.84049700635724,False
256,2,random,3.3,0.25,0.41782011598423346,0.025669852810420352,0.7256848557455708,0.04866501236769185,-89.58041063615644,False
256,2,random,3.3,0.3,0.5419063560302381,0.03966831687982749,0.7256848557455708,0.04866501236769185,-22.67980140200867,False
256,2,random,3.3,0.35,0.6520957974247271,0.04404508765770744,0.7256848557455708,0.04866501236769185,-10.489080521050953,False
256,2,random,3.3,0.39999999999999997,0.7161661215814105,0.05804355172711458,0.7256848557455708,0.04866501236769185,16.157762714995304,True
256,2,random,3.3,0.44999999999999996,0.7279796441247305,0.049880782028214055,0.8224490025044987,0.05758155564293813,-15.43835782359686,False
256,2,random,3.3,0.49999999999999994,0.7902496170133877,0.06387924609762119,0.8224490025044987,0.05758155564293813,9.858742611111648,True
256,2,random,3.3,0.5499999999999999,0.8185815140338472,0.07787771016702832,0.8224490025044987,0.05758155564293813,26.061570737711715,True
256,2,random,3.3,0.6,0.8513030582844575,0.08079555735228162,0.9056288944764668,0.06836048086815164,15.390792379723372,True
256,2,random,3.3,0.65,0.8625341514943787,0.0726327876533811,0.9056288944764668,0.06836048086815164,5.882063628918955,True
256,2,random,3.3,0.7,0.8908660485148384,0.08663125172278824,0.9056288944764668,0.06836048086815164,21.09027688195171,True
256,2,random,3.3,0.75,0.9367133617918378,0.10208863938482203,0.9714750676423911,0.07812511882835607,23.473249032280396,True
256,2,random,3.3,0.7999999999999999,0.9488333674278588,0.0939258696859215,0.9714750676423911,0.07812511882835607,16.82257604896449,True
256,2,random,3.3,0.85,0.9500079984928684,0.08576309998702096,0.9714750676423911,0.07812511882835607,8.905906106263405,True
256,2,random,3.3,0.9,0.9730977906751721,0.08868094717227427,0.9952168109283346,0.0819771010660004,7.55951116901219,True
256,2,random,3.3,0.95,0.991880544510401,0.09159879435752757,0.9952168109283346,0.0819771010660004,10.504170233913634,True
256,2,local,3.3,0.05,0.40294422415155123,0.013998464069407138,0.658076833680578,0.028483236003023164,-103.47400873265578,False
256,2,local,3.3,0.1,0.6065239476023346,0.027996928138814277,0.658076833680578,0.028483236003023164,-1.7370043663278878,False
256,2,local,3.3,0.15,0.7100286735488925,0.04199539220822142,0.7810327708442011,0.0362641618303653,13.647283848283998,True
256,2,local,3.3,0.2,0.7369852933002989,0.04491323939347472,0.7810327708442011,0.0362641618303653,19.25730069776711,True
256,2,local,3.3,0.25,0.7651888999115938,0.04783108657872802,0.7810327708442011,0.0362641618303653,24.182860093140533,True
256,2,local,3.3,0.3,0.8267749030180476,0.06182955064813516,0.855436830652362,0.04185670226876747,32.303078657373504,True
256,2,local,3.3,0.35,0.8578514741423933,0.06620632142601511,0.8583682832150533,0.042099856200871914,36.41112314642329,True
256,2,local,3.3,0.39999999999999997,0.9036118759149622,0.06912416861126841,0.9139019938819501,0.047496650417338804,31.287925234306478,True
256,2,local,3.3,0.44999999999999996,0.9363194108875976,0.08312263268067555,0.9430830117918688,0.051725804221622394,37.77169640387525,True
256,2,local,3.3,0.49999999999999994,0.9501127419244934,0.0971210967500827,0.9507158628342178,0.053027082315248115,45.40106723495896,True
256,2,local,3.3,0.5499999999999999,0.9559435308512354,0.11111956081948983,0.9654984377446426,0.055954958025905985,49.64436719039682,True
256,2,local,3.3,0.6,0.957564207839574,0.1029567911205893,0.9654984377446426,0.055954958025905985,45.65199884642082,True
256,2,local,3.3,0.65,0.961736235223429,0.09479402142168877,0.9654984377446426,0.055954958025905985,40.9720600659067,True
256,2,local,3.3,0.7,0.9679244315168363,0.10879248549109591,0.9824120267954627,0.060834750877002436,44.081844805373585,True
256,2,local,3.3,0.75,0.9722897242585496,0.10208863938482203,0.9824120267954627,0.060834750877002436,40.4098720057513,True
256,2,local,3.3,0.7999999999999999,0.9766044212313445,0.11608710345422917,0.9824120267954627,0.060834750877002436,47.595599281199775,True
256,2,local,3.3,0.85,0.9787678791305237,0.11900495063948247,0.9824120267954627,0.060834750877002436,48.880487282165895,True
256,2,local,3.3,0.9,0.9801345655701871,0.12192279782473578,0.9824120267954627,0.060834750877002436,50.10387559802187,True
256,2,local,3.3,0.95,0.9801345655701871,0.12192279782473578,0.9824120267954627,0.060834750877002436,50.10387559802187,True
256,2,hot-cold,3.3,0.05,0.2283512087149303,0.013998464069407138,0.5386299318782787,0.01788892698307821,-27.792069861246137,False
256,2,hot-cold,3.3,0.1,0.4961810108108187,0.016916311254660442,0.5386299318782787,0.01788892698307821,-5.749573377882911,False
256,2,hot-cold,3.3,0.15,0.5871185207825946,0.03091477532406758,0.6252732092342675,0.020806774168331515,32.69634357609853,True
256,2,hot-cold,3.3,0.2,0.6783149017325324,0.04491323939347472,0.7074271486242472,0.02396777528568926,46.63538945451472,True
256,2,hot-cold,3.3,0.25,0.6866212891135768,0.036750469694574184,0.7074271486242472,0.02396777528568926,34.78239738190925,True
256,2,hot-cold,3.3,0.3,0.7236807194003277,0.03966831687982749,0.7605133096992093,0.02761508426725589,30.385036625289807,True
256,2,hot-cold,3.3,0.35,0.8235586492390027,0.05512570454186128,0.8511767463722146,0.03393708650197138,38.43691108528095,True
256,2,hot-cold,3.3,0.39999999999999997,0.8737605714407642,0.06912416861126842,0.9143405447099276,0.04001593480458243,42.110067132063634,True
256,2,hot-cold,3.3,0.44999999999999996,0.8900853501589164,0.07204201579652172,0.9143405447099276,0.04001593480458243,44.45472636745064,True
256,2,hot-cold,3.3,0.49999999999999994,0.909322651544182,0.08604047986592886,0.9143405447099276,0.04001593480458243,53.491734510387914,True
256,2,hot-cold,3.3,0.5499999999999999,0.9150400220181094,0.07787771016702832,0.9165649428684399,0.04025908873668687,48.304734884550236,True
256,2,hot-cold,3.3,0.6,0.9304437292579807,0.08079555735228164,0.9569898090333715,0.05009920660459024,37.99262206194132,True
256,2,hot-cold,3.3,0.65,0.9394236640657876,0.09479402142168877,0.9569898090333715,0.05009920660459024,47.14940261714903,True
256,2,hot-cold,3.3,0.7,0.9442347257020849,0.09771186860694207,0.9569898090333715,0.05009920660459024,48.72761383151886,True
256,2,hot-cold,3.3,0.75,0.9533610439918897,0.10208863938482203,0.9569898090333715,0.05009920660459024,50.92577694591284,True
256,2,hot-cold,3.3,0.7999999999999999,0.9582951982403425,0.10500648657007533,0.9617150378275906,0.05140048469821596,51.050181396256676,True
256,2,hot-cold,3.3,0.85,0.9623458693669944,0.11900495063948247,0.9714001181102386,0.05562963850249955,53.254349332889674,True
256,2,hot-cold,3.3,0.9,0.9646834753301885,0.11084218094058194,0.9714001181102386,0.05562963850249955,49.811851381451646,True
256,2,hot-cold,3.3,0.95,0.9659095847848213,0.11376002812583524,0.9714001181102386,0.05562963850249955,51.09913436293719,True
512,0,random,3.3,0.05,0.25654688098074924,0.027996928138814277,0.26902375012098867,0.020806774168331515,25.681938871409614,True
512,0,random,3.3,0.1,0.3665072181556227,0.04491323939347472,0.41895935289825526,0.038557011211955775,14.152237218592646,True
512,0,random,3.3,0.15,0.39465766237693034,0.050748933763981326,0.41895935289825526,0.038557011211955775,24.023997447368394,True
512,0,random,3.3,0.2,0.4616225730970489,0.05804355172711459,0.6850158773952983,0.08280046639523028,-42.65230836408429,False
512,0,random,3.3,0.25,0.5327485103123936,0.07495986298177502,0.6850158773952983,0.08280046639523028,-10.459735519209179,False
512,0,random,3.3,0.3,0.5677671909288662,0.08079555735228162,0.6850158773952983,0.08280046639523028,-2.4814595116993132,False
512,0,random,3.3,0.35,0.5893485668111927,0.08663125172278824,0.6850158773952983,0.08280046639523028,4.4219438728833165,True
512,0,random,3.3,0.39999999999999997,0.6669998795852137,0.0939258696859215,0.6850158773952983,0.08280046639523028,11.844876526449443,True
512,0,random,3.3,0.44999999999999996,0.7047071478807052,0.11084218094058194,0.8885274433964475,0.12357431514674821,-11.486722922739556,False
512,0,random,3.3,0.49999999999999994,0.7249698425820781,0.11667787531108854,0.8885274433964475,0.12357431514674821,-5.910666282936905,False
512,0,random,3.3,0.5499999999999999,0.7883365140691692,0.13505311015837565,0.8885274433964475,0.12357431514674821,8.499467356335854,True
512,0,random,3.3,0.6,0.8049930349239742,0.14088880452888225,0.8885274433964475,0.12357431514674821,12.289471431056509,True
512,0,random,3.3,0.65,0.834307637252444,0.12456326513108118,0.8885274433964475,0.12357431514674821,0.7939338963957487,True
512,0,random,3.3,0.7,0.8525122104266851,0.13164318131273217,0.8885274433964475,0.12357431514674821,6.129346074382324,True
512,0,random,3.3,0.75,0.8997614943319849,0.15985481123302872,0.9204854039714186,0.1315983949061948,17.676300205717965,True
512,0,random,3.3,0.7999999999999999,0.9231352410171353,0.17677112248768914,0.9284320244531284,0.13378009461153173,24.32016455580941,True
512,0,random,3.3,0.85,0.944338451383532,0.17152619997404192,0.9585949818669898,0.14346085756422416,16.36213150764434,True
512,0,random,3.3,0.9,0.9646565947402264,0.18844251122870237,0.9788783120782382,0.15159889790739645,19.551646324958405,True
512,0,random,3.3,0.95,0.984725337011783,0.18590073411882618,0.9900211602932775,0.1564786907584929,15.826749420756425,True
512,0,local,3.3,0.05,0.41096753024684446,0.016916311254660442,0.493423434351355,0.01788892698307821,-5.749573377882911,False
512,0,local,3.3,0.1,0.6178139670157954,0.033832622509320884,0.6934494514886544,0.040154624744036374,-18.68611347811946,False
512,0,local,3.3,0.15,0.6874217014893493,0.050748933763981326,0.6934494514886544,0.040154624744036374,20.87592434792036,True
512,0,local,3.3,0.2,0.7245873047792744,0.05804355172711458,0.7921009202874059,0.05498701460240734,5.2659374448297385,True
512,0,local,3.3,0.25,0.7736844259654381,0.07495986298177502,0.7921009202874059,0.05498701460240734,26.64472370263494,True
512,0,local,3.3,0.3,0.7993727286487285,0.0697149404681278,0.8085941986613624,0.059120631448182845,15.19661201573923,True
512,0,local,3.3,0.35,0.8531901522784787,0.09771186860694207,0.9219730134652543,0.094030333678572,3.7677459052384954,True
512,0,local,3.3,0.39999999999999997,0.8317989550434532,0.0939258696859215,0.9219730134652543,0.094030333678572,-0.11121961712978745,False
512,0,local,3.3,0.44999999999999996,0.8705623389516622,0.11084218094058194,0.9219730134652543,0.094030333678572,15.167373214193702,True
512,0,local,3.3,0.49999999999999994,0.8872234992042741,0.11667787531108854,0.9219730134652543,0.094030333678572,19.41031371383245,True
512,0,local,3.3,0.5499999999999999,0.9132986582674614,0.13505311015837565,0.9219730134652543,0.094030333678572,30.37529193640679,True
512,0,local,3.3,0.6,0.9219430334005637,0.14088880452888225,0.9219730134652543,0.094030333678572,33.259186921913475,True
512,0,local,3.3,0.65,0.9353173597506933,0.1578051157835427,0.9387276862516825,0.10059548984539193,36.25334049158696,True
512,0,local,3.3,0.7,0.9429617715384115,0.1636408101540493,0.9519887441819954,0.10764695387642076,34.217537926460196,True
512,0,local,3.3,0.75,0.9591197722929884,0.18227427971685692,0.9633493865710832,0.114941571839554,36.94032311190415,True
512,0,local,3.3,0.7999999999999999,0.9657327959975985,0.18810997408736355,0.9730092443345073,0.12223618980268727,35.018762085461056,True
512,0,local,3.3,0.85,0.9734064946847554,0.205026285342024,0.9736074040268601,0.12272249766689615,40.1430419215902,True
512,0,local,3.3,0.9,0.9754869451413252,0.22194259659668442,0.9950069396750283,0.144609466426242,34.84375300473423,True
512,0,local,3.3,0.95,0.9761728102606557,0.2166976740830372,0.9950069396750283,0.144609466426242,33.2667196183986,True
512,0,hot-cold,3.3,0.05,0.28371764127452137,0.016916311254660442,0.5624695415442557,0.027128776403047006,-60.3705204677706,False
512,0,hot-cold,3.3,0.1,0.44225531270322055,0.02275200562516705,0.5624695415442557,0.027128776403047006,-19.23685696103472,False
512,0,hot-cold,3.3,0.15,0.5927699828266013,0.03966831687982749,0.609501670077997,0.029560315724091426,25.481295781612257,True
512,0,hot-cold,3.3,0.2,0.6811270739660764,0.046962934842960755,0.6894613279791859,0.034909702230389146,25.665416041131984,True
512,0,hot-cold,3.3,0.25,0.7445908893859922,0.06387924609762119,0.7498570371711907,0.041961166261417965,34.31173843646761,True
512,0,hot-cold,3.3,0.3,0.7929660625116595,0.0697149404681278,0.7970616783445792,0.048147289464151664,30.936913750699414,True
512,0,hot-cold,3.3,0.35,0.8230167053550567,0.0755506348386344,0.8669627145805049,0.06213602897062816,17.755781796748593,True
512,0,hot-cold,3.3,0.39999999999999997,0.852327513275219,0.08284525280176766,0.8669627145805049,0.06213602897062816,24.997477985482874,True
512,0,hot-cold,3.3,0.44999999999999996,0.8723777538471448,0.09976156405642811,0.8848738485770623,0.06669050229831817,33.150103520233465,True
512,0,hot-cold,3.3,0.49999999999999994,0.8890027893378709,0.10559725842693472,0.8956136212229374,0.0702690170557889,33.455642596621274,True
512,0,hot-cold,3.3,0.5499999999999999,0.9025802485544956,0.11289187639006798,0.9033062843602859,0.07287157324304035,35.45011778238859,True
512,0,hot-cold,3.3,0.6,0.9148820520052449,0.11872757076057458,0.9407099107976239,0.09043882750698758,23.826599897873713,True
512,0,hot-cold,3.3,0.65,0.9323192706658351,0.14672449889938885,0.9407099107976239,0.09043882750698758,38.36146779482081,True
512,0,hot-cold,3.3,0.7,0.9378124316844718,0.15256019326989548,0.9407099107976239,0.09043882750698758,40.71924951812855,True
512,0,hot-cold,3.3,0.75,0.946519207036957,0.17093542811718257,0.9638892275495281,0.10540352558368336,38.33722666817475,True
512,0,hot-cold,3.3,0.7999999999999999,0.9512936356827167,0.1573330911739617,0.9638892275495281,0.10540352558368336,33.00613062566748,True
512,0,hot-cold,3.3,0.85,0.9528210549270012,0.18260681685819577,0.9638892275495281,0.10540352558368336,42.27842782806132,True
512,0,hot-cold,3.3,0.9,0.9563492644401889,0.18844251122870237,0.9638892275495281,0.10540352558368336,44.06595152207409,True
512,0,hot-cold,3.3,0.95,0.9620278477215318,0.18737971476226198,0.9638892275495281,0.10540352558368336,43.74869995003776,True
512,1,random,3.3,0.05,0.24546065190139993,0.03907754502296811,0.3144614262080035,0.033450778637762496,14.398976143200503,True
512,1,random,3.3,0.1,0.18430169189814427,0.02275200562516705,0.3144614262080035,0.033450778637762496,-47.023428126973734,False
512,1,random,3.3,0.15,0.35612605646703954,0.050748933763981326,0.5961983316757298,0.07711402242391155,-51.95200510526321,False
512,1,random,3.3,0.2,0.3860407754235246,0.04696293484296075,0.5961983316757298,0.07711402242391155,-64.20188108297098,False
512,1,random,3.3,0.25,0.5098747229852518,0.07495986298177502,0.5961983316757298,0.07711402242391155,-2.8737505065347557,False
512,1,random,3.3,0.3,0.5007119130502563,0.0697149404681278,0.5961983316757298,0.07711402242391155,-10.61333755160625,False
512,1,random,3.3,0.35,0.5414492439613174,0.0755506348386344,0.5961983316757298,0.07711402242391155,-2.069324220261448,False
512,1,random,3.3,0.39999999999999997,0.6219399791875946,0.0939258696859215,0.77054484172336,0.1074037999443163,-14.34954001859512,False
512,1,random,3.3,0.44999999999999996,0.6594248573591107,0.09976156405642811,0.77054484172336,0.1074037999443163,-7.660501276388887,False
512,1,random,3.3,0.49999999999999994,0.7012552825805894,0.10559725842693471,0.77054484172336,0.1074037999443163,-1.7107844884359125,False
512,1,random,3.3,0.5499999999999999,0.7514174953385612,0.1239724932742218,0.77054484172336,0.1074037999443163,13.364814155391924,True
512,1,random,3.3,0.6,0.7669015603630317,0.11872757076057458,0.77054484172336,0.1074037999443163,9.537608445719602,True
512,1,random,3.3,0.65,0.805572665589746,0.1245632651310812,0.8493636677469119,0.1219948212774113,2.061959319199802,True
512,1,random,3.3,0.7,0.831296794868376,0.1303989595015878,0.8493636677469119,0.1219948212774113,6.44494270222622,True
512,1,random,3.3,0.75,0.8554667624476249,0.12982915658295932,0.8851569526147041,0.12915185079235275,0.5216900490097376,True
512,1,random,3.3,0.7999999999999999,0.9049321636444295,0.14674546783761977,0.9338857288602633,0.13957708033415617,4.884912364990878,True
512,1,random,3.3,0.85,0.9380973810847945,0.16366177909228022,0.9550595200369352,0.1458202598193712,10.901457488647448,True
512,1,random,3.3,0.9,0.9696181743891262,0.18057809034694067,0.9824508306209512,0.15427856742793836,14.564071902894549,True
512,1,random,3.3,0.95,0.9913001057182034,0.1767920914259201,0.9919167449688395,0.15777996885211865,10.753944037009122,True
512,1,local,3.3,0.05,0.4775141939913643,0.027996928138814277,0.5705843678944645,0.031019239316718076,-10.79515282147594,False
512,1,local,3.3,0.1,0.6105461164851309,0.04491323939347472,0.7456085457766092,0.04671978091085631,-4.022291737977057,False
512,1,local,3.3,0.15,0.7020598648027065,0.07291016753228899,0.7456085457766092,0.04671978091085631,35.921446223304876,True
512,1,local,3.3,0.2,0.7378837764840698,0.06912416861126842,0.7456085457766092,0.04671978091085631,32.41180060538162,True
512,1,local,3.3,0.25,0.7884456660391728,0.08604047986592886,0.8450915862666304,0.06849917080760559,20.387274787003417,True
512,1,local,3.3,0.3,0.8191417015272664,0.10295679112058931,0.8450915862666304,0.06849917080760559,33.46804027004381,True
512,1,local,3.3,0.35,0.849212168380263,0.10879248549109591,0.8510096409214931,0.0702012483323367,35.472337068645885,True
512,1,local,3.3,0.39999999999999997,0.8593332981139195,0.10500648657007534,0.8933954609519718,0.08333156066597656,20.64151140761592,True
512,1,local,3.3,0.44999999999999996,0.8943799177513873,0.11084218094058194,0.8956182665072593,0.08406102246228989,24.161522491738385,True
512,1,local,3.3,0.49999999999999994,0.9149996895124642,0.12775849219524238,0.9155962243134403,0.09086933256121427,28.87413509675236,True
512,1,local,3.3,0.5499999999999999,0.9294549252769582,0.13505311015837565,0.9634455183948789,0.1103216471295696,18.312397989060504,True
512,1,local,3.3,0.6,0.9334884612554045,0.14088880452888225,0.9634455183948789,0.1103216471295696,21.695944898905275,True
512,1,local,3.3,0.65,0.9431952338090579,0.1578051157835427,0.9634455183948789,0.1103216471295696,30.089942533361835,True
512,1,local,3.3,0.7,0.9505683627058582,0.1636408101540493,0.9634455183948789,0.1103216471295696,32.5830475749208,True
512,1,local,3.3,0.75,0.9584141351237815,0.1820160450013364,0.9634455183948789,0.1103216471295696,39.389053789868036,True
512,1,local,3.3,0.7999999999999999,0.9591528689165489,0.18810997408736355,0.9634455183948789,0.1103216471295696,41.35257969982329,True
512,1,local,3.3,0.85,0.963167633133854,0.18286505157371633,0.9634455183948789,0.1103216471295696,39.670458526572595,True
512,1,local,3.3,0.9,0.9648724862078457,0.19093095485099115,0.9668449123283478,0.11178057072219626,41.45497737156685,True
512,1,local,3.3,0.95,0.9658028417596876,0.20930618969827827,0.9668449123283478,0.11178057072219626,46.594713284240854,True
512,1,hot-cold,3.3,0.05,0.26715666841050234,0.016916311254660442,0.5041065571359258,0.0242109292177937,-43.12180033412185,False
512,1,hot-cold,3.3,0.1,0.48186651522869406,0.033832622509320884,0.5041065571359258,0.0242109292177937,28.439099832939075,True
512,1,hot-cold,3.3,0.15,0.5731214157142506,0.03966831687982749,0.573934686816935,0.028830853927778097,27.32019859799134,True
512,1,hot-cold,3.3,0.2,0.6606668983293367,0.04696293484296075,0.7594203879043723,0.043420089854044615,7.543917348357898,True
512,1,hot-cold,3.3,0.25,0.7381081636076728,0.052798629213467355,0.7594203879043723,0.043420089854044615,17.762846307060098,True
512,1,hot-cold,3.3,0.3,0.7971303051661274,0.058892558299494496,0.8046406834058486,0.0507498456514031,13.826386360534947,True
512,1,hot-cold,3.3,0.35,0.8488744555273198,0.06620723331343689,0.8963616713296212,0.07189561467282106,-8.591782309425856,False
512,1,hot-cold,3.3,0.39999999999999997,0.8850991307428384,0.08458246816072398,0.8963616713296212,0.07189561467282106,14.999389074099035,True
512,1,hot-cold,3.3,0.44999999999999996,0.9112812752786782,0.09091115607904252,0.9341360737576373,0.08791004181122508,3.301150702789568,True
512,1,hot-cold,3.3,0.49999999999999994,0.9279031493828938,0.10782746733370296,0.9341360737576373,0.08791004181122508,18.47156945719378,True
512,1,hot-cold,3.3,0.5499999999999999,0.9388142970204595,0.10404146841268239,0.9507137403474551,0.0992224546389612,4.63182022249674,True
512,1,hot-cold,3.3,0.6,0.9440638740935863,0.10938416923537707,0.9507137403474551,0.0992224546389612,9.289931685223562,True
512,1,hot-cold,3.3,0.65,0.9602295040652381,0.12679347403784944,0.9643410577846087,0.10898204034115411,14.047594982197896,True
512,1,hot-cold,3.3,0.7,0.9696407719372514,0.13312216195616797,0.9701430620637427,0.11386183319225054,14.468161034117754,True
512,1,hot-cold,3.3,0.75,0.977262398285906,0.15149739680345506,0.9925917808030238,0.144441868392455,4.657194486419824,True
512,1,hot-cold,3.3,0.7999999999999999,0.9705013167871661,0.14526648719418397,0.9756615369511789,0.12069354318378558,16.915769414559247,True
512,1,hot-cold,3.3,0.85,0.9868004842634885,0.15208816866031444,0.9925917808030238,0.144441868392455,5.0275444403156015,True
512,1,hot-cold,3.3,0.9,0.9904439721755629,0.1690044799149749,0.9925917808030238,0.144441868392455,14.533704393444003,True
512,1,hot-cold,3.3,0.95,0.9936311786389715,0.16744868990072256,0.9989337788805916,0.15940656646915077,4.802738938321838,True
512,2,random,3.3,0.05,0.13321358641936693,0.016916311254660442,0.3918011432467053,0.04269062805773129,-152.36369451389723,False
512,2,random,3.3,0.1,0.24152368131341964,0.033832622509320884,0.3918011432467053,0.04269062805773129,-26.181847256948608,False
512,2,random,3.3,0.15,0.2461340794194435,0.028587699995673656,0.3918011432467053,0.04269062805773129,-49.33215356321745,False
512,2,random,3.3,0.2,0.3975157305460011,0.046962934842960755,0.5243155552673718,0.05912063144818285,-25.887855275391523,False
512,2,random,3.3,0.25,0.47872622115762054,0.06387924609762119,0.5243155552673718,0.05912063144818285,7.4493907491740785,True
512,2,random,3.3,0.3,0.4888937711529964,0.058892558299494496,0.5243155552673718,0.05912063144818285,-0.3872698949984432,False
512,2,random,3.3,0.35,0.609308622335935,0.08688948643830878,0.6099125541885041,0.0702553417261089,19.144024661729432,True
512,2,random,3.3,0.39999999999999997,0.6901903458948769,0.10526472128559587,0.7152800594712471,0.08873504056604647,15.70296345981137,True
512,2,random,3.3,0.44999999999999996,0.6613301445440903,0.08893918188779482,0.7152800594712471,0.08873504056604647,0.22952912025420158,True
512,2,random,3.3,0.49999999999999994,0.6988158341471916,0.09477487625830142,0.7152800594712471,0.08873504056604647,6.372823611812317,True
512,2,random,3.3,0.5499999999999999,0.7604769392978391,0.11315011110558851,0.8583776973493882,0.11737311116059843,-3.732210259227342,False
512,2,random,3.3,0.6,0.8219181862329493,0.13006642236024896,0.8583776973493882,0.11737311116059843,9.759099212011446,True
512,2,random,3.3,0.65,0.8462975574409609,0.12482149984660172,0.8583776973493882,0.11737311116059843,5.967232163655245,True
512,2,random,3.3,0.7,0.8901066394325059,0.14173781110126216,0.940707740051413,0.13662075247287608,3.610228342478261,True
512,2,random,3.3,0.75,0.9218015270101619,0.14903242906439543,0.940707740051413,0.13662075247287608,8.328171706948684,True
512,2,random,3.3,0.7999999999999999,0.9489547368169623,0.15486812343490203,0.9513695476930197,0.13922836091813906,10.098761559112624,True
512,2,random,3.3,0.85,0.9674781354727281,0.17178443468956248,0.9697396926079958,0.1445944616334444,15.827960842467492,True
512,2,random,3.3,0.9,0.9823670660433229,0.17762012906006908,0.9870580043791157,0.15077553257816656,15.113487769634482,True
512,2,random,3.3,0.95,0.9932607609262926,0.18639372766663811,0.9958779046176528,0.15695660352288873,15.792980006493117,True
512,2,local,3.3,0.05,0.5180294768493579,0.016916311254660442,0.7862771452505732,0.0484218584355874,-186.24360066824372,False
512,2,local,3.3,0.1,0.6662981075918957,0.04491323939347472,0.7862771452505732,0.0484218584355874,-7.811992832167958,False
512,2,local,3.3,0.15,0.7214091811971861,0.050748933763981326,0.7862771452505732,0.0484218584355874,4.585466443918773,True
512,2,local,3.3,0.2,0.7590051062249681,0.046962934842960755,0.7862771452505732,0.0484218584355874,-3.1065426330469714,False
512,2,local,3.3,0.25,0.8310159153736881,0.06387924609762119,0.9125609065672179,0.07360540338179887,-15.225848578917201,False
512,2,local,3.3,0.3,0.8929088301259129,0.08079555735228164,0.9125609065672179,0.07360540338179887,8.899194715784354,True
512,2,local,3.3,0.35,0.9120898670477245,0.08663125172278824,0.9125609065672179,0.07360540338179887,15.035969216595003,True
512,2,local,3.3,0.39999999999999997,0.9233414285751406,0.09392586968592151,0.9558063067928323,0.08964889059577293,4.553568792549234,True
512,2,local,3.3,0.44999999999999996,0.9327685839263572,0.09976156405642811,0.9558063067928323,0.08964889059577293,10.13684333871826,True
512,2,local,3.3,0.49999999999999994,0.9493762904659636,0.11667787531108856,0.9558063067928323,0.08964889059577293,23.16547558245339,True
512,2,local,3.3,0.5499999999999999,0.9683712198004404,0.13505311015837565,0.9700777714876648,0.09621404676259285,28.75836280277926,True
512,2,local,3.3,0.6,0.9758081021910444,0.1298081876447284,0.9848862905723668,0.11403083667977364,12.15435732616169,True
512,2,local,3.3,0.65,0.9782349573607202,0.14672449889938885,0.9848862905723668,0.11403083667977364,22.282347164145875,True
512,2,local,3.3,0.7,0.9779904446895791,0.15256019326989548,0.9848862905723668,0.11403083667977364,25.25518338978454,True
512,2,local,3.3,0.75,0.9851636476049827,0.17093542811718257,0.9851689074009393,0.11451714454398253,33.00561164799799,True
512,2,local,3.3,0.7999999999999999,0.9879235777308265,0.16569050560353532,0.988110378965652,0.12059599284659357,27.21611150420653,True
512,2,local,3.3,0.85,0.9895178221430151,0.17152619997404195,0.9911889146806799,0.12864852475666233,24.99774100042358,True
512,2,local,3.3,0.9,0.9891789930685657,0.16628127746039473,0.9911889146806799,0.12864852475666233,22.631984357166047,True
512,2,local,3.3,0.95,0.9914819467094863,0.17357589542352797,0.9944885128644607,0.1380827909354488,20.44817594140904,True
512,2,hot-cold,3.3,0.05,0.3109235760981443,0.016916311254660442,0.551541952016473,0.024697237082002586,-45.996587023063306,False
512,2,hot-cold,3.3,0.1,0.5091765246792789,0.033832622509320884,0.551541952016473,0.024697237082002586,27.001706488468347,True
512,2,hot-cold,3.3,0.15,0.6290047195828704,0.03966831687982749,0.7784000198508492,0.04123170446510464,-3.941149280453038,False
512,2,hot-cold,3.3,0.2,0.7369647495594114,0.05804355172711458,0.7784000198508492,0.04123170446510464,28.964194577631986,True
512,2,hot-cold,3.3,0.25,0.8064569899061589,0.07495986298177502,0.9305409389233965,0.07319689276644678,2.3518855894345436,True
512,2,hot-cold,3.3,0.3,0.8298536369701638,0.06971494046812779,0.9305409389233965,0.07319689276644678,-4.9945567979232,False
512,2,hot-cold,3.3,0.35,0.8670644295461959,0.0755506348386344,0.9305409389233965,0.07319689276644678,3.1154497605677123,True
512,2,hot-cold,3.3,0.39999999999999997,0.9003402303568233,0.08284525280176766,0.9305409389233965,0.07319689276644678,11.646243700176163,True
512,2,hot-cold,3.3,0.44999999999999996,0.931860587840626,0.07417285133666607,0.9466654368295147,0.07970328323457539,-7.456140350877205,False
512,2,hot-cold,3.3,0.49999999999999994,0.9268425817480109,0.0962538569017372,0.9305409389233965,0.07319689276644678,23.954327522510198,True
512,2,hot-cold,3.3,0.5499999999999999,0.9365365622448579,0.10354847486487045,0.9466654368295147,0.07970328323457539,23.02804716478226,True
512,2,hot-cold,3.3,0.6,0.971300412020418,0.12638070869327406,0.9776451925268164,0.1112592770049991,11.964984090233788,True
512,2,hot-cold,3.3,0.65,0.9519956722350761,0.11521986360588367,0.9776451925268164,0.1112592770049991,3.437416498280177,True
512,2,hot-cold,3.3,0.7,0.9820121878690211,0.12697148055013344,0.9897836450553513,0.12915185079235278,-1.717212584095562,False
512,2,hot-cold,3.3,0.75,0.9878033081454015,0.13426609851326668,0.9897836450553513,0.12915185079235278,3.809038750320559,True
512,2,hot-cold,3.3,0.7999999999999999,0.9914211275991082,0.15118240976792713,0.9924325289484313,0.13565824126048137,10.268501825891097,True
512,2,hot-cold,3.3,0.85,0.9937631500044429,0.1557973582105185,0.9953121651832827,0.1457431464860807,6.45339037832221,True
512,2,hot-cold,3.3,0.9,0.9945219096326492,0.16285379850894033,0.9953121651832827,0.1457431464860807,10.506756476988343,True
512,2,hot-cold,3.3,0.95,0.9969769625447276,0.1701484164720736,0.9999038468960805,0.16526231789046653,2.8716685602589997,True
1024,0,random,3.3,0.05,0.22034902965293995,0.055993856277628554,0.2257642637127658,0.04623347304664742,17.43116813135218,True
1024,0,random,3.3,0.1,0.24508505517268886,0.05804355172711459,0.2842272724720277,0.06082270897291395,-4.788055112246159,False
1024,0,random,3.3,0.15,0.3606408681988287,0.10295679112058931,0.4114575902348624,0.09475979547488533,7.961588115254248,True
1024,0,random,3.3,0.2,0.37390668993123,0.09392586968592151,0.4114575902348624,0.09475979547488533,-0.8878552753915248,False
1024,0,random,3.3,0.25,0.45579360333503344,0.12775849219524238,0.5591598017037788,0.13477573027946774,-5.492580542905534,False
1024,0,random,3.3,0.3,0.5057531327618694,0.14088880452888225,0.5591598017037788,0.13477573027946774,4.33893542489484,True
1024,0,random,3.3,0.35,0.5383755513557935,0.15331142153322794,0.5591598017037788,0.13477573027946774,12.090222025462637,True
1024,0,random,3.3,0.39999999999999997,0.5976966707188155,0.17752235075102163,0.6580734617058209,0.16709157538489242,5.875753290783403,True
1024,0,random,3.3,0.44999999999999996,0.660811139367451,0.21135497326034253,0.6705639599603096,0.17131909576358448,18.94248187263742,True
1024,0,random,3.3,0.49999999999999994,0.684868057064788,0.21340466870982855,0.7393006791553779,0.19488474215505078,8.678313678300897,True
1024,0,random,3.3,0.5499999999999999,0.7397575493495847,0.2361566743349956,0.8298257903791227,0.22651450641696344,4.08295380394561,True
1024,0,random,3.3,0.6,0.7669681514153157,0.24928698666863547,0.8298257903791227,0.22651450641696344,9.135045738244784,True
1024,0,random,3.3,0.65,0.8319240640459997,0.284578532770583,0.8498793991286094,0.23432217497871777,17.659925821734447,True
1024,0,random,3.3,0.7,0.8523655118088711,0.29624992151159624,0.918798304472901,0.26327226972008855,11.131699756489832,True
1024,0,random,3.3,0.75,0.8913066813350862,0.3128311886799196,0.918798304472901,0.26327226972008855,15.84206458728078,True
1024,0,random,3.3,0.7999999999999999,0.915150964918954,0.33558319430508665,0.918798304472901,0.26327226972008855,21.54783845321483,True
1024,0,random,3.3,0.85,0.9461929541787905,0.36005235823840087,0.9477369923164641,0.2778933006387787,22.818641711331978,True
1024,0,random,3.3,0.9,0.9657001197463017,0.36188735190640464,0.9687241409516215,0.2936041747207955,18.868627716856302,True
1024,0,random,3.3,0.95,0.9830696774274883,0.37083895702525765,0.9839518467252951,0.30742694961907646,17.099607849954722,True
1024,0,local,3.3,0.05,0.4319590709470049,0.033832622509320884,0.47239538652275126,0.033832622509320884,0.0,False
1024,0,local,3.3,0.1,0.5537816870784162,0.06912416861126841,0.5782907873402026,0.06071824498026345,12.160614441928564,True
1024,0,local,3.3,0.15,0.6412463084758975,0.10295679112058931,0.6964115194744578,0.09489848541433926,7.826881178543788,True
1024,0,local,3.3,0.2,0.6627525539820935,0.10500648657007534,0.6964115194744578,0.09489848541433926,9.626073098818122,True
1024,0,local,3.3,0.25,0.7004800508572286,0.11667787531108856,0.7080258683254386,0.09854579439590588,15.540290622226882,True
1024,0,local,3.3,0.3,0.7435440775027011,0.14088880452888225,0.79908089518123,0.1363319002468125,3.2343977204630114,True
1024,0,local,3.3,0.35,0.7673363865941973,0.15256019326989548,0.79908089518123,0.1363319002468125,10.637304971404548,True
1024,0,local,3.3,0.39999999999999997,0.8054860243499455,0.17677112248768917,0.8381989748163674,0.15408213729043674,12.835232858145451,True
1024,0,local,3.3,0.44999999999999996,0.8408988388302353,0.21060374499701007,0.8445726692623235,0.15699998447569005,25.45242513236459,True
1024,0,local,3.3,0.49999999999999994,0.8549010769247958,0.2126534404464961,0.8635345757886749,0.16648298782776327,21.711594471169338,True
1024,0,local,3.3,0.5499999999999999,0.8917255506900622,0.24648606295581696,0.9098152222574855,0.1948275338913325,20.957991881976845,True
1024,0,local,3.3,0.6,0.9199584653706986,0.27069699217361065,0.9397563542680616,0.21507787650824164,20.546632313408885,True
1024,0,local,3.3,0.65,0.9318713802601128,0.29490792139140437,0.9397563542680616,0.21507787650824164,27.06948138473757,True
1024,0,local,3.3,0.7,0.9383147372171672,0.30019386989409164,0.9397563542680616,0.21507787650824164,28.353674715569277,True
1024,0,local,3.3,0.75,0.9454845466723246,0.32440479911188536,0.9621925764058623,0.2341191351482316,27.83117395637379,True
1024,0,local,3.3,0.7999999999999999,0.9502286903929817,0.33607618785289856,0.9621925764058623,0.2341191351482316,30.337481913265997,True
1024,0,local,3.3,0.85,0.9586960530788908,0.3824483508389999,0.9621925764058623,0.2341191351482316,38.7841169573276,True
1024,0,local,3.3,0.9,0.9586806715372715,0.3719585058117055,0.9621925764058623,0.2341191351482316,37.05772781366412,True
1024,0,local,3.3,0.95,0.9642987968135955,0.38508881814534535,0.9643098521541914,0.23638968612847355,38.614243003220054,True
1024,0,hot-cold,3.3,0.05,0.30143437272610024,0.033832622509320884,0.5188784489871442,0.04001593480458243,-18.27618386235961,False
1024,0,hot-cold,3.3,0.1,0.45467063927604096,0.03588231795880692,0.5188784489871442,0.04001593480458243,-11.519927030692179,False
1024,0,hot-cold,3.3,0.15,0.5656060826371158,0.05863432358397396,0.5660134177559185,0.04554473327690022,22.32410899791024,True
1024,0,hot-cold,3.3,0.2,0.6367194304683905,0.07176463591761384,0.7427492764967147,0.0883175269259335,-23.06552635106025,False
1024,0,hot-cold,3.3,0.25,0.700841808934443,0.08343602465862704,0.7427492764967147,0.0883175269259335,-5.850593058908071,False
1024,0,hot-cold,3.3,0.3,0.7608930879290263,0.10764695387642075,0.7657498676613455,0.09564393988149046,11.150351740291509,True
1024,0,hot-cold,3.3,0.35,0.8194805246107703,0.12943644828919307,0.8511477701035919,0.12980248983916562,-0.2827963489501206,False
1024,0,hot-cold,3.3,0.39999999999999997,0.8434995891152562,0.14352927183522768,0.8511477701035919,0.12980248983916562,9.563750878511023,True
1024,0,hot-cold,3.3,0.44999999999999996,0.8804768542261867,0.165318766248,0.8996256568444551,0.16135848360958935,2.3955433059969056,True
1024,0,hot-cold,3.3,0.49999999999999994,0.9006964657691667,0.17844907858163986,0.9342516624582001,0.19063724071616808,-6.830050472326854,False
1024,0,hot-cold,3.3,0.5499999999999999,0.9058609623611698,0.1910829785350478,0.9342516624582001,0.19063724071616808,0.23326924370605795,True
1024,0,hot-cold,3.3,0.6,0.9342429957160532,0.21433139654044675,0.9342516624582001,0.19063724071616808,11.054915988384984,True
1024,0,hot-cold,3.3,0.65,0.9540802790677643,0.22502021701825614,0.9549641994498809,0.214060246401431,4.87066040645403,True
1024,0,hot-cold,3.3,0.7,0.9606715512664333,0.2361986122114574,0.9703580867646159,0.23910984970372617,-1.23253793280651,False
1024,0,hot-cold,3.3,0.75,0.9631051315610923,0.2636022615484141,0.9703580867646159,0.23910984970372617,9.291427054084501,True
1024,0,hot-cold,3.3,0.7999999999999999,0.9692118618806737,0.2752736502894273,0.9703580867646159,0.23910984970372617,13.137400019100232,True
1024,0,hot-cold,3.3,0.85,0.9881813277156434,0.2832627441958856,0.9899925072432083,0.2832627441958856,0.0,False
1024,0,hot-cold,3.3,0.9,0.992059092118523,0.30601474982105265,0.9934716528174795,0.2957858744261324,3.342608616382625,True
1024,0,hot-cold,3.3,0.95,0.9953493275957438,0.3191450621546925,0.99583527466698,0.3054750324786379,4.283327958691285,True
1024,1,random,3.3,0.05,0.16922201175025645,0.033832622509320884,0.3049628619576681,0.05571647639872066,-64.6827005011828,False
1024,1,random,3.3,0.1,0.2760135083577196,0.05804355172711459,0.3049628619576681,0.05571647639872066,4.009188375195261,True
1024,1,random,3.3,0.15,0.3475804092877398,0.06971494046812779,0.36730535836912315,0.06898547867181448,1.0463493067842444,True
1024,1,random,3.3,0.2,0.45696858362371123,0.10500648657007533,0.4813352186233274,0.09550433805461474,9.049106227470439,True
1024,1,random,3.3,0.25,0.5198454044080062,0.12775849219524238,0.5651698797838373,0.11704057401925957,8.389202151512187,True
1024,1,random,3.3,0.3,0.5772476063883083,0.15196942141303607,0.5801389783826866,0.12093103693293064,20.424098605828434,True
1024,1,random,3.3,0.35,0.6069003811571874,0.1636408101540493,0.611921555875392,0.13050794381792047,20.24731257742979,True
1024,1,random,3.3,0.39999999999999997,0.6572298914738812,0.187851739371843,0.6601545169397228,0.14872583712868054,20.828075573851734,True
1024,1,random,3.3,0.44999999999999996,0.6894277122853721,0.19952312811285622,0.6922292745627547,0.16088353373390263,19.365972629046734,True
1024,1,random,3.3,0.49999999999999994,0.725942025042253,0.2237340573306499,0.7268436030379906,0.17434919411635352,22.073019996822374,True
1024,1,random,3.3,0.5499999999999999,0.7365980532389153,0.2243248291875093,0.7371299817655019,0.1785783479206371,20.39296382507596,True
1024,1,random,3.3,0.6,0.7733695421072184,0.24853575840530298,0.825002267990488,0.2151601180901621,13.428908793362881,True
1024,1,random,3.3,0.65,0.8117382610128501,0.26241729900227534,0.825002267990488,0.2151601180901621,18.00840916044314,True
1024,1,random,3.3,0.7,0.8323138833015435,0.28441807636410993,0.8371065696484075,0.220365230464665,22.52066630865084,True
1024,1,random,3.3,0.75,0.8628437636882352,0.2975483886977498,0.8707219861308277,0.2361347942547546,20.639867925945733,True
1024,1,random,3.3,0.7999999999999999,0.8982749156133323,0.3220376096818731,0.9027202546787125,0.2536182495018083,21.245766992139004,True
1024,1,random,3.3,0.85,0.9211780097456073,0.33591915027884545,0.928311462454904,0.26858294757850404,20.045359916052963,True
1024,1,random,3.3,0.9,0.9511888144190874,0.3475905390198587,0.9624760024588419,0.2895997512233987,16.683649664338773,True
1024,1,random,3.3,0.95,0.9688980651872624,0.3538424175673607,0.9706469768946393,0.2954555026447145,16.50082410244982,True
1024,1,local,3.3,0.05,0.4886473383151453,0.04491323939347472,0.5692467378809504,0.03942516294772305,12.219284379983975,True
1024,1,local,3.3,0.1,0.6210180691377,0.06912416861126841,0.7086743557445421,0.07020124833233668,-1.5581810858737555,False
1024,1,local,3.3,0.15,0.7156153455851946,0.10295679112058931,0.7649780529368165,0.08833332924751933,14.203494217241175,True
1024,1,local,3.3,0.2,0.7813414082670398,0.127167720338383,0.7827152354690129,0.09441217755013039,25.757749451741972,True
1024,1,local,3.3,0.25,0.8133170529622008,0.13883910907939623,0.8493680831437512,0.1244588011384307,10.357534009197678,True
1024,1,local,3.3,0.3,0.8424478755583835,0.17413065518134374,0.8493680831437512,0.1244588011384307,28.52562289574091,True
1024,1,local,3.3,0.35,0.8794804640035703,0.1968826608065108,0.8801396843925094,0.14003239073472953,28.875204062612536,True
1024,1,local,3.3,0.39999999999999997,0.8909498552804823,0.21001297314015066,0.8939532319001853,0.14757350547176876,29.731243139305196,True
1024,1,local,3.3,0.44999999999999996,0.9128910936792837,0.2327649787653177,0.9257058747730833,0.16744504309644712,28.06261320554093,True
1024,1,local,3.3,0.49999999999999994,0.9260419821060857,0.25697590798311143,0.9260424235923221,0.16768819702855156,34.74555714399028,True
1024,1,local,3.3,0.5499999999999999,0.9305373507731112,0.26864729672412463,0.9333180458812549,0.17386957193574767,35.27961231849086,True
1024,1,local,3.3,0.6,0.9438196163690138,0.29285822594191835,0.9439518677468597,0.18317456877553687,37.452817592405516,True
1024,1,local,3.3,0.65,0.9488058148864793,0.29490792139140437,0.9491566333985786,0.18820866428383273,36.18053275888763,True
1024,1,local,3.3,0.7,0.9555869709585146,0.30657931013241757,0.9595920065301464,0.2035541047408248,33.604748261418614,True
1024,1,local,3.3,0.75,0.9634656020113121,0.3307902393502113,0.9804587687283144,0.24528548843734443,25.848631773666707,True
1024,1,local,3.3,0.7999999999999999,0.9697676441054351,0.35354224497537834,0.9804587687283144,0.24528548843734443,30.620599964107033,True
1024,1,local,3.3,0.85,0.9747415078136794,0.3666725573090182,0.9804587687283144,0.24528548843734443,33.105032392531406,True
1024,1,local,3.3,0.9,0.9761603115397661,0.3783439460500314,0.9804587687283144,0.24528548843734443,35.16864984938641,True
1024,1,local,3.3,0.95,0.9769539060762423,0.40281310998334563,0.9804587687283144,0.24528548843734443,39.10687553156207,True
1024,1,hot-cold,3.3,0.05,0.256329739210126,0.033832622509320884,0.4525399562764649,0.03952962694037354,-16.838790517888857,False
1024,1,hot-cold,3.3,0.1,0.3780251593566991,0.03588231795880692,0.4525399562764649,0.03952962694037354,-10.164641497669557,False
1024,1,hot-cold,3.3,0.15,0.5902506253567843,0.0697149404681278,0.6678219751897486,0.06636518277491175,4.804935169882974,True
1024,1,hot-cold,3.3,0.2,0.6767347981973023,0.08284525280176766,0.6843459127391918,0.06961837800897605,15.965760674834218,True
1024,1,hot-cold,3.3,0.25,0.7257190983105245,0.09451664154278087,0.7746639428055514,0.09141478607720688,3.2818088063042428,True
1024,1,hot-cold,3.3,0.3,0.8056531936727608,0.12980818764472843,0.8537367508265806,0.12004290413697272,7.5228563659499486,True
1024,1,hot-cold,3.3,0.35,0.8317577153236023,0.1303989595015878,0.8537367508265806,0.12004290413697272,7.941823618990607,True
1024,1,hot-cold,3.3,0.39999999999999997,0.8631963029859007,0.1546098887193815,0.8696259137345648,0.1285012117455399,16.886809239756396,True
1024,1,hot-cold,3.3,0.44999999999999996,0.8867196179732026,0.16628127746039473,0.9115644315625963,0.15387613457124144,7.460336532540756,True
1024,1,hot-cold,3.3,0.49999999999999994,0.9151846755065403,0.20157282356234224,0.9159893833165537,0.15680401028189933,22.209746576575018,True
1024,1,hot-cold,3.3,0.5499999999999999,0.92039994052962,0.20216359541920162,0.9242823133260761,0.16331040075002795,19.21868998649763,True
1024,1,hot-cold,3.3,0.6,0.9335167115271812,0.2152939077528415,0.94721055593427,0.1896612821459488,11.905875960186984,True
1024,1,hot-cold,3.3,0.65,0.951296845842299,0.25058545385478903,0.959554392994416,0.2062475255816652,17.693735845823312,True
1024,1,hot-cold,3.3,0.7,0.9583593216848416,0.26225684259580223,0.959554392994416,0.2062475255816652,21.356665648743512,True
1024,1,hot-cold,3.3,0.75,0.9668690298890615,0.28646777181359595,0.9721112746783599,0.23032622257175253,19.597858735178985,True
1024,1,hot-cold,3.3,0.7999999999999999,0.9727436539621463,0.309219777438763,0.9794701515838695,0.24854411588251263,19.62218007490365,True
1024,1,hot-cold,3.3,0.85,0.9760159560836613,0.32235008977240287,0.9794701515838695,0.24854411588251263,22.896216328651054,True
1024,1,hot-cold,3.3,0.9,0.9781792619056883,0.33402147851341607,0.9794701515838695,0.24854411588251263,25.59037910116616,True
1024,1,hot-cold,3.3,0.95,0.981880922040119,0.34938199975382417,0.9860392258804859,0.26578605062305344,23.926804812403823,True
1024,2,random,3.3,0.05,0.16706814039882875,0.033832622509320884,0.2377685555448676,0.04123170446510464,-21.869667223536425,False
1024,2,random,3.3,0.1,0.34809435138239386,0.10236601926372993,0.3542605106516672,0.07322355951024048,28.46888055538087,True
1024,2,random,3.3,0.15,0.32894169015300556,0.08079555735228164,0.3542605106516672,0.07322355951024048,9.371799750110055,True
1024,2,random,3.3,0.2,0.39429632790837954,0.10500648657007533,0.41574833629048835,0.09062617862910982,13.694685357717319,True
1024,2,random,3.3,0.25,0.49187769660477054,0.13883910907939623,0.5332036161500973,0.1274811123163345,8.180689748280201,True
1024,2,random,3.3,0.3,0.507213447576002,0.14088880452888225,0.5332036161500973,0.1274811123163345,9.516506479973131,True
1024,2,random,3.3,0.35,0.5784434272499785,0.1636408101540493,0.6204776286891189,0.1550961965835904,5.221566406579825,True
1024,2,random,3.3,0.39999999999999997,0.6155809890455033,0.17677112248768917,0.6204776286891189,0.1550961965835904,12.261576211696157,True
1024,2,random,3.3,0.44999999999999996,0.6469933777895613,0.18844251122870237,0.6684716028390205,0.1709012021703791,9.308573179134905,True
1024,2,random,3.3,0.49999999999999994,0.7137862156649659,0.2237340573306499,0.7264707501395881,0.19071427805884006,14.758494824509839,True
1024,2,random,3.3,0.5499999999999999,0.7525371197748079,0.2354054460716631,0.7607269992133798,0.20294715060928717,13.788251718057044,True
1024,2,random,3.3,0.6,0.7994607972419356,0.2596163752894568,0.86197636162131,0.2406491534808263,7.305864966138276,True
1024,2,random,3.3,0.65,0.8350113563973709,0.2727466876230967,0.86197636162131,0.2406491534808263,11.768258093981087,True
1024,2,random,3.3,0.7,0.8733955531585218,0.2954986932482637,0.8998975601660363,0.25593917108092856,13.387376347583091,True
1024,2,random,3.3,0.75,0.9075660094359277,0.30938023384523605,0.9153324835300756,0.2626803203813485,15.094666159974746,True
1024,2,random,3.3,0.7999999999999999,0.9321656649583752,0.3210516225862493,0.9425992148336613,0.27635213546423165,13.922834826978425,True
1024,2,random,3.3,0.85,0.9566631230204148,0.34526255180404297,0.9575700245413561,0.28539904956973733,17.33854480351571,True
1024,2,random,3.3,0.9,0.9699144108678626,0.3493042784955859,0.9715926449488319,0.2949876184057232,15.549955564185591,True
1024,2,random,3.3,0.95,0.9892779693940098,0.3452267684222665,0.9902440508306378,0.31188580999764,9.657697917516439,True
1024,2,local,3.3,0.05,0.49536393145081375,0.033832622509320884,0.5025189012372769,0.03407577644142533,-0.7186966722353638,False
1024,2,local,3.3,0.1,0.6396228876243474,0.05804355172711458,0.7305003198989185,0.06545437162451291,-12.767688531948362,False
1024,2,local,3.3,0.15,0.7226938705851047,0.06971494046812779,0.7305003198989185,0.06545437162451291,6.111414303742713,True
1024,2,local,3.3,0.2,0.7948704748250265,0.10500648657007533,0.8267167596344698,0.09043882750698759,13.873103975692125,True
1024,2,local,3.3,0.25,0.8178352356915688,0.10733447378589103,0.8267167596344698,0.09043882750698759,15.741118098372187,True
1024,2,local,3.3,0.3,0.8521150780530199,0.13154540300368472,0.8524128318362807,0.09987309368577406,24.077093227669454,True
1024,2,local,3.3,0.35,0.8839438891962232,0.14101005872115885,0.8864712976765569,0.12165248358252334,13.72779737430948,True
1024,2,local,3.3,0.39999999999999997,0.9017270917370248,0.15414037105479872,0.9031103172616858,0.13271334737834195,13.90098098884115,True
1024,2,local,3.3,0.44999999999999996,0.9223255257764655,0.17689237667996574,0.943365449433217,0.166085303266604,6.109405965478054,True
1024,2,local,3.3,0.49999999999999994,0.9522805521935565,0.18682996889444264,0.963599873991394,0.193385096535858,-3.508606076533116,False
1024,2,local,3.3,0.5499999999999999,0.9670908957754529,0.2095819745196097,0.9682927412737607,0.20116602236320016,4.0155896878536605,True
1024,2,local,3.3,0.6,0.9777479737071517,0.2337929037374034,0.980498096639965,0.2225332548403219,4.816078126018897,True
1024,2,local,3.3,0.65,0.982494814854709,0.24790920316666715,0.9826141201283243,0.2262727579385951,8.727568380559902,True
1024,2,local,3.3,0.7,0.9858881494310839,0.2590875983598684,0.9860566544632412,0.23383058688464195,9.748444786672062,True
1024,2,local,3.3,0.75,0.9865858818880822,0.2769130873393362,0.9866522910457567,0.23545384165987254,14.971934363166605,True
1024,2,local,3.3,0.7999999999999999,0.9904504271687349,0.3001580865123152,0.9911675894995086,0.2514398926382729,16.230845032403764,True
1024,2,local,3.3,0.85,0.991511704671524,0.30713771743992047,0.9917374133302892,0.2540357631419213,17.289297693757366,True
1024,2,local,3.3,0.9,0.9945340835262858,0.3303827166128995,0.9950201895592847,0.2702749965778306,18.19336091527314,True
1024,2,local,3.3,0.95,0.9960303964343478,0.3479499708768467,0.9960432192487694,0.2777372885653694,20.178959099935767,True
1024,2,hot-cold,3.3,0.05,0.23600467256254087,0.02275200562516705,0.48967559299049435,0.0409885505330002,-80.15357067097794,False
1024,2,hot-cold,3.3,0.1,0.4098396913748233,0.03588231795880692,0.48967559299049435,0.0409885505330002,-14.2304980967374,False
1024,2,hot-cold,3.3,0.15,0.5931254148140692,0.06971494046812779,0.645991332437644,0.0679917803919439,2.4717227965957878,True
1024,2,hot-cold,3.3,0.2,0.6686194675925485,0.08284525280176766,0.7010202306496786,0.0787273246643561,4.970626557522795,True
1024,2,hot-cold,3.3,0.25,0.7474968280965577,0.10559725842693471,0.766656174632173,0.09164954490949827,13.208404957868481,True
1024,2,hot-cold,3.3,0.3,0.8003395345302644,0.10889117568756514,0.8228233635141401,0.1057288451070898,2.9041201552904683,True
1024,2,hot-cold,3.3,0.35,0.8479762495790347,0.12845046119356923,0.876986719400571,0.12362141889444345,3.7594589028751124,True
1024,2,hot-cold,3.3,0.39999999999999997,0.8820049437879368,0.1433179888861654,0.8847865114461181,0.12687461412850776,11.473350195220977,True
1024,2,hot-cold,3.3,0.44999999999999996,0.9105389256664272,0.16606999451133245,0.91138013896018,0.14281527077542283,14.002965318531846,True
1024,2,hot-cold,3.3,0.49999999999999994,0.9337369221555113,0.19028092372912617,0.9375431210217108,0.16493699836706008,13.319215013978148,True
1024,2,hot-cold,3.3,0.5499999999999999,0.9441076837706212,0.21303292935429322,0.9597328670500814,0.19714363118429667,7.458611313357655,True
1024,2,hot-cold,3.3,0.6,0.9552971779161674,0.2372438585720869,0.9597328670500814,0.19714363118429667,16.902535487807246,True
1024,2,hot-cold,3.3,0.65,0.9627757486756084,0.2503741709057268,0.9717044093316058,0.2192653587759339,12.424928664668954,True
1024,2,hot-cold,3.3,0.7,0.9674900681673162,0.26204555964674,0.9717044093316058,0.2192653587759339,16.32548207589455,True
1024,2,hot-cold,3.3,0.75,0.9735560580729604,0.27517587198037985,0.9749774896756462,0.22544642972065607,18.071875961301398,True
1024,2,hot-cold,3.3,0.7999999999999999,0.982581083396371,0.3048297872749139,0.9870384215011514,0.26058093824855055,14.515920318002607,True
1024,2,hot-cold,3.3,0.85,0.98588392081872,0.3290407164927076,0.9870384215011514,0.26058093824855055,20.80586833565149,True
1024,2,hot-cold,3.3,0.9,0.9888253238121822,0.3407121052337208,0.9893187072465823,0.2690392458571177,21.036193981847862,True
1024,2,hot-cold,3.3,0.95,0.9912215810828451,0.3649230344515145,0.9968548818281779,0.30677631057226357,15.933969190694274,True
2048,0,random,3.3,0.05,0.1963370544629811,0.08020478549542226,0.23787943266253156,0.08526623166307815,-6.310653580570658,False
2048,0,random,3.3,0.1,0.25936335941362226,0.1057577148334078,0.31047491054138826,0.11809201249717781,-11.662787611475256,False
2048,0,random,3.3,0.15,0.33097659668018903,0.1416400327922147,0.3723068641747092,0.14740917428916483,-4.0731009328509815,False
2048,0,random,3.3,0.2,0.41382183933982203,0.1996835845193293,0.4430850868556912,0.18578715348819294,6.959225549054182,True
2048,0,random,3.3,0.25,0.4616758539996103,0.22448528559398237,0.5093160251718702,0.2219126253791043,1.1460262119500908,True
2048,0,random,3.3,0.3,0.5152602213902677,0.2603676035527893,0.517539664718466,0.2264670987067943,13.020246906071675,True
2048,0,random,3.3,0.35,0.5704221390499927,0.2962499215115962,0.5749366629510058,0.2601042789566538,12.201064010586594,True
2048,0,random,3.3,0.39999999999999997,0.6179837402696509,0.3321322394704031,0.6259638677988348,0.2913519713751527,12.27832268263871,True
2048,0,random,3.3,0.44999999999999996,0.6620641729222466,0.3687657856925425,0.6750890047817777,0.3244119791072144,12.027636051438872,True
2048,0,random,3.3,0.49999999999999994,0.7065110399085369,0.4046481036513494,0.7378192131140313,0.36783206896125903,9.098284251892007,True
2048,0,random,3.3,0.5499999999999999,0.7476495843680792,0.4405304216101563,0.7619773365816651,0.384763688971191,12.658996950797551,True
2048,0,random,3.3,0.6,0.7834979832719738,0.4653321226848094,0.7835423254178754,0.4013483749719343,13.75012482347241,True
2048,0,random,3.3,0.65,0.8338012574565717,0.523375674411924,0.8363970570942659,0.4452752096940894,14.922448355206797,True
2048,0,random,3.3,0.7,0.8623972708531612,0.5496362990792037,0.8789564519419913,0.4816471783589067,12.369838170113233,True
2048,0,random,3.3,0.75,0.8905337508955015,0.5855186170380107,0.8910312986484529,0.4934341611092371,15.726990269686958,True
2048,0,random,3.3,0.7999999999999999,0.9196752596045782,0.6014699101352782,0.9305915760898195,0.5345819145762113,11.120755075515397,True
2048,0,random,3.3,0.85,0.9488989272879415,0.6496770667893833,0.9521229107697465,0.5604080834225151,13.740516316517603,True
2048,0,random,3.3,0.9,0.9677238619949401,0.6636563856954031,0.9709380020663506,0.5897170780865444,11.141203370081708,True
2048,0,random,3.3,0.95,0.9868159267591768,0.7173099472586686,0.9882403417690522,0.6203675409364362,13.514716573040086,True
2048,0,local,3.3,0.05,0.3424781337367402,0.06912416861126842,0.38149902079618114,0.0747167090496706,-8.090571721524453,False
2048,0,local,3.3,0.1,0.5310217005421443,0.13824833722253685,0.577707824666907,0.13864336285746096,-0.2857362647973316,False
2048,0,local,3.3,0.15,0.5897046677925234,0.15272064967636856,0.6441052148589423,0.16163852241473245,-5.839336564676634,False
2048,0,local,3.3,0.2,0.6737007401095081,0.1996835845193293,0.6957567695852843,0.18223112673591105,8.74005633734447,True
2048,0,local,3.3,0.25,0.7415116391123975,0.24664651936229004,0.7452778073733963,0.20790766522993442,15.706223721508728,True
2048,0,local,3.3,0.3,0.7786215599311601,0.28252883732109696,0.780102821041452,0.22713524949140296,19.6063482775525,True
2048,0,local,3.3,0.35,0.8121494161413196,0.31916238354323634,0.8122027465555333,0.24634441012765385,22.81533701032722,True
2048,0,local,3.3,0.39999999999999997,0.846598731962833,0.34889402009600873,0.8683736442646199,0.30149605987513917,13.585202809674579,True
2048,0,local,3.3,0.44999999999999996,0.8783695538192823,0.4069375718231233,0.8875908766677316,0.32477338597487115,20.190857649282144,True
2048,0,local,3.3,0.49999999999999994,0.9054277483889731,0.45390050666608406,0.9155733411977628,0.36593800563208995,19.37924715706575,True
2048,0,local,3.3,0.5499999999999999,0.9222585441791082,0.4819184037431292,0.9263522720533018,0.3848943637639243,20.132877106498803,True
2048,0,local,3.3,0.6,0.9379671723108642,0.5074713330811148,0.9490429532917799,0.4260216042363784,16.05011426955173,True
2048,0,local,3.3,0.65,0.9473017299703717,0.521192417271614,0.9490429532917799,0.4260216042363784,18.260206764604238,True
2048,0,local,3.3,0.7,0.9596274985506941,0.5420535887961917,0.970511325588559,0.4706641494345484,13.170181110725053,True
2048,0,local,3.3,0.75,0.9680012306265573,0.5902607454502968,0.970511325588559,0.4706641494345484,20.261655029170345,True
2048,0,local,3.3,0.7999999999999999,0.9730754253463001,0.6153206812404705,0.9733035818405426,0.4772393341267729,22.440550321716668,True
2048,0,local,3.3,0.85,0.9779694926160873,0.643573337149807,0.9807694812480118,0.49836535005985555,22.562772369196338,True
2048,0,local,3.3,0.9,0.9807732210376068,0.6679055205598773,0.9808497220987956,0.49860850399196,25.347449804876998,True
2048,0,local,3.3,0.95,0.982281775443443,0.7072387933533677,0.9823127238863066,0.5033156465512579,28.833704926621685,True
2048,0,hot-cold,3.3,0.05,0.26930239590730104,0.046962934842960755,0.3078071816359074,0.04879792851096452,-3.90732324148777,False
2048,0,hot-cold,3.3,0.1,0.4424936964027016,0.08284525280176766,0.4564852968118595,0.07772097655544917,6.185358934904661,True
2048,0,hot-cold,3.3,0.15,0.5347088491343065,0.10889117568756514,0.5439699780564233,0.10019841320918048,7.9829815625522045,True
2048,0,hot-cold,3.3,0.2,0.6212044351098805,0.14625247428980784,0.6650317901268937,0.14932166124355142,-2.0985538662831926,False
2048,0,hot-cold,3.3,0.25,0.7003397373791574,0.19347364384828913,0.7127962054416511,0.17241934740540799,10.882255600349733,True
2048,0,hot-cold,3.3,0.3,0.7416781460785388,0.21853357963846273,0.7941349169109568,0.22323962070649853,-2.153463589358373,False
2048,0,hot-cold,3.3,0.35,0.8057705531528357,0.25885283952757704,0.810039158909095,0.2339047373292233,9.63794804951169,True
2048,0,hot-cold,3.3,0.39999999999999997,0.8411338342227851,0.29473515748638396,0.8448795127169496,0.26302220213252564,10.759814208904949,True
2048,0,hot-cold,3.3,0.44999999999999996,0.8715035232352795,0.3306174754451908,0.8740899655278094,0.28806705713928316,12.869984639684173,True
2048,0,hot-cold,3.3,0.49999999999999994,0.8969061463739222,0.3598561184501513,0.9030981781803904,0.3222071834717407,10.462218939213585,True
2048,0,hot-cold,3.3,0.5499999999999999,0.918154466481718,0.3957384364089582,0.9337249931679401,0.3661253191316088,7.483002547356077,True
2048,0,hot-cold,3.3,0.6,0.9334871642821196,0.42819327541631075,0.9337249931679401,0.3661253191316088,14.495313179394609,True
2048,0,hot-cold,3.3,0.65,0.9469238290238619,0.44710252980044984,0.9477673519217259,0.39591385998562545,11.448977897233291,True
2048,0,hot-cold,3.3,0.7,0.9583821941063303,0.48174404478053234,0.9634973021085617,0.4440611494497771,7.822181870026523,True
2048,0,hot-cold,3.3,0.75,0.966146225855289,0.5183775910026718,0.9752179046970697,0.4912324803437095,5.236551720234839,True
2048,0,hot-cold,3.3,0.7999999999999999,0.9714827867996294,0.5431792920773248,0.9752179046970697,0.4912324803437095,9.56347425082259,True
2048,0,hot-cold,3.3,0.85,0.9788846675846311,0.5906352204680975,0.9854664822757966,0.5462885931326866,7.50829374859574,True
2048,0,hot-cold,3.3,0.9,0.9825895331013197,0.616681143353895,0.9854664822757966,0.5462885931326866,11.41474017486087,True
2048,0,hot-cold,3.3,0.95,0.9864522222941757,0.6742317015331977,0.9865825110864834,0.5528620684087011,18.00117568611843,True
2048,1,random,3.3,0.05,0.17591814380911236,0.06912416861126841,0.20405772309186138,0.07016314760940234,-1.5030618364132664,False
2048,1,random,3.3,0.1,0.2348767188906719,0.09418410440144204,0.2617927608747943,0.09899400153718044,-5.106909670486548,False
2048,1,random,3.3,0.15,0.300645612912494,0.13006642236024896,0.30161638710329064,0.12135888306092213,6.694686561923946,True
2048,1,random,3.3,0.2,0.35970486606721835,0.1662069750345764,0.3867177566920941,0.17015681157188667,-2.3764565455141495,False
2048,1,random,3.3,0.25,0.41311249248318394,0.2020892929933833,0.4163883902690224,0.1871775868191976,7.378771014194163,True
2048,1,random,3.3,0.3,0.45928658259562793,0.2268909940680364,0.5162596978718735,0.2488727022571021,-9.688224197419748,False
2048,1,random,3.3,0.35,0.5176224809514314,0.27385392891099714,0.5501201094373828,0.2706691103253329,1.1629625320070835,True
2048,1,random,3.3,0.39999999999999997,0.5629565441761268,0.29940685824898267,0.5629802512484888,0.2791274179339001,6.7732050072875865,True
2048,1,random,3.3,0.44999999999999996,0.6098592376145627,0.3352891762077896,0.6824511655951516,0.3597949217970802,-7.308838855598387,False
2048,1,random,3.3,0.49999999999999994,0.6587697768924976,0.3711714941665965,0.6824511655951516,0.3597949217970802,3.0650447430130567,True
2048,1,random,3.3,0.5499999999999999,0.7045919327195022,0.4070538121254034,0.7276579662718826,0.39057100718169385,4.049293840941015,True
2048,1,random,3.3,0.6,0.7522025190239751,0.4540167469683642,0.7581827989327578,0.411846045542109,9.288358129484065,True
2048,1,random,3.3,0.65,0.7864895728385531,0.4734189949003152,0.8091077128468757,0.44822640930673946,5.321414194392515,True
2048,1,random,3.3,0.7,0.8391650046751759,0.5329214702200564,0.8453257341075641,0.475286771438783,10.814857723310457,True
2048,1,random,3.3,0.75,0.8682572282804928,0.5540374576277346,0.8739959041933038,0.49895790732354345,9.941484920537603,True
2048,1,random,3.3,0.7999999999999999,0.9015171986249039,0.590671003849874,0.9028202390501351,0.5275759968579047,10.681920490548691,True
2048,1,random,3.3,0.85,0.9272204057200366,0.6154727049245271,0.9314625650242775,0.5582483021654341,9.297634533786548,True
2048,1,random,3.3,0.9,0.954498086185773,0.6528574794099989,0.9630235308655576,0.5928763697876921,9.187473761733267,True
2048,1,random,3.3,0.95,0.9798114493024824,0.671273740246326,0.9800204027479978,0.6145201846149335,8.454606850934853,True
2048,1,local,3.3,0.05,0.35192405847128805,0.06912416861126841,0.3629678305996695,0.06460870789393452,6.532390635650687,True
2048,1,local,3.3,0.1,0.5032073020049956,0.13824833722253685,0.5211339210538098,0.12605641467051132,8.818856556951083,True
2048,1,local,3.3,0.15,0.5809472926173564,0.17413065518134374,0.626828064714296,0.17909819781608308,-2.852767440383208,False
2048,1,local,3.3,0.2,0.6536802238830344,0.2210935900243045,0.6589159279012081,0.19636212699549843,11.185970170409455,True
2048,1,local,3.3,0.25,0.6981737200880501,0.25697590798311143,0.6986628260313336,0.21984359441697882,14.44972560173733,True
2048,1,local,3.3,0.3,0.7593925320277184,0.29285822594191835,0.7635661204243454,0.2613514636565073,10.758366845963096,True
2048,1,local,3.3,0.35,0.7942571147525934,0.32874054390072527,0.7964254875991759,0.2855058685261491,13.151610343393594,True
2048,1,local,3.3,0.39999999999999997,0.8205178225735842,0.35354224497537834,0.846678810158457,0.3251998266491266,8.016699200466293,True
2048,1,local,3.3,0.44999999999999996,0.8484347141939684,0.37860218076555197,0.848757683913965,0.3269019041738577,13.655567563597703,True
2048,1,local,3.3,0.49999999999999994,0.8790862303280736,0.4255651156085127,0.8819775520045255,0.35825649153938677,15.816292642521168,True
2048,1,local,3.3,0.5499999999999999,0.8916102279732394,0.4503668166831658,0.8929180864044105,0.3717455518144483,17.457162019116467,True
2048,1,local,3.3,0.6,0.915975019516108,0.4862491346419727,0.9228852086166391,0.41476655165359755,14.70081443764586,True
2048,1,local,3.3,0.65,0.9358057523007037,0.5110508357166258,0.9370229746939139,0.437423248292112,14.40709657020105,True
2048,1,local,3.3,0.7,0.9502453435847573,0.5459505854122289,0.9505588480838999,0.46098228499059374,15.563368314273063,True
2048,1,local,3.3,0.75,0.9592711319439232,0.5638973285839732,0.9609101237109181,0.4814022390199738,14.629452097451212,True
2048,1,local,3.3,0.7999999999999999,0.9677423302407282,0.5997796465427802,0.9692959958084845,0.5002067254489884,16.60158387630275,True
2048,1,local,3.3,0.85,0.9769633538763947,0.6332204726457565,0.979997220160732,0.5302923616476449,16.25470360553122,True
2048,1,local,3.3,0.9,0.9841497093792507,0.6612383697228017,0.985153072247118,0.5480911078927004,17.111418062072502,True
2048,1,local,3.3,0.95,0.9874833975578441,0.6678462612948717,0.9883687083593955,0.5613520950190737,15.945910376037576,True
2048,1,hot-cold,3.3,0.05,0.18766113782855554,0.03588231795880692,0.20212936687580974,0.03782754941564245,-5.42114213209044,False
2048,1,hot-cold,3.3,0.1,0.38962121924037035,0.09392586968592151,0.4508080426756714,0.09905975688194874,-5.465892637666725,False
2048,1,hot-cold,3.3,0.15,0.48984970543073436,0.11947879902390705,0.5917262459563307,0.13825403577351128,-15.7142831221859,False
2048,1,hot-cold,3.3,0.2,0.5816185598435137,0.15536111698271396,0.5917262459563307,0.13825403577351128,11.011172899269306,True
2048,1,hot-cold,3.3,0.25,0.6694841625236192,0.1845997599876744,0.6766415134758001,0.17079274978837583,7.479430200895409,True
2048,1,hot-cold,3.3,0.3,0.7179616207349133,0.2204820779464813,0.7212188209897186,0.19519171404385807,11.470485101633566,True
2048,1,hot-cold,3.3,0.35,0.76183952955465,0.25662263062080876,0.7896154207246303,0.24667599775896754,3.8759765020640713,True
2048,1,hot-cold,3.3,0.39999999999999997,0.8059607594158532,0.2925049485796157,0.8083387953228711,0.26188221634217623,10.469133047540346,True
2048,1,hot-cold,3.3,0.44999999999999996,0.8420831289412396,0.32864550125394315,0.8589444514355054,0.30530230619622084,7.102849413321232,True
2048,1,hot-cold,3.3,0.49999999999999994,0.872073001278148,0.36452781921275007,0.8785052293833593,0.32564484292983653,10.666669108241688,True
2048,1,hot-cold,3.3,0.5499999999999999,0.8935068570830887,0.39231095745750383,0.8945262964763061,0.34483869481081597,12.100672118450884,True
2048,1,hot-cold,3.3,0.6,0.9109457410532485,0.41563367788872113,0.9236123342526358,0.39201002570474835,5.6837675676266075,True
2048,1,hot-cold,3.3,0.65,0.9282702749487015,0.4653198151862621,0.9367932537876394,0.4180355875772627,10.161662165638063,True
2048,1,hot-cold,3.3,0.7,0.9514854999278273,0.48174404478053234,0.9532205092833996,0.45804988895625365,4.918411775089615,True
2048,1,hot-cold,3.3,0.75,0.951488624143515,0.5274627578123487,0.9532205092833996,0.45804988895625365,13.15976679452876,True
2048,1,hot-cold,3.3,0.7999999999999999,0.9683230044002745,0.5525226936025224,0.9691719986080622,0.5058718588969988,8.443243190854988,True
2048,1,hot-cold,3.3,0.85,0.9756264564239661,0.5884050115613293,0.9820548833579706,0.5549951069313698,5.678045559351464,True
2048,1,hot-cold,3.3,0.9,0.9857764021342631,0.6154369215427505,0.9876324632127763,0.5849245030847614,4.957846594822735,True
2048,1,hot-cold,3.3,0.95,0.9866736096326145,0.6481265193823945,0.9876324632127763,0.5849245030847614,9.751493637053898,True
2048,2,random,3.3,0.05,0.1998605114029942,0.08020478549542226,0.21298590057733116,0.07020124833233668,12.472494130236822,True
2048,2,random,3.3,0.1,0.2691921749305992,0.10500648657007533,0.28512449850129934,0.10379071690955313,1.1578043416497485,True
2048,2,random,3.3,0.15,0.3592437606568502,0.16305003829718992,0.3726206636054727,0.14832636716069275,9.030154969764837,True
2048,2,random,3.3,0.2,0.41193288578744847,0.187851739371843,0.4630392934140754,0.19856984789707782,-5.705621124976057,False
2048,2,random,3.3,0.25,0.4639100563075666,0.2237340573306499,0.5477600584087989,0.24573813991168264,-9.83492761163025,False
2048,2,random,3.3,0.3,0.518133821319975,0.25961637528945686,0.5477600584087989,0.24573813991168264,5.345670265329295,True
2048,2,random,3.3,0.35,0.5656056091384613,0.2905922336533736,0.5691383969492287,0.2582562938745364,11.127599444866231,True
2048,2,random,3.3,0.39999999999999997,0.6145425027823631,0.32647455161218053,0.6375321862977513,0.30216269159278986,7.446785637451692,True
2048,2,random,3.3,0.44999999999999996,0.6658140482740513,0.37343748645514124,0.6760475068964164,0.32884417274198413,11.941306197312851,True
2048,2,random,3.3,0.49999999999999994,0.7028833884625488,0.3982391875297943,0.7202431348387578,0.36056115485321033,9.461156474904941,True
2048,2,random,3.3,0.5499999999999999,0.7439376281541384,0.42625708460683953,0.7830039264439274,0.40626850989650437,4.6893237513628065,True
2048,2,random,3.3,0.6,0.7819464904844283,0.47000382344740815,0.7830039264439274,0.40626850989650437,13.56059469546752,True
2048,2,random,3.3,0.65,0.813435858147855,0.5058861414062151,0.8209134214040038,0.435938037908784,13.826847144496968,True
2048,2,random,3.3,0.7,0.8506626799682381,0.5543079998418025,0.8556235574126695,0.4646181599930197,16.1805061219358,True
2048,2,random,3.3,0.75,0.8746741944144142,0.5680290840323017,0.8834141583290124,0.49104288787104794,13.553213792284591,True
2048,2,random,3.3,0.7999999999999999,0.9050997823882253,0.6076205915413126,0.9059751731789397,0.5139779522665106,15.411366990915287,True
2048,2,random,3.3,0.85,0.9304176479068045,0.6435029095001196,0.9323948866079782,0.5430973544578782,15.60296830984611,True
2048,2,random,3.3,0.9,0.9578814095983482,0.6710278130293529,0.9590662070558867,0.575402943066043,14.250507669959568,True
2048,2,random,3.3,0.95,0.9798157011648209,0.6941157746282788,0.9819246950909366,0.609714162255326,12.159587126247418,True
2048,2,local,3.3,0.05,0.41666913708867487,0.09128540237957608,0.4694141513041773,0.08600625391912542,5.783124489608216,True
2048,2,local,3.3,0.1,0.5550788402922139,0.13824833722253682,0.5762020271795111,0.11775495503215681,14.823601210763238,True
2048,2,local,3.3,0.15,0.6491325801409029,0.1852112720654976,0.6665677296169761,0.15620750225146207,15.659829712620677,True
2048,2,local,3.3,0.2,0.6988537813827153,0.21001297314015066,0.7165375742409839,0.18271128085084626,13.000002752727479,True
2048,2,local,3.3,0.25,0.7707034379493382,0.27913714175141907,0.8004424468484574,0.23488358279753324,15.85369781900794,True
2048,2,local,3.3,0.3,0.8046500511738367,0.315019459710226,0.8128990234968118,0.2447103292982305,22.31898006449192,True
2048,2,local,3.3,0.35,0.8391022567213798,0.33982116078487906,0.8577667427781547,0.2810789551212463,17.286211820345997,True
2048,2,local,3.3,0.39999999999999997,0.8739787705929822,0.4089453293961475,0.9020382695177633,0.32409824554418554,20.747781611113624,True
2048,2,local,3.3,0.44999999999999996,0.8874667378783752,0.4337470304708006,0.9020382695177633,0.32409824554418554,25.279431840167142,True
2048,2,local,3.3,0.49999999999999994,0.9149559452991478,0.4696293484296075,0.9181953095544106,0.3427166343235771,27.024016818883567,True
2048,2,local,3.3,0.5499999999999999,0.9283228582659196,0.5165922832725682,0.9330009772296205,0.36654051543056393,29.046459403427228,True
2048,2,local,3.3,0.6,0.937090464284354,0.5416522190627419,0.9398603741562598,0.38027280562834836,29.79391715843782,True
2048,2,local,3.3,0.65,0.952681119485345,0.5590824928034451,0.9527976905242131,0.40969754628293187,26.719660952258085,True
2048,2,local,3.3,0.7,0.9643599860574738,0.5787229184001076,0.9664908882542689,0.4506323833752523,22.133309560119795,True
2048,2,local,3.3,0.75,0.968674813568221,0.6133844904309992,0.9765221942170663,0.4868854151889509,20.62312908387409,True
2048,2,local,3.3,0.7999999999999999,0.9757339524074926,0.6517317761288658,0.9765221942170663,0.4868854151889509,25.293589629627032,True
2048,2,local,3.3,0.85,0.9810233606626295,0.6890930747311085,0.9812842014613821,0.5064466380830204,26.5053362667095,True
2048,2,local,3.3,0.9,0.9844030980671996,0.7183317177360689,0.984669665891164,0.5231989221175508,27.16471941869817,True
2048,2,local,3.3,0.95,0.9870793788483194,0.744142881789575,0.9878161225466335,0.5409204790386974,27.30959439699966,True
2048,2,hot-cold,3.3,0.05,0.2452534072089293,0.04696293484296075,0.28261868321779127,0.04317693592194018,8.06167445386572,True
2048,2,hot-cold,3.3,0.1,0.4217650154263271,0.07176463591761384,0.4572664943873782,0.07638456062759823,-6.437606281857389,False
2048,2,hot-cold,3.3,0.15,0.5385174291636917,0.10764695387642076,0.6232117491041447,0.12727533756899465,-18.234035414608552,False
2048,2,hot-cold,3.3,0.2,0.6345010176428996,0.14352927183522768,0.6853065387361725,0.15029761981377074,-4.715656877513563,False
2048,2,hot-cold,3.3,0.25,0.7127581735808212,0.16833097290988075,0.7139411645298683,0.16265976170321508,3.3690836027555404,True
2048,2,hot-cold,3.3,0.3,0.7571981398232391,0.2044715255842082,0.7701883735864066,0.19681831166089023,3.742924058228403,True
2048,2,hot-cold,3.3,0.35,0.8065583679824978,0.24035384354301512,0.8084008620463176,0.22349451258021752,7.014379597295828,True
2048,2,hot-cold,3.3,0.39999999999999997,0.8394490822000523,0.26665800114433313,0.8560687527254104,0.27000680932752397,-1.2558438782334758,False
2048,2,hot-cold,3.3,0.44999999999999996,0.8631444373086031,0.30178909083980754,0.8718457895463892,0.28790777821469066,4.599673429708306,True
2048,2,hot-cold,3.3,0.49999999999999994,0.8929724697629308,0.33375093629934816,0.9121833051513941,0.33670570672565514,-0.8853219886271191,False
2048,2,hot-cold,3.3,0.5499999999999999,0.9194015200112466,0.38195809295345334,0.9199964296961747,0.3480918900448803,8.8664708336734,True
2048,2,hot-cold,3.3,0.6,0.9337686618994496,0.4072527875759183,0.9389070438272473,0.38355171809618116,5.819743953334855,True
2048,2,hot-cold,3.3,0.65,0.9444863962187381,0.44264211198691333,0.9512428598824159,0.4151077118666049,6.220465557764754,True
2048,2,hot-cold,3.3,0.7,0.9577055738432617,0.4915569639703127,0.9627375255922385,0.44478221614627744,9.515631198922481,True
2048,2,hot-cold,3.3,0.75,0.9618848827098269,0.5158656714971538,0.9627375255922385,0.44478221614627744,13.77945059700848,True
2048,2,hot-cold,3.3,0.7999999999999999,0.9702349315421409,0.5529922112671051,0.9769285696961281,0.5026186636629345,9.109268915152812,True
2048,2,hot-cold,3.3,0.85,0.975408129837236,0.588874529225912,0.9769285696961281,0.5026186636629345,14.647579625554974,True
2048,2,hot-cold,3.3,0.9,0.9806081459881814,0.6250150819002395,0.9815750456556247,0.5244150717311654,16.095613223159166,True
2048,2,hot-cold,3.3,0.95,0.9839432078837834,0.6520469918816608,0.9882718538440337,0.5620028100565051,13.809462039738651,True
4096,0,random,3.3,0.05,0.1550665817807803,0.11608710345422918,0.17036412245427748,0.11678233930373905,-0.5988915467978639,False
4096,0,random,3.3,0.1,0.25252995304205356,0.21001297314015066,0.2938736047685028,0.2299547488106761,-9.495497050659552,False
4096,0,random,3.3,0.15,0.3298695993309259,0.29311646065743885,0.3409955029538096,0.27765888339156475,5.273527536189504,True
4096,0,random,3.3,0.2,0.38730090036872794,0.3540587144064194,0.42150178379146513,0.36257894095163906,-2.406444524181217,False
4096,0,random,3.3,0.25,0.4487250832590599,0.43765519547151954,0.45700561802202117,0.40238910100888164,8.05796316998888,True
4096,0,random,3.3,0.3,0.5008678705530873,0.5094198313891334,0.5096885537267184,0.4640959543884008,8.897155981764438,True
4096,0,random,3.3,0.35,0.5515608820497832,0.5826433908993739,0.5614220153088536,0.525903320993821,9.738387286598826,True
4096,0,random,3.3,0.39999999999999997,0.5993396639514076,0.6522012937934486,0.6153110043978316,0.5935267048720311,8.996392598386915,True
4096,0,random,3.3,0.44999999999999996,0.6421554257890039,0.7052791266606674,0.6436144796966614,0.6318372193100809,10.413168995702016,True
4096,0,random,3.3,0.49999999999999994,0.6881535399866207,0.7959888003441967,0.7047353374864573,0.7150685707126302,10.166001028729987,True
4096,0,random,3.3,0.5499999999999999,0.7322373973725492,0.8598890153800489,0.7552411117448115,0.7871923345247581,8.454193454623994,True
4096,0,random,3.3,0.6,0.7689218480544658,0.9094924175293551,0.7701605140524141,0.8088882293670878,11.061575250463275,True
4096,0,random,3.3,0.65,0.8097171944167764,0.9812570534469689,0.8185130442536441,0.8849040135278599,9.819347497237263,True
4096,0,random,3.3,0.7,0.8425462888071057,1.0530216893645827,0.8473359070509558,0.9338765297186884,11.314596921340648,True
4096,0,random,3.3,0.75,0.8755683446281215,1.137325865758977,0.880123639543346,0.991305492120637,12.838921371131883,True
4096,0,random,3.3,0.7999999999999999,0.9081869346635869,1.2002400936992053,0.9149720728719504,1.0605986265968252,11.634461124523632,True
4096,0,random,3.3,0.85,0.9366551888726996,1.2781788869060828,0.9371678338534473,1.108425648795582,13.28086700926503,True
4096,0,random,3.3,0.9,0.9636717733964105,1.3864015694785503,0.9658025363338663,1.1797645279545066,14.904559117151283,True
4096,0,random,3.3,0.95,0.9847864690383529,1.451569482208776,0.9868486318045788,1.2441777935889795,14.287410362487062,True
4096,0,local,3.3,0.05,0.4236355951715758,0.11608710345422917,0.43026350692681115,0.10622225623059754,8.497797714042488,True
4096,0,local,3.3,0.1,0.5448719763047964,0.21001297314015066,0.5669222504367737,0.19479296561404008,7.247174923786071,True
4096,0,local,3.3,0.15,0.6306803225720716,0.29311646065743885,0.6350854831133846,0.2560586014983616,12.642708320085184,True
4096,0,local,3.3,0.2,0.6849496709321099,0.3604676305279745,0.7037494147186748,0.3310781420662498,8.153156059721113,True
4096,0,local,3.3,0.25,0.7275373542123085,0.43887594139943475,0.7308795417759884,0.3646701559564796,16.908146116721888,True
4096,0,local,3.3,0.3,0.7847729353747155,0.5039969023632022,0.78531825484973,0.44769068035367754,11.171938110236223,True
4096,0,local,3.3,0.35,0.8272088469827242,0.6104623125259041,0.8283195163979111,0.5260717925470149,13.82403438300841,True
4096,0,local,3.3,0.39999999999999997,0.8550490966937005,0.6933075653276718,0.8550687690876877,0.5811853415715657,16.17207562175018,True
4096,0,local,3.3,0.44999999999999996,0.875142001208597,0.7650722012452856,0.8762371664218013,0.6330401111697114,17.257467969777164,True
4096,0,local,3.3,0.49999999999999994,0.8930538467677909,0.8368368371628995,0.8982020200631584,0.6922685494523463,17.27556451753227,True
4096,0,local,3.3,0.5499999999999999,0.9116437158755317,0.9086014730805133,0.9132038101543531,0.7378550302564563,18.79222606201154,True
4096,0,local,3.3,0.6,0.9300119973180967,0.9801548260490649,0.9300830311917487,0.7932328157645646,19.07066162577291,True
4096,0,local,3.3,0.65,0.948367086861698,1.034476880727428,0.9509587240448609,0.8741825621608237,15.495205504630317,True
4096,0,local,3.3,0.7,0.958645359192617,1.0978841022154682,0.9608037229401178,0.9183876886493083,16.349304375930597,True
4096,0,local,3.3,0.75,0.9673303357928076,1.1775165778472638,0.9683089413716957,0.9531433921849718,19.054779345229356,True
4096,0,local,3.3,0.7999999999999999,0.9761453969766917,1.2180113373036638,0.976556839809478,0.9953009885838915,18.284751701309343,True
4096,0,local,3.3,0.85,0.983456511698771,1.28562074188972,0.9834950140143618,1.0387698916018413,19.20090756509073,True
4096,0,local,3.3,0.9,0.9883887079812192,1.3232044918257067,0.9885056541631646,1.079079426928025,18.449534172971806,True
4096,0,local,3.3,0.95,0.9907960573182465,1.408514712366534,0.9908411510554608,1.1030391870669936,21.68777667833457,True
4096,0,hot-cold,3.3,0.05,0.25953950517338487,0.0939258696859215,0.3526415581791587,0.11451076282285341,-21.916105973536038,False
4096,0,hot-cold,3.3,0.1,0.39583537006083497,0.1546098887193815,0.4122157044500007,0.1438716855207341,6.945353423116007,True
4096,0,hot-cold,3.3,0.15,0.5106133091318258,0.21801711020742165,0.5162080995190677,0.2043794074581201,6.25533598547684,True
4096,0,hot-cold,3.3,0.2,0.6006659292496636,0.28684726072139305,0.6219261741154474,0.279033590391602,2.7239828995195614,True
4096,0,hot-cold,3.3,0.25,0.6763182680515222,0.3475312797548531,0.681566547083614,0.3293960079791059,5.218313525199725,True
4096,0,hot-cold,3.3,0.3,0.7369811341863167,0.43037653255662073,0.7374582519098507,0.381925120479149,11.257912179748653,True
4096,0,hot-cold,3.3,0.35,0.7980769379375091,0.4969798929962439,0.8002335948796262,0.45837520847966007,7.767856418463914,True
4096,0,hot-cold,3.3,0.39999999999999997,0.8353262775953926,0.5584151402930363,0.8364489650463937,0.5146353529875449,7.840007218020151,True
4096,0,hot-cold,3.3,0.44999999999999996,0.8648254514660537,0.6309310044739826,0.8692725394925048,0.5833683331174168,7.538490107364382,True
4096,0,hot-cold,3.3,0.49999999999999994,0.8874479239424354,0.7026956403915965,0.8891320154091055,0.6305396640113491,10.268453685017388,True
4096,0,hot-cold,3.3,0.5499999999999999,0.9090028458563999,0.7855408931933642,0.916140363355169,0.7121948643863629,9.337009625156057,True
4096,0,hot-cold,3.3,0.6,0.9280079623432254,0.8605217251133701,0.9290908441555015,0.7561130000462309,12.133188741212052,True
4096,0,hot-cold,3.3,0.65,0.9416934204601011,0.9433669779151378,0.9417604766375062,0.805886887127415,14.573341446777889,True
4096,0,hot-cold,3.3,0.7,0.9514717941867353,1.0121971284291091,0.956339878437207,0.8772827465782025,13.32886431522371,True
4096,0,hot-cold,3.3,0.75,0.9635447597342984,1.0824862025357072,0.9700165020516442,0.9613896193156884,11.186893924038188,True
4096,0,hot-cold,3.3,0.7999999999999999,0.9704919861889706,1.1478653982149951,0.9708402099889026,0.9668496235639104,15.769773610440385,True
4096,0,hot-cold,3.3,0.85,0.9758831061674623,1.2088076519639757,0.9775444912103983,1.0235256482863169,15.327666347630009,True
4096,0,hot-cold,3.3,0.9,0.9823056967108834,1.2754075935711788,0.9846920017326481,1.0980271619881907,13.907744667437461,True
4096,0,hot-cold,3.3,0.95,0.986079203070949,1.3498954319433727,0.9889241973750424,1.147475729545968,14.995213525983397,True
4096,1,random,3.3,0.05,0.14868831309195718,0.10500648657007533,0.14897741993462577,0.1018454854527176,3.0102912882893795,True
4096,1,random,3.3,0.1,0.23653431747968914,0.1770293572032097,0.23897396565854034,0.17483762897246816,1.2380591927618423,True
4096,1,random,3.3,0.15,0.3362136219853843,0.28203584377328506,0.3605580844392564,0.28769527941573275,-2.0066370170300107,False
4096,1,random,3.3,0.2,0.4009371682198978,0.3540587144064194,0.410453999524133,0.3379236793687018,4.557163651449169,True
4096,1,random,3.3,0.25,0.44976207907365817,0.4147427334398794,0.46495534632733326,0.39979820677262645,3.6033245340558295,True
4096,1,random,3.3,0.3,0.510423080428628,0.4865073693574932,0.5151943720433163,0.45862896049410196,5.730315842945799,True
4096,1,random,3.3,0.35,0.5690813145757441,0.5708115457518875,0.5746405743429267,0.5294968405440894,7.237888847076023,True
4096,1,random,3.3,0.39999999999999997,0.6071209891553304,0.6204149479011937,0.6214097719038444,0.5888278054313092,5.091292944623738,True
4096,1,random,3.3,0.44999999999999996,0.659041514812473,0.7032602007029614,0.6839263431393287,0.6712123916120182,4.5570343748884135,True
4096,1,random,3.3,0.49999999999999994,0.7070190973100583,0.786105453504729,0.7104309565316768,0.7073549576650296,10.017803017216398,True
4096,1,random,3.3,0.5499999999999999,0.7516541238246535,0.867988195094102,0.7528668129789757,0.7683336787113529,11.48109121137818,True
4096,1,random,3.3,0.6,0.7900004573317763,0.9294234423908945,0.7914442261235262,0.8272281743989128,10.995555236813214,True
4096,1,random,3.3,0.65,0.8297915702648884,1.012268695192662,0.847208267166356,0.9168573878969692,9.425492238257306,True
4096,1,random,3.3,0.7,0.8632648311643898,1.0732109489416426,0.8649058856674011,0.9469578769071862,11.764049943672495,True
4096,1,random,3.3,0.75,0.892652081001577,1.13561212628325,0.8965453553600337,1.0038670270362924,11.60124096932169,True
4096,1,random,3.3,0.7999999999999999,0.917162182972719,1.1940894122931707,0.9173258480704968,1.0449144192586022,12.49278249173047,True
4096,1,random,3.3,0.85,0.9424344603608779,1.270807459572133,0.9462118865092151,1.1131444533058759,12.406521938369842,True
4096,1,random,3.3,0.9,0.9656904377438034,1.3295664561808036,0.9658833677035674,1.1666695814269477,12.251879099129749,True
4096,1,random,3.3,0.95,0.9857387634595529,1.3890766810528066,0.9864864848883907,1.2304288651728064,11.421098492543846,True
4096,1,local,3.3,0.05,0.4475966296948001,0.127167720338383,0.46232716141092123,0.12154095395317739,4.424681334408797,True
4096,1,local,3.3,0.1,0.5637185688442826,0.21001297314015066,0.5849948852299165,0.20305685646378957,3.3122318932740313,True
4096,1,local,3.3,0.15,0.6594981611851413,0.32610007659437984,0.6605528081785119,0.2634977215651451,19.197283141734054,True
4096,1,local,3.3,0.2,0.7026648617970974,0.36586708367067655,0.7125473176330283,0.31082950886555066,15.043051769769534,True
4096,1,local,3.3,0.25,0.7551988523621308,0.4499565582835886,0.7554246349308442,0.36745850583088013,18.334670521840334,True
4096,1,local,3.3,0.3,0.8000817801690644,0.5438824279695101,0.8026667869923692,0.44625283931250365,17.95049511371225,True
4096,1,local,3.3,0.35,0.8323402402365474,0.617857215743083,0.8401114537718022,0.5150118782612213,16.645486183757196,True
4096,1,local,3.3,0.39999999999999997,0.8731799264374329,0.6911008323041327,0.8733705802429084,0.585377040200466,15.297882329439993,True
4096,1,local,3.3,0.44999999999999996,0.8971450234846439,0.7857779302533866,0.9012560488655206,0.6503517896443732,17.23465821511977,True
4096,1,local,3.3,0.49999999999999994,0.9162596289373579,0.8607587621733925,0.9186729492009243,0.6971290067908033,19.00994361874733,True
4096,1,local,3.3,0.5499999999999999,0.9350381904102228,0.9214427812068526,0.937640026245174,0.7605348988157259,17.46260165827973,True
4096,1,local,3.3,0.6,0.9442948086897819,1.0042880340086202,0.9446117990839239,0.7862303928692963,21.71265949161476,True
4096,1,local,3.3,0.65,0.9527183102219255,1.0613098152583345,0.9534736114960144,0.8214838382483093,22.597169418587626,True
4096,1,local,3.3,0.7,0.9630286616501771,1.1335674447237603,0.9630645212293837,0.8695376041326371,23.291939250731097,True
4096,1,local,3.3,0.75,0.9723462317909265,1.1743003818448716,0.9730346549315465,0.9333709623324586,20.51684758323109,True
4096,1,local,3.3,0.7999999999999999,0.9778828223103435,1.2421445452632192,0.9784926318768324,0.9750452897464968,21.50307357829455,True
4096,1,local,3.3,0.85,0.9809367872171985,1.288813462008883,0.9831037590607229,1.0131847873183397,21.386234921919478,True
4096,1,local,3.3,0.9,0.9843532292852506,1.360108580261914,0.9844118399584978,1.0245642849539618,24.67040500864548,True
4096,1,local,3.3,0.95,0.98649867266253,1.4151583873203806,0.9874852214873837,1.0524829982682233,25.627900897996824,True
4096,1,hot-cold,3.3,0.05,0.22967962666407857,0.08284525280176766,0.2712954480902792,0.08392233252283593,-1.300110367995999,False
4096,1,hot-cold,3.3,0.1,0.4149067369376845,0.16569050560353532,0.46201703954546136,0.16646464019316412,-0.467217229381367,False
4096,1,hot-cold,3.3,0.15,0.53453552691777,0.23745514152114916,0.5357754563480525,0.20365002165242527,14.236423626023276,True
4096,1,hot-cold,3.3,0.2,0.6282656068748312,0.29813916055460915,0.6512499695974325,0.2846545829806264,4.522913913388049,True
4096,1,hot-cold,3.3,0.25,0.7076397760921415,0.38098441335637684,0.7200373235825827,0.33742677342215543,11.432919145035235,True
4096,1,hot-cold,3.3,0.3,0.7643889934000511,0.4527490492739907,0.7945808369487273,0.4163351434781232,8.04284533656322,True
4096,1,hot-cold,3.3,0.35,0.8146602853485768,0.5259726087842311,0.8165038904311194,0.4433232925536508,15.713616042025757,True
4096,1,hot-cold,3.3,0.39999999999999997,0.8557409434786621,0.5967747334894502,0.8649704708799498,0.529366621695067,11.295403108009571,True
4096,1,hot-cold,3.3,0.44999999999999996,0.869694394865923,0.6606514726420732,0.87639104912014,0.5537706382085608,16.178096751389248,True
4096,1,hot-cold,3.3,0.49999999999999994,0.8990965303718155,0.720631215178659,0.9020717107532691,0.6171377455949825,14.361502444494922,True
4096,1,hot-cold,3.3,0.5499999999999999,0.9183074841715219,0.8005419825767842,0.9278683696476855,0.6989338772599899,12.692414330318835,True
4096,1,hot-cold,3.3,0.6,0.9338449864492978,0.8612260016102443,0.9391464430487928,0.7456473524403355,13.420246132119795,True
4096,1,hot-cold,3.3,0.65,0.9429098376907934,0.932990637527858,0.9432443399909379,0.7635249214348917,18.163710253513266,True
4096,1,hot-cold,3.3,0.7,0.9547588423766539,0.9838617373715378,0.954888011938241,0.8227330746948617,16.37716526177182,True
4096,1,hot-cold,3.3,0.75,0.9621997161009482,1.0573435315972988,0.9663513301353319,0.8946286893676829,15.3890232802396,True
4096,1,hot-cold,3.3,0.7999999999999999,0.9701795685906229,1.1242486596864807,0.9730602388819204,0.9458564477834818,15.867682862325772,True
4096,1,hot-cold,3.3,0.85,0.9744567012809696,1.1849326787199408,0.9750975601762094,0.9623655778859077,18.78310091628732,True
4096,1,hot-cold,3.3,0.9,0.9779174014679078,1.256955549353075,0.980310016377773,1.0072596721159952,19.865131854948437,True
4096,1,hot-cold,3.3,0.95,0.9822794381545948,1.335645570823285,0.9850070905769349,1.055316400889032,20.98829031128817,True
4096,2,random,3.3,0.05,0.14363012277781972,0.10500648657007533,0.16129698156529326,0.109288632276869,-4.077982081550746,False
4096,2,random,3.3,0.1,0.20564624766764367,0.16569050560353532,0.21191024354532617,0.15805810863721131,4.606417814057995,True
4096,2,random,3.3,0.15,0.28229140136385433,0.24853575840530298,0.3162703039298227,0.26716398610625874,-7.4951901571352675,False
4096,2,random,3.3,0.2,0.33906283239855917,0.309219777438763,0.35268441053403055,0.3062290716494426,0.9671780421330545,True
4096,2,random,3.3,0.25,0.4088655220322678,0.39206503024053063,0.43049066661988555,0.3938171367790627,-0.44689181727255445,False
4096,2,random,3.3,0.3,0.45893681085906746,0.45350027753732314,0.458981950499741,0.4277542232810341,5.677185997790302,True
4096,2,random,3.3,0.35,0.512428295469792,0.5267238370475636,0.5309107702998119,0.5156609222504577,2.1003254493126344,True
4096,2,random,3.3,0.39999999999999997,0.5659865285973503,0.5984884729651775,0.5673952751313469,0.5621198095195583,6.076752533834561,True
4096,2,random,3.3,0.44999999999999996,0.6087020507357126,0.6591724919986375,0.6123759224483505,0.6221346138997509,5.618844619347851,True
4096,2,random,3.3,0.49999999999999994,0.654659841961845,0.7311953626317718,0.6573368302355742,0.6827950810593632,6.619336506484775,True
4096,2,random,3.3,0.5499999999999999,0.6999959502346644,0.8032182332649062,0.7202113846804892,0.7694155827185771,4.208401794980254,True
4096,2,random,3.3,0.6,0.7435701896115913,0.87498286918252,0.7453132608740095,0.805205782551296,7.974680315331817,True
4096,2,random,3.3,0.65,0.782882755075702,0.93566688821598,0.7864428460112572,0.867244565147206,7.312679750721285,True
4096,2,random,3.3,0.7,0.8243561543882096,1.0185121410177476,0.8277523456546027,0.931706415973729,8.522797279301741,True
4096,2,random,3.3,0.75,0.860437299035218,1.085843253837474,0.8607785904789623,0.9857749842321092,9.215719603332618,True
4096,2,random,3.3,0.7999999999999999,0.8955557345587534,1.1593451051140442,0.8961536115014955,1.0472319220053024,9.670389137297764,True
4096,2,random,3.3,0.85,0.9285226010961932,1.2360631523930066,0.9299710381436553,1.1103773379641653,10.168235675136405,True
4096,2,random,3.3,0.9,0.9559300473073566,1.3127811996719687,0.9574394652170118,1.168505752576832,10.990060425239745,True
4096,2,random,3.3,0.95,0.980775965654954,1.3865647615472887,0.9809150691563926,1.226664176775094,11.532139659582807,True
4096,2,local,3.3,0.05,0.33431852124264366,0.10500648657007533,0.3493399685673947,0.09427348761067644,10.221272332768027,True
4096,2,local,3.3,0.1,0.4742745100956598,0.187851739371843,0.4973163713183525,0.1795502797334885,4.419155056063751,True
4096,2,local,3.3,0.15,0.5537151997193368,0.2596163752894568,0.5803421947413385,0.24474975948428246,5.726378310535674,True
4096,2,local,3.3,0.2,0.6420781857921168,0.3646228618595322,0.6514278141721319,0.32102985611923024,11.95564247342663,True
4096,2,local,3.3,0.25,0.7064455700642129,0.45854873154545367,0.7175167208324739,0.4061679583025884,11.423163916804558,True
4096,2,local,3.3,0.3,0.7514321026809538,0.5229419401291177,0.7543548853359358,0.4584802796518469,12.326733721406002,True
4096,2,local,3.3,0.35,0.7885063541898183,0.5969167279026907,0.7969492866159132,0.5272575526219417,11.66983132228534,True
4096,2,local,3.3,0.39999999999999997,0.8193444721099218,0.6635166695098937,0.8209824053430909,0.5735601998457776,13.557529719722417,True
4096,2,local,3.3,0.44999999999999996,0.8477098253930675,0.7313608329282413,0.8526335253444954,0.6377273486594373,12.802638595494908,True
4096,2,local,3.3,0.49999999999999994,0.8779885048301423,0.8083136390394949,0.8781308139847952,0.6929631773769083,14.270507893403305,True
4096,2,local,3.3,0.5499999999999999,0.898253268580043,0.8803365096726293,0.8982968027087637,0.7426966463939999,15.63491480431881,True
4096,2,local,3.3,0.6,0.9186200233384865,0.9454574706363967,0.9186552387494065,0.7993726711164063,15.451229067094818,True
4096,2,local,3.3,0.65,0.935391382749435,1.0135598687702647,0.9354222038071236,0.852862433431397,15.85475513487321,True
4096,2,local,3.3,0.7,0.9459216366105914,1.0747368813515368,0.9460782931551837,0.892831340478903,16.925588395540892,True
4096,2,local,3.3,0.75,0.957151674523117,1.1241089435009715,0.9582739795804598,0.944943243301307,15.938464081752024,True
4096,2,local,3.3,0.7999999999999999,0.9686306834266674,1.1830792230587042,0.9702273239807571,1.0057900360823975,14.985402796437208,True
4096,2,local,3.3,0.85,0.9753102345112103,1.2497026405491365,0.976069610950949,1.0401733163469595,16.76633443857548,True
4096,2,local,3.3,0.9,0.9822999890224716,1.3214672764667503,0.9824085260953488,1.0810216195055327,18.195354606442095,True
4096,2,local,3.3,0.95,0.9861756236724757,1.4210977857773528,0.9877567697283771,1.1226507805599417,21.00115897754059,True
4096,2,hot-cold,3.3,0.05,0.24673104033874363,0.0831034875172882,0.2510557811915521,0.0715214819855094,13.936846548551141,True
4096,2,hot-cold,3.3,0.1,0.37875285799703806,0.15486812343490203,0.3865507529046676,0.1337063241200428,13.664399648875758,True
4096,2,hot-cold,3.3,0.15,0.4900584827067069,0.22146806504210514,0.4920782289689871,0.19811958975451596,10.542592352152536,True
4096,2,hot-cold,3.3,0.2,0.5911077816561608,0.293232700959719,0.5956896658209818,0.2710245154249531,7.573570567703025,True
4096,2,hot-cold,3.3,0.25,0.6651656132313623,0.3649973368773328,0.6721426306174871,0.3349097256680076,8.24324129779528,True
4096,2,hot-cold,3.3,0.3,0.7199185875743687,0.43284150029568036,0.7239755654171991,0.38785129955015213,10.39415137291474,True
4096,2,hot-cold,3.3,0.35,0.7719491894691933,0.49575914706832863,0.7720480650431131,0.4503159908859883,9.1663777564304,True
4096,2,hot-cold,3.3,0.39999999999999997,0.8166791255917022,0.5685332459647955,0.8176642039564349,0.5186297479595371,8.777586598400699,True
4096,2,hot-cold,3.3,0.44999999999999996,0.8422959008870946,0.6289590302827349,0.8544106650203884,0.5937081302167351,5.604641696638579,True
4096,2,hot-cold,3.3,0.49999999999999994,0.8733980012223447,0.7009819009158693,0.8801952665738019,0.6516150053830795,7.042534973911508,True
4096,2,hot-cold,3.3,0.5499999999999999,0.8999261136356411,0.7808926683139945,0.9024235785945895,0.7083731956967878,9.286740106522151,True
4096,2,hot-cold,3.3,0.6,0.9179196343604988,0.8415766873474545,0.9202514316506323,0.763360514261669,9.294004249608346,True
4096,2,hot-cold,3.3,0.65,0.9369826315939599,0.9111580661247584,0.9387630157515806,0.8337033777995654,8.500686237088928,True
4096,2,hot-cold,3.3,0.7,0.9511788738156975,0.9570992304903188,0.95252464264367,0.8983698258915477,6.136187631107404,True
4096,2,hot-cold,3.3,0.75,0.9610423073117851,1.033280751287431,0.9642864277576665,0.9648977064234718,6.618050784238094,True
4096,2,hot-cold,3.3,0.7999999999999999,0.9705613921642734,1.103589882444838,0.9732060921185852,1.0280096939643193,6.848575696714631,True
4096,2,hot-cold,3.3,0.85,0.977463281822394,1.1645321361938186,0.9794899930766194,1.0794101786625354,7.30954130724959,True
4096,2,hot-cold,3.3,0.9,0.9828907885264291,1.2254743899427991,0.9864328103619905,1.1428474857267892,6.742442346744326,True
4096,2,hot-cold,3.3,0.95,0.9886048941792801,1.2881773349339651,0.9887262906246576,1.1659451718886458,9.488768334181664,True
4864,0,random,3.3,0.05,0.13080929215938555,0.11376002812583524,0.1380956513656021,0.11167610672954575,1.8318573145783446,True
4864,0,random,3.3,0.1,0.23989587942253282,0.22897897984429713,0.24335680049361885,0.2164130765861969,5.487797730012112,True
4864,0,random,3.3,0.15,0.31759717355532274,0.3205777742018247,0.32957186961046725,0.3125115293394725,2.5161584836739026,True
4864,0,random,3.3,0.2,0.4005989490659082,0.4357967259202866,0.4073924376279383,0.4032421719612329,7.470123574312582,True
4864,0,random,3.3,0.25,0.4512876952753574,0.5057507559405476,0.4826984346962375,0.4978632774966643,1.5595584092039427,True
4864,0,random,3.3,0.3,0.5206513968649438,0.6098890907748556,0.5275176207308939,0.5582905432589583,8.460316522524137,True
4864,0,random,3.3,0.35,0.5828722811180632,0.7125685020165371,0.5911771243488185,0.6477332791542989,9.098805613601701,True
4864,0,random,3.3,0.39999999999999997,0.6225281152959883,0.7731355975775622,0.6257782266393999,0.6984479869714769,9.66035076383771,True
4864,0,random,3.3,0.44999999999999996,0.6773259348006847,0.8758150088192437,0.692047349135305,0.8012557180421304,8.513132342597407,True
4864,0,random,3.3,0.49999999999999994,0.7170863174978981,0.9469697277166107,0.7427578884512867,0.88286939886179,6.7689945072883395,True
4864,0,random,3.3,0.5499999999999999,0.7592900660468149,1.0385685220741383,0.7660698242484549,0.922642179734268,11.162127474107564,True
4864,0,random,3.3,0.6,0.7956918853894156,1.1205456231401387,0.8032287263238163,0.9872350853066165,11.896930841596799,True
4864,0,random,3.3,0.65,0.8392025770479368,1.2357645748586006,0.8428175510587999,1.0589350297481208,14.309323046480193,True
4864,0,random,3.3,0.7,0.8692516057030526,1.3098973120936483,0.8693165869822514,1.1122253990369009,15.090641932901027,True
4864,0,random,3.3,0.75,0.8974502764433665,1.3918744131596488,0.8977652980079263,1.173517777655635,15.687955280989009,True
4864,0,random,3.3,0.7999999999999999,0.9266589356671857,1.4886848535940453,0.9269375193109808,1.2431112743276456,16.49600845158905,True
4864,0,random,3.3,0.85,0.9504523480239766,1.5706619546600458,0.9573515790550513,1.331024658980672,15.25708921441602,True
4864,0,random,3.3,0.9,0.971160880504911,1.6027259091484756,0.9754753567034216,1.3920237410402787,13.14648792444757,True
4864,0,random,3.3,0.95,0.9856754504872622,1.6899381321745741,0.9857453193801133,1.437558369801156,14.934260466012539,True
4864,0,local,3.3,0.05,0.4654184575747937,0.15808249566245058,0.4761876320773001,0.1547828046056389,2.087322219316068,True
4864,0,local,3.3,0.1,0.6439204049603139,0.31762391491752784,0.6587904279153732,0.29700692357111,6.491007250436754,True
4864,0,local,3.3,0.15,0.715891897610211,0.4424645599275169,0.7182943606162386,0.3538603468808525,20.025154796845023,True
4864,0,local,3.3,0.2,0.765623956163114,0.5355222778776711,0.7754810613772578,0.4284782904888469,19.98870855812953,True
4864,0,local,3.3,0.25,0.8136066141304503,0.6382016891193525,0.8175464680103237,0.5002633634103623,21.613594583137164,True
4864,0,local,3.3,0.3,0.8446856416010621,0.7312594070695068,0.8506536520989216,0.5757574739008449,21.264948069773183,True
4864,0,local,3.3,0.35,0.8709636128791955,0.8339388183111882,0.8759000859466777,0.6431887959839986,22.873383291292036,True
4864,0,local,3.3,0.39999999999999997,0.8983029429493921,0.9269965362613424,0.9025638812892518,0.7267153813337405,21.60538330977516,True
4864,0,local,3.3,0.44999999999999996,0.9197801270723273,1.01859533061887,0.9207553049976498,0.7903708090118966,22.405808739404932,True
4864,0,local,3.3,0.49999999999999994,0.9338713844471003,1.079162426179895,0.9348629576204439,0.8444834421386445,21.74640057400682,True
4864,0,local,3.3,0.5499999999999999,0.948298801509686,1.159680603653269,0.9502111579937329,0.9085914453005204,21.651578681385043,True
4864,0,local,3.3,0.6,0.9587832150358837,1.2389814540311475,0.9619486849921906,0.9691679614620022,21.777040462654274,True
4864,0,local,3.3,0.65,0.966414268548885,1.3394340751984806,0.9686064381700834,1.0093035170332698,24.6470180412792,True
4864,0,local,3.3,0.7,0.9721588331886295,1.4318075737025697,0.9727952833226621,1.036897214786599,27.58124528526944,True
4864,0,local,3.3,0.75,0.9771043476121987,1.4943466434548427,0.9774523214515461,1.0759374949834364,27.9994705581878,True
4864,0,local,3.3,0.7999999999999999,0.9808074698023699,1.5583847509013604,0.9827544047000162,1.1273733454877328,27.657573340879594,True
4864,0,local,3.3,0.85,0.9838587754421908,1.6443292762330854,0.984611419187421,1.1468724598413096,30.252871099599687,True
4864,0,local,3.3,0.9,0.9856376177369633,1.710339357870851,0.9860483981955951,1.1634604126932357,31.97487929286782,True
4864,0,local,3.3,0.95,0.9869747641690118,1.7396600528538915,0.9871475943414066,1.1769815719231949,32.34416287294919,True
4864,0,hot-cold,3.3,0.05,0.24783194122189406,0.09159879435752757,0.3037345047958368,0.10889816533364212,-18.886024753330055,False
4864,0,hot-cold,3.3,0.1,0.44290031576739275,0.18465651230768182,0.4498090417111257,0.17319219015452259,6.208458077046819,True
4864,0,hot-cold,3.3,0.15,0.5697166044578384,0.2637191850208489,0.5924223989411596,0.25801671075608895,2.162328184166473,True
4864,0,hot-cold,3.3,0.2,0.6610433757746794,0.3456962860868493,0.6820409994230773,0.3337927598171765,3.4433480337368483,True
4864,0,hot-cold,3.3,0.25,0.7321632747224381,0.4264726982757436,0.7325429728822667,0.3829580593412312,10.203382094667447,True
4864,0,hot-cold,3.3,0.3,0.8041713952892642,0.532348248469008,0.8108021955024429,0.48407545082876813,9.067898275061225,True
4864,0,hot-cold,3.3,0.35,0.843773740012858,0.6128664259423817,0.849576054937889,0.5569470240718083,9.124239720684368,True
4864,0,hot-cold,3.3,0.39999999999999997,0.8813041295121431,0.6968155011996298,0.8851408642941727,0.6368884089804767,8.60013764274521,True
4864,0,hot-cold,3.3,0.44999999999999996,0.9068713740496114,0.7773336786730035,0.9162316426234904,0.7314020876345486,5.908864146587001,True
4864,0,hot-cold,3.3,0.49999999999999994,0.9269831238514378,0.8386520024973612,0.9275619752724686,0.7680172102314705,8.422419794569425,True
4864,0,hot-cold,3.3,0.5499999999999999,0.9417303153608123,0.9334669928572809,0.9419315055791053,0.8229962096871569,11.834460566407401,True
4864,0,hot-cold,3.3,0.6,0.9534366260238746,0.9975319950194479,0.9535671890437334,0.8777053124763271,12.012314706836513,True
4864,0,hot-cold,3.3,0.65,0.9616331245768813,1.0802603243487807,0.9616656333844367,0.9361002049230905,13.344942526940907,True
4864,0,hot-cold,3.3,0.7,0.9712742442810873,1.146059123037484,0.972703829261079,1.0309559173095761,10.043391602942908,True
4864,0,hot-cold,3.3,0.75,0.9777251986594363,1.2347268508237892,0.9790699919410628,1.096886872235367,11.163600961334696,True
4864,0,hot-cold,3.3,0.7999999999999999,0.9815046333757833,1.3036948937484263,0.9828019297126804,1.1425221662033826,12.36276434907515,True
4864,0,hot-cold,3.3,0.85,0.9856976281519771,1.3903671714602546,0.9872958601294415,1.2163075134855308,12.518970639382609,True
4864,0,hot-cold,3.3,0.9,0.9882268245827048,1.4822242005333026,0.9885519350742832,1.2384914256082795,16.44371848991052,True
4864,0,hot-cold,3.3,0.95,0.9901759101300548,1.5538953888617109,0.991044815831408,1.285012117455399,17.3038206647411,True
4864,1,random,3.3,0.05,0.11896714546025426,0.10267941124168141,0.12709673483743836,0.09564393988149046,6.851881282832084,True
4864,1,random,3.3,0.1,0.18626381713756837,0.1846565123076818,0.19152172575526363,0.17270424886472224,6.472700742362248,True
4864,1,random,3.3,0.15,0.25236097792983736,0.27625530666520937,0.2789175024175177,0.2846091126585226,-3.0239440806243634,False
4864,1,random,3.3,0.2,0.3076777764758633,0.347668260278097,0.3127246051138704,0.3285272483183907,5.505539086137912,True
4864,1,random,3.3,0.25,0.3678100006889639,0.44001828289895706,0.38191395316310534,0.4220903056829193,4.074370977933805,True
4864,1,random,3.3,0.3,0.420722599439082,0.5109147670808036,0.4347607234974192,0.49724074901539617,2.676379495456016,True
4864,1,random,3.3,0.35,0.4745941097720915,0.5921841728175098,0.4915723286796028,0.5792178500813966,2.189576035850749,True
4864,1,random,3.3,0.39999999999999997,0.5268711549436252,0.6741612738835102,0.5279316904299708,0.6319196128732383,6.265809480117213,True
4864,1,random,3.3,0.44999999999999996,0.5754416319494796,0.754679451356884,0.5957302129187815,0.7373264812987232,2.2993828740083933,True
4864,1,random,3.3,0.49999999999999994,0.6257645383224762,0.8369147871384048,0.6570630097836611,0.838736941373532,-0.21772279127216798,False
4864,1,random,3.3,0.5499999999999999,0.6710361717975949,0.9174329646117786,0.6759123899497462,0.870242488554459,5.143751955467257,True
4864,1,random,3.3,0.6,0.7210186874233597,1.0087769430862057,0.7213295350081207,0.9476869587504069,6.055846612522975,True
4864,1,random,3.3,0.65,0.7646740715085554,1.0907540441522061,0.7843141071032974,1.0585858543883928,2.9491698826398793,True
4864,1,random,3.3,0.7,0.8077467988963088,1.1717886910566209,0.817813037124619,1.118770270181056,4.5245718174458,True
4864,1,random,3.3,0.75,0.8422355737577835,1.2432016446695084,0.8531345146962762,1.1855312001290617,4.638864884688743,True
4864,1,random,3.3,0.7999999999999999,0.8805213875380999,1.3350586737425567,0.8816415495564544,1.2424437690905878,6.937141151432879,True
4864,1,random,3.3,0.85,0.9139428858964866,1.4323185747907268,0.9246582091563079,1.334987182969622,6.795373147717898,True
4864,1,random,3.3,0.9,0.9464966469169712,1.5064747879090037,0.9494462449624738,1.3937107377815936,7.485292885911965,True
4864,1,random,3.3,0.95,0.979416514617967,1.6000724511734281,0.9794321824754227,1.4726057364703549,7.966308938673016,True
4864,1,local,3.3,0.05,0.30717668658061903,0.13592126189414291,0.30965771257707825,0.12152625312285371,10.59069682747663,True
4864,1,local,3.3,0.1,0.39405238206935844,0.20681774607598946,0.42253471757219424,0.21016241388859058,-1.6172054265460423,False
4864,1,local,3.3,0.15,0.4925081975206161,0.3094971573176709,0.5129028301253911,0.29503506373849575,4.672771053703451,True
4864,1,local,3.3,0.2,0.5815758230937527,0.41537270751093525,0.5817605012435152,0.3671724268896852,11.604103916717035,True
4864,1,local,3.3,0.25,0.6579595411397868,0.5291327356367705,0.6640918384643482,0.4672145240629824,11.701829692935995,True
4864,1,local,3.3,0.3,0.7159453991240023,0.6229416818502572,0.7247742551797862,0.5533213671986275,11.176056552331504,True
4864,1,local,3.3,0.35,0.763453036128485,0.7256210930919387,0.7648111586275155,0.6175451923416759,14.89426117558702,True
4864,1,local,3.3,0.39999999999999997,0.8035757710702042,0.8297594279262467,0.8078443840362963,0.7017948577666023,15.42188806211654,True
4864,1,local,3.3,0.44999999999999996,0.8351146248434885,0.913235566686492,0.8352860354226057,0.7597120654208254,16.81094198101576,True
4864,1,local,3.3,0.49999999999999994,0.8572202999466816,0.9849067550149002,0.8649684729941818,0.8326057090933586,15.46349897044188,True
4864,1,local,3.3,0.5499999999999999,0.8765051159698988,1.0646971801081706,0.8811365178878918,0.8778655409109447,17.54786644388823,True
4864,1,local,3.3,0.6,0.9027073699830304,1.1846113084724603,0.90883025240775,0.9647311338903286,18.561377306592163,True
4864,1,local,3.3,0.65,0.9211607783752577,1.2594752169200316,0.9277338407792379,1.0345692659387984,17.85711604006205,True
4864,1,local,3.3,0.7,0.9400163372255836,1.3636336088051486,0.9426624732080546,1.0970877467059328,19.546736042445467,True
4864,1,local,3.3,0.75,0.9508838037347132,1.445610709871149,0.951750426859789,1.1405160036879347,21.104900793824932,True
4864,1,local,3.3,0.7999999999999999,0.9614845857511289,1.5192739294416142,0.9625501773653447,1.1992699480385938,21.062954823468406,True
4864,1,local,3.3,0.85,0.9725669174960859,1.6202430200399884,0.9736606241114674,1.266431373455231,21.836949285300744,True
4864,1,local,3.3,0.9,0.9793549318499285,1.6924037830837884,0.979486065804531,1.3049466371399767,22.893895051322342,True
4864,1,local,3.3,0.95,0.9861786704705412,1.7470549560710704,0.9863283638603249,1.3602058657500584,22.14292624148424,True
4864,1,hot-cold,3.3,0.05,0.22338053947970565,0.09159879435752757,0.24876193462930377,0.09369202274105187,-2.285213902875216,False
4864,1,hot-cold,3.3,0.1,0.35600917391427234,0.16350474151822714,0.39559830066212454,0.17784748067058767,-8.77206313357075,False
4864,1,hot-cold,3.3,0.15,0.47888847862484746,0.2477321085418049,0.48019863726643086,0.23260345923559753,6.106858491318423,True
4864,1,hot-cold,3.3,0.2,0.5770590489793028,0.33539037334925703,0.5830233792039279,0.31956428521101554,4.718706735735989,True
4864,1,hot-cold,3.3,0.25,0.6446058181153319,0.40557916220180945,0.6447905942670273,0.3866321870478284,4.671584962876696,True
4864,1,hot-cold,3.3,0.3,0.6983996375620918,0.4811708230294839,0.7018554590859409,0.45804988895625365,4.805140496187876,True
4864,1,hot-cold,3.3,0.35,0.7502157939012415,0.5718071061746167,0.7569291936252167,0.5488140359866476,4.021123546678618,True
4864,1,hot-cold,3.3,0.39999999999999997,0.7874947123114922,0.6434548186197958,0.7966112030650244,0.6277643815416806,2.438467569762093,True
4864,1,hot-cold,3.3,0.44999999999999996,0.8238600123003021,0.7212967454050476,0.8278335422299029,0.6943022905990093,3.742489478568145,True
4864,1,hot-cold,3.3,0.49999999999999994,0.8494749194314491,0.8015601069953209,0.8580139397284553,0.7736098266604909,3.4869849548279874,True
4864,1,hot-cold,3.3,0.5499999999999999,0.8754515591143099,0.8934171360683689,0.8874321704618177,0.8651772059786873,3.160889684068091,True
4864,1,hot-cold,3.3,0.6,0.9010941603745256,0.9596653953708459,0.9012967855423736,0.9100713002087747,5.167852816335683,True
4864,1,hot-cold,3.3,0.65,0.9159290997713762,1.0517371262253763,0.9164935427676288,0.9694521797511618,7.823717963587573,True
4864,1,hot-cold,3.3,0.7,0.934379454628562,1.1226536674580319,0.9356120825055402,1.0615980610502733,5.438507723045493,True
4864,1,hot-cold,3.3,0.75,0.9516223009372887,1.2031752637638258,0.9561604756737972,1.1668305697677495,3.020731483656114,True
4864,1,hot-cold,3.3,0.7999999999999999,0.963997667512291,1.277566235714394,0.9658848552094044,1.2297782261259933,3.740550450730906,True
4864,1,hot-cold,3.3,0.85,0.9715822673956447,1.3588155844002912,0.9732120760802556,1.2853994695286797,5.402949135589541,True
4864,1,hot-cold,3.3,0.9,0.9814076635901645,1.4546165618558347,0.9819031429495906,1.3624381640261294,6.336955060658866,True
4864,1,hot-cold,3.3,0.95,0.9881984419690839,1.530701216231321,0.9887262311619698,1.4268514296606027,6.784458356046952,True
4864,2,random,3.3,0.05,0.13759183943495285,0.11376002812583524,0.14903612366113284,0.11809869818078086,-3.8138792038152625,False
4864,2,random,3.3,0.1,0.22248566639799433,0.2178983629601433,0.2266136909186628,0.20250733856782566,7.0633960637569775,True
4864,2,random,3.3,0.15,0.28425398165727234,0.29867477514903756,0.2938726561275181,0.28408698304452223,4.884172792039799,True
4864,2,random,3.3,0.2,0.34779797805994345,0.380651876215038,0.37546344474028615,0.38809866984346486,-1.9563265266082652,False
4864,2,random,3.3,0.25,0.42478660251228256,0.49441190434087323,0.4324732705862123,0.46182027515952884,6.591999281407679,True
4864,2,random,3.3,0.3,0.4768210047090161,0.5655666232382404,0.4775459890607444,0.5240699607514088,7.337183769656697,True
4864,2,random,3.3,0.35,0.5298063474401485,0.6460848007116141,0.533227002470925,0.6033991112986725,6.606824578743609,True
4864,2,random,3.3,0.39999999999999997,0.5837780426473118,0.7396589880928094,0.5850657515835594,0.68162402181476,7.846178740785803,True
4864,2,random,3.3,0.44999999999999996,0.6253709405797628,0.8101060116608823,0.6310195757132909,0.7536523246589983,6.968678936987804,True
4864,2,random,3.3,0.49999999999999994,0.6680566439982976,0.8815189652737699,0.6707777457555991,0.8171367354709473,7.303555832497333,True
4864,2,random,3.3,0.5499999999999999,0.7162599136945484,0.9736107531791094,0.7222210549474961,0.9012048235699326,7.436845718142626,True
4864,2,random,3.3,0.6,0.7625921551327602,1.0674196993925962,0.7700050337070694,0.9825683608114109,7.94920110894235,True
4864,2,random,3.3,0.65,0.8082239745440711,1.1607356520582708,0.8089004227594778,1.0504296183918584,9.503114121704847,True
4864,2,random,3.3,0.7,0.8433981115971478,1.2412538295316446,0.8447297631077315,1.1153104643028493,10.14646337698042,True
4864,2,random,3.3,0.75,0.8791909181705667,1.3133945355246355,0.8927931366114927,1.2103828158588825,7.843166457564477,True
4864,2,random,3.3,0.7999999999999999,0.910329617812508,1.383583324377188,0.9130852291680929,1.2557314989513737,9.240630699518304,True
4864,2,random,3.3,0.85,0.9389663460198299,1.4609356764470478,0.9409437219364565,1.3211207231560662,9.570233347371415,True
4864,2,random,3.3,0.9,0.9620585520093938,1.5503746895474946,0.9624617618108531,1.3801529592730546,10.979393008803717,True
4864,2,random,3.3,0.95,0.9813771411714647,1.652071532525972,0.9818512495663523,1.449580187374396,12.256814621215117,True
4864,2,local,3.3,0.05,0.4082894351252055,0.16916311254660443,0.417870452649055,0.1634318821687483,3.387990615434666,True
4864,2,local,3.3,0.1,0.5209617637950621,0.2733014473809125,0.5215899390807414,0.2523559832731271,7.663868709261823,True
4864,2,local,3.3,0.15,0.6304728685169722,0.39814209239090154,0.6491455523425677,0.3823959668614378,3.9549009839441873,True
4864,2,local,3.3,0.2,0.6948711665185814,0.4911998103410558,0.7027951677383821,0.445418419211814,9.320319382341435,True
4864,2,local,3.3,0.25,0.7398611355532705,0.5938792215827372,0.7494404644388677,0.5113547303580904,13.895837440601511,True
4864,2,local,3.3,0.3,0.783632089307045,0.6980175564170452,0.7877839191703205,0.5785758333608407,17.111564309256643,True
4864,2,local,3.3,0.35,0.8122850028283073,0.7716573001042811,0.8138544087178402,0.6298476566450073,18.377282692732877,True
4864,2,local,3.3,0.39999999999999997,0.8407655474592497,0.8595503237440246,0.8414088694450409,0.687819185664858,19.979183688878276,True
4864,2,local,3.3,0.44999999999999996,0.865975741401873,0.929739112596577,0.8734737938816518,0.7616042289845324,18.084092766892123,True
4864,2,local,3.3,0.49999999999999994,0.8921290586044661,1.0267407789292267,0.8926754950190127,0.8125086812556088,20.86525655453536,True
4864,2,local,3.3,0.5499999999999999,0.9159991989063033,1.1188325668345662,0.9184393546633047,0.8997631077526279,19.58018255597761,True
4864,2,local,3.3,0.6,0.9308247920358386,1.1808786430390272,0.9312516243681435,0.9464620340838868,19.851032986070617,True
4864,2,local,3.3,0.65,0.9469707692523694,1.296097594757489,0.9480710755824835,1.0143449061501166,21.738539578116477,True
4864,2,local,3.3,0.7,0.9553224739875327,1.3778599940420073,0.9559820566463172,1.051163144568143,23.71045323084575,True
4864,2,local,3.3,0.75,0.9637708164532494,1.4815053353285033,0.965489052203801,1.1039707768063713,25.483172386849272,True
4864,2,local,3.3,0.7999999999999999,0.9740954539748786,1.5546520854679273,0.9747170012361903,1.1657851330578686,25.013117471425485,True
4864,2,local,3.3,0.85,0.9819310939267756,1.596274143263037,0.9824589505541323,1.2296840946212209,22.9653565578935,True
4864,2,local,3.3,0.9,0.9862031268536714,1.6657586556187152,0.986323823881296,1.2685665773378203,23.844515346874495,True
4864,2,local,3.3,0.95,0.988308486799667,1.7305279342777562,0.9884056494707437,1.29262685070269,25.30447933842954,True
4864,2,hot-cold,3.3,0.05,0.2613159366071029,0.09159879435752757,0.262028836560767,0.08100448533758262,11.565991773421548,True
4864,2,hot-cold,3.3,0.1,0.4124389563106061,0.1738341301390485,0.4407122810460405,0.17339530597562725,0.2524384383378764,True
4864,2,hot-cold,3.3,0.15,0.5249811855292336,0.2543523076124222,0.559888416507919,0.26228130635707164,-3.117329195507623,False
4864,2,hot-cold,3.3,0.2,0.6163206459957628,0.3378083893218584,0.6310142802535961,0.32660401130042976,3.316785010556178,True
4864,2,hot-cold,3.3,0.25,0.6889231302844541,0.4269656918235555,0.6927658363899952,0.3906181869200075,8.512980222909494,True
4864,2,hot-cold,3.3,0.3,0.7439396934521204,0.5202816444892302,0.7610847037037805,0.49123248034370953,5.583353641860411,True
4864,2,hot-cold,3.3,0.35,0.7894297447912274,0.5963863559155258,0.790188809202291,0.5370035773530881,9.957098778907824,True
4864,2,hot-cold,3.3,0.39999999999999997,0.828732586093989,0.6798424376249619,0.8442197380633965,0.6501510295324414,4.367395509501848,True
4864,2,hot-cold,3.3,0.44999999999999996,0.8544901042109391,0.7588816344548999,0.8547196616027226,0.6758412433561449,10.942469461446692,True
4864,2,hot-cold,3.3,0.49999999999999994,0.8812297218471647,0.8339803017347625,0.8912940943170229,0.7806962765445081,6.389122750191845,True
4864,2,hot-cold,3.3,0.5499999999999999,0.9026513133970205,0.9150149486391772,0.9095450032150457,0.8449939481696641,7.652443336980374,True
4864,2,hot-cold,3.3,0.6,0.9235771602470303,0.9969920497051776,0.9236781184882322,0.8984703391174489,9.881895308680022,True
4864,2,hot-cold,3.3,0.65,0.9420587403676489,1.082678340321382,0.9456106021422264,0.9927795724872982,8.303368090600049,True
4864,2,hot-cold,3.3,0.7,0.9524531989907726,1.156318084008618,0.9546715774920161,1.0466937620978605,9.480464192925353,True
4864,2,hot-cold,3.3,0.75,0.9622531068439562,1.2382951850746184,0.965616030354825,1.1266502277899448,9.016021271046615,True
4864,2,hot-cold,3.3,0.7999999999999999,0.9686651401297773,1.318813362547992,0.9687715977566896,1.1503163874073123,12.77640793805257,True
4864,2,hot-cold,3.3,0.85,0.9764160055334236,1.4017999265928454,0.9772900712612156,1.225153325148616,12.601413232598679,True
4864,2,hot-cold,3.3,0.9,0.9820110634202583,1.4921779750224577,0.9824286895611142,1.280952271101112,14.155530201963117,True
4864,2,hot-cold,3.3,0.95,0.98735343529779,1.5709858318525243,0.9883553291148887,1.3602313550119722,13.415428234131689,True
8192,0,random,3.3,0.05,0.14408102337041728,0.21027120785567122,0.16475401277377477,0.22808780816901159,-8.473152598985202,False
8192,0,random,3.3,0.1,0.22931002211551005,0.3648810965750527,0.23150202796423658,0.3408911372466485,6.574733400437937,True
8192,0,random,3.3,0.15,0.2982895813080485,0.4973297515261265,0.3046006598262564,0.4762576393829757,4.237050383269459,True
8192,0,random,3.3,0.2,0.3702518523082695,0.6536567985536552,0.3762724375409999,0.6213996055337,4.934882202913005,True
8192,0,random,3.3,0.25,0.4375331773583082,0.8082666872730367,0.4439304483817573,0.7660902120506005,5.218138503856073,True
8192,0,random,3.3,0.3,0.4929009419721525,0.941466570487443,0.5030915402801156,0.9019882644013848,4.193277522920258,True
8192,0,random,3.3,0.35,0.550314637265938,1.0960764592068246,0.5506947887497599,1.0168650687742107,7.226812488057199,True
8192,0,random,3.3,0.39999999999999997,0.5963929969297336,1.2191616555818916,0.6081136014297189,1.160971513127236,4.7729636335127505,True
8192,0,random,3.3,0.44999999999999996,0.6470193048632362,1.3737715443012732,0.6493088692562808,1.2690528468340143,7.62271557462787,True
8192,0,random,3.3,0.49999999999999994,0.6938133543385041,1.5106571411826544,0.7080810971786531,1.430614674236564,5.298519747732255,True
8192,0,random,3.3,0.5499999999999999,0.7404856054463271,1.6559035713260293,0.7503399738109375,1.5494279814020966,6.430059803462362,True
8192,0,random,3.3,0.6,0.7791346272644536,1.7996910778767774,0.7793470324622174,1.6343403277779245,9.187729612680462,True
8192,0,random,3.3,0.65,0.8142884730787969,1.9388068836649268,0.8171352453386866,1.7485024471753792,9.81554367755365,True
8192,0,random,3.3,0.7,0.851561894921989,2.0934167723843085,0.8548963579975313,1.869893961125528,10.677415706581817,True
8192,0,random,3.3,0.75,0.8848992159573354,2.2480300799361097,0.8867782167461393,1.9794715976096982,11.946391853175031,True
8192,0,random,3.3,0.7999999999999999,0.9165737834030071,2.391841062370087,0.9166482314468891,2.092169893137751,12.528891402817145,True
8192,0,random,3.3,0.85,0.9432394704373732,2.544009459233638,0.9436810949809225,2.2106701506558224,13.102911522908867,True
8192,0,random,3.3,0.9,0.9657041176183436,2.6849094321472022,0.9663170642864367,2.32501494887048,13.404343512209426,True
8192,0,random,3.3,0.95,0.985634248083771,2.8127367569345556,0.9856758310191032,2.4498739798830838,12.900701644292356,True
8192,0,local,3.3,0.05,0.44105693169216925,0.26541605756091985,0.4422564439575647,0.212930820325404,19.774703052195374,True
8192,0,local,3.3,0.1,0.6008694715679676,0.4754290307010705,0.6064128814583917,0.407742741498991,14.236886018985617,True
8192,0,local,3.3,0.15,0.6798447208153244,0.6522001531887597,0.679987690216789,0.5482497021563149,15.938427877424843,True
8192,0,local,3.3,0.2,0.7434732914272228,0.8304301992690755,0.7444654151747777,0.6969697654888144,16.07124041222606,True
8192,0,local,3.3,0.25,0.7869446016778704,0.9754619276309681,0.794453216768985,0.8354975727049732,14.348520527696651,True
8192,0,local,3.3,0.3,0.8261820617059843,1.1300718163503496,0.8262546927714,0.9335944384214351,17.38627360546454,True
8192,0,local,3.3,0.35,0.858545427418728,1.2765590494724488,0.8650996863158262,1.0800597530952778,15.392887344958805,True
8192,0,local,3.3,0.39999999999999997,0.8848550549650016,1.444952700479755,0.8853829716894586,1.1750720854801207,18.677470543501418,True
8192,0,local,3.3,0.44999999999999996,0.9042138396998036,1.591205174769563,0.9055122751509771,1.2825035400462705,19.400492131255064,True
8192,0,local,3.3,0.49999999999999994,0.9216808692617464,1.7091457338850287,0.922059207128539,1.3841391103810587,19.015734999098242,True
8192,0,local,3.3,0.5499999999999999,0.9392466461910354,1.8275592294974972,0.9422676117134307,1.5370733227250442,15.89474650582594,True
8192,0,local,3.3,0.6,0.9528837333816503,1.9905734844129106,0.9530937798319986,1.6362261096205022,17.80127071756499,True
8192,0,local,3.3,0.65,0.9617939133939191,2.1309335120122044,0.9632080631212575,1.7415707935148759,18.271931822483744,True
8192,0,local,3.3,0.7,0.9700999517405073,2.253545771890269,0.9709974613573212,1.8331028070269915,18.65695252822005,True
8192,0,local,3.3,0.75,0.9759954391795954,2.372452261050549,0.9777104389755581,1.9209982239985113,19.02900405895328,True
8192,0,local,3.3,0.7999999999999999,0.9811835451516171,2.517742224127962,0.9811913983960411,1.9724340745028084,21.65861716896078,True
8192,0,local,3.3,0.85,0.9865109991050997,2.6344620373155125,0.9872907119332796,2.0894608595791646,20.68738019439058,True
8192,0,local,3.3,0.9,0.9897288534264553,2.764469200410756,0.9897365676327133,2.1435210327377328,22.461750255013158,True
8192,0,local,3.3,0.95,0.9914907689840673,2.883164406621974,0.991494249047164,2.18687069494209,24.150329758533907,True
8192,0,hot-cold,3.3,0.05,0.2667500631863122,0.15486812343490203,0.311849880040085,0.1700765833686501,-9.82026487855061,False
8192,0,hot-cold,3.3,0.1,0.4358938414487066,0.2851100453624367,0.46457383258853036,0.2984267593081737,-4.670727728589341,False
8192,0,hot-cold,3.3,0.15,0.5535312626610367,0.41438945607757677,0.5577817591796439,0.39834532331605144,3.8717521708664715,True
8192,0,hot-cold,3.3,0.2,0.6482679866690187,0.5709512619373969,0.6502428054558852,0.5305088488359556,7.083338946341733,True
8192,0,hot-cold,3.3,0.25,0.7203274716638817,0.714738768488145,0.7351771526642966,0.6871769800858731,3.8562044788156724,True
8192,0,hot-cold,3.3,0.3,0.7744480854462303,0.8513896065372348,0.7865606136606532,0.8035777034899094,5.615748968534584,True
8192,0,hot-cold,3.3,0.35,0.8203276414494223,0.986068470395077,0.8209536630869906,0.8975364320369132,8.978285080212789,True
8192,0,hot-cold,3.3,0.39999999999999997,0.8538445658655756,1.1310566658229313,0.8612720111162329,1.0425097746532066,7.828687442931958,True
8192,0,hot-cold,3.3,0.44999999999999996,0.8790309383740134,1.2637635554895257,0.882772876526484,1.140430951198542,9.759151840963643,True
8192,0,hot-cold,3.3,0.49999999999999994,0.9028212606549516,1.4216131160945282,0.9034357969531752,1.250700898266116,12.022414248536496,True
8192,0,hot-cold,3.3,0.5499999999999999,0.9231534927168519,1.5462007689962605,0.9276560427367104,1.407229959623487,8.987889034810692,True
8192,0,hot-cold,3.3,0.6,0.9410007637429159,1.695434680456169,0.9415682710370141,1.5137216189542866,10.717786040155275,True
8192,0,hot-cold,3.3,0.65,0.9537966847879423,1.8288927983860959,0.9539136262301189,1.6282946422988702,10.968283994788719,True
8192,0,hot-cold,3.3,0.7,0.9620048581101686,1.9744175202958003,0.9621430091359642,1.7203600674228903,12.86746345498636,True
8192,0,hot-cold,3.3,0.75,0.9706191122561643,2.09607068779389,0.9717340798600559,1.8513883554479824,11.67338171230452,True
8192,0,hot-cold,3.3,0.7999999999999999,0.9757056892695358,2.23025655810392,0.9761378366776984,1.9263761770140653,13.625355342445555,True
8192,0,hot-cold,3.3,0.85,0.9812936941194708,2.3676586244163422,0.9824438627930993,2.0463385489853274,13.571216395700802,True
8192,0,hot-cold,3.3,0.9,0.9858102500398394,2.5072674237523036,0.9870213618658593,2.156543120661225,13.988308537355564,True
8192,0,hot-cold,3.3,0.95,0.9893637569732496,2.636761536248926,0.9903834929422554,2.2490864585496406,14.702697698283117,True
8192,1,random,3.3,0.05,0.15514163059407868,0.23217420690845833,0.164876056756621,0.2232230201107128,3.855375201636768,True
8192,1,random,3.3,0.1,0.22994392271475228,0.375703478743686,0.23647104063093408,0.35391626404946813,5.7990452383012485,True
8192,1,random,3.3,0.15,0.30909262089438183,0.5413939843472213,0.31415111094879095,0.5052462907909917,6.676781530887199,True
8192,1,random,3.3,0.2,0.3673722258997856,0.664220946006768,0.3690208777105973,0.6186685399136362,6.858020116196029,True
8192,1,random,3.3,0.25,0.43370883585489833,0.8301696863258239,0.4380184471485578,0.7719140164982554,7.0173207703351785,True
8192,1,random,3.3,0.3,0.48793608375734027,0.9626183412768977,0.4930451974810302,0.9002407925451683,6.479987556541522,True
8192,1,random,3.3,0.35,0.5440656042108887,1.106405847827646,0.5486438777448607,1.0334052339628754,6.597996025427955,True
8192,1,random,3.3,0.39999999999999997,0.5979678959398624,1.2513940432555002,0.6090752687338711,1.183922531825521,5.391707895176811,True
8192,1,random,3.3,0.44999999999999996,0.651550600849052,1.4062621666904023,0.6532870007524622,1.296902461961706,7.776622831720714,True
8192,1,random,3.3,0.49999999999999994,0.6956695178866569,1.539720284620329,0.7047134693696132,1.4301885375247823,7.11374320320497,True
8192,1,random,3.3,0.5499999999999999,0.7414554401113383,1.684966714763704,0.7512769950063903,1.5576635720824612,7.55523189661913,True
8192,1,random,3.3,0.6,0.7812290372233525,1.8284959865989316,0.7852554176279145,1.6549108616696102,9.493328188933903,True
8192,1,random,3.3,0.65,0.8168578185537597,1.9560616578383443,0.8169797437152475,1.7502953133630808,10.51942016504005,True
8192,1,random,3.3,0.7,0.8540280172058572,2.1328327803260336,0.8551959777577731,1.8744685674946464,12.11366475677913,True
8192,1,random,3.3,0.75,0.8862584546498005,2.281530165304092,0.8862968307254079,1.9841683316904992,13.03343861657682,True
8192,1,random,3.3,0.7999999999999999,0.9160017009615463,2.4253411477380693,0.9163768372379139,2.0986173659259526,13.471250513224787,True
8192,1,random,3.3,0.85,0.9451728857240791,2.576781792221517,0.9452169904283506,2.2254032047701737,13.636334613665891,True
8192,1,random,3.3,0.9,0.9671432327229087,2.713479582037065,0.9684739813341724,2.345955816663966,13.54437187609835,True
8192,1,random,3.3,0.95,0.9874471747827956,2.8342171900892184,0.9875482739107121,2.4692254012724457,12.878045835481055,True
8192,1,local,3.3,0.05,0.4218834248934089,0.24325482379261218,0.43181639709946584,0.2259224427195899,7.125195218245328,True
8192,1,local,3.3,0.1,0.5596066509114195,0.442187180048609,0.5703175463368321,0.3995866574836936,9.634047409568137,True
8192,1,local,3.3,0.15,0.6456692990386634,0.6189583025362981,0.6599975714931335,0.5540920822104246,10.479901482874043,True
8192,1,local,3.3,0.2,0.7224549663502288,0.8134571356944076,0.7225568133801397,0.6890065024293465,15.298978619054571,True
8192,1,local,3.3,0.25,0.7696518062958642,0.9680670244137891,0.777063257897606,0.8301620511321959,14.245395184811848,True
8192,1,local,3.3,0.3,0.8056278386697961,1.100515679364863,0.806271563003075,0.9160126729310043,16.76514109643038,True
8192,1,local,3.3,0.35,0.8371319468371274,1.255383802799765,0.8371908490520588,1.0255728352999813,18.30603254456986,True
8192,1,local,3.3,0.39999999999999997,0.8715973584705873,1.3849013911796164,0.8735022265831638,1.1728345069741828,15.312778624967772,True
8192,1,local,3.3,0.44999999999999996,0.8952526818745826,1.5417414888057661,0.8975712923228534,1.291558849251589,16.227275543318786,True
8192,1,local,3.3,0.49999999999999994,0.9138243560337229,1.6978303581685834,0.9150104646443671,1.3878950997164836,18.254783639657667,True
8192,1,local,3.3,0.5499999999999999,0.928952107782635,1.8115721530184532,0.9304108631497814,1.4914210865761652,17.67255396970252,True
8192,1,local,3.3,0.6,0.9431173073486715,1.944020807969527,0.944384748481151,1.5982885120198687,17.78439276639048,True
8192,1,local,3.3,0.65,0.9534012973973927,2.08386436613778,0.9534686126733326,1.6717856150009014,19.774739557576027,True
8192,1,local,3.3,0.7,0.9619033395335892,2.2249521461171766,0.9641542622346494,1.7706894358000589,20.416740697541012,True
8192,1,local,3.3,0.75,0.9717715019033686,2.331838983064138,0.9717815481792758,1.8498903048863653,20.668179993477555,True
8192,1,local,3.3,0.7999999999999999,0.9768547200106471,2.4446383237524216,0.9772461421264538,1.9206949749045976,21.432346198499907,True
8192,1,local,3.3,0.85,0.9822373534844429,2.5815708724002615,0.9824703187015262,1.998651470198523,22.5800270848175,True
8192,1,local,3.3,0.9,0.9858588148281553,2.7076810388794676,0.9859183015146559,2.062211284927553,23.838470805225732,True
8192,1,local,3.3,0.95,0.988763782429038,2.8256484927105823,0.989380478773971,2.1378615594726815,24.340852551625126,True
8192,1,hot-cold,3.3,0.05,0.25539697155214824,0.14352927183522765,0.3020460255243682,0.16648298782776327,-15.992358700799802,False
8192,1,hot-cold,3.3,0.1,0.4032177458135016,0.2759779267863015,0.4220862531885254,0.271946988526348,1.4606016890165163,True
8192,1,hot-cold,3.3,0.15,0.5283018518154617,0.4202584268848616,0.5378544263130723,0.39460582021777824,6.104007683375123,True
8192,1,hot-cold,3.3,0.2,0.6345858226867238,0.5648005805313623,0.6350373897862116,0.5225335822404142,7.483525999775608,True
8192,1,hot-cold,3.3,0.25,0.709102707043598,0.6864268533138028,0.7129380120219364,0.6543902118621294,4.6671602803726175,True
8192,1,hot-cold,3.3,0.3,0.7627272146031081,0.8299561251490305,0.7753031204309977,0.7928889590027184,4.466159718943718,True
8192,1,hot-cold,3.3,0.35,0.8046913961098711,0.9744948599631111,0.8120549851020828,0.8974391096715767,7.907250562045176,True
8192,1,hot-cold,3.3,0.39999999999999997,0.8424771928516145,1.1121351039402447,0.8443305127708596,1.0109856518658253,9.0950687300537,True
8192,1,hot-cold,3.3,0.44999999999999996,0.8726335401620823,1.2576598258499494,0.8791873787337584,1.1657606316739955,7.307158286132487,True
8192,1,hot-cold,3.3,0.49999999999999994,0.8982539562491528,1.3860002012359236,0.9016817320401634,1.2840109735857408,7.3585290650922675,True
8192,1,hot-cold,3.3,0.5499999999999999,0.9188061284665807,1.528805139523468,0.9225285352325758,1.4084674957510284,7.871352644062224,True
8192,1,hot-cold,3.3,0.6,0.9373860314517005,1.6610425115254797,0.9417456374865864,1.5507076073873374,6.642509350155779,True
8192,1,hot-cold,3.3,0.65,0.9516391165295705,1.7972003560267575,0.95287410012143,1.654467517182507,7.941954738969881,True
8192,1,hot-cold,3.3,0.7,0.9602647683704483,1.9311514675044963,0.960739848724592,1.740828150700609,9.855431850191954,True
8192,1,hot-cold,3.3,0.75,0.9693573751829404,2.08106959841047,0.9697677954836721,1.8587080067293176,10.68496660808428,True
8192,1,hot-cold,3.3,0.7999999999999999,0.9755932906125059,2.2142694816248762,0.9756248907379885,1.9482413033157735,12.014263869720399,True
8192,1,hot-cold,3.3,0.85,0.9815652581904158,2.3458025771300135,0.982518357565149,2.076341715630208,11.48693688577488,True
8192,1,hot-cold,3.3,0.9,0.9846661197408318,2.4792606950599403,0.9852403862752848,2.133260970275337,13.955762113844116,True
8192,1,hot-cold,3.3,0.95,0.9882947195165563,2.626502575277792,0.9887961181740578,2.218650621490613,15.528328722237884,True
8192,2,random,3.3,0.05,0.1540264706456805,0.21027120785567122,0.15881350461787694,0.19917551018810128,5.276850682850476,True
8192,2,random,3.3,0.1,0.24417176972177143,0.3870423303433604,0.2530664472047263,0.37057506212677777,4.254642690367705,True
8192,2,random,3.3,0.15,0.3111385871223902,0.5308298368941086,0.31935147406966563,0.5053013336947891,4.809168856951784,True
8192,2,random,3.3,0.2,0.3759482457450253,0.6647374154378091,0.37881462758712886,0.63119524095754,5.0459284675855915,True
8192,2,random,3.3,0.25,0.4404666991860508,0.8193473041571906,0.44617490150314526,0.7778855139101253,5.0603437683503945,True
8192,2,random,3.3,0.3,0.4916179813162083,0.941466570487443,0.4992271931717493,0.8966226956204086,4.763193540033662,True
8192,2,random,3.3,0.35,0.5534420373612313,1.1071570760909784,0.5680847055213472,1.0581657954352666,4.4249620684974955,True
8192,2,random,3.3,0.39999999999999997,0.598190191308347,1.2307352660138575,0.60200367827534,1.1413520564688042,7.262586196505961,True
8192,2,random,3.3,0.44999999999999996,0.651131937595502,1.396425771617393,0.6528502867975139,1.2735359430019912,8.800312276753964,True
8192,2,random,3.3,0.49999999999999994,0.694372703870496,1.5288744265684666,0.6980904085550861,1.3953449705922534,8.733840638300027,True
8192,2,random,3.3,0.5499999999999999,0.7412186753727383,1.6881594348828668,0.7451117357758983,1.531043249963734,9.306951800440233,True
8192,2,random,3.3,0.6,0.7808835804199564,1.8430275583177689,0.78195583947463,1.6423896688274284,10.88632064045062,True
8192,2,random,3.3,0.65,0.8180990767070601,1.9976374470371503,0.818897995460695,1.7587672963013279,11.957632807199781,True
8192,2,random,3.3,0.7,0.8509703131456752,2.12393542058219,0.8522749078876461,1.8721008461303044,11.856978889822145,True
8192,2,random,3.3,0.75,0.882780135090633,2.275097773299308,0.8841941316671437,1.9888002223139527,12.583966911020761,True
8192,2,random,3.3,0.7999999999999999,0.9127969213835193,2.4041424251821564,0.9130135149161271,2.1021037625573347,12.563259957526718,True
8192,2,random,3.3,0.85,0.942132212626047,2.552390349546441,0.9423446236938344,2.2260002823575427,12.787623462331998,True
8192,2,random,3.3,0.9,0.9681596167300067,2.698173306171666,0.9683902176277553,2.3507938619878517,12.874615703492287,True
8192,2,random,3.3,0.95,0.9860406567869117,2.910255575868401,0.9863297555724456,2.4617212857670783,15.412195884805858,True
8192,2,local,3.3,0.05,0.40607326429581514,0.24325482379261218,0.4079179763683325,0.23460574622950275,3.555562610541785,True
8192,2,local,3.3,0.1,0.5467324533051723,0.4200259462803013,0.5510084229730554,0.3965102529120176,5.598628745803891,True
8192,2,local,3.3,0.15,0.6500686918848189,0.6189583025362981,0.6513116566705802,0.5465972736922925,11.69077602602513,True
8192,2,local,3.3,0.2,0.7204445243445674,0.7750271148483063,0.7225531512398098,0.6762791932547478,12.74122152653796,True
8192,2,local,3.3,0.25,0.7675466487368444,0.9296370035676877,0.7708485479737934,0.7873146894628852,15.309450200304974,True
8192,2,local,3.3,0.3,0.8078940836042586,1.0874630882894614,0.8098332389545835,0.8941710608805401,17.774582833240103,True
8192,2,local,3.3,0.35,0.8378498830483109,1.2433171988199874,0.8425634885370447,1.0055030828763845,19.127388905205244,True
8192,2,local,3.3,0.39999999999999997,0.8730762372978239,1.3993860111319953,0.8754140217213927,1.1430246179742545,18.319562373670173,True
8192,2,local,3.3,0.44999999999999996,0.8960963421699986,1.553995899851377,0.8999247476947528,1.2589606479998638,18.985587534673044,True
8192,2,local,3.3,0.49999999999999994,0.9148677892309364,1.7036993289758682,0.9150936925218373,1.341405405333,21.265132730940916,True
8192,2,local,3.3,0.5499999999999999,0.9287324413437412,1.8317144608290548,0.9290668621943917,1.4353244757220964,21.640380833568774,True
8192,2,local,3.3,0.6,0.9424714923071491,1.9366493806355771,0.9433676744257825,1.5508111971151695,19.922975597874192,True
8192,2,local,3.3,0.65,0.9546610748616435,2.020150819053895,0.9547160827442499,1.664978216789398,17.58148940735209,True
8192,2,local,3.3,0.7,0.9643151472910652,2.147223496745496,0.9645158505936183,1.7798226182448522,17.110509411689378,True
8192,2,local,3.3,0.75,0.9726410555826989,2.2767410851253476,0.9741158777717353,1.9064848479330363,16.262553507349153,True
8192,2,local,3.3,0.7999999999999999,0.9790973306404236,2.3784598089294775,0.9791921189037748,1.984511542904794,16.563166825257227,True
8192,2,local,3.3,0.85,0.9852403060621948,2.5503244718222766,0.9852812101389214,2.092127157732501,17.9662360280918,True
8192,2,local,3.3,0.9,0.988939071245603,2.6727254487512786,0.989140336219092,2.167908259051601,18.887730871703745,True
8192,2,local,3.3,0.95,0.9918976753591758,2.7591882672888883,0.9920343866059655,2.2344443827021014,19.01805291098847,True
8192,2,hot-cold,3.3,0.05,0.26212240595915465,0.1546098887193815,0.2783455732941496,0.15925359327506897,-3.003497767284369,False
8192,2,hot-cold,3.3,0.1,0.4186658257316054,0.2880680066493083,0.4348269698708345,0.28968666511023833,-0.5619015036614439,False
8192,2,hot-cold,3.3,0.15,0.5431745952177801,0.43234850674786846,0.5540450116998331,0.41094393345399716,4.950768410159845,True
8192,2,hot-cold,3.3,0.2,0.6306786922920282,0.567265548270422,0.6601945227825619,0.5624774559697178,0.8440654143906601,True
8192,2,hot-cold,3.3,0.25,0.700279771698297,0.6987751678923302,0.7022433848642515,0.6415301001574801,8.192201206507466,True
8192,2,hot-cold,3.3,0.3,0.7538795006641398,0.8329610382023603,0.7635333287421752,0.7785432569616486,6.533052417211794,True
8192,2,hot-cold,3.3,0.35,0.8011816545014296,0.9676633779434315,0.8013159427010432,0.8823285800281129,8.818644981344658,True
8192,2,hot-cold,3.3,0.39999999999999997,0.8394016325139365,1.105280146037336,0.8449490406179655,1.0308503518256638,6.7340207347900805,True
8192,2,hot-cold,3.3,0.44999999999999996,0.8730964004848423,1.2495606461358961,0.8752256275062827,1.1503163874073128,7.942332293793286,True
8192,2,hot-cold,3.3,0.49999999999999994,0.8988695842233788,1.3852489729725912,0.9002431597995147,1.2728025688069442,8.117414729017947,True
8192,2,hot-cold,3.3,0.5499999999999999,0.9176669469504758,1.5317161490438813,0.9221568530424115,1.4161074902883777,7.547655538375575,True
8192,2,hot-cold,3.3,0.6,0.9327774459560657,1.6644465145937049,0.9350764544079802,1.5204176018950772,8.653261696053082,True
8192,2,hot-cold,3.3,0.65,0.9441039543981099,1.808234021144453,0.9478413066489458,1.6393319542208413,9.340719450500746,True
8192,2,hot-cold,3.3,0.7,0.9562005338649059,1.9350484641205334,0.9567520796273263,1.7353901408912615,10.318001173165204,True
8192,2,hot-cold,3.3,0.75,0.9657743095968927,2.0726652322144377,0.9660185405583042,1.8444592471004924,11.010267435717525,True
8192,2,hot-cold,3.3,0.7999999999999999,0.9725349562286002,2.2272751209338195,0.9746317558298552,1.9615039998583566,11.932568122254894,True
8192,2,hot-cold,3.3,0.85,0.9786269463679859,2.3750300517502922,0.9800975661654124,2.0579812576038625,13.349253998397991,True
8192,2,hot-cold,3.3,0.9,0.9827029819692917,2.508981163228031,0.9836927760337612,2.129286708344772,15.133411938204732,True
8192,2,hot-cold,3.3,0.95,0.9870832105501998,2.6703085733833665,0.9871432091533819,2.204661881984136,17.43793567682109,True
