trial,target_cv,spatial_mode,budget_fraction,budget_rows,target_importance,paper_importance,paper_rows,paper_chunks,paper_runs,paper_shortfall_rows,paper_median_chunk_rows,paper_two_line_ms,paper_released_ms,paper_tail_linear_ms,paper_block_split_ms,global_chain_importance,global_chain_rows,global_chain_chunks,global_chain_runs,global_chain_shortfall_rows,global_chain_median_chunk_rows,global_chain_two_line_ms,global_chain_released_ms,global_chain_tail_linear_ms,global_chain_block_split_ms,global_chain_saving_vs_paper_two_line_pct,global_chain_win_two_line,global_chain_saving_vs_paper_released_pct,global_chain_win_released,global_chain_saving_vs_paper_tail_linear_pct,global_chain_win_tail_linear,global_chain_saving_vs_paper_block_split_pct,global_chain_win_block_split,global_chain_importance_overshoot
0,1.07,random,0.125,608,0.1554175526105011,0.1554175526105011,606,5,504:144;711:96;1404:78;1494:144;2349:144,95.71428571428572,144.0,0.2050080520660584,0.2038532341650238,0.2038532341650238,0.2038532341650238,0.1847033055892669,728,5,506:141;677:133;1401:132;2357:172;4667:150,4.714285714285722,141.0,0.2372199651131619,0.2434846568471111,0.2422473884359337,0.2664667832486466,-15.712511153817532,0.0,-19.441154732921607,0.0,-18.834213952097013,0.0,-30.71501383830668,0.0,0.02928575297876579
0,1.07,random,0.25,1216,0.3035647835948994,0.3035647835948994,1212,12,288:96;504:144;711:96;909:90;1404:78;1494:144;1926:126;2160:126;2349:144;3186:78;3645:24;4752:66,433.7142857142858,96.0,0.4299236531104271,0.4256957218935348,0.4256957218935348,0.4256957218935348,0.3039076777845529,1249,8,253:133;506:141;677:136;1404:228;1925:129;2163:160;2357:172;4667:150,7.714285714285722,145.5,0.406957933581818,0.4170682220848872,0.4119225730851309,0.4544410000558216,5.341813450471,1.0,2.0266822908794224,1.0,3.2354444971022023,1.0,-6.752541001451728,0.0,0.0003428941896534976
0,1.07,random,0.375,1824,0.4393799860433512,0.4393799860433512,1824,17,288:96;504:144;711:96;909:90;1404:78;1494:144;1782:96;1926:126;2160:126;2349:144;2700:144;3015:78;3186:78;3609:96;3861:78;4554:144;4752:66,514.2857142857143,96.0,0.6356394005057797,0.6262203426845643,0.6262203426845643,0.6262203426845643,0.4427426292917378,1868,13,253:133;506:141;677:136;911:142;1316:131;1498:134;1925:129;2163:160;2357:172;2696:134;3194:133;3538:173;4667:150,15.142857142857167,136.0,0.6089410915343559,0.6243422197067968,0.6214224975215418,0.668733183162708,4.200228769673475,1.0,0.29991407971770023,1.0,0.7661592631204694,1.0,-6.788799018552161,0.0,0.0033626432483865876
0,1.07,random,0.5,2432,0.5687722118795482,0.5687722118795482,2430,22,18:84;288:96;504:144;711:96;909:90;1044:144;1404:78;1494:144;1782:96;1926:126;2160:126;2349:144;2700:144;3015:78;3186:78;3438:144;3609:96;3870:144;4077:42;4329:126;4554:144;4752:66,610.0000000000001,111.0,0.840647452571838,0.8334063982348546,0.8334063982348546,0.8334063982348546,0.5746398278715974,2479,17,253:133;506:141;660:148;911:127;1052:132;1325:142;1498:140;1758:135;1926:142;2163:160;2357:172;2696:134;3194:133;3525:186;3858:168;4319:136;4667:150,15.285714285714306,141.0,0.8077230582772993,0.8275532574169057,0.8231129670440822,0.8885984467553346,3.9165519616827904,1.0,0.7023153206341837,1.0,1.2351034516382198,1.0,-6.622465178738257,0.0,0.005867615992049213
0,1.07,random,0.625,3040,0.689506010423617,0.689506010423617,3036,25,18:84;144:132;288:96;504:144;711:96;909:90;1044:144;1287:96;1404:78;1494:144;1782:96;1926:126;2061:54;2160:126;2349:270;2700:144;3015:78;3186:78;3438:144;3609:96;3726:288;4068:96;4329:126;4554:144;4752:66,678.5714285714287,96.0,1.0434252957311283,1.037552660616109,1.026764142600889,1.0387440932190046,0.6919956524543468,3042,19,253:133;423:183;623:187;908:130;1047:137;1325:156;1498:140;1758:135;1926:187;2163:160;2357:172;2669:161;2946:137;3194:165;3425:145;3612:149;3858:168;4319:136;4556:261,6.714285714285722,156.0,0.9901736734582453,1.0123882497422916,0.9983793648811572,1.1132039212601317,5.1035395145916596,1.0,2.4253622807804742,1.0,2.7644886047374695,1.0,-7.168255254321654,0.0,0.002489642030729766
0,1.07,random,0.75,3648,0.8055903503890303,0.8055903503890303,3648,30,18:84;144:132;288:96;423:78;504:144;711:96;810:78;909:90;1044:144;1287:96;1404:78;1494:144;1782:96;1926:126;2061:96;2160:126;2304:18;2349:270;2700:144;2853:144;3015:78;3186:78;3294:288;3609:96;3726:288;4068:96;4212:108;4329:126;4554:144;4752:66,894.0000000000002,96.0,1.2602216600106346,1.2538514088091612,1.2373043892166862,1.2557562032494427,0.8081761314331788,3615,22,22:161;207:179;423:183;623:187;855:144;1047:137;1281:200;1498:140;1758:135;1926:195;2163:160;2347:182;2669:161;2946:137;3194:174;3425:160;3612:181;3858:168;4054:126;4234:150;4424:205;4667:150,8.857142857142861,161.0,1.1767578294943484,1.2012610161559938,1.1824591616085691,1.3473436088776385,6.622948419691655,1.0,4.194308215764964,1.0,4.432638248607401,1.0,-7.293406585705142,0.0,0.0025857810441485274
0,1.07,random,0.875,4256,0.9092773998510222,0.9092773998510222,4254,31,18:84;144:132;288:96;423:78;504:204;711:96;810:78;909:90;1044:240;1287:96;1404:78;1494:144;1665:108;1782:96;1926:126;2061:96;2160:126;2295:324;2628:216;2853:144;3015:78;3096:84;3186:78;3294:288;3609:96;3726:312;4068:96;4212:108;4329:204;4554:192;4752:66,846.0000000000002,96.0,1.4534213428124358,1.4493109061762857,1.4163556260654864,1.4942050202691208,0.9131541953395124,4192,26,21:164;206:180;422:187;623:256;911:156;1076:136;1281:205;1498:140;1728:165;1921:133;2065:136;2214:188;2418:201;2655:136;2813:137;2954:139;3175:193;3395:132;3535:138;3680:150;3849:177;4054:141;4215:143;4370:162;4554:166;4730:131,8.571428571428584,153.0,1.3644437186166294,1.396992441053108,1.3763520287731863,1.5116478822048478,6.121942865076601,1.0,3.6098855601114144,1.0,2.8244034588563505,1.0,-1.167367375903039,0.0,0.003876795488490181
0,1.07,local,0.125,608,0.3145534629638002,0.3145534629638002,606,10,495:66;804:6;927:54;2430:30;2799:66;2907:66;3402:66;3528:66;4050:66;4437:120,742.5714285714287,66.0,0.2581574516968302,0.2482752896166445,0.2482752896166445,0.2482752896166445,0.3274774164085643,684,6,499:55;919:92;2833:138;3399:196;4054:69;4440:134,189.42857142857144,113.0,0.2380830645909177,0.2373859534762582,0.2353508203887141,0.2423712475807093,7.776024660131464,1.0,4.385992724930555,1.0,5.205700997423756,1.0,2.378022414172376,1.0,0.012923953444764102
0,1.07,local,0.25,1216,0.5073519103616267,0.5073519103616267,1212,16,351:96;495:66;594:78;792:42;927:198;1791:66;2430:30;2799:66;2907:66;3168:66;3402:66;3483:42;3528:66;3897:78;4050:66;4437:120,1008.8571428571429,66.0,0.4771806060506848,0.459844181426454,0.4577281055456553,0.4648054594745696,0.5222962129807641,1305,11,413:141;592:81;797:28;907:105;1808:147;2430:26;2832:144;3163:64;3397:199;3896:227;4431:143,370.28571428571433,141.0,0.4549667227103561,0.4612673023989853,0.4557689740857625,0.4793043563113721,4.655235996319851,1.0,-0.3094789561361111,0.0,0.42801205260430963,1.0,-3.1193473616236034,0.0,0.014944302619137373
0,1.07,local,0.375,1824,0.6466288026345968,0.6466288026345968,1824,23,81:144;351:96;495:66;594:78;792:42;927:198;1422:66;1521:12;1791:66;1881:78;2430:30;2556:84;2799:66;2907:66;3168:66;3402:66;3474:120;3897:78;4050:66;4239:66;4437:120;4617:84;4797:66,1350.0000000000002,66.0,0.7043063589510127,0.6817711625916881,0.6796550867108895,0.6867324406398038,0.6518540396842716,1892,13,88:136;351:121;499:174;797:214;1070:106;1424:110;1801:157;2426:32;2780:197;3162:71;3397:199;3895:228;4431:147,234.2857142857143,147.0,0.6347547625328602,0.6440472405739159,0.6320677071722359,0.6903000928766255,9.875190751045038,1.0,5.533223475508741,1.0,7.001695487772642,1.0,-0.5195112427625936,0.0,0.0052252370496748135
0,1.07,local,0.5,2432,0.750318882730123,0.750318882730123,2430,29,81:144;288:60;351:96;495:66;594:78;792:42;855:270;1143:84;1332:66;1422:66;1524:6;1791:66;1881:78;2088:108;2430:30;2556:84;2799:66;2907:66;3168:66;3276:66;3402:66;3474:120;3897:78;3978:66;4050:66;4239:66;4347:210;4617:84;4797:66,1700.2857142857147,66.0,0.9302314229742344,0.9005114572358678,0.8928797081575773,0.9052200405641764,0.7635350776807982,2475,17,68:157;288:157;458:215;797:215;1068:111;1424:120;1775:183;2085:131;2417:50;2780:197;3162:134;3397:201;3894:230;4241:46;4427:152;4611:103;4791:73,310.8571428571429,152.0,0.8307075813842184,0.8419762555621775,0.8259669273820365,0.9014864634241138,10.698826026732988,1.0,6.500217315764633,1.0,7.494042048913041,1.0,0.41244967773091945,1.0,0.013216194950675164
0,1.07,local,0.625,3040,0.8362503954496652,0.8362503954496652,3036,33,81:144;288:60;351:96;450:42;495:66;594:78;792:42;855:270;1143:84;1332:66;1422:66;1494:54;1683:174;1881:78;2088:108;2430:30;2556:84;2763:102;2907:66;2997:108;3168:66;3276:66;3402:66;3474:120;3690:66;3897:78;3978:66;4050:66;4122:54;4239:66;4347:210;4563:138;4707:156,1697.1428571428573,66.0,1.1271168194430103,1.1022596069017343,1.0930668182392482,1.1275330594374324,0.83625884306243,2966,18,66:161;288:157;458:215;796:235;1050:129;1344:190;1755:204;2085:132;2416:76;2559:84;2770:100;2904:111;3162:178;3387:211;3894:230;4241:150;4427:152;4613:251,177.14285714285717,159.0,0.9794527540255384,0.9967483816602346,0.9730552697489968,1.0759777412249285,13.10104355380336,1.0,9.572266331891989,1.0,10.979342386732627,1.0,4.572399698703888,1.0,8.44761276486139e-06
0,1.07,local,0.75,3648,0.9022125503297092,0.9022125503297092,3648,33,27:198;288:60;351:96;450:42;495:66;594:78;720:114;855:270;1143:84;1251:78;1332:66;1422:66;1494:54;1593:264;1881:78;1962:360;2430:30;2556:84;2763:102;2907:66;2997:108;3168:66;3276:66;3348:120;3474:126;3690:66;3897:78;3978:66;4050:126;4239:66;4347:210;4563:138;4707:156,1454.2857142857142,78.0,1.3062578670229772,1.2913712534287631,1.2677475210546008,1.3164532120798067,0.90697742668912,3514,21,63:209;288:161;457:220;747:149;905:130;1045:134;1209:185;1423:124;1680:307;2080:165;2416:76;2551:93;2767:107;2904:208;3161:180;3386:213;3879:142;4023:151;4239:152;4426:155;4611:253,145.14285714285717,155.0,1.1550985539305985,1.1758229788232029,1.148788085876168,1.2901963538382284,11.571935136886701,1.0,8.947719278926503,1.0,9.383527335117481,1.0,1.9945151108026304,1.0,0.004764876359410808
0,1.07,local,0.875,4256,0.9579423342489884,0.9579423342489884,4254,34,27:246;288:60;351:96;450:42;495:66;567:24;594:78;720:114;855:372;1251:78;1332:66;1422:66;1494:54;1593:264;1863:96;1962:360;2358:102;2466:48;2556:84;2646:66;2763:102;2871:102;2997:168;3168:66;3240:102;3348:318;3690:66;3825:150;3978:66;4050:126;4239:66;4311:246;4563:138;4707:156,1400.5714285714287,96.0,1.4989880321601956,1.4944986147166897,1.4552991762691072,1.5506520997634776,0.9583396917448446,4045,22,46:227;288:164;456:221;746:150;904:132;1042:137;1207:190;1419:131;1594:140;1752:272;2051:270;2415:79;2548:99;2769:223;3001:137;3160:182;3379:220;3602:134;3837:338;4236:177;4424:159;4601:263,99.2857142857143,170.5,1.324075341601136,1.3505664271615785,1.309447488188244,1.4283523406922547,11.668718282359636,1.0,9.630801001605228,1.0,10.022110261532436,1.0,7.8869889054983595,1.0,0.000397357495856121
0,1.07,hot-cold,0.125,608,0.2846406720071315,0.2846406720071315,606,5,27:240;270:108;387:96;540:126;891:36,173.42857142857144,108.0,0.2113934923043843,0.2125722395577875,0.2087563650186423,0.214406050518069,0.2874724753563728,608,4,11:162;183:148;338:144;541:154,0.0,151.0,0.1977942702311095,0.2015605341570321,0.2004735880761847,0.233747607687541,6.433131845749241,1.0,5.180217992557723,1.0,3.967676358858774,1.0,-9.020994101023284,0.0,0.002831803349241324
0,1.07,hot-cold,0.25,1216,0.4799481081989538,0.4799481081989538,1212,9,27:240;270:108;387:96;486:180;675:144;864:144;1071:120;1197:144;1791:36,179.42857142857144,144.0,0.4090301170364929,0.4126386073298829,0.4074351420492304,0.4226743365096946,0.4896553473613544,1220,8,0:198;201:147;351:179;539:141;687:149;871:135;1060:136;1206:135,0.0,144.0,0.3968898185558447,0.4058093865696501,0.4021611792451038,0.443235736519267,2.9680695809411572,1.0,1.6550125555200856,1.0,1.2944300232917483,1.0,-4.864596270348853,0.0,0.009707239162400627
0,1.07,hot-cold,0.375,1824,0.6309267435626669,0.6309267435626669,1824,13,27:240;270:108;387:96;486:180;675:186;864:204;1071:120;1197:144;1359:126;1494:144;1701:120;1827:60;2007:96,218.00000000000003,126.0,0.611294909597162,0.6158336644304624,0.6066408757679762,0.6385046325705093,0.6335644743317353,1784,11,0:199;201:179;381:150;539:213;754:172;929:137;1069:157;1230:135;1372:136;1513:134;1705:172,0.8571428571428612,157.0,0.5804404574067588,0.5927514798527695,0.5837668298015095,0.6539087512128122,5.047392298871934,1.0,3.748119973116404,1.0,3.7706074351665397,1.0,-2.412530443246541,0.0,0.0026377307690684804
0,1.07,hot-cold,0.5,2432,0.7432760672690228,0.7432760672690228,2430,17,0:24;27:240;270:114;387:96;486:180;675:186;864:204;1071:120;1197:144;1359:126;1494:204;1701:120;1827:144;2007:96;2169:144;2340:144;2619:144,248.00000000000003,144.0,0.8109035085205183,0.8212858116775872,0.8097341187545386,0.8497817898729383,0.760315229624836,2473,16,0:199;201:149;351:138;491:144;636:144;781:145;929:137;1069:159;1230:136;1372:139;1513:139;1673:197;1875:156;2042:153;2211:201;2599:137,0.0,144.5,0.8045151813841017,0.8219311639425955,0.8140797129968999,0.88531464621626,0.7878036127963006,1.0,-0.07857828003750011,0.0,-0.5366692771999304,0.0,-4.181409482619602,0.0,0.017039162355813153
0,1.07,hot-cold,0.625,3040,0.831595098655787,0.831595098655787,3036,21,0:24;27:240;270:108;387:96;486:180;675:186;864:204;1071:120;1197:144;1359:126;1494:204;1701:120;1827:168;2007:96;2106:60;2169:144;2340:144;2511:348;2889:84;2997:144;3186:96,418.57142857142867,144.0,1.0220622419926113,1.0310093838114047,1.010368971531483,1.0740269959942097,0.8377572529776902,2982,18,0:181;182:198;381:156;538:215;754:143;898:168;1069:159;1230:136;1370:142;1513:142;1663:209;1875:168;2045:161;2211:150;2366:137;2510:163;2698:137;2889:217,0.0,160.0,0.9701028187979748,0.991649711933917,0.9756056939852384,1.0943691147464103,5.083782675831616,1.0,3.8175861922792653,1.0,3.44065173473721,1.0,-1.8940044177725879,0.0,0.006162154321903257
0,1.07,hot-cold,0.75,3648,0.8944120927687398,0.8944120927687398,3648,23,0:24;27:240;270:108;387:96;486:180;675:186;864:204;1071:120;1197:144;1359:126;1494:204;1701:120;1827:276;2106:60;2169:144;2340:144;2511:348;2889:84;2997:144;3186:288;3492:144;3654:120;3825:144,355.7142857142858,144.0,1.2159930960069358,1.2312729624175978,1.2005031377246729,1.2666388008101397,0.8950136915112562,3457,21,0:181;182:198;381:156;538:215;754:143;898:170;1069:159;1230:138;1369:165;1535:162;1698:174;1875:168;2045:168;2216:146;2365:141;2510:153;2666:137;2809:142;2956:213;3180:184;3387:144,0.0,162.0,1.124629592416029,1.1500658838496345,1.1328135056302262,1.2830294692699882,7.5134886777667775,1.0,6.595375765298506,1.0,5.638438581904881,1.0,-1.294028609368758,0.0,0.0006015987425164182
0,1.07,hot-cold,0.875,4256,0.9494152936631396,0.9494152936631396,4254,26,0:24;27:240;270:114;387:96;486:186;675:186;864:204;1071:120;1197:288;1494:204;1701:120;1827:276;2106:60;2169:168;2340:168;2511:348;2889:84;2997:186;3186:288;3492:144;3645:144;3825:144;3978:120;4104:78;4185:120;4329:144,412.57142857142867,144.0,1.4178084279538312,1.4365875612116117,1.3963821194764363,1.4980310609885403,0.9514233079467344,4075,20,0:753;754:314;1069:299;1369:165;1535:162;1698:175;1875:168;2045:142;2188:174;2365:141;2510:153;2664:141;2806:145;2956:194;3152:181;3335:141;3481:155;3643:161;3823:135;3977:176,0.0,163.5,1.325677057881203,1.356781618126146,1.3086206561396625,1.4957766765842164,6.498153647287275,1.0,5.555243915529773,1.0,6.284917438621984,1.0,0.15048983048697728,1.0,0.002008014283594761
0,1.25,random,0.125,608,0.1584561569247909,0.1584561569247909,606,6,342:126;927:72;1503:96;1746:144;2097:96;2619:72,212.2857142857143,96.0,0.2145862124235473,0.2108658122086914,0.2108658122086914,0.2108658122086914,0.1763641375466965,684,5,313:151;1487:127;1747:139;2571:115;4272:152,27.714285714285722,139.0,0.2247957146832247,0.2301677452600225,0.2296994333847637,0.2538977667128402,-4.757762460304771,0.0,-9.15365693905288,0.0,-8.931566942408331,0.0,-20.4072694636533,0.0,0.0179079806219056
0,1.25,random,0.25,1216,0.3107151158179099,0.3107151158179099,1212,12,342:126;927:72;1080:144;1503:96;1746:144;1917:126;2097:96;2619:72;3897:108;4266:36;4329:96;4734:96,424.57142857142867,96.0,0.4291724248470946,0.4244013303769794,0.4244013303769794,0.4244013303769794,0.3301669876101787,1305,10,313:151;871:126;1081:139;1507:144;1747:139;1917:125;2087:106;2571:115;3893:108;4272:152,94.2857142857143,132.5,0.4322890195110073,0.4393495778213871,0.4388812659461283,0.4630795992742048,-0.7261870715535856,0.0,-3.522196179528869,0.0,-3.4118497122256786,0.0,-9.11360689252998,0.0,0.019451871792268816
0,1.25,random,0.375,1824,0.4540278373948716,0.4540278373948716,1824,18,342:126;531:120;711:96;927:72;1080:144;1503:96;1746:144;1917:126;2097:96;2277:96;2619:72;3060:78;3438:96;3897:108;4149:144;4329:96;4635:18;4734:96,630.857142857143,96.0,0.6452175608632685,0.6373738936926134,0.6373738936926134,0.6373738936926134,0.4728301684502286,1918,14,313:151;593:165;871:126;1081:155;1507:156;1740:146;1917:125;2087:106;2279:137;2571:115;3888:113;4085:137;4272:157;4708:129,95.14285714285717,137.0,0.6317803150088365,0.6441569953342229,0.6419021603792735,0.7104790336210776,2.0825914651879107,1.0,-1.0642264624789899,0.0,-0.7104568811919121,0.0,-11.469741803344169,0.0,0.018802331055357002
0,1.25,random,0.5,2432,0.5834883560437163,0.5834883560437163,2430,23,81:96;243:84;342:126;531:120;711:96;927:72;1080:144;1503:96;1638:96;1746:144;1917:126;2097:96;2277:96;2493:96;2619:72;3060:78;3438:96;3627:144;3897:108;4149:144;4329:96;4437:108;4734:96,708.2857142857144,96.0,0.848723156402662,0.8353641748214868,0.8353641748214868,0.8353641748214868,0.611602533372098,2551,18,255:209;593:165;842:155;1081:155;1507:156;1739:147;1917:125;2087:106;2279:139;2571:115;3062:131;3401:134;3592:135;3893:138;4085:137;4247:148;4415:127;4708:129,77.00000000000003,137.5,0.8362168547400564,0.8552755040862614,0.8506212934741222,0.924957018408818,1.4735431180662006,1.0,-2.3835507752088425,0.0,-1.8264032756606596,0.0,-10.72500429007226,0.0,0.02811417732838173
0,1.25,random,0.625,3040,0.7081852891467499,0.7081852891467499,3036,30,81:96;243:84;342:126;531:120;711:96;837:66;927:72;1080:144;1287:144;1503:96;1638:96;1746:144;1917:126;2097:96;2277:96;2493:96;2619:72;2853:84;3060:78;3228:6;3249:126;3438:96;3627:144;3897:108;4050:96;4149:144;4329:96;4437:108;4635:84;4734:96,1055.4285714285716,96.0,1.0743899857103631,1.057877866931414,1.057877866931414,1.057877866931414,0.7101227335827123,3035,21,123:181;313:151;533:116;668:139;842:155;1081:155;1507:156;1697:150;1865:177;2087:154;2279:139;2571:115;3055:138;3227:146;3401:134;3592:135;3893:138;4085:137;4247:148;4410:134;4708:137,40.428571428571445,139.0,0.9906665910154387,1.0132007653363042,1.0085118649556275,1.1204855517010883,7.792644738732212,1.0,4.223275955730566,1.0,4.666512413099477,1.0,-5.918233732527223,0.0,0.0019374444359623322
0,1.25,random,0.75,3648,0.818193113016735,0.818193113016735,3648,35,0:72;81:96;243:84;342:126;531:120;666:36;711:96;837:66;927:72;1080:144;1287:144;1503:96;1638:96;1746:144;1917:126;2097:96;2277:96;2394:96;2493:96;2619:72;2718:84;2862:144;3060:78;3150:84;3249:126;3438:96;3546:78;3627:252;3897:108;4050:96;4149:144;4329:96;4437:108;4635:84;4734:96,1234.857142857143,96.0,1.288228388702998,1.266847257222061,1.2625457259233883,1.26821575960715,0.8384602605419602,3699,24,1:176;242:222;527:122;668:139;842:155;1081:155;1283:150;1487:176;1685:162;1862:180;2087:154;2276:146;2454:133;2621:143;2877:131;3055:138;3227:146;3401:134;3592:185;3893:138;4085:137;4247:148;4410:134;4635:195,20.285714285714306,147.0,1.205023704789654,1.2330200939002274,1.220473960945765,1.365730985900101,6.4588457018180945,1.0,2.670184833174738,1.0,3.3322963369784686,1.0,-7.689166890904908,0.0,0.020267147525225182
0,1.25,random,0.875,4256,0.9177986148306624,0.9177986148306624,4254,33,0:72;81:96;189:138;342:180;531:120;657:150;837:66;927:72;1026:6;1080:204;1287:312;1638:96;1746:144;1917:276;2205:168;2394:96;2493:96;2619:72;2718:84;2862:144;3060:78;3150:84;3249:186;3438:96;3546:78;3627:252;3897:150;4050:96;4149:276;4437:108;4554:78;4635:84;4734:96,1023.1428571428573,96.0,1.4679763904145022,1.4642390282876292,1.4360362464664924,1.53711546146707,0.9186839258381938,4165,25,1:176;223:243;501:148;668:139;842:155;1081:170;1277:194;1483:135;1631:168;1811:231;2083:143;2233:136;2393:145;2571:193;2877:131;3055:147;3227:146;3391:185;3592:147;3744:133;3888:184;4085:137;4247:243;4503:180;4708:156,5.714285714285722,155.0,1.3554253326523644,1.384961788314199,1.3611299173288105,1.518071923756266,7.66708909605539,1.0,5.4142280353052685,1.0,5.216186521892907,1.0,1.2389139390106774,1.0,0.0008853110075314197
0,1.25,local,0.125,608,0.3708068848847259,0.3708068848847259,606,10,9:54;441:48;513:54;702:66;1143:36;2790:96;3006:54;3249:54;3717:66;3861:78,742.5714285714287,54.0,0.2581574516968302,0.2463037690809618,0.2463037690809618,0.2463037690809618,0.3769206924826209,626,7,4:103;441:126;665:104;1141:38;2784:133;3256:46;3714:76,318.0,103.0,0.2297786796864575,0.2284181786100132,0.2284181786100132,0.2284181786100132,10.992815362811836,1.0,7.261598365987432,1.0,7.261598365987432,1.0,7.261598365987432,1.0,0.006113807597894982
0,1.25,local,0.25,1216,0.5518457866212039,0.5518457866212039,1212,18,9:54;441:48;513:54;648:120;1143:36;1647:126;1962:54;2106:54;2790:96;2889:60;3006:54;3096:66;3249:54;3429:42;3717:66;3861:78;4176:120;4563:30,1215.4285714285716,54.0,0.4941536696253527,0.4804607343118755,0.4804607343118755,0.4804607343118755,0.5539477075904162,1236,12,0:107;439:129;665:135;1141:98;1963:50;2106:30;2784:164;3008:134;3249:59;3713:100;3862:106;4174:124,411.57142857142867,106.5,0.4359119407219231,0.437723184438511,0.4369831360430404,0.4478805365417455,11.786157319763735,1.0,8.895118127514422,1.0,9.049147029903393,1.0,6.781032339050974,1.0,0.0021019209692123564
0,1.25,local,0.375,1824,0.687799877368507,0.687799877368507,1824,23,9:108;297:66;441:48;513:54;648:120;783:144;1071:174;1431:54;1647:126;1962:54;2106:54;2304:6;2610:72;2790:96;2889:60;3006:54;3096:66;3249:54;3429:42;3717:66;3861:78;4176:120;4563:108,1326.0000000000002,66.0,0.702334384759765,0.6868944020112386,0.6857496396494951,0.6959592538119965,0.6907081286217513,1838,16,0:117;245:114;438:132;653:230;1078:161;1640:134;1961:52;2106:31;2784:165;3008:150;3248:61;3434:32;3713:102;3861:108;4166:133;4559:116,486.28571428571433,116.5,0.637893237277014,0.6451631130392865,0.6401793496260394,0.681831960081077,9.175280162994326,1.0,6.0753572673997835,1.0,6.64532467661928,1.0,2.0299024193643045,1.0,0.0029082512532443427
0,1.25,local,0.5,2432,0.787271329288808,0.787271329288808,2430,30,9:108;189:90;297:66;441:48;513:54;648:120;783:144;1071:174;1269:78;1431:54;1647:126;1827:66;1962:54;2106:54;2223:90;2610:72;2790:96;2889:60;3006:54;3096:66;3249:54;3429:42;3564:108;3717:66;3789:30;3861:78;4176:120;4347:72;4464:78;4563:108,1664.0000000000005,72.0,0.9272499858041336,0.9023989551691984,0.901254192807455,0.9114638069699564,0.8084529867999872,2527,20,0:117;245:123;438:135;653:273;1078:161;1432:54;1639:135;1832:181;2104:56;2227:88;2604:79;2783:166;3007:152;3248:114;3434:33;3712:108;3861:109;4154:144;4379:162;4559:137,467.57142857142867,129.0,0.8605007185525357,0.8677912998504558,0.8588586844520023,0.9213039099841775,7.198626937018648,1.0,3.8350726273008395,1.0,4.70405671272257,1.0,-1.0795933902118637,0.0,0.021181657511179175
0,1.25,local,0.625,3040,0.862428718460519,0.862428718460519,3036,33,9:108;189:90;297:66;441:48;513:132;648:120;783:144;990:78;1071:174;1269:78;1431:54;1647:246;1962:54;2106:54;2223:90;2457:66;2610:72;2784:102;2889:60;3006:54;3096:66;3168:48;3249:120;3429:42;3564:108;3717:66;3789:36;3861:78;3942:30;4068:228;4347:72;4464:78;4563:174,1706.0,78.0,1.1278445718231138,1.1097630262948022,1.1000845808727884,1.1327375068990346,0.8624799808029765,2964,20,0:118;245:123;438:159;652:276;996:244;1315:170;1639:135;1831:182;2103:57;2226:90;2604:79;2779:171;3006:207;3247:116;3434:158;3703:118;3858:112;4154:145;4376:165;4558:139,265.8571428571429,142.0,0.9860913767213731,0.9995345819856918,0.9825134688898683,1.0672948688927522,12.56850444140566,1.0,9.932610989675272,1.0,10.68746113045609,1.0,5.777387753799845,1.0,5.126234245744765e-05
0,1.25,local,0.75,3648,0.9161250994551138,0.9161250994551138,3648,37,9:108;189:90;297:66;441:48;513:132;648:120;783:180;990:78;1071:174;1269:78;1368:54;1431:174;1647:246;1899:60;1962:54;2034:126;2223:90;2457:66;2556:126;2754:132;2889:60;3006:54;3096:66;3168:48;3249:120;3429:42;3474:66;3564:108;3681:102;3789:36;3861:78;3942:30;4068:228;4347:72;4464:78;4563:174;4779:84,1708.5714285714287,78.0,1.3271514030969114,1.3140080227941902,1.3017972242689255,1.3542492734187106,0.916857337588104,3448,22,0:122;231:137;430:170;625:187;819:135;996:139;1140:206;1387:108;1638:181;1831:183;2103:57;2219:122;2461:222;2778:172;2985:228;3246:118;3434:158;3624:197;3852:118;4148:153;4346:195;4558:140,164.14285714285717,155.5,1.1351886116205117,1.1558471993476584,1.1354727419598591,1.2428295885994385,14.46427220198494,1.0,12.036518857031675,1.0,12.776527650262304,1.0,8.22741329873493,1.0,0.0007322381329901706
0,1.25,local,0.875,4256,0.9606698124971832,0.9606698124971832,4254,36,0:6;9:270;297:66;369:120;495:150;648:126;783:186;990:78;1071:174;1269:78;1368:54;1431:174;1611:282;1899:60;1962:54;2034:186;2223:210;2457:66;2556:126;2754:132;2889:60;2952:210;3168:48;3249:120;3375:96;3474:66;3564:108;3681:102;3789:36;3861:78;3942:30;4068:234;4347:114;4464:78;4545:192;4779:84,1385.4285714285718,105.0,1.4977438103490512,1.4994511486150393,1.4725318882297969,1.5622847624394942,0.9607254450880982,3964,22,0:126;153:215;429:173;620:192;817:144;993:364;1386:220;1638:164;1806:210;2043:127;2210:132;2417:112;2557:138;2777:187;2984:229;3246:152;3432:171;3624:197;3842:129;4062:239;4345:199;4558:144,48.285714285714306,172.0,1.2935340150488135,1.3211956962621447,1.2859046384031414,1.403726790491429,13.634494356724892,1.0,11.888046670779461,1.0,12.673902094643896,1.0,10.149108265030904,1.0,5.563259091501127e-05
0,1.25,hot-cold,0.125,608,0.3135488829220871,0.3135488829220871,606,5,0:96;99:66;171:126;378:222;729:96,155.42857142857144,96.0,0.2099145116609485,0.2082876774091147,0.2052002880092609,0.2114533986181868,0.3344044547029126,636,4,0:149;177:162;379:192;723:133,1.8571428571428612,155.5,0.2070558101274789,0.2113772461052191,0.2087119155559071,0.2431754438048217,1.3618408326561693,1.0,-1.4833180409592472,0.0,-1.7113170652507614,0.0,-15.001908408156716,0.0,0.020855571780825477
0,1.25,hot-cold,0.25,1216,0.5234895315581001,0.5234895315581001,1212,11,0:96;99:66;171:204;378:144;531:144;696:6;729:96;828:96;954:108;1080:144;1476:108,368.0000000000001,108.0,0.424524199967725,0.4229813032172645,0.4206223989567021,0.4288063132725687,0.5245659093775792,1189,8,0:149;156:141;302:150;457:148;609:162;788:154;961:153;1141:132,2.857142857142861,149.5,0.3870396721625368,0.3966604394833031,0.3949722040811358,0.4675264187645255,8.82977408779947,1.0,6.222701460740854,1.0,6.098152390169476,1.0,-9.029742401983842,0.0,0.001076377819479113
0,1.25,hot-cold,0.375,1824,0.6790957666962769,0.6790957666962769,1824,11,0:96;99:66;171:204;378:144;531:294;828:96;954:108;1080:144;1233:420;1674:108;1791:144,200.2857142857143,144.0,0.6098394048369553,0.6131109996813909,0.5936500395317504,0.6316604070781232,0.6879984416386307,1821,11,0:155;156:141;301:154;457:148;609:166;779:163;959:157;1125:136;1268:144;1423:210;1681:247,0.0,155.0,0.5924068521231093,0.6056083447531172,0.5961264746861503,0.6780751867986332,2.858548098987923,1.0,1.2237025485063113,1.0,-0.41715404522724153,0.0,-7.348059052048428,0.0,0.00890267494235375
0,1.25,hot-cold,0.5,2432,0.7838145725427493,0.7838145725427493,2430,16,0:96;99:66;171:204;378:150;531:294;828:96;954:108;1080:144;1233:420;1674:108;1791:144;1944:96;2043:96;2142:144;2304:144;2457:120,292.8571428571429,132.0,0.8145892221874932,0.8176783393568607,0.7980439303645319,0.8494606069267354,0.7969301130483584,2434,16,0:185;186:137;324:156;481:141;623:153;777:138;916:145;1067:198;1268:141;1411:148;1562:168;1739:146;1898:141;2100:156;2268:145;2431:136,0.0,145.5,0.791827719971251,0.8120954230993216,0.8062559787288116,0.8881346319181258,2.7942307111698095,1.0,0.6827765869315217,1.0,-1.0290220941256534,0.0,-4.552774393071535,0.0,0.013115540505609036
0,1.25,hot-cold,0.625,3040,0.860658998458213,0.860658998458213,3036,20,0:96;99:66;171:204;378:144;531:294;828:96;927:24;954:270;1233:420;1674:108;1791:144;1944:96;2043:96;2142:144;2304:144;2457:120;2592:84;2682:144;2844:198;3213:144,427.7142857142858,144.0,1.0228134702559435,1.028944410587049,1.002337358118646,1.052933166797407,0.864934482840213,2964,19,0:185;186:137;324:156;481:141;623:153;777:138;916:145;1066:199;1268:169;1439:170;1611:137;1750:138;1891:202;2097:189;2296:149;2446:136;2592:143;2740:138;2902:139,0.0,145.0,0.964247067376659,0.987988803631734,0.9774431139962784,1.0678892481397944,5.726010126228509,1.0,3.9803517599117377,1.0,2.483619304491791,1.0,-1.4204207649643807,0.0,0.004275484381999983
0,1.25,hot-cold,0.75,3648,0.9160824631868916,0.9160824631868916,3648,24,0:96;99:66;171:204;378:144;531:294;828:96;927:24;954:270;1233:420;1674:108;1791:144;1944:96;2043:96;2142:144;2304:144;2457:120;2592:84;2682:360;3051:144;3213:144;3402:126;3546:96;3654:84;3744:144,526.2857142857143,135.0,1.2300081982947322,1.236090319233866,1.2029269005118406,1.258207163294711,0.9226134946654884,3531,22,0:185;186:175;362:170;533:243;777:138;916:145;1064:217;1282:155;1438:171;1611:137;1750:140;1891:202;2097:193;2296:149;2446:136;2592:143;2739:147;2902:139;3058:142;3218:135;3398:131;3655:138,3.857142857142861,146.0,1.1490201615716982,1.1763471666567389,1.159990940791221,1.262573330902978,6.584349342981188,1.0,4.833235213277631,1.0,3.569290844052997,1.0,-0.3470150016340767,0.0,0.006531031478596794
0,1.25,hot-cold,0.875,4256,0.958999043535764,0.958999043535764,4254,26,0:96;99:66;171:204;378:150;531:294;828:96;927:24;954:276;1233:420;1656:126;1791:144;1944:96;2043:96;2142:144;2304:150;2457:120;2592:84;2682:360;3051:144;3213:186;3402:126;3546:96;3654:84;3744:144;3906:96;4077:432,547.1428571428572,135.0,1.428865568954756,1.4399401720102825,1.392970225410259,1.4969668330310997,0.9598104005839224,4033,24,0:185;186:346;533:243;777:169;947:177;1125:156;1282:155;1438:171;1610:139;1750:140;1891:150;2042:171;2214:157;2373:164;2539:177;2720:145;2866:180;3054:154;3212:146;3363:143;3509:136;3655:140;3801:151;4084:138,0.0,155.5,1.3120136378981329,1.3420052826538955,1.3187400112212897,1.5007101503723024,8.177951347942603,1.0,6.80131655884434,1.0,5.328916069767886,1.0,-0.2500601388491175,0.0,0.0008113570481583787
0,1.44,random,0.125,608,0.1781229488871074,0.1781229488871074,606,8,900:6;1422:96;1728:96;1998:66;3198:6;3681:84;3987:144;4185:108,482.0,90.0,0.2367474461918549,0.2340314509725985,0.2340314509725985,0.2340314509725985,0.1840556719622723,665,5,1478:153;1933:134;3598:133;4000:129;4188:116,27.428571428571445,133.0,0.2185911678552734,0.2235906367390745,0.2232957737065042,0.2352328615707321,7.669049288019791,1.0,4.461286801467745,1.0,4.587279710260517,1.0,-0.5133543347018987,0.0,0.005932723075164903
0,1.44,random,0.25,1216,0.3223185520564859,0.3223185520564859,1212,12,1134:144;1422:96;1548:84;1728:96;1926:24;1998:66;2943:144;3168:126;3357:96;3681:84;3987:144;4185:108,433.7142857142858,96.0,0.4299236531104271,0.4248474680878026,0.4248474680878026,0.4248474680878026,0.3265120707508411,1232,9,1428:203;1712:121;1933:134;2944:160;3173:121;3342:115;3598:133;4000:129;4188:116,75.00000000000003,129.0,0.406956072184371,0.4149982617599024,0.4121016660870058,0.4316808568713277,5.342246410470642,1.0,2.3182923443631487,1.0,3.000088963261194,1.0,-1.6084334488990937,0.0,0.004193518694355192
0,1.44,random,0.375,1824,0.4633777893494897,0.4633777893494897,1824,17,297:126;495:84;1134:144;1422:96;1548:84;1728:96;1881:84;1998:66;2115:96;2331:126;2943:144;3168:126;3357:96;3681:84;3987:144;4185:108;4680:120,496.0,96.0,0.6341369439791147,0.6263066702367538,0.6263066702367538,0.6263066702367538,0.468371839438583,1847,13,286:134;1111:148;1419:212;1712:121;1933:134;2327:131;2944:160;3173:126;3342:115;3570:161;3976:153;4188:116;4665:136,67.00000000000003,134.0,0.6063702543489097,0.6194013045160074,0.6151344629858724,0.6664493762551508,4.378658252580769,1.0,1.1025534373019008,1.0,1.7838237690584013,1.0,-6.409432938535109,0.0,0.004994050089093316
0,1.44,random,0.5,2432,0.5965407518101603,0.5965407518101603,2430,23,9:126;297:126;495:84;855:66;1134:144;1422:96;1548:84;1728:96;1881:84;1998:66;2115:96;2331:126;2484:78;2772:96;2943:144;3168:126;3357:96;3564:96;3681:84;3789:144;3987:144;4185:108;4680:120,708.2857142857144,96.0,0.848723156402662,0.8365884053765255,0.8365884053765255,0.8365884053765255,0.6240354053700332,2560,18,0:136;286:139;477:146;1111:148;1386:138;1547:127;1712:123;1933:134;2115:132;2406:154;2944:160;3173:137;3342:140;3569:202;3790:121;3976:153;4170:134;4665:136,38.14285714285717,137.5,0.8359520103315513,0.8559623372036254,0.8523719461599751,0.9150758851710504,1.5047481590159006,1.0,-2.315826002678123,0.0,-1.886655454703079,0.0,-9.381851253269513,0.0,0.027494653559872906
0,1.44,random,0.625,3040,0.7177628439743222,0.7177628439743222,3036,27,9:126;297:126;495:84;612:132;900:228;1134:144;1314:204;1548:84;1647:78;1728:96;1881:84;1998:66;2115:96;2331:126;2484:78;2772:96;2880:30;2943:144;3168:126;3357:96;3564:96;3681:84;3789:144;3987:144;4185:108;4545:96;4680:120,804.0000000000001,96.0,1.0537312084687205,1.046769578636914,1.0410804565967338,1.055058901634178,0.7179555506712381,3009,20,0:136;286:139;477:146;900:166;1111:166;1318:138;1478:153;1660:173;1877:130;2024:184;2406:154;2769:141;2944:160;3173:137;3342:140;3569:202;3790:121;3976:153;4170:134;4665:136,19.571428571428584,143.5,0.9804945439311444,1.0044110298914772,0.9963225321941072,1.1044012146830444,6.950222594621957,1.0,4.046597227309123,1.0,4.299180156444315,1.0,-4.676735391023201,0.0,0.0001927066969158453
0,1.44,random,0.75,3648,0.8250789633689466,0.8250789633689466,3648,33,9:126;297:126;495:84;612:132;765:114;900:228;1134:144;1314:204;1548:84;1647:78;1728:96;1881:84;1998:66;2115:96;2223:78;2331:126;2484:78;2601:120;2772:96;2880:48;2943:222;3168:126;3357:96;3465:96;3564:96;3681:84;3789:144;3969:12;3987:144;4185:108;4302:96;4545:96;4680:120,1079.142857142857,96.0,1.275434032343117,1.2666495300188014,1.2578730185787674,1.2781045742251378,0.8340253949214542,3627,24,0:136;286:139;477:146;652:138;859:210;1104:173;1318:138;1478:153;1660:173;1877:130;2024:141;2181:135;2327:236;2769:141;2944:164;3173:145;3342:140;3529:133;3667:134;3829:136;3976:153;4150:154;4544:145;4694:134,8.428571428571445,141.0,1.1806264499503818,1.210755719148969,1.2006147434797865,1.2911386609105282,7.433358369665188,1.0,4.412728978709901,1.0,4.551991675890732,1.0,-1.0197981407970902,0.0,0.008946431552507628
0,1.44,random,0.875,4256,0.921226540792864,0.921226540792864,4254,33,9:126;153:426;612:132;765:114;900:228;1134:144;1314:204;1548:84;1647:78;1728:96;1827:138;1998:66;2070:42;2115:96;2223:78;2331:126;2484:78;2601:120;2772:96;2880:48;2943:222;3168:186;3357:96;3465:96;3564:96;3681:84;3789:192;3987:306;4302:96;4428:96;4545:96;4680:120;4815:48,1028.5714285714287,96.0,1.468422432195856,1.4656234025145043,1.4355126834237957,1.501944509697834,0.9235385510408296,4163,26,0:212;286:139;477:152;652:138;799:132;961:162;1135:143;1318:142;1472:159;1659:176;1877:130;2024:141;2181:135;2327:236;2599:123;2750:160;2944:164;3138:209;3352:140;3529:242;3790:122;3918:140;4071:156;4237:170;4468:133;4617:207,34.285714285714306,147.5,1.3571222819284654,1.3903966371860133,1.3697273167656434,1.4944579421938635,7.579573004816753,1.0,5.132748644667373,1.0,4.582708841084548,1.0,0.49845832889503505,1.0,0.002312010247965568
0,1.44,local,0.125,608,0.3744512654998465,0.3744512654998465,606,10,0:42;153:30;648:120;1755:66;1962:48;2232:48;2673:96;3249:48;3681:42;3933:66,742.5714285714287,48.0,0.2581574516968302,0.2506680626906641,0.2506680626906641,0.2506680626906641,0.4019138211321758,734,7,3:183;1743:120;1959:52;2231:152;3249:48;3679:44;3935:135,275.42857142857144,120.0,0.2614152816132101,0.2619889405005181,0.2602255439331858,0.2814681716980095,-1.261954630775386,0.0,-4.516282484627676,0.0,-3.8128037293351014,0.0,-12.287209099052276,0.0,0.0274625556323293
0,1.44,local,0.25,1216,0.5718958625914803,0.5718958625914803,1212,19,0:42;72:114;297:42;648:120;1755:66;1827:60;1962:48;2097:54;2232:48;2349:48;2529:66;2673:96;2934:66;3249:48;3681:42;3933:66;4032:96;4644:54;4797:36,1350.2857142857144,54.0,0.5052342865095065,0.4882234849823302,0.4882234849823302,0.4882234849823302,0.5727278318049276,1298,11,0:187;299:30;631:135;1743:135;1959:62;2230:154;2535:60;2666:110;3247:98;3668:133;3935:194,316.1428571428572,133.0,0.4482408061745891,0.4522578196441733,0.4482974044027877,0.4770193201784956,11.280604237821269,1.0,7.366639755041405,1.0,8.177828762372519,1.0,2.294884442980072,1.0,0.0008319692134473033
0,1.44,local,0.375,1824,0.7072474037440977,0.7072474037440977,1824,28,0:42;72:114;297:42;378:84;648:120;810:78;1098:6;1359:78;1737:84;1827:60;1962:48;2097:66;2232:48;2349:48;2457:36;2529:66;2673:96;2934:66;3042:90;3249:48;3312:66;3420:78;3681:42;3762:66;3933:66;4032:96;4644:54;4797:36,1952.0,66.0,0.7537700449148096,0.7270894288851095,0.7270894288851095,0.7270894288851095,0.70810533420011,1921,14,0:187;299:161;628:140;1743:140;1959:196;2229:169;2463:132;2635:141;2918:81;3213:134;3668:135;3933:219;4643:53;4797:33,241.2857142857143,140.0,0.6447641878507606,0.6572704680849181,0.6490374296853079,0.6927786254880096,14.46142066793974,1.0,9.602527285708051,1.0,10.734855452304338,1.0,4.718924802649205,1.0,0.0008579304560123457
0,1.44,local,0.5,2432,0.7986123518977246,0.7986123518977246,2430,33,0:42;72:114;297:42;378:84;648:120;810:78;1035:78;1359:78;1485:96;1737:84;1827:60;1962:48;2016:66;2097:66;2232:48;2286:60;2349:48;2457:36;2529:66;2601:168;2934:66;3042:90;3159:138;3303:78;3420:78;3681:42;3762:66;3933:66;4032:96;4266:108;4518:30;4644:54;4797:36,2056.5714285714284,66.0,0.9595058493609712,0.9310684230036343,0.9301664890216548,0.9410413029819692,0.7992175511509026,2432,18,0:214;298:171;628:141;813:77;1304:135;1742:144;1958:201;2229:169;2463:145;2635:141;2918:86;3042:152;3212:135;3419:77;3668:135;3933:219;4641:55;4795:35,344.28571428571433,141.0,0.8194655202155512,0.8301570937683619,0.8199698650744621,0.8721198293587727,14.595046944079238,1.0,10.838229150735422,1.0,11.846978497698512,1.0,7.323958407011277,1.0,0.0006051992531780348
0,1.44,local,0.625,3040,0.8719736636952906,0.8719736636952906,3036,38,0:42;66:120;189:48;297:42;378:84;486:96;594:174;810:78;909:78;1035:78;1287:48;1359:78;1485:96;1737:84;1827:60;1962:48;2016:66;2097:66;2232:48;2286:60;2349:48;2457:36;2529:66;2601:168;2934:66;3042:90;3159:138;3303:78;3420:78;3537:186;3762:66;3933:66;4032:96;4131:36;4266:174;4491:60;4644:54;4797:36,2254.2857142857138,66.0,1.1728947917398325,1.1422301406052002,1.137408262778462,1.1771429530899815,0.8726471195483934,3016,17,0:215;297:205;628:262;1029:90;1304:135;1741:145;1958:201;2218:265;2533:260;2918:215;3159:188;3417:135;3639:188;3933:220;4269:167;4638:61;4795:64,189.57142857142858,188.0,0.9967399311163272,1.0126809911753631,0.9809861059880997,1.0582588877023134,15.0188117352114,1.0,11.341772977659003,1.0,13.752507512848045,1.0,10.099373663631884,1.0,0.0006734558531027446
0,1.44,local,0.75,3648,0.9252897422874864,0.9252897422874864,3648,43,0:42;54:132;189:48;297:42;378:84;486:96;594:174;810:78;909:78;1035:78;1116:66;1287:48;1359:78;1485:96;1647:66;1737:84;1827:60;1908:102;2016:66;2097:66;2178:102;2286:60;2349:48;2403:48;2457:36;2529:66;2601:168;2772:42;2844:156;3042:90;3159:138;3303:78;3420:78;3537:186;3726:102;3834:54;3933:66;4032:96;4131:36;4266:174;4491:60;4554:144;4797:36,2346.8571428571427,78.0,1.379596526230809,1.3528907931752785,1.347652638126088,1.399303623066691,0.9277770613492928,3522,18,0:229;297:289;628:262;1029:142;1304:135;1470:107;1741:145;1957:202;2218:265;2533:261;2918:216;3158:276;3471:118;3639:214;3932:231;4269:168;4503:193;4790:69,110.57142857142858,208.0,1.154860528247124,1.1753730469297372,1.132577435810415,1.2133643952628466,16.28997998405268,1.0,13.12136553379164,1.0,15.959246190823716,1.0,13.287983018034577,1.0,0.0024873190618064367
0,1.44,local,0.875,4256,0.9655004644775834,0.9655004644775834,4254,43,0:42;54:132;189:48;243:96;342:126;486:96;594:174;774:114;909:78;1035:78;1116:66;1188:66;1287:48;1359:78;1440:42;1485:96;1647:66;1737:84;1827:60;1908:174;2097:66;2178:168;2349:48;2403:90;2529:66;2601:168;2772:42;2844:156;3006:126;3159:138;3303:78;3384:114;3501:222;3726:102;3834:96;3933:66;4005:24;4032:96;4131:36;4212:228;4491:60;4554:144;4707:156,1924.2857142857144,90.0,1.5420193261192083,1.5278218703027564,1.516478315990934,1.5945274028252368,0.9660429806726964,3973,20,0:234;295:291;625:220;856:130;1028:149;1283:157;1449:135;1648:240;1937:257;2215:280;2531:279;2894:242;3158:146;3305:140;3471:122;3638:246;3930:235;4257:181;4492:207;4777:82,70.57142857142858,213.5,1.2982930096513443,1.3257167184413108,1.2780298499581753,1.386915606577549,15.805659004368556,1.0,13.228319072392647,1.0,15.723829580573067,1.0,13.020271453462273,1.0,0.0005425161951130297
0,1.44,hot-cold,0.125,608,0.3279992494331701,0.3279992494331701,606,5,18:252;315:144;477:66;603:78;927:66,194.57142857142858,78.0,0.2131307076633406,0.2101383042943342,0.2058367729956614,0.2115068066794231,0.3381174634973628,634,4,1:214;234:162;418:132;609:126,11.714285714285722,147.0,0.2072150890520714,0.2120440523055579,0.2086213284765065,0.2266131462050155,2.775582494012774,1.0,-0.906901774820823,0.0,-1.3527978700403454,0.0,-7.142247458961837,0.0,0.010118214064192721
0,1.44,hot-cold,0.25,1216,0.5255150981671874,0.5255150981671874,1212,8,18:276;315:144;477:66;603:78;693:144;846:252;1197:108;1359:144,152.57142857142858,144.0,0.4068233840129538,0.4082382216512962,0.3986638455348956,0.4112144683870706,0.5318814367498136,1187,8,1:173;178:132;315:142;465:177;650:151;818:142;961:136;1201:134,3.7142857142857224,142.0,0.3864594607654114,0.3963081235342097,0.3937237357781523,0.4262160956927006,5.005593102016482,1.0,2.9223373717507495,1.0,1.2391667345994395,1.0,-3.6481273055570584,0.0,0.006366338582626141
0,1.44,hot-cold,0.375,1824,0.6798976722544968,0.6798976722544968,1824,12,0:312;315:156;477:66;549:132;693:144;846:252;1107:78;1197:108;1359:144;1521:144;1701:144;1872:144,155.42857142857144,144.0,0.6061536911699804,0.6113746818603664,0.5999270582429308,0.6352598862406833,0.6928959974959549,1847,12,1:173;178:157;336:161;500:144;650:171;826:199;1038:135;1193:152;1357:141;1518:146;1691:133;1873:135,1.8571428571428612,149.0,0.6010177529726659,0.6135595584244152,0.6079340342932209,0.6811273622488024,0.8472996654365406,1.0,-0.35737112263145576,0.0,-1.3346582622462355,0.0,-7.220269530876866,0.0,0.012998325241458053
0,1.44,hot-cold,0.5,2432,0.7844812556788585,0.7844812556788585,2430,15,0:312;315:144;477:66;549:132;693:144;846:252;1107:78;1197:306;1521:144;1701:144;1872:264;2160:60;2232:144;2394:144;2583:96,242.2857142857143,144.0,0.8104339908559356,0.8171833469102895,0.7948778257405591,0.8418094542839851,0.8026261676900207,2461,15,0:154;155:157;313:147;461:183;647:176;826:203;1030:155;1193:158;1357:178;1538:141;1691:193;1899:165;2092:169;2275:147;2479:135,0.0,158.0,0.8006113471032246,0.8183512572693985,0.8065856441070343,0.9409805528090578,1.2120226771753395,1.0,-0.14291901120169204,0.0,-1.472907909535337,0.0,-11.78070619430429,0.0,0.018144912011162195
0,1.44,hot-cold,0.625,3040,0.8676498784547386,0.8676498784547386,3036,15,0:312;315:228;549:132;693:144;840:258;1107:78;1197:672;1872:264;2160:216;2394:144;2583:96;2700:108;2817:144;2970:144;3141:96,164.2857142857143,144.0,1.0011687059186771,1.0141578715486437,0.9706222120338508,1.0350961727182195,0.8771628904638104,3039,19,0:154;155:157;313:147;461:184;647:168;816:213;1030:161;1193:181;1376:150;1527:143;1672:189;1863:136;2001:146;2150:158;2312:145;2463:134;2604:149;2766:169;2944:155,0.8571428571428612,155.0,0.9887164592818286,1.0102645702863775,0.998313945025146,1.159778717106402,1.2437710610842867,1.0,0.3838949902662647,1.0,-2.852987768873505,0.0,-12.045503371996746,0.0,0.00951301200907173
0,1.44,hot-cold,0.75,3648,0.9213819362124636,0.9213819362124636,3648,19,0:312;315:228;549:132;693:144;840:258;1107:78;1197:672;1872:264;2160:216;2394:186;2583:96;2700:108;2817:144;2970:144;3141:96;3240:216;3474:108;3645:126;3789:120,214.8571428571429,144.0,1.20441948557497,1.2204839826492435,1.17247334299309,1.252230418300093,0.9320766868871204,3624,22,0:154;155:305;461:174;636:179;816:213;1030:161;1193:142;1336:190;1527:143;1671:190;1863:136;2001:146;2150:158;2312:148;2463:134;2601:133;2737:149;2892:153;3060:182;3247:132;3410:170;3638:132,8.428571428571445,153.5,1.1796504913801624,1.2064992422999612,1.1868185802829152,1.3486305924682551,2.056508923299527,1.0,1.1458356314456797,1.0,-1.2235022122724537,0.0,-7.698277630008832,0.0,0.010694750674656861
0,1.44,hot-cold,0.875,4256,0.9611344752686536,0.9611344752686536,4254,21,0:312;315:228;549:132;684:6;693:144;840:258;1107:78;1197:672;1872:264;2142:438;2583:96;2700:108;2817:144;2970:144;3141:96;3240:216;3474:168;3645:126;3807:396;4212:120;4365:108,343.7142857142858,144.0,1.4121507400956086,1.4336656233472012,1.367269406366075,1.4754517693420175,0.9638440705210218,4099,21,0:635;636:179;816:213;1030:140;1171:164;1336:190;1527:143;1671:161;1833:171;2005:209;2216:151;2368:180;2549:147;2699:189;2892:164;3060:184;3247:207;3463:153;3623:147;3791:232;4058:140,0.0,171.0,1.3334847264429572,1.3628211245800177,1.3201989623033836,1.5055164795595195,5.5706527227628255,1.0,4.9414938611544335,1.0,3.4426605205623018,1.0,-2.037661334799812,0.0,0.0027095952523682465
0,2.48,random,0.125,608,0.2186768005012969,0.2186768005012969,606,9,1107:30;1953:48;2079:108;2628:66;4194:84;4320:66;4437:48;4563:60;4662:96,607.7142857142858,66.0,0.2470768348126763,0.237980298224939,0.237980298224939,0.237980298224939,0.2263737259926614,708,5,1852:148;2079:106;2636:101;4320:158;4563:195,62.71428571428572,148.0,0.2354791789405486,0.2396323602284834,0.237047972472426,0.2671498245511523,4.693947079628325,1.0,-0.6942011653346514,0.0,0.39176594006608,1.0,-12.257118149605105,0.0,0.007696925491364498
0,2.48,random,0.25,1216,0.3791454701094236,0.3791454701094236,1212,16,27:108;657:90;1026:108;1476:84;1953:48;2079:108;2628:66;2916:66;3609:66;3753:30;3825:84;4194:84;4320:66;4437:48;4563:60;4662:96,945.7142857142858,75.0,0.471992435857045,0.4547987964608292,0.4547987964608292,0.4547987964608292,0.3988553407739472,1387,10,624:124;1024:110;1478:138;1852:148;2067:119;2624:113;3765:140;4155:122;4320:172;4557:201,86.2857142857143,131.0,0.4583078956999187,0.4674815350083073,0.4640877193197039,0.491063587126251,2.899313446046625,1.0,-2.788648221185519,0.0,-2.0424246790359923,0.0,-7.973809725889458,0.0,0.019709870664523566
0,2.48,random,0.375,1824,0.523710084127848,0.523710084127848,1824,22,27:108;189:48;297:84;441:108;657:90;1026:108;1170:96;1476:84;1845:72;1953:48;2079:108;2412:144;2628:66;2727:12;2916:66;3627:144;3825:84;4194:84;4320:66;4437:48;4563:60;4662:96,1161.1428571428573,84.0,0.6887888001365514,0.6702178924212523,0.6702178924212523,0.6702178924212523,0.5257712574578037,1897,14,10:124;194:148;624:124;1109:153;1478:138;1852:148;2067:125;2624:113;2915:38;3626:147;3827:144;4155:122;4320:172;4557:201,163.14285714285717,141.0,0.6305358652258366,0.6426207033682975,0.6387874839448835,0.6972039574198547,8.45729995887945,1.0,4.117644331048265,1.0,4.689580632176538,1.0,-4.026461439444962,0.0,0.002061173329955701
0,2.48,random,0.5,2432,0.650558091135644,0.650558091135644,2430,27,27:108;189:90;297:84;441:108;657:90;810:72;1026:108;1170:96;1287:66;1476:84;1575:96;1845:72;1953:48;2079:108;2412:144;2628:66;2727:144;2916:66;3456:126;3627:144;3825:84;3915:72;4194:84;4320:66;4437:48;4563:60;4662:96,1238.5714285714287,84.0,0.8922943956759449,0.8677477972821779,0.8677477972821779,0.8677477972821779,0.653973371923908,2480,18,10:124;194:148;436:128;624:124;1024:110;1201:152;1478:138;1852:148;2067:125;2417:135;2624:113;2820:133;3463:116;3626:147;3827:144;4155:122;4320:172;4557:201,118.71428571428575,134.0,0.8165466475296542,0.8319831879973072,0.8281904399705204,0.8868475954642321,8.489098274444395,1.0,4.121544231732644,1.0,4.558623765517211,1.0,-2.2010771150184016,0.0,0.00341528078826403
0,2.48,random,0.625,3040,0.7680164904612434,0.7680164904612434,3036,34,27:108;189:90;297:84;441:108;657:90;810:72;1026:108;1170:96;1287:66;1476:84;1575:96;1719:78;1845:72;1953:48;2079:108;2205:66;2286:84;2412:144;2628:66;2727:144;2916:66;3051:90;3348:84;3456:126;3627:144;3825:84;3915:72;4059:108;4194:84;4320:66;4392:24;4437:48;4491:132;4662:96,1576.5714285714287,84.0,1.1172099967203135,1.0885458257470657,1.0885458257470657,1.0885458257470657,0.7851080921329506,3127,22,10:140;194:148;374:175;624:124;809:70;1024:110;1173:180;1478:192;1852:148;2067:167;2288:148;2463:122;2624:133;2820:133;3032:137;3463:190;3672:114;3827:144;4155:127;4320:131;4462:159;4642:135,149.71428571428575,138.5,1.0295755125039765,1.048778624580991,1.0408635757263094,1.1288243094487365,7.844047625208972,1.0,3.653240885727771,1.0,4.380362212866151,1.0,-3.700210202361287,0.0,0.0170916016717072
0,2.48,random,0.75,3648,0.8627716289610811,0.8627716289610811,3648,38,27:108;189:90;297:84;387:162;558:84;657:90;810:72;900:96;1026:108;1170:96;1287:66;1386:78;1476:84;1575:96;1719:78;1845:72;1953:48;2079:108;2205:66;2286:84;2412:282;2727:144;2916:66;3051:186;3348:84;3456:126;3591:30;3627:144;3825:84;3915:72;4059:108;4194:84;4320:66;4392:42;4437:48;4491:132;4662:96;4770:84,1720.2857142857144,84.0,1.328113914309306,1.3002658544319683,1.2924606565109895,1.3181119808758737,0.8710108045201812,3636,24,10:140;194:150;374:133;518:149;699:180;1024:110;1173:180;1399:136;1557:237;1852:148;2067:169;2288:148;2443:142;2623:134;2820:133;3032:137;3354:130;3498:155;3672:116;3827:144;4062:166;4259:154;4425:196;4642:149,53.14285714285717,148.0,1.1872283013864,1.2132162476721082,1.201612520096253,1.3396229494654186,10.607946457377071,1.0,6.694754496793919,1.0,7.029083319254137,1.0,-1.6319530435685126,0.0,0.008239175559100143
0,2.48,random,0.875,4256,0.9411056122263112,0.9411056122263112,4254,40,27:252;297:84;387:162;558:84;657:144;810:72;900:96;1026:108;1170:96;1287:66;1386:78;1476:84;1575:96;1674:42;1719:78;1800:42;1845:72;1953:48;2007:180;2205:66;2286:84;2376:318;2727:144;2916:66;2988:54;3051:186;3249:96;3348:84;3456:126;3591:228;3825:84;3915:138;4059:108;4194:84;4320:66;4392:42;4437:48;4491:132;4626:132;4770:84,1678.5714285714287,84.0,1.5218300665421485,1.5034067563796147,1.4851252483602555,1.5431020619903328,0.9420429141752772,4112,26,4:151;194:164;373:134;517:150;699:180;979:155;1173:180;1399:136;1557:137;1719:152;1880:157;2066:126;2207:134;2353:133;2504:162;2687:200;2915:172;3098:137;3344:140;3498:187;3712:156;3884:136;4062:172;4259:154;4422:200;4642:207,12.428571428571445,154.5,1.3387350811677083,1.367826637279271,1.350753489530641,1.5293792806199686,12.031237218913837,1.0,9.018192749568133,1.0,9.047840172266675,1.0,0.8892983625894635,1.0,0.0009373019489660184
0,2.48,local,0.125,608,0.5303735503623317,0.5303735503623317,606,11,189:18;1557:84;1746:12;2358:60;3357:60;3492:108;3663:60;4131:54;4401:84;4563:48;4707:18,877.4285714285716,60.0,0.269238068580984,0.2639802069363918,0.2639802069363918,0.2639802069363918,0.5363919170142302,619,10,183:25;1551:96;1745:29;2342:75;3358:59;3485:116;3653:71;4132:49;4404:81;4709:18,729.5714285714287,65.0,0.2613184528141879,0.2580902634061393,0.2580902634061393,0.2580902634061393,2.941491821173836,1.0,2.2312064978688873,1.0,2.2312064978688873,1.0,2.2312064978688873,1.0,0.006018366651898477
0,2.48,local,0.25,1216,0.712771436370107,0.712771436370107,1212,21,189:18;432:144;675:54;1008:12;1440:54;1557:84;1746:30;1908:84;2079:24;2358:60;2997:30;3357:60;3492:108;3609:114;3861:48;4131:54;4266:42;4401:84;4563:48;4707:18;4788:42,1629.1428571428573,54.0,0.5281467485411466,0.5214762356114259,0.5214762356114259,0.5214762356114259,0.715823380115175,1249,15,183:30;431:140;675:53;1460:187;1743:35;2338:82;3357:157;3545:181;3878:32;4128:67;4266:38;4392:93;4549:62;4672:57;4789:35,899.4285714285717,62.0,0.4802261651399623,0.4793153807913666,0.4757596795162541,0.5048868936065526,9.073346287476191,1.0,8.084904342884592,1.0,8.766757327219244,1.0,3.1812268464012416,1.0,0.0030519437450680087
0,2.48,local,0.375,1824,0.8205210784391637,0.8205210784391637,1824,29,189:18;279:66;432:144;675:54;747:30;846:48;999:24;1170:126;1440:54;1503:138;1746:30;1908:84;2079:24;2223:30;2304:114;2529:12;2997:30;3357:60;3420:180;3609:114;3861:48;3933:60;4131:54;4266:42;4401:84;4563:48;4653:48;4707:18;4788:42,2144.285714285714,48.0,0.7695693143280203,0.7669652925761399,0.7655777018346326,0.77516721079567,0.8265194092127164,1779,21,177:39;278:64;410:164;656:118;1002:22;1442:206;1743:35;1906:86;2080:24;2221:31;2338:83;3000:23;3353:162;3542:189;3862:128;4124:72;4266:40;4387:100;4546:66;4659:83;4787:44,1234.5714285714287,72.0,0.6801827235731509,0.6804633517047172,0.6748725173420606,0.7123416472419961,11.615144872677362,1.0,11.27846875324352,1.0,11.847939702946665,1.0,8.104775676616482,1.0,0.005998330773552718
0,2.48,local,0.5,2432,0.8814296787882469,0.8814296787882469,2430,31,99:108;279:66;360:216;621:108;747:30;873:84;999:24;1170:126;1314:78;1440:54;1503:138;1647:78;1746:30;1908:84;2079:24;2223:30;2304:114;2529:48;2997:30;3357:60;3420:180;3609:114;3861:48;3933:60;4041:144;4266:42;4401:84;4509:102;4653:48;4707:36;4788:42,1889.1428571428573,66.0,0.9457489817886956,0.9392711114477734,0.935038959686176,0.9514709352436456,0.8861359795966207,2383,20,175:41;272:114;409:165;623:151;876:147;1170:128;1441:245;1743:36;1906:86;2079:36;2221:31;2312:109;2941:89;3348:167;3542:190;3861:134;4123:74;4263:43;4387:225;4659:172,697.2857142857144,121.0,0.832529317298238,0.8411337639454365,0.8291426672875771,0.9043547660823346,11.971428642336491,1.0,10.448245060051942,1.0,11.325334768311734,1.0,4.951929419603962,1.0,0.0047063008083738644
0,2.48,local,0.625,3040,0.926566827682944,0.926566827682944,3036,36,27:180;279:66;360:216;621:108;747:30;873:84;999:24;1026:132;1170:126;1314:78;1440:54;1503:138;1647:78;1746:30;1908:84;2079:24;2106:66;2223:30;2304:114;2529:48;2664:30;2916:66;2997:30;3141:66;3303:114;3420:180;3609:114;3861:48;3933:60;4041:222;4266:42;4365:120;4509:102;4653:48;4707:42;4788:42,2080.571428571429,66.0,1.1586214547365157,1.1542497177823925,1.1455425858794337,1.1778171810068665,0.9265843608323748,2868,21,94:122;264:123;409:166;622:153;854:171;1170:129;1438:250;1713:106;1906:88;2078:85;2221:32;2312:145;2529:49;2927:103;3307:209;3542:190;3860:135;4056:140;4239:68;4380:232;4659:172,443.57142857142867,135.0,0.9694627018428807,0.982982181505566,0.9677129017208956,1.039858404865908,16.326191105847588,1.0,14.837996807647047,1.0,15.523620540219207,1.0,11.713089125005228,1.0,1.7533149430870587e-05
0,2.48,local,0.75,3648,0.9610955177214244,0.9610955177214244,3648,41,9:336;360:252;621:108;747:30;837:120;963:60;1026:132;1170:126;1314:78;1440:54;1503:138;1647:78;1740:36;1782:48;1908:84;2007:96;2106:66;2223:30;2304:114;2421:42;2529:48;2664:30;2817:84;2916:66;2997:30;3141:66;3240:48;3303:114;3420:186;3609:114;3726:30;3780:78;3861:48;3933:60;4041:222;4266:42;4365:120;4509:102;4653:48;4707:42;4788:42,2340.8571428571427,66.0,1.379103532682997,1.370617132487603,1.3538966640524397,1.3881359405610592,0.9638016968377412,3432,22,40:176;264:135;409:166;622:153;854:218;1120:271;1438:251;1711:108;1889:105;2078:175;2311:146;2529:70;2664:21;2922:122;3141:119;3307:209;3539:197;3860:135;4041:156;4239:84;4377:240;4657:175,315.0,154.5,1.1423787655909945,1.159958851957475,1.1341091927688112,1.2479921666866514,17.16511933164748,1.0,15.36959341430335,1.0,16.233696198480008,1.0,10.095824895778161,1.0,0.0027061791163167648
0,2.48,local,0.875,4256,0.981786929634529,0.981786929634529,4254,42,9:336;348:264;621:108;747:30;837:120;963:60;1026:132;1170:222;1422:78;1503:138;1647:78;1740:90;1836:156;2007:96;2106:66;2187:66;2259:42;2304:114;2421:42;2475:102;2583:42;2664:30;2817:84;2916:66;2997:30;3033:96;3141:66;3240:48;3303:114;3420:186;3609:114;3726:30;3780:78;3861:48;3915:78;4005:258;4266:42;4311:174;4491:120;4617:84;4707:42;4752:84,2065.1428571428573,84.0,1.553592936551174,1.545910633588517,1.522599109131194,1.5846116362855138,0.9818704612691408,3842,22,13:204;264:136;408:204;620:156;845:229;1119:272;1438:253;1710:112;1877:121;2049:205;2305:153;2528:163;2820:31;2886:158;3140:148;3306:212;3538:214;3824:174;4026:172;4226:97;4376:253;4657:175,178.42857142857144,173.0,1.2645382980041022,1.2887741303067153,1.2536507396623109,1.398240324854644,18.605558235141384,1.0,16.633335569010978,1.0,17.663767688813824,1.0,11.761324173268262,1.0,8.35316346118331e-05
0,2.48,hot-cold,0.125,608,0.4403085623895837,0.4403085623895837,606,6,0:156;171:66;252:96;360:96;612:66;774:126,224.2857142857143,96.0,0.2155721995191711,0.211667396216343,0.2112511189938908,0.2231674136229747,0.4441345388393384,592,5,0:130;176:134;329:132;617:61;765:135,82.42857142857144,132.0,0.1993619501682134,0.2030215863710311,0.2030215863710311,0.2030215863710311,7.519638147736252,1.0,4.0846204941620385,1.0,3.89561610942174,1.0,9.027226208741446,1.0,0.0038259764497546866
0,2.48,hot-cold,0.25,1216,0.6623139881554103,0.6623139881554103,1212,12,0:162;171:66;252:96;360:96;486:78;585:18;612:66;684:84;774:126;909:180;1116:144;1287:96,487.7142857142858,96.0,0.4343605950407344,0.4292035718135963,0.427156875469873,0.4485053816182754,0.6699406195757374,1183,8,0:134;138:135;274:139;416:154;589:178;775:165;964:142;1128:136,0.8571428571428612,140.5,0.3849234238394943,0.3937798280653995,0.3913573258958512,0.424555413284082,11.381596711507369,1.0,8.253366484932556,1.0,8.380890401130092,1.0,5.339951161294499,1.0,0.007626631420327046
0,2.48,hot-cold,0.375,1824,0.7979042240383823,0.7979042240383823,1824,17,0:162;171:66;240:108;354:102;459:24;486:78;567:42;612:66;684:84;774:126;909:204;1116:144;1287:96;1404:108;1575:84;1665:186;1872:144,634.2857142857143,102.0,0.6454992714620182,0.6419174094956095,0.6372689805115599,0.6656525400409937,0.8206209082509529,1861,12,0:134;135:138;274:139;416:154;581:180;765:225;996:182;1186:153;1355:155;1527:134;1716:134;1887:133,4.428571428571445,146.0,0.6057835092494182,0.6198404205115645,0.6127694893579667,0.6738293512610575,6.152719912858496,1.0,3.439225772267507,1.0,3.844450601365612,1.0,-1.2283902979713934,0.0,0.02271668421257056
0,2.48,hot-cold,0.5,2432,0.8741780227984568,0.8741780227984568,2430,20,0:162;171:66;240:216;459:24;486:78;567:42;612:66;684:84;774:126;909:204;1116:144;1287:96;1386:186;1575:84;1665:186;1872:144;2043:108;2160:126;2349:144;2529:144,583.4285714285716,126.0,0.8384641954315281,0.8396461989784183,0.8305227898530075,0.8741894640050755,0.8817721488952419,2337,15,0:134;135:138;274:139;416:160;580:164;746:141;889:171;1063:204;1275:192;1470:133;1616:147;1767:165;1947:149;2125:167;2407:133,4.571428571428584,149.0,0.7606473403324935,0.7785305706689731,0.7701298650547641,0.8669199238333642,9.28087991389841,1.0,7.2787357798800745,1.0,7.271675809032551,1.0,0.8315749012126061,1.0,0.007594126096785114
0,2.48,hot-cold,0.625,3040,0.9212826346793171,0.9212826346793171,3036,24,0:162;171:66;240:216;459:24;486:78;567:42;612:66;684:84;774:126;909:204;1116:168;1287:96;1386:186;1575:84;1665:186;1872:144;2043:108;2160:186;2349:144;2529:252;2808:90;2916:108;3051:108;3240:108,700.0000000000001,108.0,1.0451859869733136,1.046766677321998,1.0308093837946637,1.0994615536170098,0.9214189000272496,2755,18,0:134;135:138;274:140;416:138;555:140;696:191;889:171;1063:172;1237:174;1413:151;1566:158;1729:135;1872:151;2031:179;2224:152;2399:141;2548:139;2745:151,0.8571428571428612,151.0,0.8963257146344025,0.9184633171847408,0.910658119263762,1.020343053937667,14.24246729235109,1.0,12.257111629260375,1.0,11.656011908680464,1.0,7.196113353764733,1.0,0.0001362653479324294
0,2.48,hot-cold,0.75,3648,0.9546007082846028,0.9546007082846028,3648,25,0:168;171:66;240:216;459:24;486:78;567:42;612:294;909:204;1116:168;1287:96;1386:186;1575:84;1665:186;1854:186;2043:108;2160:186;2349:432;2790:12;2808:90;2916:108;3042:120;3240:186;3429:120;3600:144;3753:144,670.2857142857143,144.0,1.2418400434422183,1.25495504862809,1.2222079071285168,1.33092569231089,0.959998997570402,3389,20,0:390;391:163;555:288;844:180;1026:238;1265:166;1432:136;1570:154;1726:144;1871:152;2029:143;2174:138;2315:138;2458:135;2595:144;2744:144;2893:137;3039:134;3210:136;3429:129,6.714285714285722,144.0,1.1030595480802765,1.1271717656290228,1.1042938632784205,1.1845716909380126,11.175392200855471,1.0,10.182299608162005,1.0,9.647625675006989,1.0,10.996406652783342,1.0,0.005398289285799218
0,2.48,hot-cold,0.875,4256,0.9730462065047132,0.9730462065047132,4254,28,0:168;171:66;240:216;459:24;486:78;567:42;612:294;909:204;1116:168;1287:96;1386:186;1575:84;1665:186;1854:186;2043:108;2160:186;2349:456;2808:90;2916:120;3042:120;3168:258;3429:120;3555:42;3600:144;3753:288;4077:96;4203:144;4356:84,718.0000000000001,132.0,1.4429041471257813,1.4550141804557994,1.4126232833027503,1.536176762149787,0.9753893920089856,3794,20,0:390;391:163;555:288;844:180;1026:238;1265:198;1464:260;1726:170;1897:221;2119:135;2256:197;2458:135;2595:146;2744:144;2893:137;3039:136;3210:208;3429:160;3614:154;3811:134,0.8571428571428612,166.5,1.2343326994536834,1.2599397579627314,1.2221799449094628,1.3458012766623535,14.454975965490535,1.0,13.407046138337897,1.0,13.481537551046586,1.0,12.39281117760267,1.0,0.0023431855042723715
0,3.3,random,0.125,608,0.2584242943174299,0.2584242943174299,606,10,108:72;366:6;765:126;1071:102;1287:66;1398:6;3015:78;3285:78;3924:66;4542:6,742.5714285714287,69.0,0.2581574516968302,0.2545671499999265,0.2545671499999265,0.2545671499999265,0.2794020410758294,743,7,63:118;334:39;765:127;1074:107;1291:112;2911:161;3280:79,227.14285714285717,112.0,0.2603757330581435,0.2598261307360077,0.2592074965304189,0.2708544271536693,-0.8592745809709923,0.0,-2.065852069319507,0.0,-1.822837915455211,0.0,-6.398027849919941,0.0,0.020977746758399474
0,3.3,random,0.25,1216,0.4096461452697941,0.4096461452697941,1212,16,108:72;366:6;765:126;1071:102;1287:66;1398:6;1539:96;1908:60;2169:90;2898:108;3015:78;3285:78;3420:66;3681:96;3924:66;4518:96,945.7142857142858,78.0,0.471992435857045,0.4596559605643336,0.4596559605643336,0.4596559605643336,0.42158769566012,1300,11,63:137;254:119;765:127;1074:107;1291:112;1519:116;2136:122;2911:179;3290:151;3840:100;4518:30,245.8571428571429,119.0,0.4431163779470337,0.4495375869746121,0.4479765473904163,0.4700001196602253,6.117906923143391,1.0,2.2012928054492953,1.0,2.540903235449865,1.0,-2.2504133489734013,0.0,0.011941550390325906
0,3.3,random,0.375,1824,0.5520190172419741,0.5520190172419741,1824,23,108:72;366:6;504:96;648:90;765:126;1071:102;1287:66;1398:6;1539:96;1728:108;1890:78;2169:90;2394:72;2556:108;2898:108;3015:78;3285:78;3420:66;3681:96;3924:66;4122:36;4203:84;4518:96,1277.714285714286,84.0,0.6983669604940403,0.6801929235067654,0.6801929235067654,0.6801929235067654,0.5665311281079614,1968,14,63:137;254:119;512:87;765:127;1074:107;1273:130;1473:162;1814:150;2136:147;2559:134;2899:191;3290:187;3840:154;4518:136,105.14285714285717,136.5,0.6488679470921779,0.6610719075245257,0.6563483173753112,0.7201898306216543,7.0878229071498104,1.0,2.8111165702313423,1.0,3.5055651576794244,1.0,-5.88022981901708,0.0,0.014512110865987249
0,3.3,random,0.5,2432,0.6802183399347943,0.6802183399347943,2430,30,54:30;108:72;261:90;366:6;504:96;648:90;765:126;1071:102;1287:66;1398:6;1458:78;1539:96;1728:108;1890:78;2169:90;2394:72;2556:108;2808:72;2898:108;3015:78;3285:78;3420:66;3681:96;3834:72;3924:66;4032:126;4203:84;4374:96;4518:96;4626:78,1615.714285714286,81.0,0.923282561538409,0.8981337922697966,0.8981337922697966,0.8981337922697966,0.7071854110273683,2613,19,63:137;254:119;512:87;651:134;831:135;1074:107;1273:130;1473:162;1760:204;2136:147;2349:117;2559:134;2810:135;2972:123;3280:206;3681:96;3840:154;4123:150;4518:136,166.71428571428575,135.0,0.8637580925252049,0.8773976203164067,0.8713789454751186,0.9336533063897504,6.447047902001113,1.0,2.3088065644412237,1.0,2.9789377735205957,1.0,-3.9548132389259694,0.0,0.026967071092574013
0,3.3,random,0.625,3040,0.7869972033396888,0.7869972033396888,3036,37,54:48;108:72;261:90;366:6;504:96;648:90;765:126;918:96;1071:102;1287:66;1398:6;1458:78;1539:96;1656:66;1728:108;1890:78;2034:120;2169:90;2277:96;2394:72;2556:108;2808:72;2898:108;3015:78;3249:18;3285:78;3420:66;3510:96;3681:96;3834:72;3924:66;4032:126;4203:84;4374:96;4518:96;4626:78;4734:96,1953.714285714286,90.0,1.1481981625827775,1.1168542157960544,1.1168542157960544,1.1168542157960544,0.7880972662281374,3024,22,63:156;242:131;508:103;651:134;831:135;1074:135;1273:130;1473:162;1686:148;1847:140;2136:161;2323:143;2559:134;2810:141;2972:123;3255:231;3681:96;3840:154;4036:120;4249:147;4450:98;4600:102,177.5714285714286,135.0,0.998356500207955,1.0166186645911932,1.0109931404599988,1.0838512248729977,13.050156955291236,1.0,8.974810659009492,1.0,9.478504341822402,1.0,2.9549954198394013,1.0,0.0011000628884485497
0,3.3,random,0.75,3648,0.8765454344790982,0.8765454344790982,3648,41,54:48;108:150;261:90;366:6;378:96;504:96;648:90;765:126;918:96;1071:102;1179:174;1386:6;1398:6;1458:78;1539:96;1656:66;1728:108;1890:78;2034:120;2169:90;2277:96;2394:72;2484:66;2556:108;2673:78;2808:72;2898:108;3015:78;3123:144;3285:78;3366:120;3510:96;3681:96;3834:72;3924:66;4032:126;4203:84;4374:96;4518:96;4626:78;4734:96,1944.571428571429,96.0,1.3465424826441803,1.3191199968917284,1.3178017856872966,1.3414177088656287,0.8788304793008928,3610,24,55:164;242:131;512:161;718:133;870:143;1074:135;1273:130;1429:209;1665:196;1880:175;2136:161;2323:143;2493:200;2810:146;2972:123;3249:192;3465:137;3632:145;3838:156;4036:120;4202:106;4338:132;4515:139;4687:133,70.85714285714289,143.0,1.1802254985380394,1.2060293336801444,1.1937722821301628,1.2906966269686582,12.351410092873373,1.0,8.573189965891048,1.0,9.411848193273343,1.0,3.7811549349428875,1.0,0.0022850448217945907
0,3.3,random,0.875,4256,0.951465000905112,0.951465000905112,4254,46,0:102;108:150;261:90;366:6;378:96;504:96;603:42;648:90;765:150;918:96;1017:156;1179:174;1359:36;1398:6;1422:114;1539:96;1656:66;1728:156;1890:78;1980:48;2034:120;2169:90;2277:96;2394:72;2484:66;2556:108;2673:78;2754:126;2898:108;3015:78;3123:144;3285:78;3366:120;3510:96;3609:168;3780:48;3834:72;3924:66;3996:30;4032:126;4203:84;4293:66;4374:96;4518:96;4626:78;4734:96,2103.4285714285716,96.0,1.5567387049038788,1.5350159131265182,1.5317897646525138,1.603519400065159,0.9515392738771092,4140,27,55:164;242:188;451:160;651:134;805:161;982:227;1264:139;1429:209;1656:133;1803:184;2004:148;2165:138;2314:152;2489:114;2617:131;2807:150;2972:127;3125:133;3280:172;3465:141;3619:158;3813:127;3978:178;4177:131;4339:135;4508:164;4687:142,48.85714285714289,148.0,1.3508372029348037,1.3828544361643276,1.3676776624290912,1.5136551720131397,13.226465129983932,1.0,9.912697038577821,1.0,10.713748453636619,1.0,5.604187142878814,1.0,7.42729719972468e-05
0,3.3,local,0.125,608,0.5784589155176532,0.5784589155176532,606,17,684:24;774:48;1017:42;1236:6;1566:24;1935:24;2250:30;2583:36;2781:66;3015:48;3312:24;4005:54;4149:24;4176:66;4509:12;4752:24;4797:54,1686.5714285714287,30.0,0.335721769885907,0.3357902387374861,0.3357902387374861,0.3357902387374861,0.5787914503964983,612,13,687:21;771:45;1015:43;1566:23;1935:20;2252:26;2582:33;2971:117;3305:30;4012:49;4148:91;4504:20;4758:94,1141.1428571428573,33.0,0.2928582259419183,0.2961856915902166,0.2961856915902166,0.2961856915902166,12.767579522339478,1.0,11.794430742291917,1.0,11.794430742291917,1.0,11.794430742291917,1.0,0.00033253487884510324
0,3.3,local,0.25,1216,0.7412912127316118,0.7412912127316118,1212,28,54:66;684:24;774:48;855:24;1017:42;1224:48;1350:66;1566:24;1656:66;1935:24;1989:42;2061:84;2160:42;2250:30;2583:36;2781:66;2970:24;3015:48;3069:66;3312:24;3429:18;3852:66;4005:54;4149:24;4176:66;4509:12;4752:24;4797:54,2563.999999999999,42.0,0.604959838466891,0.5941868337510889,0.5941868337510889,0.5941868337510889,0.7428633848036545,1273,17,681:28;771:104;1013:46;1225:46;1565:66;1933:89;2062:135;2249:29;2556:61;2781:76;2971:164;3302:56;3858:61;3982:79;4127:113;4504:24;4758:96,1048.857142857143,66.0,0.5003117206305566,0.4909924719596826,0.490252423564212,0.5011498240629171,17.298357871414595,1.0,17.367325549767322,1.0,17.491873647004464,1.0,15.657871296277504,1.0,0.0015721720720427435
0,3.3,local,0.375,1824,0.8433462484213852,0.8433462484213852,1824,37,54:66;198:18;342:66;684:24;774:48;855:24;1017:42;1224:48;1350:66;1485:66;1566:24;1593:42;1656:66;1935:24;1989:42;2061:84;2160:42;2250:30;2358:48;2547:72;2646:78;2781:66;2970:24;3015:48;3069:66;3312:24;3339:24;3420:30;3528:30;3852:66;3951:48;4005:54;4149:24;4176:66;4365:156;4752:24;4797:54,3186.857142857142,48.0,0.8552328122311503,0.8366270830712946,0.8362108058488424,0.8481271004779263,0.8461851616482874,1900,19,57:67;673:36;770:105;1012:47;1198:218;1484:147;1654:69;1933:91;2060:137;2248:30;2556:62;2781:76;2970:166;3302:61;3858:61;3952:110;4127:152;4364:164;4758:101,837.1428571428572,91.0,0.686891432333596,0.684508603347778,0.679715633661488,0.7304437150938183,19.68369050976677,1.0,18.18235182694338,1.0,18.71479907850453,1.0,13.875677987154567,1.0,0.0028389132269022177
0,3.3,local,0.5,2432,0.907417496109875,0.907417496109875,2430,45,54:66;198:18;342:66;477:66;684:24;738:84;855:24;1017:42;1188:84;1278:138;1485:66;1566:24;1593:42;1656:66;1773:24;1935:24;1989:42;2061:84;2160:42;2250:30;2286:30;2358:48;2547:72;2646:78;2781:66;2970:24;3015:48;3069:66;3141:54;3294:42;3339:24;3420:30;3528:30;3636:78;3852:66;3951:48;4005:54;4113:60;4176:66;4257:30;4365:156;4527:84;4653:42;4752:24;4797:54,3662.857142857142,48.0,1.0914872648751934,1.0677808245096558,1.0673645472872035,1.0792808419162874,0.9074770114169132,2508,18,56:159;673:202;1012:48;1197:219;1483:148;1654:70;1921:108;2050:152;2247:134;2551:117;2704:153;2970:181;3302:147;3528:28;3856:206;4126:157;4363:176;4756:103,336.0,150.0,0.8435090033807948,0.8557632618479954,0.8437374754215985,0.9503872564747768,22.719299571741114,1.0,19.85590654889524,1.0,20.951330305467984,1.0,11.9425436305028,1.0,5.951530703818264e-05
0,3.3,local,0.625,3040,0.9416524953503028,0.9416524953503028,3036,49,54:66;126:90;342:66;477:66;594:114;738:84;855:24;882:48;963:96;1062:66;1188:84;1278:138;1485:66;1566:24;1593:42;1656:66;1773:24;1899:60;1989:42;2034:24;2061:84;2160:42;2250:30;2286:42;2358:48;2547:72;2646:78;2727:120;2853:102;2970:24;2997:66;3069:66;3141:54;3294:42;3339:24;3420:30;3528:30;3636:78;3852:66;3951:48;4005:84;4113:60;4176:66;4257:30;4365:156;4527:84;4653:42;4752:24;4797:54,3596.2857142857147,66.0,1.2831610152671007,1.2529444730467276,1.252528195824275,1.2644444904533594,0.9418769198794384,2875,21,56:161;349:59;483:57;673:203;1012:107;1188:228;1481:150;1654:143;1921:108;2050:153;2247:135;2549:119;2695:163;2969:186;3299:151;3514:42;3856:207;4126:157;4363:194;4658:33;4740:119,434.8571428571429,150.0,0.971023924068237,0.9838847433064872,0.9697139728588434,1.0783990783130335,24.325637038925297,1.0,21.474194230330113,1.0,22.579469580667975,1.0,14.713608509110621,1.0,0.00022442452913562505
0,3.3,local,0.75,3648,0.9639130504564244,0.9639130504564244,3648,54,0:216;261:78;342:66;477:66;594:114;738:84;828:6;855:24;882:48;963:96;1062:66;1188:84;1278:138;1422:60;1485:66;1566:24;1593:42;1656:66;1773:24;1800:48;1899:60;1989:42;2034:24;2061:84;2148:6;2160:42;2214:66;2286:42;2358:48;2547:72;2646:78;2727:120;2853:102;2970:24;2997:66;3069:66;3141:108;3294:42;3339:24;3420:30;3510:48;3636:78;3717:126;3852:66;3951:48;4005:84;4113:60;4176:66;4257:30;4293:228;4527:84;4653:42;4716:60;4797:66,3811.7142857142853,66.0,1.499957379546607,1.4681709011513038,1.4619961223515965,1.4746331196696056,0.9649023806277172,3263,22,55:162;349:60;483:60;603:142;764:154;1011:108;1187:245;1481:150;1653:145;1903:140;2049:155;2242:168;2549:123;2688:171;2968:220;3292:158;3511:51;3638:83;3852:212;4125:159;4363:194;4656:203,324.1428571428572,154.5,1.0881509943986405,1.1044799200512547,1.085996055048759,1.2133344319327126,27.45453909313367,1.0,24.771706128683757,1.0,25.718267070233235,1.0,17.719572702628394,1.0,0.0009893301712927682
0,3.3,local,0.875,4256,0.9812451854063352,0.9812451854063352,4254,56,0:216;261:78;342:66;414:36;477:66;549:30;594:114;711:24;738:96;837:42;882:48;945:114;1062:66;1134:348;1485:66;1554:36;1593:42;1638:132;1773:24;1800:48;1899:60;1962:24;1989:42;2034:24;2061:84;2148:6;2160:42;2214:114;2358:72;2493:150;2646:78;2727:120;2853:102;2970:24;2997:66;3069:66;3141:108;3294:42;3339:24;3366:84;3510:48;3564:66;3636:78;3717:126;3852:96;3951:48;4005:84;4113:60;4176:72;4257:30;4293:228;4527:84;4617:24;4653:42;4716:60;4779:84,3700.5714285714294,66.0,1.6879688921547684,1.6672419124534663,1.6527068994361769,1.6914857451540295,0.9817495234569908,3654,23,52:165;303:143;482:63;602:144;764:164;1011:115;1187:246;1480:250;1768:73;1901:224;2136:189;2360:70;2546:129;2686:180;2945:282;3292:164;3511:51;3638:100;3827:263;4125:183;4355:207;4582:115;4725:134,363.7142857142858,164.0,1.2186023378777904,1.2379291872903535,1.2068298097963204,1.3023468150544664,27.806587932897887,1.0,25.74987600517722,1.0,26.978594316509962,1.0,23.00574694255715,1.0,0.0005043380506556394
0,3.3,hot-cold,0.125,608,0.4825822163505203,0.4825822163505203,606,7,0:66;72:90;180:78;288:96;405:78;549:78;810:120,338.0000000000001,78.0,0.2249156010443686,0.2165913553678031,0.2165913553678031,0.2165913553678031,0.5448539215888312,729,5,0:203;218:132;356:136;506:121;802:137,16.714285714285722,136.0,0.2385312717321922,0.2436837355895781,0.241365302725643,0.2484399920735645,-6.053679969108794,0.0,-12.50852333223007,0.0,-11.438105327781978,0.0,-14.704481927119307,0.0,0.06227170523831088
0,3.3,hot-cold,0.25,1216,0.6950906846599832,0.6950906846599832,1212,15,0:66;72:90;180:78;261:24;288:96;405:78;486:60;549:78;630:144;783:24;810:120;936:144;1134:78;1260:84;1404:48,829.1428571428573,78.0,0.4624142754995561,0.4515105108892145,0.4515105108892145,0.4515105108892145,0.7023822905217384,1211,7,0:173;177:173;356:247;608:161;789:186;1051:135;1207:136,0.0,173.0,0.3939619428451869,0.4023022737614549,0.3937454641888263,0.4418927708128572,14.803248143759983,1.0,10.898580640093591,1.0,12.79373243972206,1.0,2.1301254000523517,1.0,0.007291605861755146
0,3.3,hot-cold,0.375,1824,0.8160931657327518,0.8160931657327518,1824,17,0:66;72:186;261:24;288:96;405:78;486:60;549:78;630:300;936:276;1215:42;1260:84;1404:48;1512:96;1620:84;1719:120;1845:120;2052:66,826.0,84.0,0.6612515891087708,0.6537270019334996,0.6405795796577176,0.6740221581530893,0.817318979617866,1760,10,0:173;176:174;356:247;608:166;784:198;999:177;1184:139;1324:135;1512:192;1718:159,0.0,173.5,0.572562361195317,0.5848196216762109,0.5718572114992965,0.6489746296817905,13.41232737648137,1.0,10.540696659841853,1.0,10.72815468066305,1.0,3.716128345087699,1.0,0.0012258138851142242
0,3.3,hot-cold,0.5,2432,0.8957039918079073,0.8957039918079073,2430,25,0:66;72:186;261:24;288:96;387:96;486:60;549:78;630:300;936:276;1215:42;1260:84;1350:48;1404:48;1458:150;1620:84;1719:120;1845:120;1971:66;2052:66;2178:66;2250:36;2331:78;2421:108;2565:66;2844:66,1314.0000000000002,78.0,0.8984920288484377,0.8835648037263305,0.87024393260786,0.9170928201190623,0.9074316058535798,2451,16,0:173;176:174;356:179;537:140;679:179;862:141;1007:169;1184:139;1324:135;1479:140;1623:152;1785:178;1978:139;2152:136;2318:136;2481:141,0.0,141.0,0.7973581518691603,0.817237760775042,0.8097910237956192,0.883576656348439,11.255957062735078,1.0,7.5067547588543615,1.0,6.946662487043332,1.0,3.654609766356265,1.0,0.011727614045672574
0,3.3,hot-cold,0.625,3040,0.9391077083650716,0.9391077083650716,3036,28,0:258;261:24;288:96;387:96;486:60;549:78;630:582;1215:42;1260:84;1350:48;1404:48;1458:150;1620:84;1719:120;1845:120;1971:66;2052:66;2124:48;2178:66;2250:78;2331:78;2421:138;2565:66;2637:204;2844:66;2925:66;3015:108;3168:96,1397.714285714286,78.0,1.1025140938188722,1.0873378969203578,1.0626040919529895,1.1075336985117736,0.9418943388200504,2884,17,0:173;174:196;371:164;536:141;679:179;862:237;1101:148;1250:150;1404:185;1592:201;1797:174;1974:143;2129:131;2266:143;2421:158;2583:158;2843:203,3.857142857142861,164.0,0.938538429927738,0.959985250528262,0.9425131704414488,1.0656594242725017,14.872885962224547,1.0,11.712334018044778,1.0,11.301567763664666,1.0,3.7808578010348315,1.0,0.0027866304549787335
0,3.3,hot-cold,0.75,3648,0.9618168724375896,0.9618168724375896,3648,31,0:258;261:24;288:96;387:96;486:60;549:78;630:582;1215:42;1260:84;1350:48;1404:204;1620:84;1719:120;1845:120;1971:66;2052:66;2124:48;2178:66;2250:78;2331:78;2421:210;2637:204;2844:66;2925:66;3015:108;3168:96;3267:60;3330:144;3528:144;3726:144;3888:108,1343.7142857142858,84.0,1.2971727002133002,1.2849790922283248,1.2554580992027562,1.3019975562647017,0.964079427535068,3363,18,0:370;371:275;647:153;801:153;955:144;1101:148;1250:236;1488:171;1660:157;1818:164;1983:135;2121:139;2266:206;2476:158;2639:177;2823:225;3061:214;3332:138,0.0,161.0,1.0940495572158246,1.1177160315392782,1.086674470326141,1.2175393460700423,15.658912877527797,1.0,13.016792389904975,1.0,13.44398741652919,1.0,6.486817873680295,1.0,0.0022625550974784137
0,3.3,hot-cold,0.875,4256,0.9793318142908246,0.9793318142908246,4254,32,0:258;261:24;288:96;387:96;486:60;549:78;630:582;1215:42;1260:84;1350:48;1404:306;1719:120;1845:120;1971:66;2046:72;2124:48;2178:66;2250:78;2331:78;2421:210;2637:204;2844:66;2925:66;3015:150;3168:96;3267:60;3330:540;3888:108;4005:84;4122:144;4284:126;4572:78,1376.5714285714287,84.0,1.4970160579689478,1.4892144765583946,1.4394346587068187,1.526512079914805,0.9798828224318652,3801,21,0:370;371:275;647:153;801:153;955:144;1101:148;1250:236;1488:171;1660:157;1818:164;1983:135;2121:139;2266:206;2476:158;2639:177;2823:225;3061:229;3312:177;3533:139;3700:113;3859:132,24.714285714285722,158.0,1.2385701723671616,1.2648926006430512,1.2319777919288792,1.372202859033262,17.26406902758467,1.0,15.063100678000108,1.0,14.412385134891625,1.0,10.108614462464994,1.0,0.0005510081410405876
0,4.55,random,0.125,608,0.3415088542156517,0.3415088542156517,606,12,192:6;270:60;384:6;1368:84;1794:6;2022:6;2403:78;3510:6;3906:48;4014:114;4329:78;4608:114,1012.2857142857144,54.0,0.2803186854651378,0.2806576332000174,0.2806576332000174,0.2806576332000174,0.3447628634945094,712,8,274:112;1324:127;1789:86;2026:2;3860:90;4015:113;4332:71;4611:111,366.8571428571429,100.5,0.2617705347315933,0.2596769038462018,0.2596769038462018,0.2596769038462018,6.616808545162522,1.0,7.475559853689495,1.0,7.475559853689495,1.0,7.475559853689495,1.0,0.003254009278857717
0,4.55,random,0.25,1216,0.5314991498444506,0.5314991498444506,1212,23,162:42;270:60;384:6;1152:78;1296:48;1368:84;1794:6;1863:90;2022:6;2403:78;2574:30;2673:60;2814:6;2943:66;3390:6;3456:60;3816:84;3906:48;4014:114;4185:42;4329:78;4608:114;4794:6,1889.714285714286,60.0,0.5495567540461219,0.541781496472545,0.541781496472545,0.541781496472545,0.5551177928479212,1507,14,166:38;274:112;1157:151;1324:127;1789:86;1939:89;2405:74;2578:154;2941:68;3392:122;3817:133;4001:129;4332:113;4611:111,416.28571428571445,112.5,0.5244608836383464,0.5265973375712399,0.5260480829027265,0.5501375472962032,4.5665657319297175,1.0,2.8026351952155637,1.0,2.904014565328694,1.0,-1.5423285730618685,0.0,0.023618643003470607
0,4.55,random,0.375,1824,0.6494201761383174,0.6494201761383174,1824,29,0:84;162:42;270:60;384:6;414:108;558:66;1152:78;1296:48;1368:84;1794:6;1863:90;2022:6;2403:78;2574:30;2673:60;2943:66;3114:24;3312:84;3456:60;3555:66;3699:66;3816:84;3906:48;4014:114;4185:42;4329:78;4482:78;4608:114;4788:54,2086.8571428571427,66.0,0.7648506617989633,0.7426720937665241,0.7426720937665241,0.7426720937665241,0.6782474911029355,2121,18,78:126;274:149;501:118;1157:151;1324:132;1789:86;1939:94;2375:104;2578:154;2941:90;3255:140;3449:144;3723:70;3817:133;3999:131;4190:37;4310:135;4595:127,370.28571428571433,129.0,0.7204274538100031,0.7280659020742768,0.7273836699597024,0.7654099325451538,5.808089109117698,1.0,1.9667080283265803,1.0,2.0585698500242833,1.0,-3.061625577354432,0.0,0.0288273149646181
0,4.55,random,0.5,2432,0.7547808553647197,0.7547808553647197,2430,36,0:84;162:42;270:60;384:6;414:108;558:66;747:96;1152:78;1296:48;1368:84;1494:66;1665:78;1794:6;1863:90;2022:6;2097:144;2403:78;2574:30;2673:60;2790:72;2943:66;3069:66;3204:72;3312:84;3456:60;3555:66;3699:66;3816:84;3906:48;4014:114;4185:42;4329:78;4410:36;4482:78;4608:114;4788:54,2433.999999999999,66.0,0.9905174911066644,0.959006581664238,0.959006581664238,0.959006581664238,0.7620050675612343,2619,19,78:126;274:149;501:118;1157:187;1372:157;1789:86;1939:94;2103:140;2375:104;2578:154;2941:192;3255:140;3449:144;3723:70;3817:133;4001:226;4310:135;4507:133;4666:131,218.71428571428575,135.0,0.8699826204133468,0.8825344104421359,0.8748159369425014,0.9356675833593714,12.168878568580244,1.0,7.974102856457366,1.0,8.778943370298265,1.0,2.433664038505834,1.0,0.00722421219651459
0,4.55,random,0.625,3040,0.8408053800669721,0.8408053800669721,3036,44,0:84;90:66;162:42;270:60;384:6;414:108;558:66;657:66;747:96;855:66;1008:96;1152:78;1233:54;1296:48;1368:84;1494:66;1665:78;1794:54;1863:90;2004:6;2022:6;2097:198;2403:78;2502:54;2574:30;2673:60;2790:72;2943:66;3069:66;3204:72;3312:84;3456:60;3555:66;3699:66;3816:84;3906:48;4014:114;4185:42;4239:78;4329:78;4410:54;4482:78;4608:114;4788:54,2960.857142857142,66.0,1.2309506509654944,1.187273691302686,1.1851576154218877,1.1922349693508016,0.8410966295917477,3114,22,6:136;166:167;384:130;560:107;1140:205;1372:167;1689:186;1939:94;2103:140;2375:104;2535:117;2675:146;2941:194;3255:140;3449:148;3673:120;3817:133;3999:131;4158:88;4306:139;4482:158;4666:164,189.71428571428575,139.5,1.028632982351772,1.0460777440826097,1.0370294961223638,1.1241946224757635,16.435887860738763,1.0,11.892451441853735,1.0,12.498600808196624,1.0,5.706957824940129,1.0,0.0002912495247755498
0,4.55,random,0.75,3648,0.9062646968437924,0.9062646968437924,3648,47,0:84;90:66;162:42;270:60;384:6;414:108;558:66;657:66;747:96;855:66;1008:96;1152:78;1233:54;1296:48;1368:84;1494:66;1575:168;1746:102;1863:156;2022:6;2097:246;2349:132;2502:54;2574:30;2610:54;2673:60;2790:72;2943:66;3015:48;3069:66;3204:72;3312:84;3456:60;3555:66;3627:66;3699:66;3816:84;3906:48;3960:168;4131:96;4239:78;4329:78;4410:54;4482:78;4608:114;4743:36;4788:54,2888.8571428571418,66.0,1.4241302767164865,1.3850438372468576,1.378764989141537,1.4188700786709154,0.9090930897407494,3618,25,6:136;166:167;384:130;560:107;745:176;1034:131;1180:165;1372:189;1658:146;1816:134;2006:125;2142:138;2375:108;2535:117;2675:146;2941:194;3204:191;3449:148;3669:124;3817:133;3999:131;4158:121;4306:139;4482:158;4666:164,122.42857142857147,138.0,1.1870654516481505,1.2113098234790969,1.2015504352638284,1.310855033764852,16.646287839264197,1.0,12.543575090959092,1.0,12.853137066386344,1.0,7.612750915661238,1.0,0.0028283928969570216
0,4.55,random,0.875,4256,0.9604497121928396,0.9604497121928396,4254,53,0:84;90:66;162:42;216:114;384:6;414:108;558:66;657:66;747:96;855:66;927:78;1008:96;1107:42;1152:78;1233:54;1296:48;1368:84;1476:84;1575:168;1746:102;1863:156;2022:6;2034:60;2097:246;2349:132;2502:54;2574:30;2610:54;2673:60;2736:42;2790:72;2871:138;3015:48;3069:66;3141:60;3204:192;3402:114;3555:66;3627:66;3699:66;3771:30;3816:84;3906:48;3960:168;4131:96;4239:78;4329:78;4410:54;4482:78;4563:42;4608:114;4725:54;4788:54,3152.2857142857138,66.0,1.6429186722380498,1.6092403697432405,1.6010882741368848,1.6499610965358382,0.9618725104623558,4111,26,1:154;166:167;382:135;557:110;718:203;996:124;1140:168;1324:132;1477:150;1645:159;1816:134;2006:172;2205:137;2375:131;2530:122;2675:185;2932:213;3180:245;3449:172;3641:152;3817:133;3967:142;4118:161;4293:159;4482:158;4666:193,58.00000000000003,156.0,1.3421541650193496,1.3712071896002411,1.3517982641034074,1.5170161006947316,18.306719151775585,1.0,14.791648570249228,1.0,15.570035335363674,1.0,8.057462452916631,1.0,0.00142279826951619
0,4.55,local,0.125,608,0.688534213220977,0.688534213220977,606,18,171:18;306:66;648:78;876:6;1881:12;1944:36;2016:48;2187:18;2223:30;2358:42;2808:54;2928:6;3105:66;3411:24;3519:30;3663:12;3753:48;4284:12,1821.4285714285716,30.0,0.3468023867700608,0.3494527760931931,0.3494527760931931,0.3494527760931931,0.7018375169764601,668,14,173:14;653:77;864:33;1879:16;1942:121;2190:72;2358:45;2805:59;3056:108;3416:17;3521:25;3654:24;3754:44;4283:13,1220.0000000000002,38.5,0.3175554630239209,0.3207102579128023,0.3207102579128023,0.3207102579128023,8.433310975316733,1.0,8.225007825585473,1.0,8.225007825585473,1.0,8.225007825585473,1.0,0.013303303755483165
0,4.55,local,0.25,1216,0.8101496837832394,0.8101496837832394,1212,26,171:18;306:66;648:78;864:114;1521:42;1611:54;1881:12;1944:36;2016:48;2079:72;2187:18;2223:30;2358:42;2655:66;2808:54;2925:18;3051:42;3105:66;3411:24;3519:30;3663:12;3753:48;3996:96;4284:12;4464:66;4662:48,2294.2857142857138,45.0,0.5827986046985834,0.5753947088991554,0.5753947088991554,0.5753947088991554,0.8104699965439588,1191,16,170:57;306:67;652:78;862:38;1528:34;1876:19;1942:128;2128:135;2353:51;2803:135;3056:131;3416:18;3518:31;3650:148;4220:77;4666:44,980.1428571428571,62.0,0.4679895697946213,0.4683178810427617,0.4682253749933278,0.4776714964689506,19.699607030346268,1.0,18.60928267158609,1.0,18.625359644141316,1.0,16.98368283871933,1.0,0.00032031276071942116
0,4.55,local,0.375,1824,0.8953861319221376,0.8953861319221376,1824,36,72:24;171:84;306:66;585:54;648:78;864:114;1521:42;1611:54;1881:12;1926:60;2016:48;2079:72;2187:18;2223:30;2256:6;2358:42;2538:48;2655:66;2802:60;2925:18;2970:54;3051:42;3105:66;3204:66;3411:24;3447:48;3519:30;3627:48;3717:84;3996:96;4185:48;4284:12;4320:66;4464:66;4662:48;4833:30,3030.857142857142,48.0,0.8424149799880402,0.8218459835663453,0.8218459835663453,0.8218459835663453,0.8999861683284666,1937,19,158:70;306:68;614:129;862:120;1518:113;1876:109;2017:135;2181:84;2353:72;2700:21;2802:138;3056:215;3412:137;3640:159;3998:95;4220:131;4463:67;4662:48;4838:26,735.0000000000001,109.0,0.6905356264452165,0.69342779829931,0.6900860172635132,0.7082923215054496,18.029042354515102,1.0,15.625578007910102,1.0,16.032196900332675,1.0,13.816902963756927,1.0,0.004600036406329
0,4.55,local,0.5,2432,0.9402263612590168,0.9402263612590168,2430,43,72:24;171:84;306:66;504:72;585:54;648:84;792:30;864:114;1116:78;1422:72;1521:42;1611:54;1719:36;1863:30;1926:138;2079:72;2187:66;2256:6;2358:42;2403:24;2538:48;2655:66;2802:120;2925:18;2970:54;3051:42;3105:66;3177:24;3204:66;3411:24;3447:48;3519:30;3627:48;3717:84;3906:18;3996:96;4185:48;4248:48;4320:66;4464:66;4536:84;4662:48;4833:30,3371.9999999999995,54.0,1.0675888157479294,1.0430931066037352,1.0430931066037352,1.0430931066037352,0.9407833010950972,2359,21,78:21;157:94;306:72;597:146;861:121;1478:185;1875:216;2117:148;2346:81;2534:51;2660:61;2802:78;2911:114;3052:220;3412:143;3639:161;3998:97;4220:161;4463:86;4649:67;4828:36,774.1428571428573,97.0,0.8310366613251221,0.8333754921144682,0.8245931990463446,0.88868209382804,22.157608897118696,1.0,20.105359067331808,1.0,20.947306254263008,1.0,14.803186004981917,1.0,0.0005569398360804056
0,4.55,local,0.625,3040,0.9646625693753672,0.9646625693753672,3036,46,72:24;153:102;306:72;504:72;585:54;648:78;729:18;792:30;864:120;1017:48;1116:78;1242:90;1422:72;1521:42;1611:54;1719:36;1863:30;1926:144;2079:174;2256:6;2340:60;2403:24;2484:102;2655:66;2727:42;2802:120;2925:42;2970:54;3051:42;3105:66;3177:24;3204:66;3411:24;3447:48;3519:30;3627:48;3717:84;3906:84;3996:96;4113:120;4248:48;4302:84;4392:138;4536:84;4662:48;4815:48,3218.857142857142,57.0,1.252149373521407,1.2317039082744308,1.2305591459126872,1.2407687600751889,0.9648726408929632,2738,24,78:26;157:94;306:72;562:182;808:174;1121:74;1426:143;1610:54;1875:216;2108:157;2346:81;2533:53;2659:109;2801:79;2911:114;3051:221;3411:147;3638:162;3914:12;3997:98;4176:205;4456:93;4582:134;4826:38,891.8571428571429,103.5,0.9640048245865648,0.9693756585512388,0.9573036191001252,1.029103636557378,23.01199481691999,1.0,21.297996049286205,1.0,22.20580194947822,1.0,17.059191875928935,1.0,0.00021007151759599996
0,4.55,local,0.75,3648,0.9810954004928268,0.9810954004928268,3648,53,0:48;72:24;153:102;261:42;306:72;423:66;504:72;585:54;648:78;729:18;792:30;846:138;1017:48;1116:78;1242:90;1422:72;1503:60;1566:42;1611:54;1719:36;1818:24;1863:30;1899:12;1926:150;2079:174;2256:60;2340:60;2403:24;2484:102;2655:66;2727:42;2772:150;2925:42;2970:78;3051:42;3105:66;3177:24;3204:72;3330:66;3411:24;3447:48;3501:48;3552:6;3627:48;3678:6;3717:84;3906:84;3996:102;4113:120;4242:144;4392:228;4626:150;4815:48,3689.4285714285716,60.0,1.4899097015245353,1.4741495150996229,1.4691541884301964,1.5253772603617677,0.9814314895888464,3277,21,73:33;156:232;502:243;791:192;1117:79;1426:145;1610:143;1874:218;2103:163;2344:83;2481:111;2659:222;2909:159;3077:196;3410:149;3631:169;3904:191;4175:207;4391:160;4580:143;4825:39,329.28571428571433,160.0,1.0931280336244549,1.111415282626753,1.086860708130163,1.2034318036610898,26.631256075054587,1.0,24.606339367710362,1.0,26.021331410321014,1.0,21.105956215993626,1.0,0.00033608909601956505
0,4.55,local,0.875,4256,0.9882511253506624,0.9882511253506624,4254,54,0:48;72:24;99:156;261:42;306:90;423:66;498:78;585:54;642:84;729:18;756:228;1017:48;1116:84;1206:126;1386:114;1503:60;1566:42;1611:102;1719:36;1818:24;1863:30;1899:12;1926:150;2079:174;2256:60;2340:60;2403:24;2430:222;2655:66;2727:42;2772:150;2925:42;2970:78;3051:42;3096:6;3105:66;3177:24;3204:192;3411:24;3438:6;3447:48;3501:48;3552:6;3564:60;3627:48;3678:36;3717:84;3807:24;3888:102;3996:102;4113:120;4236:384;4626:150;4815:48,3620.5714285714284,60.0,1.681395644850609,1.6808571845089575,1.660841188062714,1.7550633349715477,0.9888180198587592,3546,25,73:33;156:233;464:141;608:137;791:192;1024:42;1117:81;1235:96;1426:146;1610:143;1873:219;2101:180;2344:84;2481:111;2658:223;2908:160;3077:196;3409:150;3631:170;3889:131;4044:193;4241:141;4391:162;4580:143;4825:39,461.8571428571429,143.0,1.1915317952391054,1.2115259958245184,1.1922847375422834,1.3024195667680936,29.13435937054707,1.0,27.922133600038645,1.0,28.21199605887531,1.0,25.790736959973703,1.0,0.0005668945080967713
0,4.55,hot-cold,0.125,608,0.5435265912937224,0.5435265912937224,606,7,0:60;63:96;162:66;297:72;414:132;594:90;702:90,338.0,90.0,0.2249156010443686,0.2190262291804678,0.2190262291804678,0.2190262291804678,0.5544939530366102,607,4,0:221;252:138;413:129;600:119,21.714285714285722,133.5,0.1992531178331177,0.2043193925708623,0.2012724745676358,0.2069857680112012,11.409827994185484,1.0,6.7146463072638385,1.0,8.105766455123364,1.0,5.49726907791751,1.0,0.010967361742887816
0,4.55,hot-cold,0.25,1216,0.7637720743665282,0.7637720743665282,1212,13,0:60;63:96;162:66;243:168;414:138;594:90;702:90;810:114;963:96;1125:126;1305:78;1422:66;1575:24,577.4285714285716,90.0,0.4417320223746842,0.4362049868842012,0.4353030529022214,0.4461778668625358,0.765453410981082,1192,7,0:138;140:136;285:257;598:147;757:176;960:169;1196:169,0.0,169.0,0.3877808719004647,0.3969498541487148,0.3892834153018868,0.4379261893553808,12.213547522361257,1.0,8.999239787670598,1.0,10.571861900236101,1.0,1.8494143524374507,1.0,0.00168133661455383
0,4.55,hot-cold,0.375,1824,0.8655982369469808,0.8655982369469808,1824,18,0:60;63:96;162:66;243:168;414:138;558:126;702:90;810:114;927:132;1062:60;1125:258;1422:66;1539:66;1611:66;1728:54;1827:48;1881:72;2124:144,772.0,81.0,0.6568146471784635,0.6494143564119329,0.6439680627515166,0.6605503502221227,0.8722337564235474,1708,12,0:262;264:143;413:144;563:157;728:136;867:133;1005:138;1166:165;1344:144;1519:112;1728:44;1823:130,120.42857142857144,140.5,0.565540830759265,0.5761638115226945,0.5702202978465714,0.5985138006137577,13.896434376317812,1.0,11.279477296121643,1.0,11.452084221357072,1.0,9.391645858261077,1.0,0.006635519476566598
0,4.55,hot-cold,0.5,2432,0.9256573380089704,0.9256573380089704,2430,22,0:60;63:96;162:78;243:168;414:138;558:366;927:132;1062:60;1125:258;1386:102;1494:42;1539:66;1611:66;1692:90;1809:66;1881:72;1971:138;2124:144;2313:108;2439:48;2682:96;3186:36,939.7142857142859,93.0,0.867738621818265,0.8632188803402817,0.8488573161656808,0.877408338390831,0.9276067199050276,2276,14,0:229;230:160;391:166;563:152;717:147;867:141;1010:142;1158:226;1401:135;1538:134;1692:152;1850:154;2057:211;2314:127,8.714285714285722,152.0,0.7411432497115238,0.7584246329442043,0.746867158393066,0.8355822323980763,14.589113463853032,1.0,12.139939218517492,1.0,12.014994255254585,1.0,4.767005755776599,1.0,0.0019493818960572007
0,4.55,hot-cold,0.625,3040,0.9560092005512516,0.9560092005512516,3036,26,0:60;63:96;162:78;243:168;414:138;558:366;927:132;1062:60;1125:258;1386:102;1494:42;1539:66;1611:66;1692:114;1809:66;1881:228;2124:180;2313:108;2439:114;2592:84;2682:96;2781:108;2916:84;3024:120;3186:36;3267:66,999.1428571428573,99.0,1.0697652367142227,1.0655900287178994,1.0465106560221735,1.0904457179299387,0.9563239624059569,2739,17,0:229;230:160;391:189;582:145;728:136;866:138;1005:149;1158:191;1351:149;1504:172;1692:135;1829:134;1967:141;2124:170;2314:171;2545:233;3186:97,38.71428571428572,149.0,0.8942311567877606,0.9134670651444012,0.8990650295731729,0.9999948460394888,16.408654338555063,1.0,14.27593722480024,1.0,14.089261834126654,1.0,8.294853233241028,1.0,0.00031476185470524776
0,4.55,hot-cold,0.75,3648,0.9729975643631478,0.9729975643631478,3648,28,0:60;63:96;162:78;243:168;414:510;927:132;1062:60;1125:258;1386:150;1539:66;1611:66;1692:114;1809:66;1881:228;2124:186;2313:240;2556:120;2682:96;2781:132;2916:84;3006:138;3150:114;3267:66;3375:66;3492:96;3645:84;3798:108;3996:66,927.1428571428573,102.0,1.2629448624652149,1.2596281131597071,1.230488707588053,1.2980322805757578,0.9730078968301892,3116,20,0:229;230:160;391:189;582:145;728:137;866:138;1005:149;1157:192;1351:150;1504:179;1692:135;1829:134;1967:141;2119:149;2274:151;2432:136;2577:156;2747:151;2961:149;3137:146,0.8571428571428612,149.0,1.0137660625841238,1.036945736002244,1.026596621721835,1.172675290867655,19.729982462948115,1.0,17.678422292344422,1.0,16.570008697266136,1.0,9.657463191323657,1.0,1.0332467041407334e-05
0,4.55,hot-cold,0.875,4256,0.9811286256906512,0.9811286256906512,4254,35,0:60;63:96;162:78;243:168;414:510;927:132;1062:60;1125:258;1386:150;1539:66;1611:66;1680:6;1692:114;1809:66;1881:228;2118:192;2313:240;2556:120;2682:96;2781:132;2916:84;3006:138;3150:114;3267:66;3375:66;3447:42;3492:96;3591:138;3744:162;3915:78;3996:66;4086:84;4194:72;4437:84;4536:126,1301.4285714285718,96.0,1.4908419006796845,1.4878737044032984,1.4578323648496645,1.5374620198681068,0.9823215432755736,3457,22,0:229;230:160;391:189;582:145;728:137;866:138;1005:150;1157:192;1351:150;1504:158;1663:141;1806:157;1967:153;2124:144;2273:152;2428:140;2572:161;2742:135;2880:134;3031:138;3184:149;3374:205,0.8571428571428612,150.0,1.1247000200657165,1.150645601432538,1.138070560337628,1.2795591267411792,24.559403679695446,1.0,22.665102688000218,1.0,21.934058553090996,1.0,16.77458628532834,1.0,0.0011929175849224594
1,1.07,random,0.125,608,0.1668462334915025,0.1668462334915025,606,7,324:108;837:84;1116:96;1359:78;1602:48;2772:96;4239:96,338.0000000000001,96.0,0.2249156010443686,0.2172997853080584,0.2172997853080584,0.2172997853080584,0.1781473658107518,688,5,304:136;833:123;1297:138;2717:149;4187:142,11.857142857142861,138.0,0.2247940812576332,0.2309772766735756,0.2308442992275145,0.2447810974194892,0.054029060754856584,1.0,-6.294295848533427,0.0,-6.233100460846996,0.0,-12.646727686578929,0.0,0.011301132319249313
1,1.07,random,0.25,1216,0.3151043769039278,0.3151043769039278,1212,13,324:108;837:84;1116:96;1359:78;1602:96;1917:96;2061:96;2574:144;2772:96;3492:96;3681:30;3915:96;4239:96,550.2857142857144,96.0,0.4395018134679159,0.4285965346395821,0.4285965346395821,0.4285965346395821,0.3360502463490034,1336,10,304:136;833:123;1093:124;1297:138;1557:135;2055:117;2717:149;3436:142;3884:130;4187:142,45.428571428571445,135.5,0.4383595487044238,0.4492099326747676,0.4490769552287065,0.4630137534206812,0.2598998976770961,1.0,-4.80951112974346,0.0,-4.778484876539402,0.0,-8.030213965691857,0.0,0.020945869445075593
1,1.07,random,0.375,1824,0.4453370872139521,0.4453370872139521,1824,18,45:144;324:108;477:144;837:84;1035:12;1116:96;1359:78;1458:126;1602:96;1917:96;2061:96;2268:120;2574:144;2772:96;3492:96;3672:96;3915:96;4239:96,630.8571428571429,96.0,0.6452175608632685,0.6364823613067419,0.6364823613067419,0.6364823613067419,0.4765480770845973,1981,13,304:136;833:134;1036:181;1297:138;1557:137;1922:238;2217:157;2574:160;2757:131;3436:142;3656:133;3862:152;4187:142,6.571428571428584,142.0,0.6449979211824083,0.6608371793110569,0.6543848823630478,0.7050736711435793,0.034041181484023575,1.0,-3.8264717900921674,0.0,-2.8127285443622974,0.0,-10.776623832279464,0.0,0.03121098987064519
1,1.07,random,0.5,2432,0.5697003046658617,0.5697003046658617,2430,23,45:144;324:108;477:144;684:126;837:84;927:144;1116:96;1359:78;1458:126;1602:96;1917:96;2061:96;2220:6;2268:120;2574:144;2772:96;2871:126;3042:120;3204:96;3492:96;3672:96;3915:96;4239:96,708.2857142857146,96.0,0.848723156402662,0.8410274249332358,0.8410274249332358,0.8410274249332358,0.5938504293349072,2541,16,49:138;304:136;581:134;833:134;1036:181;1297:138;1503:191;1922:238;2217:157;2574:160;2757:187;3048:176;3436:142;3656:135;3862:152;4187:142,1.7142857142857224,147.0,0.8267777642751138,0.8467650129921337,0.8355833442668203,0.9134978548012996,2.5856949892311687,1.0,-0.6822117672742323,0.0,0.647313096460278,1.0,-8.616892591084868,0.0,0.024150124669045425
1,1.07,random,0.625,3040,0.6902635061923312,0.6902635061923312,3036,28,45:144;207:114;324:108;477:144;684:126;837:84;927:144;1116:96;1260:78;1359:78;1458:126;1602:96;1827:24;1917:96;2061:96;2268:120;2574:144;2772:96;2871:126;3042:120;3204:96;3339:144;3492:96;3672:96;3915:96;4050:144;4239:96;4392:108,794.8571428571431,102.0,1.052979980205388,1.0443331463002263,1.0443331463002263,1.0443331463002263,0.693570692574759,3029,19,49:138;210:134;366:143;581:155;833:134;1036:181;1289:146;1464:230;1823:195;2055:169;2248:138;2574:160;2757:187;3048:176;3406:172;3656:135;3826:155;3997:135;4187:146,1.7142857142857224,155.0,0.9855336916974518,1.0076768364144089,0.994587230419523,1.11511583048585,6.405277381891028,1.0,3.5100207262098615,1.0,4.7634144388635775,1.0,-6.77778776211273,0.0,0.0033071863824277736
1,1.07,random,0.75,3648,0.805295745706768,0.805295745706768,3648,32,45:144;207:114;324:108;477:144;684:126;837:84;927:144;1116:96;1260:78;1359:78;1458:126;1602:96;1764:108;1917:96;2061:96;2169:96;2268:120;2574:168;2772:96;2871:126;3042:120;3204:96;3339:144;3492:96;3672:96;3825:84;3915:96;4050:144;4239:96;4347:144;4536:144;4707:144,773.7142857142858,108.0,1.250338313171167,1.2406247815500206,1.2397228475680409,1.2505976615283552,0.8075625302568858,3609,24,49:138;277:163;457:153;652:154;833:134;1036:181;1289:146;1452:132;1601:132;1823:195;2055:169;2248:138;2574:135;2717:149;2877:125;3048:139;3206:166;3406:173;3656:135;3826:155;3997:135;4187:146;4393:175;4651:141,16.428571428571445,146.0,1.1754280232594818,1.2032762496815168,1.1939389203167905,1.3366030932542623,5.99120167098568,1.0,3.010461537116893,1.0,3.6930776375594387,1.0,-6.87714637342276,0.0,0.002266784550117862
1,1.07,random,0.875,4256,0.909634669575034,0.909634669575034,4254,37,0:42;45:144;207:114;324:150;477:144;630:180;837:84;927:186;1116:96;1260:78;1359:78;1458:126;1602:96;1701:60;1764:108;1917:96;2016:42;2061:96;2169:96;2268:120;2421:144;2574:294;2871:126;3042:120;3204:96;3339:144;3492:96;3600:66;3672:96;3771:138;3915:96;4014:30;4050:144;4239:96;4347:144;4536:144;4707:144,1082.5714285714287,108.0,1.4728593741261633,1.4681247081717104,1.4589319195092243,1.5080163449155628,0.9175334252662086,4219,28,0:129;149:134;294:146;457:153;647:159;833:137;999:168;1184:154;1360:133;1503:156;1672:180;1862:156;2055:169;2248:138;2429:138;2574:135;2716:150;2874:134;3048:139;3206:166;3406:185;3656:135;3811:170;3997:135;4154:142;4302:139;4460:139;4651:200,9.428571428571445,144.0,1.3732977733982903,1.4048762332091589,1.393868013326534,1.5473298109128288,6.7597492657397895,1.0,4.308113242049871,1.0,4.459694473240217,1.0,-2.6069655100102507,0.0,0.007898755691174597
1,1.07,local,0.125,608,0.3405309083400037,0.3405309083400037,606,10,0:30;513:42;846:66;1089:24;1242:66;2502:84;2970:96;3375:54;4230:78;4500:66,742.5714285714287,66.0,0.2581574516968302,0.2483861684010957,0.2483861684010957,0.2483861684010957,0.3519765171957089,679,8,0:29;510:42;847:56;1244:116;2469:124;2948:123;3377:55;4502:134,399.8571428571429,86.0,0.2537464549721467,0.2538037071635657,0.2538037071635657,0.2538037071635657,1.708645904152939,1.0,-2.1810951863155736,0.0,-2.1810951863155736,0.0,-2.1810951863155736,0.0,0.01144560885570517
1,1.07,local,0.25,1216,0.5223237400337254,0.5223237400337254,1212,18,0:30;513:42;846:66;945:78;1089:66;1242:66;1323:48;1899:84;2052:78;2502:84;2637:78;2970:96;3375:54;3573:54;4230:78;4356:78;4500:66;4572:66,1215.4285714285716,66.0,0.4941536696253527,0.4698092110717894,0.4698092110717894,0.4698092110717894,0.5425204808805744,1328,11,0:30;509:128;842:156;1088:70;1240:120;2469:242;2944:135;3375:58;3575:51;4229:203;4502:135,352.1428571428572,128.0,0.4609583531636536,0.4652856760513111,0.4586541486325239,0.4832168470545451,6.717610027436693,1.0,0.9628451111374892,1.0,2.374381382139601,1.0,-2.853846980174879,0.0,0.02019674084684897
1,1.07,local,0.375,1824,0.6575007479846999,0.6575007479846999,1824,25,0:30;117:84;333:12;513:42;576:66;846:66;945:78;1089:66;1242:66;1323:48;1620:96;1746:120;1899:84;2052:78;2448:138;2637:78;2934:132;3375:54;3573:54;4131:78;4230:78;4356:78;4500:66;4572:66;4680:66,1550.5714285714287,66.0,0.7207864289778686,0.6962167207617765,0.6962167207617765,0.6962167207617765,0.6658293372526372,1916,14,0:48;509:130;794:119;946:212;1234:126;1619:149;1849:133;2049:82;2468:244;2943:136;3375:85;3573:54;4186:248;4488:150,301.8571428571429,131.5,0.648114477478306,0.655742243072821,0.6446357355126727,0.6892325246230203,10.08231406390616,1.0,5.813488312183845,1.0,7.408754158139963,1.0,1.0031640910770356,1.0,0.008328589267937225
1,1.07,local,0.5,2432,0.7577179801393545,0.7577179801393545,2430,31,0:30;117:84;513:42;576:66;648:72;756:156;945:78;1089:66;1242:66;1323:48;1413:96;1620:96;1746:120;1899:84;2052:78;2196:78;2448:138;2637:78;2754:54;2934:132;3069:66;3375:54;3573:54;3699:72;3996:90;4131:78;4230:78;4356:78;4500:66;4572:66;4680:66,1774.8571428571433,78.0,0.9363586284970398,0.9036283874829244,0.9032121102604724,0.9151284048895564,0.7753950710141653,2571,16,0:48;87:125;509:181;792:122;946:213;1234:128;1619:161;1820:162;2032:100;2464:153;2636:169;2943:187;3374:86;3574:196;4148:286;4487:254,200.14285714285717,161.5,0.8528413508799441,0.8681748950101132,0.8477426213414176,0.9367358778216854,8.919368613193669,1.0,3.923459351644276,1.0,6.1413579699521765,1.0,-2.361141105082054,0.0,0.01767709087481073
1,1.07,local,0.625,3040,0.8406714689458915,0.8406714689458915,3036,37,0:30;117:84;297:78;414:54;513:42;576:66;648:72;756:156;945:78;1026:60;1089:66;1242:66;1323:48;1413:96;1620:96;1746:120;1899:84;2052:78;2196:78;2448:186;2637:78;2754:54;2934:132;3069:66;3186:108;3375:162;3573:54;3699:72;3870:108;3996:90;4131:78;4230:78;4311:42;4356:78;4500:66;4572:66;4680:66,2053.1428571428573,78.0,1.1563677699465182,1.120442427964862,1.1177366260189223,1.1498525658615737,0.8457342518069997,3066,19,0:49;87:127;509:210;792:122;945:215;1234:137;1617:165;1819:165;2016:123;2171:105;2462:159;2629:176;2942:189;3176:128;3355:105;3573:198;3954:133;4132:302;4486:258,186.8571428571429,159.0,1.012782886395972,1.031126827862049,1.0076591994463058,1.1046415430973295,12.416887367691597,1.0,7.971458227000849,1.0,9.848243674780777,1.0,3.9318973672392454,1.0,0.005062782861108173
1,1.07,local,0.75,3648,0.9014197135221386,0.9014197135221386,3648,43,0:30;36:78;117:84;207:66;297:78;423:132;576:66;648:72;756:156;945:78;1026:60;1089:66;1242:66;1323:48;1413:96;1620:96;1746:120;1899:84;1989:60;2052:78;2196:78;2304:96;2448:138;2592:42;2637:78;2754:54;2934:132;3069:66;3186:108;3375:162;3573:54;3645:210;3870:108;3996:90;4131:78;4230:78;4311:42;4356:78;4437:60;4500:66;4572:66;4680:66;4770:84,2277.428571428571,78.0,1.373891886606128,1.3354883772880357,1.331811261823041,1.3623187988426149,0.902903176520402,3534,21,0:212;247:131;506:214;751:163;944:216;1234:138;1390:118;1617:165;1805:179;2016:124;2197:151;2450:172;2628:177;2942:189;3176:128;3355:105;3510:117;3665:134;3954:133;4132:308;4486:260,88.85714285714289,163.0,1.1569801954025865,1.1796264956798446,1.1530194432114411,1.269711468972383,15.788119379565602,1.0,11.67077784118934,1.0,13.424711423964231,1.0,6.797772294481163,1.0,0.0014834629982634073
1,1.07,local,0.875,4256,0.951237306614237,0.951237306614237,4254,45,0:30;36:78;117:84;207:66;297:78;423:132;576:66;648:264;945:78;1026:60;1089:66;1170:138;1323:48;1377:132;1530:186;1746:120;1899:84;1989:60;2052:78;2133:60;2196:78;2304:96;2403:42;2448:138;2592:42;2637:78;2718:90;2844:66;2934:132;3069:66;3150:222;3375:162;3573:54;3645:210;3870:108;3996:90;4131:78;4212:96;4311:42;4356:78;4437:60;4500:66;4572:66;4644:102;4770:84,2190.5714285714284,78.0,1.5638988492887662,1.53744966808942,1.5246838332675523,1.5635787363207558,0.9518840025799348,4034,22,0:214;245:133;416:224;646:133;790:132;943:218;1233:139;1390:118;1570:152;1747:256;2015:134;2168:182;2387:286;2677:135;2942:190;3157:147;3355:180;3570:147;3731:166;3954:146;4117:327;4471:275,24.285714285714306,159.0,1.3143344074960162,1.342270208812809,1.3048630750730068,1.4376216465452964,15.957837804295815,1.0,12.695014563901763,1.0,14.417465011316299,1.0,8.055692166283102,1.0,0.0006466959656977744
1,1.07,hot-cold,0.125,608,0.2920015191440331,0.2920015191440331,606,6,0:120;126:120;261:96;360:144;603:96;1089:30,212.2857142857143,108.0,0.2145862124235473,0.2142919518066874,0.2142919518066874,0.2142919518066874,0.3067218255777195,639,4,0:200;222:136;360:168;563:135,0.0,152.0,0.2078791754567088,0.2122162824760518,0.2091173298200188,0.2274222245059359,3.1255675241614544,1.0,0.9686174926943014,1.0,2.4147533040982383,1.0,-6.1272822374091485,0.0,0.014720306433686381
1,1.07,hot-cold,0.25,1216,0.4930030461428238,0.4930030461428238,1212,7,0:120;126:120;261:96;360:342;714:6;738:384;1224:144,197.42857142857144,120.0,0.4105090976799287,0.4170638530174662,0.3994761403688606,0.423778718112594,0.4966565885566731,1199,7,0:201;211:196;411:173;592:135;742:153;950:170;1221:171,0.0,171.0,0.3900581085643097,0.3981671561366066,0.3904891540335993,0.4480457242433351,4.981860141760974,1.0,4.530888194731231,1.0,2.2496928920368253,1.0,-5.726339028731875,0.0,0.003653542413849298
1,1.07,hot-cold,0.375,1824,0.6414525644035278,0.6414525644035278,1824,11,0:120;126:120;261:96;360:342;738:384;1125:78;1224:240;1512:96;1665:120;1854:84;1953:144,230.00000000000003,120.0,0.6122808966927858,0.6155331020958498,0.594129514908099,0.6240817781512592,0.647107925658116,1800,11,0:201;210:264;476:144;622:134;761:154;918:139;1061:140;1221:176;1412:178;1661:135;1846:135,0.8571428571428612,144.0,0.5856455697812617,0.5978347751384587,0.5879424094771294,0.6328718799122321,4.350180947240712,1.0,2.875284350610785,1.0,1.0413731813890048,1.0,-1.4084855653071937,0.0,0.005655361254588209
1,1.07,hot-cold,0.5,2432,0.7552477804446335,0.7552477804446335,2430,15,0:120;126:120;261:96;360:762;1125:78;1224:240;1467:30;1512:96;1611:174;1791:60;1854:84;1953:222;2178:96;2286:108;2493:144,460.57142857142867,108.0,0.8283695656429981,0.832166464573914,0.799176494694577,0.8546661402849202,0.7665208249148598,2438,16,0:157;158:155;315:136;452:143;596:175;773:142;917:135;1053:150;1206:135;1342:137;1482:155;1642:175;1830:185;2025:146;2181:171;2452:141,0.0,148.0,0.7931289980648767,0.8108259317043033,0.8044487959214591,0.9025296735200786,4.2542083919713924,1.0,2.5644548029867376,1.0,-0.659716753668671,0.0,-5.6002608479613025,0.0,0.011273044470226368
1,1.07,hot-cold,0.625,3040,0.836351279913883,0.836351279913883,3036,19,0:120;126:120;261:96;360:762;1125:78;1224:240;1467:42;1512:96;1611:174;1791:60;1854:84;1953:222;2178:96;2286:204;2493:144;2682:144;2871:144;3033:144;3276:66,490.57142857142867,120.0,1.0279781645663544,1.0323810964828433,0.997032222342944,1.060705782249154,0.852713384387178,3061,18,0:157;158:155;315:136;452:195;648:143;792:156;950:253;1206:194;1402:211;1615:187;1806:216;2025:147;2178:174;2360:187;2570:138;2712:138;2876:139;3045:135,0.0,156.5,0.9958030611470826,1.0186478528540273,0.9990828233987736,1.10653711878694,3.1299403555759997,1.0,1.3302494278133348,1.0,-0.20567048986750436,0.0,-4.3208340432163705,0.0,0.016362104473295003
1,1.07,hot-cold,0.75,3648,0.9023083373519442,0.9023083373519442,3648,22,0:120;126:120;261:96;360:762;1125:78;1206:258;1467:42;1512:96;1611:174;1791:60;1854:84;1953:222;2178:96;2286:204;2493:186;2682:186;2871:144;3033:144;3204:144;3366:144;3519:144;3690:144,421.7142857142858,144.0,1.221416025032867,1.2314022733736243,1.1920640758518912,1.2726767198213709,0.9075397458288932,3568,19,0:281;282:169;452:218;671:245;917:286;1206:205;1412:201;1615:149;1765:193;1959:178;2139:213;2355:192;2550:141;2698:204;2912:147;3066:134;3201:135;3367:135;3690:142,0.8571428571428612,192.0,1.16081048716383,1.186505630962033,1.152469186398476,1.2660638111819176,4.961907869794491,1.0,3.645976898238923,1.0,3.3215403647760544,1.0,0.5196063176500565,1.0,0.005231408476949029
1,1.07,hot-cold,0.875,4256,0.9544176701861046,0.9544176701861046,4254,24,0:258;261:96;360:762;1125:78;1206:258;1467:42;1512:96;1611:174;1791:60;1854:84;1944:6;1953:222;2178:96;2286:204;2493:186;2682:186;2871:144;3033:144;3204:144;3366:144;3519:144;3690:144;3852:438;4356:144,520.8571428571429,144.0,1.4267057876976752,1.44256087818644,1.3868491099149205,1.4946239110257495,0.95932792819896,4174,20,0:281;282:388;671:245;917:286;1204:409;1615:149;1765:193;1959:179;2139:213;2355:192;2550:236;2788:182;2973:175;3154:182;3339:154;3500:137;3650:154;3814:146;3972:136;4139:137,0.0,182.0,1.3578836906984393,1.3869903560216632,1.334909450190421,1.4914181504670654,4.82384648556704,1.0,3.8522133107227408,1.0,3.745155788987442,1.0,0.21448610148917524,1.0,0.004910258012855384
1,1.25,random,0.125,608,0.1570885965948795,0.1570885965948795,606,5,405:96;2088:144;3357:96;4014:126;4311:144,86.57142857142858,126.0,0.2042568238027259,0.2039301363511778,0.2039301363511778,0.2039301363511778,0.1793907341696427,695,5,356:145;3318:135;3923:137;4095:135;4312:143,0.0,137.0,0.2260970687674689,0.2303149694373268,0.2303149694373268,0.2303149694373268,-10.692541163685497,0.0,-12.938172630215394,0.0,-12.938172630215394,0.0,-12.938172630215394,0.0,0.02230213757476321
1,1.25,random,0.25,1216,0.3082593026227765,0.3082593026227765,1212,12,405:96;1269:84;1503:96;1863:144;2088:144;2367:12;2718:108;2952:66;3357:96;4014:126;4311:144;4509:96,433.7142857142858,96.0,0.4299236531104271,0.4259723822500726,0.4259723822500726,0.4259723822500726,0.3368202549760722,1344,10,356:145;1870:135;2100:136;2708:121;2881:136;3244:130;3413:126;3923:137;4095:135;4312:143,27.571428571428584,135.5,0.439494862189854,0.4490068693662895,0.4490068693662895,0.4490068693662895,-2.226257850709268,0.0,-5.407507170897796,0.0,-5.407507170897796,0.0,-5.407507170897796,0.0,0.0285609523532957
1,1.25,random,0.375,1824,0.4539658017924325,0.4539658017924325,1824,18,405:96;837:96;1107:90;1269:84;1503:96;1863:144;2088:144;2367:120;2718:108;2952:66;3240:96;3357:96;3789:78;4014:126;4176:54;4311:144;4509:96;4689:90,630.857142857143,96.0,0.6452175608632685,0.6333091142818787,0.6333091142818787,0.6333091142818787,0.4610841789857813,1871,14,356:145;637:150;1265:132;1870:135;2100:136;2375:110;2708:121;2881:136;3244:130;3413:126;3923:137;4095:135;4312:143;4472:135,55.285714285714306,135.0,0.6132154116982693,0.626203375108277,0.6260299262655885,0.6394362352814192,4.9599005213345375,1.0,1.1220017229120582,1.0,1.1493894296064622,1.0,-0.9674771547363736,0.0,0.0071183771933487905
1,1.25,random,0.5,2432,0.5878003861232982,0.5878003861232982,2430,24,351:24;405:96;639:144;837:96;1107:90;1269:84;1503:96;1629:120;1863:144;2088:144;2367:120;2718:108;2952:66;3042:126;3240:96;3357:96;3465:72;3789:78;3906:96;4014:126;4176:78;4311:144;4509:96;4689:90,843.1428571428572,96.0,0.8598037732868159,0.847405253771153,0.847405253771153,0.847405253771153,0.602994441070106,2501,18,356:145;637:150;837:149;1104:121;1265:132;1455:142;1870:135;2034:202;2375:110;2708:121;2881:136;3244:130;3405:134;3923:137;4095:135;4302:153;4472:135;4648:134,62.00000000000003,135.0,0.818718394700205,0.836206637789016,0.8333273870003883,0.8794475023742653,4.778459907142729,1.0,1.3215183564534771,1.0,1.661290947644578,1.0,-3.7812190165822823,0.0,0.015194054946807811
1,1.25,random,0.625,3040,0.7085653209432355,0.7085653209432355,3036,29,0:78;261:120;405:96;522:72;639:144;837:96;1107:90;1269:84;1503:96;1629:120;1863:144;2034:12;2088:144;2367:120;2574:252;2853:96;2952:66;3042:126;3240:96;3357:96;3465:72;3636:108;3789:78;3906:96;4014:126;4176:78;4311:144;4509:96;4689:90,1028.571428571429,96.0,1.072183252686824,1.0585735323912708,1.054272001092598,1.0599420347763595,0.719958179011957,3060,21,356:145;637:150;837:149;1104:121;1265:132;1455:142;1630:131;1783:125;1940:177;2154:149;2375:110;2708:186;2956:192;3244:130;3405:134;3692:173;3923:137;4082:148;4302:160;4472:135;4648:134,61.85714285714289,142.0,1.000560270342785,1.0233300236149996,1.016345816882746,1.1172565225597668,6.680106424396792,1.0,3.3293396913729456,1.0,3.5973813371262153,1.0,-5.407322844357254,0.0,0.011392858068721479
1,1.25,random,0.75,3648,0.8223543003776674,0.8223543003776674,3648,34,0:78;81:144;261:120;405:96;522:72;639:144;837:96;936:96;1107:90;1269:84;1377:96;1503:96;1629:120;1782:78;1863:144;2016:66;2088:144;2268:84;2367:120;2574:252;2853:96;2952:66;3042:126;3240:96;3357:96;3465:72;3636:108;3789:78;3906:96;4014:126;4176:78;4311:294;4689:90;4830:6,1250.0,96.0,1.2894726105141423,1.271644642970693,1.2613417817150006,1.2846597748020303,0.825928160930296,3623,23,7:132;356:233;637:150;837:149;1019:177;1247:150;1455:142;1624:137;1783:125;1940:177;2145:158;2346:139;2633:196;2859:158;3043:128;3193:142;3346:191;3640:225;3923:137;4082:148;4302:160;4472:135;4648:134,20.428571428571445,149.0,1.1803111589523798,1.2067228366196618,1.1914362119507227,1.3257833501473515,8.465589006829488,1.0,5.105341866527036,1.0,5.542159213122222,1.0,-3.2011257884725586,0.0,0.0035738605526285383
1,1.25,random,0.875,4256,0.9170063088615054,0.9170063088615054,4254,34,0:78;81:144;261:120;405:96;522:72;639:168;837:96;936:96;1035:318;1377:96;1503:96;1629:120;1782:78;1863:144;2016:66;2088:144;2268:84;2367:120;2493:78;2574:252;2853:96;2952:66;3042:192;3240:96;3357:96;3465:168;3636:108;3789:78;3906:96;4014:126;4176:78;4257:348;4608:66;4689:174,1034.5714285714287,96.0,1.4689154257436678,1.457239586650949,1.432956748674571,1.5088123917451837,0.9235051429528196,4185,26,7:161;265:133;406:187;637:150;837:149;1019:177;1216:141;1372:232;1624:137;1783:140;1939:187;2145:158;2333:152;2517:159;2694:135;2845:186;3043:128;3193:181;3382:157;3584:140;3736:153;3906:244;4176:184;4381:141;4548:127;4692:146,16.571428571428584,152.5,1.3628238066832,1.394196046613202,1.374532729480425,1.5484650330586958,7.222445703894554,1.0,4.326230265445563,1.0,4.07716557029274,1.0,-2.6280697010744536,0.0,0.006498834091314243
1,1.25,local,0.125,608,0.3775596095598053,0.3775596095598053,606,11,180:108;324:96;927:24;1134:48;1224:30;1971:48;2268:42;2511:48;3726:66;4185:54;4329:42,877.4285714285716,48.0,0.269238068580984,0.2624312470040325,0.2624312470040325,0.2624312470040325,0.3855993469486627,639,8,321:128;1115:140;1975:47;2274:36;2510:45;3681:121;4189:46;4295:76,445.0,61.5,0.2444428635860936,0.2435705026692918,0.2435705026692918,0.2435705026692918,9.209397885511962,1.0,7.1869278335025655,1.0,7.1869278335025655,1.0,7.1869278335025655,1.0,0.008039737388857437
1,1.25,local,0.25,1216,0.5472568465908318,0.5472568465908318,1212,19,0:66;180:108;324:96;423:30;927:48;1062:120;1224:30;1656:42;1971:48;2160:84;2268:42;2511:48;2862:66;3726:66;3834:78;4032:78;4185:54;4329:42;4581:66,1350.2857142857144,66.0,0.5052342865095065,0.488031348779654,0.488031348779654,0.488031348779654,0.5536738432189658,1269,12,178:116;316:135;926:49;1071:185;1974:132;2168:142;2509:104;2865:60;3680:122;4034:86;4185:61;4294:77,406.7142857142858,110.0,0.4462483949794399,0.4479380044647841,0.4463480567401403,0.4551513364575951,11.674958154083381,1.0,8.215321498326944,1.0,8.541109529899016,1.0,6.737274645220426,1.0,0.006416996628133997
1,1.25,local,0.375,1824,0.6676573060937028,0.6676573060937028,1824,24,0:114;180:108;324:96;423:126;927:48;1062:120;1188:18;1224:30;1377:42;1656:42;1971:48;2160:84;2268:42;2511:48;2862:66;3051:144;3600:108;3726:66;3834:78;4032:78;4185:54;4293:78;4401:120;4581:66,1421.7142857142858,72.0,0.7101988056415266,0.6954386712066966,0.6954386712066966,0.6954386712066966,0.6726885924753064,1820,16,0:113;174:128;316:135;926:50;1070:187;1380:38;1654:44;1974:135;2163:148;2508:106;2865:60;3680:232;3996:124;4185:61;4294:134;4587:125,500.42857142857144,124.5,0.6331995420755406,0.6377662933642264,0.6325107934307673,0.6567502843756041,10.841930872642358,1.0,8.292949505151824,1.0,9.048659555664251,1.0,5.563162998106208,1.0,0.005031286381603661
1,1.25,local,0.5,2432,0.7788104042329964,0.7788104042329964,2430,32,0:114;180:108;318:102;423:126;702:42;927:48;1062:120;1188:66;1377:42;1656:42;1971:48;2043:66;2160:84;2268:42;2340:48;2511:48;2565:54;2862:66;2970:66;3051:144;3402:66;3600:108;3726:66;3834:78;3951:72;4032:78;4185:54;4293:78;4401:120;4581:66;4662:120;4815:48,1894.5714285714287,66.0,0.9461950235700493,0.9193004558352552,0.9193004558352552,0.9193004558352552,0.7832496391308412,2394,22,0:113;172:131;312:139;703:37;924:54;1065:195;1380:39;1651:47;1974:136;2162:216;2504:110;2865:60;2975:119;3129:118;3589:60;3680:234;3994:128;4185:61;4294:81;4403:135;4580:132;4815:49,818.7142857142859,115.5,0.846085082428093,0.851050294845403,0.8426380259750147,0.8638692937937702,10.58026502445929,1.0,7.424140884151065,1.0,8.339213732966854,1.0,6.029711144994653,1.0,0.004439234897844813
1,1.25,local,0.625,3040,0.8583052243519111,0.8583052243519111,3036,35,0:114;180:240;423:126;702:42;927:48;990:192;1188:66;1377:42;1449:54;1530:66;1656:42;1800:144;1971:48;2043:66;2160:84;2268:42;2340:48;2421:138;2565:54;2862:66;2970:66;3051:198;3285:96;3402:66;3600:108;3726:66;3834:78;3951:72;4032:78;4185:54;4293:78;4401:120;4581:66;4662:120;4815:48,1921.7142857142858,66.0,1.145568863661114,1.121405520528242,1.1136003226072633,1.1350950949051792,0.8606567785516397,2955,25,0:150;169:134;312:140;513:35;703:38;926:167;1095:165;1379:40;1552:146;1974:136;2162:149;2346:125;2503:114;2864:61;2975:119;3129:119;3341:128;3588:61;3680:234;3951:169;4184:62;4293:85;4403:135;4580:132;4753:111,658.857142857143,128.0,1.0154545783923967,1.0273568966656814,1.020881473205314,1.0968397970827497,11.358050082898218,1.0,8.386673878532246,1.0,8.326043690869934,1.0,3.370228449945434,1.0,0.002351554199728545
1,1.25,local,0.75,3648,0.9182624905506034,0.9182624905506034,3648,38,0:114;126:294;423:126;648:48;702:42;837:138;990:192;1188:66;1296:66;1377:42;1440:66;1530:66;1656:42;1800:144;1971:48;2043:66;2160:84;2268:42;2340:48;2421:138;2565:54;2709:126;2862:66;2970:66;3051:198;3285:96;3402:66;3492:216;3726:66;3798:114;3951:72;4032:78;4113:126;4293:78;4401:120;4581:66;4662:120;4815:48,1852.571428571429,69.0,1.3389832482443975,1.3211168062043297,1.3082815918453867,1.348617104643576,0.9216772484507962,3529,25,0:150;168:135;310:238;655:88;924:169;1094:167;1379:119;1551:147;1807:135;1974:136;2162:149;2345:128;2501:117;2776:149;2969:126;3126:123;3283:186;3554:96;3679:235;3951:171;4154:93;4293:89;4403:135;4580:134;4750:114,256.42857142857144,135.0,1.1691222032994446,1.1843952396578934,1.1720977167112847,1.2745294424615932,12.685823005453244,1.0,10.34893855746547,1.0,10.409370274942786,1.0,5.4936024411141755,1.0,0.003414757900192855
1,1.25,local,0.875,4256,0.9658630974628,0.9658630974628,4254,33,0:114;126:294;423:192;648:96;837:138;990:372;1377:42;1440:66;1530:66;1602:96;1710:84;1800:168;1971:48;2025:84;2115:42;2160:150;2340:48;2421:138;2565:54;2655:180;2862:66;2970:66;3051:198;3285:96;3384:84;3492:420;3915:108;4032:78;4113:258;4401:120;4527:120;4662:120;4815:48,1220.8571428571431,96.0,1.4842217016090669,1.483158850382297,1.445902038972825,1.5433340512683618,0.9665035699366872,4061,23,0:151;166:139;308:263;651:93;909:142;1052:214;1296:206;1534:165;1782:269;2063:148;2225:162;2427:191;2702:224;2964:131;3126:124;3281:196;3488:162;3678:253;3946:136;4084:163;4292:247;4575:139;4721:143,56.571428571428584,162.0,1.3257708094328824,1.353584213442971,1.3200623337793895,1.4455835602490577,10.675688948922224,1.0,8.736396435616257,1.0,8.703197160080956,1.0,6.333722173690759,1.0,0.0006404724738872103
1,1.25,hot-cold,0.125,608,0.3147483456765477,0.3147483456765477,606,6,18:78;117:96;225:144;405:108;567:36;621:144,221.42857142857144,102.0,0.2153374406868797,0.2134586159821341,0.2134586159821341,0.2134586159821341,0.3226327667178369,620,4,22:188;224:150;437:151;629:131,3.857142857142861,150.5,0.20201502893558,0.2068655526484491,0.2047668216519192,0.239239821906385,6.18676051354754,1.0,3.088684569301625,1.0,4.071887325898505,1.0,-12.077847411138798,0.0,0.007884421041289225
1,1.25,hot-cold,0.25,1216,0.5097310558071781,0.5097310558071781,1212,10,18:78;117:96;225:144;405:108;522:96;621:144;786:6;819:288;1161:108;1314:144,317.1428571428572,108.0,0.4203454927529381,0.4206323635301927,0.4148738619529372,0.4213457253675786,0.5196789455670427,1197,8,0:139;140:140;287:131;428:163;596:137;737:157;912:191;1315:139,3.857142857142861,139.5,0.3897243939410902,0.399266878900108,0.3962777771777776,0.4276733585205249,7.284745367745793,1.0,5.079372507329927,1.0,4.482346679451476,1.0,-1.50176749685218,0.0,0.009947889759864603
1,1.25,hot-cold,0.375,1824,0.6654700475599593,0.6654700475599593,1824,11,18:78;117:96;225:288;522:96;621:486;1116:144;1314:144;1476:108;1593:144;1782:96;1881:144,200.2857142857143,144.0,0.6098394048369553,0.6121048788749963,0.5925745391882804,0.6196756872796465,0.6726326839656596,1786,12,0:139;140:140;287:135;428:163;596:140;737:157;912:191;1117:156;1309:145;1466:135;1610:136;1862:149,0.0,142.5,0.5810206688038843,0.594066014278098,0.5905276578872544,0.6477763320510602,4.725627075668548,1.0,2.947021861686905,1.0,0.34542174286291694,1.0,-4.534734111447003,0.0,0.007162636405700251
1,1.25,hot-cold,0.5,2432,0.783301657257168,0.783301657257168,2430,12,0:96;99:114;225:288;522:96;621:486;1116:342;1476:108;1593:528;2151:96;2277:24;2340:144;2763:108,302.0,111.0,0.8153404504508257,0.8246860499054727,0.7817401164558204,0.8397245200354699,0.7835308007424211,2372,15,0:197;198:135;334:212;548:164;714:145;862:150;1014:143;1164:136;1302:137;1442:142;1592:181;1785:183;1983:137;2154:170;2347:140,0.0,145.0,0.7716579095200523,0.7886550627608043,0.7790633417601348,0.845864853242522,5.357582946684425,1.0,4.369055005695599,1.0,0.34241234898131356,1.0,-0.7312318576564447,0.0,0.00022914348525304717
1,1.25,hot-cold,0.625,3040,0.8605404368119223,0.8605404368119223,3036,15,0:96;99:114;225:288;516:102;621:486;1116:468;1593:528;2151:96;2250:78;2340:144;2547:144;2763:108;2880:120;3015:144;3168:120,244.8571428571429,120.0,1.0077889049892943,1.0190630168585189,0.9710176874338272,1.03755944303549,0.8632099673614809,2975,16,0:333;334:280;615:148;764:179;945:148;1095:181;1277:146;1424:164;1592:236;1830:181;2013:166;2185:139;2347:141;2505:193;2754:139;3034:201,0.0,172.5,0.9678255821341296,0.9898890686624784,0.9631085673513866,1.0830738845029102,3.9654458049018904,1.0,2.862820818085954,1.0,0.8145186421209871,1.0,-4.386682784579832,0.0,0.002669530549558652
1,1.25,hot-cold,0.75,3648,0.9170332290165388,0.9170332290165388,3648,17,0:96;99:114;225:288;522:96;621:486;1116:468;1593:528;2151:96;2250:78;2340:204;2547:324;2880:120;3015:144;3168:120;3294:120;3456:288;3816:78,295.7142857142858,120.0,1.2110631605288165,1.2248248106330464,1.1614466035146986,1.2586474543537884,0.924115458610802,3588,20,0:333;334:280;615:148;764:179;945:170;1116:160;1277:146;1424:179;1604:224;1830:139;1970:160;2132:208;2347:152;2505:201;2711:162;2876:134;3015:163;3187:139;3359:177;3575:134,1.7142857142857224,162.5,1.167387305281646,1.19311629407233,1.1643584759545904,1.3253191433137768,3.606406062925671,1.0,2.5888205631895866,1.0,-0.2507108317403528,0.0,-5.297090041326835,0.0,0.00708222959426319
1,1.25,hot-cold,0.875,4256,0.957329602620709,0.957329602620709,4254,20,0:96;99:114;225:288;522:96;621:486;1116:468;1593:528;2124:24;2151:96;2250:78;2340:204;2547:324;2880:120;3015:144;3168:120;3294:120;3456:486;3978:210;4194:144;4428:108,376.57142857142867,132.0,1.4148504666669597,1.434056981157292,1.360063704866413,1.4782542221707111,0.9603509295270698,4084,22,0:333;334:280;615:148;764:249;1014:262;1277:146;1424:179;1604:173;1778:178;1957:154;2112:228;2343:147;2492:214;2711:162;2876:135;3015:149;3168:147;3319:183;3506:171;3680:144;3852:156;4061:146,0.0,166.5,1.3286049335918606,1.3564161556028391,1.320367704464097,1.5127040662076283,6.095734857286539,1.0,5.414068379053971,1.0,2.9186868424089796,1.0,-2.33044110547711,0.0,0.0030213269063608106
1,1.44,random,0.125,608,0.1865734731438592,0.1865734731438592,606,7,1368:126;2304:108;2637:54;3033:66;3159:66;4230:120;4599:66,338.0,66.0,0.2249156010443686,0.2190731713415334,0.2190731713415334,0.2190731713415334,0.1892097209250993,646,5,1369:123;2584:116;3036:170;4161:133;4330:104,63.428571428571445,123.0,0.2153680581974228,0.2184131132048481,0.2174302364296138,0.2283900384901706,4.244944682633367,1.0,0.30129574180320917,1.0,0.7499480204987252,1.0,-4.252856290701268,0.0,0.0026362477812401086
1,1.44,random,0.25,1216,0.3308997112139902,0.3308997112139902,1212,13,54:96;441:144;1368:126;2295:126;2637:54;3033:66;3159:66;3366:144;3798:42;4095:84;4230:120;4356:78;4599:66,559.4285714285716,84.0,0.4402530417312484,0.4320936159993774,0.4320936159993774,0.4320936159993774,0.333183333145699,1249,9,39:108;437:136;1369:147;2309:152;2571:129;3036:189;4160:134;4307:135;4555:119,49.428571428571445,135.0,0.4103854125332724,0.418083361156143,0.4160251015562404,0.4462741568630203,6.784195988862396,1.0,3.2424119043810706,1.0,3.7187576599512107,1.0,-3.281821424471887,0.0,0.002283621931708779
1,1.44,random,0.375,1824,0.4649102514368005,0.4649102514368005,1824,18,54:96;441:144;648:144;936:54;1161:144;1368:126;1818:96;2295:126;2637:54;3033:66;3159:66;3366:144;3564:96;3789:120;4095:84;4230:120;4356:78;4599:66,640.0000000000001,96.0,0.645968789126601,0.6363096407475445,0.6363096407475445,0.6363096407475445,0.4804775282148515,1916,13,39:108;437:141;1155:137;1369:147;2309:152;2571:129;3036:189;3369:138;3560:133;3794:183;4069:136;4230:204;4555:119,50.428571428571445,138.0,0.6274557002366633,0.6412388033225435,0.6353126345306892,0.6828104620351911,2.8659416989741615,1.0,-0.7746484194720349,0.0,0.1566857003272748,1.0,-7.307891993120985,0.0,0.015567276778051031
1,1.44,random,0.5,2432,0.5943487139134742,0.5943487139134742,2430,24,54:96;198:144;441:144;648:144;882:108;1161:144;1368:126;1584:84;1818:96;2034:108;2295:126;2637:54;2835:90;3033:66;3159:66;3366:144;3564:96;3789:120;3942:48;4095:84;4230:120;4356:78;4599:66;4725:78,852.2857142857144,96.0,0.8605550015501483,0.8469045401718338,0.8469045401718338,0.8469045401718338,0.6184456717221805,2566,17,39:108;198:140;437:161;619:169;917:128;1148:144;1369:147;1836:135;2309:159;2571:129;3036:189;3369:138;3563:158;3792:185;4069:136;4230:204;4538:136,39.571428571428584,144.0,0.8380213068881356,0.8559430522569199,0.8475943812955175,0.9294048986717244,2.6185071984268227,1.0,-1.067240952947568,0.0,-0.08145441321447677,0.0,-9.741399955554787,0.0,0.024096957808706243
1,1.44,random,0.625,3040,0.7123320892106926,0.7123320892106926,3036,30,54:96;198:144;441:144;648:144;882:108;1017:90;1161:144;1368:126;1584:84;1818:96;2034:108;2151:90;2295:126;2430:96;2556:78;2637:54;2835:90;3033:66;3159:66;3258:96;3366:144;3564:96;3672:96;3789:120;3942:108;4095:84;4230:120;4356:78;4599:66;4725:78,1055.4285714285718,96.0,1.0743899857103631,1.054701227582511,1.054701227582511,1.054701227582511,0.7390688054132117,3167,21,39:108;198:151;437:161;619:169;917:128;1148:144;1346:146;1505:162;1836:135;2039:204;2309:159;2571:139;2988:129;3158:134;3369:144;3563:158;3792:185;4069:136;4230:204;4538:136;4723:135,40.428571428571445,144.0,1.0336087681050876,1.054258808461363,1.044470512105647,1.150080625990994,3.7957555587519676,1.0,0.041947341064718646,1.0,0.9700107679132874,1.0,-9.043262292118758,0.0,0.026736716202519162
1,1.44,random,0.75,3648,0.8241643959717909,0.8241643959717909,3648,34,54:96;198:144;441:144;648:228;882:108;1017:108;1161:144;1368:126;1503:78;1584:84;1683:108;1818:96;1944:72;2034:108;2151:90;2295:126;2430:96;2556:78;2637:54;2736:72;2835:90;3033:66;3159:66;3258:96;3366:144;3564:96;3672:96;3789:120;3942:108;4095:84;4194:156;4356:78;4455:210;4725:78,1163.142857142857,96.0,1.282335942012484,1.2633384390614166,1.2569902114190206,1.2815332819728074,0.8287878326305207,3635,24,29:118;191:170;437:161;619:144;768:135;917:138;1148:144;1346:146;1505:162;1811:160;2039:204;2295:173;2571:139;2782:143;2988:129;3158:134;3345:168;3536:126;3680:157;3887:158;4069:190;4269:165;4538:136;4723:135,32.428571428571445,145.0,1.185200980328881,1.210089595682876,1.1993473306923734,1.3285261689172296,7.5748451323262795,1.0,4.214930990155031,1.0,4.585785967384259,1.0,-3.6669267669803274,0.0,0.004623436658729774
1,1.44,random,0.875,4256,0.9204139163762668,0.9204139163762668,4254,35,0:150;198:240;441:204;648:228;882:108;1017:108;1161:204;1368:126;1503:78;1584:84;1683:108;1818:96;1944:72;2034:108;2151:90;2295:126;2430:96;2556:78;2637:174;2835:90;2943:78;3033:66;3105:120;3258:96;3366:294;3672:96;3789:120;3942:150;4095:84;4185:42;4230:120;4356:78;4455:210;4725:78;4806:54,1106.2857142857144,108.0,1.474807872434182,1.4670628927627032,1.4451042692783496,1.5344187509316434,0.9206619799313868,4160,25,39:135;191:193;437:161;619:144;768:135;917:205;1142:161;1346:179;1554:149;1747:166;1945:147;2097:146;2277:239;2571:139;2744:182;2988:158;3158:195;3369:144;3536:126;3678:189;3887:158;4069:190;4269:173;4463:211;4723:135,8.857142857142861,161.0,1.3540569697508529,1.381459518212837,1.3580207979375425,1.53185597611041,8.18756835654998,1.0,5.835017365115269,1.0,6.0261029734757106,1.0,0.16701925857445232,1.0,0.0002480635551199706
1,1.44,local,0.125,608,0.3805529444595876,0.3805529444595876,606,10,63:72;162:36;558:78;1530:72;2349:66;2655:66;2925:48;3213:48;3393:54;4635:66,742.5714285714287,66.0,0.2581574516968302,0.2452235379751358,0.2452235379751358,0.2452235379751358,0.3890107156429643,647,8,63:134;559:79;1525:76;2348:71;2659:63;2875:109;3213:41;4636:74,431.8571428571429,75.0,0.2459655291448046,0.2402827019183219,0.2402827019183219,0.2402827019183219,4.722669236115362,1.0,2.0148294481074136,1.0,2.0148294481074136,1.0,2.0148294481074136,1.0,0.008457771183376706
1,1.44,local,0.25,1216,0.5613880195405678,0.5613880195405678,1212,17,63:72;162:36;468:78;558:78;1530:72;1764:66;1872:84;2124:66;2349:66;2655:66;2871:102;3069:108;3213:48;3294:84;3393:54;3816:66;4635:66,1080.5714285714287,66.0,0.4830730527411989,0.4610800764890556,0.4610800764890556,0.4610800764890556,0.5767884298930419,1332,11,62:135;469:169;1525:78;1668:159;2342:110;2657:127;2875:112;3106:148;3295:151;3814:63;4634:80,239.14285714285717,127.0,0.4529749194401547,0.4563234079253141,0.4545368848456234,0.4991876964955547,6.230555219392231,1.0,1.0316361097104099,1.0,1.4191009278162747,1.0,-8.264859392033097,0.0,0.015400410352474081
1,1.44,local,0.375,1824,0.7054848832668812,0.7054848832668812,1824,27,0:18;63:72;162:36;252:48;378:66;468:78;558:78;819:60;927:78;1530:72;1665:84;1764:66;1854:96;2016:66;2124:66;2277:12;2349:66;2655:66;2754:78;2871:102;3069:108;3213:48;3294:84;3393:54;3816:66;4428:90;4635:66,1817.142857142857,66.0,0.7426894280306557,0.7122703380051485,0.7122703380051485,0.7122703380051485,0.7353592372516098,2074,15,0:197;382:110;523:121;823:170;1520:83;1666:162;1857:132;2033:138;2328:124;2657:127;2875:158;3070:188;3293:153;3762:117;4620:94,170.8571428571429,132.0,0.6887512697159616,0.7001448979644259,0.6939238661400013,0.7569462576570569,7.26254559159657,1.0,1.7023648738037078,1.0,2.575773675558357,1.0,-6.272326287941743,0.0,0.029874353984728597
1,1.44,local,0.5,2432,0.8034963830367392,0.8034963830367392,2430,34,0:18;63:72;162:36;252:48;378:66;468:78;558:78;819:60;927:78;1107:12;1350:78;1530:72;1665:84;1764:66;1854:96;2016:66;2124:66;2268:78;2349:66;2421:36;2655:66;2754:78;2871:102;2979:54;3069:108;3213:48;3294:84;3393:162;3762:120;4275:66;4428:90;4527:66;4635:66;4797:66,2182.285714285714,66.0,0.9698352379817926,0.9341914058868198,0.9335323002846038,0.9452912974719688,0.8137548708461566,2502,18,0:141;153:134;381:129;523:127;821:184;1519:87;1666:162;1849:138;2029:153;2328:127;2657:174;2874:159;3070:190;3286:184;3758:122;4433:135;4619:95;4798:61,196.8571428571429,136.5,0.8301243311077653,0.8454938779453237,0.8379661981726464,0.9109480855822196,14.4056331841234,1.0,9.494577597542364,1.0,10.2370429049774,1.0,3.6330824140235585,1.0,0.010258487809417405
1,1.44,local,0.625,3040,0.8705780744839561,0.8705780744839561,3036,37,0:18;63:72;162:36;252:48;306:138;468:78;558:78;819:60;927:78;1107:48;1350:78;1512:90;1665:84;1764:66;1854:96;1953:60;2016:66;2124:66;2268:78;2349:66;2421:36;2655:66;2754:78;2871:102;2979:54;3069:192;3294:84;3393:162;3663:78;3762:120;3924:240;4275:66;4428:90;4527:66;4635:66;4707:66;4797:66,2146.285714285714,72.0,1.1640209078792176,1.129529889276053,1.123181661633657,1.1493580771900236,0.8803778743275844,3001,19,0:228;256:184;460:190;821:185;1348:80;1519:122;1666:163;1847:142;2027:161;2272:180;2652:201;2870:166;3057:204;3286:272;3754:133;4261:80;4422:146;4619:98;4798:66,230.14285714285717,163.0,0.9951937136837689,1.0096204787761969,0.9881128222828328,1.095499554961176,14.503793965612067,1.0,10.61586874666145,1.0,12.0255559687796,1.0,4.685965435638839,1.0,0.009799799843628332
1,1.44,local,0.75,3648,0.9266071126007036,0.9266071126007036,3648,38,0:18;27:132;162:138;306:138;468:78;558:78;639:144;819:60;927:78;1107:48;1350:78;1512:150;1665:84;1764:66;1854:96;1953:60;2016:66;2088:102;2268:78;2349:66;2421:102;2655:66;2754:78;2835:138;2979:54;3069:192;3276:102;3393:162;3609:48;3663:78;3762:120;3924:240;4275:66;4356:162;4527:66;4617:84;4707:66;4797:66,1726.8571428571431,78.0,1.3286538596235762,1.3085746960967586,1.301393914009458,1.3527356357690206,0.927654527636562,3465,20,0:228;256:184;459:200;813:195;1108:39;1331:107;1518:123;1663:169;1847:155;2008:180;2271:186;2650:206;2866:170;3057:206;3280:278;3719:168;4029:135;4260:124;4421:167;4619:245,146.42857142857144,175.0,1.1392635387582144,1.160488149262227,1.1300825671389474,1.2602120439950208,14.254301035110705,1.0,11.316629251371513,1.0,13.163681267166705,1.0,6.83973936425506,1.0,0.0010474150358583678
1,1.44,local,0.875,4256,0.9628307107622388,0.9628307107622388,4254,36,0:18;27:132;162:138;306:138;450:96;558:78;639:240;891:114;1107:48;1206:222;1512:150;1665:84;1758:72;1836:114;1953:60;2016:66;2088:102;2268:78;2349:66;2421:102;2565:156;2727:24;2754:78;2835:138;2979:282;3276:102;3393:264;3663:78;3762:120;3888:276;4167:174;4356:162;4527:66;4617:84;4707:66;4797:66,1322.571428571429,102.0,1.4925791160386406,1.4931754418251124,1.4683028777835934,1.5454390592340428,0.9643727456422516,3918,21,0:229;241:207;458:202;772:237;1104:51;1329:119;1517:125;1659:174;1842:161;2005:186;2264:250;2649:208;2860:178;3055:211;3279:281;3609:135;3753:146;3924:240;4229:157;4421:173;4616:248,109.57142857142858,186.0,1.2836048939247684,1.3089217674436362,1.2680109670815285,1.4019930162727097,14.000880748519206,1.0,12.339720385185448,1.0,13.641048705455505,1.0,9.281895789047056,1.0,0.0015420348800128103
1,1.44,hot-cold,0.125,608,0.3337587299798516,0.3337587299798516,606,6,0:96;126:126;306:96;405:96;657:96;837:96,203.14285714285717,96.0,0.2138349841602148,0.2092645278094512,0.2092645278094512,0.2092645278094512,0.374319028096314,693,5,2:150;157:142;308:136;670:132;834:133,4.714285714285722,136.0,0.2258337817939369,0.2316053525191307,0.2314319036764423,0.2448382126922731,-5.611241622059415,0.0,-10.675877533349688,0.0,-10.592992562588499,0.0,-16.99938601883546,0.0,0.04056029811646239
1,1.44,hot-cold,0.25,1216,0.5463716776523906,0.5463716776523906,1212,11,0:96;99:24;126:276;405:126;540:96;657:96;756:78;837:96;936:96;1098:120;1242:108,412.57142857142867,96.0,0.4281864377514707,0.4247186095509674,0.4194457647332395,0.4263263539016529,0.5830266937924955,1324,8,1:186;190:181;375:196;576:156;739:157;904:166;1093:134;1284:148,0.8571428571428612,161.5,0.4307934766398009,0.440146634655602,0.4332664972289615,0.5022981661749243,-0.6088560165568246,0.0,-3.6325286337101748,0.0,-3.294998700132723,0.0,-17.820106962188163,0.0,0.03665501614010491
1,1.44,hot-cold,0.375,1824,0.691593145481026,0.691593145481026,1824,16,0:96;99:24;126:276;405:126;540:96;657:96;756:78;837:96;936:96;1035:60;1098:120;1233:282;1530:108;1665:144;1899:78;2151:48,631.1428571428571,96.0,0.6452410367464977,0.6404422591091635,0.629653741093944,0.6419860094136746,0.7087058576036401,1874,11,1:186;190:174;365:206;576:161;739:195;937:147;1093:172;1278:203;1502:136;1662:153;1898:141,0.0,172.0,0.6096487868636501,0.6237101187073637,0.6121526441562255,0.6978656894608922,5.516116901416346,1.0,2.612591559007016,1.0,2.779479544949981,1.0,-8.704189690715003,0.0,0.017112712122614115
1,1.44,hot-cold,0.5,2432,0.789903927730885,0.789903927730885,2430,20,0:96;99:24;126:276;405:126;540:96;648:6;657:96;756:78;837:96;936:96;1035:60;1098:120;1233:282;1530:108;1665:312;2016:96;2142:108;2322:144;2619:126;2871:84,741.7142857142858,96.0,0.8514698347404713,0.8506520353173002,0.83313370220577,0.8632124702104076,0.8068744269371477,2461,14,0:194;195:169;365:172;539:198;739:215;956:189;1147:215;1367:149;1522:171;1699:143;1852:243;2131:138;2323:135;2615:130,4.857142857142861,171.5,0.8010104371181199,0.8196450061454752,0.8011148881182626,0.8879999042113077,5.926152115269179,1.0,3.645089635300658,1.0,3.8431783521343243,1.0,-2.8715333543383847,0.0,0.0169704992062627
1,1.44,hot-cold,0.625,3040,0.868615627790974,0.868615627790974,3036,19,0:96;99:24;126:276;405:126;534:102;639:114;756:78;837:96;936:96;1035:60;1098:120;1233:282;1530:132;1665:312;1980:132;2142:324;2475:270;2790:288;3123:108,469.1428571428572,120.0,1.026217473324169,1.0375845958402132,1.0020622728576254,1.0601243089872971,0.8837852356127146,3065,17,0:278;279:163;443:160;604:159;764:190;956:189;1147:215;1367:149;1518:175;1696:150;1850:262;2129:155;2296:166;2471:218;2698:140;2871:161;3095:135,0.0,163.0,0.9971043392407084,1.0186091364009124,0.9941528495818456,1.1427769138959245,2.8369361115199054,1.0,1.8288108280881787,1.0,0.7893145456144279,1.0,-7.796501241216025,0.0,0.015169607821740594
1,1.44,hot-cold,0.75,3648,0.9193056305268194,0.9193056305268194,3648,23,0:96;99:24;126:276;405:126;540:96;639:114;756:78;837:96;936:96;1035:60;1098:120;1233:282;1530:132;1665:312;1980:132;2124:342;2475:312;2790:330;3123:108;3249:84;3339:144;3510:144;3663:144,526.0000000000001,126.0,1.229984722411503,1.2409095941243846,1.2012591886858124,1.2770224759625173,0.9201802212339733,3457,18,0:442;443:160;604:228;833:242;1076:142;1219:143;1364:152;1518:169;1689:157;1849:141;1992:146;2140:148;2295:174;2471:219;2697:261;2962:136;3110:191;3339:206,0.0,164.5,1.124629592416029,1.1501492801053157,1.1155462359889765,1.253697928420841,8.565564114399338,1.0,7.314015013568465,1.0,7.135258860380212,1.0,1.8264790151086507,1.0,0.0008745907071538994
1,1.44,hot-cold,0.875,4256,0.9609544174194278,0.9609544174194278,4254,28,0:96;99:24;126:276;405:126;534:102;639:114;756:78;837:96;936:96;1035:60;1098:132;1233:282;1518:144;1665:312;1980:132;2115:24;2142:324;2475:312;2790:330;3123:108;3249:84;3339:144;3510:144;3663:210;3879:144;4059:120;4230:144;4563:96,669.7142857142858,129.0,1.4389367228600567,1.4532874908445896,1.4117638379049826,1.4971220470176756,0.9631290080031412,4074,21,0:603;604:228;833:242;1076:239;1316:158;1475:150;1626:222;1849:141;1992:146;2140:161;2303:149;2453:137;2592:224;2819:140;2962:136;3110:209;3324:161;3493:199;3704:167;3880:137;4052:125,9.857142857142861,161.0,1.3261616563292018,1.3556726989359769,1.3122757984953348,1.468626210991273,7.83738886771207,1.0,6.716825990973274,1.0,7.047073790846293,1.0,1.9033742828894473,1.0,0.002174590583713387
1,2.48,random,0.125,608,0.2133968916013871,0.2133968916013871,606,10,0:72;441:78;846:78;1341:48;2403:66;2580:6;2655:72;3303:12;3681:66;4275:108,742.5714285714287,69.0,0.2581574516968302,0.2498485355689849,0.2498485355689849,0.2498485355689849,0.2288535131189762,699,6,35:37;392:127;812:132;2578:138;3678:118;4283:147,125.42857142857144,129.5,0.2377042595986869,0.2430164870387046,0.2429644523858981,0.2530218487144715,7.922758751958359,1.0,2.7344761155880026,1.0,2.755302594593778,1.0,-1.2700947549121766,0.0,0.015456621517589086
1,2.48,random,0.25,1216,0.3601653135730465,0.3601653135730465,1212,15,0:72;390:6;441:78;846:78;1341:120;2124:108;2403:66;2580:6;2655:72;3177:138;3681:66;3870:126;4275:108;4410:96;4617:72,814.0000000000002,78.0,0.4611700536884117,0.4534214250047711,0.4534214250047711,0.4534214250047711,0.3690416652526604,1270,10,35:37;392:127;812:132;1343:122;2101:130;2578:144;3157:158;3678:118;3871:150;4283:152,143.14285714285717,131.0,0.4249172122239651,0.4342173405169444,0.4332922800226061,0.4707973394880282,7.861057146815675,1.0,4.235372090682454,1.0,4.439389907954439,1.0,-3.8321776442465705,0.0,0.008876351679613925
1,2.48,random,0.375,1824,0.5010539104538052,0.5010539104538052,1824,21,0:72;333:66;441:78;756:78;846:78;1125:108;1341:120;1512:6;1629:144;2124:108;2403:66;2580:6;2655:72;2781:144;3096:72;3177:138;3681:66;3870:126;4275:108;4410:96;4617:72,1029.4285714285716,78.0,0.6779664179679181,0.6659810401977778,0.6659810401977778,0.6659810401977778,0.5111297913131176,1905,13,35:139;392:127;812:132;1095:138;1342:126;2101:130;2406:180;2660:173;3096:219;3678:118;3871:150;4283:152;4623:121,55.14285714285717,138.0,0.6242645375524734,0.6392378494692602,0.6333521520740333,0.6848521929566879,7.921023666099336,1.0,4.015608420410233,1.0,4.89937192717298,1.0,-2.833587087299949,0.0,0.010075880859312436
1,2.48,random,0.5,2432,0.6193170298818432,0.6193170298818432,2430,26,0:72;288:108;441:78;756:78;846:78;1125:108;1341:120;1512:66;1629:144;1890:66;2124:108;2403:66;2580:6;2655:72;2781:144;3096:72;3177:138;3456:96;3681:66;3771:78;3870:126;4068:144;4275:108;4410:96;4617:72;4707:120,1106.8571428571431,87.0,0.8814720135073116,0.8642346955175739,0.8642346955175739,0.8642346955175739,0.6212522768483797,2431,16,35:139;381:138;812:132;1086:147;1343:175;1650:131;2101:147;2406:180;2609:146;2783:142;3096:219;3678:118;3871:150;4254:127;4415:137;4623:203,31.428571428571445,144.0,0.7934341085562371,0.8124193052151717,0.8042729912369057,0.8801811905862633,9.98760069542971,1.0,5.995523041501006,1.0,6.938127408175665,1.0,-1.8451579358474302,0.0,0.0019352469665364636
1,2.48,random,0.625,3040,0.7313968755813465,0.7313968755813465,3036,30,0:72;126:144;288:108;441:78;594:144;756:78;846:78;927:108;1125:108;1341:120;1512:66;1629:144;1800:144;2124:108;2403:66;2502:84;2655:72;2781:144;3096:72;3177:138;3456:96;3573:54;3681:66;3771:78;3870:126;4068:144;4275:108;4410:96;4617:72;4707:120,1067.714285714286,102.0,1.0753994486892162,1.0573247358511872,1.0573247358511872,1.0573247358511872,0.7520422044470785,3102,21,35:139;381:138;695:137;845:139;1086:157;1341:127;1513:149;1704:135;1870:130;2101:147;2406:180;2609:146;2783:147;3096:219;3464:128;3678:118;3871:150;4064:148;4254:127;4415:138;4623:203,44.285714285714306,139.0,1.012779923507263,1.0370541353989549,1.0294108230644852,1.130072925480628,5.8229084326088305,1.0,1.9171593896281758,1.0,2.6400510496172536,1.0,-6.880401750071208,0.0,0.020645328865732004
1,2.48,random,0.75,3648,0.8330329068274088,0.8330329068274088,3648,33,0:72;126:144;288:108;441:78;594:144;756:78;846:78;927:108;1044:78;1125:108;1341:120;1512:66;1629:144;1800:144;2034:198;2241:144;2403:66;2502:84;2619:30;2655:72;2781:144;2970:108;3096:72;3177:138;3348:204;3573:174;3771:78;3870:126;4068:144;4275:108;4410:96;4617:72;4707:120,1040.857142857143,108.0,1.2722882639904125,1.261732428794703,1.256112686291598,1.2815835686988806,0.8435733123884662,3611,24,35:145;227:148;381:138;599:187;803:141;970:136;1125:147;1341:127;1513:156;1705:141;1870:130;2101:176;2353:129;2505:139;2660:135;2810:137;3096:219;3464:156;3638:158;3871:150;4064:148;4254:127;4415:138;4623:203,26.428571428571445,143.0,1.1769003182193147,1.2074398827737751,1.1975186089719978,1.3075052198870278,7.497353270549112,1.0,4.30301582030288,1.0,4.664715033854683,1.0,-2.0226266800895454,0.0,0.010540405561057398
1,2.48,random,0.875,4256,0.9269637777193938,0.9269637777193938,4254,35,0:72;81:30;126:144;288:108;441:78;522:66;594:144;756:78;846:78;927:108;1044:78;1125:204;1341:120;1512:66;1584:42;1629:144;1800:210;2034:198;2241:144;2403:66;2502:84;2592:54;2655:270;2970:108;3096:72;3177:138;3348:204;3573:174;3771:78;3870:402;4275:108;4410:96;4518:96;4617:72;4707:120,1223.714285714286,108.0,1.484456460441358,1.4765388383400015,1.4505562017052769,1.50863356498068,0.9283773211274882,4134,27,35:145;227:173;421:160;598:188;802:150;969:137;1125:147;1341:177;1529:140;1688:158;1870:130;2043:135;2189:140;2353:129;2505:139;2660:219;2906:164;3096:156;3268:150;3430:121;3563:132;3713:136;3871:150;4064:148;4233:148;4412:141;4605:221,27.428571428571445,148.0,1.3471245945521797,1.379177154683979,1.3660933303171827,1.523471955112604,9.25132326537531,1.0,6.5939128133928,1.0,5.822792063402948,1.0,-0.9835648945086373,0.0,0.0014135434080944087
1,2.48,local,0.125,608,0.4800285658452251,0.4800285658452251,606,11,234:84;324:66;414:48;684:48;1197:78;2646:48;3087:42;3276:66;3501:24;3888:48;4329:54,877.4285714285716,48.0,0.269238068580984,0.2578672977984529,0.2578672977984529,0.2578672977984529,0.4843583349321509,624,8,230:228;685:46;2649:49;3089:38;3240:140;3504:20;3888:45;4332:58,553.1428571428571,47.5,0.2484486925372264,0.2503797928011205,0.2470495750215029,0.2528441057430806,7.72155889890599,1.0,2.9036271994382967,1.0,4.195073539493577,1.0,1.9479756053822794,1.0,0.004329769086925839
1,2.48,local,0.25,1216,0.6460732775640866,0.6460732775640866,1212,19,27:30;234:156;414:48;468:96;684:48;1197:78;1683:66;2646:48;2826:144;3087:42;3213:54;3276:66;3348:48;3501:24;3636:54;3888:48;4095:12;4167:96;4329:54,1380.5714285714287,54.0,0.5077227301317953,0.4960435361736211,0.4956272589511689,0.5075435535802528,0.6514853296698844,1233,13,226:159;405:135;684:53;1190:94;1685:62;2647:71;2813:155;3085:42;3235:160;3504:29;3860:92;4166:97;4314:84,589.7142857142859,92.0,0.4495731953450723,0.4460096845013021,0.4445180244541817,0.4812742106205227,11.453009947304993,1.0,10.0865847498528,1.0,10.312030578209718,1.0,5.175781028923343,1.0,0.00541205210579776
1,2.48,local,0.375,1824,0.7612483158983279,0.7612483158983279,1824,26,27:30;234:156;414:48;468:96;684:48;783:12;1197:78;1341:66;1683:66;1791:78;1953:78;2088:84;2205:66;2547:66;2646:48;2826:144;3087:42;3213:54;3276:66;3348:48;3501:24;3636:54;3888:48;4023:96;4167:96;4329:132,1712.5714285714287,66.0,0.7340972547687906,0.7138095204655047,0.7133932432430525,0.7253095378721365,0.7684444455288681,1860,17,25:28;226:165;405:160;682:114;1189:100;1345:42;1676:133;2084:187;2640:99;2813:156;3085:44;3235:160;3503:31;3638:48;3840:112;4091:172;4314:109,623.4285714285716,112.0,0.6563186907419424,0.6637487040261932,0.658660871307333,0.726057173936758,10.595130757074578,1.0,7.013189794199548,1.0,7.672118071501311,1.0,-0.10307820669432921,0.0,0.007196129630540282
1,2.48,local,0.5,2432,0.8479492630993875,0.8479492630993875,2430,33,27:30;162:228;414:48;468:96;684:48;765:48;1197:78;1341:66;1413:90;1683:66;1791:78;1953:78;2088:84;2205:66;2394:66;2547:66;2646:48;2700:78;2814:6;2826:144;3087:42;3213:54;3276:66;3348:48;3501:24;3636:54;3726:66;3834:102;4023:96;4167:96;4311:150;4554:66;4653:54,2137.714285714286,66.0,0.9661730001980467,0.93674697430898,0.933243307686674,0.9524441474240825,0.8508182813042435,2397,20,24:29;225:166;402:163;682:125;1186:105;1345:87;1677:196;1932:97;2082:189;2547:192;2812:158;3085:44;3218:177;3503:31;3637:120;3839:114;4022:98;4162:116;4314:145;4660:45,607.2857142857144,118.0,0.829688887408749,0.8382797244444502,0.8293355457898174,0.8981972612050279,14.126260282715531,1.0,10.511616537343738,1.0,11.134048435281407,1.0,5.695545126269829,1.0,0.0028690182048560775
1,2.48,local,0.625,3040,0.9037855917337873,0.9037855917337873,3036,34,27:30;81:78;162:228;396:66;468:96;630:102;765:48;1143:132;1278:48;1341:66;1413:90;1593:156;1791:78;1899:132;2070:102;2205:66;2394:66;2475:138;2646:132;2790:180;3087:42;3213:54;3276:66;3348:48;3501:24;3636:54;3726:66;3834:102;3942:48;4023:96;4167:96;4275:186;4554:66;4653:54,1762.8571428571431,72.0,1.1325162725857123,1.1178100466372056,1.1110455417723573,1.1467865241102584,0.91119023939934,2983,21,24:154;221:174;401:168;672:135;1149:140;1345:158;1675:198;1931:98;2081:191;2396:214;2635:135;2811:159;3082:47;3200:208;3499:38;3636:122;3833:122;4016:105;4162:118;4312:150;4556:149,294.0,149.0,0.9945848221641655,1.0100321763644338,0.997075547815609,1.1108282191198235,12.179202521004628,1.0,9.641877043153112,1.0,10.257904799738583,1.0,3.1355709397033027,1.0,0.0074046476655527105
1,2.48,local,0.75,3648,0.9438776884227024,0.9438776884227024,3648,39,27:30;81:78;162:228;396:66;468:96;630:102;765:48;828:84;1026:48;1143:132;1278:48;1341:66;1413:90;1593:156;1755:114;1899:132;2052:120;2178:24;2205:66;2277:30;2394:66;2475:138;2646:132;2790:234;3087:42;3159:108;3276:66;3348:48;3402:30;3501:24;3528:162;3726:66;3798:138;3942:48;4023:96;4167:96;4275:186;4464:156;4653:54,1930.571428571429,84.0,1.3453921643659523,1.340272841401928,1.3302474982945376,1.3857283146736932,0.9439103128776112,3384,21,24:155;190:206;400:175;635:174;1147:146;1342:163;1674:206;1903:127;2070:229;2373:238;2635:144;2806:180;3082:57;3185:226;3493:45;3614:178;3803:152;4013:131;4161:123;4310:161;4549:168,191.2857142857143,163.0,1.1165983710292684,1.1382769507045885,1.1151562199742224,1.2541132767091343,17.00573255861858,1.0,15.071251498765836,1.0,16.169267643508146,1.0,9.4978962738126,1.0,3.262445490881394e-05
1,2.48,local,0.875,4256,0.9787934985930042,0.9787934985930042,4254,37,9:48;81:78;162:402;567:60;630:108;765:48;828:84;918:66;1026:48;1143:132;1278:48;1341:66;1413:336;1755:114;1872:24;1899:132;2052:120;2178:24;2205:66;2277:30;2358:102;2475:138;2628:150;2790:234;3051:78;3159:108;3270:126;3402:36;3501:24;3528:264;3798:192;4005:114;4131:132;4275:186;4464:156;4653:132;4815:48,1580.0000000000002,108.0,1.5137308868280952,1.5229980449371474,1.4924710486239858,1.5722237047134913,0.9797836716618816,4027,23,24:156;186:406;620:124;765:148;939:134;1129:164;1342:170;1590:159;1750:136;1899:133;2063:240;2373:238;2634:147;2783:207;3082:149;3233:196;3492:57;3612:181;3802:252;4085:199;4310:182;4509:117;4650:132,112.14285714285717,159.0,1.3192760049251315,1.3454353183779226,1.3105258479728337,1.4580095724698474,12.846066866642902,1.0,11.658762606392747,1.0,12.190869686812366,1.0,7.264496261011233,1.0,0.0009901730688773869
1,2.48,hot-cold,0.125,608,0.3963660061957309,0.3963660061957309,606,6,0:114;126:108;243:144;477:84;576:108;747:48,212.2857142857143,108.0,0.2145862124235473,0.2124373415896197,0.2124373415896197,0.2124373415896197,0.3986858622341901,605,3,0:233;247:170;479:202,0.0,202.0,0.1968183116608902,0.2010524907826378,0.1942590777773415,0.2186169519038874,8.280075668415765,1.0,5.359157068052012,1.0,8.557000231811617,1.0,-2.908909642733759,0.0,0.0023198560384591893
1,2.48,hot-cold,0.25,1216,0.6050989786480552,0.6050989786480552,1212,10,0:114;126:108;243:222;477:84;576:168;747:96;846:198;1053:96;1161:30;1260:96,320.0,102.0,0.4205802515852295,0.4207348842344641,0.4146294849718318,0.4388347634699864,0.6142099623110411,1214,8,0:233;239:157;405:147;557:145;721:135;859:130;1005:131;1219:136,8.714285714285722,140.5,0.395653915853895,0.4056327279377911,0.401591369903151,0.4296537301471015,5.926653863890053,1.0,3.589470914481385,1.0,3.14452192650182,1.0,2.09213902068468,1.0,0.009110983662985905
1,2.48,hot-cold,0.375,1824,0.7422133960371985,0.7422133960371985,1824,16,0:114;126:108;243:222;477:84;576:168;747:96;846:198;1053:96;1152:96;1260:96;1377:96;1476:66;1557:114;1719:96;1935:96;2160:78,517.1428571428571,96.0,0.635874159338071,0.6282208550433308,0.6221154557806985,0.6463207342788531,0.7439546045976073,1751,11,0:235;239:150;391:161;557:154;716:140;859:135;996:144;1142:155;1310:168;1499:170;1705:139,0.0,154.0,0.5696344854846591,0.5816761284722766,0.5746745768557542,0.6509151126265356,10.417104214828566,1.0,7.408975075786661,1.0,7.6257354618220035,1.0,-0.7108511461896283,0.0,0.0017412085604088245
1,2.48,hot-cold,0.5,2432,0.8300241322064772,0.8300241322064772,2430,22,0:114;120:114;243:222;477:84;576:168;747:96;846:198;1053:96;1152:96;1260:96;1377:96;1476:66;1557:114;1674:42;1719:96;1827:96;1935:96;2043:108;2160:78;2241:48;2295:228;2601:78,813.4285714285716,96.0,0.8573622814309854,0.8476988622577177,0.8382632452154679,0.8682630544352001,0.8343835664028567,2336,14,0:149;150:239;391:161;553:136;690:166;859:135;996:144;1142:160;1308:180;1499:189;1705:215;1939:162;2165:169;2392:131,3.857142857142861,161.5,0.7602633311010142,0.7764995894089003,0.7630283959600999,0.8647214827564975,11.325311648642577,1.0,8.399123323014612,1.0,8.975086249431063,1.0,0.40789155551556044,1.0,0.004359434196379519
1,2.48,hot-cold,0.625,3040,0.8878542612975103,0.8878542612975103,3036,25,0:114;120:114;243:222;477:84;576:168;747:96;846:198;1053:96;1152:96;1260:96;1359:114;1476:66;1557:114;1674:42;1719:96;1827:96;1935:96;2043:108;2160:78;2241:282;2529:150;2682:60;2745:288;3204:42;3276:120,834.2857142857144,96.0,1.0562196520910092,1.0529715477782642,1.0354185248981964,1.0849536549781404,0.8885981912945081,2816,17,0:149;150:239;390:162;553:136;690:166;859:136;996:144;1142:162;1307:203;1512:179;1697:228;1929:172;2107:136;2250:134;2388:135;2531:168;2832:167,0.8571428571428612,162.0,0.9161702055621948,0.9356360013531976,0.9197654322472072,1.02994166466479,13.259500166613748,1.0,11.14327796155944,1.0,11.169695139688596,1.0,5.07044610255345,1.0,0.0007439299969977942
1,2.48,hot-cold,0.75,3648,0.935303693037947,0.935303693037947,3648,27,0:240;243:222;468:6;477:84;564:180;747:96;846:198;1053:96;1152:96;1260:96;1359:114;1476:66;1557:114;1674:42;1719:96;1827:96;1935:96;2043:108;2160:78;2241:282;2529:150;2682:60;2745:504;3276:120;3456:144;3609:144;4032:120,843.4285714285716,108.0,1.2560664286790768,1.2582025888497317,1.227606212999495,1.293169950779726,0.938625546830872,3440,21,0:149;150:239;390:162;553:136;690:167;859:281;1142:162;1307:137;1445:139;1586:148;1735:190;1929:173;2105:138;2250:134;2388:135;2531:219;2757:174;2938:141;3099:148;3277:135;3450:133,2.7142857142857224,148.0,1.1193221814087966,1.144510779224158,1.1257551777014505,1.2394257085160911,10.886705045853763,1.0,9.036049570483918,1.0,8.296718786489743,1.0,4.15600766405293,1.0,0.0033218537929249337
1,2.48,hot-cold,0.875,4256,0.9642433870648444,0.9642433870648444,4254,30,0:240;243:222;468:6;477:84;564:180;747:96;846:204;1053:96;1152:96;1260:96;1359:114;1476:66;1557:114;1674:42;1719:96;1827:96;1935:96;2043:108;2160:78;2241:282;2529:150;2682:60;2745:504;3276:120;3402:198;3609:144;3780:372;4158:144;4356:96;4590:54,948.2857142857144,102.0,1.461825709008468,1.4653632490990132,1.4232498700942655,1.5091798890094308,0.968424429160029,3968,21,0:389;390:162;553:136;690:237;928:212;1142:272;1415:154;1571:163;1735:192;1929:188;2119:217;2339:158;2500:234;2737:150;2890:148;3043:133;3186:243;3450:160;3615:140;3802:145;4019:135,1.8571428571428612,162.0,1.2910204621177042,1.3189312160094169,1.2805816768910077,1.4269863506790763,11.68437836591465,1.0,9.992882869120056,1.0,10.024114261384653,1.0,5.446238644506673,1.0,0.004181042095184662
1,3.3,random,0.125,608,0.2996069839111426,0.2996069839111426,606,11,576:54;1143:66;1314:78;1881:96;2259:30;3177:42;3339:66;3546:30;3744:48;3969:24;4140:72,877.4285714285716,54.0,0.269238068580984,0.2608198867275696,0.2608198867275696,0.2608198867275696,0.3249480116486949,685,10,547:83;1144:69;1315:75;1883:90;2260:28;3080:134;3343:51;3545:29;3774:18;4141:108,663.5714285714287,72.0,0.2773666123330811,0.2740839932451559,0.2740839932451559,0.2740839932451559,-3.019091540411978,0.0,-5.085542626372219,0.0,-5.085542626372219,0.0,-5.085542626372219,0.0,0.025341027737552313
1,3.3,random,0.25,1216,0.4802202098328406,0.4802202098328406,1212,20,288:126;522:42;576:54;828:78;1008:66;1143:66;1314:78;1539:90;1881:96;2187:12;2259:30;3078:60;3177:42;3339:66;3546:30;3744:48;3942:54;4140:72;4464:36;4788:66,1485.1428571428573,63.0,0.5163149033936604,0.5006972164604467,0.5006972164604467,0.5006972164604467,0.4902742382243149,1289,15,292:123;547:112;1139:74;1315:75;1547:82;1841:132;2260:28;3080:134;3343:140;3545:29;3695:97;3939:54;4141:108;4468:32;4787:69,739.0000000000002,82.0,0.4800572376430577,0.477813396299912,0.477813396299912,0.477813396299912,7.022393797329207,1.0,4.5703909285348505,1.0,4.5703909285348505,1.0,4.5703909285348505,1.0,0.01005402839147429
1,3.3,random,0.375,1824,0.6162851454336434,0.6162851454336434,1824,28,288:126;522:42;576:54;711:84;828:78;1008:66;1143:66;1314:78;1539:90;1827:24;1881:96;2133:66;2259:30;2502:66;2817:96;2988:66;3078:60;3177:42;3339:66;3429:66;3546:30;3744:48;3942:54;4140:72;4221:90;4464:36;4626:66;4788:66,1952.0,66.0,0.7537700449148095,0.7249126626823175,0.7249126626823175,0.7249126626823175,0.6195879534260029,1923,17,292:154;547:112;712:158;959:115;1139:74;1315:117;1547:82;1841:132;2189:99;3080:134;3302:113;3448:126;3695:97;3856:137;4141:113;4409:91;4787:69,414.0000000000001,113.0,0.6596059983095883,0.6607002053394103,0.6598676508945059,0.6838575324094975,12.49241028354523,1.0,8.857957744221023,1.0,8.972806675376921,1.0,5.663458839428737,1.0,0.003302807992359491
1,3.3,random,0.5,2432,0.7324630494659108,0.7324630494659108,2430,36,90:96;288:192;522:42;576:54;657:24;711:84;828:78;1008:66;1143:66;1314:78;1539:90;1809:48;1881:96;2043:48;2133:66;2259:30;2502:66;2655:108;2817:96;2988:66;3078:60;3177:42;3267:54;3339:66;3429:66;3546:30;3681:54;3744:48;3834:66;3942:54;4140:72;4221:90;4374:66;4464:36;4626:66;4788:66,2481.999999999999,66.0,0.99446143948916,0.9567797200006538,0.9549064724996188,0.963674205369194,0.7338588561262135,2542,20,292:158;539:120;712:158;959:115;1139:82;1315:117;1547:131;1817:156;2138:150;2735:178;2991:147;3179:142;3343:140;3545:68;3695:97;3852:141;4141:113;4409:91;4566:123;4741:115,311.42857142857156,127.0,0.8525509412189075,0.864657474542838,0.8617146258452245,0.9307947818893232,14.2700855593908,1.0,9.628365185013832,1.0,9.759264319410244,1.0,3.4118816604906788,1.0,0.0013958066603027008
1,3.3,random,0.625,3040,0.8244196923825355,0.8244196923825355,3036,41,90:96;288:192;522:42;576:54;639:66;711:84;828:78;954:120;1143:66;1314:78;1395:114;1539:90;1638:144;1809:48;1881:96;2043:48;2133:66;2259:30;2340:78;2502:66;2655:108;2817:96;2988:66;3078:60;3177:42;3267:54;3339:66;3429:66;3546:30;3681:54;3744:48;3834:66;3942:132;4140:72;4221:90;4374:66;4464:36;4518:72;4626:66;4725:24;4788:66,2559.4285714285716,66.0,1.1979670350285534,1.1611872279982791,1.1593139804972443,1.168081713366819,0.827348702103934,3094,22,82:103;292:158;539:127;712:193;959:116;1139:138;1310:133;1496:182;1817:108;1948:132;2138:150;2514:57;2735:178;2991:147;3179:236;3448:165;3685:107;3852:141;4141:182;4409:91;4566:123;4729:127,259.42857142857144,135.5,1.0278547073915536,1.0451025704848411,1.0337879243134669,1.1223208250540408,14.20008419788823,1.0,9.997066339900362,1.0,10.827615149602332,1.0,3.9176101970537114,1.0,0.0029290097213984234
1,3.3,random,0.75,3648,0.8971568915333237,0.8971568915333237,3648,48,0:84;90:96;234:48;288:192;522:42;576:54;639:66;711:84;828:78;954:120;1143:66;1224:78;1314:78;1395:114;1539:90;1638:144;1809:48;1881:96;1980:48;2043:48;2133:66;2259:30;2340:78;2421:66;2502:66;2583:180;2817:96;2925:60;2988:66;3078:60;3177:42;3222:42;3267:54;3339:66;3429:66;3546:30;3600:66;3681:54;3744:48;3834:66;3942:132;4140:72;4221:90;4374:66;4464:36;4518:72;4626:66;4716:138,2939.7142857142862,66.0,1.4283089839312733,1.3855893914638735,1.3823285532213314,1.4006857950519438,0.8972019891889668,3598,24,82:103;279:171;539:143;702:203;953:122;1139:138;1310:133;1496:182;1727:122;1883:130;2049:149;2233:131;2412:159;2624:137;2787:126;2991:147;3179:236;3432:181;3685:119;3852:203;4141:182;4409:131;4566:123;4729:127,116.42857142857147,137.5,1.18006606763221,1.2068847792031128,1.1924827436318846,1.286574677052926,17.380197078632133,1.0,12.89737157066131,1.0,13.733768947117287,1.0,8.146803401742641,1.0,4.509765564308932e-05
1,3.3,random,0.875,4256,0.9583273514108348,0.9583273514108348,4254,56,0:84;90:96;189:42;234:48;288:192;486:78;576:54;639:66;711:84;828:78;909:42;954:120;1089:120;1224:78;1314:78;1395:114;1512:24;1539:90;1638:150;1809:48;1881:96;1980:48;2043:48;2097:102;2205:42;2259:30;2295:36;2340:78;2421:66;2502:66;2583:228;2817:96;2925:60;2988:66;3078:60;3177:42;3222:42;3267:54;3339:66;3408:6;3429:66;3501:42;3546:30;3600:66;3681:54;3744:48;3798:102;3906:168;4077:60;4140:72;4221:150;4374:66;4464:36;4518:72;4626:66;4716:138,3514.8571428571436,66.0,1.6727095680558275,1.637089971034042,1.6306376740860329,1.6828873696691613,0.9590372741593154,4123,26,0:132;161:164;356:170;539:143;698:207;953:122;1139:163;1310:141;1496:182;1727:128;1883:143;2043:167;2229:135;2395:191;2616:145;2783:130;2946:198;3179:236;3432:181;3648:156;3830:204;4053:126;4204:133;4379:161;4557:132;4729:133,42.85714285714289,150.5,1.3448137774890825,1.3760054804213182,1.356347944916631,1.4788992707545587,19.60267322126069,1.0,15.948084420052611,1.0,16.82101018076505,1.0,12.121316173090335,1.0,0.0007099227484805848
1,3.3,local,0.125,608,0.6144872023117492,0.6144872023117492,606,13,27:36;117:48;945:84;1719:48;1827:36;2025:42;2520:36;2745:66;2925:12;3051:60;3807:54;4518:54;4653:30,1147.1428571428573,48.0,0.2913993023492917,0.2849401469519257,0.2849401469519257,0.2849401469519257,0.6348402729560025,686,10,21:42;119:48;922:111;1717:135;2026:39;2509:50;2744:131;2922:15;3798:62;4515:53,662.7142857142858,51.5,0.2776215042068001,0.2759680833958985,0.2759680833958985,0.2759680833958985,4.728150696111322,1.0,3.1487537477619565,1.0,3.1487537477619565,1.0,3.1487537477619565,1.0,0.02035307064425329
1,3.3,local,0.25,1216,0.7760284343755075,0.7760284343755075,1212,24,27:36;117:48;216:36;306:48;441:66;612:18;891:42;945:84;1719:48;1827:48;1926:66;2025:42;2070:48;2421:66;2520:36;2745:66;2817:60;2925:12;2961:66;3051:60;3222:78;3807:54;4518:54;4653:30,2024.5714285714284,48.0,0.5606373709302757,0.5417799817311981,0.5417799817311981,0.5417799817311981,0.7761041445500818,1195,12,19:45;118:132;921:119;1717:136;2025:85;2446:114;2744:133;2921:190;3222:75;3793:67;4515:75;4657:24,479.57142857142867,99.5,0.4281611004707946,0.4286863939008346,0.4268940891930542,0.4350109872371395,23.629582565939334,1.0,20.87444934177625,1.0,21.205267158642283,1.0,19.70707632144143,1.0,7.571017457430607e-05
1,3.3,local,0.375,1824,0.8682724730884854,0.8682724730884854,1824,33,9:54;117:48;216:36;306:48;441:66;603:30;891:42;945:84;1035:36;1215:48;1512:18;1719:48;1773:102;1926:66;2025:42;2070:48;2232:66;2421:66;2520:42;2745:66;2817:60;2925:12;2961:66;3051:60;3123:84;3222:78;3474:90;3618:60;3807:54;3888:48;4365:54;4518:72;4653:30,2626.285714285714,54.0,0.8091731293355787,0.781632292712132,0.781632292712132,0.781632292712132,0.8762462506511439,1757,16,18:51;117:133;309:46;438:90;602:31;918:150;1716:158;1932:179;2424:136;2743:135;2921:232;3196:103;3793:141;4369:46;4514:76;4634:50,587.7142857142858,118.0,0.6198762944274376,0.6236512732844639,0.6181413817150618,0.6598781217632699,23.393860725896186,1.0,20.211680210844495,1.0,20.916601389354618,1.0,15.576911558553409,1.0,0.00797377756265849
1,3.3,local,0.5,2432,0.9220576574577686,0.9220576574577686,2430,41,9:54;117:48;171:24;216:36;306:48;441:66;513:120;702:78;891:42;945:84;1035:36;1215:48;1269:78;1512:18;1566:66;1701:66;1773:102;1926:66;2025:42;2070:48;2232:66;2349:18;2421:66;2502:72;2745:66;2817:60;2925:12;2961:66;3033:78;3123:84;3222:78;3321:78;3474:90;3618:60;3789:84;3888:48;4266:36;4365:54;4500:90;4626:24;4653:30,3099.1428571428573,66.0,1.0451693472641013,1.011530086276552,1.011530086276552,1.011530086276552,0.922950537979451,2179,20,18:51;116:135;305:55;438:91;601:33;888:182;1213:50;1508:21;1709:166;1919:192;2229:15;2423:139;2743:142;2921:234;3180:121;3473:91;3624:54;3790:144;4358:93;4514:170,808.4285714285716,107.0,0.7752962530994615,0.7809748335481277,0.7722561383889899,0.8182616125873082,25.82099205942807,1.0,22.792723207779165,1.0,23.654654580599853,1.0,19.106547230905026,1.0,0.0008928805216824598
1,3.3,local,0.625,3040,0.9503379557781462,0.9503379557781462,3036,42,9:156;171:24;216:138;387:120;513:120;639:48;702:78;891:42;945:84;1035:36;1215:48;1269:78;1413:24;1512:18;1566:66;1701:66;1773:102;1908:84;2025:42;2070:48;2232:66;2304:66;2421:66;2502:72;2637:174;2817:60;2907:30;2943:84;3033:78;3123:84;3216:84;3321:78;3474:90;3618:60;3789:96;3888:48;4167:36;4266:36;4329:90;4428:162;4626:24;4653:30,2718.5714285714284,66.0,1.211043101987184,1.188142217165434,1.1859220719790224,1.2198069779579723,0.950533959023496,2670,20,18:178;215:145;405:126;601:143;888:182;1212:134;1508:24;1709:166;1919:201;2229:137;2423:140;2742:143;2921:234;3176:131;3472:92;3618:62;3790:146;4271:21;4357:94;4513:171,394.8571428571429,141.5,0.9010467981178392,0.9180581537138,0.9076165333839572,0.9707125382750232,25.59746249829391,1.0,22.731627540007537,1.0,23.467438980256038,1.0,20.42080789699594,1.0,0.0001960032453498517
1,3.3,local,0.75,3648,0.9660026950291558,0.9660026950291558,3648,49,9:156;171:24;216:144;387:120;513:120;639:48;702:78;873:60;936:6;945:84;1035:120;1215:48;1269:78;1350:54;1413:24;1458:72;1566:66;1701:66;1773:102;1908:84;2025:42;2070:48;2124:24;2232:66;2304:66;2421:66;2502:72;2637:174;2817:60;2880:24;2907:30;2943:84;3033:78;3123:84;3216:84;3321:78;3420:258;3681:60;3789:96;3888:48;3969:66;4167:36;4266:36;4329:90;4428:162;4626:24;4653:30;4689:18;4770:90,3179.714285714286,66.0,1.4480287258437503,1.4236459964444403,1.4168814915795922,1.456473871068834,0.9671879699980216,3077,18,18:179;214:147;386:145;565:179;887:183;1212:136;1503:127;1706:174;1913:212;2229:137;2420:144;2741:144;2919:238;3176:223;3472:208;3790:148;4271:180;4511:173,7.857142857142861,173.5,1.001653760310387,1.0226463215008827,1.0025956352861018,1.1062131645158335,30.826388839300513,1.0,28.167091815314716,1.0,29.239273627015137,1.0,24.04854034875075,1.0,0.0011852749688657793
1,3.3,local,0.875,4256,0.9770615596122374,0.9770615596122374,4254,50,9:156;171:24;198:186;387:120;513:120;639:48;702:78;783:24;873:60;936:6;945:84;1035:120;1161:102;1269:78;1350:54;1413:24;1458:174;1638:60;1701:66;1773:102;1878:6;1908:84;1998:24;2025:42;2070:228;2304:66;2403:84;2490:138;2637:174;2817:60;2880:24;2907:30;2943:84;3033:78;3114:6;3123:84;3210:90;3303:96;3420:258;3681:60;3789:96;3888:48;3969:66;4113:90;4266:60;4329:90;4422:228;4653:30;4689:18;4734:126,2952.0,78.0,1.626462078094423,1.6185212543517968,1.6029802380469147,1.6610529439806505,0.9772809054066068,3285,21,18:180;213:157;386:145;559:221;872:198;1212:136;1413:21;1503:128;1706:177;1913:216;2228:140;2420:147;2615:55;2740:145;2913:244;3175:224;3437:135;3600:82;3789:150;4261:191;4511:193,253.42857142857144,150.0,1.0894977428143695,1.110053616739558,1.087817475106903,1.1889862805235258,33.014254836434034,1.0,31.41556752777247,1.0,32.13781122889516,1.0,28.419724077297303,1.0,0.00021934579436944102
1,3.3,hot-cold,0.125,608,0.4978155290952459,0.4978155290952459,606,7,0:84;135:78;270:108;441:120;594:108;810:96;1116:12,338.0,96.0,0.2249156010443686,0.2220219291827493,0.2220219291827493,0.2220219291827493,0.4998611811938157,607,4,2:149;166:150;354:152;545:156,0.0,151.0,0.1974689507077031,0.2017171271158035,0.2007400319686588,0.2521772036885165,12.203088718265997,1.0,9.145403853433153,1.0,9.585493330513795,1.0,-13.582115341834534,0.0,0.0020456520985697724
1,3.3,hot-cold,0.25,1216,0.7309872365959947,0.7309872365959947,1212,13,0:84;90:42;135:78;216:162;387:174;567:24;594:180;810:96;909:96;1008:66;1116:108;1287:78;1701:24,652.5714285714288,84.0,0.4479061796639479,0.4437176661886928,0.4405262074832259,0.4720843277941297,0.7372964114616063,1212,8,1:176;183:142;334:129;474:135;620:154;808:137;964:179;1203:160,5.857142857142861,148.0,0.3947685179747907,0.4037979789567136,0.4003116572186764,0.4455638804158884,11.863569671895357,1.0,8.99664139471138,1.0,9.128753200473493,1.0,5.617735183491734,1.0,0.006309174865611555
1,3.3,hot-cold,0.375,1824,0.8466363010927987,0.8466363010927987,1824,16,0:132;135:78;216:162;387:174;567:24;594:312;909:96;1008:66;1098:12;1116:162;1287:78;1395:78;1476:96;1584:144;1755:126;1944:84,613.4285714285716,96.0,0.6437855319862911,0.6442829566819183,0.6350901680194321,0.6865642762415702,0.852526452284092,1783,12,0:181;183:145;334:144;481:157;643:136;782:138;926:150;1085:156;1255:135;1397:150;1559:165;1755:126,8.857142857142861,147.5,0.5807724626137682,0.5932660074583409,0.5898375020011999,0.6605776924265807,9.787897714648341,1.0,7.918407385214188,1.0,7.125392313874956,1.0,3.7850183463151943,1.0,0.005890151191293214
1,3.3,hot-cold,0.5,2432,0.9138299505543792,0.9138299505543792,2430,20,0:132;135:78;216:168;387:174;567:24;594:312;909:96;1008:66;1080:198;1287:78;1377:12;1395:78;1476:96;1584:144;1755:186;1944:84;2034:276;2313:66;2403:96;2700:66,781.1428571428573,96.0,0.8547095066260926,0.8532606228004944,0.8354647715406628,0.8966942904719154,0.9139008085950916,2284,14,0:182;183:201;388:221;611:134;748:172;926:150;1080:162;1251:142;1397:150;1559:177;1755:137;1912:134;2057:191;2316:131,5.571428571428584,156.0,0.7434875711832547,0.7604343673633298,0.748512650242546,0.8375312909729167,13.012834721106458,1.0,10.879003783451147,1.0,10.407634679529366,1.0,6.5979007703798604,1.0,7.085804071238488e-05
1,3.3,hot-cold,0.625,3040,0.947764067827598,0.947764067827598,3036,25,0:132;135:78;216:168;387:174;567:24;594:312;909:96;1008:66;1080:198;1287:78;1368:24;1395:78;1476:96;1584:162;1755:186;1944:84;2034:276;2313:66;2403:96;2520:144;2700:66;2790:144;2943:66;3123:126;3285:96,885.7142857142858,96.0,1.0604453110722545,1.0577493330153425,1.039294376153295,1.1122828922719123,0.9502512561957784,2790,18,0:169;170:147;318:138;457:152;611:134;748:142;891:167;1060:182;1244:150;1397:160;1559:187;1753:149;1907:139;2053:195;2266:181;2479:185;2708:104;2880:109,57.571428571428584,151.0,0.9123718607746116,0.9315362188761928,0.9203892399194172,1.0486292101862669,13.963327363663902,1.0,11.93223292132476,1.0,11.440948682314367,1.0,5.722796109506689,1.0,0.002487188368180404
1,3.3,hot-cold,0.75,3648,0.9677245666139214,0.9677245666139214,3648,28,0:132;135:78;216:168;387:174;567:24;594:312;909:96;1008:276;1287:78;1368:24;1395:78;1476:96;1584:168;1755:186;1944:84;2034:276;2313:66;2385:114;2520:246;2790:144;2943:66;3024:78;3123:126;3285:96;3420:96;3519:144;3699:126;3897:96,873.4285714285716,105.0,1.2585313964181366,1.260315898127239,1.23440264102959,1.3127493761403215,0.9694140434596208,3235,20,0:182;183:134;318:138;457:152;611:144;756:233;990:147;1138:140;1279:142;1422:135;1559:192;1753:149;1907:206;2116:136;2258:189;2477:189;2685:173;2880:178;3095:140;3245:136,0.8571428571428612,148.0,1.052479085869489,1.0764849831047494,1.0608167709818956,1.1647422223790764,16.37244101617854,1.0,14.586098238993294,1.0,14.062337869182617,1.0,11.27459334213573,1.0,0.0016894768456994225
1,3.3,hot-cold,0.875,4256,0.98048759443546,0.98048759443546,4254,26,0:132;135:78;216:168;387:174;567:24;594:312;909:96;1008:276;1287:78;1368:24;1395:78;1476:276;1755:186;1944:84;2034:276;2313:66;2385:114;2502:264;2772:162;2943:66;3024:78;3123:258;3384:132;3519:474;3996:312;4401:66,772.0,132.0,1.4473410890560887,1.4597475133401263,1.4035153985405415,1.532980918102184,0.9806228366821113,3586,22,0:182;183:134;318:138;457:152;611:144;756:174;931:148;1080:162;1243:134;1378:151;1530:157;1689:214;1907:206;2116:206;2327:141;2471:196;2675:184;2873:141;3025:179;3212:169;3526:139;3690:135,1.7142857142857224,154.5,1.1667366662348333,1.1937348966974304,1.1759274821814194,1.3093057515066266,19.38758078126953,1.0,18.223193683270487,1.0,16.215562479455624,1.0,14.590864371127665,1.0,0.00013524224665129037
1,4.55,random,0.125,608,0.3426700965746774,0.3426700965746774,606,14,36:66;534:6;621:60;729:18;1170:84;1557:78;2439:66;2736:72;3060:6;3069:42;3564:48;3681:48;4290:6;4566:6,1282.0000000000002,48.0,0.3024799192334455,0.2968586015095437,0.2968586015095437,0.2968586015095437,0.3449540186236928,644,10,76:17;486:63;621:119;1173:77;1563:15;2442:59;3045:62;3584:132;4192:99;4567:1,704.5714285714287,62.5,0.267397301116799,0.2669860866299848,0.2669860866299848,0.2669860866299848,11.598329636411586,1.0,10.062876644858987,1.0,10.062876644858987,1.0,10.062876644858987,1.0,0.0022839220490153966
1,4.55,random,0.25,1216,0.5310570266563135,0.5310570266563135,1212,25,36:66;324:66;459:36;534:6;621:60;729:18;819:48;963:66;1170:84;1431:72;1557:78;2097:72;2439:66;2736:72;3060:6;3069:42;3564:48;3681:48;3843:48;3915:66;4176:54;4290:6;4383:18;4566:6;4779:60,2159.428571428571,54.0,0.5717179878144295,0.5546523748594268,0.5546523748594268,0.5546523748594268,0.531088281408248,1325,15,36:86;486:63;602:138;833:33;1173:77;1445:133;2100:69;2442:111;2738:70;3045:62;3568:148;3857:124;4192:144;4557:11;4782:56,723.2857142857144,77.0,0.4904775669080865,0.4901492224417602,0.4900567163923264,0.4995028378679491,14.209876659104225,1.0,11.629473764358167,1.0,11.64615196743216,1.0,9.943081376953444,1.0,3.125475193455074e-05
1,4.55,random,0.375,1824,0.651040100168635,0.651040100168635,1824,31,36:66;324:66;459:36;534:6;621:60;729:18;819:48;963:66;1170:84;1269:144;1431:72;1557:78;1638:72;2097:72;2439:66;2547:132;2736:72;3042:24;3069:42;3159:18;3231:84;3564:48;3681:48;3843:48;3915:66;4005:78;4176:54;4290:6;4383:84;4566:6;4779:60,2365.7142857142853,66.0,0.7877631238306035,0.7663041415712024,0.7663041415712024,0.7663041415712024,0.6556907329252037,1924,18,34:88;340:50;486:63;594:146;833:191;1173:112;1381:139;1563:142;2054:122;2442:124;2738:70;3043:79;3568:158;3857:124;4144:86;4279:117;4530:38;4763:75,605.1428571428572,114.5,0.675636683713289,0.6763520957296411,0.6740105363533475,0.7040019058426273,14.233522327382463,1.0,11.73842616289753,1.0,12.043991440346314,1.0,8.130223020957816,1.0,0.00465063275656874
1,4.55,random,0.5,2432,0.7551345995598212,0.7551345995598212,2430,37,36:66;225:96;324:66;459:36;534:6;621:60;729:18;819:48;873:66;963:66;1170:84;1269:144;1431:72;1557:78;1638:72;1818:114;2097:72;2223:54;2439:66;2547:132;2736:72;2889:12;3042:24;3069:42;3159:156;3357:144;3564:48;3681:48;3843:48;3915:66;4005:78;4176:54;4290:6;4383:84;4566:6;4608:66;4779:60,2599.1428571428564,66.0,1.0040865516131072,0.9807950859365426,0.9803788087140904,0.9922951033431744,0.756084440047915,2502,20,34:88;228:162;469:80;594:173;833:191;1173:131;1381:139;1563:142;2054:122;2442:124;2738:70;3043:145;3226:144;3568:158;3857:124;4007:73;4192:144;4385:80;4530:137;4763:75,381.57142857142867,134.0,0.845301489615404,0.8514977965489219,0.8474044038614752,0.889834152945561,15.81388195495781,1.0,13.182905506113663,1.0,13.563573964540353,1.0,10.325653130042545,1.0,0.0009498404880937672
1,4.55,random,0.625,3040,0.8417969597278983,0.8417969597278983,3036,44,36:66;108:84;225:96;324:66;459:36;534:84;621:60;684:18;729:18;819:48;873:66;963:66;1044:66;1170:84;1269:144;1431:72;1557:78;1638:72;1818:114;1962:108;2097:72;2223:54;2322:72;2439:66;2547:132;2736:72;2835:78;2988:66;3060:6;3069:42;3159:156;3357:144;3564:48;3681:48;3843:48;3915:66;4005:78;4176:54;4290:6;4302:66;4383:84;4566:6;4608:66;4779:60,2937.142857142857,66.0,1.2290021526574757,1.1926372625688986,1.1922209853464465,1.20413727997553,0.8466013888386017,3078,23,34:123;228:162;469:80;594:173;819:205;1173:160;1381:139;1563:142;1811:121;2054:122;2222:127;2442:124;2667:141;3043:79;3164:150;3343:158;3563:163;3839:142;4007:73;4144:96;4279:186;4530:137;4763:75,328.57142857142867,139.0,1.0283307587585024,1.042003336567456,1.0342617365554632,1.1212811902995703,16.327993686997278,1.0,12.630321953632617,1.0,13.249158564767427,1.0,6.880950457546131,1.0,0.004804429110703445
1,4.55,random,0.75,3648,0.9101530827143932,0.9101530827143932,3648,49,36:66;108:84;225:96;324:66;459:36;534:84;621:60;684:42;729:18;756:54;819:48;873:66;963:66;1044:66;1134:30;1170:84;1269:144;1431:72;1557:78;1638:72;1719:78;1818:114;1962:108;2097:72;2223:54;2322:72;2439:66;2547:132;2691:12;2736:72;2835:78;2988:66;3060:6;3069:42;3159:156;3357:144;3564:48;3681:48;3735:156;3915:66;4005:78;4086:78;4176:120;4302:66;4383:84;4482:78;4566:6;4608:66;4689:150,3035.7142857142862,72.0,1.4361968806962642,1.399073311483747,1.3980673081961543,1.4353062064701527,0.9117850316253422,3594,24,34:123;228:162;462:87;594:173;819:120;964:142;1155:195;1380:140;1561:146;1811:164;2021:155;2222:132;2442:124;2604:162;2795:117;3043:147;3208:162;3391:135;3562:164;3839:142;4007:233;4279:186;4530:137;4692:146,106.14285714285717,146.0,1.1779196577423352,1.201799632851681,1.1896293057230434,1.322908452328498,17.983413445983597,1.0,14.100310327759246,1.0,14.90901054986018,1.0,7.830925110961129,1.0,0.001631948910948977
1,4.55,random,0.875,4256,0.961866376882322,0.961866376882322,4254,49,36:66;108:84;225:96;324:66;396:48;459:36;534:84;621:60;684:42;729:18;756:54;819:48;873:66;963:66;1044:66;1116:48;1170:84;1269:144;1431:204;1638:72;1719:78;1818:114;1962:108;2097:222;2322:108;2439:66;2511:168;2682:126;2835:78;2925:54;2988:66;3060:6;3069:42;3114:42;3159:156;3330:24;3357:144;3510:102;3618:60;3681:48;3735:156;3915:66;4005:78;4086:78;4176:192;4383:84;4482:78;4566:108;4689:150,2676.2857142857147,78.0,1.6038078507783031,1.576493607441769,1.5672661290107452,1.6385845990394257,0.9623202452321664,4102,25,34:154;228:162;462:166;637:145;806:133;964:142;1134:216;1374:152;1545:198;1764:233;2021:155;2222:170;2418:148;2600:166;2795:155;2997:142;3159:211;3391:135;3556:203;3818:163;4007:153;4170:171;4360:144;4530:137;4692:148,1.8571428571428612,155.0,1.3346132782541658,1.363169086262644,1.3428871349242784,1.5236299445701509,16.784714727110316,1.0,13.531581743949738,1.0,14.316585417952876,1.0,7.015484860327859,1.0,0.0004538683498443996
1,4.55,local,0.125,608,0.6845867520630784,0.6845867520630784,606,16,729:66;1260:18;1323:66;1647:24;2214:24;2268:48;2331:24;2736:18;2808:30;2961:48;3069:36;3222:42;3429:48;4149:42;4419:24;4599:48,1551.7142857142858,39.0,0.3246411530017531,0.3223366016365397,0.3223366016365397,0.3223366016365397,0.6907241152940409,727,10,1260:126;1646:31;2220:134;2634:119;2812:22;2961:142;3225:43;4151:40;4416:32;4602:38,628.7142857142858,41.5,0.2881659745621961,0.2915241980054785,0.2915241980054785,0.2915241980054785,11.23553748571119,1.0,9.55907690117197,1.0,9.55907690117197,1.0,9.55907690117197,1.0,0.006137363230962478
1,4.55,local,0.25,1216,0.8421996422840057,0.8421996422840057,1212,29,405:24;549:84;729:66;1098:60;1260:18;1323:66;1647:24;1764:42;2124:24;2214:24;2250:66;2331:24;2367:30;2628:60;2700:54;2808:30;2844:54;2961:48;3060:48;3222:42;3366:30;3429:48;3645:18;3708:54;3816:36;4149:42;4419:24;4599:48;4698:24,2698.8571428571418,42.0,0.6160404553510449,0.6077268095640214,0.6077268095640214,0.6077268095640214,0.8472336177502877,1307,17,410:14;713:88;1101:57;1260:130;1644:39;1779:27;2128:18;2214:181;2634:119;2811:53;2950:157;3211:57;3374:104;3638:124;4149:43;4416:46;4601:50,1053.857142857143,57.0,0.5117834123828852,0.5116915938193057,0.5098067830620916,0.5305470693242293,16.923733183845833,1.0,15.802366167391991,1.0,16.11250729125754,1.0,12.699742552934302,1.0,0.005033975466282037
1,4.55,local,0.375,1824,0.9086999528541456,0.9086999528541456,1824,36,189:48;405:24;549:84;657:138;1017:66;1098:60;1206:42;1260:60;1323:66;1449:66;1647:24;1764:42;2124:24;2214:24;2250:66;2331:24;2367:30;2628:60;2700:54;2808:30;2844:54;2943:66;3015:18;3060:48;3186:78;3366:30;3429:48;3645:18;3708:54;3825:90;3987:78;4149:42;4383:60;4446:36;4599:48;4698:24,3033.999999999999,48.0,0.8426732147035607,0.8249887335439152,0.8249887335439152,0.8249887335439152,0.9091491160604755,1805,19,408:20;541:92;712:91;1017:143;1225:170;1644:40;1765:51;2128:18;2212:183;2629:129;2805:90;2944:166;3208:62;3364:114;3638:130;3823:25;4148:63;4391:88;4591:130,879.857142857143,91.0,0.6594957221527414,0.6654182752507886,0.6621054023554398,0.6935979536587729,21.737666435174198,1.0,19.34213787473893,1.0,19.74370370959798,1.0,15.926372633081332,1.0,0.0004491632063299278
1,4.55,local,0.5,2432,0.9410792837753832,0.9410792837753832,2430,44,99:42;189:48;405:24;513:120;657:138;801:108;1017:66;1098:60;1206:42;1260:60;1323:66;1449:66;1647:24;1674:54;1764:42;1809:66;1962:96;2124:24;2214:24;2250:72;2331:24;2367:30;2457:24;2628:60;2700:54;2808:30;2844:54;2943:66;3015:18;3060:48;3186:78;3366:30;3429:48;3510:66;3645:18;3672:90;3825:90;3987:78;4149:42;4194:18;4383:60;4446:36;4545:102;4698:24,3506.857142857142,54.0,1.0786694326320831,1.059862349387976,1.059862349387976,1.059862349387976,0.9423398940045492,2215,21,408:26;539:129;711:126;1017:145;1204:194;1445:68;1644:41;1765:105;2127:20;2212:184;2629:130;2804:91;2944:166;3208:64;3364:118;3637:132;3822:96;3983:83;4148:63;4388:91;4591:143,774.7142857142859,105.0,0.7842376017210545,0.7896125488767237,0.7852878910656925,0.8143830744011539,27.295835221044463,1.0,25.498575420412816,1.0,25.906614993997866,1.0,23.161429890265993,1.0,0.0012606102291660148
1,4.55,local,0.625,3040,0.9628336832784884,0.9628336832784884,3036,46,0:72;99:42;189:48;405:24;513:120;657:138;801:108;1017:66;1098:60;1206:42;1260:60;1323:66;1449:66;1557:114;1674:54;1764:42;1809:66;1962:96;2124:24;2178:60;2250:72;2331:24;2367:30;2403:18;2457:24;2574:48;2628:60;2700:138;2844:54;2943:66;3015:18;3054:54;3114:156;3366:30;3411:66;3510:66;3627:36;3672:90;3825:240;4149:42;4194:18;4383:60;4446:36;4545:102;4698:24;4725:96,3299.999999999999,60.0,1.258816524358483,1.2425591658939243,1.2383270141323268,1.2558929942608374,0.9640810630070829,2664,23,105:134;408:34;539:141;707:131;1015:148;1202:197;1445:69;1641:84;1765:105;2032:116;2187:230;2459:19;2628:132;2804:102;2943:169;3185:87;3364:119;3635:135;3813:107;3968:100;4148:64;4386:94;4588:147,660.7142857142859,116.0,0.920939190322115,0.929892425338692,0.923318714200801,0.9664972538917428,26.84087216034574,1.0,25.163126967100435,1.0,25.43821594268024,1.0,23.04302529686616,1.0,0.0012473797285944555
1,4.55,local,0.75,3648,0.9791293225147226,0.9791293225147226,3648,46,0:72;99:42;153:84;324:54;405:24;432:18;513:120;639:156;801:150;1017:66;1098:66;1170:78;1260:60;1323:66;1395:120;1557:114;1674:132;1809:66;1962:96;2070:78;2178:60;2244:84;2331:24;2367:30;2403:18;2457:24;2574:48;2628:66;2700:198;2943:66;3015:18;3054:216;3276:120;3411:66;3510:66;3627:36;3666:114;3807:258;4149:42;4194:18;4311:132;4446:36;4545:102;4650:6;4680:42;4725:96,2859.142857142856,66.0,1.421688784860656,1.4125593959569565,1.4024646733124906,1.4474145709930433,0.9791686752374368,3154,22,104:135;405:38;524:156;707:202;1014:149;1202:197;1445:125;1641:229;2030:131;2187:232;2456:25;2584:176;2790:118;2943:169;3138:135;3364:211;3635:137;3813:126;3968:100;4147:65;4377:104;4541:194,381.7142857142858,136.0,1.057421556818011,1.0752353935266137,1.0567052754994009,1.1451096415608146,25.622149651996306,1.0,23.880341130846272,1.0,24.65369747934102,1.0,20.88585644296942,1.0,3.9352722714158794e-05
1,4.55,local,0.875,4256,0.9877848335628702,0.9877848335628702,4254,49,0:72;99:42;153:84;243:18;324:54;405:24;432:18;513:120;639:156;801:150;963:120;1092:72;1170:150;1323:66;1395:120;1521:150;1674:132;1809:66;1890:174;2070:78;2151:24;2178:150;2331:24;2358:6;2367:30;2403:18;2457:24;2556:66;2628:312;2943:66;3015:36;3054:348;3411:66;3483:24;3510:66;3582:42;3627:36;3666:114;3807:258;4077:114;4194:18;4239:66;4311:132;4446:36;4509:138;4650:6;4680:42;4725:96;4833:30,2991.4285714285716,66.0,1.629701749980044,1.6395298360644774,1.6178140409598876,1.729754698394007,0.9879013758084882,3461,23,0:71;104:148;405:40;524:167;703:238;1011:152;1202:199;1444:126;1641:230;1960:135;2120:302;2456:25;2584:177;2789:119;2942:209;3170:118;3347:229;3633:139;3813:135;3968:100;4140:73;4346:135;4541:194,406.8571428571429,139.0,1.159360528227949,1.1765252547936167,1.1505368365308022,1.2500843681445912,28.860570454554292,1.0,28.240082680182,1.0,28.883245700589832,1.0,27.730540676939132,1.0,0.00011654224561807869
1,4.55,hot-cold,0.125,608,0.5452764643794346,0.5452764643794346,606,9,0:48;63:66;162:96;306:78;450:78;567:96;711:54;1080:24;1359:66,607.7142857142858,66.0,0.2470768348126763,0.2366695267051628,0.2366695267051628,0.2366695267051628,0.5461114776776239,629,4,0:148;163:130;306:220;635:131,8.714285714285722,139.5,0.2053419946611333,0.2112930430574101,0.208194090401377,0.2234359706380728,16.891441961033983,1.0,10.722328303536155,1.0,12.03172909508532,1.0,5.59157583628248,1.0,0.0008350132981893577
1,4.55,hot-cold,0.25,1216,0.7609745383081948,0.7609745383081948,1212,18,0:48;63:66;135:24;162:96;261:42;306:78;387:48;450:78;567:96;711:54;810:108;927:84;1026:78;1143:66;1359:66;1440:96;1701:78;2226:6,1215.4285714285716,72.0,0.4941536696253527,0.4756714886990333,0.4756714886990333,0.4756714886990333,0.7642025653014601,1186,8,0:216;226:136;372:154;550:133;705:152;876:177;1080:125;1363:93,53.571428571428584,144.0,0.3902306828654898,0.3968015133374738,0.3921010497006177,0.4330751942057737,21.030499852131644,1.0,16.580765766993878,1.0,17.56894011599931,1.0,8.95498164284787,1.0,0.0032280269932652983
1,4.55,hot-cold,0.375,1824,0.8641470875845332,0.8641470875845332,1824,24,0:48;63:66;135:24;162:96;261:42;306:78;387:48;450:78;531:132;666:42;711:96;810:108;927:84;1026:78;1143:66;1260:96;1359:66;1440:96;1602:84;1701:78;1791:96;1998:66;2097:78;2178:78,1412.5714285714287,78.0,0.7094475773781942,0.6832804301091243,0.6832804301091243,0.6832804301091243,0.8684569205416125,1721,11,0:175;177:165;345:136;487:142;635:135;774:144;922:185;1132:173;1327:226;1708:128;2144:112,29.714285714285722,144.0,0.5623163916382968,0.5730725710605459,0.5651633038339541,0.612144667625563,20.7388382780345,1.0,16.12922808735756,1.0,17.286771444091585,1.0,10.410917589458911,1.0,0.004309832957079318
1,4.55,hot-cold,0.5,2432,0.9247059033692232,0.9247059033692232,2430,33,0:48;63:66;135:24;162:96;261:42;306:78;387:48;444:84;531:132;666:42;711:96;810:108;927:84;1020:84;1107:102;1215:42;1260:96;1359:66;1428:6;1440:96;1539:54;1602:84;1701:78;1791:96;1890:84;1998:66;2088:84;2178:78;2268:66;2385:72;2484:126;2700:66;2844:36,2020.2857142857144,78.0,0.9565244121908706,0.9272815030665854,0.9272815030665854,0.9272815030665854,0.9255118864677114,2184,13,0:221;222:173;396:162;561:138;704:139;845:141;990:185;1180:138;1325:180;1513:209;1736:214;1962:147;2119:137,0.0,162.0,0.7104978391196434,0.7280355392604172,0.7148707721003663,0.7852281696119362,25.7208880333452,1.0,21.48710646629397,1.0,22.906822821738793,1.0,15.319332153706167,1.0,0.0008059830984882277
1,4.55,hot-cold,0.625,3040,0.9520978947097796,0.9520978947097796,3036,39,0:60;63:66;135:24;162:96;261:42;306:78;387:48;444:84;531:132;666:42;711:96;810:108;927:84;1014:90;1107:102;1215:42;1260:96;1359:66;1428:6;1440:96;1539:54;1602:90;1701:78;1791:96;1890:84;1998:66;2070:102;2178:78;2268:66;2340:42;2385:72;2484:126;2619:78;2700:66;2826:78;2907:84;2997:84;3159:144;3474:90,2232.571428571428,78.0,1.1711106246144178,1.1372773169619348,1.1372773169619348,1.1372773169619348,0.95293556667192,2586,17,0:221;222:173;396:162;561:139;703:140;845:141;990:177;1169:185;1356:149;1513:138;1658:160;1821:131;1962:147;2119:137;2274:183;2482:128;2693:75,70.57142857142858,147.0,0.8470748306866258,0.8657822271887776,0.8558436085027312,0.9481545291593604,27.66910205724409,1.0,23.872373582409555,1.0,24.74626938054224,1.0,16.629434613871265,1.0,0.0008376719621404627
1,4.55,hot-cold,0.75,3648,0.9677778351850208,0.9677778351850208,3648,42,0:60;63:66;135:24;162:96;261:42;306:78;387:48;438:90;531:132;666:42;711:96;810:114;927:84;1014:90;1107:102;1215:42;1260:96;1359:66;1428:108;1539:54;1602:90;1701:78;1791:96;1890:174;2070:102;2178:78;2268:66;2340:42;2385:72;2466:144;2619:78;2700:66;2772:132;2907:84;2997:84;3087:66;3159:222;3393:78;3474:90;3618:66;3699:144;4104:66,2160.571428571429,81.0,1.36429025036541,1.3329760753643685,1.3287439236027712,1.3452066483741985,0.9682064697611522,2894,18,0:221;222:173;396:162;560:140;703:140;845:141;990:177;1169:185;1356:149;1509:142;1658:160;1821:151;1976:137;2118:147;2274:183;2482:168;2693:202;2965:116,18.85714285714286,155.5,0.943024109031332,0.9648612495283612,0.9515288151537116,1.0735750335176069,30.878043819579194,1.0,27.616011467826475,1.0,28.388849179176244,1.0,20.19255667409037,1.0,0.00042863457613140366
1,4.55,hot-cold,0.875,4256,0.975560545974966,0.975560545974966,4254,45,0:60;63:66;135:24;162:96;261:42;306:78;387:48;438:90;531:132;666:42;711:96;810:114;927:84;1014:90;1107:102;1215:42;1260:96;1359:66;1428:108;1539:54;1596:102;1701:78;1791:96;1890:282;2178:78;2268:66;2340:42;2385:72;2466:144;2619:78;2700:66;2772:132;2907:84;2997:84;3087:66;3159:222;3393:78;3474:210;3699:144;3870:96;4005:84;4104:66;4203:126;4392:144;4563:84,2151.428571428571,84.0,1.5606826532863742,1.532616160255959,1.5214113650182872,1.5399483999816554,0.9765450129799234,3169,19,0:221;222:133;356:139;496:197;694:149;845:144;990:177;1169:185;1355:150;1509:213;1724:211;1939:149;2091:174;2269:193;2481:169;2670:135;2828:155;2995:137;3164:138,1.8571428571428612,155.0,1.0310901629159666,1.053142713920163,1.0349826200906858,1.1620481616415854,33.933387370919355,1.0,31.28463987067186,1.0,31.972203975336722,1.0,24.539798758489027,1.0,0.0009844670049573567
2,1.07,random,0.125,608,0.1564640639380219,0.1564640639380219,606,5,2277:108;2403:126;2637:84;4446:144;4689:144,86.57142857142858,126.0,0.2042568238027259,0.2042835482517886,0.2042835482517886,0.2042835482517886,0.1813443579332591,710,5,2366:162;2596:122;3363:135;4450:140;4635:151,12.857142857142861,140.0,0.2320332763638766,0.2371786186293837,0.236305592787852,0.260085153420325,-13.598788057126354,0.0,-16.10265273885416,0.0,-15.675292900530003,0.0,-27.31576068952868,0.0,0.024880293995237196
2,1.07,random,0.25,1216,0.3072061674308128,0.3072061674308128,1212,12,306:108;612:96;1287:36;1602:78;2106:96;2277:108;2403:126;2637:84;3303:108;4239:84;4446:144;4689:144,424.57142857142867,102.0,0.4291724248470946,0.4234299675928071,0.4234299675928071,0.4234299675928071,0.3168161487121118,1285,9,266:141;609:135;1286:130;2148:169;2366:162;2596:122;3363:135;4450:140;4635:151,17.714285714285722,140.0,0.4194910923374694,0.4302144406331999,0.4283990094130612,0.4631258165740646,2.255814201733597,1.0,-1.6022656778315492,0.0,-1.1735215267126842,0.0,-9.374832208246332,0.0,0.009609981281298974
2,1.07,random,0.375,1824,0.4445398285067606,0.4445398285067606,1824,17,306:108;612:96;846:96;1296:120;1602:78;1899:84;2052:144;2277:108;2403:126;2637:84;2826:108;2988:96;3303:108;3429:96;4239:84;4446:144;4689:144,496.00000000000006,108.0,0.6341369439791147,0.6252051864140172,0.6252051864140172,0.6252051864140172,0.4573950403573114,1915,12,266:141;609:135;1284:132;1606:139;2055:139;2275:253;2570:148;2994:202;3304:194;4236:135;4450:140;4632:157,2.857142857142861,140.5,0.6232216461556052,0.6381390068238452,0.6290155976984344,0.6698983880123909,1.7212840108348892,1.0,-2.068732104417159,0.0,-0.6094657189702035,0.0,-7.148565394142037,0.0,0.012855211850550774
2,1.07,random,0.5,2432,0.5704263702368011,0.5704263702368011,2430,22,306:108;450:144;612:96;846:96;990:144;1296:120;1602:78;1899:84;2052:144;2277:108;2403:126;2556:66;2637:84;2826:108;2988:96;3105:108;3303:108;3429:96;3582:144;4239:84;4446:144;4689:144,591.7142857142858,108.0,0.8391449960451731,0.8295756302600814,0.8295756302600814,0.8295756302600814,0.5941769952126766,2548,16,266:141;513:194;806:136;1284:132;1606:139;1846:134;2055:139;2273:255;2570:148;2800:135;2994:202;3304:194;3578:152;4236:135;4450:140;4632:172,3.7142857142857224,140.5,0.8292193321215628,0.8488010879965362,0.8367810831982289,0.8988169742299624,1.1828306157325774,1.0,-2.3175051237254163,0.0,-0.8685709506544237,0.0,-8.346598121279559,0.0,0.023750624975875545
2,1.07,random,0.625,3040,0.6929001756461186,0.6929001756461186,3036,28,0:144;171:120;306:108;450:144;612:96;846:96;990:144;1143:90;1296:120;1602:78;1899:84;2052:144;2277:108;2403:126;2556:72;2637:84;2826:108;2988:96;3105:108;3303:108;3429:96;3582:144;3744:96;4023:120;4239:84;4446:144;4635:30;4689:144,804.0000000000002,108.0,1.0537312084687205,1.044417724817337,1.044417724817337,1.044417724817337,0.7035683574558773,3084,20,0:135;266:141;435:135;609:164;806:136;992:134;1286:179;1605:140;1899:143;2055:146;2223:135;2366:162;2570:148;2800:135;2994:219;3304:194;3578:152;4236:135;4411:179;4632:172,0.8571428571428612,144.5,1.003355837835118,1.024873532727388,1.014437694025635,1.1134502441311356,4.780666096699171,1.0,1.8713003069118939,1.0,2.870501915021151,1.0,-6.6096656226197315,0.0,0.010668181809758703
2,1.07,random,0.75,3648,0.808602384046091,0.808602384046091,3648,34,0:144;171:120;306:108;450:144;612:96;711:66;846:96;990:144;1143:90;1296:120;1431:144;1602:78;1728:144;1899:84;2052:144;2223:18;2277:108;2403:126;2556:72;2637:84;2826:108;2988:96;3105:108;3303:108;3429:96;3582:144;3744:96;3879:108;4023:120;4239:84;4347:96;4446:144;4617:66;4689:144,1019.4285714285716,108.0,1.2705275727482268,1.2576653248548904,1.2576653248548904,1.2576653248548904,0.8101479465900177,3627,21,0:135;266:148;435:135;588:185;806:136;992:240;1286:179;1605:140;1792:188;2031:170;2223:135;2366:162;2555:163;2788:147;2994:219;3304:217;3578:249;4004:138;4236:149;4411:179;4632:213,0.0,163.0,1.1799339113951222,1.2056338944099028,1.1804491224515443,1.316313845684715,7.130397111897791,1.0,4.137144391016023,1.0,6.139646285648793,1.0,-4.663285189689992,0.0,0.0015455625439266818
2,1.07,random,0.875,4256,0.909462163532826,0.909462163532826,4254,32,0:144;171:120;306:108;450:144;612:96;720:222;990:144;1143:150;1296:120;1431:144;1602:78;1728:144;1899:84;1989:60;2052:144;2205:180;2403:126;2556:72;2637:84;2736:246;2988:96;3105:306;3429:96;3528:198;3744:96;3879:108;4023:120;4149:174;4347:96;4446:144;4617:66;4689:144,666.5714285714287,123.0,1.4386784881445362,1.440085977370457,1.4216310205084095,1.4925112773124574,0.9118573136400188,4180,27,0:135;172:242;435:135;588:185;806:136;992:141;1143:133;1284:132;1425:145;1587:137;1733:143;1899:143;2048:154;2223:135;2366:162;2555:163;2788:147;2994:136;3138:136;3295:175;3477:162;3664:163;3862:132;4004:138;4221:164;4411:179;4632:227,7.571428571428584,143.0,1.3604577187444502,1.3915516462173507,1.3763979989944726,1.4973512675334375,5.436987488494904,1.0,3.3702384382443773,1.0,3.1817694508213923,1.0,-0.324285001698299,0.0,0.0023951501071927117
2,1.07,local,0.125,608,0.3340804818367071,0.3340804818367071,606,11,144:108;270:48;360:54;2160:78;2367:48;2799:18;4167:66;4302:48;4383:48;4671:42;4716:48,877.4285714285716,48.0,0.269238068580984,0.2599661186573676,0.2599661186573676,0.2599661186573676,0.3420592835745757,653,7,140:108;274:129;2160:74;2370:44;4172:56;4304:129;4647:113,291.0000000000001,108.0,0.2363438358532774,0.2354699473045039,0.2354699473045039,0.2354699473045039,12.217526630270093,1.0,9.42283228267502,1.0,9.42283228267502,1.0,9.42283228267502,1.0,0.007978801737868635
2,1.07,local,0.25,1216,0.513522215312842,0.513522215312842,1212,18,144:108;270:48;360:54;1278:24;1872:108;2160:78;2367:48;2592:66;2781:48;2952:120;3114:48;3618:66;4167:66;4302:48;4383:48;4518:144;4671:42;4716:48,1224.5714285714287,51.0,0.4949048978886851,0.4803230746029784,0.4803230746029784,0.4803230746029784,0.5314795567218757,1314,13,138:113;273:132;1874:106;2159:79;2367:47;2569:93;2786:42;2946:130;3618:64;4147:96;4304:129;4506:109;4647:174,478.28571428571445,106.0,0.4667684822816287,0.4676455252172968,0.4665007628555532,0.4767103770180546,5.685216640023006,1.0,2.6393796292548566,1.0,2.877711373506331,1.0,0.7521390863659771,1.0,0.01795734140903371
2,1.07,local,0.375,1824,0.6543781623432965,0.6543781623432965,1824,25,0:252;270:48;360:54;576:96;684:84;954:48;1080:12;1278:24;1872:108;2160:78;2367:48;2592:66;2781:48;2952:120;3114:48;3618:66;3735:96;3888:66;4167:66;4302:48;4383:48;4518:144;4671:42;4716:48;4770:66,1673.714285714286,66.0,0.7309045346496277,0.7119002074255377,0.707598676126865,0.7132687098106266,0.6663644957086707,1909,16,93:158;273:141;579:184;949:53;1874:106;2151:88;2367:47;2569:94;2732:98;2946:130;3120:41;3619:211;4144:99;4304:169;4505:116;4647:174,476.5714285714286,111.0,0.6601927434090799,0.6647408656881237,0.6579647975670962,0.7067122087131257,9.674559109753611,1.0,6.624431520810692,1.0,7.014410884916622,1.0,0.9192189433406828,1.0,0.011986333365374247
2,1.07,local,0.5,2432,0.7568028737910084,0.7568028737910084,2430,29,0:252;270:48;360:54;576:96;684:84;864:30;954:48;1053:72;1251:54;1449:96;1872:108;2160:78;2367:48;2502:156;2682:78;2781:48;2880:192;3114:48;3438:78;3618:66;3735:96;3888:66;4167:66;4302:48;4383:48;4446:216;4671:42;4716:48;4770:66,1757.4285714285718,66.0,0.9349265996200622,0.9119658793078896,0.9025302622656398,0.9357267900444924,0.7651046745694944,2484,17,1:250;273:142;578:189;949:141;1190:110;1861:126;2147:94;2341:84;2569:261;2913:163;3119:44;3615:215;3891:71;4121:126;4304:169;4502:119;4642:180,304.8571428571429,141.0,0.8331424635470643,0.8443831591792185,0.8279113007519084,0.8856925666624523,10.886858510000796,1.0,7.410663234457971,1.0,8.267751745677076,1.0,5.347097455621752,1.0,0.008301800778485968
2,1.07,local,0.625,3040,0.8364462594683291,0.8364462594683291,3036,33,0:252;270:48;360:162;576:96;684:84;801:96;954:48;1053:72;1179:48;1251:54;1449:96;1548:66;1701:144;1872:162;2160:78;2367:48;2502:156;2682:78;2781:48;2880:192;3114:48;3348:66;3438:78;3618:66;3735:96;3888:66;4113:120;4302:48;4383:48;4446:216;4671:42;4716:48;4770:66,1754.2857142857144,72.0,1.1318119960888384,1.109157471816572,1.09840364356989,1.1551181657234724,0.8367893575213694,2971,19,1:251;266:149;571:196;945:146;1179:126;1449:150;1811:176;2146:97;2340:87;2549:142;2701:132;2909:252;3358:159;3605:227;3891:71;4121:135;4304:169;4502:120;4642:186,176.14285714285717,149.0,0.9809971860512684,0.996963829395903,0.9784221481125112,1.0822603796706671,13.325076122071088,1.0,10.115213147950842,1.0,10.923260875886253,1.0,6.307388128310931,1.0,0.000343098053040336
2,1.07,local,0.75,3648,0.9044975041971556,0.9044975041971556,3648,40,0:252;270:48;360:162;576:96;684:84;801:96;927:24;954:48;1053:72;1179:48;1251:54;1395:150;1548:66;1620:66;1701:144;1872:180;2070:168;2268:96;2367:48;2502:156;2682:78;2781:48;2880:192;3114:48;3348:66;3438:78;3546:138;3690:42;3735:96;3888:66;3996:72;4113:120;4239:54;4302:48;4356:24;4383:48;4446:216;4671:42;4716:48;4770:66,2155.714285714286,69.0,1.3638911603505146,1.3454868481025053,1.3329291518918638,1.411755308795264,0.9125259247656836,3561,22,0:132;136:191;356:165;571:197;797:96;941:183;1184:135;1448:166;1658:90;1805:230;2147:147;2340:88;2517:155;2681:151;2909:255;3357:160;3604:234;3890:126;4121:164;4303:171;4501:122;4642:203,155.14285714285717,162.0,1.1712102274437204,1.1912050973601105,1.1674772956803348,1.3069578232366108,14.127295381639982,1.0,11.466611580780084,1.0,12.412651938529407,1.0,7.4232046379257515,1.0,0.008028420568528039
2,1.07,local,0.875,4256,0.9491142583304044,0.9491142583304044,4254,38,0:252;270:402;684:84;801:96;900:102;1017:210;1251:120;1395:150;1548:66;1620:66;1701:144;1854:198;2070:168;2268:96;2367:48;2421:78;2502:156;2664:96;2781:48;2880:192;3078:84;3222:66;3294:120;3438:78;3546:138;3690:42;3735:96;3834:120;3996:72;4113:120;4239:54;4302:48;4356:24;4383:48;4446:216;4671:42;4716:48;4770:66,1613.1428571428573,96.0,1.5164540892826754,1.5088712991291464,1.483270249948336,1.5667397339810285,0.9492339896964566,3925,21,0:332;356:176;570:198;795:100;929:202;1179:141;1394:221;1654:95;1804:248;2112:133;2269:159;2499:177;2680:154;2871:295;3351:217;3602:238;3888:133;4113:175;4299:176;4496:128;4637:227,85.2857142857143,176.0,1.2838866805141365,1.3098743601582423,1.2690271577051202,1.4128963541977573,15.336264408673905,1.0,13.188463395503403,1.0,14.443968808157381,1.0,9.819332237930855,1.0,0.00011973136605214485
2,1.07,hot-cold,0.125,608,0.2928548896806529,0.2928548896806529,606,5,18:144;198:144;351:144;513:144;756:30,104.85714285714286,144.0,0.2057592803293908,0.2083867141991272,0.2083867141991272,0.2083867141991272,0.3073079571113618,636,3,0:254;258:160;432:222,0.0,222.0,0.2069032168864895,0.2113543539467068,0.2033063276459643,0.2274005042098288,-0.5559586694060314,0.0,-1.4241021837619883,0.0,2.4379608713002043,1.0,-9.12428130736429,0.0,0.014453067430708899
2,1.07,hot-cold,0.25,1216,0.4910491235547467,0.4910491235547467,1212,8,18:324;351:144;513:174;711:78;801:96;909:108;1035:144;1422:144,122.57142857142858,144.0,0.4043584162738942,0.4063106925799228,0.3979504583623411,0.4241633900317616,0.5315064288291703,1328,8,0:254;258:143;403:137;545:142;714:176;909:156;1082:167;1419:153,0.0,154.5,0.4320243270837392,0.4415715434587691,0.4343907613714686,0.485092040839208,-6.841927779019041,0.0,-8.67829754982643,0.0,-9.156994857874468,0.0,-14.364429424916647,0.0,0.040457305274423594
2,1.07,hot-cold,0.375,1824,0.6416167729765372,0.6416167729765372,1824,11,0:12;18:324;351:144;513:276;801:96;909:108;1035:270;1314:252;1647:120;1818:144;2214:78,260.28571428571433,144.0,0.6147693403150747,0.6225498424576587,0.6007299780474558,0.6347920056100236,0.6420238215920794,1772,11,0:243;245:174;424:142;567:141;714:164;880:135;1017:136;1160:144;1316:143;1467:149;1649:201,0.0,144.0,0.5764661954761942,0.5894219326915635,0.5812293656885806,0.6285457433787375,6.230490417633683,1.0,5.321326503804913,1.0,3.2461526928051265,1.0,0.9839856482256049,1.0,0.00040704861554219374
2,1.07,hot-cold,0.5,2432,0.7535857065623284,0.7535857065623284,2430,11,0:348;351:438;801:96;909:108;1035:270;1314:330;1647:120;1818:144;1971:144;2124:288;2421:144,80.57142857142858,144.0,0.7971466409482426,0.8093583130017439,0.771095498304679,0.8319630506509692,0.7597180674012849,2407,15,0:255;256:163;420:146;567:141;714:164;879:136;1017:138;1156:137;1294:159;1457:146;1607:246;1866:137;2010:155;2172:140;2322:144,0.0,146.0,0.7830440928392773,0.8011094008263231,0.7902515032740282,0.8696671762810946,1.7691284620091507,1.0,1.0191916290854253,1.0,-2.484258436401876,0.0,-4.531947134025227,0.0,0.006132360838956519
2,1.07,hot-cold,0.625,3040,0.8420444086887138,0.8420444086887138,3036,15,0:348;351:438;801:96;900:6;909:396;1314:330;1647:120;1773:42;1818:144;1971:144;2124:288;2421:252;2682:144;2853:144;3132:144,275.42857142857144,144.0,1.0103008244948124,1.02743651872886,0.9797727767580828,1.052181180284862,0.8435669086226343,2994,18,0:255;256:163;420:146;567:141;709:169;879:136;1017:138;1156:137;1294:171;1467:136;1607:249;1862:143;2009:156;2172:206;2382:163;2553:180;2764:167;2936:138,0.0,159.5,0.9740066530788518,0.99726227627313,0.9801775652683208,1.0863477984853098,3.59241233264449,1.0,2.936847377496521,1.0,-0.0413145292296635,0.0,-3.2472181446162818,0.0,0.001522499933920507
2,1.07,hot-cold,0.75,3648,0.9038571310329032,0.9038571310329032,3648,19,0:348;351:438;801:96;909:396;1314:330;1647:120;1773:42;1818:144;1971:144;2124:288;2421:252;2682:144;2853:144;3006:108;3132:144;3285:144;3483:144;3708:144;4113:78,230.2857142857143,144.0,1.2056871832693437,1.2211072898744677,1.1734435479036909,1.2458519514304698,0.9055695245887508,3544,19,0:317;318:382;701:240;942:213;1156:203;1360:161;1522:188;1711:145;1862:143;2007:200;2208:154;2364:154;2520:153;2676:154;2832:142;2977:135;3128:147;3283:178;3483:135,0.0,154.0,1.1529323909523883,1.177619018274254,1.1450800153859069,1.2886749808881024,4.375495820889908,1.0,3.561380065521047,1.0,2.417119474426721,1.0,-3.4372486561074833,0.0,0.0017123935558476244
2,1.07,hot-cold,0.875,4256,0.9528864034552196,0.9528864034552196,4254,22,0:348;351:438;801:96;900:6;909:396;1308:336;1647:120;1773:42;1818:144;1971:144;2124:288;2421:252;2682:144;2853:144;3006:108;3132:144;3285:420;3708:144;3861:144;4050:144;4203:108;4356:144,329.1428571428572,144.0,1.4109534700509223,1.4323897000567378,1.3733824037741382,1.4571474066047807,0.9529845675459916,4096,22,0:317;318:382;701:240;942:213;1156:203;1360:161;1522:188;1711:146;1861:144;2007:200;2208:154;2364:154;2519:154;2676:154;2832:142;2977:136;3128:209;3339:164;3516:148;3677:181;3866:134;4046:172,0.8571428571428612,162.5,1.332579195522425,1.3613940877055972,1.3242760353702758,1.5060600234977788,5.554702985752513,1.0,4.956445326877768,1.0,3.5755786785177324,1.0,-3.356737737808335,0.0,9.816409077201271e-05
2,1.25,random,0.125,608,0.1737389309783862,0.1737389309783862,606,7,144:120;1620:12;2295:108;3420:78;3609:78;3735:126;4437:84,338.0000000000001,84.0,0.2249156010443686,0.2225988290181834,0.2225988290181834,0.2225988290181834,0.1810612885747878,668,5,122:144;2315:132;3572:115;3735:128;4376:149,29.571428571428584,132.0,0.2197431955497112,0.2244525643822508,0.2243195869361897,0.2382563851281643,2.299709522434179,1.0,-0.8327695937322188,0.0,-0.7730309838537952,0.0,-7.03397954923739,0.0,0.007322357596401596
2,1.25,random,0.25,1216,0.3208096480489985,0.3208096480489985,1212,13,144:120;441:72;1125:144;1620:120;2115:78;2295:108;2430:54;3321:66;3420:78;3609:78;3735:126;3960:84;4437:84,550.2857142857144,84.0,0.439501813467916,0.4290192666782353,0.4290192666782353,0.4290192666782353,0.3509749126448739,1371,10,122:144;383:129;1621:138;2022:137;2315:132;3322:155;3572:115;3735:128;3961:144;4376:149,35.428571428571445,137.5,0.448924076110629,0.4591702041934893,0.4586614209216033,0.4846130236428486,-2.1438506859314366,0.0,-7.027874936411016,0.0,-6.909282763191049,0.0,-12.958335739804582,0.0,0.03016526459587543
2,1.25,random,0.375,1824,0.4573244319085239,0.4573244319085239,1824,18,144:120;306:84;441:72;1125:144;1278:144;1620:120;2115:78;2295:108;2430:90;2979:120;3321:66;3420:78;3609:78;3735:126;3960:84;4239:144;4437:84;4581:84,630.8571428571429,87.0,0.6452175608632685,0.6336254535528948,0.6336254535528948,0.6336254535528948,0.4590136910295912,1852,12,122:144;306:205;1128:137;1285:136;1621:156;2022:137;2295:186;3322:171;3570:117;3709:154;3961:157;4376:152,17.85714285714286,153.0,0.6039590000505298,0.6156733127037181,0.6091574178467232,0.6821590875176001,6.394519200242598,1.0,2.8332417437643365,1.0,3.8615929282785677,1.0,-7.659672396770878,0.0,0.0016892591210673213
2,1.25,random,0.5,2432,0.5855007780085899,0.5855007780085899,2430,24,144:120;306:84;441:72;792:144;1125:144;1278:144;1440:108;1620:120;1746:144;2115:78;2295:108;2430:90;2601:108;2979:120;3321:66;3420:78;3609:78;3735:126;3960:84;4086:18;4239:144;4437:84;4581:84;4716:84,852.2857142857144,99.0,0.8605550015501483,0.8488828583642841,0.8488828583642841,0.8488828583642841,0.5920851591360392,2471,16,122:144;306:205;793:139;1128:137;1285:136;1621:156;2022:137;2295:186;2984:142;3322:171;3561:126;3709:154;3961:157;4200:151;4376:152;4622:178,8.857142857142861,151.5,0.8045922947173922,0.8218074582550192,0.8137709952104558,0.9086514232638054,6.503094715845991,1.0,3.1895331425865536,1.0,4.136243629831982,1.0,-7.040849548392303,0.0,0.006584381127449301
2,1.25,random,0.625,3040,0.7029106517438173,0.7029106517438173,3036,28,0:126;144:120;306:84;441:72;693:66;792:144;1125:144;1278:144;1440:108;1620:120;1746:144;2115:78;2295:108;2430:90;2601:108;2763:144;2979:120;3123:144;3321:66;3420:78;3609:78;3735:126;3960:84;4086:144;4239:144;4437:84;4581:84;4716:84,813.1428571428573,108.0,1.0544824367320529,1.0422794456507476,1.0422794456507476,1.0422794456507476,0.7037867859606776,3019,20,122:144;306:206;793:139;1128:233;1384:164;1621:138;1771:138;2022:137;2255:131;2393:135;2572:134;2984:142;3322:171;3561:126;3709:154;3961:157;4200:151;4376:152;4536:133;4723:134,16.285714285714306,140.5,0.9834777665080736,1.0061392194183645,0.9971430061109252,1.0794472510869402,6.7336038752840555,1.0,3.467421945543492,1.0,4.330550672199185,1.0,-3.5660115520158575,0.0,0.0008761342168602804
2,1.25,random,0.75,3648,0.8123805473588777,0.8123805473588777,3648,32,0:126;144:120;306:84;441:72;522:78;612:144;792:144;963:96;1125:144;1278:144;1440:108;1620:120;1746:222;1998:96;2115:78;2196:78;2295:108;2430:90;2601:108;2763:144;2979:120;3123:144;3321:66;3420:78;3501:186;3735:126;3960:84;4086:144;4239:144;4437:84;4581:84;4716:84,878.8571428571429,108.0,1.2589774381994905,1.2476657931199584,1.2429479845988336,1.2576417432339615,0.8342711935251929,3692,24,3:193;222:169;421:137;614:138;793:139;1128:233;1382:146;1536:147;1712:191;2022:137;2255:131;2393:147;2572:134;2762:141;2942:152;3123:145;3322:176;3561:126;3709:154;3960:158;4200:151;4376:152;4536:133;4695:162,15.428571428571445,147.0,1.2023473781109135,1.230061466256981,1.2182842898384376,1.3647124892755318,4.498099677589595,1.0,1.4109809662213535,1.0,1.984290176741088,1.0,-8.513612610077924,0.0,0.021890646166315197
2,1.25,random,0.875,4256,0.9142992678411344,0.9142992678411344,4254,36,0:126;144:120;306:84;441:72;522:78;612:144;792:144;963:96;1062:60;1125:144;1278:144;1440:174;1620:120;1746:240;1998:96;2115:78;2196:78;2295:108;2430:168;2601:108;2763:144;2916:60;2979:120;3123:144;3321:66;3420:78;3501:186;3690:42;3735:222;3960:84;4086:144;4239:282;4527:138;4680:30;4716:84;4815:48,1130.857142857143,114.0,1.476826798391888,1.472787128094691,1.4566910754932056,1.5035706269018936,0.9223778836228618,4201,25,3:193;222:173;421:177;614:205;834:194;1128:233;1382:146;1536:147;1704:158;1874:133;2022:137;2189:197;2393:147;2572:134;2762:141;2926:174;3123:151;3322:176;3538:149;3709:154;3896:222;4151:136;4302:174;4481:188;4695:162,2.7142857142857224,162.0,1.3668903387210898,1.397068281143549,1.372554178043586,1.5679245945471352,7.444099727233255,1.0,5.141194236881841,1.0,5.775891598782035,1.0,-4.280076139678446,0.0,0.008078615781727416
2,1.25,local,0.125,608,0.3839852838229614,0.3839852838229614,606,10,297:66;477:54;1125:42;1305:54;1827:72;2424:6;2520:132;3600:60;3771:48;4743:72,742.5714285714287,57.0,0.2581574516968302,0.2512230472609725,0.2512230472609725,0.2512230472609725,0.3912337931566826,646,9,296:67;480:52;1130:37;1305:62;1825:74;2512:135;3613:46;3765:101;4741:72,567.8571428571429,67.0,0.2568147300384686,0.2509735175014922,0.2509735175014922,0.2509735175014922,0.5201173351906285,1.0,0.0993259823096837,1.0,0.0993259823096837,1.0,0.0993259823096837,1.0,0.007248509333721231
2,1.25,local,0.25,1216,0.56475209322666,0.56475209322666,1212,18,0:96;297:66;477:54;666:12;801:96;1125:42;1305:54;1827:72;2070:60;2421:24;2520:132;2925:120;3258:54;3384:30;3600:60;3771:48;4464:120;4743:72,1215.4285714285716,60.0,0.4941536696253527,0.4851820798587397,0.4851820798587397,0.4851820798587397,0.5723695253521812,1265,15,0:93;279:84;478:101;803:101;1130:37;1302:65;1802:97;2024:103;2422:21;2512:135;2922:124;3257:58;3601:58;3707:115;4741:73,758.0000000000002,93.0,0.4738107153160412,0.4694718110137375,0.4694718110137375,0.4694718110137375,4.116726346428767,1.0,3.2380150663388507,1.0,3.2380150663388507,1.0,3.2380150663388507,1.0,0.00761743212552124
2,1.25,local,0.375,1824,0.6847771116340993,0.6847771116340993,1824,24,0:96;297:66;477:54;639:66;801:96;954:66;1125:42;1305:54;1548:144;1827:72;2070:60;2277:54;2421:24;2520:132;2925:120;3114:66;3258:54;3348:66;3600:60;3699:120;3834:36;3960:84;4464:120;4743:72,1421.7142857142858,66.0,0.7101988056415266,0.6912978562696955,0.6912978562696955,0.6912978562696955,0.6932099828353644,1884,18,0:137;277:89;477:103;795:109;1128:40;1282:95;1543:147;1793:109;2021:108;2422:22;2509:141;2921:131;3113:64;3257:155;3590:70;3707:160;4463:127;4738:77,609.1428571428573,108.5,0.6629525651422398,0.6657170542777522,0.6647110509901594,0.6992877532844038,6.652537307016315,1.0,3.7004023316345336,1.0,3.845926186289783,1.0,-1.1557821194213558,0.0,0.008432871201265124
2,1.25,local,0.5,2432,0.7869401592126039,0.7869401592126039,2430,30,0:96;99:120;297:66;477:108;639:66;801:96;954:66;1125:42;1215:78;1305:72;1548:144;1755:144;1980:66;2070:60;2151:66;2277:54;2421:24;2520:132;2727:54;2925:120;3114:66;3258:54;3348:66;3600:60;3699:120;3834:48;3960:84;4167:66;4464:120;4743:72,1634.0000000000002,66.0,0.924785018065074,0.8993386929695935,0.8993386929695935,0.8993386929695935,0.7947807874788004,2491,20,0:138;277:91;476:104;637:41;802:204;1125:115;1262:134;1543:148;1782:120;2021:186;2276:52;2421:27;2509:141;2921:255;3256:157;3585:80;3707:160;3961:83;4463:176;4737:79,557.4285714285716,127.0,0.8561723809854687,0.8648915501564637,0.8541261586536025,0.9210507876227282,7.419306729596831,1.0,3.830274743254536,1.0,5.027308918145213,1.0,-2.414228902066018,0.0,0.007840628266196581
2,1.25,local,0.625,3040,0.864701815427441,0.864701815427441,3036,36,0:96;99:120;225:138;378:96;477:108;639:66;801:96;954:66;1035:66;1125:42;1215:78;1305:120;1548:144;1755:144;1980:66;2070:60;2151:66;2277:54;2421:24;2448:204;2700:78;2862:18;2925:120;3060:120;3258:54;3348:66;3600:60;3699:120;3834:48;3960:84;4167:66;4293:42;4383:48;4464:120;4590:66;4743:72,1909.4285714285716,69.0,1.144559400682261,1.1211070753486694,1.1187481710881069,1.1269320854039735,0.8647107676841601,3047,21,0:139;195:171;453:132;637:63;795:135;949:120;1125:117;1262:134;1543:148;1759:143;2021:187;2276:170;2502:150;2920:257;3255:160;3585:82;3707:173;3960:87;4112:120;4393:249;4736:110,248.71428571428575,139.0,1.0116843441703585,1.027956829606041,1.0136473000842467,1.1013298424169375,11.609275711919976,1.0,8.308773335825947,1.0,9.394506620881248,1.0,2.2718532304329853,1.0,8.952256719152452e-06
2,1.25,local,0.75,3648,0.9252664812631756,0.9252664812631756,3648,36,0:96;99:120;225:138;378:96;477:108;639:66;801:96;900:120;1035:66;1125:42;1200:6;1215:78;1305:120;1530:162;1755:144;1980:66;2070:60;2151:66;2277:168;2448:204;2700:78;2835:210;3060:120;3195:60;3258:156;3492:168;3699:120;3834:48;3960:84;4113:48;4167:66;4293:42;4383:48;4464:120;4590:66;4671:192,1535.1428571428573,96.0,1.3129015419768235,1.302158345860093,1.2924452106695414,1.361654022795186,0.9304937221622984,3643,23,0:140;157:211;417:169;633:83;794:136;942:128;1124:122;1261:135;1525:166;1759:144;1974:157;2154:176;2420:243;2731:152;2911:267;3198:217;3496:172;3703:180;3960:88;4111:121;4298:133;4463:179;4730:124,145.00000000000003,152.0,1.1970530345084134,1.2178150555203144,1.1959431564573049,1.306649311501674,8.823853408990445,1.0,6.4771915495475785,1.0,7.4666263154199335,1.0,4.039551190881752,1.0,0.005227240899122854
2,1.25,local,0.875,4256,0.9636996809298928,0.9636996809298928,4254,38,0:96;99:120;225:138;378:96;477:228;765:132;900:120;1035:66;1125:42;1170:42;1215:78;1305:120;1440:252;1755:222;1980:66;2070:60;2151:66;2223:222;2448:204;2655:42;2700:78;2781:264;3060:120;3195:60;3258:156;3447:42;3492:168;3699:120;3834:48;3888:66;3960:84;4113:48;4167:66;4239:96;4383:48;4464:120;4590:66;4671:192,1568.0000000000002,96.0,1.5127448997324713,1.505792222722405,1.4816481438201774,1.5509715872457934,0.9645883319368408,4040,24,0:142;155:284;451:135;632:90;781:150;943:155;1124:148;1281:142;1525:169;1756:151;1974:158;2151:190;2364:113;2495:169;2694:190;2911:267;3197:219;3496:182;3702:191;3923:127;4111:220;4378:164;4546:156;4727:128,81.42857142857144,157.0,1.3209815012822823,1.3481516490989742,1.3203940526407378,1.480975334591091,12.676519252129182,1.0,10.468945930562956,1.0,10.883426800891694,1.0,4.513058345511112,1.0,0.0008886510069480158
2,1.25,hot-cold,0.125,608,0.2998387477416704,0.2998387477416704,606,4,18:96;153:78;234:144;405:288,95.71428571428572,120.0,0.2050080520660584,0.2048310564157325,0.1990725548384771,0.2055444182531185,0.3151411575924952,632,4,0:133;147:154;316:153;498:192,1.8571428571428612,153.5,0.2057545320338532,0.2100479734388876,0.2075445284760848,0.2403182501582563,-0.3641222675264677,0.0,-2.5469365409934053,0.0,-4.255721560654924,0.0,-16.917915942779537,0.0,0.015302409850824816
2,1.25,hot-cold,0.25,1216,0.5121837324876592,0.5121837324876592,1212,8,18:96;153:78;234:144;405:288;702:252;1026:120;1197:144;1440:90,155.42857142857144,132.0,0.4070581428452452,0.4086526855470643,0.3985926526711361,0.4107345497695391,0.5194800603926717,1199,8,0:143;147:154;306:180;498:195;704:132;844:136;1029:123;1205:136,14.714285714285722,139.5,0.3912671165506104,0.4005687141119792,0.3968511272503575,0.427244287196244,3.8793048541564734,1.0,1.9782009811737944,1.0,0.4369185957412647,1.0,-4.01956383653832,0.0,0.007296327905012445
2,1.25,hot-cold,0.375,1824,0.6666061566293476,0.6666061566293476,1824,12,18:96;117:114;234:144;405:288;702:318;1026:120;1197:144;1386:144;1539:144;1692:60;1755:108;1935:144,176.2857142857143,144.0,0.6078674306457077,0.6129222647625081,0.6001911197091783,0.6233860781739532,0.6679119456469949,1756,12,0:143;147:157;306:135;443:142;587:155;745:135;884:132;1029:153;1194:153;1386:167;1561:138;1742:146,2.857142857142861,144.5,0.5714958419339827,0.5847804174914115,0.5824851111398348,0.6505638310015522,5.983473842822806,1.0,4.591421928847838,1.0,2.950061736655296,1.0,-4.359698392240197,0.0,0.0013057890176472187
2,1.25,hot-cold,0.5,2432,0.7818126711023008,0.7818126711023008,2430,13,0:114;117:114;234:168;405:288;702:318;1026:168;1197:186;1386:144;1539:210;1755:324;2133:144;2313:144;2619:108,68.57142857142858,168.0,0.7961606538526187,0.8099257728956222,0.7839431362608972,0.8601639333825474,0.7898526719616175,2445,15,0:145;147:157;306:135;442:143;587:157;745:135;884:141;1029:210;1243:138;1386:167;1561:233;1804:183;1994:136;2136:139;2323:226,0.0,145.0,0.7954062347287217,0.8138453949916545,0.8011778478473104,0.8636067218946061,0.09475714734787921,1.0,-0.48394831072222644,0.0,-2.198464504532316,0.0,-0.4002479502389855,0.0,0.008040000859316665
2,1.25,hot-cold,0.625,3040,0.8605023439007672,0.8605023439007672,3036,17,0:114;117:114;234:168;405:288;702:318;1026:120;1152:42;1197:186;1386:144;1539:210;1755:540;2313:144;2466:108;2619:108;2754:144;2934:144;3114:144,203.14285714285717,144.0,1.0043614260378402,1.0191195081852518,0.9852969838610104,1.0520500258143315,0.860994587036289,2983,18,0:145;146:203;350:142;494:158;653:227;881:144;1027:212;1241:141;1386:168;1561:233;1800:187;1993:162;2158:139;2302:154;2464:138;2621:158;2833:137;3120:135,0.0,156.0,0.9704281383213812,0.9925789078640208,0.9761937738580552,1.0689246580397844,3.3785932869130786,1.0,2.604267714244024,1.0,0.9239051932629638,1.0,-1.6039762189437035,0.0,0.0004922431355217638
2,1.25,hot-cold,0.75,3648,0.9157870262007992,0.9157870262007992,3648,19,0:114;117:114;234:168;405:288;702:318;1026:168;1197:186;1386:144;1539:210;1755:702;2466:108;2619:108;2754:144;2934:144;3114:144;3294:144;3474:252;3753:96;3906:96,173.14285714285717,144.0,1.2009920066235158,1.21768850648024,1.172106150621724,1.261488146413193,0.9204727034029424,3577,22,0:145;146:203;350:143;494:158;653:138;792:193;986:155;1143:234;1378:160;1539:144;1684:147;1832:201;2034:195;2232:143;2376:145;2524:147;2673:140;2833:152;2991:175;3170:146;3352:176;3581:137,0.0,149.5,1.1636679352248005,1.1891922272883646,1.172922725844191,1.308431599408757,3.1077701760604315,1.0,2.3401944783271955,1.0,-0.06966734386930629,0.0,-3.721275790742773,0.0,0.00468567720214319
2,1.25,hot-cold,0.875,4256,0.9610020340245022,0.9610020340245022,4254,18,0:114;117:114;234:168;405:288;702:318;1026:168;1197:186;1386:144;1539:210;1755:702;2466:150;2619:132;2754:684;3474:252;3735:144;3906:96;4014:288;4320:96,122.2857142857143,168.0,1.3939569305930255,1.4191303143852283,1.345830833465103,1.4798356201116207,0.9691684069031868,4239,21,0:369;370:615;986:155;1142:235;1378:160;1539:144;1684:147;1832:201;2034:238;2273:186;2460:142;2604:225;2831:154;2990:176;3170:170;3349:182;3544:147;3699:167;3872:154;4048:137;4324:135,0.0,167.0,1.3790294597198574,1.4082020927444077,1.3594803128332311,1.5407727771880757,1.07087030779478,1.0,0.7700647030117747,1.0,-1.0142046852192221,0.0,-4.117832835504975,0.0,0.008166372878684602
2,1.44,random,0.125,608,0.1715912811010588,0.1715912811010588,606,7,1179:54;1872:78;2727:78;3114:144;3483:66;4050:72;4653:114,347.1428571428572,78.0,0.2256668293077011,0.2189490166581102,0.2189490166581102,0.2189490166581102,0.1955698297200988,735,5,1791:140;2644:158;3121:157;3425:131;4658:149,3.857142857142861,149.0,0.2394267741273195,0.2454184232261453,0.2443314771452979,0.2816360680551272,-6.097460075027894,0.0,-12.089301414569587,0.0,-11.592863432139788,0.0,-28.630889671865067,0.0,0.023978548619039974
2,1.44,random,0.25,1216,0.3260003876954507,0.3260003876954507,1212,14,63:108;747:108;1170:66;1305:96;1575:54;1872:78;2097:78;2502:144;2727:78;3114:144;3483:66;4050:72;4332:6;4653:114,694.2857142857144,78.0,0.4513336586154022,0.4411019225611643,0.4411019225611643,0.4411019225611643,0.3456104958258865,1348,9,65:144;1175:194;1791:140;2156:147;2644:158;3121:157;3425:131;3994:128;4658:149,10.714285714285722,147.0,0.4394110631729606,0.4492095263155373,0.4461163552875939,0.5017444295251752,2.6416366727484153,1.0,-1.838034100440522,0.0,-1.1367968421707175,0.0,-13.747957980301484,0.0,0.019610108130435788
2,1.44,random,0.375,1824,0.4687881080021592,0.4687881080021592,1824,20,63:108;351:78;549:144;747:108;1170:66;1305:96;1548:84;1719:108;1872:78;1980:78;2097:78;2196:108;2502:144;2727:78;3114:144;3483:66;3816:66;4050:72;4332:6;4653:114,900.5714285714287,81.0,0.6673787946315762,0.6515771027976778,0.6515771027976778,0.6515771027976778,0.4820545818994173,1935,13,65:144;584:133;752:138;1175:215;1791:140;1978:162;2156:147;2499:133;2644:158;3121:157;3425:131;3994:128;4658:149,14.428571428571445,144.0,0.6306788098945139,0.645005374372785,0.6404031984134524,0.7054936068804865,5.4991235910218705,1.0,1.0085879931439723,1.0,1.714901327294649,1.0,-8.274769609200083,0.0,0.013266473897258102
2,1.44,random,0.5,2432,0.5978506592584854,0.5978506592584854,2430,24,63:108;198:108;351:78;549:144;747:108;918:108;1170:66;1305:96;1548:84;1719:108;1872:78;1980:78;2097:78;2196:108;2502:144;2727:78;3114:228;3483:66;3645:78;3816:144;4050:72;4329:90;4581:66;4653:114,927.1428571428572,93.0,0.8667056829561829,0.8479520167131012,0.8446217989334837,0.8504163296550612,0.5993251639931588,2463,16,65:178;354:103;521:157;752:138;1175:215;1574:150;1791:140;1978:162;2154:149;2499:170;2715:157;3121:157;3425:131;3653:179;3994:128;4658:149,42.571428571428584,153.5,0.8047598927511792,0.8225015810406842,0.8135920921545892,0.937761861059318,7.1472694160395145,1.0,3.0014004531848437,1.0,3.673798949787488,1.0,-10.270914181490998,0.0,0.0014745047346734763
2,1.44,random,0.625,3040,0.7180625930764404,0.7180625930764404,3036,29,63:108;198:108;351:78;549:144;747:108;918:108;1170:66;1305:96;1548:84;1719:108;1872:78;1980:78;2097:78;2196:108;2313:144;2502:222;2727:78;2826:78;2934:96;3114:228;3483:66;3645:78;3816:144;3969:48;4050:72;4329:90;4491:144;4653:114;4779:84,1091.714285714286,96.0,1.0773714228804638,1.057406143151189,1.0509885359717177,1.063036177302221,0.7200287268721012,3034,20,65:178;259:170;521:142;677:179;877:133;1141:98;1266:136;1574:159;1791:140;1978:162;2154:149;2499:133;2644:228;3121:157;3425:131;3653:133;3816:139;3991:131;4326:113;4584:223,72.00000000000003,141.0,0.9929353565888522,1.013847124703691,1.0019658789795347,1.093946405715032,7.8372290649647125,1.0,4.119421731151207,1.0,4.664433085072417,1.0,-2.9077306184682516,0.0,0.001966133795660796
2,1.44,random,0.75,3648,0.8248404286125939,0.8248404286125939,3648,35,63:108;198:108;351:78;450:96;549:144;747:108;873:18;918:108;1035:126;1170:66;1305:96;1449:84;1548:84;1719:108;1872:78;1980:78;2097:78;2196:108;2313:144;2502:222;2727:78;2826:78;2934:96;3114:228;3357:96;3483:66;3645:78;3735:66;3816:210;4050:72;4140:108;4329:90;4491:144;4653:114;4779:84,1354.857142857143,96.0,1.298088259659237,1.276136762409413,1.2671174225896156,1.2859973091232442,0.8262606181920238,3589,23,65:182;259:170;521:144;677:179;877:146;1137:107;1266:136;1574:176;1791:157;1978:162;2154:149;2318:128;2499:133;2644:259;2936:145;3121:223;3425:155;3653:133;3816:139;3991:135;4331:146;4496:136;4658:149,38.428571428571445,146.0,1.170729275799997,1.1939267833634244,1.1794091152304038,1.3150481790336193,9.81127307111407,1.0,6.442097858757078,1.0,6.921876836004803,1.0,-2.2590148287465084,0.0,0.001420189579429909
2,1.44,random,0.875,4256,0.923837989900119,0.923837989900119,4254,35,0:60;63:108;198:108;351:78;450:96;549:366;918:108;1035:126;1170:66;1242:60;1305:96;1449:84;1548:84;1647:210;1872:78;1980:78;2097:78;2196:108;2313:144;2502:222;2727:78;2826:78;2934:96;3042:300;3357:96;3483:66;3555:72;3645:78;3735:66;3816:210;4050:72;4140:108;4257:378;4653:114;4779:84,1352.0,96.0,1.4949971320112418,1.4759652847533762,1.44311407394819,1.5052980159345162,0.9239660309155876,4158,27,25:161;201:134;354:142;517:148;677:138;830:131;993:246;1266:136;1459:168;1664:142;1811:137;1978:162;2154:149;2318:136;2499:133;2644:259;2936:145;3108:179;3296:157;3484:142;3653:136;3816:196;4040:135;4209:143;4392:129;4584:135;4723:139,12.428571428571445,142.0,1.353699779244404,1.3857279025381513,1.3708402102073955,1.469363204321212,9.451346075610745,1.0,6.113787576670749,1.0,5.008187851918155,1.0,2.3872224126327057,1.0,0.00012804101546859403
2,1.44,local,0.125,608,0.4149468910486533,0.4149468910486533,606,10,171:78;1296:54;1458:48;1827:60;2484:78;2592:48;2763:48;3249:78;4131:66;4815:48,742.5714285714287,57.0,0.2581574516968302,0.2451079729162271,0.2451079729162271,0.2451079729162271,0.4150613746082731,631,8,1295:59;1446:61;1828:58;2489:147;2757:65;3245:111;4130:72;4806:58,460.0,63.0,0.243072791268372,0.2371350484031522,0.2370830137503457,0.2471404100789191,5.843201631139827,1.0,3.2528213661168426,1.0,3.2740506440498973,1.0,-0.8292007552878067,0.0,0.00011448355961979351
2,1.44,local,0.25,1216,0.5963771787152778,0.5963771787152778,1212,17,171:78;792:54;1071:72;1296:54;1458:48;1827:60;2304:96;2484:78;2592:48;2763:48;2997:78;3249:78;3330:108;3492:144;4131:66;4626:54;4815:48,1089.7142857142858,66.0,0.4838242810045313,0.4644165090519175,0.4644165090519175,0.4644165090519175,0.6235970232579152,1359,12,176:73;1071:137;1295:212;1828:59;2298:101;2487:158;2753:72;2995:85;3245:195;3500:136;4129:73;4806:58,423.0000000000001,93.0,0.4768652774300795,0.4750997581809913,0.4699252010407869,0.4963612035136674,1.4383328509274595,1.0,-2.3003594663081994,0.0,-1.1861533518942036,0.0,-6.8784579874138,0.0,0.027219844542637373
2,1.44,local,0.375,1824,0.7231165535768,0.7231165535768,1824,20,171:78;504:108;792:72;900:66;1071:138;1296:54;1386:120;1683:204;2016:66;2304:96;2484:78;2592:48;2763:48;2997:78;3177:150;3330:108;3492:144;4131:66;4626:54;4815:48,969.7142857142859,78.0,0.673059958373028,0.6591491097378085,0.6566167566345577,0.6782069799662551,0.7242198170236993,1797,14,145:106;795:152;1071:137;1288:220;1809:78;2298:101;2472:173;2740:85;2995:85;3177:264;3500:136;4129:74;4563:117;4795:69,363.8571428571429,111.5,0.6144957208536641,0.6154092278837223,0.6062569106178635,0.640427130681543,8.701191742401349,1.0,6.635809896107525,1.0,7.669595012288443,1.0,5.57054857892968,1.0,0.0011032634468992608
2,1.44,local,0.5,2432,0.8127961905539998,0.8127961905539998,2430,27,117:48;171:78;504:108;648:78;792:72;900:66;1017:192;1296:54;1386:120;1683:204;2016:66;2160:18;2304:96;2484:78;2592:48;2655:156;2817:84;2997:78;3105:24;3177:150;3330:108;3492:144;4131:66;4266:108;4527:84;4626:54;4815:48,1382.8571428571431,78.0,0.9041497167066604,0.8880470902315172,0.8832252124047791,0.9254994632351354,0.8169405907219857,2345,16,141:129;505:108;795:174;1062:146;1285:237;1687:200;2020:67;2298:108;2471:220;2740:86;2993:129;3176:271;3495:143;4109:95;4563:159;4791:73,283.8571428571429,136.0,0.7861975723762288,0.7942623163761288,0.7785998858813648,0.8351439263898397,13.045643011432773,1.0,10.560788373388885,1.0,11.845826529175774,1.0,9.762894570403413,1.0,0.0041444001679858955
2,1.44,local,0.625,3040,0.8833939604289416,0.8833939604289416,3036,28,117:48;171:78;504:108;648:78;792:72;900:66;1017:192;1224:282;1683:204;2016:66;2133:48;2232:168;2430:132;2592:48;2655:156;2817:84;2997:78;3105:24;3177:150;3330:108;3492:192;3771:144;4005:48;4131:66;4266:108;4527:84;4626:120;4779:84,1149.1428571428573,84.0,1.0820900754095208,1.073533668766438,1.0604209362591934,1.1277894130707564,0.8839163020426859,2899,17,127:143;505:222;793:178;1022:187;1284:238;1683:206;2000:179;2272:134;2470:231;2738:95;2991:135;3173:283;3493:173;4108:101;4250:124;4529:197;4791:73,147.2857142857143,178.0,0.9552031161598624,0.9707876428825892,0.9450131448590904,1.0211860264832993,11.726099530266698,1.0,9.570824732671024,1.0,10.883205664273543,1.0,9.452419516618482,1.0,0.0005223416137443149
2,1.44,local,0.75,3648,0.9330889815907756,0.9330889815907756,3648,32,0:72;117:48;171:78;252:78;504:108;648:78;792:72;900:66;1017:192;1224:282;1512:138;1683:204;1926:156;2088:42;2133:48;2232:168;2430:132;2592:54;2655:156;2817:84;2907:168;3105:24;3177:150;3330:354;3771:144;4005:48;4095:102;4200:6;4266:108;4527:84;4626:120;4779:84,1296.0000000000002,93.0,1.293252227714034,1.2932242454035998,1.2722369354383012,1.3671725804902612,0.9343412867036092,3401,20,119:158;505:223;792:179;1020:232;1284:240;1569:155;1740:155;1999:180;2272:142;2448:256;2738:164;2990:136;3166:292;3490:188;3773:141;4010:47;4108:101;4246:134;4523:204;4790:74,183.42857142857144,161.0,1.1214832161383763,1.1432757411121168,1.1136622420371145,1.2374971750147252,13.281942060078899,1.0,11.594934507641085,1.0,12.464242232250221,1.0,9.484933162500598,1.0,0.001252305112833585
2,1.44,local,0.875,4256,0.9678684756313344,0.9678684756313344,4254,34,0:72;117:48;171:78;252:78;387:114;504:222;756:210;972:42;1017:192;1224:282;1512:138;1683:204;1926:156;2088:42;2133:48;2232:168;2403:12;2430:132;2565:24;2592:54;2655:156;2817:84;2907:168;3105:24;3141:186;3330:354;3717:264;4005:48;4095:102;4203:60;4266:168;4491:120;4626:120;4779:84,1311.1428571428573,117.0,1.491640080709475,1.504876355462735,1.4710538311384935,1.5905938870007756,0.9718489185407658,3953,21,0:73;119:213;504:224;768:231;1020:233;1283:243;1569:158;1732:231;1999:182;2229:188;2431:276;2737:199;2990:138;3161:300;3481:205;3725:84;3854:203;4106:103;4246:145;4500:249;4789:75,204.42857142857144,203.0,1.3027850704760675,1.3240763742729147,1.2775631762919708,1.3960162733706931,12.660896732111249,1.0,12.014274829524185,1.0,13.153200158336453,1.0,12.233016561944554,1.0,0.0039804429094314475
2,1.44,hot-cold,0.125,608,0.3419481967311172,0.3419481967311172,606,6,9:84;108:30;162:144;342:144;585:84;846:120,221.42857142857144,102.0,0.2153374406868797,0.2145018826430144,0.2145018826430144,0.2145018826430144,0.39974022706522,732,5,1:138;152:173;342:146;529:135;825:140,0.0,140.0,0.2381338911335068,0.2439901537191481,0.2428742994978526,0.2633684958745178,-10.586384965805928,0.0,-13.747325064372351,0.0,-13.22711787199422,0.0,-22.781437919978487,0.0,0.057792030334102795
2,1.44,hot-cold,0.25,1216,0.5592999993155084,0.5592999993155084,1212,9,9:84;108:216;342:240;585:84;693:120;846:120;972:60;1035:144;1197:144,206.2857142857143,120.0,0.411236850060032,0.4122294311766852,0.4055689956174499,0.4180611477133086,0.5620378923817351,1178,7,1:138;152:225;390:175;577:136;720:138;866:186;1145:180,0.0,175.0,0.3832263985727747,0.3929766997726316,0.3855646525617466,0.4199642011797939,6.811269827392263,1.0,4.670392249553313,1.0,4.932414280151798,1.0,-0.4552093579837546,0.0,0.0027378930662266265
2,1.44,hot-cold,0.375,1824,0.7053485453993028,0.7053485453993028,1824,11,9:84;108:474;585:84;693:120;846:120;972:60;1035:144;1197:144;1359:396;1773:144;2007:54,287.14285714285717,120.0,0.6169760733386138,0.6202099619441488,0.5967943681812123,0.6289025766937422,0.7166544473256767,1797,11,1:138;140:137;279:140;422:150;577:178;759:136;897:214;1124:219;1357:137;1497:136;1707:212,0.0,140.0,0.584599183561355,0.5982329550567721,0.5883405893954428,0.6293578493903242,5.247673479793025,1.0,3.5434785372499,1.0,1.4165312604294988,1.0,-0.0723916093610999,0.0,0.011305901926373929
2,1.44,hot-cold,0.5,2432,0.8163944883265859,0.8163944883265859,2430,16,0:6;9:84;102:480;585:84;675:138;819:24;846:120;972:60;1035:144;1197:144;1359:396;1773:228;2007:90;2142:144;2295:144;2484:144,476.0,141.0,0.8296372633373716,0.8391405550417647,0.812151915119447,0.8493793636988667,0.8278818887560994,2436,15,1:138;140:138;279:142;422:151;577:178;758:233;992:143;1140:204;1352:142;1497:170;1678:160;1844:158;2008:167;2219:172;2484:140,0.0,158.0,0.7924783590180638,0.8120045456077352,0.8006089566431062,0.8942636714342002,4.478933861990376,1.0,3.2337859576670014,1.0,1.4212807064110766,1.0,-5.284365226377985,0.0,0.011487400429513461
2,1.44,hot-cold,0.625,3040,0.8844681714536079,0.8844681714536079,3036,18,0:6;9:84;102:480;585:84;675:138;819:24;846:120;972:60;1035:720;1773:228;2007:132;2142:144;2295:144;2484:144;2646:144;2808:144;2961:144;3375:96,472.8571428571429,141.0,1.026522659806148,1.0400655381849753,0.999964165755413,1.0489779698468804,0.8845162180596955,2915,18,0:139;140:138;279:142;422:153;577:247;825:140;966:140;1107:142;1250:144;1395:137;1534:159;1694:152;1849:137;1988:141;2135:231;2376:214;2597:182;2805:177,0.0,143.0,0.948306410729744,0.9711441988953936,0.9570081182162876,1.0314832729153147,7.619534583988119,1.0,6.6266342609386575,1.0,4.295758689180095,1.0,1.6677849711295045,1.0,4.8046606087592814e-05
2,1.44,hot-cold,0.75,3648,0.934055095738768,0.934055095738768,3648,22,0:6;9:84;96:486;585:84;675:138;819:24;846:120;972:60;1035:720;1773:228;2007:132;2142:144;2295:186;2484:144;2646:144;2808:144;2961:144;3123:240;3375:96;3528:126;3681:78;3798:120,553.4285714285716,135.0,1.2322384072015002,1.2478019686759083,1.2020114742061665,1.265690883342346,0.9402276912914146,3567,23,0:139;140:171;312:220;533:140;674:150;825:140;966:140;1107:142;1250:144;1395:137;1534:159;1694:144;1839:147;1988:141;2135:231;2371:143;2516:156;2677:149;2831:151;2987:140;3138:153;3306:165;3554:165,0.0,147.0,1.1604147399907363,1.1870197708615953,1.1761560916812106,1.3063044095103429,5.828715189447841,1.0,4.8711413621835735,1.0,2.1510096267617906,1.0,-3.20880293146677,0.0,0.006172595552646598
2,1.44,hot-cold,0.875,4256,0.968457285877758,0.968457285877758,4254,22,0:6;9:84;96:486;585:84;675:138;819:24;846:186;1035:966;2007:132;2142:144;2295:186;2484:306;2808:144;2961:144;3123:240;3375:96;3474:180;3681:78;3807:288;4104:78;4203:144;4428:120,511.7142857142858,144.0,1.4259545594343426,1.4462395980897649,1.3785598596727444,1.490308867243822,0.9718136475650804,4120,23,0:139;140:533;674:150;825:188;1014:197;1212:160;1373:160;1534:159;1694:188;1883:165;2049:137;2187:179;2369:135;2505:167;2676:179;2856:146;3006:143;3152:148;3306:200;3513:153;3681:176;3868:169;4202:149,0.0,160.0,1.3403164364344922,1.3689404062667312,1.3366673582705062,1.5464191123897963,6.0056698464376,1.0,5.344839950802949,1.0,3.038859800559046,1.0,-3.765007803365261,0.0,0.00335636168732234
2,2.48,random,0.125,608,0.2335081946593467,0.2335081946593467,606,9,12:6;804:6;972:96;2466:48;2655:144;3249:54;3357:84;3834:48;4743:120,616.8571428571429,54.0,0.2478280630760088,0.2456199731337128,0.2456199731337128,0.2456199731337128,0.2344941175193026,637,7,14:20;954:128;2466:10;2656:140;3357:131;3839:100;4750:108,312.1428571428572,108.0,0.2328759388377309,0.2392110969325397,0.2392110969325397,0.2392110969325397,6.033265180986424,1.0,2.6092650851664234,1.0,2.6092650851664234,1.0,2.6092650851664234,1.0,0.0009859228599559122
2,2.48,random,0.25,1216,0.3944986501863303,0.3944986501863303,1212,15,9:42;243:84;450:78;648:84;972:96;1188:108;1791:48;2466:48;2655:144;2853:96;3096:78;3249:54;3357:84;3834:48;4743:120,820.0000000000002,84.0,0.4616630472362236,0.4480368629807874,0.4480368629807874,0.4480368629807874,0.4210574250464673,1345,12,14:140;249:124;457:71;611:128;954:128;2464:91;2656:140;2849:101;3250:55;3357:131;3839:126;4748:110,283.57142857142867,125.0,0.4608545730865695,0.4644637557482918,0.4644637557482918,0.4644637557482918,0.17512212738144406,1.0,-3.6664154503306623,0.0,-3.6664154503306623,0.0,-3.6664154503306623,0.0,0.026558774860137024
2,2.48,random,0.375,1824,0.5466368935448309,0.5466368935448309,1824,24,9:42;108:48;243:84;450:78;648:84;801:78;972:96;1188:108;1548:66;1782:66;2088:72;2214:54;2466:48;2655:144;2853:96;2997:66;3096:78;3249:54;3357:84;3834:48;3888:78;4248:120;4536:12;4743:120,1421.7142857142858,78.0,0.7101988056415266,0.6872063021770558,0.6872063021770558,0.6872063021770558,0.546681050833008,1904,15,14:140;249:129;422:106;611:128;915:153;1168:135;2464:129;2656:147;2828:122;3001:132;3250:55;3357:131;3814:133;4214:154;4748:110,173.5714285714286,131.0,0.6336699716275452,0.645870844851512,0.6451886127369376,0.6792519978781075,10.775691736745808,1.0,6.014999745286664,1.0,6.114275917873135,1.0,1.1574841897912136,1.0,4.415728817708242e-05
2,2.48,random,0.5,2432,0.6678788062795507,0.6678788062795507,2430,29,9:42;108:78;243:84;450:78;648:84;801:78;900:66;972:96;1107:66;1188:108;1350:144;1548:66;1782:66;1917:108;2088:72;2214:54;2466:48;2655:144;2853:96;2997:66;3096:78;3249:54;3357:84;3672:96;3834:48;3888:78;4248:120;4581:108;4743:120,1499.1428571428576,78.0,0.91370440118092,0.8835199897918906,0.8835199897918906,0.8835199897918906,0.6935801629174367,2596,19,14:140;249:129;422:114;611:128;806:129;944:138;1128:166;1475:130;1791:56;2123:136;2464:129;2656:147;2849:156;3102:203;3357:131;3814:151;4214:154;4537:149;4748:110,157.71428571428575,136.0,0.8574881703055777,0.8773770445306583,0.8730870764881649,0.951629610740116,6.152562119946614,1.0,0.6952808461842763,1.0,1.1808350036520587,1.0,-7.708894165967695,0.0,0.025701356637886086
2,2.48,random,0.625,3040,0.7840798367790358,0.7840798367790358,3036,36,9:42;108:78;243:84;342:186;558:66;648:84;801:78;900:66;972:96;1107:66;1188:108;1350:144;1548:66;1782:66;1917:108;2088:72;2214:54;2466:48;2520:90;2655:144;2853:96;2997:66;3096:78;3249:54;3357:84;3447:78;3672:96;3789:36;3834:48;3888:78;4032:78;4140:84;4248:120;4491:66;4581:108;4743:120,1888.2857142857147,78.0,1.1428221853233047,1.1065348372718709,1.1049044181505998,1.113345066176802,0.7914803807508284,3096,23,14:140;248:130;422:114;595:144;806:129;944:138;1108:130;1278:129;1475:130;1736:111;1917:131;2116:143;2464:129;2656:147;2828:122;3001:139;3153:152;3357:131;3629:135;3814:151;4214:154;4532:154;4748:113,119.28571428571433,131.0,1.0169904257144735,1.0437751924135985,1.0425841770271382,1.100977708580525,11.01061575674901,1.0,5.671727879169575,1.0,5.640328710765208,1.0,1.1108287962101615,1.0,0.0074005439717925725
2,2.48,random,0.75,3648,0.8739653667134017,0.8739653667134017,3648,40,9:42;54:132;243:84;342:186;558:66;648:84;801:78;900:66;972:96;1107:66;1188:108;1350:180;1548:66;1674:78;1782:66;1917:108;2034:126;2214:54;2304:90;2466:48;2520:90;2655:294;2997:66;3096:78;3177:66;3249:54;3357:84;3447:78;3573:66;3672:96;3771:54;3834:48;3888:78;4032:78;4140:84;4248:120;4383:96;4491:66;4581:108;4743:120,2001.714285714286,78.0,1.3512376592900084,1.314987339057285,1.3059679992374873,1.341646115627995,0.8748999435298772,3614,24,14:183;248:130;422:175;611:128;806:153;972:140;1128:175;1352:138;1502:134;1724:139;1917:242;2219:136;2464:129;2656:147;2811:139;3001:143;3153:152;3357:131;3597:167;3814:151;4057:136;4214:154;4532:154;4723:138,22.285714285714306,141.5,1.1775358764827115,1.20743302151316,1.1973093907282462,1.3132637604449673,12.855013447343255,1.0,8.179114303962109,1.0,8.32015857759787,1.0,2.1154874487705477,1.0,0.0009345768164754631
2,2.48,random,0.875,4256,0.9444870693188128,0.9444870693188128,4254,41,9:42;54:132;189:42;243:84;342:186;558:66;648:84;747:132;900:66;972:96;1071:102;1188:354;1548:66;1620:132;1782:66;1854:54;1917:108;2034:126;2214:84;2304:210;2520:132;2655:294;2952:42;2997:66;3096:78;3177:66;3249:54;3357:84;3447:78;3573:66;3672:96;3771:54;3834:48;3888:78;3969:60;4032:78;4140:84;4248:120;4383:96;4491:66;4581:282,1926.8571428571431,84.0,1.5422306090682705,1.5200225992156975,1.4958438305449324,1.5477601548494189,0.9460573741255468,4124,27,14:217;248:130;422:175;611:128;780:155;944:146;1108:195;1352:168;1549:144;1713:150;1886:139;2035:124;2219:175;2422:133;2574:143;2732:159;2898:164;3102:203;3357:131;3511:125;3660:136;3814:151;4057:136;4208:188;4414:136;4580:135;4723:138,38.14285714285717,144.0,1.344751744939208,1.375182967230787,1.3609485988741574,1.493380029287459,12.804755849604632,1.0,9.528781483883531,1.0,9.018002341971288,1.0,3.5134723808192603,1.0,0.0015703048067340353
2,2.48,local,0.125,608,0.520341749908215,0.520341749908215,606,14,108:42;207:36;1341:48;1980:42;2232:36;2691:36;2808:24;3186:66;3375:42;3510:54;3645:18;4221:18;4383:66;4770:78,1282.0000000000002,42.0,0.3024799192334455,0.2972947068420682,0.2972947068420682,0.2972947068420682,0.5300178460010344,746,10,210:29;1344:40;1979:39;2228:62;2686:146;3322:94;3513:52;4211:98;4388:129;4787:57,613.7142857142858,59.5,0.2931145616373884,0.2903667978708767,0.2903552346146975,0.3002626415993096,3.096191515718172,1.0,2.3303169588121175,1.0,2.3342064515992855,1.0,-0.998314026094671,0.0,0.009676096092819386
2,2.48,local,0.25,1216,0.7197502718594682,0.7197502718594682,1212,26,108:42;207:36;396:96;558:18;981:42;1260:66;1341:48;1521:12;1683:78;1980:42;2232:36;2691:36;2808:24;2952:48;3186:66;3321:18;3375:42;3510:54;3645:18;3744:48;3996:72;4221:18;4266:54;4383:66;4464:54;4770:78,2294.2857142857138,45.0,0.5827986046985834,0.570625967009617,0.570625967009617,0.570625967009617,0.7272050748217964,1471,14,114:126;450:123;1263:126;1685:73;1979:44;2226:65;2686:148;3167:88;3321:95;3513:148;3995:75;4210:100;4386:131;4715:129,443.28571428571445,111.5,0.5149678517608687,0.5152384152898948,0.5150534031910271,0.5339456461422727,11.638798101240466,1.0,9.70645482714051,1.0,9.738877483935692,1.0,6.428084767955555,1.0,0.007454802962328255
2,2.48,local,0.375,1824,0.8382014550250418,0.8382014550250418,1824,34,36:42;108:42;207:36;396:96;558:18;630:42;981:42;1062:30;1260:66;1341:48;1503:36;1683:78;1872:78;1980:42;2034:48;2160:138;2421:72;2691:36;2736:18;2808:24;2952:48;3069:48;3186:66;3321:18;3375:42;3510:54;3645:18;3744:48;3996:72;4167:72;4266:54;4383:66;4464:54;4716:132,2764.2857142857138,48.0,0.820511980935253,0.8047487728221596,0.8047487728221596,0.8047487728221596,0.8440396160212376,2008,19,43:105;208:43;395:179;982:109;1262:127;1503:34;1684:78;1979:98;2172:123;2685:149;2957:39;3167:102;3313:105;3480:181;3744:49;3993:78;4175:135;4386:140;4713:134,664.0,105.0,0.7077995556246319,0.7097841333370285,0.7068759744079527,0.7401092555355344,13.736840890750535,1.0,11.800532376346629,1.0,12.16190713419525,1.0,8.032260435755866,1.0,0.005838160996195718
2,2.48,local,0.5,2432,0.9001814296836563,0.9001814296836563,2430,37,36:114;207:36;396:96;495:60;558:18;630:42;738:78;981:42;1062:30;1260:66;1341:48;1503:36;1683:78;1818:30;1872:78;1980:42;2034:48;2160:138;2421:138;2673:54;2736:96;2952:48;3069:48;3123:60;3186:66;3321:18;3375:42;3474:168;3645:18;3744:48;3825:96;3996:72;4167:72;4266:54;4383:66;4464:54;4716:132,2599.1428571428564,54.0,1.004086551613107,0.986189743274237,0.9852878092922572,0.9961626232525717,0.9003869520748213,2395,21,43:106;207:45;391:121;553:117;982:110;1262:128;1495:42;1684:78;1877:200;2170:126;2420:77;2685:149;2957:40;3069:200;3312:109;3480:184;3744:52;3993:78;4160:158;4386:140;4712:135,659.0000000000001,117.0,0.8332873832264104,0.8371363334221557,0.8305626222842646,0.8806417674694297,17.01040294905859,1.0,15.114070174489026,1.0,15.703552357877381,1.0,11.596586047964209,1.0,0.00020552239116500282
2,2.48,local,0.625,3040,0.939685646028839,0.939685646028839,3036,42,36:114;207:36;360:132;495:60;558:18;630:42;738:78;981:42;1062:30;1260:66;1341:48;1449:90;1593:84;1683:78;1818:30;1872:78;1980:42;2034:48;2088:66;2160:138;2421:138;2673:54;2736:96;2835:66;2952:48;3069:48;3123:60;3186:66;3258:60;3321:18;3375:42;3474:168;3645:96;3744:48;3825:96;3996:168;4167:96;4266:54;4383:66;4464:84;4716:132;4851:12,2700.5714285714284,66.0,1.2095641213437482,1.1890870950281212,1.1872832270641618,1.2090328549847904,0.939867839592003,2907,21,43:209;361:154;543:128;980:116;1261:130;1460:78;1684:95;1821:129;1974:119;2127:169;2419:140;2685:150;2957:43;3069:202;3311:135;3478:186;3743:165;3992:96;4158:162;4381:148;4710:153,279.7142857142858,140.0,0.96868674422382,0.9832651669646416,0.9735173420055528,1.077248876796418,19.91439501796143,1.0,17.30923907290508,1.0,18.00462435464498,1.0,10.899950125013792,1.0,0.0001821935631640681
2,2.48,local,0.75,3648,0.9689528398009106,0.9689528398009106,3648,44,0:150;153:156;360:132;495:60;558:114;738:78;981:42;1062:30;1143:66;1260:66;1341:48;1449:90;1593:84;1683:78;1764:18;1818:30;1872:78;1962:60;2034:48;2088:66;2160:138;2367:192;2574:78;2673:54;2736:96;2835:66;2952:48;3069:48;3123:60;3186:132;3321:18;3375:42;3420:36;3474:168;3645:96;3744:48;3825:96;3924:240;4167:96;4266:54;4347:102;4464:84;4698:150;4851:12,2535.7142857142853,72.0,1.39511408504527,1.379220007509435,1.371865776579446,1.4358869215695076,0.968981955378395,3372,23,33:222;361:155;527:144;736:79;974:126;1260:134;1460:79;1595:184;1821:129;1970:125;2127:183;2406:155;2684:168;2879:122;3066:205;3310:137;3478:187;3685:113;3831:100;3950:138;4158:167;4372:157;4701:163,206.71428571428575,144.0,1.1139622344427649,1.13366743931307,1.1197799686418175,1.2284340536939886,20.15260641522245,1.0,17.803727241441237,1.0,18.375398835749724,1.0,14.447716234420538,1.0,2.911557748441762e-05
2,2.48,local,0.875,4256,0.98473779108244,0.98473779108244,4254,48,0:150;153:156;360:132;495:60;558:114;684:132;819:36;909:114;1026:114;1143:66;1260:78;1341:48;1449:228;1683:78;1764:18;1818:30;1872:78;1962:66;2034:48;2088:66;2160:138;2304:24;2367:192;2574:78;2673:54;2736:96;2835:66;2907:42;2952:48;3006:60;3069:48;3123:60;3186:132;3321:96;3420:36;3474:168;3645:96;3744:54;3825:96;3924:240;4167:96;4266:78;4347:102;4452:6;4464:84;4554:90;4698:150;4851:12,2562.2857142857147,78.0,1.5944409733698768,1.5832221440354048,1.5725376953257983,1.6423533710374376,0.9854432652016768,3803,24,0:153;165:132;360:177;541:138;726:128;974:214;1260:135;1449:94;1594:186;1814:136;1968:132;2125:195;2399:182;2679:174;2877:135;3065:208;3307:140;3474:149;3624:174;3827:104;3949:191;4158:167;4351:196;4701:163,84.2857142857143,158.0,1.24411553306725,1.270005264875339,1.2502147519245908,1.3843870234099191,21.971678234171833,1.0,19.78350797707523,1.0,20.496993131501927,1.0,15.707115909200887,1.0,0.0007054741192368263
2,2.48,hot-cold,0.125,608,0.4453603824076503,0.4453603824076503,606,8,36:66;117:66;216:72;306:96;405:108;576:78;675:114;1542:6,472.8571428571429,75.0,0.2359962179285225,0.2295656247408515,0.2295656247408515,0.2295656247408515,0.4475976406509953,598,4,1:163;214:139;370:143;580:153,0.0,148.0,0.1945410749970452,0.1989246346186619,0.1979301945872483,0.2216530697049472,17.566020038521568,1.0,13.347377316085163,1.0,13.780560652020657,1.0,3.4467508124687685,1.0,0.002237258243344975
2,2.48,hot-cold,0.25,1216,0.6766257451270201,0.6766257451270201,1212,12,0:102;117:66;216:72;306:96;405:162;576:78;675:114;819:96;936:144;1098:144;1386:72;1494:66,451.7142857142858,96.0,0.4314026337538628,0.424003020257864,0.423343914655648,0.4351029118430129,0.6982472932856649,1248,8,0:186;199:134;336:137;478:158;646:141;817:185;1028:146;1383:161,0.8571428571428612,152.0,0.4060691928609122,0.4155625434399605,0.4112147591165708,0.4619340050347134,5.872342658761931,1.0,1.9906643147896141,1.0,2.865083238279964,1.0,-6.166608510627758,0.0,0.02162154815864481
2,2.48,hot-cold,0.375,1824,0.8075645868667448,0.8075645868667448,1824,18,0:108;117:66;198:90;306:96;405:162;576:78;657:132;819:96;936:144;1098:144;1251:84;1377:90;1494:66;1611:90;1728:96;1836:96;1935:96;2034:90,648.8571428571429,96.0,0.6466965415067043,0.634301900339861,0.633642794737645,0.6454017919250099,0.8154077737470662,1773,12,0:164;166:167;335:138;478:160;643:149;799:138;939:145;1097:144;1248:174;1442:132;1581:129;1837:133,10.571428571428584,144.5,0.5776601226790788,0.5919309035409166,0.5884734899433275,0.646857324701056,10.675241693233916,1.0,6.679941645491194,1.0,7.128512336831583,1.0,-0.2255235102004649,0.0,0.007843186880321373
2,2.48,hot-cold,0.5,2432,0.8797930832227991,0.8797930832227991,2430,22,0:102;117:66;198:204;405:162;576:78;657:132;819:96;918:162;1098:144;1251:84;1341:126;1494:66;1566:42;1611:90;1728:96;1836:96;1935:96;2034:90;2142:186;2331:96;2430:108;2601:108,720.5714285714288,96.0,0.849732619381515,0.8427210568824536,0.837413522296188,0.8775560790129867,0.8840205480534351,2259,14,0:164;166:178;345:140;487:151;640:152;799:177;979:237;1222:140;1370:143;1524:155;1684:135;1836:150;2013:133;2180:204,1.8571428571428612,151.5,0.7350493966161151,0.7510962646297867,0.7407124605808402,0.8342964168203206,13.496389352320382,1.0,10.87249351423849,1.0,11.547587797506964,1.0,4.92956099641193,1.0,0.004227464830635963
2,2.48,hot-cold,0.625,3040,0.9314873502784762,0.9314873502784762,3036,25,0:114;117:66;198:204;405:162;576:78;657:132;801:114;918:324;1251:84;1341:150;1494:66;1566:42;1611:114;1728:96;1836:96;1935:96;2034:90;2142:186;2331:96;2430:168;2601:108;2736:126;2925:126;3096:144;3276:54,729.4285714285716,114.0,1.047604002945915,1.0470876019110849,1.0341483182465288,1.102816318259027,0.9379632119385466,2929,17,0:164;166:210;377:169;548:212;763:154;918:226;1146:145;1293:143;1439:165;1608:158;1771:215;1995:140;2141:162;2311:140;2455:136;2606:253;2927:137,0.0,162.0,0.952860884057434,0.9740982672431646,0.9544638582508358,1.0530386404107333,9.043791224743192,1.0,6.970699923741264,1.0,7.705322204730125,1.0,4.513687095859787,1.0,0.006475861660070414
2,2.48,hot-cold,0.75,3648,0.95986580106456,0.95986580106456,3648,28,0:114;117:66;186:216;405:162;570:84;657:132;801:114;918:324;1251:84;1341:150;1494:66;1566:42;1611:114;1728:96;1836:96;1935:96;2034:90;2142:186;2331:96;2430:168;2601:108;2736:186;2925:168;3096:228;3411:108;3537:126;3681:144;4050:84,711.4285714285716,114.0,1.2452205706272144,1.2477167901576989,1.2284292788507467,1.3208658238519042,0.962752343245292,3401,19,0:275;276:270;548:212;763:154;918:226;1146:169;1317:175;1493:135;1629:151;1782:173;1957:181;2141:162;2307:145;2455:142;2606:166;2781:203;2990:134;3143:186;3436:142,0.8571428571428612,169.0,1.1064821267549565,1.1309639380153216,1.1041314020514232,1.231712638799452,11.141676193349081,1.0,9.357319951398658,1.0,10.118439778284182,1.0,6.749601923415971,1.0,0.0028865421807320324
2,2.48,hot-cold,0.875,4256,0.9787437928136228,0.9787437928136228,4254,32,0:114;117:66;186:216;405:162;570:84;657:132;801:114;918:330;1251:84;1341:150;1494:114;1611:114;1728:96;1830:102;1935:96;2034:294;2331:96;2430:168;2601:132;2736:186;2925:168;3096:228;3330:78;3411:108;3537:126;3681:144;3879:96;4050:84;4140:126;4284:84;4419:72;4617:90,758.8571428571429,114.0,1.4462611984275484,1.4505656958450115,1.426664445322548,1.5270023629069565,0.9800944278871888,3878,22,0:275;276:271;548:220;769:148;918:226;1146:170;1317:175;1493:135;1629:149;1779:176;1957:181;2141:144;2287:165;2454:214;2671:196;2870:155;3034:187;3226:145;3387:136;3532:131;3681:139;4035:140,3.857142857142861,167.5,1.2619060361937295,1.2895610411867726,1.2603291295656849,1.3938208522110676,12.747017097206204,1.0,11.099439006411039,1.0,11.659035612908763,1.0,8.721761925918114,1.0,0.001350635073566031
2,3.3,random,0.125,608,0.3006128690036512,0.3006128690036512,606,12,54:114;810:6;945:18;1908:12;2475:42;2925:18;3186:66;3357:78;3546:54;3708:18;4455:72;4644:108,1012.2857142857144,48.0,0.2803186854651378,0.2799358671358186,0.2799358671358186,0.2799358671358186,0.3169815639738222,720,9,41:126;787:30;950:10;2926:89;3187:72;3521:78;3716:130;4460:62;4644:123,493.7142857142858,78.0,0.2747963830725827,0.2754938163999968,0.2754938163999968,0.2754938163999968,1.970008664742351,1.0,1.5868101437914617,1.0,1.5868101437914617,1.0,1.5868101437914617,1.0,0.016368694970171016
2,3.3,random,0.25,1216,0.464696404870247,0.464696404870247,1212,19,54:114;207:48;516:6;810:6;945:18;1332:66;1971:84;2160:144;2421:96;2925:18;2952:66;3186:66;3357:78;3546:54;3708:18;3762:84;4320:66;4455:72;4644:108,1359.4285714285716,66.0,0.505985514772839,0.4958563784328719,0.4958563784328719,0.4958563784328719,0.4739846178372748,1298,12,57:197;787:76;950:14;1974:121;2366:147;2920:95;3187:72;3362:92;3521:139;3716:130;4460:92;4644:123,398.7142857142858,108.0,0.4550253364278104,0.4573537201798849,0.455226081042907,0.4726828734162364,10.071469806385092,1.0,7.764881108250055,1.0,8.19396485699646,1.0,4.673430861144546,1.0,0.009288212967027809
2,3.3,random,0.375,1824,0.5986333903421872,0.5986333903421872,1824,26,54:114;207:48;504:54;810:6;945:18;1332:66;1656:72;1827:96;1971:84;2160:144;2349:42;2421:96;2925:18;2952:66;3186:66;3357:78;3447:84;3546:54;3609:90;3708:18;3762:84;3978:96;4203:84;4320:66;4455:72;4644:108,1691.4285714285716,72.0,0.7323600394098343,0.7121327399011446,0.7121327399011446,0.7121327399011446,0.6045302972123955,1861,15,41:215;508:28;787:173;1340:54;1907:163;2162:135;2359:154;2920:95;3187:72;3343:111;3521:139;3714:132;4215:165;4460:102;4644:123,361.857142857143,132.0,0.6351518391690717,0.6429832865042562,0.6372594746955385,0.688941367833195,13.273280218715499,1.0,9.710191586822347,1.0,10.51394789347836,1.0,3.256608040681974,1.0,0.005896906870208274
2,3.3,random,0.5,2432,0.7101501937935145,0.7101501937935145,2430,32,54:114;207:48;360:96;504:54;666:150;945:18;990:114;1170:30;1332:66;1467:72;1656:72;1827:96;1971:84;2160:144;2349:42;2421:96;2826:60;2925:18;2952:66;3186:66;3357:78;3447:96;3546:54;3609:90;3708:18;3762:84;3978:96;4203:84;4320:66;4455:72;4536:78;4644:108,1909.7142857142858,75.0,0.9474392453811936,0.9230304386008044,0.922856989758116,0.9362632987739468,0.7290734961977713,2528,19,41:127;206:108;362:174;734:129;914:136;1340:54;1616:131;1907:188;2162:135;2359:154;2843:172;3187:72;3335:122;3521:139;3714:132;3978:96;4215:185;4449:113;4606:161,264.5714285714286,132.0,0.8441464230416386,0.8571376236018582,0.8506737633976699,0.913261702439654,10.902316200549212,1.0,7.138747785916055,1.0,7.821713132320274,1.0,2.456744418414536,1.0,0.01892330240425677
2,3.3,random,0.625,3040,0.8057742713016046,0.8057742713016046,3036,39,54:114;207:48;360:96;504:54;666:150;828:108;945:18;990:114;1116:84;1332:66;1467:72;1557:84;1656:72;1737:54;1827:96;1971:84;2061:60;2160:144;2349:42;2421:96;2628:120;2826:60;2925:18;2952:66;3042:96;3186:66;3357:78;3447:96;3546:54;3609:90;3708:18;3762:84;3978:96;4203:84;4320:66;4455:72;4536:78;4644:108;4761:30,2247.7142857142853,78.0,1.1723548464255622,1.141701383844717,1.1415279350020284,1.1549342440178592,0.8057901978505443,2990,22,41:127;206:108;362:174;734:129;914:136;1067:133;1340:54;1468:125;1616:131;1767:154;1974:142;2162:135;2359:154;2843:172;3187:88;3335:125;3481:179;3714:135;3978:128;4215:185;4447:115;4606:161,220.42857142857147,134.0,0.9908170188965072,1.0083918972583723,1.001956945194632,1.0775706662161588,15.484887368577239,1.0,11.67638828091988,1.0,12.226681934607974,1.0,6.69852662196273,1.0,1.5926548939670937e-05
2,3.3,random,0.75,3648,0.8910309963237452,0.8910309963237452,3648,42,0:168;207:48;261:66;360:96;504:54;567:84;666:150;828:108;945:18;990:114;1116:84;1332:66;1467:72;1557:84;1656:72;1737:186;1971:84;2061:60;2160:144;2349:42;2421:96;2538:78;2628:120;2826:60;2925:18;2952:66;3042:96;3186:66;3258:96;3357:78;3447:96;3546:54;3609:90;3708:138;3861:66;3978:96;4203:84;4320:66;4392:60;4455:72;4536:78;4644:174,2166.8571428571427,81.0,1.364806719796451,1.3325007787350662,1.3286502144273833,1.371581599592232,0.894532366838985,3613,24,16:152;180:134;362:191;569:125;729:134;914:136;1067:133;1262:132;1468:125;1616:131;1767:154;1974:142;2162:137;2359:201;2715:171;2920:138;3096:163;3335:125;3481:179;3679:208;3978:128;4202:198;4447:115;4606:161,66.57142857142861,137.5,1.1808493188598217,1.2082255524628411,1.1952400157735683,1.2928404307240178,13.478641207457198,1.0,9.32646556426021,1.0,10.041032410574037,1.0,5.740902975923845,1.0,0.003501370515239799
2,3.3,random,0.875,4256,0.9550445752208768,0.9550445752208768,4254,48,0:168;171:84;261:66;360:96;468:90;567:84;666:150;828:108;945:18;990:114;1116:84;1206:192;1413:48;1467:72;1557:84;1656:72;1737:186;1926:42;1971:84;2061:60;2160:144;2349:42;2403:114;2538:78;2628:120;2754:132;2889:54;2952:66;3042:96;3141:42;3186:66;3258:96;3357:78;3447:96;3546:54;3609:90;3708:138;3861:66;3933:42;3978:96;4086:84;4203:84;4293:24;4320:66;4392:60;4455:72;4536:78;4644:174,2427.142857142858,84.0,1.5833368806024937,1.553246050494525,1.5475222386858072,1.599221356720231,0.955712873821024,4130,26,3:138;151:163;348:205;569:137;717:146;892:161;1067:133;1262:133;1468:139;1616:138;1766:172;1971:145;2162:141;2358:156;2536:152;2715:171;2911:227;3161:141;3335:125;3477:124;3613:132;3752:166;3953:153;4148:252;4408:154;4606:226,27.285714285714306,149.0,1.345811578516939,1.3776729271579322,1.3588941991228662,1.4978672767534251,15.001564417243351,1.0,11.303625931042504,1.0,12.189035792023795,1.0,6.337714259561178,1.0,0.0006682986001471658
2,3.3,local,0.125,608,0.6093728784093602,0.6093728784093602,606,11,333:24;486:72;1008:42;1548:42;1629:24;1872:66;2034:120;2970:66;3663:48;4473:72;4734:30,877.4285714285716,48.0,0.269238068580984,0.2635205280225108,0.2635205280225108,0.2635205280225108,0.6347503684399234,668,9,332:24;484:77;996:56;1552:115;1871:62;2036:122;2952:88;4471:77;4737:47,545.7142857142858,77.0,0.2621523786031517,0.2581558938647637,0.2581558938647637,0.2581558938647637,2.6317563542099798,1.0,2.0357556953926825,1.0,2.0357556953926825,1.0,2.0357556953926825,1.0,0.02537749003056322
2,3.3,local,0.25,1216,0.7574499782564279,0.7574499782564279,1212,22,333:24;486:72;783:84;1008:42;1080:72;1548:42;1629:24;1656:24;1872:66;2034:120;2547:60;2682:54;2970:66;3186:42;3285:66;3654:54;3789:66;3915:48;4473:72;4590:36;4734:30;4770:48,1754.8571428571431,54.0,0.5384761371619681,0.5223430706882668,0.5223430706882668,0.5223430706882668,0.7599296261196514,1181,14,331:67;484:79;782:84;995:58;1549:131;1869:67;2029:131;2684:52;2951:106;3331:20;3655:52;3915:48;4470:151;4679:135,723.2857142857144,73.0,0.4436315555375606,0.4394648542059803,0.4392509339666646,0.4512714974117727,17.613516194846568,1.0,15.866625046462623,1.0,15.907579019305384,1.0,13.606301541024834,1.0,0.002479647863223522
2,3.3,local,0.375,1824,0.8535859387540541,0.8535859387540541,1824,29,261:24;333:24;360:48;486:78;657:36;783:84;936:114;1080:72;1305:90;1548:42;1629:24;1656:24;1872:66;2034:126;2187:42;2547:66;2682:114;2952:84;3042:66;3186:42;3285:66;3654:96;3789:66;3915:48;4419:126;4590:36;4671:42;4734:30;4770:48,2086.8571428571427,66.0,0.7648506617989633,0.7500313242709755,0.7500313242709755,0.7500313242709755,0.8562233959968543,1890,15,259:139;462:103;775:103;995:156;1548:133;1869:75;2029:191;2553:26;2670:125;2946:111;3189:163;3651:95;3797:168;4463:162;4676:140,307.8571428571429,133.0,0.6401491634175508,0.6483464627549828,0.6438367928450839,0.6983356678133628,16.304032226122278,1.0,13.55741530059823,1.0,14.158679509700733,1.0,6.892466325704538,1.0,0.0026374572428001786
2,3.3,local,0.5,2432,0.9097087944590072,0.9097087944590072,2430,36,18:36;261:24;333:24;360:48;450:174;657:36;783:84;873:60;936:114;1080:72;1305:90;1431:18;1548:42;1593:60;1656:24;1800:138;2034:126;2187:42;2349:48;2547:66;2682:114;2952:84;3042:66;3150:78;3231:120;3393:66;3654:96;3789:66;3915:48;4248:60;4419:126;4590:36;4671:42;4734:30;4770:48;4824:24,2467.1428571428564,60.0,0.9932406935612448,0.9805168662949308,0.9793721039331872,0.9895817180956886,0.9107760457527811,2379,17,259:139;449:122;655:37;775:177;995:156;1304:143;1548:137;1868:76;2029:191;2542:69;2670:125;2946:158;3150:203;3651:97;3794:171;4415:210;4676:168,283.14285714285717,143.0,0.7971997464639745,0.8079338749078362,0.7970759773555414,0.8740787932449017,19.737506564936382,1.0,17.60122618178229,1.0,18.613571475595357,1.0,11.671893562570679,1.0,0.001067251293773941
2,3.3,local,0.625,3040,0.9464387233338168,0.9464387233338168,3036,38,18:36;189:96;333:24;360:48;450:174;657:36;747:120;873:60;936:114;1080:138;1233:162;1431:18;1548:42;1593:60;1656:24;1683:42;1800:138;1944:216;2187:42;2349:48;2547:66;2628:168;2952:156;3150:78;3231:120;3393:66;3654:96;3789:66;3879:84;4059:36;4140:48;4248:60;4419:168;4590:36;4671:42;4728:36;4770:48;4824:24,2329.7142857142853,60.0,1.1790924249123254,1.1755529562973948,1.1686843821269337,1.2311613826229442,0.9465055201104208,2793,21,22:30;259:155;449:124;655:37;760:198;991:186;1292:156;1529:156;1810:135;2027:199;2351:41;2542:76;2668:128;2946:158;3149:152;3327:129;3637:111;3790:176;4248:61;4415:212;4672:173,476.7142857142858,152.0,0.9477869400419786,0.9619856973316112,0.949110011576041,1.058708846772365,19.61724797676875,1.0,18.167387340715823,1.0,18.78816675476409,1.0,14.007305482825917,1.0,6.679677660392791e-05
2,3.3,local,0.75,3648,0.9669684640064664,0.9669684640064664,3648,43,18:36;189:96;315:42;360:48;450:174;657:36;747:120;873:60;936:114;1080:138;1233:162;1431:18;1512:78;1593:60;1656:24;1683:42;1755:42;1800:138;1944:216;2187:42;2232:108;2349:48;2403:66;2547:66;2628:168;2808:78;2952:156;3150:78;3231:120;3393:66;3528:222;3789:66;3879:84;3996:54;4059:36;4140:48;4248:60;4347:240;4590:36;4671:42;4716:48;4770:48;4824:24,2551.1428571428564,66.0,1.3963817827396436,1.3869627847909836,1.374092880663503,1.437597863307552,0.9675536520317544,3243,22,22:32;258:156;449:129;655:37;760:199;990:187;1238:210;1528:196;1808:165;2022:205;2332:134;2539:114;2667:129;2946:164;3149:152;3314:147;3637:113;3790:179;4058:127;4248:76;4413:214;4668:178,322.7142857142858,154.0,1.081527224514366,1.1024863100651352,1.0839619736660122,1.2023227076550984,22.547884977956823,1.0,20.510750385326247,1.0,21.114359231480517,1.0,16.365853181719704,1.0,0.0005851880252879527
2,3.3,local,0.875,4256,0.9842615379750598,0.9842615379750598,4254,39,0:54;117:36;189:96;288:24;315:42;360:264;639:228;873:60;936:282;1233:258;1512:78;1593:60;1656:24;1683:42;1755:42;1800:384;2187:42;2232:108;2349:48;2403:66;2529:84;2628:168;2808:78;2934:174;3114:114;3231:120;3357:102;3465:48;3528:222;3753:102;3879:84;3996:54;4059:36;4140:48;4248:60;4311:276;4590:36;4635:78;4716:132,2047.714285714286,78.0,1.5521609076741965,1.551396712157853,1.5131685872293257,1.5810122374099298,0.9844337060877648,3763,21,2:52;202:213;449:243;760:199;988:231;1238:220;1526:198;1764:225;2022:211;2331:135;2538:115;2667:131;2944:177;3147:207;3374:186;3637:219;3878:144;4056:131;4248:131;4411:216;4667:179,114.2857142857143,198.0,1.2335677198700523,1.2591654812745483,1.2233887666560177,1.321819228648902,20.525783520829265,1.0,18.836654003013663,1.0,19.150531078887045,1.0,16.394117808072572,1.0,0.00017216811270504007
2,3.3,hot-cold,0.125,608,0.4857240895184793,0.4857240895184793,606,7,0:54;63:54;126:144;288:144;441:66;585:78;765:66,356.28571428571433,66.0,0.2264180575710336,0.2198308410571797,0.2198308410571797,0.2198308410571797,0.5386051318668181,706,5,11:138;169:174;354:149;532:128;766:117,24.714285714285722,138.0,0.2317062474242602,0.2366795542758695,0.2354018144680649,0.259548226822541,-2.335586617939045,0.0,-7.6643991978847525,0.0,-7.083161459967791,0.0,-18.067249151373833,0.0,0.05288104234833885
2,3.3,hot-cold,0.25,1216,0.7049340010251164,0.7049340010251164,1212,12,0:54;63:54;126:144;288:222;531:132;675:84;765:66;837:114;999:42;1089:108;1233:96;1395:96,502.57142857142867,96.0,0.4355813409686497,0.4310800015739655,0.4279926121741117,0.4342457227830376,0.7094563134796881,1194,8,1:135;140:203;348:145;502:138;651:139;814:145;1088:165;1382:124,10.857142857142861,142.0,0.3893235945099849,0.3980624314934114,0.3949634788373783,0.4133091596877974,10.619772269353046,1.0,7.65926741208125,1.0,7.71722043727634,1.0,4.82136311235487,1.0,0.004522312454571686
2,3.3,hot-cold,0.375,1824,0.8168167208109522,0.8168167208109522,1824,17,0:54;63:54;126:384;531:132;675:84;765:66;837:114;954:108;1089:108;1233:96;1332:60;1395:96;1494:132;1638:66;1755:120;2169:90;2304:60,717.7142857142858,96.0,0.6523542293649269,0.6451807119056854,0.6355369562522093,0.6465988931218867,0.8260945564883586,1777,11,0:137;140:203;347:150;501:145;651:235;897:165;1068:136;1212:190;1416:164;1625:156;2164:96,38.85714285714286,156.0,0.5812855132123893,0.5920709693187273,0.582236419938294,0.6501879776096078,10.894191062687476,1.0,8.23176229650242,1.0,8.386693454969318,1.0,-0.5550712390478107,0.0,0.009277835677406365
2,3.3,hot-cold,0.5,2432,0.8897129941967385,0.8897129941967385,2430,20,0:54;63:54;120:390;513:150;675:84;765:66;837:114;954:132;1089:240;1332:60;1395:96;1494:132;1638:66;1710:42;1755:120;1890:144;2052:96;2169:90;2304:72;2538:228,744.857142857143,96.0,0.8517280694559919,0.8495685029539403,0.8323623777592493,0.8686627776352439,0.8904848219559325,2295,15,0:178;179:164;347:150;501:145;650:151;804:152;958:148;1110:156;1269:134;1409:137;1548:151;1705:142;1856:177;2054:150;2216:160,0.8571428571428612,151.0,0.7466787338674445,0.7631727791285986,0.7577438303524512,0.885282865211861,12.333670728457202,1.0,10.169365215982552,1.0,8.964670845368339,1.0,-1.9132957005320028,0.0,0.0007718277591939326
2,3.3,hot-cold,0.625,3040,0.933630916409518,0.933630916409518,3036,26,0:60;63:54;120:390;513:150;675:84;765:66;837:114;954:132;1089:240;1332:60;1395:96;1494:132;1638:66;1710:42;1755:120;1890:144;2052:96;2169:132;2304:72;2385:126;2538:240;2826:144;3033:78;3195:78;3312:96;3933:24,969.1428571428573,96.0,1.067300268975163,1.0652672890926218,1.0475755071384032,1.083731061792247,0.9379668530435554,2865,19,0:178;179:166;346:144;491:146;638:137;776:135;912:152;1067:199;1269:137;1409:137;1548:151;1701:146;1854:133;1991:152;2149:140;2299:140;2444:147;2632:129;3072:196,7.714285714285722,146.0,0.9326742834066092,0.952670374489818,0.9455531903115032,1.0472398330652315,12.613693585763219,1.0,10.569827474822036,1.0,9.738898640880599,1.0,3.367184905327647,1.0,0.004335936634037418
2,3.3,hot-cold,0.75,3648,0.9636722990842672,0.9636722990842672,3648,30,0:60;63:54;120:390;513:150;666:6;675:84;765:66;837:114;954:132;1089:240;1332:60;1395:96;1494:138;1638:114;1755:120;1878:270;2151:150;2304:72;2385:150;2538:240;2781:42;2826:198;3033:78;3123:150;3312:96;3456:66;3528:78;3636:54;3735:120;3924:60,1125.1428571428573,105.0,1.2792136495430084,1.2805956492519046,1.255237428450858,1.3441973512845824,0.964596889909948,3351,19,0:178;179:166;346:144;491:153;645:286;932:158;1091:175;1269:179;1451:248;1701:146;1854:259;2116:144;2265:174;2444:181;2632:185;2825:144;3038:136;3198:152;3375:143,0.0,166.0,1.0901457229349474,1.1122551393844875,1.0879723014081093,1.2219932660793689,14.780011663853376,1.0,13.145485069058127,1.0,13.325377594036357,1.0,9.091230918468119,1.0,0.0009245908256807489
2,3.3,hot-cold,0.875,4256,0.9771515829885348,0.9771515829885348,4254,37,0:60;63:54;120:390;513:150;666:6;675:84;765:66;837:114;954:132;1089:240;1332:60;1395:96;1494:132;1638:114;1755:120;1884:264;2151:150;2304:72;2385:150;2538:240;2781:42;2826:198;3033:78;3123:150;3276:132;3411:42;3456:66;3528:78;3636:96;3735:120;3861:60;3924:60;3996:72;4122:84;4221:84;4311:90;4563:108,1454.0000000000002,96.0,1.5033780223240447,1.4999868115971102,1.4748714191758274,1.5639331568336632,0.9775842400892036,3660,21,0:273;274:216;491:153;645:286;932:158;1091:217;1309:139;1451:218;1670:177;1853:260;2116:144;2265:143;2410:142;2553:146;2703:169;2885:138;3038:140;3183:171;3374:148;3651:145;3906:77,57.85714285714286,153.0,1.195423322021435,1.220609562718684,1.1923720911290097,1.3037880143586844,20.48418266927623,1.0,18.625313683988963,1.0,19.15416655132426,1.0,16.634032045312487,1.0,0.0004326571006688651
2,4.55,random,0.125,608,0.3599417411716706,0.3599417411716706,606,13,486:6;819:12;1314:48;2118:6;2169:54;2298:6;2376:78;2556:84;3258:78;3609:48;4113:66;4356:90;4563:30,1147.1428571428573,48.0,0.2913993023492917,0.2867527975139713,0.2867527975139713,0.2867527975139713,0.3772428829619484,702,10,487:1;819:11;1353:4;1456:139;2119:181;2370:84;2561:79;3606:44;4101:76;4362:83,696.8571428571429,77.5,0.2856319846271851,0.2868322638100599,0.2854042016719252,0.2946976757828313,1.9791803465587843,1.0,-0.027712474569563383,0.0,0.4702991056191541,1.0,-2.770636707902696,0.0,0.017301141790277808
2,4.55,random,0.25,1216,0.5301887661106572,0.5301887661106572,1212,22,369:66;486:6;819:12;1107:30;1314:48;1449:48;1521:78;1827:108;2118:6;2169:54;2298:6;2376:78;2556:84;2934:48;3051:84;3258:78;3609:48;4113:66;4257:66;4356:90;4509:84;4716:24,1754.8571428571431,60.0,0.5384761371619681,0.5242048321492173,0.5242048321492173,0.5242048321492173,0.5331543775117009,1283,15,407:102;819:11;1319:38;1452:143;1835:98;2119:149;2291:163;2561:79;2949:30;3121:13;3260:73;3606:49;4101:170;4362:83;4511:82,825.4285714285717,82.0,0.4852067751794338,0.4874215742847934,0.4856061430646546,0.522288530570657,9.892613303774201,1.0,7.016962761219537,1.0,7.363283723713443,1.0,0.36556350896337353,1.0,0.0029656114010436774
2,4.55,random,0.375,1824,0.6647061903871758,0.6647061903871758,1824,30,9:42;180:54;369:66;486:6;567:24;819:12;1107:30;1314:48;1449:48;1521:78;1674:78;1827:108;1971:72;2118:6;2169:54;2232:72;2376:78;2556:84;2934:48;3051:84;3258:78;3366:66;3609:48;3852:42;4113:66;4203:48;4257:66;4356:90;4509:84;4707:144,2230.857142857142,66.0,0.7766825069464497,0.7524097039773753,0.7524097039773753,0.7524097039773753,0.6679463530945975,2026,17,407:102;819:11;1107:30;1312:45;1452:143;1702:139;1878:127;2119:149;2291:163;2547:114;2949:185;3260:155;3606:85;4097:124;4263:182;4511:134;4714:138,441.7142857142858,134.0,0.6953910698936772,0.7085884177298865,0.7043215761997514,0.760018242613345,10.46649516703707,1.0,5.8241256081416175,1.0,6.391215786216097,1.0,-1.0112228212567853,0.0,0.0032401627074216677
2,4.55,random,0.5,2432,0.7642121348984278,0.7642121348984278,2430,35,9:42;180:54;369:66;486:6;576:96;819:12;918:84;1107:30;1170:78;1314:48;1449:48;1521:78;1611:54;1674:78;1827:108;1971:72;2118:6;2169:54;2232:222;2556:84;2691:144;2934:48;3051:84;3258:78;3366:66;3519:24;3609:48;3852:42;3987:72;4113:66;4194:54;4257:66;4356:90;4509:84;4707:144,2395.428571428571,66.0,0.9873482468707306,0.9613067344089976,0.958219345009144,0.9644724556180698,0.777077820224255,2607,22,0:51;182:11;375:134;570:100;732:98;1107:138;1312:45;1452:146;1702:139;1878:140;2119:149;2291:163;2547:114;2698:137;2949:185;3260:167;3606:85;3891:1;4097:150;4263:182;4511:134;4714:138,575.5714285714287,137.5,0.8954001642856648,0.9091470213952122,0.904209511006682,0.9820406093595948,9.312629345976264,1.0,5.425917779079404,1.0,5.636479192762134,1.0,-1.821529856989712,0.0,0.012865685325827214
2,4.55,random,0.625,3040,0.8449502376756135,0.8449502376756135,3036,41,9:42;72:84;180:54;369:66;486:6;504:24;576:96;729:78;819:12;918:84;1107:30;1170:78;1314:48;1449:48;1521:78;1611:54;1674:78;1827:108;1971:72;2118:6;2169:54;2232:222;2457:72;2556:84;2691:144;2844:66;2934:48;3051:84;3258:78;3366:66;3501:156;3672:126;3852:42;3987:72;4113:66;4194:54;4257:66;4356:90;4509:84;4617:72;4707:144,2619.7142857142862,72.0,1.202920446389902,1.1719872609182749,1.1684835942959686,1.1866529995339783,0.8457086335682349,3109,23,0:110;182:55;369:140;570:100;732:141;1107:138;1312:185;1524:136;1702:141;1878:160;2119:210;2366:123;2547:114;2698:137;2872:107;3021:113;3260:167;3606:100;3785:107;4097:150;4263:182;4490:155;4714:138,284.7142857142858,138.0,1.0348121159084287,1.053307131794109,1.04565803783155,1.1192106949232012,13.975016468128466,1.0,10.126400950056214,1.0,10.511534527656163,1.0,5.683405733374702,1.0,0.0007583958926213885
2,4.55,random,0.75,3648,0.9126682950942188,0.9126682950942188,3648,49,9:42;72:84;180:54;279:66;369:66;486:6;495:78;576:96;729:78;819:12;837:78;918:84;1017:78;1107:30;1170:78;1260:102;1368:78;1449:48;1521:78;1611:54;1674:78;1755:66;1827:108;1971:72;2118:6;2169:54;2232:222;2457:72;2556:84;2646:42;2691:144;2844:66;2934:48;2988:60;3051:84;3258:78;3366:66;3501:156;3672:126;3852:42;3987:72;4068:36;4113:66;4194:54;4257:66;4356:90;4509:84;4617:72;4707:144,3086.5714285714294,72.0,1.440375587911051,1.3982414557503255,1.3947377891280195,1.4129071943660292,0.9174219883836658,3659,25,0:110;182:58;360:149;561:113;732:143;898:102;1107:216;1353:144;1524:160;1702:141;1878:160;2119:155;2291:198;2517:144;2686:149;2872:126;3012:122;3260:167;3531:160;3739:153;3926:128;4097:150;4263:182;4490:155;4678:174,185.00000000000003,149.0,1.2055447705349958,1.228406418990052,1.2167506567613904,1.3756317152705575,16.30344330652158,1.0,12.146331097666996,1.0,12.76133290099678,1.0,2.6382114298878045,1.0,0.004753693289447081
2,4.55,random,0.875,4256,0.965152864225998,0.965152864225998,4254,52,9:42;72:84;180:90;279:66;369:66;441:42;486:6;495:78;576:96;675:132;819:12;837:78;918:84;1017:78;1107:30;1170:78;1260:102;1368:78;1449:48;1521:78;1611:54;1674:78;1755:66;1827:282;2118:48;2169:54;2232:222;2457:72;2556:84;2646:42;2691:144;2844:66;2934:48;2988:60;3051:84;3168:168;3366:66;3438:54;3501:156;3672:126;3807:36;3852:42;3915:66;3987:120;4113:66;4194:54;4257:66;4329:18;4356:90;4455:138;4617:72;4707:144,3068.5714285714284,72.0,1.636040238451912,1.6041639146595037,1.594242640857726,1.6287385392073672,0.9662585338053616,4134,27,0:155;182:141;360:168;561:140;732:147;896:104;1030:109;1171:152;1353:210;1575:137;1723:210;1947:135;2119:134;2266:223;2517:144;2686:174;2871:127;3012:130;3219:114;3359:150;3531:175;3739:153;3926:136;4097:150;4263:184;4490:158;4678:174,91.14285714285717,150.0,1.3523597165122776,1.3810736182341885,1.364994910516972,1.5202966365993265,17.339458729209767,1.0,13.906951427259095,1.0,14.379726427177687,1.0,6.6580301256219165,1.0,0.001105669579363644
2,4.55,local,0.125,608,0.6794267665251187,0.6794267665251187,606,13,45:66;216:66;1233:24;1593:72;1926:60;2070:66;2376:24;2403:54;3573:18;4068:30;4158:24;4608:30;4779:72,1147.1428571428573,54.0,0.2913993023492917,0.2852695340527076,0.2852695340527076,0.2852695340527076,0.6841611537313399,636,10,50:64;221:66;1231:70;1592:73;1931:55;2379:78;3574:18;4066:116;4610:26;4781:70,712.5714285714287,68.0,0.2654520696599634,0.257779415123377,0.257779415123377,0.257779415123377,8.904356489579424,1.0,9.636542163752903,1.0,9.636542163752903,1.0,9.636542163752903,1.0,0.004734387206221213
2,4.55,local,0.25,1216,0.8353745030406565,0.8353745030406565,1212,23,45:66;216:72;405:24;495:24;1116:24;1197:60;1278:24;1521:144;1791:66;1872:114;2079:72;2376:24;2403:54;2772:66;3141:30;3204:84;3573:18;4068:30;4158:24;4347:42;4410:48;4608:30;4779:72,1898.8571428571431,48.0,0.5503079823094543,0.5439293218460567,0.5439293218460567,0.5439293218460567,0.8415159533808418,1255,15,29:85;221:66;411:14;1203:99;1535:134;1844:142;2075:77;2379:78;2776:65;3155:136;3569:28;4066:117;4362:93;4609:33;4763:88,776.1428571428573,85.0,0.4720482386670272,0.4688050136810753,0.4688050136810753,0.4688050136810753,14.221080950706499,1.0,13.811409892376258,1.0,13.811409892376258,1.0,13.811409892376258,1.0,0.006141450340185317
2,4.55,local,0.375,1824,0.9090185320067274,0.9090185320067274,1824,33,0:42;45:66;216:72;405:24;495:24;711:48;900:108;1116:24;1197:60;1278:24;1521:144;1791:66;1872:114;2079:72;2232:18;2376:24;2403:54;2574:54;2691:48;2772:66;3060:48;3141:30;3204:84;3438:36;3573:78;3726:48;4050:66;4158:24;4347:42;4410:48;4608:30;4707:66;4779:72,2635.428571428571,48.0,0.8099243575989111,0.7920177155870842,0.7920177155870842,0.7920177155870842,0.9106622057180932,1808,20,4:112;203:88;383:44;492:29;1119:23;1201:106;1534:136;1786:201;2074:85;2347:119;2579:49;2698:151;3154:145;3460:11;3569:79;3727:47;4049:135;4351:113;4609:33;4762:102,982.8571428571429,95.0,0.6689347366270655,0.6726544287632422,0.6702030184532459,0.6889402424323963,17.40775168064105,1.0,15.070784967904894,1.0,15.380299548418941,1.0,13.014541357611131,1.0,0.0016436737113657562
2,4.55,local,0.5,2432,0.9449944217519514,0.9449944217519514,2430,36,0:42;45:66;162:126;324:78;405:24;495:24;522:60;711:48;900:108;1116:24;1197:60;1278:24;1413:312;1791:66;1872:114;2079:72;2232:18;2340:60;2403:54;2574:54;2691:48;2772:138;3060:66;3141:30;3204:150;3438:36;3573:78;3726:48;3960:54;4050:66;4158:24;4347:42;4410:48;4608:30;4707:66;4779:72,2620.2857142857138,57.0,1.005823766972063,0.9908568892241888,0.9839536252851896,1.0151064339859277,0.9474174600074026,2328,22,4:116;163:128;383:45;492:63;707:48;902:112;1119:23;1200:107;1502:172;1786:201;2074:171;2347:119;2579:49;2698:151;3064:236;3438:33;3569:79;3727:47;4049:135;4351:115;4607:35;4709:143,903.857142857143,113.5,0.8316098070855521,0.8388100845295123,0.8306175175265295,0.8762738397527912,17.3205252855543,1.0,15.344981333653996,1.0,15.583672219736687,1.0,13.67665395322094,1.0,0.002423038255451204
2,4.55,local,0.625,3040,0.9660774140754212,0.9660774140754212,3036,39,0:42;45:66;162:126;324:78;405:24;495:24;522:60;711:48;900:174;1116:24;1197:60;1278:24;1305:96;1413:312;1791:66;1872:114;2061:138;2232:18;2340:60;2403:54;2574:54;2691:48;2772:138;2979:60;3060:66;3141:30;3204:150;3438:36;3501:150;3726:48;3906:108;4050:66;4158:24;4194:108;4347:42;4410:54;4536:108;4707:66;4779:72,2476.285714285713,60.0,1.191135553008874,1.1805701658562222,1.1723486907127911,1.227117422591861,0.9660937859922444,2651,25,4:124;162:132;383:46;491:89;707:49;901:113;1119:24;1200:108;1435:239;1786:202;2074:172;2346:120;2579:49;2698:37;2773:138;3060:127;3205:149;3438:36;3569:79;3727:47;3920:94;4045:166;4351:118;4606:37;4708:156,998.4285714285716,113.0,0.9444585304946742,0.9532174953807095,0.9447300653451564,1.0055619549962755,20.70939968932001,1.0,19.25787022668174,1.0,19.41560793054172,1.0,18.05495248593457,1.0,1.6371916823132437e-05
2,4.55,local,0.75,3648,0.9814513848855264,0.9814513848855264,3648,43,0:42;45:66;117:42;162:132;324:78;405:24;495:24;522:60;603:54;711:48;765:120;900:186;1116:24;1197:60;1260:42;1305:96;1413:312;1773:84;1872:114;1989:210;2232:18;2340:60;2403:66;2520:162;2691:48;2772:138;2979:60;3060:66;3141:30;3177:24;3204:150;3438:36;3501:150;3726:48;3906:108;4050:66;4122:60;4194:108;4347:42;4392:72;4536:168;4707:66;4779:84,2548.0,66.0,1.396123548024123,1.3859503353745275,1.373080431247047,1.4555462533406225,0.9818747108481478,3168,25,3:126;162:133;329:103;491:89;706:73;901:116;1115:28;1199:112;1381:106;1501:224;1782:211;2074:173;2346:120;2557:178;2772:142;2982:207;3198:156;3438:36;3553:97;3727:51;3920:94;4045:176;4350:120;4536:132;4699:165,621.7142857142858,120.0,1.081695772058178,1.092759614734426,1.0796353189710026,1.153013580041432,22.52148646951353,1.0,21.15448967807869,1.0,21.371298111759874,1.0,20.78482031092094,1.0,0.00042332596262140143
2,4.55,local,0.875,4256,0.9903315768471144,0.9903315768471144,4254,45,0:42;45:66;117:42;162:132;324:78;405:24;459:60;522:60;603:54;693:66;765:120;900:186;1116:24;1143:114;1260:42;1305:96;1413:312;1737:120;1866:120;1989:210;2208:72;2340:60;2403:66;2520:162;2691:48;2754:162;2925:48;2979:60;3060:78;3141:30;3177:24;3204:150;3357:24;3438:60;3501:150;3654:126;3807:72;3906:108;4032:156;4194:150;4347:42;4392:84;4500:204;4707:66;4779:84,2307.9999999999995,72.0,1.5735474372959426,1.565681276833702,1.5501055707602822,1.6669620940416894,0.9903420257215731,3587,24,0:130;161:134;329:105;490:162;702:77;901:144;1115:196;1381:201;1584:141;1782:222;2071:208;2344:123;2556:179;2765:149;2982:207;3196:175;3437:79;3553:100;3726:52;3920:200;4146:161;4348:123;4534:134;4679:185,291.5714285714286,146.5,1.1908782692942017,1.2108095953398346,1.1907184377284263,1.2988544379418012,24.31888349418544,1.0,22.665639983351483,1.0,23.18468753425529,1.0,22.0825450929949,1.0,1.04488744587794e-05
2,4.55,hot-cold,0.125,608,0.5907184117868102,0.5907184117868102,606,8,0:102;108:78;189:96;342:186;621:66;810:30;1053:42;1182:6,524.0,72.0,0.2401984010265384,0.2386254225249023,0.2369950034036312,0.2454356514298334,0.5911519931286079,633,4,0:134;175:114;346:177;627:208,21.714285714285722,155.5,0.2077114254416849,0.2119081375516506,0.2081211711529535,0.2256313960801693,13.525059053687938,1.0,11.196327989933064,1.0,12.183308439419738,1.0,8.06902144586189,1.0,0.00043358134179771746
2,4.55,hot-cold,0.25,1216,0.7798332294079957,0.7798332294079957,1212,14,0:102;108:78;189:96;288:48;342:186;531:72;621:66;693:78;810:30;846:168;1053:96;1170:66;1305:78;1683:48,760.2857142857144,78.0,0.4567565876413335,0.4459228854469081,0.4433905323436573,0.4627059943301739,0.7868888249172399,1201,8,0:176;180:148;344:204;566:154;727:149;890:128;1057:177;1307:65,76.71428571428572,151.5,0.3970120222581466,0.4034228490791225,0.3980112451872439,0.4622077991842059,13.080175962366436,1.0,9.530804036933805,1.0,10.234608961212865,1.0,0.10766991395674275,1.0,0.0070555955092441724
2,4.55,hot-cold,0.375,1824,0.8863656209910836,0.8863656209910836,1824,16,0:186;189:96;288:48;342:186;531:156;693:78;774:66;846:168;1017:132;1170:66;1251:132;1404:120;1530:78;1611:108;1746:120;1962:84,490.28571428571433,114.0,0.633667426314532,0.6314065929866642,0.6268275435396901,0.6664999481814927,0.8948488725788568,1839,12,0:176;180:158;344:207;566:155;727:154;888:130;1034:153;1196:176;1404:115;1555:163;1751:147;1966:105,54.571428571428584,154.5,0.6027464972411907,0.6150219648109075,0.6078354010955175,0.7058376425677267,4.879677854545927,1.0,2.5949409394435574,1.0,3.0298832015141053,1.0,-5.902130149231777,0.0,0.008483251587773188
2,4.55,hot-cold,0.5,2432,0.9372526507730298,0.9372526507730298,2430,22,0:186;189:96;288:48;342:186;531:156;693:78;774:66;846:168;1017:132;1152:84;1251:132;1404:120;1530:78;1611:108;1746:120;1872:78;1962:84;2061:192;2286:108;2421:66;2493:36;2592:108,750.5714285714288,108.0,0.8521975871205747,0.8476486328559729,0.8411963359079637,0.8896364734193415,0.9384130379539206,2312,15,0:135;136:140;278:135;415:141;559:163;727:199;931:168;1103:173;1284:143;1434:153;1591:136;1738:160;1927:147;2097:153;2346:166,0.0,153.0,0.7521387381156664,0.7690135028143041,0.7621102388753052,0.8603534100900994,11.741273446101797,1.0,9.276854464652917,1.0,9.401621673410554,1.0,3.291576301575394,1.0,0.0011603871808908428
2,4.55,hot-cold,0.625,3040,0.9645258937646444,0.9645258937646444,3036,24,0:186;189:96;288:240;531:156;693:78;774:240;1017:132;1152:90;1251:132;1386:138;1530:78;1611:132;1746:120;1872:78;1962:84;2061:192;2286:132;2421:66;2493:84;2592:108;2718:144;3078:144;3303:120;3492:66,561.7142857142858,126.0,1.0338236594904102,1.03635795037988,1.0248062574568313,1.065230303980546,0.9673947061051263,2883,19,0:165;166:135;302:134;437:170;609:166;776:152;931:168;1103:137;1243:184;1434:183;1619:182;1804:154;1963:136;2100:132;2247:146;2400:140;2568:136;2732:128;3083:135,10.571428571428584,146.0,0.9387647936602164,0.9594749429881152,0.9508603171345904,1.0571699534134686,9.19488202437252,1.0,7.418576502798402,1.0,7.21560195248474,1.0,0.7566767990881851,1.0,0.0028688123404819743
2,4.55,hot-cold,0.75,3648,0.9789212783239236,0.9789212783239236,3648,28,0:186;189:96;288:240;531:156;693:78;774:240;1017:132;1152:96;1251:132;1386:222;1611:132;1746:120;1872:78;1962:84;2052:6;2061:192;2259:24;2286:132;2421:66;2493:84;2592:108;2718:210;2943:96;3078:222;3303:120;3438:120;3636:144;3834:132,726.2857142857144,126.0,1.2464413165551298,1.2574753531091774,1.2371471487460948,1.2969096616907865,0.9792891209915292,3259,21,0:165;166:135;302:134;437:178;616:159;776:152;931:168;1103:178;1283:137;1422:152;1575:226;1804:154;1963:136;2100:141;2246:147;2400:140;2555:203;2770:121;3008:155;3171:138;3410:140,14.714285714285722,152.0,1.0614253347678566,1.0857386267394218,1.0740655196264912,1.199980400512333,14.84353730335366,1.0,13.657263813968756,1.0,13.182072099094622,1.0,7.473863757949529,1.0,0.00036784266760558904
2,4.55,hot-cold,0.875,4256,0.9877983297043637,0.9877983297043637,4254,30,0:186;189:96;288:240;531:156;693:78;774:240;1017:132;1152:96;1251:132;1386:222;1611:132;1746:120;1872:84;1962:96;2061:192;2259:24;2286:132;2421:66;2493:84;2592:336;2943:96;3042:258;3303:120;3438:120;3564:402;3987:78;4086:96;4194:84;4347:66;4482:90,810.0000000000002,120.0,1.4504633815255643,1.4563719365714287,1.4191151251619567,1.4974574741402742,0.9893047713411464,3772,22,0:247;248:188;437:178;616:241;858:194;1053:168;1222:160;1383:140;1524:154;1679:137;1817:143;1963:224;2190:140;2332:142;2477:157;2638:147;2789:136;2943:220;3170:164;3376:184;3608:172;3835:136,0.0,162.0,1.2271052422890545,1.254724304680349,1.2299442466882635,1.369269856416175,15.399088462446176,1.0,13.845888322030975,1.0,13.330199581383784,1.0,8.56035112434126,1.0,0.0015064416367827071
