trial,target_cv,spatial_mode,budget_fraction,method,policy,method_ms,matched_cover_ms,matched_ratio
0,1.07,random,0.125,paper,affine_fit,0.2032758268720079,0.179570715826269,1.1320098933540652
0,1.07,random,0.125,paper,released,0.20385323416502388,0.21401289927936984,0.9525277908548696
0,1.07,random,0.125,paper,tail_linear,0.20385323416502388,0.19974384115420274,1.0205733152375331
0,1.07,random,0.125,paper,block_split,0.20385323416502388,0.23069391510863851,0.8836524104635581
0,1.07,random,0.125,dpr,affine_fit,0.1707625139766953,0.1707625139766953,1.0
0,1.07,random,0.125,dpr,released,0.20204944528238644,0.20204944528238644,1.0
0,1.07,random,0.125,dpr,tail_linear,0.189237357435802,0.189237357435802,1.0
0,1.07,random,0.125,dpr,block_split,0.20720417215221615,0.20720417215221615,1.0
0,1.07,random,0.125,top,affine_fit,6.023233767115334,0.4425934099454815,13.60895492740679
0,1.07,random,0.125,top,released,5.391413480106678,0.5712549283559577,9.437841517836684
0,1.07,random,0.125,top,tail_linear,5.391413480106678,0.5134791188564459,10.499771620925374
0,1.07,random,0.125,top,block_split,5.391413480106678,0.5823456331179566,9.258098925272826
0,1.07,random,0.25,paper,affine_fit,0.4285534253723566,0.3513306518929547,1.2198008430614546
0,1.07,random,0.25,paper,released,0.42569572189353483,0.44730025222054637,0.9517001606420754
0,1.07,random,0.25,paper,tail_linear,0.42569572189353483,0.40462027366301645,1.0520869803179236
0,1.07,random,0.25,paper,block_split,0.42569572189353483,0.45157502123404264,0.9426910300091752
0,1.07,random,0.25,dpr,affine_fit,0.31952325632505,0.31952325632505,1.0
0,1.07,random,0.25,dpr,released,0.4040988905647729,0.4040988905647729,1.0
0,1.07,random,0.25,dpr,tail_linear,0.36668019356879167,0.36668019356879167,1.0
0,1.07,random,0.25,dpr,block_split,0.40923785668618345,0.40923785668618345,1.0
0,1.07,random,0.25,top,affine_fit,10.374332890476772,0.6691693017961998,15.503300678363079
0,1.07,random,0.25,top,released,9.562078129533312,0.8939358681079269,10.696604164426324
0,1.07,random,0.25,top,tail_linear,9.562078129533312,0.7909650718319031,12.08912816767901
0,1.07,random,0.25,top,block_split,9.562078129533312,0.8977108953905771,10.651623121242203
0,1.07,random,0.375,paper,affine_fit,0.6332972858859602,0.5084196180414812,1.2456192944039592
0,1.07,random,0.375,paper,released,0.6262203426845643,0.6756028326629797,0.9269060347426791
0,1.07,random,0.375,paper,tail_linear,0.6262203426845643,0.5992217439710903,1.0450561064999946
0,1.07,random,0.375,paper,block_split,0.6262203426845643,0.6760679485684378,0.9262683492252148
0,1.07,random,0.375,dpr,affine_fit,0.4682839986734046,0.4682839986734046,1.0
0,1.07,random,0.375,dpr,released,0.6061483358471593,0.6061483358471593,1.0
0,1.07,random,0.375,dpr,tail_linear,0.5441230297017814,0.5441230297017814,1.0
0,1.07,random,0.375,dpr,block_split,0.6085044936187591,0.6085044936187591,1.0
0,1.07,random,0.375,top,affine_fit,12.855281425429244,0.834558392251508,15.403693192453204
0,1.07,random,0.375,top,released,12.36994465247382,1.1036286312217194,11.208430356487094
0,1.07,random,0.375,top,tail_linear,12.36994465247382,0.9810176443252772,12.609298848015726
0,1.07,random,0.375,top,block_split,12.36994465247382,1.1161285787841242,11.08290289094582
0,1.07,random,0.5,paper,affine_fit,0.8365731127579681,0.6689152630248039,1.2506413876326026
0,1.07,random,0.5,paper,released,0.8334063982348546,0.8786492324451147,0.9485086510752899
0,1.07,random,0.5,paper,tail_linear,0.8334063982348546,0.7834373810653529,1.0637817627511617
0,1.07,random,0.5,paper,block_split,0.8334063982348546,0.8844584882343423,0.9422787042256741
0,1.07,random,0.5,dpr,affine_fit,0.6060438552075889,0.6060438552075889,1.0
0,1.07,random,0.5,dpr,released,0.8081977811295459,0.8081977811295459,1.0
0,1.07,random,0.5,dpr,tail_linear,0.7156686051833647,0.7156686051833647,1.0
0,1.07,random,0.5,dpr,block_split,0.8103229914529915,0.8103229914529915,1.0
0,1.07,random,0.5,top,affine_fit,13.829108603840378,0.9576379123697362,14.440853296648799
0,1.07,random,0.5,top,released,13.840329383188571,1.2857389865091335,10.764493826827156
0,1.07,random,0.5,top,tail_linear,13.840329383188571,1.1350524136095261,12.193559713401779
0,1.07,random,0.5,top,block_split,13.840329383188571,1.2887487201922911,10.739354512122029
0,1.07,random,0.625,paper,affine_fit,1.0178471680016354,0.8174313330995592,1.245177578576703
0,1.07,random,0.625,paper,released,1.037552660616109,1.0803663595609185,0.9603711291397393
0,1.07,random,0.625,paper,tail_linear,1.0267641426008893,0.9605883704283869,1.0688908737704066
0,1.07,random,0.625,paper,block_split,1.0387440932190046,1.1002280289799913,0.9441170974184436
0,1.07,random,0.625,dpr,affine_fit,0.7658054833701138,0.7658054833701138,1.0
0,1.07,random,0.625,dpr,released,1.0102472264119322,1.0102472264119322,1.0
0,1.07,random,0.625,dpr,tail_linear,0.8990087019677606,0.8990087019677606,1.0
0,1.07,random,0.625,dpr,block_split,1.0105070728946681,1.0105070728946681,1.0
0,1.07,random,0.625,top,affine_fit,13.086797595240933,1.0537847493964516,12.418852714215413
0,1.07,random,0.625,top,released,13.648584442235522,1.4013857084799732,9.73934895985174
0,1.07,random,0.625,top,tail_linear,13.648584442235522,1.2425123502054725,10.984667025626326
0,1.07,random,0.625,top,block_split,13.648584442235522,1.41250888062828,9.662653898618089
0,1.07,random,0.75,paper,affine_fit,1.222591028515239,0.9586166014641332,1.275370180996164
0,1.07,random,0.75,paper,released,1.2538514088091612,1.287068259175465,0.9741918502538603
0,1.07,random,0.75,paper,tail_linear,1.2373043892166862,1.1362198006893482,1.0889656987723761
0,1.07,random,0.75,paper,block_split,1.2557562032494427,1.2888515163330239,0.9743218573558091
0,1.07,random,0.75,dpr,affine_fit,0.903565339904298,0.903565339904298,1.0
0,1.07,random,0.75,dpr,released,1.2122966716943187,1.2122966716943187,1.0
0,1.07,random,0.75,dpr,tail_linear,1.070554277449344,1.070554277449344,1.0
0,1.07,random,0.75,dpr,block_split,1.2241487675518927,1.2241487675518927,1.0
0,1.07,random,0.75,top,affine_fit,10.804362572657634,1.1198556297660505,9.64799594293666
0,1.07,random,0.75,top,released,11.689359020884767,1.506065930953578,7.761518789209682
0,1.07,random,0.75,top,tail_linear,11.689359020884767,1.3285468220900722,8.798605232817499
0,1.07,random,0.75,top,block_split,11.689359020884767,1.5169760051873902,7.705698034057431
0,1.07,random,0.875,paper,affine_fit,1.3818633121305652,1.0875588896509472,1.270610102386341
0,1.07,random,0.875,paper,released,1.4493109061762857,1.462199932964639,0.9911851816582835
0,1.07,random,0.875,paper,tail_linear,1.4163556260654864,1.2900230484559363,1.097930480979205
0,1.07,random,0.875,paper,block_split,1.4942050202691208,1.47108495173454,1.0157163381403096
0,1.07,random,0.875,dpr,affine_fit,1.063326968066823,1.0628469900174211,1.0004515965646137
0,1.07,random,0.875,dpr,released,1.4143461169767053,1.4286357981397688,0.9899976738776459
0,1.07,random,0.875,dpr,tail_linear,1.2538943742337398,1.2605465246904233,0.9947228044928234
0,1.07,random,0.875,dpr,block_split,1.4364608301002808,1.4314094865605618,1.003528929762689
0,1.07,random,0.875,top,affine_fit,6.794788477249587,1.17343885768429,5.790492135788555
0,1.07,random,0.875,top,released,7.48834629929693,1.578843609435227,4.742930999971308
0,1.07,random,0.875,top,tail_linear,7.48834629929693,1.3924612647103431,5.377777098061425
0,1.07,random,0.875,top,block_split,7.48834629929693,1.5808633488825479,4.736871346021247
0,1.07,local,0.125,paper,affine_fit,0.2582802559428598,0.2186901801087618,1.1810327094449717
0,1.07,local,0.125,paper,released,0.24827528961664458,0.22796112155195156,1.0891124237606609
0,1.07,local,0.125,paper,tail_linear,0.24827528961664458,0.2247407547060366,1.1047185898320553
0,1.07,local,0.125,paper,block_split,0.24827528961664458,0.2426456562575241,1.0232010473459523
0,1.07,local,0.125,dpr,affine_fit,0.1927642856050361,0.1927642856050361,1.0
0,1.07,local,0.125,dpr,released,0.2036702598879454,0.2036702598879454,1.0
0,1.07,local,0.125,dpr,tail_linear,0.20036895024877588,0.20036895024877588,1.0
0,1.07,local,0.125,dpr,block_split,0.21767038016588272,0.21767038016588272,1.0
0,1.07,local,0.125,top,affine_fit,1.5788758981905031,0.2825402770203739,5.5881445110802765
0,1.07,local,0.125,top,released,1.6103520907948896,0.29986784839975666,5.370205906997119
0,1.07,local,0.125,top,tail_linear,1.6103520907948896,0.29447937102023647,5.4684716461318
0,1.07,local,0.125,top,block_split,1.6103520907948896,0.328858624457912,4.896791420475536
0,1.07,local,0.25,paper,affine_fit,0.4725569686290382,0.4107298153907968,1.150529985702194
0,1.07,local,0.25,paper,released,0.459844181426454,0.4533136706287941,1.0144061633716042
0,1.07,local,0.25,paper,tail_linear,0.4577281055456553,0.43839128852950054,1.0441085795318068
0,1.07,local,0.25,paper,block_split,0.4648054594745696,0.48291666803312894,0.9624962032635476
0,1.07,local,0.25,dpr,affine_fit,0.3635267995817315,0.362783416263137,1.0020491105306073
0,1.07,local,0.25,dpr,released,0.4040752874802643,0.3952817461301502,1.0222462621565598
0,1.07,local,0.25,dpr,tail_linear,0.3901357821562051,0.38317501691049866,1.0181660205872252
0,1.07,local,0.25,dpr,block_split,0.4262355715749924,0.4114101795444095,1.0360355498422533
0,1.07,local,0.25,top,affine_fit,2.3876897893890803,0.4784946686799972,4.990002910535865
0,1.07,local,0.25,top,released,2.4602036232247544,0.536669587669207,4.584205402638126
0,1.07,local,0.25,top,tail_linear,2.4602036232247544,0.5145028255736274,4.781710616422435
0,1.07,local,0.25,top,block_split,2.4602036232247544,0.5748801895692839,4.2795067004622425
0,1.07,local,0.375,paper,affine_fit,0.6993026007709824,0.5746508722045093,1.2169173224923107
0,1.07,local,0.375,paper,released,0.6817711625916881,0.6643936664067407,1.0261554211961872
0,1.07,local,0.375,paper,tail_linear,0.6796550867108895,0.6293049655308738,1.0800090956497395
0,1.07,local,0.375,paper,block_split,0.6867324406398038,0.7119632067825761,0.9645616993934387
0,1.07,local,0.375,dpr,affine_fit,0.5232884277442564,0.5164188710878836,1.0133022959480575
0,1.07,local,0.375,dpr,released,0.6061483358471594,0.579792675243382,1.0454570430589074
0,1.07,local,0.375,dpr,tail_linear,0.5736093329588122,0.555995494026531,1.0316798231667696
0,1.07,local,0.375,dpr,block_split,0.6485133881295199,0.6243602896429737,1.0386845526328357
0,1.07,local,0.375,top,affine_fit,2.9654850784900795,0.6495299544236818,4.565586326378604
0,1.07,local,0.375,top,released,3.000831393184495,0.7709854406348351,3.892202413982796
0,1.07,local,0.375,top,tail_linear,3.000831393184495,0.7206794946271045,4.163891737667924
0,1.07,local,0.375,top,block_split,3.000831393184495,0.8015387346703029,3.7438382742897978
0,1.07,local,0.5,paper,affine_fit,0.9135793134571608,0.7207202195432719,1.267592178884763
0,1.07,local,0.5,paper,released,0.9005114572358678,0.8586003231653099,1.048813322030964
0,1.07,local,0.5,paper,tail_linear,0.8928797081575773,0.8004833976085107,1.1154256425868492
0,1.07,local,0.5,paper,block_split,0.9052200405641763,0.8872320826530263,1.0202742419518485
0,1.07,local,0.5,dpr,affine_fit,0.6720491700926111,0.669837753132421,1.0033014217993068
0,1.07,local,0.5,dpr,released,0.8178555615733283,0.7983522315572615,1.0244294801782212
0,1.07,local,0.5,dpr,tail_linear,0.7558649451964878,0.7448085738193471,1.01484458123306
0,1.07,local,0.5,dpr,block_split,0.8367027005784309,0.8227311711560708,1.01698188899629
0,1.07,local,0.5,top,affine_fit,3.2132537931659675,0.8048968481592166,3.9921311662663563
0,1.07,local,0.5,top,released,3.354882605853919,0.9817918595110071,3.4171016731844337
0,1.07,local,0.5,top,tail_linear,3.354882605853919,0.9059079908348245,3.703337027375465
0,1.07,local,0.5,top,block_split,3.354882605853919,1.011897518168213,3.315437132336379
0,1.07,local,0.625,paper,affine_fit,1.1058542545149983,0.8553087030184624,1.2929299685743145
0,1.07,local,0.625,paper,released,1.1022596069017345,1.0654193362272601,1.0345781885327225
0,1.07,local,0.625,paper,tail_linear,1.0930668182392482,0.9733584721563378,1.1229848503991686
0,1.07,local,0.625,paper,block_split,1.1275330594374324,1.0947169723240004,1.0299767775078574
0,1.07,local,0.625,dpr,affine_fit,0.798808140812625,0.7909411620662617,1.0099463514148277
0,1.07,local,0.625,dpr,released,1.0167220575101783,0.9495069995575643,1.0707894286023523
0,1.07,local,0.625,dpr,tail_linear,0.9190587958204199,0.8822030669663689,1.0417769221555608
0,1.07,local,0.625,dpr,block_split,1.023933439400585,0.9803267262500077,1.0444818160955214
0,1.07,local,0.625,top,affine_fit,3.2410047915584475,0.9311758408298286,3.4805507718823403
0,1.07,local,0.625,top,released,3.352260824446015,1.198130985956457,2.7979084622120305
0,1.07,local,0.625,top,tail_linear,3.3513993618606626,1.0782084561216854,3.1083037262716733
0,1.07,local,0.625,top,block_split,3.3622348823288095,1.2131221823552685,2.771555026552275
0,1.07,local,0.75,paper,affine_fit,1.25559368595775,0.9720361105209064,1.2917150632242327
0,1.07,local,0.75,paper,released,1.2913712534287631,1.2536281197757968,1.0301071211291244
0,1.07,local,0.75,paper,tail_linear,1.2677475210546008,1.1269468667042664,1.1249399226443595
0,1.07,local,0.75,paper,block_split,1.3164532120798067,1.2789120811677157,1.0293539575275683
0,1.07,local,0.75,dpr,affine_fit,0.9475688831609796,0.9475688831609796,1.0
0,1.07,local,0.75,dpr,released,1.2179063754661343,1.2179063754661343,1.0
0,1.07,local,0.75,dpr,tail_linear,1.0958793330067431,1.0958793330067431,1.0
0,1.07,local,0.75,dpr,block_split,1.2421012751916711,1.2421012751916711,1.0
0,1.07,local,0.75,top,affine_fit,2.949730101339988,1.0417677084966974,2.8314662446166032
0,1.07,local,0.75,top,released,3.0560762976977522,1.3402391658287247,2.280246970553241
0,1.07,local,0.75,top,tail_linear,3.0501732554182563,1.2065043264878652,2.5281080129213565
0,1.07,local,0.75,top,block_split,3.0799147478362747,1.3581489122693897,2.2677297901670532
0,1.07,local,0.875,paper,affine_fit,1.4148659695730763,1.082882016959171,1.3065744443204863
0,1.07,local,0.875,paper,released,1.4944986147166897,1.4110229353108765,1.0591596899786904
0,1.07,local,0.875,paper,tail_linear,1.4552991762691072,1.2627704278369967,1.1524653604391841
0,1.07,local,0.875,paper,block_split,1.5506520997634776,1.4170271458762538,1.094299501795778
0,1.07,local,0.875,dpr,affine_fit,1.0743278538809933,1.0662443023544208,1.007581331509789
0,1.07,local,0.875,dpr,released,1.414346116976705,1.3884252999832412,1.018669219722355
0,1.07,local,0.875,dpr,tail_linear,1.2597916348851461,1.2429248474800174,1.013570239133384
0,1.07,local,0.875,dpr,block_split,1.4188476122526148,1.396174582399759,1.0162393945131742
0,1.07,local,0.875,top,affine_fit,2.383433265767268,1.1315717994054253,2.10630316787642
0,1.07,local,0.875,top,released,2.4943317913372414,1.4771542504608681,1.6886061767476326
0,1.07,local,0.875,top,tail_linear,2.465539283450964,1.320847935058156,1.866633711580439
0,1.07,local,0.875,top,block_split,2.5111704542842905,1.4858637493822493,1.6900408636581346
0,1.07,hot-cold,0.125,paper,affine_fit,0.2032758268720079,0.160740317256922,1.2646225311792718
0,1.07,hot-cold,0.125,paper,released,0.21257223955778753,0.20337871794871795,1.0452039510416609
0,1.07,hot-cold,0.125,paper,tail_linear,0.20875636501864234,0.18450748386421814,1.131424919177096
0,1.07,hot-cold,0.125,paper,block_split,0.21440605051806905,0.21241118038364762,1.0093915495917793
0,1.07,hot-cold,0.125,dpr,affine_fit,0.159761628162525,0.159761628162525,1.0
0,1.07,hot-cold,0.125,dpr,released,0.20204944528238647,0.20204944528238647,1.0
0,1.07,hot-cold,0.125,dpr,tail_linear,0.18334009678439583,0.18334009678439583,1.0
0,1.07,hot-cold,0.125,dpr,block_split,0.21127728705599427,0.21127728705599427,1.0
0,1.07,hot-cold,0.125,top,affine_fit,4.461107981503141,0.230227242959114,19.37697695617798
0,1.07,hot-cold,0.125,top,released,4.215426842477149,0.29775707725825373,14.157268338649704
0,1.07,hot-cold,0.125,top,tail_linear,4.215426842477149,0.26739196653160147,15.764971914288806
0,1.07,hot-cold,0.125,top,block_split,4.215426842477149,0.3076097165320162,13.703815633659952
0,1.07,hot-cold,0.25,paper,affine_fit,0.3955507679298455,0.3053416309540891,1.29543674307982
0,1.07,hot-cold,0.25,paper,released,0.41263860732988294,0.3997787543991956,1.0321674245796622
0,1.07,hot-cold,0.25,paper,tail_linear,0.4074351420492304,0.356988924907963,1.1413103141904841
0,1.07,hot-cold,0.25,paper,block_split,0.4226743365096946,0.40733460734966165,1.0376587917727922
0,1.07,hot-cold,0.25,dpr,affine_fit,0.3085223705108796,0.3085223705108796,1.0
0,1.07,hot-cold,0.25,dpr,released,0.40409889056477294,0.40409889056477294,1.0
0,1.07,hot-cold,0.25,dpr,tail_linear,0.3607829329173855,0.3607829329173855,1.0
0,1.07,hot-cold,0.25,dpr,block_split,0.409084184669224,0.409084184669224,1.0
0,1.07,hot-cold,0.25,top,affine_fit,6.777043229243059,0.3882855317042408,17.453761924884624
0,1.07,hot-cold,0.25,top,released,6.648454853010928,0.5124346128707893,12.974250150208608
0,1.07,hot-cold,0.25,top,tail_linear,6.648454853010928,0.455924979922903,14.582343906962903
0,1.07,hot-cold,0.25,top,block_split,6.648454853010928,0.5144846984956231,12.922551190446121
0,1.07,hot-cold,0.375,paper,affine_fit,0.5892937426292787,0.4516556505664511,1.3047412157695948
0,1.07,hot-cold,0.375,paper,released,0.6158336644304624,0.5985050180157533,1.0289532182573162
0,1.07,hot-cold,0.375,paper,tail_linear,0.6066408757679762,0.5315132933413969,1.1413465728284693
0,1.07,hot-cold,0.375,paper,block_split,0.6385046325705093,0.6033018393759935,1.0583502169178312
0,1.07,hot-cold,0.375,dpr,affine_fit,0.4572831128592342,0.4572831128592342,1.0
0,1.07,hot-cold,0.375,dpr,released,0.6061483358471593,0.6061483358471593,1.0
0,1.07,hot-cold,0.375,dpr,tail_linear,0.5382257690503751,0.5382257690503751,1.0
0,1.07,hot-cold,0.375,dpr,block_split,0.6085976309921962,0.6085976309921962,1.0
0,1.07,hot-cold,0.375,top,affine_fit,7.7948739509108735,0.5416950472509815,14.389782573181446
0,1.07,hot-cold,0.375,top,released,7.826329440843788,0.7207981033182503,10.857866307936535
0,1.07,hot-cold,0.375,top,tail_linear,7.826329440843788,0.6389129046850486,12.249446494904918
0,1.07,hot-cold,0.375,top,block_split,7.826329440843788,0.721832168651557,10.842311801459372
0,1.07,hot-cold,0.5,paper,affine_fit,0.7815686836871163,0.5960122919900188,1.3113298067688257
0,1.07,hot-cold,0.5,paper,released,0.8212858116775872,0.7945727362996481,1.0336194210518004
0,1.07,hot-cold,0.5,paper,tail_linear,0.8097341187545386,0.7037028876151862,1.1506761347799594
0,1.07,hot-cold,0.5,paper,block_split,0.8497817898729383,0.7987533358607934,1.063885121627884
0,1.07,hot-cold,0.5,dpr,affine_fit,0.6060438552075889,0.6060438552075889,1.0
0,1.07,hot-cold,0.5,dpr,released,0.8081977811295459,0.8081977811295459,1.0
0,1.07,hot-cold,0.5,dpr,tail_linear,0.7156686051833647,0.7156686051833647,1.0
0,1.07,hot-cold,0.5,dpr,block_split,0.8103229914529915,0.8103229914529915,1.0
0,1.07,hot-cold,0.5,top,affine_fit,8.097647094657614,0.6909451341465346,11.719667299864474
0,1.07,hot-cold,0.5,top,released,8.050204884792942,0.9235121849338025,8.716944958739209
0,1.07,hot-cold,0.5,top,tail_linear,8.050204884792942,0.8169394343579494,9.85410245389828
0,1.07,hot-cold,0.5,top,block_split,8.050204884792942,0.9350632844114899,8.609262088458088
0,1.07,hot-cold,0.625,paper,affine_fit,0.973843624744954,0.7362095047623991,1.3227805651045592
0,1.07,hot-cold,0.625,paper,released,1.0310093838114047,0.984991045751634,1.0467195496428647
0,1.07,hot-cold,0.625,paper,tail_linear,1.010368971531483,0.8709310867997307,1.160102087117044
0,1.07,hot-cold,0.625,paper,block_split,1.0740269959942095,0.991225159190814,1.0835348417416995
0,1.07,hot-cold,0.625,dpr,affine_fit,0.7548045975559434,0.7548045975559434,1.0
0,1.07,hot-cold,0.625,dpr,released,1.0102472264119324,1.0102472264119324,1.0
0,1.07,hot-cold,0.625,dpr,tail_linear,0.8931114413163544,0.8931114413163544,1.0
0,1.07,hot-cold,0.625,dpr,block_split,1.0105830068184,1.0105830068184,1.0
0,1.07,hot-cold,0.625,top,affine_fit,8.037391006536732,0.8308976746453156,9.673141774006822
0,1.07,hot-cold,0.625,top,released,8.080299089234774,1.1135981762192055,7.25602758857627
0,1.07,hot-cold,0.625,top,tail_linear,8.078871027096639,0.9838757867725383,8.211271316675251
0,1.07,hot-cold,0.625,top,block_split,8.088164501207546,1.1137199381705765,7.262296582831553
0,1.07,hot-cold,0.75,paper,affine_fit,1.1455848278160463,0.8607476920244262,1.330918268420448
0,1.07,hot-cold,0.75,paper,released,1.2312729624175978,1.154140992542316,1.0668306302034876
0,1.07,hot-cold,0.75,paper,tail_linear,1.2005031377246727,1.0194810927071183,1.1775629252101876
0,1.07,hot-cold,0.75,paper,block_split,1.2666388008101395,1.1551779085672782,1.096488074621425
0,1.07,hot-cold,0.75,dpr,affine_fit,0.903565339904298,0.903565339904298,1.0
0,1.07,hot-cold,0.75,dpr,released,1.2122966716943187,1.2122966716943187,1.0
0,1.07,hot-cold,0.75,dpr,tail_linear,1.070554277449344,1.070554277449344,1.0
0,1.07,hot-cold,0.75,dpr,block_split,1.2241487675518927,1.2241487675518927,1.0
0,1.07,hot-cold,0.75,top,affine_fit,7.207072911423922,0.9752543160688836,7.389942082465879
0,1.07,hot-cold,0.75,top,released,7.418340616463047,1.3096658945031003,5.664300068894774
0,1.07,hot-cold,0.75,top,tail_linear,7.388599921570074,1.1560653810463275,6.391160952231634
0,1.07,hot-cold,0.75,top,block_split,7.438279285475912,1.3210548687782806,5.630560441713429
0,1.07,hot-cold,0.875,paper,affine_fit,1.3268588830597134,1.007795728457586,1.3165950654409382
0,1.07,hot-cold,0.875,paper,released,1.4365875612116115,1.3538642106586223,1.0611016599018792
0,1.07,hot-cold,0.875,paper,tail_linear,1.3963821194764363,1.194881001450419,1.168636975382003
0,1.07,hot-cold,0.875,paper,block_split,1.4980310609885403,1.3539084569138604,1.1064492974681592
0,1.07,hot-cold,0.875,dpr,affine_fit,1.0523260822526526,1.0523260822526526,1.0
0,1.07,hot-cold,0.875,dpr,released,1.414346116976705,1.414346116976705,1.0
0,1.07,hot-cold,0.875,dpr,tail_linear,1.2479971135823336,1.2479971135823336,1.0
0,1.07,hot-cold,0.875,dpr,block_split,1.4237962238094493,1.4237962238094493,1.0
0,1.07,hot-cold,0.875,top,affine_fit,5.41967775047829,1.1086007051804845,4.888755460060749
0,1.07,hot-cold,0.875,top,released,5.761719770605185,1.490779295290766,3.8649046098278435
0,1.07,hot-cold,0.875,top,tail_linear,5.709303530344745,1.315121870672116,4.341273350907704
0,1.07,hot-cold,0.875,top,block_split,5.795474872086454,1.4922648758559833,3.8836770642089204
0,1.25,random,0.125,paper,affine_fit,0.2142767126861783,0.1803140991448634,1.188352512101838
0,1.25,random,0.125,paper,released,0.21086581220869144,0.22996417127534774,0.9169507190588012
0,1.25,random,0.125,paper,tail_linear,0.21086581220869144,0.20785522546066415,1.0144840561085486
0,1.25,random,0.125,paper,block_split,0.21086581220869144,0.2319409592427774,0.9091357253031528
0,1.25,random,0.125,dpr,affine_fit,0.159761628162525,0.159761628162525,1.0
0,1.25,random,0.125,dpr,released,0.20204944528238647,0.20204944528238647,1.0
0,1.25,random,0.125,dpr,tail_linear,0.18334009678439583,0.18334009678439583,1.0
0,1.25,random,0.125,dpr,block_split,0.21127728705599427,0.21127728705599427,1.0
0,1.25,random,0.125,top,affine_fit,6.034234652929505,0.5152517087066673,11.711236568387188
0,1.25,random,0.125,top,released,5.39334172183744,0.6549991063348417,8.234120733411066
0,1.25,random,0.125,top,tail_linear,5.39334172183744,0.5929217655366571,9.096211398068501
0,1.25,random,0.125,top,block_split,5.39334172183744,0.6839732936635845,7.885310394136793
0,1.25,random,0.25,paper,affine_fit,0.4285534253723566,0.3584261478273335,1.1956533527760531
0,1.25,random,0.25,paper,released,0.42440133037697947,0.45693747905144966,0.928795184973639
0,1.25,random,0.25,paper,tail_linear,0.42440133037697947,0.4130838299917281,1.027397587519894
0,1.25,random,0.25,paper,block_split,0.42440133037697947,0.4596522831746811,0.9233095231155303
0,1.25,random,0.25,dpr,affine_fit,0.31952325632505,0.31952325632505,1.0
0,1.25,random,0.25,dpr,released,0.4040988905647729,0.4040988905647729,1.0
0,1.25,random,0.25,dpr,tail_linear,0.36668019356879167,0.36668019356879167,1.0
0,1.25,random,0.25,dpr,block_split,0.4074451591656236,0.4074451591656236,1.0
0,1.25,random,0.25,top,affine_fit,10.462339976990137,0.7430509619253819,14.080245518934916
0,1.25,random,0.25,top,released,9.629054740153503,0.9793416369197252,9.83217130483627
0,1.25,random,0.25,top,tail_linear,9.629054740153503,0.8718669523618922,11.044179062032736
0,1.25,random,0.25,top,block_split,9.629054740153503,0.9831380136634613,9.794204482311505
0,1.25,random,0.375,paper,affine_fit,0.6442981717001306,0.5267513055658328,1.2231543897324177
0,1.25,random,0.375,paper,released,0.6373738936926134,0.6706180601642366,0.9504275705556131
0,1.25,random,0.375,paper,tail_linear,0.6373738936926134,0.6066385637245691,1.05066497879617
0,1.25,random,0.375,paper,block_split,0.6373738936926134,0.6920411007849329,0.9210058376152597
0,1.25,random,0.375,dpr,affine_fit,0.4682839986734046,0.4682839986734046,1.0
0,1.25,random,0.375,dpr,released,0.6061483358471593,0.6061483358471593,1.0
0,1.25,random,0.375,dpr,tail_linear,0.5441230297017814,0.5441230297017814,1.0
0,1.25,random,0.375,dpr,block_split,0.6211812328715269,0.6211812328715269,1.0
0,1.25,random,0.375,top,affine_fit,13.196308885668529,0.8935244101889314,14.768828624254635
0,1.25,random,0.375,top,released,12.609320602668811,1.1837173093681919,10.652307356558827
0,1.25,random,0.375,top,tail_linear,12.609320602668811,1.0513527158845708,11.993425624111103
0,1.25,random,0.375,top,block_split,12.609320602668811,1.1870334546196948,10.622548634662214
0,1.25,random,0.5,paper,affine_fit,0.8475739985721384,0.6826075438485661,1.2416710102462176
0,1.25,random,0.5,paper,released,0.8353641748214868,0.8823047322775265,0.9467977947541206
0,1.25,random,0.5,paper,tail_linear,0.8353641748214868,0.7925449561862704,1.0540274949717208
0,1.25,random,0.5,paper,block_split,0.8353641748214868,0.9001088038109755,0.928070219160877
0,1.25,random,0.5,dpr,affine_fit,0.6280456268359296,0.6280456268359296,1.0
0,1.25,random,0.5,dpr,released,0.8081977811295459,0.8081977811295459,1.0
0,1.25,random,0.5,dpr,tail_linear,0.7274631264861772,0.7274631264861772,1.0
0,1.25,random,0.5,dpr,block_split,0.8226261820738818,0.8226261820738818,1.0
0,1.25,random,0.5,top,affine_fit,13.851110375468718,1.0024035719406057,13.817898063405368
0,1.25,random,0.5,top,released,13.88508422414719,1.33159889349757,10.427377412185068
0,1.25,random,0.5,top,tail_linear,13.88508422414719,1.1812245285148018,11.754822126497348
0,1.25,random,0.5,top,block_split,13.88508422414719,1.3346832440447813,10.403280543230764
0,1.25,random,0.625,paper,affine_fit,1.0728515970724872,0.8316223249683168,1.2900707026033251
0,1.25,random,0.625,paper,released,1.057877866931414,1.099640813222725,0.9620212838691243
0,1.25,random,0.625,paper,tail_linear,1.057877866931414,0.9775154830858103,1.0822108552101053
0,1.25,random,0.625,paper,block_split,1.057877866931414,1.100992541418285,0.9608401756915343
0,1.25,random,0.625,dpr,affine_fit,0.7658054833701138,0.7658054833701138,1.0
0,1.25,random,0.625,dpr,released,1.0102472264119322,1.0102472264119322,1.0
0,1.25,random,0.625,dpr,tail_linear,0.8990087019677606,0.8990087019677606,1.0
0,1.25,random,0.625,dpr,block_split,1.0180232263760656,1.0180232263760656,1.0
0,1.25,random,0.625,top,affine_fit,12.943786079656718,1.080698699492371,11.977238508510014
0,1.25,random,0.625,top,released,13.479414248050741,1.4379407068040893,9.374109922800336
0,1.25,random,0.625,top,tail_linear,13.479414248050741,1.2746154949005857,10.575278820929503
0,1.25,random,0.625,top,block_split,13.479414248050741,1.4517579586697484,9.284890892144295
0,1.25,random,0.75,paper,affine_fit,1.2775954575860908,0.9676601090895096,1.3202936088666561
0,1.25,random,0.75,paper,released,1.266847257222061,1.2844097138428021,0.9863264374043106
0,1.25,random,0.75,paper,tail_linear,1.2625457259233883,1.13978228718111,1.1077077965879736
0,1.25,random,0.75,paper,block_split,1.26821575960715,1.287389129248207,0.9851067799117943
0,1.25,random,0.75,dpr,affine_fit,0.9145662257184684,0.9145662257184684,1.0
0,1.25,random,0.75,dpr,released,1.2122966716943187,1.2122966716943187,1.0
0,1.25,random,0.75,dpr,tail_linear,1.0764515381007502,1.0764515381007502,1.0
0,1.25,random,0.75,dpr,block_split,1.2183061795748984,1.2183061795748984,1.0
0,1.25,random,0.75,top,affine_fit,10.870367887542656,1.1418761343899846,9.519743481940663
0,1.25,random,0.75,top,released,11.621057673376074,1.5359745659460364,7.565918037333151
0,1.25,random,0.75,top,tail_linear,11.621057673376074,1.354813031386074,8.577609902000184
0,1.25,random,0.75,top,block_split,11.621057673376074,1.5369269513321357,7.561229675426987
0,1.25,random,0.875,paper,affine_fit,1.403865083758906,1.0902409181627424,1.287665010890142
0,1.25,random,0.875,paper,released,1.4642390282876292,1.4509011153008213,1.0091928477041956
0,1.25,random,0.875,paper,tail_linear,1.4360362464664924,1.2859975189288533,1.1166710863195217
0,1.25,random,0.875,paper,block_split,1.5371154614670701,1.4584770932405062,1.053918137344099
0,1.25,random,0.875,dpr,affine_fit,1.063326968066823,1.063326968066823,1.0
0,1.25,random,0.875,dpr,released,1.4143461169767053,1.4143461169767053,1.0
0,1.25,random,0.875,dpr,tail_linear,1.2538943742337398,1.2538943742337398,1.0
0,1.25,random,0.875,dpr,block_split,1.4208982438069986,1.4208982438069986,1.0
0,1.25,random,0.875,top,affine_fit,6.761785819807076,1.1795556645242715,5.732485564836979
0,1.25,random,0.875,top,released,7.364912885392688,1.5871515635997988,4.640333698621965
0,1.25,random,0.875,top,tail_linear,7.364912885392688,1.3997574339592327,5.2615636871889535
0,1.25,random,0.875,top,block_split,7.364912885392688,1.5884350719057203,4.636584154841567
0,1.25,local,0.125,paper,affine_fit,0.2582802559428598,0.2247882539531501,1.1489935590526452
0,1.25,local,0.125,paper,released,0.24630376908096183,0.2248963809981259,1.09518778375991
0,1.25,local,0.125,paper,tail_linear,0.24630376908096183,0.2248963809981259,1.09518778375991
0,1.25,local,0.125,paper,block_split,0.24630376908096183,0.2248963809981259,1.09518778375991
0,1.25,local,0.125,dpr,affine_fit,0.1817633997908657,0.1741598263136951,1.0436585958892444
0,1.25,local,0.125,dpr,released,0.20285764634689857,0.17492910604550208,1.1596563369742015
0,1.25,local,0.125,dpr,tail_linear,0.19437599793943497,0.17492910604550208,1.111170132481409
0,1.25,local,0.125,dpr,block_split,0.21975405922075478,0.17492910604550208,1.2562463971181157
0,1.25,local,0.125,top,affine_fit,1.369859067721266,0.2991686251273274,4.578886128644835
0,1.25,local,0.125,top,released,1.3978108708869164,0.30933283828213454,4.518792374742991
0,1.25,local,0.125,top,tail_linear,1.3978108708869164,0.30606043678341305,4.567107351663659
0,1.25,local,0.125,top,block_split,1.3978108708869164,0.3341876677331114,4.182712307634387
0,1.25,local,0.25,paper,affine_fit,0.4945587402573789,0.4222294122499623,1.1713033860478606
0,1.25,local,0.25,paper,released,0.4804607343118755,0.47075940899718455,1.020607820320271
0,1.25,local,0.25,paper,tail_linear,0.4804607343118755,0.4500438355520979,1.0675865245936837
0,1.25,local,0.25,paper,block_split,0.4804607343118755,0.4850065175277761,0.9906273770524325
0,1.25,local,0.25,dpr,affine_fit,0.3525259137675611,0.3481124463449776,1.0126782810236257
0,1.25,local,0.25,dpr,released,0.41453463654109995,0.3909400310417806,1.0603535162066782
0,1.25,local,0.25,dpr,tail_linear,0.38863872432771923,0.37232897022131345,1.043804687281549
0,1.25,local,0.25,dpr,block_split,0.4267370438530209,0.4092968415994253,1.0426101559578222
0,1.25,local,0.25,top,affine_fit,2.6957145921858507,0.524982400663858,5.134866595103052
0,1.25,local,0.25,top,released,2.7704047317671687,0.6027230042954632,4.596480824563115
0,1.25,local,0.25,top,tail_linear,2.7704047317671687,0.5700568055891446,4.8598748486196905
0,1.25,local,0.25,top,block_split,2.7704047317671687,0.6294859882299821,4.401058615390505
0,1.25,local,0.375,paper,affine_fit,0.6993026007709824,0.5981487769678356,1.1691114781107144
0,1.25,local,0.375,paper,released,0.6868944020112386,0.7024302902224946,0.9778826619132057
0,1.25,local,0.375,paper,tail_linear,0.6857496396494951,0.6589061939638811,1.0407394040783375
0,1.25,local,0.375,paper,block_split,0.6959592538119965,0.7258955935598436,0.9587594414218206
0,1.25,local,0.375,dpr,affine_fit,0.5012866561159157,0.4941630606881469,1.0144154753652546
0,1.25,local,0.375,dpr,released,0.6085247998279109,0.5680371146940566,1.0712764783964175
0,1.25,local,0.375,dpr,tail_linear,0.5622313037143722,0.536868357662948,1.0472423932038613
0,1.25,local,0.375,dpr,block_split,0.6157778483715896,0.5953215357956467,1.034361788287405
0,1.25,local,0.375,top,affine_fit,3.130498365702635,0.7060398831273159,4.433883184950518
0,1.25,local,0.375,top,released,3.2274045216506613,0.8423141908096157,3.831592245345581
0,1.25,local,0.375,top,tail_linear,3.2274045216506613,0.7841683571123685,4.115703588876369
0,1.25,local,0.375,top,block_split,3.2274045216506613,0.8684940703622275,3.7160927538683026
0,1.25,local,0.5,paper,affine_fit,0.9245801992713312,0.7535250372011671,1.2270066071135706
0,1.25,local,0.5,paper,released,0.9023989551691985,0.9283837513403356,0.9720107163297268
0,1.25,local,0.5,paper,tail_linear,0.901254192807455,0.8519564096237293,1.0578642083407745
0,1.25,local,0.5,paper,block_split,0.9114638069699564,0.9427094778176572,0.9668554612179846
0,1.25,local,0.5,dpr,affine_fit,0.6610482842784408,0.6551386837208716,1.0090203810344482
0,1.25,local,0.5,dpr,released,0.8095244075414787,0.760197838681688,1.0648864892135597
0,1.25,local,0.5,dpr,tail_linear,0.7440359061704218,0.7166737424230745,1.0381793864176407
0,1.25,local,0.5,dpr,block_split,0.8230515266991612,0.783663142019037,1.0502618823932992
0,1.25,local,0.5,top,affine_fit,3.345264422936012,0.8543206474262687,3.9157012452104194
0,1.25,local,0.5,top,released,3.484609532075774,1.0517378744810633,3.313192019252051
0,1.25,local,0.5,top,tail_linear,3.484609532075774,0.9650712694177507,3.610727665924733
0,1.25,local,0.5,top,block_split,3.484609532075774,1.0721632251875586,3.250073729647083
0,1.25,local,0.625,paper,affine_fit,1.1058542545149983,0.8827119976615804,1.2527916890724846
0,1.25,local,0.625,paper,released,1.1097630262948022,1.0965230895400047,1.012074471464483
0,1.25,local,0.625,paper,tail_linear,1.1000845808727884,1.0021669191175056,1.0977059408840872
0,1.25,local,0.625,paper,block_split,1.1327375068990346,1.1121813995678378,1.018482692966439
0,1.25,local,0.625,dpr,affine_fit,0.7878072549984546,0.7725907415463167,1.0196954385211536
0,1.25,local,0.625,dpr,released,1.0112389740229173,0.9257892893461546,1.0922992798254474
0,1.25,local,0.625,dpr,tail_linear,0.9110375776018185,0.8603586042559939,1.0589044766858
0,1.25,local,0.625,dpr,block_split,1.030267636269308,0.9490858650188152,1.0855368036156385
0,1.25,local,0.625,top,affine_fit,3.417018964585174,0.9698246935607162,3.5233367301048726
0,1.25,local,0.625,top,released,3.5341240325612344,1.2310378087382199,2.8708493008704705
0,1.25,local,0.625,top,tail_linear,3.5340315265118005,1.1130579059415582,3.1750652932313455
0,1.25,local,0.625,top,block_split,3.5434776479874235,1.2472196041438883,2.8411016281448878
0,1.25,local,0.75,paper,affine_fit,1.2995972292144315,0.9825289187922848,1.3227063390784306
0,1.25,local,0.75,paper,released,1.3140080227941902,1.2205333019751021,1.0765851457455724
0,1.25,local,0.75,paper,tail_linear,1.3017972242689257,1.1143190123408049,1.168244649738402
0,1.25,local,0.75,paper,block_split,1.3542492734187106,1.2490629032460705,1.084212228142619
0,1.25,local,0.75,dpr,affine_fit,0.9365679973468092,0.9316558188792304,1.0052725248616898
0,1.25,local,0.75,dpr,released,1.2122966716943187,1.1779410403528083,1.029165832723869
0,1.25,local,0.75,dpr,tail_linear,1.0882460594035628,1.0677721171052152,1.0191744492765493
0,1.25,local,0.75,dpr,block_split,1.242677154276295,1.2007011451497525,1.0349595811548156
0,1.25,local,0.75,top,affine_fit,3.1697478176233957,1.0620848737032331,2.9844581126282796
0,1.25,local,0.75,top,released,3.2634710957549977,1.3854157419195823,2.355589731666575
0,1.25,local,0.75,top,tail_linear,3.261464870807902,1.237903282841173,2.634668569035824
0,1.25,local,0.75,top,block_split,3.2830085909208666,1.4084446298037834,2.3309461525500206
0,1.25,local,0.875,paper,affine_fit,1.436867741201417,1.0772451881685912,1.3338353765536097
0,1.25,local,0.875,paper,released,1.4994511486150393,1.3884252999832412,1.0799653021542739
0,1.25,local,0.875,paper,tail_linear,1.4725318882297969,1.2488221081314237,1.1791366269396877
0,1.25,local,0.875,paper,block_split,1.5622847624394942,1.4099662445581231,1.10802990388547
0,1.25,local,0.875,dpr,affine_fit,1.0743278538809933,1.0728410872438043,1.0013858218657608
0,1.25,local,0.875,dpr,released,1.4143461169767053,1.3824435729847493,1.0230769230769232
0,1.25,local,0.875,dpr,tail_linear,1.2597916348851461,1.2435688662722233,1.0130453319095651
0,1.25,local,0.875,dpr,block_split,1.4324739830012252,1.4055231082508317,1.0191749780506518
0,1.25,local,0.875,top,affine_fit,2.43843769483812,1.1408787122999942,2.137332977247219
0,1.25,local,0.875,top,released,2.5041173884914496,1.5047366582872466,1.664156565004364
0,1.25,local,0.875,top,tail_linear,2.4907560459763523,1.3391739563130625,1.8599197171021455
0,1.25,local,0.875,top,block_split,2.5215365074802767,1.524222625276666,1.6543098532096552
0,1.25,hot-cold,0.125,paper,affine_fit,0.2032758268720079,0.1644104013609111,1.2363927415138416
0,1.25,hot-cold,0.125,paper,released,0.20828767740911475,0.20836349044746102,0.9996361500847223
0,1.25,hot-cold,0.125,paper,tail_linear,0.20520028800926093,0.18888518541355176,1.0863757661035636
0,1.25,hot-cold,0.125,paper,block_split,0.21145339861818682,0.21476320266473642,0.9845885887084833
0,1.25,hot-cold,0.125,dpr,affine_fit,0.159761628162525,0.159761628162525,1.0
0,1.25,hot-cold,0.125,dpr,released,0.20204944528238647,0.20204944528238647,1.0
0,1.25,hot-cold,0.125,dpr,tail_linear,0.18334009678439583,0.18334009678439583,1.0
0,1.25,hot-cold,0.125,dpr,block_split,0.21127728705599427,0.21127728705599427,1.0
0,1.25,hot-cold,0.125,top,affine_fit,4.7581318984857415,0.24490757937507,19.42827539526157
0,1.25,hot-cold,0.125,top,released,4.455244969477472,0.3176961672532261,14.023603142578455
0,1.25,hot-cold,0.125,top,tail_linear,4.455244969477472,0.28490277272893594,15.637773289473424
0,1.25,hot-cold,0.125,top,block_split,4.455244969477472,0.32072644499586433,13.891105766270446
0,1.25,hot-cold,0.25,paper,affine_fit,0.4175525395581863,0.3070543368692839,1.3598653053252348
0,1.25,hot-cold,0.25,paper,released,0.42298130321726457,0.40210498156527574,1.0519175902042384
0,1.25,hot-cold,0.25,paper,tail_linear,0.4206223989567021,0.35903185229765205,1.1715461908599378
0,1.25,hot-cold,0.25,paper,block_split,0.42880631327256874,0.4084295749015806,1.0498904575553774
0,1.25,hot-cold,0.25,dpr,affine_fit,0.3085223705108796,0.3085223705108796,1.0
0,1.25,hot-cold,0.25,dpr,released,0.40409889056477294,0.40409889056477294,1.0
0,1.25,hot-cold,0.25,dpr,tail_linear,0.3607829329173855,0.3607829329173855,1.0
0,1.25,hot-cold,0.25,dpr,block_split,0.409084184669224,0.409084184669224,1.0
0,1.25,hot-cold,0.25,top,affine_fit,6.612029942030504,0.405901935403388,16.289722628347228
0,1.25,hot-cold,0.25,top,released,6.527155766563623,0.5363615208647562,12.169321460719491
0,1.25,hot-cold,0.25,top,tail_linear,6.527155766563623,0.47693794735970435,13.685545054021194
0,1.25,hot-cold,0.25,top,block_split,6.527155766563623,0.547589678449809,11.919793274850576
0,1.25,hot-cold,0.375,paper,affine_fit,0.567291971000938,0.4538577010288445,1.24993355784192
0,1.25,hot-cold,0.375,paper,released,0.6131109996813909,0.6014958815149992,1.019310386859402
0,1.25,hot-cold,0.375,paper,tail_linear,0.5936500395317504,0.534139914270997,1.1114129906243269
0,1.25,hot-cold,0.375,paper,block_split,0.6316604070781232,0.6060055079116403,1.042334432330314
0,1.25,hot-cold,0.375,dpr,affine_fit,0.4572831128592342,0.4572831128592342,1.0
0,1.25,hot-cold,0.375,dpr,released,0.6061483358471593,0.6061483358471593,1.0
0,1.25,hot-cold,0.375,dpr,tail_linear,0.5382257690503751,0.5382257690503751,1.0
0,1.25,hot-cold,0.375,dpr,block_split,0.6085976309921962,0.6085976309921962,1.0
0,1.25,hot-cold,0.375,top,affine_fit,7.761871293468362,0.5561307113933383,13.956919002048371
0,1.25,hot-cold,0.375,top,released,7.722628902545608,0.7404048751466399,10.430278300120746
0,1.25,hot-cold,0.375,top,tail_linear,7.722628902545608,0.6561318641124274,11.769934253981521
0,1.25,hot-cold,0.375,top,block_split,7.722628902545608,0.747739641025641,10.327965081472508
0,1.25,hot-cold,0.5,paper,affine_fit,0.7705677978729458,0.595278275169221,1.2944665209794441
0,1.25,hot-cold,0.5,paper,released,0.8176783393568607,0.7935757817998994,1.0303720931380929
0,1.25,hot-cold,0.5,paper,tail_linear,0.7980439303645319,0.7028273473053195,1.1354764913805335
0,1.25,hot-cold,0.5,paper,block_split,0.8494606069267354,0.7981245358090185,1.0643208782770726
0,1.25,hot-cold,0.5,dpr,affine_fit,0.6060438552075889,0.6060438552075889,1.0
0,1.25,hot-cold,0.5,dpr,released,0.8081977811295459,0.8081977811295459,1.0
0,1.25,hot-cold,0.5,dpr,tail_linear,0.7156686051833647,0.7156686051833647,1.0
0,1.25,hot-cold,0.5,dpr,block_split,0.8103229914529915,0.8103229914529915,1.0
0,1.25,hot-cold,0.5,top,affine_fit,8.218656838613487,0.7056254705624907,11.647335848097956
0,1.25,hot-cold,0.5,top,released,8.210374225914155,0.943451274928775,8.702488876846331
0,1.25,hot-cold,0.5,top,tail_linear,8.210374225914155,0.8344502405552838,9.839261620262189
0,1.25,hot-cold,0.5,top,block_split,8.210374225914155,0.9471618930500431,8.668395853083968
0,1.25,hot-cold,0.625,paper,affine_fit,0.9628427389307836,0.7369435215831969,1.3065353188291566
0,1.25,hot-cold,0.625,paper,released,1.028944410587049,0.9859880002513827,1.0435668692973084
0,1.25,hot-cold,0.625,paper,tail_linear,1.0023373581186459,0.8718066271095974,1.1497244078561462
0,1.25,hot-cold,0.625,paper,block_split,1.0529331667974067,0.9906949977616618,1.0628227347229606
0,1.25,hot-cold,0.625,dpr,affine_fit,0.7548045975559434,0.7548045975559434,1.0
0,1.25,hot-cold,0.625,dpr,released,1.0102472264119324,1.0102472264119324,1.0
0,1.25,hot-cold,0.625,dpr,tail_linear,0.8931114413163544,0.8931114413163544,1.0
0,1.25,hot-cold,0.625,dpr,block_split,1.0105830068184,1.0105830068184,1.0
0,1.25,hot-cold,0.625,top,affine_fit,7.905380376766686,0.8512054733540548,9.287276250253246
0,1.25,hot-cold,0.625,top,released,7.933170895481464,1.141180584045584,6.951722633903993
0,1.25,hot-cold,0.625,top,tail_linear,7.932309432896111,1.008099068678851,7.868581252923565
0,1.25,hot-cold,0.625,top,block_split,7.943144953364258,1.1437429237458219,6.9448691558676625
0,1.25,hot-cold,0.75,paper,affine_fit,1.156585713630217,0.8675985156852057,1.3330886265022905
0,1.25,hot-cold,0.75,paper,released,1.2360903192338661,1.1634459012066365,1.0624390166761415
0,1.25,hot-cold,0.75,paper,tail_linear,1.2029269005118406,1.0276528022658744,1.1705576998958247
0,1.25,hot-cold,0.75,paper,block_split,1.258207163294711,1.1784774560894051,1.067654842944452
0,1.25,hot-cold,0.75,dpr,affine_fit,0.903565339904298,0.903565339904298,1.0
0,1.25,hot-cold,0.75,dpr,released,1.2122966716943187,1.2122966716943187,1.0
0,1.25,hot-cold,0.75,dpr,tail_linear,1.070554277449344,1.070554277449344,1.0
0,1.25,hot-cold,0.75,dpr,block_split,1.2241487675518927,1.2241487675518927,1.0
0,1.25,hot-cold,0.75,top,affine_fit,7.284079112123114,0.985041207012854,7.394694821155905
0,1.25,hot-cold,0.75,top,released,7.3897234458553775,1.3229586211664153,5.585755538854319
0,1.25,hot-cold,0.75,top,tail_linear,7.374089923501062,1.1677392518445504,6.314842899947926
0,1.25,hot-cold,0.75,top,block_split,7.391089859500362,1.3290295455174228,5.561268283635361
0,1.25,hot-cold,0.875,paper,affine_fit,1.3268588830597134,1.0029022829856007,1.3230191072152182
0,1.25,hot-cold,0.875,paper,released,1.4399401720102825,1.347217847326965,1.0688250418202887
0,1.25,hot-cold,0.875,paper,tail_linear,1.392970225410259,1.1890440660513075,1.1715042908680156
0,1.25,hot-cold,0.875,paper,block_split,1.4969668330310995,1.3481837124192664,1.1103581946890957
0,1.25,hot-cold,0.875,dpr,affine_fit,1.0523260822526526,1.0523260822526526,1.0
0,1.25,hot-cold,0.875,dpr,released,1.414346116976705,1.414346116976705,1.0
0,1.25,hot-cold,0.875,dpr,tail_linear,1.2479971135823336,1.2479971135823336,1.0
0,1.25,hot-cold,0.875,dpr,block_split,1.4237962238094493,1.4237962238094493,1.0
0,1.25,hot-cold,0.875,top,affine_fit,5.573690151876676,1.1152068565676645,4.997898030353883
0,1.25,hot-cold,0.875,top,released,5.889728364094158,1.4997518857885035,3.92713516142545
0,1.25,hot-cold,0.875,top,tail_linear,5.840035270663926,1.3230017334609163,4.414231004359036
0,1.25,hot-cold,0.875,top,block_split,5.900705224541319,1.5000457000412277,3.933683636691297
0,1.44,random,0.125,paper,affine_fit,0.2362784843145191,0.1952297413366221,1.2102586557604422
0,1.44,random,0.125,paper,released,0.23403145097259853,0.2352812619406737,0.994688013155972
0,1.44,random,0.125,paper,tail_linear,0.23403145097259853,0.21842203443135955,1.0714644773906468
0,1.44,random,0.125,paper,block_split,0.23403145097259853,0.2477745964021082,0.9445336784760363
0,1.44,random,0.125,dpr,affine_fit,0.159761628162525,0.159761628162525,1.0
0,1.44,random,0.125,dpr,released,0.20204944528238647,0.20204944528238647,1.0
0,1.44,random,0.125,dpr,tail_linear,0.18334009678439583,0.18334009678439583,1.0
0,1.44,random,0.125,dpr,block_split,0.21127728705599427,0.21127728705599427,1.0
0,1.44,random,0.125,top,affine_fit,5.957228452230312,0.5101229574588794,11.67802461176337
0,1.44,random,0.125,top,released,5.330406223910312,0.6629747423328306,8.040134689225173
0,1.44,random,0.125,top,tail_linear,5.330406223910312,0.5940288273641847,8.973312368630838
0,1.44,random,0.125,top,block_split,5.330406223910312,0.6749066235556587,7.897990681774247
0,1.44,random,0.25,paper,affine_fit,0.4285534253723566,0.3527986855345504,1.2147251192929611
0,1.44,random,0.25,paper,released,0.4248474680878026,0.4492941612200436,0.9455886694234867
0,1.44,random,0.25,paper,tail_linear,0.4248474680878026,0.4063713542827499,1.0454660832027967
0,1.44,random,0.25,paper,block_split,0.4248474680878026,0.4553936830403872,0.9329234987436671
0,1.44,random,0.25,dpr,affine_fit,0.31952325632505,0.31952325632505,1.0
0,1.44,random,0.25,dpr,released,0.4040988905647729,0.4040988905647729,1.0
0,1.44,random,0.25,dpr,tail_linear,0.36668019356879167,0.36668019356879167,1.0
0,1.44,random,0.25,dpr,block_split,0.422557279587216,0.422557279587216,1.0
0,1.44,random,0.25,top,affine_fit,10.264324032335068,0.7369341550854003,13.92841404011947
0,1.44,random,0.25,top,released,9.459905656652914,0.9710336827551533,9.74209836862913
0,1.44,random,0.25,top,tail_linear,9.459905656652914,0.8645707831130027,10.94173645631565
0,1.44,random,0.25,top,block_split,9.459905656652914,0.9782437528284613,9.670294984558664
0,1.44,random,0.375,paper,affine_fit,0.6332972858859602,0.5147717306572654,1.2302487649765854
0,1.44,random,0.375,paper,released,0.6263066702367538,0.6692887874979052,0.9357794153076471
0,1.44,random,0.375,paper,tail_linear,0.6263066702367538,0.5995739159933406,1.0445862528878092
0,1.44,random,0.375,paper,block_split,0.6263066702367538,0.6777297536450927,0.9241245007589446
0,1.44,random,0.375,dpr,affine_fit,0.4682839986734046,0.4682839986734046,1.0
0,1.44,random,0.375,dpr,released,0.6061483358471593,0.6061483358471593,1.0
0,1.44,random,0.375,dpr,tail_linear,0.5441230297017814,0.5441230297017814,1.0
0,1.44,random,0.375,dpr,block_split,0.6089299824005505,0.6089299824005505,1.0
0,1.44,random,0.375,top,affine_fit,13.185307999854356,0.8898543260849424,14.81737809587918
0,1.44,random,0.375,top,released,12.59727147406869,1.1787325368694486,10.687133068817554
0,1.44,random,0.375,top,tail_linear,12.59727147406869,1.0469750143352372,12.032065046048075
0,1.44,random,0.375,top,block_split,12.59727147406869,1.1950311523391894,10.541374967012715
0,1.44,random,0.5,paper,affine_fit,0.8475739985721384,0.6747873975911863,1.256060800183517
0,1.44,random,0.5,paper,released,0.8365884053765255,0.8866248684431037,0.9435652384142559
0,1.44,random,0.5,paper,tail_linear,0.8365884053765255,0.7904417035442867,1.058380904784401
0,1.44,random,0.5,paper,block_split,0.8365884053765255,0.8941443767673267,0.9356301142340255
0,1.44,random,0.5,dpr,affine_fit,0.6170447410217592,0.6170447410217592,1.0
0,1.44,random,0.5,dpr,released,0.8081977811295458,0.8081977811295458,1.0
0,1.44,random,0.5,dpr,tail_linear,0.721565865834771,0.721565865834771,1.0
0,1.44,random,0.5,dpr,block_split,0.82011386582665,0.82011386582665,1.0
0,1.44,random,0.5,top,affine_fit,14.016123662681274,0.998498182060814,14.03720498894971
0,1.44,random,0.5,top,released,13.998977650399699,1.3412361203284733,10.437370003852342
0,1.44,random,0.5,top,tail_linear,13.998977650399699,1.1837908241921071,11.825550058603872
0,1.44,random,0.5,top,block_split,13.998977650399699,1.3435056884794834,10.419738279071288
0,1.44,random,0.625,paper,affine_fit,1.0398489396299762,0.8272275905413266,1.2570288413005097
0,1.44,random,0.625,paper,released,1.046769578636914,1.1086134037204625,0.9442151566307939
0,1.44,random,0.625,paper,tail_linear,1.0410804565967338,0.9794980852232046,1.0628713545259214
0,1.44,random,0.625,paper,block_split,1.055058901634178,1.110221148071148,0.9503141815188745
0,1.44,random,0.625,dpr,affine_fit,0.7658054833701138,0.7658054833701138,1.0
0,1.44,random,0.625,dpr,released,1.0102472264119324,1.0102472264119324,1.0
0,1.44,random,0.625,dpr,tail_linear,0.8990087019677606,0.8990087019677606,1.0
0,1.44,random,0.625,dpr,block_split,1.0192197428166683,1.0192197428166683,1.0
0,1.44,random,0.625,top,affine_fit,13.04279405198425,1.0848674946413552,12.022476584844169
0,1.44,random,0.625,top,released,13.646526512485632,1.4585444331322273,9.356263821993881
0,1.44,random,0.625,top,tail_linear,13.646526512485632,1.286812733986425,10.604904779120405
0,1.44,random,0.625,top,block_split,13.646526512485632,1.4694949048481178,9.286542244864805
0,1.44,random,0.75,paper,affine_fit,1.25559368595775,0.9615433022495278,1.3058108595008588
0,1.44,random,0.75,paper,released,1.2666495300188014,1.2761017596782303,0.9925928872147216
0,1.44,random,0.75,paper,tail_linear,1.2578730185787674,1.1324861179322208,1.1107182672362357
0,1.44,random,0.75,paper,block_split,1.2781045742251378,1.2802339535576794,0.9983367264033076
0,1.44,random,0.75,dpr,affine_fit,0.9145662257184684,0.9145662257184684,1.0
0,1.44,random,0.75,dpr,released,1.2122966716943187,1.2122966716943187,1.0
0,1.44,random,0.75,dpr,tail_linear,1.0764515381007502,1.0764515381007502,1.0
0,1.44,random,0.75,dpr,block_split,1.2212818858921077,1.2212818858921077,1.0
0,1.44,random,0.75,top,affine_fit,10.925372316613508,1.1416220956185883,9.570042800103296
0,1.44,random,0.75,top,released,11.733402242246889,1.5206879302832244,7.715851496277459
0,1.44,random,0.75,top,tail_linear,11.733402242246889,1.3472853406195238,8.708921479730126
0,1.44,random,0.75,top,block_split,11.733402242246889,1.5228483925479108,7.704905031692274
0,1.44,random,0.875,paper,affine_fit,1.403865083758906,1.0926782744009385,1.2847927122268226
0,1.44,random,0.875,paper,released,1.4656234025145045,1.4392699794704207,1.0183102707761476
0,1.44,random,0.875,paper,tail_linear,1.4355126834237955,1.2816801426318143,1.1200241274520333
0,1.44,random,0.875,paper,block_split,1.501944509697834,1.4476579688962599,1.0374995627198902
0,1.44,random,0.875,dpr,affine_fit,1.0523260822526526,1.0523260822526526,1.0
0,1.44,random,0.875,dpr,released,1.414346116976705,1.414346116976705,1.0
0,1.44,random,0.875,dpr,tail_linear,1.2479971135823336,1.2479971135823336,1.0
0,1.44,random,0.875,dpr,block_split,1.4237962238094493,1.4237962238094493,1.0
0,1.44,random,0.875,top,affine_fit,6.794788477249587,1.1795556645242715,5.760464454206156
0,1.44,random,0.875,top,released,7.448021760901184,1.5871515635997988,4.692697239328813
0,1.44,random,0.875,top,tail_linear,7.448021760901184,1.3997574339592327,5.320937456880907
0,1.44,random,0.875,top,block_split,7.448021760901184,1.5884350719057203,4.688905384068007
0,1.44,local,0.125,paper,affine_fit,0.2582802559428598,0.2333517835291245,1.1068278632231838
0,1.44,local,0.125,paper,released,0.2506680626906641,0.23550943861924512,1.0643652507529704
0,1.44,local,0.125,paper,tail_linear,0.2506680626906641,0.233879019497974,1.071785161528076
0,1.44,local,0.125,paper,block_split,0.2506680626906641,0.2423196675241762,1.0344519916678039
0,1.44,local,0.125,dpr,affine_fit,0.2037651714192065,0.2025324435534135,1.006086569855994
0,1.44,local,0.125,dpr,released,0.21178571335534996,0.20777319212051895,1.019312025742491
0,1.44,local,0.125,dpr,tail_linear,0.20937477444198094,0.2060907383464413,1.0159349038287162
0,1.44,local,0.125,dpr,block_split,0.22865910276884674,0.22726729851297187,1.006124085009069
0,1.44,local,0.125,top,affine_fit,1.6008776698188438,0.3126162336774905,5.120903834669009
0,1.44,local,0.125,top,released,1.644481219722966,0.32529770818861853,5.055311421897385
0,1.44,local,0.125,top,tail_linear,1.644481219722966,0.321337292947233,5.117617082785991
0,1.44,local,0.125,top,block_split,1.644481219722966,0.3500592087229409,4.697723067255496
0,1.44,local,0.25,paper,affine_fit,0.5055596260715493,0.429550847462347,1.1769494323157281
0,1.44,local,0.25,paper,released,0.4882234849823302,0.4549582164499505,1.073117194787577
0,1.44,local,0.25,paper,tail_linear,0.4882234849823302,0.4459273133739735,1.094849923608257
0,1.44,local,0.25,paper,block_split,0.4882234849823302,0.47654389999663793,1.024508938181298
0,1.44,local,0.25,dpr,affine_fit,0.3745276853959018,0.3688814901075253,1.015306258079609
0,1.44,local,0.25,dpr,released,0.4099844818442754,0.38593784557865074,1.0623070179333427
0,1.44,local,0.25,dpr,tail_linear,0.3964496904864892,0.3803585744721733,1.0423051223089834
0,1.44,local,0.25,dpr,block_split,0.4360714675152858,0.4055390565015242,1.0752884599504582
0,1.44,local,0.25,top,affine_fit,2.497698647530784,0.5237684057936584,4.768708115843793
0,1.44,local,0.25,top,released,2.579975531204855,0.6012801700756989,4.290804286594128
0,1.44,local,0.25,top,tail_linear,2.579975531204855,0.5693944911614782,4.5310862174695385
0,1.44,local,0.25,top,block_split,2.579975531204855,0.6124581848861798,4.212492533974906
0,1.44,local,0.375,paper,affine_fit,0.7543070298418344,0.6074275903690145,1.2418056765969259
0,1.44,local,0.375,paper,released,0.7270894288851095,0.6865551612721243,1.0590400741258414
0,1.44,local,0.375,paper,tail_linear,0.7270894288851095,0.6536056627894146,1.1124282886137886
0,1.44,local,0.375,paper,block_split,0.7270894288851095,0.7067407043649254,1.0287923483032853
0,1.44,local,0.375,dpr,affine_fit,0.5122875419300861,0.508843397104103,1.0067685752543596
0,1.44,local,0.375,dpr,released,0.608685479068751,0.5839024434612956,1.0424437949951793
0,1.44,local,0.375,dpr,tail_linear,0.5679770356897795,0.552178650133584,1.0286110039791896
0,1.44,local,0.375,dpr,block_split,0.6293036553356096,0.5969759239847816,1.0541524876498238
0,1.44,local,0.375,top,affine_fit,3.020489507560931,0.69575428113835,4.341316452439205
0,1.44,local,0.375,top,released,3.158215598808398,0.8090461952529753,3.9036282691137023
0,1.44,local,0.375,top,tail_linear,3.158215598808398,0.7621514098181168,4.143816514834092
0,1.44,local,0.375,top,block_split,3.158215598808398,0.8350972380444348,3.7818537230515332
0,1.44,local,0.5,paper,affine_fit,0.9575828567138422,0.7454227526790013,1.2846171562007616
0,1.44,local,0.5,paper,released,0.9310684230036345,0.8765067830692984,1.06224896485487
0,1.44,local,0.5,paper,tail_linear,0.9301664890216547,0.8213963041190986,1.1324210790298186
0,1.44,local,0.5,paper,block_split,0.9410413029819691,0.8977520438485628,1.0482196163517825
0,1.44,local,0.5,dpr,affine_fit,0.6390465126501,0.6238112662023687,1.0244228459362081
0,1.44,local,0.5,dpr,released,0.8083551632294247,0.7044361819492828,1.1475207888847818
0,1.44,local,0.5,dpr,tail_linear,0.7330436757341139,0.6715676262598278,1.0915411152509922
0,1.44,local,0.5,dpr,block_split,0.8313278611154604,0.7259993618496784,1.145080705026282
0,1.44,local,0.5,top,affine_fit,3.422270623635205,0.8403743278311104,4.072316954835603
0,1.44,local,0.5,top,released,3.507885959644301,1.037276157680893,3.3818245350275027
0,1.44,local,0.5,top,tail_linear,3.507885959644301,0.9487594316289042,3.697339749889694
0,1.44,local,0.5,top,block_split,3.507885959644301,1.055988407352906,3.3218981716264078
0,1.44,local,0.625,paper,affine_fit,1.1608586835858503,0.8761058462744001,1.3250210445716675
0,1.44,local,0.625,paper,released,1.1422301406052002,1.0980230768907984,1.04026059619765
0,1.44,local,0.625,paper,tail_linear,1.137408262778462,0.9984171881629299,1.1392114200991204
0,1.44,local,0.625,paper,block_split,1.1771429530899815,1.1204718483666016,1.0505778925244698
0,1.44,local,0.625,dpr,affine_fit,0.7768063691842841,0.7566776772645676,1.026601408399522
0,1.44,local,0.625,dpr,released,1.0102472264119324,0.8918275647028984,1.1327831370052843
0,1.44,local,0.625,dpr,tail_linear,0.9049059626191668,0.8353294950111912,1.083292243388393
0,1.44,local,0.625,dpr,block_split,1.0314576436240062,0.9219189707158321,1.1188159441204706
0,1.44,local,0.625,top,affine_fit,3.086992390160063,0.9722620497989124,3.1750621047057512
0,1.44,local,0.625,top,released,3.156789588851727,1.2289064419541247,2.5687794294836728
0,1.44,local,0.625,top,tail_linear,3.156789588851727,1.1138289164584494,2.8341781598641846
0,1.44,local,0.625,top,block_split,3.156789588851727,1.2650646816602273,2.49535824896231
0,1.44,local,0.75,paper,affine_fit,1.365602544099454,0.9945272266964456,1.3731173038224622
0,1.44,local,0.75,paper,released,1.3528907931752783,1.2558096410966824,1.0773056273033677
0,1.44,local,0.75,paper,tail_linear,1.347652638126088,1.1384657173898785,1.1837445937465778
0,1.44,local,0.75,paper,block_split,1.3993036230666913,1.2894682549955678,1.0851788073460569
0,1.44,local,0.75,dpr,affine_fit,0.9365679973468092,0.9319004911528298,1.0050085886189473
0,1.44,local,0.75,dpr,released,1.21227306860981,1.1854066993104588,1.0226642630879166
0,1.44,local,0.75,dpr,tail_linear,1.0881126053853514,1.0704216798642174,1.0165270620484612
0,1.44,local,0.75,dpr,block_split,1.2312365126255096,1.209468833210453,1.0179977183515145
0,1.44,local,0.75,top,affine_fit,3.00473453041084,1.075767788029199,2.793106991905287
0,1.44,local,0.75,top,released,3.105876530971724,1.3788496104929344,2.2525128972269735
0,1.44,local,0.75,top,tail_linear,3.0976030211754866,1.2406744807792516,2.4967089024269464
0,1.44,local,0.75,top,block_split,3.145024663140542,1.3907473336996816,2.2613918336798906
0,1.44,local,0.875,paper,affine_fit,1.5138739419006098,1.0943628808227432,1.3833381672836689
0,1.44,local,0.875,paper,released,1.5278218703027564,1.4048328855710037,1.0875470570165098
0,1.44,local,0.875,paper,tail_linear,1.5164783159909339,1.265634407685459,1.1981961827066696
0,1.44,local,0.875,paper,block_split,1.5945274028252368,1.4265152544844668,1.1177780243236786
0,1.44,local,0.875,dpr,affine_fit,1.0743278538809933,1.0672042584532246,1.0066750065616243
0,1.44,local,0.875,dpr,released,1.414346116976705,1.3691786454307873,1.0329887350322402
0,1.44,local,0.875,dpr,tail_linear,1.2597916348851461,1.2318129436496503,1.0227134252645533
0,1.44,local,0.875,dpr,block_split,1.435422887975832,1.383998490147299,1.0371563973477023
0,1.44,local,0.875,top,affine_fit,2.4054350373956086,1.1516349258405651,2.0887131706603195
0,1.44,local,0.875,top,released,2.530458723229529,1.5044043401206635,1.682033649960468
0,1.44,local,0.875,top,tail_linear,2.5083786855552934,1.3447793701945132,1.8652715390722223
0,1.44,local,0.875,top,block_split,2.582318971335579,1.5266799578488148,1.6914605828547222
0,1.44,hot-cold,0.125,paper,affine_fit,0.2032758268720079,0.1656337627289074,1.2272608164116228
0,1.44,hot-cold,0.125,paper,released,0.21013830429433422,0.2100250812803754,1.0005390928229552
0,1.44,hot-cold,0.125,paper,tail_linear,0.20583677299566147,0.19034441926332965,1.0813911634094149
0,1.44,hot-cold,0.125,paper,block_split,0.21150680667942312,0.21693382792806698,0.9749830568128665
0,1.44,hot-cold,0.125,dpr,affine_fit,0.159761628162525,0.159761628162525,1.0
0,1.44,hot-cold,0.125,dpr,released,0.20204944528238647,0.20204944528238647,1.0
0,1.44,hot-cold,0.125,dpr,tail_linear,0.18334009678439583,0.18334009678439583,1.0
0,1.44,hot-cold,0.125,dpr,block_split,0.21127728705599427,0.21127728705599427,1.0
0,1.44,hot-cold,0.125,top,affine_fit,4.7361301268574,0.2507797139414525,18.885618985764957
0,1.44,hot-cold,0.125,top,released,4.428642629267342,0.32567180325121503,13.59848345805731
0,1.44,hot-cold,0.125,top,tail_linear,4.428642629267342,0.2919070952078697,15.171411390715477
0,1.44,hot-cold,0.125,top,block_split,4.428642629267342,0.32750372660565585,13.522419042882614
0,1.44,hot-cold,0.25,paper,affine_fit,0.3845498821156751,0.3068096645956847,1.2533825576271753
0,1.44,hot-cold,0.25,paper,released,0.4082382216512962,0.40177266339869283,1.0160925788178559
0,1.44,hot-cold,0.25,paper,tail_linear,0.3986638455348956,0.35874000552769647,1.1112890655963286
0,1.44,hot-cold,0.25,paper,block_split,0.41121446838707065,0.408034719182778,1.0077928398119187
0,1.44,hot-cold,0.25,dpr,affine_fit,0.3085223705108796,0.3085223705108796,1.0
0,1.44,hot-cold,0.25,dpr,released,0.40409889056477294,0.40409889056477294,1.0
0,1.44,hot-cold,0.25,dpr,tail_linear,0.3607829329173855,0.3607829329173855,1.0
0,1.44,hot-cold,0.25,dpr,block_split,0.409084184669224,0.409084184669224,1.0
0,1.44,hot-cold,0.25,top,affine_fit,7.063066260411489,0.4193589104513477,16.842532933924428
0,1.44,hot-cold,0.25,top,released,6.8675340967371525,0.5546390200268141,12.381988732789015
0,1.44,hot-cold,0.25,top,tail_linear,6.8675340967371525,0.492989519707261,13.930385580640984
0,1.44,hot-cold,0.25,top,block_split,6.8675340967371525,0.5578776776485264,12.310107344111787
0,1.44,hot-cold,0.375,paper,affine_fit,0.5782928568151083,0.4567937683120356,1.2659823687000842
0,1.44,hot-cold,0.375,paper,released,0.6113746818603664,0.6054836995139936,1.0097293822296145
0,1.44,hot-cold,0.375,paper,tail_linear,0.5999270582429308,0.537642075510464,1.115848415831909
0,1.44,hot-cold,0.375,paper,block_split,0.6352598862406833,0.6083580118340446,1.044220465389346
0,1.44,hot-cold,0.375,dpr,affine_fit,0.4572831128592342,0.4572831128592342,1.0
0,1.44,hot-cold,0.375,dpr,released,0.6061483358471593,0.6061483358471593,1.0
0,1.44,hot-cold,0.375,dpr,tail_linear,0.5382257690503751,0.5382257690503751,1.0
0,1.44,hot-cold,0.375,dpr,block_split,0.6085976309921962,0.6085976309921962,1.0
0,1.44,hot-cold,0.375,top,affine_fit,8.168904068592667,0.569587686441298,14.341784878867038
0,1.44,hot-cold,0.375,top,released,8.075204816117854,0.7586823743086979,10.643722708697275
0,1.44,hot-cold,0.375,top,tail_linear,8.075204816117854,0.6721834364599841,12.013394526121413
0,1.44,hot-cold,0.375,top,block_split,8.075204816117854,0.7603009898826042,10.621063136278071
0,1.44,hot-cold,0.5,paper,affine_fit,0.7595669120587755,0.5911188465180335,1.2849648028192298
0,1.44,hot-cold,0.5,paper,released,0.8171833469102895,0.7879263729679907,1.0371316089244387
0,1.44,hot-cold,0.5,paper,tail_linear,0.7948778257405591,0.6978659522160747,1.139012188825695
0,1.44,hot-cold,0.5,paper,block_split,0.8418094542839851,0.7951733825890855,1.0586489345795913
0,1.44,hot-cold,0.5,dpr,affine_fit,0.6060438552075889,0.6060438552075889,1.0
0,1.44,hot-cold,0.5,dpr,released,0.8081977811295459,0.8081977811295459,1.0
0,1.44,hot-cold,0.5,dpr,tail_linear,0.7156686051833647,0.7156686051833647,1.0
0,1.44,hot-cold,0.5,dpr,block_split,0.8103229914529915,0.8103229914529915,1.0
0,1.44,hot-cold,0.5,top,affine_fit,8.28466215349851,0.7139443278648657,11.604073077062976
0,1.44,hot-cold,0.5,top,released,8.239788520099367,0.9547500925925925,8.630309212879459
0,1.44,hot-cold,0.5,top,tail_linear,8.239788520099367,0.8443730307337733,9.758469562841038
0,1.44,hot-cold,0.5,top,block_split,8.239788520099367,0.9559910361487853,8.619106464944897
0,1.44,hot-cold,0.625,paper,affine_fit,0.9078383098599316,0.7386562274983918,1.2290403520112585
0,1.44,hot-cold,0.625,paper,released,1.0141578715486437,0.9883142274174628,1.026149217945301
0,1.44,hot-cold,0.625,paper,tail_linear,0.9706222120338508,0.8738495544992865,1.1107429271277878
0,1.44,hot-cold,0.625,paper,block_split,1.0350961727182197,0.9926123694435197,1.0427999938168384
0,1.44,hot-cold,0.625,dpr,affine_fit,0.7548045975559434,0.7548045975559434,1.0
0,1.44,hot-cold,0.625,dpr,released,1.0102472264119324,1.0102472264119324,1.0
0,1.44,hot-cold,0.625,dpr,tail_linear,0.8931114413163544,0.8931114413163544,1.0
0,1.44,hot-cold,0.625,dpr,block_split,1.0105830068184,1.0105830068184,1.0
0,1.44,hot-cold,0.625,top,affine_fit,8.279410494448479,0.8578116247412351,9.651781644887386
0,1.44,hot-cold,0.625,top,released,8.324669386893362,1.1501531745433218,7.237878893999265
0,1.44,hot-cold,0.625,top,tail_linear,8.317887537144244,1.0159789314676515,8.187066955343733
0,1.44,hot-cold,0.625,top,block_split,8.347774201694751,1.151611220870978,7.248778103587099
0,1.44,hot-cold,0.75,paper,affine_fit,1.1015812845593649,0.8734706502515881,1.261154320688478
0,1.44,hot-cold,0.75,paper,released,1.2204839826492437,1.1714215372046255,1.0418828268786116
0,1.44,hot-cold,0.75,paper,tail_linear,1.17247334299309,1.0346571247448082,1.133199892942576
0,1.44,hot-cold,0.75,paper,block_split,1.252230418300093,1.1807032472273382,1.060580142589362
0,1.44,hot-cold,0.75,dpr,affine_fit,0.903565339904298,0.903565339904298,1.0
0,1.44,hot-cold,0.75,dpr,released,1.2122966716943187,1.2122966716943187,1.0
0,1.44,hot-cold,0.75,dpr,tail_linear,1.070554277449344,1.070554277449344,1.0
0,1.44,hot-cold,0.75,dpr,block_split,1.2241487675518927,1.2241487675518927,1.0
0,1.44,hot-cold,0.75,top,affine_fit,7.559101257477374,0.9989875266080124,7.566762403073978
0,1.44,hot-cold,0.75,top,released,7.765850563602976,1.341900756661639,5.787201866494766
0,1.44,hot-cold,0.75,top,tail_linear,7.737821230624528,1.1843745177320182,6.533255414378411
0,1.44,hot-cold,0.75,top,block_split,7.778700242711432,1.3435069569934983,5.789847385769121
0,1.44,hot-cold,0.875,paper,affine_fit,1.2718544539888614,1.0112211402879758,1.2577411639423028
0,1.44,hot-cold,0.875,paper,released,1.4336656233472012,1.3585166649907827,1.0553169205008819
0,1.44,hot-cold,0.875,paper,tail_linear,1.367269406366075,1.198966856229797,1.140372979671442
0,1.44,hot-cold,0.875,paper,block_split,1.4754517693420177,1.3701066150651515,1.0768882896546388
0,1.44,hot-cold,0.875,dpr,affine_fit,1.0523260822526526,1.0523260822526526,1.0
0,1.44,hot-cold,0.875,dpr,released,1.414346116976705,1.414346116976705,1.0
0,1.44,hot-cold,0.875,dpr,tail_linear,1.2479971135823336,1.2479971135823336,1.0
0,1.44,hot-cold,0.875,dpr,block_split,1.4237962238094493,1.4237962238094493,1.0
0,1.44,hot-cold,0.875,top,affine_fit,5.573690151876676,1.1257277643324328,4.951188314327422
0,1.44,hot-cold,0.875,top,released,5.895657342797833,1.514041566951567,3.8939864475903323
0,1.44,hot-cold,0.875,top,tail_linear,5.840882198276831,1.335551144569006,4.373387138357576
0,1.44,hot-cold,0.875,top,block_split,5.952026342243059,1.5207079952592264,3.9139837238959547
0,2.48,random,0.125,paper,affine_fit,0.2472793701286894,0.2091666944339837,1.1822119711641503
0,2.48,random,0.125,paper,released,0.237980298224939,0.2471262446334761,0.9629907927338844
0,2.48,random,0.125,paper,tail_linear,0.237980298224939,0.23019763758708656,1.0338086034219538
0,2.48,random,0.125,paper,block_split,0.237980298224939,0.24813950018049413,0.9590585056060585
0,2.48,random,0.125,dpr,affine_fit,0.1707625139766953,0.1707625139766953,1.0
0,2.48,random,0.125,dpr,released,0.20716114589631157,0.20716114589631157,1.0
0,2.48,random,0.125,dpr,tail_linear,0.19079913840270418,0.19079913840270418,1.0
0,2.48,random,0.125,dpr,block_split,0.2085635845881467,0.2085635845881467,1.0
0,2.48,random,0.125,top,affine_fit,6.100239967814527,0.7175769459776682,8.501164930129143
0,2.48,random,0.125,top,released,5.444133286511966,0.9093902910566077,5.986575115274768
0,2.48,random,0.125,top,tail_linear,5.444133286511966,0.8243945765111935,6.603795611503573
0,2.48,random,0.125,top,block_split,5.444133286511966,0.9251121592815307,5.88483594328718
0,2.48,random,0.25,paper,affine_fit,0.4725569686290382,0.3963316172396266,1.1923272029627776
0,2.48,random,0.25,paper,released,0.4547987964608292,0.4812890452973812,0.9449597926747241
0,2.48,random,0.25,paper,tail_linear,0.4547987964608292,0.4447896271676486,1.0225031535850273
0,2.48,random,0.25,paper,block_split,0.4547987964608292,0.5001271678422797,0.9093663086190404
0,2.48,random,0.25,dpr,affine_fit,0.3305241421392204,0.3305241421392204,1.0
0,2.48,random,0.25,dpr,released,0.4040988905647729,0.4040988905647729,1.0
0,2.48,random,0.25,dpr,tail_linear,0.37257745422019783,0.37257745422019783,1.0
0,2.48,random,0.25,dpr,block_split,0.42007273547320007,0.42007273547320007,1.0
0,2.48,random,0.25,top,affine_fit,10.352331118848433,0.9128254203098836,11.340975928709403
0,2.48,random,0.25,top,released,9.563830097146713,1.165107492039551,8.208538836536858
0,2.48,random,0.25,top,tail_linear,9.563830097146713,1.0527010787212772,9.085038754556953
0,2.48,random,0.25,top,block_split,9.563830097146713,1.1814110177848685,8.095260627481519
0,2.48,random,0.375,paper,affine_fit,0.688301714956812,0.5739636878726949,1.1992077713276477
0,2.48,random,0.375,paper,released,0.6702178924212523,0.7198011488185018,0.9311153413986119
0,2.48,random,0.375,paper,tail_linear,0.6702178924212523,0.6557291463294004,1.022095626178821
0,2.48,random,0.375,paper,block_split,0.6702178924212523,0.7399210069939829,0.905796545963862
0,2.48,random,0.375,dpr,affine_fit,0.479284884487575,0.479284884487575,1.0
0,2.48,random,0.375,dpr,released,0.6061483358471594,0.6061483358471594,1.0
0,2.48,random,0.375,dpr,tail_linear,0.5500202903531874,0.5500202903531874,1.0
0,2.48,random,0.375,dpr,block_split,0.6211284422170781,0.6211284422170781,1.0
0,2.48,random,0.375,top,affine_fit,12.734271681473372,1.02196798733075,12.460538724636244
0,2.48,random,0.375,top,released,12.2339549060388,1.3432300293279704,9.107862867061984
0,2.48,random,0.375,top,tail_linear,12.2339549060388,1.197336426114653,10.217641958607977
0,2.48,random,0.375,top,block_split,12.2339549060388,1.3541128491825503,9.034664218291839
0,2.48,random,0.5,paper,affine_fit,0.89157754182882,0.73029990420483,1.2208375445421882
0,2.48,random,0.5,paper,released,0.8677477972821779,0.9266708357189171,0.9364142733692203
0,2.48,random,0.5,paper,tail_linear,0.8677477972821779,0.8395706085488834,1.0335614282424632
0,2.48,random,0.5,paper,block_split,0.8677477972821779,0.946791119380163,0.9165145083429462
0,2.48,random,0.5,dpr,affine_fit,0.6390465126501,0.6390465126501,1.0
0,2.48,random,0.5,dpr,released,0.8081977811295458,0.8081977811295458,1.0
0,2.48,random,0.5,dpr,tail_linear,0.7333603871375833,0.7333603871375833,1.0
0,2.48,random,0.5,dpr,block_split,0.8334447599801583,0.8334447599801583,1.0
0,2.48,random,0.5,top,affine_fit,13.994121891052933,1.094146308042534,12.789991419053369
0,2.48,random,0.5,top,released,13.963650369856166,1.4412638884699178,9.688475845100324
0,2.48,random,0.5,top,tail_linear,13.963650369856166,1.2834312232515477,10.879936623701218
0,2.48,random,0.5,top,block_split,13.963650369856166,1.4511238423582133,9.622645540137992
0,2.48,random,0.625,paper,affine_fit,1.1168551403291689,0.8775926129115891,1.27263507451798
0,2.48,random,0.625,paper,released,1.0885458257470657,1.1267263720018064,0.9661137369254019
0,2.48,random,0.625,paper,tail_linear,1.0885458257470657,1.0152623640621397,1.0721817968231517
0,2.48,random,0.625,paper,block_split,1.0885458257470657,1.1460739673617624,0.9498041633847375
0,2.48,random,0.625,dpr,affine_fit,0.7878072549984546,0.7878072549984546,1.0
0,2.48,random,0.625,dpr,released,1.0102472264119322,1.0102472264119322,1.0
0,2.48,random,0.625,dpr,tail_linear,0.910803223270573,0.910803223270573,1.0
0,2.48,random,0.625,dpr,block_split,1.0166259933645385,1.0166259933645385,1.0
0,2.48,random,0.625,top,affine_fit,13.449826827108554,1.1433348015337834,11.76368182711277
0,2.48,random,0.625,top,released,13.938964685764109,1.5230141574493046,9.152222661612445
0,2.48,random,0.625,top,tail_linear,13.938964685764109,1.349328268009213,10.330299169029887
0,2.48,random,0.625,top,block_split,13.938964685764109,1.5269917910227995,9.128382200684658
0,2.48,random,0.75,paper,affine_fit,1.310598115028602,0.998968793612419,1.3119510072875102
0,2.48,random,0.75,paper,released,1.3002658544319683,1.3119921216691806,0.9910622426434287
0,2.48,random,0.75,paper,tail_linear,1.2924606565109895,1.169902829738829,1.1047589796833985
0,2.48,random,0.75,paper,block_split,1.3181119808758737,1.3178896199469763,1.0001687250021032
0,2.48,random,0.75,dpr,affine_fit,0.9365679973468092,0.9365679973468092,1.0
0,2.48,random,0.75,dpr,released,1.2122966716943187,1.2122966716943187,1.0
0,2.48,random,0.75,dpr,tail_linear,1.0882460594035626,1.0882460594035626,1.0
0,2.48,random,0.75,dpr,block_split,1.2183107912304598,1.2183107912304598,1.0
0,2.48,random,0.75,top,affine_fit,10.99137763149853,1.1749068913258858,9.355105253570118
0,2.48,random,0.75,top,released,11.87887560405799,1.5808375184347245,7.514292560452341
0,2.48,random,0.75,top,tail_linear,11.87887560405799,1.3942123453300768,8.52013371122868
0,2.48,random,0.75,top,block_split,11.87887560405799,1.582927245447789,7.504372445555838
0,2.48,random,0.875,paper,affine_fit,1.480871284458099,1.107847955364093,1.336709859225594
0,2.48,random,0.875,paper,released,1.5034067563796147,1.4598737057985587,1.0298197374253297
0,2.48,random,0.875,paper,tail_linear,1.4851252483602555,1.29977464236906,1.142602109588292
0,2.48,random,0.875,paper,block_split,1.5431020619903328,1.4655492320199013,1.0529172465011933
0,2.48,random,0.875,dpr,affine_fit,1.0743278538809933,1.0743278538809933,1.0
0,2.48,random,0.875,dpr,released,1.414346116976705,1.414346116976705,1.0
0,2.48,random,0.875,dpr,tail_linear,1.2597916348851461,1.2597916348851461,1.0
0,2.48,random,0.875,dpr,block_split,1.4194928782756953,1.4194928782756953,1.0
0,2.48,random,0.875,top,affine_fit,6.904797335391291,1.1937466563930292,5.784139623271921
0,2.48,random,0.875,top,released,7.52863833831443,1.6064260172616054,4.686576448225188
0,2.48,random,0.875,top,tail_linear,7.52863833831443,1.416684546616656,5.314265872592752
0,2.48,random,0.875,top,block_split,7.52863833831443,1.6158230854779951,4.659320940502157
0,2.48,local,0.125,paper,affine_fit,0.2692811417570302,0.2507235149546725,1.0740162996107991
0,2.48,local,0.125,paper,released,0.2639802069363918,0.27046931517824324,0.9760079688242083
0,2.48,local,0.125,paper,tail_linear,0.2639802069363918,0.26155404466405857,1.0092759501213198
0,2.48,local,0.125,paper,block_split,0.2639802069363918,0.2735227794186027,0.9651123299401443
0,2.48,local,0.125,dpr,affine_fit,0.2037651714192065,0.1966415759914377,1.036226293406431
0,2.48,local,0.125,dpr,released,0.22600177088955453,0.1918195945806336,1.1781996066859168
0,2.48,local,0.125,dpr,tail_linear,0.2168032005989788,0.1918195945806336,1.1302453280279614
0,2.48,local,0.125,dpr,block_split,0.2290540973044602,0.1918195945806336,1.1941120916516932
0,2.48,local,0.125,top,affine_fit,1.5348723549338217,0.361550688397344,4.245248050107425
0,2.48,local,0.125,top,released,1.6087839329221267,0.4067360856189513,3.955350876905739
0,2.48,local,0.125,top,tail_linear,1.6087839329221267,0.38820596759173875,4.144150443905651
0,2.48,local,0.125,top,block_split,1.6087839329221267,0.4226620186627563,3.806312992144633
0,2.48,local,0.25,paper,affine_fit,0.5275613976998901,0.4549873974188742,1.1595077153625033
0,2.48,local,0.25,paper,released,0.5214762356114259,0.5076008211025996,1.0273352877536455
0,2.48,local,0.25,paper,tail_linear,0.5214762356114259,0.4846997922396389,1.0758746835888975
0,2.48,local,0.25,paper,block_split,0.5214762356114259,0.5175644583660016,1.0075580484366606
0,2.48,local,0.25,dpr,affine_fit,0.3635267995817315,0.3600826547557484,1.0095648728993052
0,2.48,local,0.25,dpr,released,0.41911086368520717,0.40419895447475296,1.0368924982248702
0,2.48,local,0.25,dpr,tail_linear,0.3949552215268002,0.3858307220340496,1.0236489708353118
0,2.48,local,0.25,dpr,block_split,0.43520819327748095,0.4195171857932746,1.0374025380021936
0,2.48,local,0.25,top,affine_fit,2.5086995333449544,0.5824616519640926,4.307063864008012
0,2.48,local,0.25,top,released,2.622674800968997,0.6704806825519101,3.911633652123816
0,2.48,local,0.25,top,tail_linear,2.622674800968997,0.6331602732334523,4.142197342191732
0,2.48,local,0.25,top,block_split,2.622674800968997,0.6833799925325212,3.8377986327192435
0,2.48,local,0.375,paper,affine_fit,0.7653079156560048,0.6269920057591591,1.2206023499922831
0,2.48,local,0.375,paper,released,0.7669652925761399,0.723486051475785,1.0600968615934818
0,2.48,local,0.375,paper,tail_linear,0.7655777018346326,0.6812281317687969,1.1238198573021692
0,2.48,local,0.375,paper,block_split,0.77516721079567,0.7502641363405976,1.0331924095113179
0,2.48,local,0.375,dpr,affine_fit,0.5122875419300861,0.4999977292633427,1.0245797369617062
0,2.48,local,0.375,dpr,released,0.6178531809407823,0.5532406982567043,1.1167890990082183
0,2.48,local,0.375,dpr,tail_linear,0.5721551925204741,0.5305015549802528,1.0785174654987992
0,2.48,local,0.375,dpr,block_split,0.6401276833353567,0.5617243937884528,1.1395760811064772
0,2.48,local,0.375,top,affine_fit,3.317513424543532,0.7537135104879864,4.401557592347829
0,2.48,local,0.375,top,released,3.3908161180053833,0.8702538205396321,3.896353038591415
0,2.48,local,0.375,top,tail_linear,3.3908161180053833,0.8229543211385006,4.1202968754261144
0,2.48,local,0.375,top,block_split,3.3908161180053833,0.906319630065711,3.741302743006392
0,2.48,local,0.5,paper,affine_fit,0.9355810850855016,0.7573929610897722,1.2352650911085101
0,2.48,local,0.5,paper,released,0.9392711114477734,0.8825241229035403,1.064300778949286
0,2.48,local,0.5,paper,tail_linear,0.9350389596861761,0.8310965410464246,1.1250665999751108
0,2.48,local,0.5,paper,block_split,0.9514709352436455,0.9249037319054778,1.028724290346882
0,2.48,local,0.5,dpr,affine_fit,0.6390465126501,0.6086509517370108,1.0499392317162148
0,2.48,local,0.5,dpr,released,0.810945076471845,0.7092101223277473,1.1434482545316562
0,2.48,local,0.5,dpr,tail_linear,0.7335290763519147,0.665576175135431,1.1020963546398828
0,2.48,local,0.5,dpr,block_split,0.8294174227090864,0.7323554066156163,1.1325340336354122
0,2.48,local,0.5,top,affine_fit,3.4882759385202267,0.8976182733555423,3.8861463074722153
0,2.48,local,0.5,top,released,3.6267981721915064,1.0891470355959896,3.3299435738783374
0,2.48,local,0.5,top,tail_linear,3.6267981721915064,1.0054117159741112,3.607276615707246
0,2.48,local,0.5,top,block_split,3.6267981721915064,1.1445355901917644,3.168794577706268
0,2.48,local,0.625,paper,affine_fit,1.1388569119575096,0.8807265199793962,1.2930880200861354
0,2.48,local,0.625,paper,released,1.1542497177823923,1.0593065858316197,1.089627623598919
0,2.48,local,0.625,paper,tail_linear,1.1455425858794337,0.981641975703836,1.1669657718722564
0,2.48,local,0.625,paper,block_split,1.1778171810068665,1.114258090672166,1.0570416233606696
0,2.48,local,0.625,dpr,affine_fit,0.7768063691842841,0.7400024966686308,1.0497347950599332
0,2.48,local,0.625,dpr,released,1.0102472264119324,0.8490840803921521,1.18980822952816
0,2.48,local,0.625,dpr,tail_linear,0.9049059626191669,0.803981599665074,1.1255306875134161
0,2.48,local,0.625,dpr,block_split,1.0341183444802737,0.8799168278666817,1.1752455592734221
0,2.48,local,0.625,top,affine_fit,3.4060180787710035,1.0077488959686027,3.3798281421060676
0,2.48,local,0.625,top,released,3.5116035228868117,1.2873690757897676,2.727736426892602
0,2.48,local,0.625,top,tail_linear,3.5116035228868117,1.161780550427174,3.022604847013176
0,2.48,local,0.625,top,block_split,3.5116035228868117,1.3012658828250507,2.698605695603971
0,2.48,local,0.75,paper,affine_fit,1.3436007724711132,0.9950165712436442,1.350330046053186
0,2.48,local,0.75,paper,released,1.370617132487603,1.2549561549895938,1.0921633612761303
0,2.48,local,0.75,paper,tail_linear,1.3538966640524397,1.1387859017849815,1.1888948238033896
0,2.48,local,0.75,paper,block_split,1.3881359405610592,1.262568521188934,1.0994539442927669
0,2.48,local,0.75,dpr,affine_fit,0.9255671115326388,0.9044784635141184,1.0233158100156259
0,2.48,local,0.75,dpr,released,1.2122966716943189,1.1139088689418466,1.0883266176396775
0,2.48,local,0.75,dpr,tail_linear,1.0823487987521565,1.0213623481113967,1.0597108859099125
0,2.48,local,0.75,dpr,block_split,1.2196819118343332,1.1485180262228616,1.0619614877491377
0,2.48,local,0.75,top,affine_fit,3.136745160180884,1.0963389920071307,2.8611088204007635
0,2.48,local,0.75,top,released,3.1836507305921797,1.4299678479472342,2.2263792400384492
0,2.48,local,0.75,top,tail_linear,3.180187535366501,1.2784891919993495,2.4874575047390146
0,2.48,local,0.75,top,block_split,3.197322181651989,1.4558949520529634,2.196121483314048
0,2.48,local,0.875,paper,affine_fit,1.5028730560864394,1.0826279781877752,1.3881712706170015
0,2.48,local,0.875,paper,released,1.545910633588517,1.3968489713489196,1.1067127980884366
0,2.48,local,0.875,paper,tail_linear,1.522599109131194,1.255436129905053,1.212804915249927
0,2.48,local,0.875,paper,block_split,1.5846116362855138,1.4312099412565527,1.1071832235138612
0,2.48,local,0.875,dpr,affine_fit,1.063326968066823,1.0481198211124818,1.014508977550105
0,2.48,local,0.875,dpr,released,1.4143461169767053,1.3422015732759416,1.0537509008610972
0,2.48,local,0.875,dpr,tail_linear,1.2538943742337398,1.209935267469844,1.036331783977023
0,2.48,local,0.875,dpr,block_split,1.423461621682411,1.3668703929130548,1.0414020444533514
0,2.48,local,0.875,top,affine_fit,2.43843769483812,1.158730421774944,2.1044046561778535
0,2.48,local,0.875,top,released,2.5444479809960012,1.5237034910403626,1.669910186567
0,2.48,local,0.875,top,tail_linear,2.5236572463857496,1.3581003176695512,1.8582259451321315
0,2.48,local,0.875,top,block_split,2.577326270744873,1.5444882823751,1.6687250399734235
0,2.48,hot-cold,0.125,paper,affine_fit,0.2142767126861783,0.1732186032104847,1.2370306001475042
0,2.48,hot-cold,0.125,paper,released,0.21166739621634303,0.22032694444444445,0.9606968260285345
0,2.48,hot-cold,0.125,paper,tail_linear,0.21125111899389085,0.19939166913195247,1.0594781613172117
0,2.48,hot-cold,0.125,paper,block_split,0.22316741362297474,0.22330760964367954,0.9993721843114594
0,2.48,hot-cold,0.125,dpr,affine_fit,0.159761628162525,0.1577948834759341,1.0124639319302826
0,2.48,hot-cold,0.125,dpr,released,0.20204944528238647,0.1924804036795719,1.0497143679038852
0,2.48,hot-cold,0.125,dpr,tail_linear,0.18334009678439583,0.17737300948141074,1.0336414616881744
0,2.48,hot-cold,0.125,dpr,block_split,0.21127728705599427,0.1953691902220406,1.0814258216245551
0,2.48,hot-cold,0.125,top,affine_fit,4.538114182202333,0.2857678490661477,15.880422507403482
0,2.48,hot-cold,0.125,top,released,4.296881974590837,0.37319330107256576,11.51382396801203
0,2.48,hot-cold,0.125,top,tail_linear,4.296881974590837,0.333641183311517,12.87875175343353
0,2.48,hot-cold,0.125,top,block_split,4.296881974590837,0.3747823889763784,11.465005029523036
0,2.48,hot-cold,0.25,paper,affine_fit,0.4285534253723566,0.3033842527652949,1.4125763663280686
0,2.48,hot-cold,0.25,paper,released,0.42920357181359636,0.3971202090665326,1.0807900530231858
0,2.48,hot-cold,0.25,paper,tail_linear,0.427156875469873,0.3546541507483184,1.2044321899759929
0,2.48,hot-cold,0.25,paper,block_split,0.4485053816182754,0.4060108040602058,1.1046636619841483
0,2.48,hot-cold,0.25,dpr,affine_fit,0.3085223705108796,0.3085223705108796,1.0
0,2.48,hot-cold,0.25,dpr,released,0.40409889056477294,0.40409889056477294,1.0
0,2.48,hot-cold,0.25,dpr,tail_linear,0.3607829329173855,0.3607829329173855,1.0
0,2.48,hot-cold,0.25,dpr,block_split,0.409084184669224,0.409084184669224,1.0
0,2.48,hot-cold,0.25,top,affine_fit,6.469018426446289,0.4416240873488811,14.648246351960854
0,2.48,hot-cold,0.25,top,released,6.380006546117321,0.5848799731858555,10.908232182006968
0,2.48,hot-cold,0.25,top,tail_linear,6.380006546117321,0.5195475757732183,12.279927466935547
0,2.48,hot-cold,0.25,top,block_split,6.380006546117321,0.595631942665107,10.711323703645741
0,2.48,hot-cold,0.375,paper,affine_fit,0.6332972858859602,0.4457835160000686,1.4206386354713547
0,2.48,hot-cold,0.375,paper,released,0.6419174094956095,0.5905293820177644,1.087020272051932
0,2.48,hot-cold,0.375,paper,tail_linear,0.6372689805115599,0.5245089708624631,1.214982042087255
0,2.48,hot-cold,0.375,paper,block_split,0.6656525400409937,0.5995043173030938,1.1103381924511764
0,2.48,hot-cold,0.375,dpr,affine_fit,0.4572831128592342,0.4572831128592342,1.0
0,2.48,hot-cold,0.375,dpr,released,0.6061483358471593,0.6061483358471593,1.0
0,2.48,hot-cold,0.375,dpr,tail_linear,0.5382257690503751,0.5382257690503751,1.0
0,2.48,hot-cold,0.375,dpr,block_split,0.6085976309921962,0.6085976309921962,1.0
0,2.48,hot-cold,0.375,top,affine_fit,7.420843833229081,0.5894061406028386,12.59037414445516
0,2.48,hot-cold,0.375,top,released,7.398903842614442,0.7856001458019105,9.418154874528344
0,2.48,hot-cold,0.375,top,tail_linear,7.398903842614442,0.6958230248263857,10.633312751414826
0,2.48,hot-cold,0.375,top,block_split,7.398903842614442,0.7943879914529914,9.313967383974834
0,2.48,hot-cold,0.5,paper,affine_fit,0.8145713411296274,0.5744811319132833,1.4179253170887172
0,2.48,hot-cold,0.5,paper,released,0.8396461989784183,0.7653287376403552,1.0971052799705352
0,2.48,hot-cold,0.5,paper,tail_linear,0.8305227898530075,0.6780203718590956,1.2249230617890705
0,2.48,hot-cold,0.5,paper,block_split,0.8741894640050755,0.7662593346286249,1.1408532653357626
0,2.48,hot-cold,0.5,dpr,affine_fit,0.6060438552075889,0.6060438552075889,1.0
0,2.48,hot-cold,0.5,dpr,released,0.8081977811295459,0.8081977811295459,1.0
0,2.48,hot-cold,0.5,dpr,tail_linear,0.7156686051833647,0.7156686051833647,1.0
0,2.48,hot-cold,0.5,dpr,block_split,0.8103229914529915,0.8103229914529915,1.0
0,2.48,hot-cold,0.5,top,affine_fit,7.690614319533309,0.7296033533752189,10.540815477280566
0,2.48,hot-cold,0.5,top,released,7.761157179179595,0.9760184552538964,7.951854944341854
0,2.48,hot-cold,0.5,top,tail_linear,7.761157179179595,0.8630512240109302,8.992695871643075
0,2.48,hot-cold,0.5,top,block_split,7.761157179179595,0.9855975231620046,7.874570498391845
0,2.48,hot-cold,0.625,paper,affine_fit,1.006846282187465,0.6992639914489097,1.4398657652902012
0,2.48,hot-cold,0.625,paper,released,1.0467666773219981,0.9348110025976203,1.119762897968979
0,2.48,hot-cold,0.625,paper,tail_linear,1.0308093837946637,0.8268622245364389,1.2466519248385826
0,2.48,hot-cold,0.625,paper,block_split,1.0994615536170098,0.9410604770529548,1.1683218883658861
0,2.48,hot-cold,0.625,dpr,affine_fit,0.7548045975559434,0.7548045975559434,1.0
0,2.48,hot-cold,0.625,dpr,released,1.0102472264119324,1.0102472264119324,1.0
0,2.48,hot-cold,0.625,dpr,tail_linear,0.8931114413163544,0.8931114413163544,1.0
0,2.48,hot-cold,0.625,dpr,block_split,1.0105830068184,1.0105830068184,1.0
0,2.48,hot-cold,0.625,top,affine_fit,8.01538923490839,0.8761620452611801,9.148295430349345
0,2.48,hot-cold,0.625,top,released,8.0361003177172,1.175077037037037,6.838785938648133
0,2.48,hot-cold,0.625,top,tail_linear,8.02621373368396,1.0378674392143197,7.733370785540702
0,2.48,hot-cold,0.625,top,block_split,8.03766360832312,1.1817434653446963,6.80152998009484
0,2.48,hot-cold,0.75,paper,affine_fit,1.167586599444387,0.8233128341637383,1.4181566847920415
0,2.48,hot-cold,0.75,paper,released,1.25495504862809,1.1032963130551365,1.1374596595478466
0,2.48,hot-cold,0.75,paper,tail_linear,1.2222079071285168,0.9748285369039155,1.2537670583693472
0,2.48,hot-cold,0.75,paper,block_split,1.33092569231089,1.1044732041719993,1.2050321250741953
0,2.48,hot-cold,0.75,dpr,affine_fit,0.903565339904298,0.903565339904298,1.0
0,2.48,hot-cold,0.75,dpr,released,1.2122966716943187,1.2122966716943187,1.0
0,2.48,hot-cold,0.75,dpr,tail_linear,1.070554277449344,1.070554277449344,1.0
0,2.48,hot-cold,0.75,dpr,block_split,1.2241487675518927,1.2241487675518927,1.0
0,2.48,hot-cold,0.75,top,affine_fit,7.251076454680604,1.0246781153359354,7.076443173867704
0,2.48,hot-cold,0.75,top,released,7.3777106249767685,1.3767941641528407,5.358615555663958
0,2.48,hot-cold,0.75,top,tail_linear,7.357844950860855,1.2150184285773535,6.05574761485391
0,2.48,hot-cold,0.75,top,block_split,7.394123117336032,1.3818948007377843,5.350713464866037
0,2.48,hot-cold,0.875,paper,affine_fit,1.3488606546880542,0.930968634547416,1.4488787319282712
0,2.48,hot-cold,0.875,paper,released,1.4550141804557994,1.2495163063516006,1.1644619386394577
0,2.48,hot-cold,0.875,paper,tail_linear,1.4126232833027503,1.1032411156843684,1.2804302370714893
0,2.48,hot-cold,0.875,paper,block_split,1.536176762149787,1.2504844433929672,1.2284653121966433
0,2.48,hot-cold,0.875,dpr,affine_fit,1.0523260822526526,1.0523260822526526,1.0
0,2.48,hot-cold,0.875,dpr,released,1.414346116976705,1.414346116976705,1.0
0,2.48,hot-cold,0.875,dpr,tail_linear,1.2479971135823336,1.2479971135823336,1.0
0,2.48,hot-cold,0.875,dpr,block_split,1.4237962238094493,1.4237962238094493,1.0
0,2.48,hot-cold,0.875,top,affine_fit,5.342671549779098,1.143099495757981,4.6738464758366565
0,2.48,hot-cold,0.875,top,released,5.658033413838014,1.537636156778951,3.6796958688136567
0,2.48,hot-cold,0.875,top,tail_linear,5.609959176272874,1.3562722652358519,4.136307524726474
0,2.48,hot-cold,0.875,top,block_split,5.676597338839769,1.539084519521822,3.688294740696522
0,3.3,random,0.125,paper,affine_fit,0.2582802559428598,0.2292204543713269,1.1267766511118475
0,3.3,random,0.125,paper,released,0.2545671499999265,0.252369710689196,1.0087072228467098
0,3.3,random,0.125,paper,tail_linear,0.2545671499999265,0.24395744181880774,1.043489996050208
0,3.3,random,0.125,paper,block_split,0.2545671499999265,0.2659607193447399,0.9571607063897095
0,3.3,random,0.125,dpr,affine_fit,0.1707625139766953,0.1705084752052994,1.001489889409251
0,3.3,random,0.125,dpr,released,0.20204944528238644,0.18756766820553586,1.077208280165756
0,3.3,random,0.125,dpr,tail_linear,0.189237357435802,0.1811500610260644,1.0446441826402364
0,3.3,random,0.125,dpr,block_split,0.20792405565414954,0.19521430250406785,1.0651066698856086
0,3.3,random,0.125,top,affine_fit,5.935226680601971,0.7344499663582209,8.081185856719234
0,3.3,random,0.125,top,released,5.331304260359137,0.9078932311044076,5.872170953267123
0,3.3,random,0.125,top,tail_linear,5.331304260359137,0.8327089394270683,6.402362227583691
0,3.3,random,0.125,top,block_split,5.331304260359137,0.9422834121804271,5.657856427741409
0,3.3,random,0.25,paper,affine_fit,0.4725569686290382,0.4051304525914035,1.1664316163012265
0,3.3,random,0.25,paper,released,0.4596559605643336,0.4755472963800905,0.9665830592735503
0,3.3,random,0.25,paper,tail_linear,0.4596559605643336,0.44711903106345885,1.028039355585147
0,3.3,random,0.25,paper,block_split,0.4596559605643336,0.5080660854275869,0.9047168739426654
0,3.3,random,0.25,dpr,affine_fit,0.3415250279533907,0.3407816446347962,1.0021814065701546
0,3.3,random,0.25,dpr,released,0.40409889056477294,0.38895581963330716,1.0389326246506405
0,3.3,random,0.25,dpr,tail_linear,0.37847471487160406,0.3696047104173694,1.0239986239466978
0,3.3,random,0.25,dpr,block_split,0.4155991925567324,0.4139462651842427,1.0039930964753456
0,3.3,random,0.25,top,affine_fit,10.231321374892556,0.93850664254001,10.901703739892685
0,3.3,random,0.25,top,released,9.48343294082283,1.1850465820345233,8.002582417090634
0,3.3,random,0.25,top,tail_linear,9.48343294082283,1.0761091455700178,8.812705458236238
0,3.3,random,0.25,top,block_split,9.48343294082283,1.1993508500931966,7.907138215715536
0,3.3,random,0.375,paper,affine_fit,0.6993026007709824,0.5817838341300747,1.2019973050929307
0,3.3,random,0.375,paper,released,0.6801929235067654,0.7177053305839053,0.947732857095236
0,3.3,random,0.375,paper,tail_linear,0.6801929235067654,0.6582875387069431,1.0332763169766976
0,3.3,random,0.375,paper,block_split,0.6801929235067654,0.7352334600801577,0.9251386946298777
0,3.3,random,0.375,dpr,affine_fit,0.4902857703017453,0.4902857703017453,1.0
0,3.3,random,0.375,dpr,released,0.6061483358471594,0.6061483358471594,1.0
0,3.3,random,0.375,dpr,tail_linear,0.5559175510045937,0.5559175510045937,1.0
0,3.3,random,0.375,dpr,block_split,0.6292476257532109,0.6292476257532109,1.0
0,3.3,random,0.375,top,affine_fit,12.71226990984503,1.0427463975910949,12.191142486046786
0,3.3,random,0.375,top,released,12.285819975495071,1.3415684384950561,9.15780337623107
0,3.3,random,0.375,top,tail_linear,12.285819975495071,1.2076717135676875,10.173145431385874
0,3.3,random,0.375,top,block_split,12.285819975495071,1.354335853582371,9.071472148505626
0,3.3,random,0.5,paper,affine_fit,0.9245801992713312,0.7476529026347847,1.2366436297017527
0,3.3,random,0.5,paper,released,0.8981337922697966,0.9195934647295076,0.9766639571911016
0,3.3,random,0.5,paper,tail_linear,0.8981337922697966,0.8452995437779689,1.0625035809858492
0,3.3,random,0.5,paper,block_split,0.8981337922697966,0.9556244322106637,0.9398397131728069
0,3.3,random,0.5,dpr,affine_fit,0.6280456268359296,0.6260695156515421,1.003156376624297
0,3.3,random,0.5,dpr,released,0.8081977811295458,0.7782663186024924,1.0384591518502309
0,3.3,random,0.5,dpr,tail_linear,0.7274631264861772,0.7114422611427348,1.0225188553147087
0,3.3,random,0.5,dpr,block_split,0.8209814701486686,0.7936632830662259,1.0344203740620355
0,3.3,random,0.5,top,affine_fit,13.763103288955357,1.1061446159466948,12.442408606017752
0,3.3,random,0.5,top,released,13.832119953253248,1.472501796128708,9.39361839124318
0,3.3,random,0.5,top,tail_linear,13.832119953253248,1.3049675589759655,10.59958913009883
0,3.3,random,0.5,top,block_split,13.832119953253248,1.4761758841737858,9.370238398790177
0,3.3,random,0.625,paper,affine_fit,1.1498577977716795,0.8878594819049617,1.2950898438394587
0,3.3,random,0.625,paper,released,1.1168542157960544,1.1252142713031925,0.9925702546436282
0,3.3,random,0.625,paper,tail_linear,1.1168542157960544,1.0199712951879505,1.0949859285895407
0,3.3,random,0.625,paper,block_split,1.1168542157960544,1.1488254418817916,0.9721705100529738
0,3.3,random,0.625,dpr,affine_fit,0.7768063691842841,0.7726188410397067,1.0054199146100842
0,3.3,random,0.625,dpr,released,1.0102472264119324,0.9597348650913358,1.0526315789473684
0,3.3,random,0.625,dpr,tail_linear,0.9049059626191669,0.878237035540138,1.0303664341172163
0,3.3,random,0.625,dpr,block_split,1.0319862049332689,0.992711545724206,1.0395630124160702
0,3.3,random,0.625,top,affine_fit,13.07579670942676,1.1455462184939735,11.414464557019135
0,3.3,random,0.625,top,released,13.607219733716253,1.5409593384447797,8.830356125716724
0,3.3,random,0.625,top,tail_linear,13.607219733716253,1.3591907329354076,10.011265824575707
0,3.3,random,0.625,top,block_split,13.607219733716253,1.5418258021808773,8.825393708205656
0,3.3,random,0.75,paper,affine_fit,1.3436007724711132,1.0097156406551937,1.3306724372411078
0,3.3,random,0.75,paper,released,1.3191199968917284,1.2967054860063685,1.0172857376846556
0,3.3,random,0.75,paper,tail_linear,1.3178017856872966,1.1682723996236848,1.127991884522631
0,3.3,random,0.75,paper,block_split,1.3414177088656287,1.3304555529668254,1.0082394003124406
0,3.3,random,0.75,dpr,affine_fit,0.9255671115326388,0.9226029447560576,1.003212830387578
0,3.3,random,0.75,dpr,released,1.2122966716943189,1.1634459012066365,1.0419880034275921
0,3.3,random,0.75,dpr,tail_linear,1.0823487987521565,1.0571391055229056,1.023847091738018
0,3.3,random,0.75,dpr,block_split,1.2352450957624481,1.1829943204040603,1.0441682385597093
0,3.3,random,0.75,top,affine_fit,10.848366115914317,1.1739282022314883,9.241081435212948
0,3.3,random,0.75,top,released,11.687108080538115,1.5795082457683929,7.3992067542848545
0,3.3,random,0.75,top,tail_linear,11.687108080538115,1.3930449582502544,8.389612992259634
0,3.3,random,0.75,top,block_split,11.687108080538115,1.581645690397545,7.389207425842998
0,3.3,random,0.875,paper,affine_fit,1.5468765993431208,1.1139741287018714,1.3886108837605737
0,3.3,random,0.875,paper,released,1.5350159131265182,1.48313597745936,1.034979891564649
0,3.3,random,0.875,paper,tail_linear,1.5317897646525138,1.314306655614544,1.165473642021754
0,3.3,random,0.875,paper,block_split,1.603519400065159,1.4858313524613727,1.0792068678648008
0,3.3,random,0.875,dpr,affine_fit,1.0743278538809933,1.073829142835998,1.0004644230865984
0,3.3,random,0.875,dpr,released,1.4143461169767053,1.3987271631473102,1.0111665478736043
0,3.3,random,0.875,dpr,tail_linear,1.2597916348851461,1.2519720973486401,1.0062457762062476
0,3.3,random,0.875,dpr,block_split,1.4309864464883948,1.4205038190236816,1.0073795137502115
0,3.3,random,0.875,top,affine_fit,6.695780504922055,1.1915446059306358,5.6194123758316445
0,3.3,random,0.875,top,released,7.330819401823583,1.6034351537623595,4.57194628957852
0,3.3,random,0.875,top,tail_linear,7.330819401823583,1.4140579256870558,5.1842426456905715
0,3.3,random,0.875,top,block_split,7.330819401823583,1.614822104884908,4.539707116745263
0,3.3,local,0.125,paper,affine_fit,0.3352864566420525,0.2925062747533672,1.1462538946378373
0,3.3,local,0.125,paper,released,0.33579023873748615,0.2960828797243531,1.1341089327761866
0,3.3,local,0.125,paper,tail_linear,0.33579023873748615,0.2960828797243531,1.1341089327761866
0,3.3,local,0.125,paper,block_split,0.33579023873748615,0.2960828797243531,1.1341089327761866
0,3.3,local,0.125,dpr,affine_fit,0.2147660572333768,0.2059297558904132,1.0429092983903983
0,3.3,local,0.125,dpr,released,0.22279206196199958,0.2060763382409189,1.081114231084302
0,3.3,local,0.125,dpr,tail_linear,0.21950231557900926,0.2060763382409189,1.065150504190318
0,3.3,local,0.125,dpr,block_split,0.22588848572143994,0.2060763382409189,1.0961398462804552
0,3.3,local,0.125,top,affine_fit,1.7328882995888883,0.3967272968088585,4.36795832685994
0,3.3,local,0.125,top,released,1.7708358893210772,0.40457728467722043,4.377002754205255
0,3.3,local,0.125,top,tail_linear,1.7708358893210772,0.40151880341781465,4.410343610927658
0,3.3,local,0.125,top,block_split,1.7708358893210772,0.4194908932644412,4.221392925935979
0,3.3,local,0.25,paper,affine_fit,0.6045675983990826,0.4875100768119834,1.2401130297707559
0,3.3,local,0.25,paper,released,0.5941868337510889,0.5184720964013992,1.1460343533918393
0,3.3,local,0.25,paper,tail_linear,0.5941868337510889,0.5053940536626925,1.1756901954918093
0,3.3,local,0.25,paper,block_split,0.5941868337510889,0.5446416150770025,1.0909684778073405
0,3.3,local,0.25,dpr,affine_fit,0.3745276853959018,0.3473034975418065,1.0783873126725947
0,3.3,local,0.25,dpr,released,0.42150398487293844,0.3477762289889208,1.211997686266149
0,3.3,local,0.25,dpr,tail_linear,0.4019620819300434,0.3470361805934502,1.1582713976469745
0,3.3,local,0.25,dpr,block_split,0.4346147041108175,0.35793358109215523,1.214232827176167
0,3.3,local,0.25,top,affine_fit,2.4316933326457617,0.613017586670611,3.9667594951927025
0,3.3,local,0.25,top,released,2.5510379514019426,0.6571497041555385,3.8819738261620613
0,3.3,local,0.25,top,tail_linear,2.5510379514019426,0.638423010773279,3.9958427380492463
0,3.3,local,0.25,top,block_split,2.5510379514019426,0.6926532624927737,3.6829942043744537
0,3.3,local,0.375,paper,affine_fit,0.8533150021693676,0.6470270327009091,1.3188243443358818
0,3.3,local,0.375,paper,released,0.8366270830712946,0.6938692333603687,1.2057417202655867
0,3.3,local,0.375,paper,tail_linear,0.8362108058488424,0.6744024915826387,1.2399284051968489
0,3.3,local,0.375,paper,block_split,0.8481271004779263,0.7395301438008384,1.146845882601824
0,3.3,local,0.375,dpr,affine_fit,0.5452901993725973,0.5227428842102779,1.0431327060460749
0,3.3,local,0.375,dpr,released,0.6288571073760759,0.5534726632770428,1.1362026511891141
0,3.3,local,0.375,dpr,tail_linear,0.5916985836441272,0.5403425858855296,1.0950434022786373
0,3.3,local,0.375,dpr,block_split,0.6421159260888151,0.5898711452882442,1.0885698193883362
0,3.3,local,0.375,top,affine_fit,2.9984877359325903,0.7681585411281399,3.903475097118525
0,3.3,local,0.375,top,released,3.1124050330161928,0.8849270810223918,3.517131636903129
0,3.3,local,0.375,top,tail_linear,3.1124050330161928,0.8369164413662379,3.7188957931514603
0,3.3,local,0.375,top,block_split,3.1124050330161928,0.9325509383757916,3.337517453402617
0,3.3,local,0.5,paper,affine_fit,1.0895934864838868,0.7847962557328901,1.388377529230639
0,3.3,local,0.5,paper,released,1.0677808245096558,0.9055127946691413,1.1792001513350283
0,3.3,local,0.5,paper,tail_linear,1.0673645472872035,0.8574501203601808,1.2448124059261267
0,3.3,local,0.5,paper,block_split,1.0792808419162874,0.969218061233781,1.1135583261236386
0,3.3,local,0.5,dpr,affine_fit,0.6830500559067815,0.6553458900032842,1.0422741125352268
0,3.3,local,0.5,dpr,released,0.8199905290389587,0.7051605497109178,1.1628423192067618
0,3.3,local,0.5,dpr,tail_linear,0.7593470320069984,0.6845606088276235,1.1092473364885163
0,3.3,local,0.5,dpr,block_split,0.83294283220699,0.7480264934727336,1.1135204962327334
0,3.3,local,0.5,top,affine_fit,3.4662741668918864,0.9049209755723338,3.8304716770429352
0,3.3,local,0.5,top,released,3.5859791326339563,1.0550128031075456,3.398991104251471
0,3.3,local,0.5,top,tail_linear,3.5859791326339563,0.9933806476722612,3.6098741615681766
0,3.3,local,0.5,top,block_split,3.5859791326339563,1.1226496754140287,3.1942102787420854
0,3.3,local,0.625,paper,affine_fit,1.2818684275417245,0.8900053333805751,1.4402929729338878
0,3.3,local,0.625,paper,released,1.2529444730467276,1.0422863637422257,1.2021115469151442
0,3.3,local,0.625,paper,tail_linear,1.2525281958242753,0.9795210092013769,1.2787149883038105
0,3.3,local,0.625,paper,block_split,1.2644444904533594,1.107405481534149,1.1418080473122236
0,3.3,local,0.625,dpr,affine_fit,0.798808140812625,0.7390144410764371,1.0809100558970042
0,3.3,local,0.625,dpr,released,1.0116994161477872,0.816115650272164,1.2396520221250487
0,3.3,local,0.625,dpr,tail_linear,0.9161406670826484,0.7873578321544245,1.163563286816922
0,3.3,local,0.625,dpr,block_split,1.040915448838172,0.8773905924093244,1.1863763503319618
0,3.3,local,0.625,top,affine_fit,3.4610225078418555,1.018975721060779,3.396570140296223
0,3.3,local,0.625,top,released,3.5394621162714266,1.25538827794809,2.81941625427363
0,3.3,local,0.625,top,tail_linear,3.5394621162714266,1.1522960674821845,3.0716603277188135
0,3.3,local,0.625,top,block_split,3.5394621162714266,1.300368738421769,2.721891115720914
0,3.3,local,0.75,paper,affine_fit,1.486612288055328,0.9753865903689228,1.5241262313161832
0,3.3,local,0.75,paper,released,1.4681709011513038,1.1466554838255707,1.2803940868560326
0,3.3,local,0.75,paper,tail_linear,1.4619961223515963,1.0730553582447855,1.3624610427769615
0,3.3,local,0.75,paper,block_split,1.4746331196696056,1.2029565055860472,1.2258407621738618
0,3.3,local,0.75,dpr,affine_fit,0.9365679973468092,0.8865799215501854,1.056383045207272
0,3.3,local,0.75,dpr,released,1.2122966716943187,1.0399315574961343,1.1657465945289627
0,3.3,local,0.75,dpr,tail_linear,1.0882460594035626,0.9771662029552856,1.1136754997382567
0,3.3,local,0.75,dpr,block_split,1.2347582285433067,1.1050506752880578,1.1173770182271845
0,3.3,local,0.75,top,affine_fit,3.125744274366714,1.107565817099307,2.822174742222522
0,3.3,local,0.75,top,released,3.2136727634669584,1.3997241176470587,2.2959329791853227
0,3.3,local,0.75,top,tail_linear,3.2102616028940862,1.2705394196127255,2.5266918549230133
0,3.3,local,0.75,top,block_split,3.215589982207545,1.4412617122535187,2.231093738818423
0,3.3,local,0.875,paper,affine_fit,1.6568854574848246,1.0640141523986375,1.5572024617808518
0,3.3,local,0.875,paper,released,1.6672419124534663,1.346443455591797,1.2382561670372336
0,3.3,local,0.875,paper,tail_linear,1.6527068994361769,1.2204675611471996,1.3541588093358963
0,3.3,local,0.875,paper,block_split,1.6914857451540297,1.3854630556473637,1.2208811619041517
0,3.3,local,0.875,dpr,affine_fit,1.063326968066823,0.991798365695667,1.0721201050991693
0,3.3,local,0.875,dpr,released,1.417959315198092,1.1900033870312012,1.1915590582776332
0,3.3,local,0.875,dpr,tail_linear,1.2544433095676313,1.1051522131880274,1.1350864565062442
0,3.3,local,0.875,dpr,block_split,1.419559528067857,1.2472441777354275,1.1381568688861676
0,3.3,local,0.875,top,affine_fit,2.6364536394931863,1.1660799564807187,2.260954426701683
0,3.3,local,0.875,top,released,2.7241768549117626,1.5389654294452824,1.7701351848388744
0,3.3,local,0.875,top,tail_linear,2.7088497588461964,1.3692341736184868,1.9783685004643845
0,3.3,local,0.875,top,block_split,2.7579306319283945,1.5477328015084553,1.781916509904328
0,3.3,hot-cold,0.125,paper,affine_fit,0.2252775985003487,0.1631870399929147,1.3804870687655704
0,3.3,hot-cold,0.125,paper,released,0.21659135536780313,0.20670189961454669,1.0478440487082996
0,3.3,hot-cold,0.125,paper,tail_linear,0.21659135536780313,0.1874259515637739,1.1556102746748247
0,3.3,hot-cold,0.125,paper,block_split,0.21659135536780313,0.2137329303789738,1.013373816490332
0,3.3,hot-cold,0.125,dpr,affine_fit,0.159761628162525,0.159761628162525,1.0
0,3.3,hot-cold,0.125,dpr,released,0.20204944528238647,0.20204944528238647,1.0
0,3.3,hot-cold,0.125,dpr,tail_linear,0.18334009678439583,0.18334009678439583,1.0
0,3.3,hot-cold,0.125,dpr,block_split,0.21127728705599427,0.21127728705599427,1.0
0,3.3,hot-cold,0.125,top,affine_fit,4.406103552432289,0.2940867063685228,14.982328194430385
0,3.3,hot-cold,0.125,top,released,4.171050841046003,0.38449211873638345,10.848208943148117
0,3.3,hot-cold,0.125,top,tail_linear,4.171050841046003,0.34356397349000656,12.140536153064746
0,3.3,hot-cold,0.125,top,block_split,4.171050841046003,0.3843656332758333,10.85177882709592
0,3.3,hot-cold,0.25,paper,affine_fit,0.4615560828148677,0.3139051605300634,1.47036793544738
0,3.3,hot-cold,0.25,paper,released,0.45151051088921457,0.4114098902295961,1.0974712120732912
0,3.3,hot-cold,0.25,paper,tail_linear,0.45151051088921457,0.3672035618564081,1.2295918607286658
0,3.3,hot-cold,0.25,paper,block_split,0.45151051088921457,0.41461200977741414,1.0889952539763852
0,3.3,hot-cold,0.25,dpr,affine_fit,0.3085223705108796,0.3085223705108796,1.0
0,3.3,hot-cold,0.25,dpr,released,0.40409889056477294,0.40409889056477294,1.0
0,3.3,hot-cold,0.25,dpr,tail_linear,0.3607829329173855,0.3607829329173855,1.0
0,3.3,hot-cold,0.25,dpr,block_split,0.409084184669224,0.409084184669224,1.0
0,3.3,hot-cold,0.25,top,affine_fit,6.425014883189608,0.4658466424352085,13.792124484579107
0,3.3,hot-cold,0.25,top,released,6.250758005453856,0.6177794716775599,10.1181057189876
0,3.3,hot-cold,0.25,top,tail_linear,6.250758005453856,0.5484404059988203,11.397333123313496
0,3.3,hot-cold,0.25,top,block_split,6.250758005453856,0.6196034951681484,10.088319472370829
0,3.3,hot-cold,0.375,paper,affine_fit,0.6332972858859602,0.4526343396608481,1.3991366328071355
0,3.3,hot-cold,0.375,paper,released,0.6537270019334996,0.5998342906820848,1.089845999284456
0,3.3,hot-cold,0.375,paper,tail_linear,0.6405795796577176,0.5326806804212192,1.202558311578293
0,3.3,hot-cold,0.375,paper,block_split,0.6740221581530893,0.6043896471039122,1.1152112902377451
0,3.3,hot-cold,0.375,dpr,affine_fit,0.4572831128592342,0.4572831128592342,1.0
0,3.3,hot-cold,0.375,dpr,released,0.6061483358471593,0.6061483358471593,1.0
0,3.3,hot-cold,0.375,dpr,tail_linear,0.5382257690503751,0.5382257690503751,1.0
0,3.3,hot-cold,0.375,dpr,block_split,0.6085976309921962,0.6085976309921962,1.0
0,3.3,hot-cold,0.375,top,affine_fit,7.530852691370784,0.6114266452267727,12.316853951593258
0,3.3,hot-cold,0.375,top,released,7.465221206497119,0.815508780794369,9.1540660043236
0,3.3,hot-cold,0.375,top,tail_linear,7.465221206497119,0.7220892341223875,10.33836381118491
0,3.3,hot-cold,0.375,top,block_split,7.465221206497119,0.8166979711652604,9.140736808548429
0,3.3,hot-cold,0.5,paper,affine_fit,0.8695757702004792,0.6004163929148056,1.4482878556646357
0,3.3,hot-cold,0.5,paper,released,0.8835648037263305,0.8005544632981397,1.1036910594267417
0,3.3,hot-cold,0.5,paper,tail_linear,0.87024393260786,0.7089561294743866,1.2275004001348444
0,3.3,hot-cold,0.5,paper,block_split,0.9170928201190625,0.802999087987762,1.142084510229281
0,3.3,hot-cold,0.5,dpr,affine_fit,0.6060438552075889,0.6060438552075889,1.0
0,3.3,hot-cold,0.5,dpr,released,0.8081977811295459,0.8081977811295459,1.0
0,3.3,hot-cold,0.5,dpr,tail_linear,0.7156686051833647,0.7156686051833647,1.0
0,3.3,hot-cold,0.5,dpr,block_split,0.8103229914529915,0.8103229914529915,1.0
0,3.3,hot-cold,0.5,top,affine_fit,8.163652409542635,0.7425709838759801,10.993767042890651
0,3.3,hot-cold,0.5,top,released,8.126792498826632,0.9936313180827887,8.178881191574431
0,3.3,hot-cold,0.5,top,tail_linear,8.126792498826632,0.8785191028185757,9.250558664863668
0,3.3,hot-cold,0.5,top,block_split,8.126792498826632,0.9963612289096051,8.156472033461606
0,3.3,hot-cold,0.625,paper,affine_fit,1.0508498254441463,0.7225078574408401,1.4544476085925353
0,3.3,hot-cold,0.625,paper,released,1.0873378969203578,0.9663812284229931,1.1251645468059743
0,3.3,hot-cold,0.625,paper,tail_linear,1.0626040919529895,0.8545876676822185,1.243411451086049
0,3.3,hot-cold,0.625,paper,block_split,1.1075336985117736,0.966133439512803,1.1463568625367893
0,3.3,hot-cold,0.625,dpr,affine_fit,0.7548045975559434,0.7548045975559434,1.0
0,3.3,hot-cold,0.625,dpr,released,1.0102472264119324,1.0102472264119324,1.0
0,3.3,hot-cold,0.625,dpr,tail_linear,0.8931114413163544,0.8931114413163544,1.0
0,3.3,hot-cold,0.625,dpr,block_split,1.0105830068184,1.0105830068184,1.0
0,3.3,hot-cold,0.625,top,affine_fit,7.751367975368301,0.90625673491389,8.553170064004892
0,3.3,hot-cold,0.625,top,released,7.804877145556048,1.2159521715267303,6.41873696048124
0,3.3,hot-cold,0.625,top,tail_linear,7.802113527329213,1.0737645919188552,7.266130384674503
0,3.3,hot-cold,0.625,top,block_split,7.808346347870357,1.2267650035744797,6.364989484635469
0,3.3,hot-cold,0.75,paper,affine_fit,1.2335919143294094,0.8284509519093229,1.4890343375022528
0,3.3,hot-cold,0.75,paper,released,1.2849790922283248,1.110274994553377,1.1573520961311257
0,3.3,hot-cold,0.75,paper,tail_linear,1.2554580992027562,0.9809573190729826,1.2798294837018807
0,3.3,hot-cold,0.75,paper,block_split,1.3019975562647015,1.1107769029812373,1.1721503686025907
0,3.3,hot-cold,0.75,dpr,affine_fit,0.903565339904298,0.903565339904298,1.0
0,3.3,hot-cold,0.75,dpr,released,1.2122966716943187,1.2122966716943187,1.0
0,3.3,hot-cold,0.75,dpr,tail_linear,1.070554277449344,1.070554277449344,1.0
0,3.3,hot-cold,0.75,dpr,block_split,1.2241487675518927,1.2241487675518927,1.0
0,3.3,hot-cold,0.75,top,affine_fit,7.251076454680604,1.0364223844687004,6.996256124280557
0,3.3,hot-cold,0.75,top,released,7.382474262767929,1.3927454361488185,5.300663043766092
0,3.3,hot-cold,0.75,top,tail_linear,7.360637053473457,1.2290270735352211,5.988995044918771
0,3.3,hot-cold,0.75,top,block_split,7.394764938401551,1.3942371196665795,5.303807246338376
0,3.3,hot-cold,0.875,paper,affine_fit,1.3928641979447356,0.9559252064545412,1.4570849147401084
0,3.3,hot-cold,0.875,paper,released,1.4892144765583946,1.2834127593430535,1.1603550500157764
0,3.3,hot-cold,0.875,paper,tail_linear,1.4394346587068187,1.133009486219837,1.2704524332883884
0,3.3,hot-cold,0.875,paper,block_split,1.526512079914805,1.2862870716631043,1.1867584721512454
0,3.3,hot-cold,0.875,dpr,affine_fit,1.0523260822526526,1.0523260822526526,1.0
0,3.3,hot-cold,0.875,dpr,released,1.414346116976705,1.414346116976705,1.0
0,3.3,hot-cold,0.875,dpr,tail_linear,1.2479971135823336,1.2479971135823336,1.0
0,3.3,hot-cold,0.875,dpr,block_split,1.4237962238094493,1.4237962238094493,1.0
0,3.3,hot-cold,0.875,top,affine_fit,5.309668892336587,1.1484822857771648,4.623204866188767
0,3.3,hot-cold,0.875,top,released,5.600206855584661,1.5449471564437742,3.6248533370393443
0,3.3,hot-cold,0.875,top,tail_linear,5.550837533327448,1.3626928941748746,4.073432507834819
0,3.3,hot-cold,0.875,top,block_split,5.613877281682829,1.5455868706304356,3.632197832654312
0,4.55,random,0.125,paper,affine_fit,0.2802820275712006,0.2568403217946542,1.0912695701856665
0,4.55,random,0.125,paper,released,0.2806576332000174,0.2696226410004507,1.0409275428748146
0,4.55,random,0.125,paper,tail_linear,0.2806576332000174,0.26459262456248656,1.0607160107508473
0,4.55,random,0.125,paper,block_split,0.2806576332000174,0.2701007117659603,1.0390851300058943
0,4.55,random,0.125,dpr,affine_fit,0.2147660572333768,0.2147660572333768,1.0
0,4.55,random,0.125,dpr,released,0.22602738057599686,0.22602738057599686,1.0
0,4.55,random,0.125,dpr,tail_linear,0.22119972112116926,0.22119972112116926,1.0
0,4.55,random,0.125,dpr,block_split,0.22710012583436115,0.22710012583436115,1.0
0,4.55,random,0.125,top,affine_fit,5.880222251531119,0.8156811611931778,7.2089715090753534
0,4.55,random,0.125,top,released,5.277090428987531,1.0182228624099212,5.182647752082249
0,4.55,random,0.125,top,tail_linear,5.277090428987531,0.9296020670523192,5.67671976647028
0,4.55,random,0.125,top,block_split,5.277090428987531,1.0468083430168895,5.041123777996474
0,4.55,random,0.25,paper,affine_fit,0.5495631693282308,0.4765372904912031,1.1532427373348986
0,4.55,random,0.25,paper,released,0.541781496472545,0.5284123871037989,1.0253005222720488
0,4.55,random,0.25,paper,tail_linear,0.541781496472545,0.5049331954318769,1.0729765865544871
0,4.55,random,0.25,paper,block_split,0.541781496472545,0.5457406707267752,0.9927453194042554
0,4.55,random,0.25,dpr,affine_fit,0.3525259137675611,0.3490724024437813,1.0098933954663918
0,4.55,random,0.25,dpr,released,0.40697529045230046,0.3766687568660121,1.0804593771950908
0,4.55,random,0.25,dpr,tail_linear,0.3846408611421219,0.363897140416055,1.0570043521154082
0,4.55,random,0.25,dpr,block_split,0.4337005107106769,0.3982084984557008,1.0891292184687626
0,4.55,random,0.25,top,affine_fit,10.165316060007534,0.9960139933336346,10.205997233015239
0,4.55,random,0.25,top,released,9.411810309780405,1.2780956686777274,7.363932560320411
0,4.55,random,0.25,top,tail_linear,9.411810309780405,1.1519289805061728,8.170477927940254
0,4.55,random,0.25,top,block_split,9.411810309780405,1.2927469763888872,7.280473659332019
0,4.55,random,0.375,paper,affine_fit,0.7653079156560048,0.6279987943469463,1.2186455173880482
0,4.55,random,0.375,paper,released,0.7426720937665241,0.74138643304607,1.0017341303578646
0,4.55,random,0.375,paper,tail_linear,0.7426720937665241,0.6922368126562621,1.0728584209740752
0,4.55,random,0.375,paper,block_split,0.7426720937665241,0.7689118881756692,0.9658741205427295
0,4.55,random,0.375,dpr,affine_fit,0.5012866561159157,0.497833144792136,1.0069370859692794
0,4.55,random,0.375,dpr,released,0.609371718213239,0.5679590153924546,1.0729149493157857
0,4.55,random,0.375,dpr,tail_linear,0.5620548739278388,0.5366688441714642,1.0473029691067064
0,4.55,random,0.375,dpr,block_split,0.6264417345798328,0.5975506493366877,1.0483491822412305
0,4.55,random,0.375,top,affine_fit,13.086300027526825,1.0877941954267498,12.030124891770516
0,4.55,random,0.375,top,released,12.4978972634578,1.4475779336349925,8.633661078318944
0,4.55,random,0.375,top,tail_linear,12.4978972634578,1.2830790512292973,9.740551255578342
0,4.55,random,0.375,top,block_split,12.4978972634578,1.4559704720676427,8.58389473085218
0,4.55,random,0.5,paper,affine_fit,0.9905855141563532,0.7802036815212839,1.269649884533812
0,4.55,random,0.5,paper,released,0.959006581664238,0.9721953971829764,0.9864339868744965
0,4.55,random,0.5,paper,tail_linear,0.959006581664238,0.887188119381383,1.0809506582808306
0,4.55,random,0.5,paper,block_split,0.959006581664238,0.9962210979521855,0.9626443202573757
0,4.55,random,0.5,dpr,affine_fit,0.6500473984642704,0.6446365089516964,1.0083937062785555
0,4.55,random,0.5,dpr,released,0.8081977811295459,0.7628053038425695,1.0595072911243741
0,4.55,random,0.5,dpr,tail_linear,0.7392576477889895,0.7118633787449813,1.0384824811360636
0,4.55,random,0.5,dpr,block_split,0.8407821098037859,0.7938766566631832,1.0590840563794321
0,4.55,random,0.5,top,affine_fit,14.137133406637147,1.141612729120792,12.38347562708485
0,4.55,random,0.5,top,released,14.097918615485176,1.5057336127869951,9.362823872538138
0,4.55,random,0.5,top,tail_linear,14.097918615485176,1.3400494966229293,10.52044618576662
0,4.55,random,0.5,top,block_split,14.097918615485176,1.5232587492047553,9.255104310311856
0,4.55,random,0.625,paper,affine_fit,1.2268639984708725,0.9142934539514792,1.3418711390402027
0,4.55,random,0.625,paper,released,1.187273691302686,1.1671014010390481,1.0172840939490595
0,4.55,random,0.625,paper,tail_linear,1.1851576154218875,1.0544521593410108,1.1239557953606565
0,4.55,random,0.625,paper,block_split,1.1922349693508016,1.17183043557827,1.017412530988293
0,4.55,random,0.625,dpr,affine_fit,0.798808140812625,0.7943946733900414,1.0055557616011563
0,4.55,random,0.625,dpr,released,1.0102472264119322,0.9922706839812612,1.018116571134143
0,4.55,random,0.625,dpr,tail_linear,0.9167004839219791,0.9041471086393659,1.0138842176927432
0,4.55,random,0.625,dpr,block_split,1.0418950744294628,1.006923836587578,1.0347307676818944
0,4.55,random,0.625,top,affine_fit,13.229809110825148,1.173429491186493,11.274481517801341
0,4.55,random,0.625,top,released,13.831685941936446,1.5638892919389977,8.844415019164908
0,4.55,random,0.625,top,tail_linear,13.831685941936446,1.3852254207137489,9.985151683694596
0,4.55,random,0.625,top,block_split,13.831685941936446,1.5709105294827126,8.804884608222151
0,4.55,random,0.75,paper,affine_fit,1.4096060873561354,1.0214599097879584,1.3799915922777144
0,4.55,random,0.75,paper,released,1.3850438372468576,1.312656758002346,1.0551454740953554
0,4.55,random,0.75,paper,tail_linear,1.378764989141537,1.1822810445815526,1.166190556349084
0,4.55,random,0.75,paper,block_split,1.4188700786709154,1.3287976572892064,1.0677849038095535
0,4.55,random,0.75,dpr,affine_fit,0.9365679973468092,0.9348459249338176,1.001842092228314
0,4.55,random,0.75,dpr,released,1.2122966716943189,1.1950161270320094,1.0144605116796441
0,4.55,random,0.75,dpr,tail_linear,1.0882460594035626,1.078967288017279,1.0085996781267896
0,4.55,random,0.75,dpr,block_split,1.227994524000515,1.2075192592938424,1.0169564705068526
0,4.55,random,0.75,top,affine_fit,10.771359915215124,1.1910458948856406,9.043614491655962
0,4.55,random,0.75,top,released,11.64032968134205,1.5878161999329645,7.331030935339676
0,4.55,random,0.75,top,tail_linear,11.64032968134205,1.40623838815055,8.277636124449087
0,4.55,random,0.75,top,block_split,11.64032968134205,1.5976886477689425,7.285730982439498
0,4.55,random,0.875,paper,affine_fit,1.6238828000423131,1.121549602685652,1.4478920915791678
0,4.55,random,0.875,paper,released,1.6092403697432405,1.4784835231271996,1.0884398402624549
0,4.55,random,0.875,paper,tail_linear,1.6010882741368848,1.3161180614865722,1.2165232899611111
0,4.55,random,0.875,paper,block_split,1.6499610965358382,1.491241165807693,1.1064347835664654
0,4.55,random,0.875,dpr,affine_fit,1.063326968066823,1.0596381509672406,1.0034812045000598
0,4.55,random,0.875,dpr,released,1.4143461169767053,1.3794527094855038,1.0252951096121417
0,4.55,random,0.875,dpr,tail_linear,1.2538943742337398,1.235044984691217,1.0152621076771835
0,4.55,random,0.875,dpr,block_split,1.4334932630209698,1.3944670864824051,1.0279864450849174
0,4.55,random,0.875,top,affine_fit,6.937799992833802,1.1983954295914154,5.789241031400793
0,4.55,random,0.875,top,released,7.578761661719272,1.61274006242668,4.699307618312375
0,4.55,random,0.875,top,tail_linear,7.578761661719272,1.422229635245812,5.328789018244155
0,4.55,random,0.875,top,block_split,7.578761661719272,1.6189895368820144,4.681167783403398
0,4.55,local,0.125,paper,affine_fit,0.3462873424562228,0.3018038211501394,1.147392173951151
0,4.55,local,0.125,paper,released,0.34945277609319314,0.30755964412161596,1.1362114073555492
0,4.55,local,0.125,paper,tail_linear,0.34945277609319314,0.30601016779359946,1.141964590957302
0,4.55,local,0.125,paper,block_split,0.34945277609319314,0.3153713727689613,1.1080675237736293
0,4.55,local,0.125,dpr,affine_fit,0.2147660572333768,0.2017703272392257,1.0644085291032062
0,4.55,local,0.125,dpr,released,0.23704679893456432,0.21222809943356324,1.1169435129808079
0,4.55,local,0.125,dpr,tail_linear,0.22780775724736127,0.21067862310554672,1.081304566592089
0,4.55,local,0.125,dpr,block_split,0.23960913863480215,0.2200398280809086,1.0889353110505882
0,4.55,local,0.125,top,affine_fit,1.633880327261355,0.4084715659416233,3.9999854665400645
0,4.55,local,0.125,top,released,1.679616383950079,0.4341007283379711,3.8691858232553025
0,4.55,local,0.125,top,tail_linear,1.679616383950079,0.42449744408112244,3.956717307417051
0,4.55,local,0.125,top,block_split,1.679616383950079,0.4354146204865986,3.8575103014984196
0,4.55,local,0.25,paper,affine_fit,0.5825658267707419,0.4569166761142783,1.274993575907564
0,4.55,local,0.25,paper,released,0.5753947088991554,0.4816521141583251,1.1946271841963014
0,4.55,local,0.25,paper,tail_linear,0.5753947088991554,0.4717539668689061,1.219692359384123
0,4.55,local,0.25,paper,block_split,0.5753947088991554,0.49717405523915764,1.1573305220490056
0,4.55,local,0.25,dpr,affine_fit,0.3525259137675611,0.3047398884333306,1.156809223695325
0,4.55,local,0.25,dpr,released,0.41347848905731116,0.3112182515457851,1.3285804640428744
0,4.55,local,0.25,dpr,tail_linear,0.38851341896635827,0.3096687752177686,1.2546096024474658
0,4.55,local,0.25,dpr,block_split,0.4186059255831983,0.31902998019313045,1.312120965339332
0,4.55,local,0.25,top,affine_fit,2.8607278793984063,0.6345393802495498,4.508353568652189
0,4.55,local,0.25,top,released,2.911375657856414,0.6883468347474424,4.229518479480785
0,4.55,local,0.25,top,tail_linear,2.911375657856414,0.6648792063316995,4.378803894197838
0,4.55,local,0.25,top,block_split,2.911375657856414,0.7107757944600693,4.0960534679828235
0,4.55,local,0.375,paper,affine_fit,0.8423141163551973,0.6472623384767118,1.3013488755386675
0,4.55,local,0.375,paper,released,0.8218459835663453,0.6977703993710777,1.1778172079341584
0,4.55,local,0.375,paper,tail_linear,0.8218459835663453,0.6743027709553348,1.2188085515383174
0,4.55,local,0.375,paper,block_split,0.8218459835663453,0.7201993590837045,1.1411367883081205
0,4.55,local,0.375,dpr,affine_fit,0.5012866561159157,0.4407683060567267,1.1373019548538055
0,4.55,local,0.375,dpr,released,0.6061483358471594,0.46857707247989544,1.293593672091514
0,4.55,local,0.375,dpr,tail_linear,0.5618148116559999,0.45875986798373103,1.2246380968875932
0,4.55,local,0.375,dpr,block_split,0.6260754580712634,0.48498004208271683,1.2909303553660085
0,4.55,local,0.375,top,affine_fit,3.0534921650034423,0.7916189799002795,3.8572750812367986
0,4.55,local,0.375,top,released,3.2034321475516663,0.8874212653290547,3.609821257059732
0,4.55,local,0.375,top,tail_linear,3.2034321475516663,0.8477824231466617,3.778601749800007
0,4.55,local,0.375,top,block_split,3.2034321475516663,0.9206004996602091,3.4797201921289895
0,4.55,local,0.5,paper,affine_fit,1.067591714855546,0.7815874166827096,1.3659274600232487
0,4.55,local,0.5,paper,released,1.0430931066037352,0.8740801276002906,1.193360967337691
0,4.55,local,0.5,paper,tail_linear,1.0430931066037352,0.8352102419538163,1.2488988451142748
0,4.55,local,0.5,paper,block_split,1.0430931066037352,0.9100957013719898,1.1461356262107918
0,4.55,local,0.5,dpr,affine_fit,0.6500473984642704,0.5680072548261424,1.144435027794212
0,4.55,local,0.5,dpr,released,0.8081977811295458,0.6217810831283445,1.299810822586126
0,4.55,local,0.5,dpr,tail_linear,0.7392576477889895,0.5983134547126016,1.2355691518655387
0,4.55,local,0.5,dpr,block_split,0.8174366772797654,0.6442100428409713,1.2688977552645149
0,4.55,local,0.5,top,affine_fit,3.4112697378210344,0.9144819272382984,3.7302757290381265
0,4.55,local,0.5,top,released,3.5257898388129543,1.09413674818326,3.222439831828416
0,4.55,local,0.5,top,tail_linear,3.5257898388129543,1.0169057601621976,3.467174616309172
0,4.55,local,0.5,top,block_split,3.5257898388129543,1.14306688599739,3.0845000253301054
0,4.55,local,0.625,paper,affine_fit,1.2488657700992132,0.8816677430826066,1.416481185681988
0,4.55,local,0.625,paper,released,1.2317039082744308,1.0150031442893925,1.2134976282627687
0,4.55,local,0.625,paper,tail_linear,1.2305591459126872,0.9609911746762193,1.2805103505006608
0,4.55,local,0.625,paper,block_split,1.2407687600751887,1.0734053146280709,1.15591821948926
0,4.55,local,0.625,dpr,affine_fit,0.798808140812625,0.7348550124252495,1.087028226393
0,4.55,local,0.625,dpr,released,1.0116405824167458,0.8121640373986404,1.2456111522212043
0,4.55,local,0.625,dpr,tail_linear,0.9168103184908983,0.7809432457147253,1.1739781648944623
0,4.55,local,0.625,dpr,block_split,1.0435315076253366,0.839107383807909,1.243620933103629
0,4.55,local,0.625,top,affine_fit,3.450021622027685,1.016030287279791,3.395589349274614
0,4.55,local,0.625,top,released,3.5418452998822287,1.2412695579232549,2.8534054325863147
0,4.55,local,0.625,top,tail_linear,3.5418452998822287,1.143195800639134,3.0981965625679044
0,4.55,local,0.625,top,block_split,3.5418452998822287,1.2977849171552378,2.7291466043895793
0,4.55,local,0.75,paper,affine_fit,1.4756114022411575,0.9741725954987231,1.5147330247836885
0,4.55,local,0.75,paper,released,1.4741495150996227,1.159558600377038,1.2713022995304364
0,4.55,local,0.75,paper,tail_linear,1.4691541884301964,1.0790089578325368,1.3615773787285004
0,4.55,local,0.75,paper,block_split,1.5253772603617677,1.2163993386499468,1.2540102677585705
0,4.55,local,0.75,dpr,affine_fit,0.9365679973468092,0.8741016355966227,1.0714634994448327
0,4.55,local,0.75,dpr,released,1.2122966716943187,1.024973960963102,1.1827585069138749
0,4.55,local,0.75,dpr,tail_linear,1.0882460594035626,0.9603295772931287,1.1332006064740718
0,4.55,local,0.75,dpr,block_split,1.2404518017666082,1.0822856556530742,1.1461408504191004
0,4.55,local,0.75,top,affine_fit,3.0927416169242026,1.1075751835971035,2.792353659351429
0,4.55,local,0.75,top,released,3.193465685283667,1.4214795739640826,2.246578666183745
0,4.55,local,0.75,top,tail_linear,3.1926042226983147,1.2802979976438005,2.4936415026609677
0,4.55,local,0.75,top,block_split,3.2034397431664616,1.4356980572391904,2.2312767834530556
0,4.55,local,0.875,paper,affine_fit,1.634883685856484,1.0324420626065354,1.5835113127113454
0,4.55,local,0.875,paper,released,1.6808571845089575,1.2922367033141808,1.3007347494449641
0,4.55,local,0.875,paper,tail_linear,1.660841188062714,1.176176301043271,1.412068230408608
0,4.55,local,0.875,paper,block_split,1.7550633349715477,1.3218507652582538,1.3277318295675047
0,4.55,local,0.875,dpr,affine_fit,1.063326968066823,0.98860825964108,1.0755796926609433
0,4.55,local,0.875,dpr,released,1.414346116976705,1.1824447486043796,1.1961202573279088
0,4.55,local,0.875,dpr,tail_linear,1.2538943742337398,1.0980503233802852,1.141927967721641
0,4.55,local,0.875,dpr,block_split,1.4230535750771338,1.2446679805277154,1.1433198229087458
0,4.55,local,0.875,top,affine_fit,2.4714403522806307,1.1699853463605103,2.1123686377513824
0,4.55,local,0.875,top,released,2.544808822417486,1.529328202614379,1.6640043766061121
0,4.55,local,0.875,top,tail_linear,2.5234110168578248,1.3666678779411812,1.8463966685594608
0,4.55,local,0.875,top,block_split,2.581549061900562,1.553318989813491,1.6619568027109048
0,4.55,hot-cold,0.125,paper,affine_fit,0.2252775985003487,0.1688145022856979,1.334468279976882
0,4.55,hot-cold,0.125,paper,released,0.2190262291804678,0.21434521744595275,1.0218386572385052
0,4.55,hot-cold,0.125,paper,tail_linear,0.2190262291804678,0.19413842727275213,1.12819616526897
0,4.55,hot-cold,0.125,paper,block_split,0.2190262291804678,0.2193630874676283,0.9984643802608303
0,4.55,hot-cold,0.125,dpr,affine_fit,0.159761628162525,0.159761628162525,1.0
0,4.55,hot-cold,0.125,dpr,released,0.20204944528238647,0.20204944528238647,1.0
0,4.55,hot-cold,0.125,dpr,tail_linear,0.18334009678439583,0.18334009678439583,1.0
0,4.55,hot-cold,0.125,dpr,block_split,0.21127728705599427,0.21127728705599427,1.0
0,4.55,hot-cold,0.125,top,affine_fit,4.72512924104323,0.3295641860404166,14.337508264516813
0,4.55,hot-cold,0.125,top,released,4.433805172665094,0.43267825289089995,10.24734925557509
0,4.55,hot-cold,0.125,top,tail_linear,4.433805172665094,0.38588175513356493,11.49006169294121
0,4.55,hot-cold,0.125,top,block_split,4.433805172665094,0.4326142588447255,10.248865084810998
0,4.55,hot-cold,0.25,paper,affine_fit,0.439554311186527,0.3161072109924568,1.3905228855947103
0,4.55,hot-cold,0.25,paper,released,0.4362049868842012,0.414400753728842,1.0526162970485968
0,4.55,hot-cold,0.25,paper,tail_linear,0.4353030529022214,0.3698301827860083,1.1770349559438125
0,4.55,hot-cold,0.25,paper,block_split,0.4461778668625358,0.4174971774882823,1.068696726398967
0,4.55,hot-cold,0.25,dpr,affine_fit,0.3085223705108796,0.3085223705108796,1.0
0,4.55,hot-cold,0.25,dpr,released,0.40409889056477294,0.40409889056477294,1.0
0,4.55,hot-cold,0.25,dpr,tail_linear,0.3607829329173855,0.3607829329173855,1.0
0,4.55,hot-cold,0.25,dpr,block_split,0.409084184669224,0.409084184669224,1.0
0,4.55,hot-cold,0.25,top,affine_fit,6.601029056216333,0.4878671470591426,13.53038239202467
0,4.55,hot-cold,0.25,top,released,6.447276769998748,0.6476881066700184,9.95429235708273
0,4.55,hot-cold,0.25,top,tail_linear,6.447276769998748,0.574706615294822,11.218379253719435
0,4.55,hot-cold,0.25,top,block_split,6.447276769998748,0.6523439421973115,9.883247705623162
0,4.55,hot-cold,0.375,paper,affine_fit,0.6442981717001306,0.4401560537072855,1.4637948661012954
0,4.55,hot-cold,0.375,paper,released,0.6494143564119329,0.5828860641863584,1.1141360144172263
0,4.55,hot-cold,0.375,paper,tail_linear,0.6439680627515166,0.5177964951534848,1.2436701846748348
0,4.55,hot-cold,0.375,paper,block_split,0.6605503502221227,0.5946472547403693,1.1108272088307674
0,4.55,hot-cold,0.375,dpr,affine_fit,0.4572831128592342,0.4572831128592342,1.0
0,4.55,hot-cold,0.375,dpr,released,0.6061483358471593,0.6061483358471593,1.0
0,4.55,hot-cold,0.375,dpr,tail_linear,0.5382257690503751,0.5382257690503751,1.0
0,4.55,hot-cold,0.375,dpr,block_split,0.6085976309921962,0.6085976309921962,1.0
0,4.55,hot-cold,0.375,top,affine_fit,7.629860663698317,0.6432340407946775,11.861717788244038
0,4.55,hot-cold,0.375,top,released,7.5872307386067765,0.8587101424501425,8.83561328035356
0,4.55,hot-cold,0.375,top,tail_linear,7.5872307386067765,0.7600293142166121,9.98281328981
0,4.55,hot-cold,0.375,top,block_split,7.5872307386067765,0.8596515207015207,8.825937668807004
0,4.55,hot-cold,0.5,paper,affine_fit,0.8365731127579681,0.5774171991964745,1.4488191794808525
0,4.55,hot-cold,0.5,paper,released,0.8632188803402817,0.7693165556393498,1.1220594097612957
0,4.55,hot-cold,0.5,paper,tail_linear,0.8488573161656808,0.6815225330985625,1.2455308151094078
0,4.55,hot-cold,0.5,paper,block_split,0.877408338390831,0.7703975563660478,1.1389033248360123
0,4.55,hot-cold,0.5,dpr,affine_fit,0.6060438552075889,0.6060438552075889,1.0
0,4.55,hot-cold,0.5,dpr,released,0.8081977811295459,0.8081977811295459,1.0
0,4.55,hot-cold,0.5,dpr,tail_linear,0.7156686051833647,0.7156686051833647,1.0
0,4.55,hot-cold,0.5,dpr,block_split,0.8103229914529915,0.8103229914529915,1.0
0,4.55,hot-cold,0.5,top,affine_fit,8.064644437215103,0.7856239375316545,10.265273309458141
0,4.55,hot-cold,0.5,top,released,8.048723665312481,1.037164997905145,7.760311697337656
0,4.55,hot-cold,0.5,top,tail_linear,8.048723665312481,0.9226482903341622,8.723501413954192
0,4.55,hot-cold,0.5,top,block_split,8.048723665312481,1.0407289435744664,7.733736738087152
0,4.55,hot-cold,0.625,paper,affine_fit,1.0288480538158058,0.7022000587321009,1.4651779660535826
0,4.55,hot-cold,0.625,paper,released,1.0655900287178994,0.9387988205966147,1.1350568464079533
0,4.55,hot-cold,0.625,paper,tail_linear,1.0465106560221735,0.8303643857759058,1.2603029151404384
0,4.55,hot-cold,0.625,paper,block_split,1.0904457179299387,0.9433541770184422,1.1559239832661714
0,4.55,hot-cold,0.625,dpr,affine_fit,0.7548045975559434,0.7469657183029702,1.010494295870475
0,4.55,hot-cold,0.625,dpr,released,1.0102472264119324,0.9865537736730869,1.0240163824528603
0,4.55,hot-cold,0.625,dpr,tail_linear,0.8931114413163544,0.8765409543839133,1.0189044069755848
0,4.55,hot-cold,0.625,dpr,block_split,1.0105830068184,0.9883605375410273,1.0224841729645144
0,4.55,hot-cold,0.625,top,affine_fit,7.872377719324175,0.920937071329846,8.548225459049391
0,4.55,hot-cold,0.625,top,released,7.897983510624064,1.2358912615217028,6.3905165094375675
0,4.55,hot-cold,0.625,top,tail_linear,7.8928609881366665,1.0912753981161898,7.232693966859044
0,4.55,hot-cold,0.625,top,block_split,7.906582882056143,1.2389793853805369,6.38152900310584
0,4.55,hot-cold,0.75,paper,affine_fit,1.2005892568868983,0.7951661562020259,1.5098596029555709
0,4.55,hot-cold,0.75,paper,released,1.2596281131597071,1.050125406401877,1.1995025598663163
0,4.55,hot-cold,0.75,paper,tail_linear,1.230488707588053,0.9340303143624296,1.3173969716689404
0,4.55,hot-cold,0.75,paper,block_split,1.2980322805757578,1.0529574854700856,1.2327489936559597
0,4.55,hot-cold,0.75,dpr,affine_fit,0.903565339904298,0.903565339904298,1.0
0,4.55,hot-cold,0.75,dpr,released,1.2122966716943187,1.2122966716943187,1.0
0,4.55,hot-cold,0.75,dpr,tail_linear,1.070554277449344,1.070554277449344,1.0
0,4.55,hot-cold,0.75,dpr,block_split,1.2241487675518927,1.2241487675518927,1.0
0,4.55,hot-cold,0.75,top,affine_fit,7.240075568866433,1.0469432922334687,6.915441956193262
0,4.55,hot-cold,0.75,top,released,7.443836818907494,1.407035117311882,5.290441387936944
0,4.55,hot-cold,0.75,top,tail_linear,7.4214503549445086,1.2415764846433108,5.977441137729503
0,4.55,hot-cold,0.75,top,block_split,7.4622930227855955,1.4187686838310531,5.259696741145581
0,4.55,hot-cold,0.875,paper,affine_fit,1.425866855387247,0.8546308851844445,1.6684008033240216
0,4.55,hot-cold,0.875,paper,released,1.4878737044032984,1.1458330383777444,1.298508294463049
0,4.55,hot-cold,0.875,paper,tail_linear,1.4578323648496645,1.012184923458229,1.4402826312299115
0,4.55,hot-cold,0.875,paper,block_split,1.5374620198681068,1.1477306428671215,1.339566935345915
0,4.55,hot-cold,0.875,dpr,affine_fit,1.0523260822526526,1.0523260822526526,1.0
0,4.55,hot-cold,0.875,dpr,released,1.414346116976705,1.414346116976705,1.0
0,4.55,hot-cold,0.875,dpr,tail_linear,1.2479971135823336,1.2479971135823336,1.0
0,4.55,hot-cold,0.875,dpr,block_split,1.4237962238094493,1.4237962238094493,1.0
0,4.55,hot-cold,0.875,top,affine_fit,5.364673321407439,1.158758521268334,4.629673243339317
0,4.55,hot-cold,0.875,top,released,5.748381715133339,1.5589045194402549,3.687449515636385
0,4.55,hot-cold,0.875,top,tail_linear,5.696745994664998,1.3749504585130088,4.14323727767323
0,4.55,hot-cold,0.875,top,block_split,5.758746470132451,1.568059287756441,3.6725310803598448
1,1.07,random,0.125,paper,affine_fit,0.2252775985003487,0.1949944355608195,1.1553027031383354
1,1.07,random,0.125,paper,released,0.21729978530805844,0.24990326127032012,0.8695356123144206
1,1.07,random,0.125,paper,tail_linear,0.21729978530805844,0.22536603165799865,0.9642082425173061
1,1.07,random,0.125,paper,block_split,0.21729978530805844,0.2600937837308738,0.8354670465054426
1,1.07,random,0.125,dpr,affine_fit,0.159761628162525,0.159761628162525,1.0
1,1.07,random,0.125,dpr,released,0.20204944528238647,0.20204944528238647,1.0
1,1.07,random,0.125,dpr,tail_linear,0.18334009678439583,0.18334009678439583,1.0
1,1.07,random,0.125,dpr,block_split,0.21127728705599427,0.21127728705599427,1.0
1,1.07,random,0.125,top,affine_fit,5.935226680601971,0.4599651413710295,12.9036445303457
1,1.07,random,0.125,top,released,5.325903001660898,0.5948495181833416,8.953361882053965
1,1.07,random,0.125,top,tail_linear,5.325903001660898,0.5342002395232918,9.969862623823632
1,1.07,random,0.125,top,block_split,5.325903001660898,0.5982576585795043,8.902356577108696
1,1.07,random,0.25,paper,affine_fit,0.439554311186527,0.3640629766179133,1.2073579007399107
1,1.07,random,0.25,paper,released,0.42859653463958214,0.47953511437908497,0.8937750787959303
1,1.07,random,0.25,paper,tail_linear,0.42859653463958214,0.427032149697301,1.0036633891462037
1,1.07,random,0.25,paper,block_split,0.42859653463958214,0.47998312791694786,0.8929408341906193
1,1.07,random,0.25,dpr,affine_fit,0.31952325632505,0.31952325632505,1.0
1,1.07,random,0.25,dpr,released,0.4040988905647729,0.4040988905647729,1.0
1,1.07,random,0.25,dpr,tail_linear,0.36668019356879167,0.36668019356879167,1.0
1,1.07,random,0.25,dpr,block_split,0.4092168980989783,0.4092168980989783,1.0
1,1.07,random,0.25,top,affine_fit,10.31932846140592,0.6845836550329537,15.073875026871887
1,1.07,random,0.25,top,released,9.520107572597396,0.914871912602648,10.405945839472087
1,1.07,random,0.25,top,tail_linear,9.520107572597396,0.8093514183391044,11.762637782403482
1,1.07,random,0.25,top,block_split,9.520107572597396,0.9163940982328482,10.38866093851514
1,1.07,random,0.375,paper,affine_fit,0.6442981717001306,0.5194205038556515,1.2404172860283986
1,1.07,random,0.375,paper,released,0.6364823613067419,0.6756028326629797,0.94209545983986
1,1.07,random,0.375,paper,tail_linear,0.6364823613067419,0.6051190046224966,1.0518300639124882
1,1.07,random,0.375,paper,block_split,0.6364823613067419,0.686491707954326,0.9271522932205447
1,1.07,random,0.375,dpr,affine_fit,0.4682839986734046,0.4682839986734046,1.0
1,1.07,random,0.375,dpr,released,0.6061483358471593,0.6061483358471593,1.0
1,1.07,random,0.375,dpr,tail_linear,0.5441230297017813,0.5441230297017813,1.0
1,1.07,random,0.375,dpr,block_split,0.6086668157621934,0.6086668157621934,1.0
1,1.07,random,0.375,top,affine_fit,13.00929382682763,0.8433665941010816,15.425431737302606
1,1.07,random,0.375,top,released,12.501223238947842,1.115592085218703,11.20590886631925
1,1.07,random,0.375,top,tail_linear,12.501223238947842,0.991524128043678,12.608087776556
1,1.07,random,0.375,top,block_split,12.501223238947842,1.121563664813178,11.146244864334301
1,1.07,random,0.5,paper,affine_fit,0.8475739985721384,0.6654992176922108,1.2735912771037037
1,1.07,random,0.5,paper,released,0.8410274249332358,0.888951095609184,0.9460896432743504
1,1.07,random,0.5,paper,tail_linear,0.8410274249332358,0.7865873702825695,1.0692104357474104
1,1.07,random,0.5,paper,block_split,0.8410274249332358,0.8940768303451749,0.9406657195316666
1,1.07,random,0.5,dpr,affine_fit,0.6170447410217592,0.6170447410217592,1.0
1,1.07,random,0.5,dpr,released,0.8081977811295458,0.8081977811295458,1.0
1,1.07,random,0.5,dpr,tail_linear,0.7215658658347709,0.7215658658347709,1.0
1,1.07,random,0.5,dpr,block_split,0.8206831497642132,0.8206831497642132,1.0
1,1.07,random,0.5,top,affine_fit,14.027124548495443,0.9590965795135352,14.625351448558144
1,1.07,random,0.5,top,released,14.04538867849781,1.2727785780124017,11.035217689184705
1,1.07,random,0.5,top,tail_linear,14.04538867849781,1.1295676502326648,12.434304997673035
1,1.07,random,0.5,top,block_split,14.04538867849781,1.293039047615943,10.862308222164033
1,1.07,random,0.625,paper,affine_fit,1.0508498254441463,0.8123025818517713,1.293667961818574
1,1.07,random,0.625,paper,released,1.0443331463002263,1.0883419955589073,0.9595634006238263
1,1.07,random,0.625,paper,tail_linear,1.0443331463002263,0.9616954322559146,1.0859291947040477
1,1.07,random,0.625,paper,block_split,1.0443331463002263,1.091507329976711,0.9567806991479468
1,1.07,random,0.625,dpr,affine_fit,0.7548045975559434,0.7548045975559434,1.0
1,1.07,random,0.625,dpr,released,1.0102472264119324,1.0102472264119324,1.0
1,1.07,random,0.625,dpr,tail_linear,0.8931114413163544,0.8931114413163544,1.0
1,1.07,random,0.625,dpr,block_split,1.0105830068184,1.0105830068184,1.0
1,1.07,random,0.625,top,affine_fit,13.240809996639316,1.048166653601465,12.63235187948819
1,1.07,random,0.625,top,released,13.838983309643895,1.4086967081447963,9.823962269259042
1,1.07,random,0.625,top,tail_linear,13.838983309643895,1.243035718493089,11.133214519708782
1,1.07,random,0.625,top,block_split,13.838983309643895,1.4203958969331323,9.743046526341374
1,1.07,random,0.75,paper,affine_fit,1.2445928001435798,0.9515117390319578,1.3080162325793212
1,1.07,random,0.75,paper,released,1.2406247815500206,1.2624767148483325,0.9826912187438348
1,1.07,random,0.75,paper,tail_linear,1.2397228475680409,1.120520400364042,1.1063813270738057
1,1.07,random,0.75,paper,block_split,1.2505976615283552,1.2690195736592618,0.9854833506800952
1,1.07,random,0.75,dpr,affine_fit,0.9145662257184684,0.9145662257184684,1.0
1,1.07,random,0.75,dpr,released,1.2122966716943187,1.2122966716943187,1.0
1,1.07,random,0.75,dpr,tail_linear,1.0764515381007502,1.0764515381007502,1.0
1,1.07,random,0.75,dpr,block_split,1.2237601518480241,1.2237601518480241,1.0
1,1.07,random,0.75,top,affine_fit,10.96937585987019,1.118387596124455,9.808205936727424
1,1.07,random,0.75,top,released,11.814832095879789,1.5040720219540809,7.855230283806512
1,1.07,random,0.75,top,tail_linear,11.814832095879789,1.3267957414703389,8.904785964105324
1,1.07,random,0.75,top,block_split,11.814832095879789,1.5157514845019602,7.79470263871248
1,1.07,random,0.875,paper,affine_fit,1.4478686270155876,1.0777719987069765,1.3433904654719393
1,1.07,random,0.875,paper,released,1.4681247081717104,1.448907206301324,1.013263445572504
1,1.07,random,0.875,paper,tail_linear,1.4589319195092243,1.2783491776577134,1.1412624539583058
1,1.07,random,0.875,paper,block_split,1.5080163449155628,1.4490679334554335,1.0406802263021318
1,1.07,random,0.875,dpr,affine_fit,1.0523260822526526,1.0523260822526526,1.0
1,1.07,random,0.875,dpr,released,1.414346116976705,1.414346116976705,1.0
1,1.07,random,0.875,dpr,tail_linear,1.2479971135823336,1.2479971135823336,1.0
1,1.07,random,0.875,dpr,block_split,1.4237962238094493,1.4237962238094493,1.0
1,1.07,random,0.875,top,affine_fit,6.849792906320439,1.1712368072218966,5.8483415685746225
1,1.07,random,0.875,top,released,7.469473095468295,1.5758527459359815,4.739956264778905
1,1.07,random,0.875,top,tail_linear,7.469473095468295,1.3898346437807432,5.374360992433759
1,1.07,random,0.875,top,block_split,7.469473095468295,1.5787150509646202,4.731362439918672
1,1.07,local,0.125,paper,affine_fit,0.2582802559428598,0.2448420138904934,1.0548853599054968
1,1.07,local,0.125,paper,released,0.24838616840109579,0.24171826898019366,1.027585417722185
1,1.07,local,0.125,paper,tail_linear,0.24838616840109579,0.24171826898019366,1.027585417722185
1,1.07,local,0.125,paper,block_split,0.24838616840109579,0.24171826898019366,1.027585417722185
1,1.07,local,0.125,dpr,affine_fit,0.2037651714192065,0.1995870097724256,1.0209340359953534
1,1.07,local,0.125,dpr,released,0.22001140812209927,0.19674065346054154,1.1182813732303931
1,1.07,local,0.125,dpr,tail_linear,0.21348395000892517,0.19674065346054154,1.0851033899393938
1,1.07,local,0.125,dpr,block_split,0.23094362910889535,0.19674065346054154,1.1738480331682621
1,1.07,local,0.125,top,affine_fit,1.4688670400487993,0.2947645242025406,4.983188000736145
1,1.07,local,0.125,top,released,1.5160504343123773,0.3201988507766245,4.7347154139850325
1,1.07,local,0.125,top,tail_linear,1.5160504343123773,0.3096242530007207,4.896420159659936
1,1.07,local,0.125,top,block_split,1.5160504343123773,0.32145311519774894,4.716241226593016
1,1.07,local,0.25,paper,affine_fit,0.4945587402573789,0.4168466222307784,1.1864285660052123
1,1.07,local,0.25,paper,released,0.4698092110717894,0.4640814808354111,1.0123420788652622
1,1.07,local,0.25,paper,tail_linear,0.4698092110717894,0.4444586350992615,1.05703697480614
1,1.07,local,0.25,paper,block_split,0.4698092110717894,0.4670123292307274,1.005988882232872
1,1.07,local,0.25,dpr,affine_fit,0.3855285712100722,0.3855285712100722,1.0
1,1.07,local,0.25,dpr,released,0.4216942951217939,0.4216942951217939,1.0
1,1.07,local,0.25,dpr,tail_linear,0.40696848837754723,0.40696848837754723,1.0
1,1.07,local,0.25,dpr,block_split,0.43553002676745833,0.43553002676745833,1.0
1,1.07,local,0.25,top,affine_fit,2.299682702875717,0.4899942655391628,4.693284931294598
1,1.07,local,0.25,top,released,2.3695398854589103,0.5514651348083972,4.296808149588987
1,1.07,local,0.25,top,tail_linear,2.3695398854589103,0.5259739365612894,4.505051906089643
1,1.07,local,0.25,top,block_split,2.3695398854589103,0.5669624245318353,4.179359659355801
1,1.07,local,0.375,paper,affine_fit,0.7213043723993232,0.5863951413372741,1.2300653971217916
1,1.07,local,0.375,paper,released,0.6962167207617765,0.6818295143426034,1.0211008853628825
1,1.07,local,0.375,paper,tail_linear,0.6962167207617765,0.6411095077074526,1.0859560065664635
1,1.07,local,0.375,paper,block_split,0.6962167207617765,0.7000490314460481,0.9945256539011912
1,1.07,local,0.375,dpr,affine_fit,0.5232884277442564,0.5208323385104672,1.0047157003361455
1,1.07,local,0.375,dpr,released,0.6258781987940585,0.6078708553935606,1.0296236334424016
1,1.07,local,0.375,dpr,tail_linear,0.5808797873725934,0.570035881175127,1.0190231993381043
1,1.07,local,0.375,dpr,block_split,0.6395075058835574,0.6214769223259569,1.0290124748158287
1,1.07,local,0.375,top,affine_fit,3.0534921650034423,0.6654242857098375,4.5887897850709605
1,1.07,local,0.375,top,released,3.1716896469325806,0.7892947676094213,4.018384229935851
1,1.07,local,0.375,top,tail_linear,3.1716896469325806,0.73585517917712,4.310209042055484
1,1.07,local,0.375,top,block_split,3.1716896469325806,0.8041571135369059,3.9441168815663525
1,1.07,local,0.5,paper,affine_fit,0.9355810850855016,0.7287944045720478,1.2837380188653893
1,1.07,local,0.5,paper,released,0.9036283874829245,0.8712017225087673,1.0372206162320012
1,1.07,local,0.5,paper,tail_linear,0.9032121102604723,0.8080894702825419,1.1177130051511148
1,1.07,local,0.5,paper,block_split,0.9151284048895563,0.9027889749169847,1.013668122136412
1,1.07,local,0.5,dpr,affine_fit,0.6720491700926111,0.6661583025306353,1.008843044573035
1,1.07,local,0.5,dpr,released,0.8186300095579335,0.7892681746919349,1.0372013414546444
1,1.07,local,0.5,dpr,tail_linear,0.7561248282811175,0.7357881148630061,1.0276393611249046
1,1.07,local,0.5,dpr,block_split,0.8257831751037695,0.8038525216201129,1.0272819365416144
1,1.07,local,0.5,top,affine_fit,3.510277710148568,0.8183444567093797,4.2894867575246245
1,1.07,local,0.5,top,released,3.6622248599723126,0.9808116354918596,3.7338717521797875
1,1.07,local,0.5,top,tail_linear,3.6622248599723126,0.9117269614490628,4.0168000013421965
1,1.07,local,0.5,top,block_split,3.6622248599723126,1.0147435619940808,3.6090151217866757
1,1.07,local,0.625,paper,affine_fit,1.1498577977716795,0.8697350006630226,1.3220783306353219
1,1.07,local,0.625,paper,released,1.120442427964862,1.0616300567717274,1.055398178318326
1,1.07,local,0.625,paper,tail_linear,1.1177366260189225,0.9791493504452953,1.1415384440694374
1,1.07,local,0.625,paper,block_split,1.1498525658615735,1.094098015446971,1.0509593744138408
1,1.07,local,0.625,dpr,affine_fit,0.8098090266267953,0.799758730413632,1.012566660207592
1,1.07,local,0.625,dpr,released,1.0160648733348734,0.9672825246890215,1.0504323684143215
1,1.07,local,0.625,dpr,tail_linear,0.9244607578830305,0.8960123952283509,1.0317499655207667
1,1.07,local,0.625,dpr,block_split,1.0391810522342708,0.9965800898090055,1.042747153852361
1,1.07,local,0.625,top,affine_fit,3.6590384524969215,0.95635835201496,3.8260119178001224
1,1.07,local,0.625,top,released,3.790452761601416,1.1943514906988437,3.1736492909499625
1,1.07,local,0.625,top,tail_linear,3.789834127395827,1.0901781157801802,3.4763439776844653
1,1.07,local,0.625,top,block_split,3.8014810580190774,1.220410736130732,3.1149193836753155
1,1.07,local,0.75,paper,affine_fit,1.365602544099454,0.9864530416676698,1.384356362053286
1,1.07,local,0.75,paper,released,1.3354883772880355,1.2352266251885369,1.081168710303824
1,1.07,local,0.75,paper,tail_linear,1.331811261823041,1.126075268484716,1.1827018131880032
1,1.07,local,0.75,paper,block_split,1.3623187988426149,1.2638214660334937,1.077936113174478
1,1.07,local,0.75,dpr,affine_fit,0.9365679973468092,0.9247956287206544,1.0127296975251068
1,1.07,local,0.75,dpr,released,1.2122966716943189,1.1521617471657302,1.052193127116499
1,1.07,local,0.75,dpr,tail_linear,1.0882460594035628,1.0528969744951489,1.0335731660026504
1,1.07,local,0.75,dpr,block_split,1.230619371575605,1.1768049711423432,1.0457292429526563
1,1.07,local,0.75,top,affine_fit,3.5657797069335286,1.064032885394231,3.351193140625898
1,1.07,local,0.75,top,released,3.6996083882370807,1.370480118987766,2.699498035016812
1,1.07,local,0.75,top,tail_linear,3.69886833984161,1.2330623825538225,2.999741450372367
1,1.07,local,0.75,top,block_split,3.709765740340315,1.3937721087875745,2.6616731077847406
1,1.07,local,0.875,paper,affine_fit,1.5358757135289505,1.0870508121081552,1.4128830928798752
1,1.07,local,0.875,paper,released,1.53744966808942,1.4316266616390148,1.0739180187726125
1,1.07,local,0.875,paper,tail_linear,1.5246838332675525,1.274967666922836,1.1958607836286643
1,1.07,local,0.875,paper,block_split,1.5635787363207558,1.4418913425664783,1.0843942883641158
1,1.07,local,0.875,dpr,affine_fit,1.0743278538809933,1.0706484032792076,1.0034366563201478
1,1.07,local,0.875,dpr,released,1.4143461169767053,1.3944070269817328,1.0142993326978076
1,1.07,local,0.875,dpr,tail_linear,1.2597916348851461,1.2481780893392178,1.0093043978620684
1,1.07,local,0.875,dpr,block_split,1.4322182017134315,1.4158926588968737,1.0115302122049825
1,1.07,local,0.875,top,affine_fit,2.74646249763489,1.143570107309586,2.401656426728694
1,1.07,local,0.875,top,released,2.8112312760731792,1.5083921581196582,1.8637270559518309
1,1.07,local,0.875,top,tail_linear,2.7992343977872305,1.3423842707825737,2.0852705582994893
1,1.07,local,0.875,top,block_split,2.854572559702329,1.5146472434379123,1.8846451357367437
1,1.07,hot-cold,0.125,paper,affine_fit,0.2142767126861783,0.1614743340777198,1.3270016805459868
1,1.07,hot-cold,0.125,paper,released,0.21429195180668748,0.20437567244846658,1.0485198616812932
1,1.07,hot-cold,0.125,paper,tail_linear,0.21429195180668748,0.18538302417408486,1.155941612029457
1,1.07,hot-cold,0.125,paper,block_split,0.21429195180668748,0.21280907010659386,1.0069681320413215
1,1.07,hot-cold,0.125,dpr,affine_fit,0.159761628162525,0.159761628162525,1.0
1,1.07,hot-cold,0.125,dpr,released,0.20204944528238647,0.20204944528238647,1.0
1,1.07,hot-cold,0.125,dpr,tail_linear,0.18334009678439583,0.18334009678439583,1.0
1,1.07,hot-cold,0.125,dpr,block_split,0.21127728705599427,0.21127728705599427,1.0
1,1.07,hot-cold,0.125,top,affine_fit,4.571116839644845,0.233897327063103,19.54326240937164
1,1.07,hot-cold,0.125,top,released,4.295172763803807,0.3027418497569968,14.187575213837905
1,1.07,hot-cold,0.125,top,tail_linear,4.295172763803807,0.27176966808093506,15.804459688726823
1,1.07,hot-cold,0.125,top,block_split,4.295172763803807,0.3101289635618165,13.8496344052292
1,1.07,hot-cold,0.25,paper,affine_fit,0.3735489963015048,0.3129264714356664,1.1937276977166875
1,1.07,hot-cold,0.25,paper,released,0.4170638530174662,0.41008061756326464,1.0170289332270726
1,1.07,hot-cold,0.25,paper,tail_linear,0.3994761403688606,0.36603617477658584,1.0913569966484464
1,1.07,hot-cold,0.25,paper,block_split,0.42377871811259404,0.41354981987757333,1.0247343796160977
1,1.07,hot-cold,0.25,dpr,affine_fit,0.3085223705108796,0.3085223705108796,1.0
1,1.07,hot-cold,0.25,dpr,released,0.40409889056477294,0.40409889056477294,1.0
1,1.07,hot-cold,0.25,dpr,tail_linear,0.3607829329173855,0.3607829329173855,1.0
1,1.07,hot-cold,0.25,dpr,block_split,0.409084184669224,0.409084184669224,1.0
1,1.07,hot-cold,0.25,top,affine_fit,6.78804411505723,0.3941576662706232,17.221646807693073
1,1.07,hot-cold,0.25,top,released,6.684411092991614,0.5204102488687783,12.844503173259165
1,1.07,hot-cold,0.25,top,tail_linear,6.684411092991614,0.4629293024018368,14.439377801989604
1,1.07,hot-cold,0.25,top,block_split,6.684411092991614,0.521816408546265,12.809890573609596
1,1.07,hot-cold,0.375,paper,affine_fit,0.567291971000938,0.4577724574064327,1.2392444364499382
1,1.07,hot-cold,0.375,paper,released,0.6155331020958498,0.6068129721803251,1.0143703749183088
1,1.07,hot-cold,0.375,paper,tail_linear,0.594129514908099,0.5388094625902863,1.102670899749729
1,1.07,hot-cold,0.375,paper,block_split,0.6240817781512592,0.6094641053569237,1.0239844687584592
1,1.07,hot-cold,0.375,dpr,affine_fit,0.4572831128592342,0.4572831128592342,1.0
1,1.07,hot-cold,0.375,dpr,released,0.6061483358471593,0.6061483358471593,1.0
1,1.07,hot-cold,0.375,dpr,tail_linear,0.5382257690503751,0.5382257690503751,1.0
1,1.07,hot-cold,0.375,dpr,block_split,0.6085976309921962,0.6085976309921962,1.0
1,1.07,hot-cold,0.375,top,affine_fit,7.541853577184955,0.541205702703783,13.935281057658814
1,1.07,hot-cold,0.375,top,released,7.555089594016715,0.7201334669850846,10.491235222891252
1,1.07,hot-cold,0.375,top,tail_linear,7.555089594016715,0.6383292111451374,11.83572592653747
1,1.07,hot-cold,0.375,top,block_split,7.555089594016715,0.7211252145960696,10.476806858360396
1,1.07,hot-cold,0.5,paper,affine_fit,0.7595669120587755,0.594299586074824,1.2780875670392
1,1.07,hot-cold,0.5,paper,released,0.832166464573914,0.7922465091335679,1.050388300838339
1,1.07,hot-cold,0.5,paper,tail_linear,0.799176494694577,0.7016599602254971,1.1389797622736522
1,1.07,hot-cold,0.5,paper,block_split,0.8546661402849202,0.7968788738059326,1.0725170014898158
1,1.07,hot-cold,0.5,dpr,affine_fit,0.6060438552075889,0.6060438552075889,1.0
1,1.07,hot-cold,0.5,dpr,released,0.8081977811295459,0.8081977811295459,1.0
1,1.07,hot-cold,0.5,dpr,tail_linear,0.7156686051833647,0.7156686051833647,1.0
1,1.07,hot-cold,0.5,dpr,block_split,0.8103229914529915,0.8103229914529915,1.0
1,1.07,hot-cold,0.5,top,affine_fit,8.02064089395842,0.6904557895993361,11.61644382562526
1,1.07,hot-cold,0.5,top,released,7.985747000083946,0.9228475486006369,8.653376185690867
1,1.07,hot-cold,0.5,top,tail_linear,7.985747000083946,0.8163557408180382,9.782190043867079
1,1.07,hot-cold,0.5,top,block_split,7.985747000083946,0.9346529233422088,8.54407748656887
1,1.07,hot-cold,0.625,paper,affine_fit,0.9518418531166132,0.7340074543000057,1.2967740961491292
1,1.07,hot-cold,0.625,paper,released,1.0323810964828433,0.9820001822523883,1.0513043837882978
1,1.07,hot-cold,0.625,paper,tail_linear,0.9970322223429439,0.8683044658701305,1.1482518650227311
1,1.07,hot-cold,0.625,paper,block_split,1.060705782249154,0.9888067416299355,1.0727129352907738
1,1.07,hot-cold,0.625,dpr,affine_fit,0.7548045975559434,0.7548045975559434,1.0
1,1.07,hot-cold,0.625,dpr,released,1.0102472264119324,1.0102472264119324,1.0
1,1.07,hot-cold,0.625,dpr,tail_linear,0.8931114413163544,0.8931114413163544,1.0
1,1.07,hot-cold,0.625,dpr,block_split,1.0105830068184,1.0105830068184,1.0
1,1.07,hot-cold,0.625,top,affine_fit,8.00438834909422,0.8375038260324958,9.557434963626834
1,1.07,hot-cold,0.625,top,released,8.03436381310313,1.1225707667169433,7.157111205202975
1,1.07,hot-cold,0.625,top,tail_linear,8.03436381310313,0.9917556495613388,8.101152553712996
1,1.07,hot-cold,0.625,top,block_split,8.03436381310313,1.1323212182910023,7.095481108469637
1,1.07,hot-cold,0.75,paper,affine_fit,1.134583942001876,0.8768960620819779,1.2938636527892262
1,1.07,hot-cold,0.75,paper,released,1.2314022733736243,1.1760739915367857,1.0470448987351049
1,1.07,hot-cold,0.75,paper,tail_linear,1.1920640758518912,1.0387429795241863,1.14760253436123
1,1.07,hot-cold,0.75,paper,block_split,1.2726767198213707,1.1828271637156034,1.0759616948798536
1,1.07,hot-cold,0.75,dpr,affine_fit,0.903565339904298,0.903565339904298,1.0
1,1.07,hot-cold,0.75,dpr,released,1.2122966716943187,1.2122966716943187,1.0
1,1.07,hot-cold,0.75,dpr,tail_linear,1.070554277449344,1.070554277449344,1.0
1,1.07,hot-cold,0.75,dpr,block_split,1.2241487675518927,1.2241487675518927,1.0
1,1.07,hot-cold,0.75,top,affine_fit,7.394087970264819,0.9813711229088652,7.534446243280656
1,1.07,hot-cold,0.75,top,released,7.522694936134272,1.3179738486676722,5.707772535653038
1,1.07,hot-cold,0.75,top,tail_linear,7.501065865451026,1.1633615502952168,6.447751228796879
1,1.07,hot-cold,0.75,top,block_split,7.5435534320246616,1.3264182531941013,5.687160451734809
1,1.07,hot-cold,0.875,paper,affine_fit,1.3048571114313727,1.0249227876095348,1.2731272318324964
1,1.07,hot-cold,0.875,paper,released,1.4425608781864399,1.3771264823194234,1.0475151677838688
1,1.07,hot-cold,0.875,paper,tail_linear,1.3868491099149203,1.2153102753473093,1.1411481808779975
1,1.07,hot-cold,0.875,paper,block_split,1.4946239110257495,1.381631298116409,1.0817820304616612
1,1.07,hot-cold,0.875,dpr,affine_fit,1.0523260822526526,1.0523260822526526,1.0
1,1.07,hot-cold,0.875,dpr,released,1.414346116976705,1.414346116976705,1.0
1,1.07,hot-cold,0.875,dpr,tail_linear,1.2479971135823336,1.2479971135823336,1.0
1,1.07,hot-cold,0.875,dpr,block_split,1.4237962238094493,1.4237962238094493,1.0
1,1.07,hot-cold,0.875,top,affine_fit,5.551688380248335,1.1103134110956792,5.0001092707416905
1,1.07,hot-cold,0.875,top,released,5.936424275518235,1.4931055224568461,3.9758906428462493
1,1.07,hot-cold,0.875,top,tail_linear,5.887517483508191,1.3171647980618049,4.469841201474269
1,1.07,hot-cold,0.875,top,block_split,5.965504457707043,1.494142438481808,3.992594215962815
1,1.25,random,0.125,paper,affine_fit,0.2032758268720079,0.1759099982200766,1.1555672157855097
1,1.25,random,0.125,paper,released,0.2039301363511778,0.22398244427685607,0.9104737516798754
1,1.25,random,0.125,paper,tail_linear,0.2039301363511778,0.2026019836014638,1.0065554775234904
1,1.25,random,0.125,paper,block_split,0.2039301363511778,0.22566979168414003,0.9036660814426138
1,1.25,random,0.125,dpr,affine_fit,0.159761628162525,0.159761628162525,1.0
1,1.25,random,0.125,dpr,released,0.20204944528238647,0.20204944528238647,1.0
1,1.25,random,0.125,dpr,tail_linear,0.18334009678439583,0.18334009678439583,1.0
1,1.25,random,0.125,dpr,block_split,0.21127728705599427,0.21127728705599427,1.0
1,1.25,random,0.125,top,affine_fit,5.89122313734529,0.5074221959514907,11.610101379775841
1,1.25,random,0.125,top,released,5.285602743808662,0.6443649250041896,8.202809524081863
1,1.25,random,0.125,top,tail_linear,5.285602743808662,0.5835826688980786,9.057161950660635
1,1.25,random,0.125,top,block_split,5.285602743808662,0.6602003383614792,8.00605882288209
1,1.25,random,0.25,paper,affine_fit,0.4285534253723566,0.3545113914497452,1.2088565719138744
1,1.25,random,0.25,paper,released,0.42597238225007267,0.45162038838612373,0.943208927684366
1,1.25,random,0.25,paper,tail_linear,0.42597238225007267,0.4084142816724389,1.04299090743285
1,1.25,random,0.25,paper,block_split,0.42597238225007267,0.45450390371848304,0.937224914384712
1,1.25,random,0.25,dpr,affine_fit,0.31952325632505,0.31952325632505,1.0
1,1.25,random,0.25,dpr,released,0.4040988905647729,0.4040988905647729,1.0
1,1.25,random,0.25,dpr,tail_linear,0.36668019356879167,0.36668019356879167,1.0
1,1.25,random,0.25,dpr,block_split,0.4089398567204045,0.4089398567204045,1.0
1,1.25,random,0.25,top,affine_fit,10.099310745122512,0.7298292926532248,13.837908188649747
1,1.25,random,0.25,top,released,9.361811038816645,0.9464421384280208,9.891583075924755
1,1.25,random,0.25,top,tail_linear,9.361811038816645,0.8488713827876965,11.028538867775735
1,1.25,random,0.25,top,block_split,9.361811038816645,0.9595568329465448,9.756390364152798
1,1.25,random,0.375,paper,affine_fit,0.6442981717001306,0.5250385996506379,1.2271443892484253
1,1.25,random,0.375,paper,released,0.6333091142818787,0.6682918329981565,0.947653529507708
1,1.25,random,0.375,paper,tail_linear,0.6333091142818787,0.6045956363348801,1.0474920363651028
1,1.25,random,0.375,paper,block_split,0.6333091142818787,0.6764383329271404,0.9362407235872792
1,1.25,random,0.375,dpr,affine_fit,0.4682839986734046,0.4682746321756079,1.0000200021465036
1,1.25,random,0.375,dpr,released,0.6061483358471593,0.5912626017507344,1.0251761806891695
1,1.25,random,0.375,dpr,tail_linear,0.5441230297017813,0.5369268609645429,1.0134025120745702
1,1.25,random,0.375,dpr,block_split,0.60894931903011,0.5967587575021458,1.020427955810804
1,1.25,random,0.375,top,affine_fit,12.943288511942608,0.8790793795487779,14.723685725157448
1,1.25,random,0.375,top,released,12.421819669650706,1.1491562200435732,10.809513496067314
1,1.25,random,0.375,top,tail_linear,12.421819669650706,1.0268979124605973,12.096450405558048
1,1.25,random,0.375,top,block_split,12.421819669650706,1.1628283851630354,10.682418685461563
1,1.25,random,0.5,paper,affine_fit,0.8585748843863088,0.6857882834053567,1.2519532706551377
1,1.25,random,0.5,paper,released,0.847405253771153,0.8866248684431037,0.9557652666106472
1,1.25,random,0.5,paper,tail_linear,0.847405253771153,0.7963389641956928,1.0641263229246072
1,1.25,random,0.5,paper,block_split,0.847405253771153,0.8908755547071866,0.9512049682962495
1,1.25,random,0.5,dpr,affine_fit,0.6280456268359296,0.6280456268359296,1.0
1,1.25,random,0.5,dpr,released,0.8081977811295458,0.8081977811295458,1.0
1,1.25,random,0.5,dpr,tail_linear,0.7274631264861772,0.7274631264861772,1.0
1,1.25,random,0.5,dpr,block_split,0.8196845092346224,0.8196845092346224,1.0
1,1.25,random,0.5,top,affine_fit,13.741101517327015,0.9872338909774508,13.91879031191087
1,1.25,random,0.5,top,released,13.748700897592805,1.3109951671694318,10.48722469914028
1,1.25,random,0.5,top,tail_linear,13.748700897592805,1.1631300287775561,11.820433276959259
1,1.25,random,0.5,top,block_split,13.748700897592805,1.3202753773559666,10.413510039948237
1,1.25,random,0.625,paper,affine_fit,1.0618507112583169,0.8313682861969208,1.2772326403208543
1,1.25,random,0.625,paper,released,1.0585735323912708,1.0843541775599128,0.976224885095518
1,1.25,random,0.625,paper,tail_linear,1.054272001092598,0.96998779231926,1.0868920304366025
1,1.25,random,0.625,paper,block_split,1.0599420347763597,1.0879910955327563,0.974219402280437
1,1.25,random,0.625,dpr,affine_fit,0.7658054833701138,0.7658054833701138,1.0
1,1.25,random,0.625,dpr,released,1.0102472264119322,1.0102472264119322,1.0
1,1.25,random,0.625,dpr,tail_linear,0.8990087019677606,0.8990087019677606,1.0
1,1.25,random,0.625,dpr,block_split,1.0221350358540158,1.0221350358540158,1.0
1,1.25,random,0.625,top,affine_fit,13.218808225010976,1.070422464001202,12.34915061068462
1,1.25,random,0.625,top,released,13.86337895468712,1.4239833438076084,9.735632804255731
1,1.25,random,0.625,top,tail_linear,13.86337895468712,1.2623579305624517,10.9821300433469
1,1.25,random,0.625,top,block_split,13.86337895468712,1.4277904103549202,9.709673670690197
1,1.25,random,0.75,paper,affine_fit,1.2665945717719205,0.9666814199951124,1.3102502495375616
1,1.25,random,0.75,paper,released,1.2716446429706927,1.2830804411764705,0.9910872320715198
1,1.25,random,0.75,paper,tail_linear,1.2613417817150006,1.1386149001012877,1.1077861194358123
1,1.25,random,0.75,paper,block_split,1.2846597748020303,1.2868553376417622,0.9982938541920684
1,1.25,random,0.75,dpr,affine_fit,0.9255671115326388,0.9255671115326388,1.0
1,1.25,random,0.75,dpr,released,1.2122966716943189,1.2122966716943189,1.0
1,1.25,random,0.75,dpr,tail_linear,1.0823487987521565,1.0823487987521565,1.0
1,1.25,random,0.75,dpr,block_split,1.2168805945063303,1.2168805945063303,1.0
1,1.25,random,0.75,top,affine_fit,10.903370544985169,1.1318445711724143,9.63327547146423
1,1.25,random,0.75,top,released,11.74208412915521,1.5223495211161386,7.71313286882127
1,1.25,random,0.75,top,tail_linear,11.74208412915521,1.3428473138178956,8.744169205485383
1,1.25,random,0.75,top,block_split,11.74208412915521,1.526985822402014,7.689713916717582
1,1.25,random,0.875,paper,affine_fit,1.4148659695730763,1.0829101164525612,1.3065405411558524
1,1.25,random,0.875,paper,released,1.4572395866509493,1.4558858877995644,1.0009298110949003
1,1.25,random,0.875,paper,tail_linear,1.432956748674571,1.2844779598267804,1.1155946567333968
1,1.25,random,0.875,paper,block_split,1.5088123917451837,1.4678393996463304,1.0279138113534256
1,1.25,random,0.875,dpr,affine_fit,1.0523260822526526,1.0523260822526526,1.0
1,1.25,random,0.875,dpr,released,1.414346116976705,1.414346116976705,1.0
1,1.25,random,0.875,dpr,tail_linear,1.2479971135823336,1.2479971135823336,1.0
1,1.25,random,0.875,dpr,block_split,1.4237962238094493,1.4237962238094493,1.0
1,1.25,random,0.875,top,affine_fit,6.981803536090483,1.1775982863354777,5.928849945779801
1,1.25,random,0.875,top,released,7.633294055082475,1.5844930182671357,4.817499330751579
1,1.25,random,0.875,top,tail_linear,7.633294055082475,1.397422659799588,5.462408958057977
1,1.25,random,0.875,top,block_split,7.633294055082475,1.5851482967521369,4.815507842845105
1,1.25,local,0.125,paper,affine_fit,0.2692811417570302,0.2311590995645278,1.1649169003700013
1,1.25,local,0.125,paper,released,0.26243124700403253,0.24313876799700382,1.0793476053447242
1,1.25,local,0.125,paper,tail_linear,0.26243124700403253,0.23708540338717807,1.1069059640734729
1,1.25,local,0.125,paper,block_split,0.26243124700403253,0.25284663592144996,1.0379068167059187
1,1.25,local,0.125,dpr,affine_fit,0.1817633997908657,0.1748844766366962,1.0393340980655459
1,1.25,local,0.125,dpr,released,0.20204944528238644,0.17476052964503255,1.1561503372230684
1,1.25,local,0.125,dpr,tail_linear,0.19513461808720822,0.17476052964503255,1.1165828947964327
1,1.25,local,0.125,dpr,block_split,0.22150564714256255,0.17476052964503255,1.2674809786424717
1,1.25,local,0.125,top,affine_fit,1.3478572960929254,0.2866903391737648,4.701439539181614
1,1.25,local,0.125,top,released,1.4273253342275505,0.306382460457892,4.658639179587489
1,1.25,local,0.125,top,tail_linear,1.4273253342275505,0.2989010337099316,4.775243887623011
1,1.25,local,0.125,top,block_split,1.4273253342275505,0.3239557403551096,4.405926972193681
1,1.25,local,0.25,paper,affine_fit,0.5055596260715493,0.4102592038391915,1.232293197423823
1,1.25,local,0.25,paper,released,0.48803134877965404,0.4740462906235659,1.029501461002241
1,1.25,local,0.25,paper,tail_linear,0.48803134877965404,0.44841055167421784,1.0883583068183948
1,1.25,local,0.25,paper,block_split,0.48803134877965404,0.49677919665992826,0.9823908731704347
1,1.25,local,0.25,dpr,affine_fit,0.3525259137675611,0.3473690630263831,1.0148454519704488
1,1.25,local,0.25,dpr,released,0.4170108750195621,0.38797559719741376,1.0748378971045807
1,1.25,local,0.25,dpr,tail_linear,0.3890509215781892,0.37198361390154167,1.045881880380798
1,1.25,local,0.25,dpr,block_split,0.4275482782360937,0.4084949366580561,1.046642785180926
1,1.25,local,0.25,top,affine_fit,2.420692446831591,0.5125322142036853,4.723005461408098
1,1.25,local,0.25,top,released,2.494348076460406,0.6166235847414381,4.045171378753431
1,1.25,local,0.25,top,tail_linear,2.494348076460406,0.5708041821312477,4.369884024232444
1,1.25,local,0.25,top,block_split,2.494348076460406,0.6258427848553265,3.985582540568897
1,1.25,local,0.375,paper,affine_fit,0.7103034865851529,0.5739449548771015,1.237581201035646
1,1.25,local,0.375,paper,released,0.6954386712066966,0.7006601669162894,0.992547748600333
1,1.25,local,0.375,paper,tail_linear,0.6954386712066966,0.644480086769511,1.0790692924161833
1,1.25,local,0.375,paper,block_split,0.6954386712066966,0.7265024750954144,0.9572419847783201
1,1.25,local,0.375,dpr,affine_fit,0.4902857703017453,0.4822022187751728,1.01676382067902
1,1.25,local,0.375,dpr,released,0.6061483358471594,0.5814428162168738,1.042490024713059
1,1.25,local,0.375,dpr,tail_linear,0.5559175510045937,0.5385778255604762,1.0321953942795041
1,1.25,local,0.375,dpr,block_split,0.6161679267766884,0.5963797097941327,1.033180567107802
1,1.25,local,0.375,top,affine_fit,3.229506338030168,0.6962810916767352,4.6382220867912665
1,1.25,local,0.375,top,released,3.3971416627547537,0.8664567956698493,3.9207282806622303
1,1.25,local,0.375,top,tail_linear,3.3971416627547537,0.7901219600026768,4.299515561804212
1,1.25,local,0.375,top,block_split,3.3971416627547537,0.8986940147881448,3.7800871118025468
1,1.25,local,0.5,paper,affine_fit,0.946581970899672,0.7442368573021917,1.2718826830627117
1,1.25,local,0.5,paper,released,0.9193004558352551,0.9346076247547325,0.9836218231972006
1,1.25,local,0.5,paper,tail_linear,0.9193004558352551,0.8495309674160637,1.0821270690477622
1,1.25,local,0.5,paper,block_split,0.9193004558352551,0.9595014489005087,0.9581022070249922
1,1.25,local,0.5,dpr,affine_fit,0.6390465126501,0.6360917123713155,1.0046452425354973
1,1.25,local,0.5,dpr,released,0.8081977811295459,0.7857176517014509,1.0286109512487276
1,1.25,local,0.5,dpr,tail_linear,0.7333603871375833,0.7194197223978482,1.0193776516068678
1,1.25,local,0.5,dpr,block_split,0.8299515702244296,0.8165452313044383,1.0164183665595286
1,1.25,local,0.5,top,affine_fit,3.477275052706056,0.8474885567610825,4.103034813821496
1,1.25,local,0.5,top,released,3.56084420713537,1.067898854307159,3.334439579903479
1,1.25,local,0.5,top,tail_linear,3.56084420713537,0.9699407295848305,3.671197732524893
1,1.25,local,0.5,top,block_split,3.56084420713537,1.08641905990956,3.277597327344198
1,1.25,local,0.625,paper,affine_fit,1.127856026143339,0.8802652749255877,1.2812683383866086
1,1.25,local,0.625,paper,released,1.121405520528242,1.1051602325480983,1.0146994865556174
1,1.25,local,0.625,paper,tail_linear,1.1136003226072633,1.0050975952011503,1.107952429618935
1,1.25,local,0.625,paper,block_split,1.1350950949051792,1.121678258374305,1.0119613948391224
1,1.25,local,0.625,dpr,affine_fit,0.798808140812625,0.7965873573546383,1.0027878718353773
1,1.25,local,0.625,dpr,released,1.0102472264119322,0.9960406465326361,1.0142630523450538
1,1.25,local,0.625,dpr,tail_linear,0.9167004839219792,0.9063502499784556,1.0114196845466414
1,1.25,local,0.625,dpr,block_split,1.0398919482902265,1.0091933888644502,1.030418906588675
1,1.25,local,0.625,top,affine_fit,3.703041995753604,0.9730054331175068,3.8057773057742006
1,1.25,local,0.625,top,released,3.812684643966357,1.2445765539399922,3.0634392331242544
1,1.25,local,0.625,top,tail_linear,3.8123088381405323,1.1216591407548007,3.3988122591102914
1,1.25,local,0.625,top,block_split,3.824323642669803,1.2524103192929514,3.053570849550989
1,1.25,local,0.75,paper,affine_fit,1.310598115028602,0.9977173327510328,1.3135966190091681
1,1.25,local,0.75,paper,released,1.3211168062043297,1.2807298634202666,1.0315343179991192
1,1.25,local,0.75,paper,tail_linear,1.3082815918453867,1.153198711019563,1.1344806227616335
1,1.25,local,0.75,paper,block_split,1.348617104643576,1.2887601482291848,1.0464453812423027
1,1.25,local,0.75,dpr,affine_fit,0.9365679973468092,0.9284657128246434,1.0087265306734015
1,1.25,local,0.75,dpr,released,1.2122966716943187,1.1709858720327195,1.0352786490838592
1,1.25,local,0.75,dpr,tail_linear,1.0882460594035626,1.0628694267569396,1.0238755881087416
1,1.25,local,0.75,dpr,block_split,1.2299481014760238,1.18108154295673,1.041374415518306
1,1.25,local,0.75,top,affine_fit,3.30175844739344,1.06770296949822,3.092394178640471
1,1.25,local,0.75,top,released,3.4394212065969603,1.3829640226064812,2.4869925394838983
1,1.25,local,0.75,top,tail_linear,3.437536395839746,1.2405393962469322,2.7710013936191804
1,1.25,local,0.75,top,block_split,3.457943887113015,1.396429405750967,2.4762754729111522
1,1.25,local,0.875,paper,affine_fit,1.403865083758906,1.0948709583655352,1.2822196744122696
1,1.25,local,0.875,paper,released,1.483158850382297,1.4349913860317194,1.0335663787388847
1,1.25,local,0.875,paper,tail_linear,1.445902038972825,1.2803964325435329,1.1292612211520396
1,1.25,local,0.875,paper,block_split,1.5433340512683618,1.439120956287146,1.0724144100090653
1,1.25,local,0.875,dpr,affine_fit,1.0743278538809933,1.0728410872438043,1.0013858218657608
1,1.25,local,0.875,dpr,released,1.4143461169767053,1.3905432044079402,1.0171177080246852
1,1.25,local,0.875,dpr,tail_linear,1.2597916348851461,1.2471877359259633,1.0101058554346873
1,1.25,local,0.875,dpr,block_split,1.4177447027143393,1.4019516160681398,1.0112650725354504
1,1.25,local,0.875,top,affine_fit,2.383433265767268,1.1452734467269845,2.0811041001419825
1,1.25,local,0.875,top,released,2.441926418323773,1.4977225416576887,1.6304264310671546
1,1.25,local,0.875,top,tail_linear,2.4260731941020515,1.3368140502956438,1.8148172466959873
1,1.25,local,0.875,top,block_split,2.493506567099829,1.5011053732462822,1.661113611036769
1,1.25,hot-cold,0.125,paper,affine_fit,0.2142767126861783,0.1639210568137125,1.307194553593516
1,1.25,hot-cold,0.125,paper,released,0.21345861598213414,0.20769885411429528,1.027731312685381
1,1.25,hot-cold,0.125,paper,tail_linear,0.21345861598213414,0.18830149187364062,1.1336002378853969
1,1.25,hot-cold,0.125,paper,block_split,0.21345861598213414,0.2148397554265687,0.9935713041485629
1,1.25,hot-cold,0.125,dpr,affine_fit,0.159761628162525,0.159761628162525,1.0
1,1.25,hot-cold,0.125,dpr,released,0.20204944528238647,0.20204944528238647,1.0
1,1.25,hot-cold,0.125,dpr,tail_linear,0.18334009678439583,0.18334009678439583,1.0
1,1.25,hot-cold,0.125,dpr,block_split,0.21127728705599427,0.21127728705599427,1.0
1,1.25,hot-cold,0.125,top,affine_fit,4.648123040344037,0.2427055289126766,19.15128617451641
1,1.25,hot-cold,0.125,top,released,4.330485211171384,0.3147053037539802,13.760445596292605
1,1.25,hot-cold,0.125,top,tail_linear,4.330485211171384,0.2822761517993358,15.34130738132577
1,1.25,hot-cold,0.125,top,block_split,4.330485211171384,0.3177592124315313,13.62819720641298
1,1.25,hot-cold,0.25,paper,affine_fit,0.4065516537440159,0.3014268745765008,1.348757154833037
1,1.25,hot-cold,0.25,paper,released,0.42063236353019273,0.39446166373386965,1.0663453567289611
1,1.25,hot-cold,0.25,paper,tail_linear,0.41487386195293724,0.3523193765886738,1.1775505110446838
1,1.25,hot-cold,0.25,paper,block_split,0.42134572536757864,0.4044357216166642,1.0418113505981113
1,1.25,hot-cold,0.25,dpr,affine_fit,0.3085223705108796,0.3085223705108796,1.0
1,1.25,hot-cold,0.25,dpr,released,0.40409889056477294,0.40409889056477294,1.0
1,1.25,hot-cold,0.25,dpr,tail_linear,0.3607829329173855,0.3607829329173855,1.0
1,1.25,hot-cold,0.25,dpr,block_split,0.409084184669224,0.409084184669224,1.0
1,1.25,hot-cold,0.25,top,affine_fit,6.777043229243059,0.4054125908561895,16.71641034860472
1,1.25,hot-cold,0.25,top,released,6.60215963479853,0.5356968845315904,12.324431643038977
1,1.25,hot-cold,0.25,top,tail_linear,6.60215963479853,0.47635425381979324,13.859768401052536
1,1.25,hot-cold,0.25,top,block_split,6.60215963479853,0.547178626663376,12.065821494267126
1,1.25,hot-cold,0.375,paper,affine_fit,0.567291971000938,0.4492089278304584,1.262868869816957
1,1.25,hot-cold,0.375,paper,released,0.6121048788749963,0.5951818363499246,1.0284333988228804
1,1.25,hot-cold,0.375,paper,tail_linear,0.5925745391882804,0.5285948256418411,1.1210373436190044
1,1.25,hot-cold,0.375,paper,block_split,0.6196756872796465,0.6023141616161616,1.0288247010777558
1,1.25,hot-cold,0.375,dpr,affine_fit,0.4572831128592342,0.4572831128592342,1.0
1,1.25,hot-cold,0.375,dpr,released,0.6061483358471593,0.6061483358471593,1.0
1,1.25,hot-cold,0.375,dpr,tail_linear,0.5382257690503751,0.5382257690503751,1.0
1,1.25,hot-cold,0.375,dpr,block_split,0.6085976309921962,0.6085976309921962,1.0
1,1.25,hot-cold,0.375,top,affine_fit,7.629860663698317,0.5507479213741544,13.853634970897907
1,1.25,hot-cold,0.375,top,released,7.557870293779125,0.7330938754818166,10.309553178045324
1,1.25,hot-cold,0.375,top,tail_linear,7.557870293779125,0.6497112351734048,11.63266061077421
1,1.25,hot-cold,0.375,top,block_split,7.557870293779125,0.7437407756540123,10.161968445434598
1,1.25,hot-cold,0.5,paper,affine_fit,0.7265642546162644,0.5999270483676071,1.2110876757319666
1,1.25,hot-cold,0.5,paper,released,0.8246860499054727,0.799889826964974,1.0309995478184577
1,1.25,hot-cold,0.5,paper,tail_linear,0.7817401164558204,0.7083724359344754,1.1035721843475732
1,1.25,hot-cold,0.5,paper,block_split,0.8397245200354699,0.8024794299509006,1.0464125168751655
1,1.25,hot-cold,0.5,dpr,affine_fit,0.6060438552075889,0.6060438552075889,1.0
1,1.25,hot-cold,0.5,dpr,released,0.8081977811295459,0.8081977811295459,1.0
1,1.25,hot-cold,0.5,dpr,tail_linear,0.7156686051833647,0.7156686051833647,1.0
1,1.25,hot-cold,0.5,dpr,block_split,0.8103229914529915,0.8103229914529915,1.0
1,1.25,hot-cold,0.5,top,affine_fit,7.767620520232501,0.7009766973641046,11.081139429372225
1,1.25,hot-cold,0.5,top,released,7.787628408570149,0.9371372297637003,8.3100192386272
1,1.25,hot-cold,0.5,top,tail_linear,7.787628408570149,0.8289051519261279,9.395077820995596
1,1.25,hot-cold,0.5,top,block_split,7.787628408570149,0.9423662606266792,8.263908348534603
1,1.25,hot-cold,0.625,paper,affine_fit,0.9078383098599316,0.7411029502343844,1.224982722809044
1,1.25,hot-cold,0.625,paper,released,1.0190630168585189,0.9916374090832913,1.0276568910410318
1,1.25,hot-cold,0.625,paper,tail_linear,0.9710176874338273,0.8767680221988422,1.1074966956466055
1,1.25,hot-cold,0.625,paper,block_split,1.03755944303549,0.9948658999497235,1.0429138671733789
1,1.25,hot-cold,0.625,dpr,affine_fit,0.7548045975559434,0.7548045975559434,1.0
1,1.25,hot-cold,0.625,dpr,released,1.0102472264119324,1.0102472264119324,1.0
1,1.25,hot-cold,0.625,dpr,tail_linear,0.8931114413163544,0.8931114413163544,1.0
1,1.25,hot-cold,0.625,dpr,block_split,1.0105830068184,1.0105830068184,1.0
1,1.25,hot-cold,0.625,top,affine_fit,7.784370632810812,0.8472907169764665,9.187366835068278
1,1.25,hot-cold,0.625,top,released,7.813149775698175,1.135863493380258,6.878599251787497
1,1.25,hot-cold,0.625,top,tail_linear,7.81111464261063,1.0034295203595618,7.784417823198635
1,1.25,hot-cold,0.625,top,block_split,7.818135069802626,1.1392301752813698,6.862647460923938
1,1.25,hot-cold,0.75,paper,affine_fit,1.0795795129310242,0.8781194234499743,1.2294221994196977
1,1.25,hot-cold,0.75,paper,released,1.2248248106330464,1.1777355823697,1.0399828526608654
1,1.25,hot-cold,0.75,paper,tail_linear,1.1614466035146986,1.0402022133739641,1.1165584812086395
1,1.25,hot-cold,0.75,paper,block_split,1.2586474543537884,1.18353198638153,1.0634672056493486
1,1.25,hot-cold,0.75,dpr,affine_fit,0.903565339904298,0.903565339904298,1.0
1,1.25,hot-cold,0.75,dpr,released,1.2122966716943187,1.2122966716943187,1.0
1,1.25,hot-cold,0.75,dpr,tail_linear,1.070554277449344,1.070554277449344,1.0
1,1.25,hot-cold,0.75,dpr,block_split,1.2241487675518927,1.2241487675518927,1.0
1,1.25,hot-cold,0.75,top,affine_fit,7.570102143291544,0.9899346524848396,7.647072586346781
1,1.25,hot-cold,0.75,top,released,7.6900391471587195,1.3296049844980726,5.783702104622989
1,1.25,hot-cold,0.75,top,tail_linear,7.674220612705536,1.1735761872436619,6.539175467363321
1,1.25,hot-cold,0.75,top,block_split,7.6999767595754465,1.3331062091316424,5.775966466011025
1,1.25,hot-cold,0.875,paper,affine_fit,1.260853568174691,1.005838350268792,1.2535349918182688
1,1.25,hot-cold,0.875,paper,released,1.4340569811572919,1.3512056653259594,1.0613165841125642
1,1.25,hot-cold,0.875,paper,tail_linear,1.360063704866413,1.1925462272907743,1.140470426841402
1,1.25,hot-cold,0.875,paper,block_split,1.4782542221707113,1.3517495291882218,1.093585897572652
1,1.25,hot-cold,0.875,dpr,affine_fit,1.0523260822526526,1.0523260822526526,1.0
1,1.25,hot-cold,0.875,dpr,released,1.414346116976705,1.414346116976705,1.0
1,1.25,hot-cold,0.875,dpr,tail_linear,1.2479971135823336,1.2479971135823336,1.0
1,1.25,hot-cold,0.875,dpr,block_split,1.4237962238094493,1.4237962238094493,1.0
1,1.25,hot-cold,0.875,top,affine_fit,5.441679522106631,1.1201003020396498,4.8582073517858975
1,1.25,hot-cold,0.875,top,released,5.834723552246415,1.5063982491201608,3.8732941674980643
1,1.25,hot-cold,0.875,top,tail_linear,5.790361119914807,1.3288386688600278,4.357459829854432
1,1.25,hot-cold,0.875,top,block_split,5.857987441293257,1.517059504455993,3.8614091432055533
1,1.44,random,0.125,paper,affine_fit,0.2252775985003487,0.1979117698484174,1.1382728711530954
1,1.44,random,0.125,paper,released,0.2190731713415334,0.22479709488969507,0.9745373775805674
1,1.44,random,0.125,paper,tail_linear,0.2190731713415334,0.21404904827110277,1.0234718309238513
1,1.44,random,0.125,paper,block_split,0.2190731713415334,0.23466651647754408,0.9335510435401088
1,1.44,random,0.125,dpr,affine_fit,0.1817633997908657,0.1817633997908657,1.0
1,1.44,random,0.125,dpr,released,0.20716114589631157,0.20716114589631157,1.0
1,1.44,random,0.125,dpr,tail_linear,0.19669639905411038,0.19669639905411038,1.0
1,1.44,random,0.125,dpr,block_split,0.21685572426595742,0.21685572426595742,1.0
1,1.44,random,0.125,top,affine_fit,5.979230223858653,0.5157504197516625,11.593262932752813
1,1.44,random,0.125,top,released,5.348144555103201,0.6706180601642366,7.974948592636205
1,1.44,random,0.125,top,tail_linear,5.348144555103201,0.6007413030731629,8.902575081393834
1,1.44,random,0.125,top,block_split,5.348144555103201,0.6824371859282288,7.836830503057699
1,1.44,random,0.25,paper,affine_fit,0.439554311186527,0.3696623394173065,1.1890697653415012
1,1.44,random,0.25,paper,released,0.4320936159993774,0.44231547972180324,0.9768901062905261
1,1.44,random,0.25,paper,tail_linear,0.4320936159993774,0.4120370934164952,1.0486764975856402
1,1.44,random,0.25,paper,block_split,0.4320936159993774,0.47151135853114134,0.9164012874375739
1,1.44,random,0.25,dpr,affine_fit,0.3305241421392204,0.3305241421392204,1.0
1,1.44,random,0.25,dpr,released,0.4040988905647729,0.4040988905647729,1.0
1,1.44,random,0.25,dpr,tail_linear,0.37257745422019783,0.37257745422019783,1.0
1,1.44,random,0.25,dpr,block_split,0.4196250852076372,0.4196250852076372,1.0
1,1.44,random,0.25,top,affine_fit,10.462339976990137,0.7491677687653636,13.96528309571057
1,1.44,random,0.25,top,released,9.619536537689946,0.9876495910842971,9.739827388708864
1,1.44,random,0.25,top,tail_linear,9.619536537689946,0.8791631216107816,10.941697053972488
1,1.44,random,0.25,top,block_split,9.619536537689946,1.0058001649938446,9.56406339200473
1,1.44,random,0.375,paper,affine_fit,0.6442981717001306,0.5270053443372288,1.2225647778020379
1,1.44,random,0.375,paper,released,0.6363096407475445,0.6859046958270488,0.9276939560536122
1,1.44,random,0.375,paper,tail_linear,0.6363096407475445,0.6141662544911193,1.0360543844512795
1,1.44,random,0.375,paper,block_split,0.6363096407475445,0.6941010039677253,0.916739260007081
1,1.44,random,0.375,dpr,affine_fit,0.479284884487575,0.479284884487575,1.0
1,1.44,random,0.375,dpr,released,0.611758039618975,0.611758039618975,1.0
1,1.44,random,0.375,dpr,tail_linear,0.5517563033049617,0.5517563033049617,1.0
1,1.44,random,0.375,dpr,block_split,0.6316251599827591,0.6316251599827591,1.0
1,1.44,random,0.375,top,affine_fit,13.130303570783504,0.8998765228047156,14.591228060778004
1,1.44,random,0.375,top,released,12.55046314777593,1.1774032642031171,10.659443140129442
1,1.44,random,0.375,top,tail_linear,12.55046314777593,1.051704887906821,11.933445676719035
1,1.44,random,0.375,top,block_split,12.55046314777593,1.1945480155919448,10.506453473581546
1,1.44,random,0.5,paper,affine_fit,0.8585748843863088,0.6882443726391461,1.2474855131673832
1,1.44,random,0.5,paper,released,0.8469045401718338,0.9049023676051617,0.9359070884223454
1,1.44,random,0.5,paper,tail_linear,0.8469045401718338,0.8064932758918433,1.050107379054466
1,1.44,random,0.5,paper,block_split,0.8469045401718338,0.9169325583825162,0.9236279510739449
1,1.44,random,0.5,dpr,affine_fit,0.6280456268359296,0.6280456268359296,1.0
1,1.44,random,0.5,dpr,released,0.8081977811295458,0.8081977811295458,1.0
1,1.44,random,0.5,dpr,tail_linear,0.7274631264861772,0.7274631264861772,1.0
1,1.44,random,0.5,dpr,block_split,0.8189362732935027,0.8189362732935027,1.0
1,1.44,random,0.5,top,affine_fit,14.038125434309617,1.009979045924386,13.899422459266157
1,1.44,random,0.5,top,released,13.989314752676849,1.3269464391654098,10.542486373056251
1,1.44,random,0.5,top,tail_linear,13.989314752676849,1.18303593438683,11.824928006035202
1,1.44,random,0.5,top,block_split,13.989314752676849,1.3582911751250872,10.299201679925918
1,1.44,random,0.625,paper,affine_fit,1.0728515970724872,0.8323469752913178,1.2889475530285839
1,1.44,random,0.625,paper,released,1.054701227582511,1.0856834502262442,0.9714629318174861
1,1.44,random,0.625,paper,tail_linear,1.054701227582511,0.9711551793990824,1.0860274958685017
1,1.44,random,0.625,paper,block_split,1.054701227582511,1.1009802213008628,0.9579656447745528
1,1.44,random,0.625,dpr,affine_fit,0.7768063691842841,0.7768063691842841,1.0
1,1.44,random,0.625,dpr,released,1.0102472264119324,1.0102472264119324,1.0
1,1.44,random,0.625,dpr,tail_linear,0.9049059626191668,0.9049059626191668,1.0
1,1.44,random,0.625,dpr,block_split,1.032006590499823,1.032006590499823,1.0
1,1.44,random,0.625,top,affine_fit,13.801855173162007,1.08436878359636,12.728008572312001
1,1.44,random,0.625,top,released,14.35817634210808,1.4429254793028323,9.950740040327942
1,1.44,random,0.625,top,tail_linear,14.35817634210808,1.2789931964499195,11.226155371241877
1,1.44,random,0.625,top,block_split,14.35817634210808,1.4533429241090197,9.879413938668636
1,1.44,random,0.75,paper,affine_fit,1.2665945717719205,0.971819537740697,1.3033228110607054
1,1.44,random,0.75,paper,released,1.2633384390614166,1.290059122674711,0.9792872410700886
1,1.44,random,0.75,paper,tail_linear,1.2569902114190206,1.144743682270355,1.098053853353485
1,1.44,random,0.75,paper,block_split,1.2815332819728074,1.303086215780532,0.9834600861042684
1,1.44,random,0.75,dpr,affine_fit,0.9255671115326388,0.9255671115326388,1.0
1,1.44,random,0.75,dpr,released,1.2122966716943187,1.2122966716943187,1.0
1,1.44,random,0.75,dpr,tail_linear,1.0823487987521565,1.0823487987521565,1.0
1,1.44,random,0.75,dpr,block_split,1.233185403879989,1.233185403879989,1.0
1,1.44,random,0.75,top,affine_fit,11.046382060569382,1.1386953948331942,9.700910454799503
1,1.44,random,0.75,top,released,11.985299123711762,1.531654429780459,7.825067385095269
1,1.44,random,0.75,top,tail_linear,11.985299123711762,1.3510190233766517,8.871303006345878
1,1.44,random,0.75,top,block_split,11.985299123711762,1.533188672290047,7.8172369391497805
1,1.44,random,0.875,paper,affine_fit,1.425866855387247,1.0946450190875292,1.3025837879167592
1,1.44,random,0.875,paper,released,1.4670628927627032,1.4568828422993128,1.0069875560119328
1,1.44,random,0.875,paper,tail_linear,1.4451042692783496,1.2912507607880535,1.1191507592192231
1,1.44,random,0.875,paper,block_split,1.5344187509316434,1.46485928856334,1.0474854226009132
1,1.44,random,0.875,dpr,affine_fit,1.063326968066823,1.063326968066823,1.0
1,1.44,random,0.875,dpr,released,1.4143461169767053,1.4143461169767053,1.0
1,1.44,random,0.875,dpr,tail_linear,1.2538943742337398,1.2538943742337398,1.0
1,1.44,random,0.875,dpr,block_split,1.4360679806626035,1.4360679806626035,1.0
1,1.44,random,0.875,top,affine_fit,6.970802650276314,1.1768642695146798,5.923200177664466
1,1.44,random,0.875,top,released,7.657455344397918,1.5834960637673874,4.835790577325226
1,1.44,random,0.875,top,tail_linear,7.657455344397918,1.3965471194897212,5.483134251278142
1,1.44,random,0.875,top,block_split,7.657455344397918,1.5856977565883537,4.829076230058506
1,1.44,local,0.125,paper,affine_fit,0.2582802559428598,0.2358078727629138,1.0952995458406098
1,1.44,local,0.125,paper,released,0.2452235379751358,0.24314879660819216,1.0085328054092197
1,1.44,local,0.125,paper,tail_linear,0.2452235379751358,0.23965669324206534,1.0232284133514589
1,1.44,local,0.125,paper,block_split,0.2452235379751358,0.24606313488311865,0.9965878801455502
1,1.44,local,0.125,dpr,affine_fit,0.1927642856050361,0.1895648130526523,1.0168779875381997
1,1.44,local,0.125,dpr,released,0.2074877424334303,0.1848128478705392,1.1226911160352595
1,1.44,local,0.125,dpr,tail_linear,0.20031274197421942,0.1848128478705392,1.0838680550744926
1,1.44,local,0.125,dpr,block_split,0.2159967250595026,0.1848128478705392,1.1687321933960328
1,1.44,local,0.125,top,affine_fit,1.809894500288081,0.3050313931959132,5.933469605620678
1,1.44,local,0.125,top,released,1.8818496828463038,0.30968651235667866,6.076627840604503
1,1.44,local,0.125,top,tail_linear,1.8818496828463038,0.30615393759392456,6.146743359356512
1,1.44,local,0.125,top,block_split,1.8818496828463038,0.31271208935807004,6.017834765228719
1,1.44,local,0.25,paper,affine_fit,0.4835578544432085,0.4083018256503974,1.1843147007068442
1,1.44,local,0.25,paper,released,0.4610800764890556,0.4729030554031116,0.9749991488129044
1,1.44,local,0.25,paper,tail_linear,0.4610800764890556,0.4437694314595471,1.039008196153967
1,1.44,local,0.25,paper,block_split,0.4610800764890556,0.4932468753189079,0.9347856003972557
1,1.44,local,0.25,dpr,affine_fit,0.3525259137675611,0.3493264412151773,1.0091589761749897
1,1.44,local,0.25,dpr,released,0.41022630123729764,0.38375366911488984,1.0689833980831134
1,1.44,local,0.25,dpr,tail_linear,0.38418006669358695,0.3665417622921093,1.0481208588379654
1,1.44,local,0.25,dpr,block_split,0.42751597860676915,0.38390937868765346,1.1135856593766462
1,1.44,local,0.25,top,affine_fit,2.530701304973295,0.5046933349507121,5.014334705292752
1,1.44,local,0.25,top,released,2.6689307083731295,0.5926503928540054,4.503381319837577
1,1.44,local,0.25,top,tail_linear,2.6689307083731295,0.5542083476861626,4.815753352536099
1,1.44,local,0.25,top,block_split,2.6689307083731295,0.6083777651956203,4.386962938257533
1,1.44,local,0.375,paper,affine_fit,0.743306144027664,0.579563050672088,1.2825285241453748
1,1.44,local,0.375,paper,released,0.7122703380051485,0.6925019661589225,1.0285463042883107
1,1.44,local,0.375,paper,tail_linear,0.7122703380051485,0.6430401378522753,1.1076607758640058
1,1.44,local,0.375,paper,block_split,0.7122703380051485,0.7166574804065298,0.9938783274837337
1,1.44,local,0.375,dpr,affine_fit,0.5122875419300861,0.5108101417906938,1.0028922686112165
1,1.44,local,0.375,dpr,released,0.6112394409112513,0.60206899316029,1.0152315562753451
1,1.44,local,0.375,dpr,tail_linear,0.5676459651155624,0.5615513435082756,1.010853186761536
1,1.44,local,0.375,dpr,block_split,0.6246692045548113,0.6231201570624894,1.00248595310995
1,1.44,local,0.375,top,affine_fit,3.020489507560931,0.6605589397312421,4.5726267951045525
1,1.44,local,0.375,top,released,3.120764553050374,0.8128837369050514,3.8391278006523746
1,1.44,local,0.375,top,tail_linear,3.120764553050374,0.745099929182418,4.188383907746068
1,1.44,local,0.375,top,block_split,3.120764553050374,0.8218969415298177,3.797026604383775
1,1.44,local,0.5,paper,affine_fit,0.9685837425280126,0.7175582129820748,1.3498329821948658
1,1.44,local,0.5,paper,released,0.9341914058868198,0.8746609373104077,1.0680611949579788
1,1.44,local,0.5,paper,tail_linear,0.9335323002846038,0.8053276532597577,1.159195634852357
1,1.44,local,0.5,paper,block_split,0.9452912974719687,0.8914858705825194,1.0603547724814657
1,1.44,local,0.5,dpr,affine_fit,0.6610482842784408,0.6610482842784408,1.0
1,1.44,local,0.5,dpr,released,0.8135397336031703,0.8135397336031703,1.0
1,1.44,local,0.5,dpr,tail_linear,0.7457559258805369,0.7457559258805369,1.0
1,1.44,local,0.5,dpr,block_split,0.8225529382279366,0.8225529382279366,1.0
1,1.44,local,0.5,top,affine_fit,3.3562653087501824,0.797321374175436,4.209425982366424
1,1.44,local,0.5,top,released,3.4303060462110535,0.9791593330328157,3.5033175199240936
1,1.44,local,0.5,top,tail_linear,3.4303060462110535,0.900130258675883,3.8108996038608125
1,1.44,local,0.5,top,block_split,3.4303060462110535,1.0153344766813752,3.3784985391444824
1,1.44,local,0.625,paper,affine_fit,1.1498577977716795,0.831086147932135,1.383560297127675
1,1.44,local,0.625,paper,released,1.129529889276053,1.025019240021252,1.101959695168877
1,1.44,local,0.625,paper,tail_linear,1.123181661633657,0.9404051129297524,1.1943593736262021
1,1.44,local,0.625,paper,block_split,1.1493580771900236,1.0625518343269122,1.0816960077228608
1,1.44,local,0.625,dpr,affine_fit,0.798808140812625,0.7855771050426712,1.0168424406528944
1,1.44,local,0.625,dpr,released,1.0110618770247715,0.9632080610368378,1.0496817021406797
1,1.44,local,0.625,dpr,tail_linear,0.9163530272888057,0.8861216137180153,1.0341165513884087
1,1.44,local,0.625,dpr,block_split,1.0279510879263127,0.9883041754914978,1.040116103339438
1,1.44,local,0.625,top,affine_fit,3.042988846903381,0.9309218020584328,3.268791041497572
1,1.44,local,0.625,top,released,3.122890331999377,1.174744718870454,2.658356561927865
1,1.44,local,0.625,top,tail_linear,3.122890331999377,1.067061895701395,2.926625291915851
1,1.44,local,0.625,top,block_split,3.122890331999377,1.21004240057992,2.5808106645706905
1,1.44,local,0.75,paper,affine_fit,1.310598115028602,0.9639431924965371,1.3596217341752845
1,1.44,local,0.75,paper,released,1.3085746960967586,1.207206036717921,1.0839696425429024
1,1.44,local,0.75,paper,tail_linear,1.3013939140094581,1.0992399137724709,1.1839034388254852
1,1.44,local,0.75,paper,block_split,1.3527356357690206,1.2426366577840977,1.0886011025791353
1,1.44,local,0.75,dpr,affine_fit,0.9365679973468092,0.929209096143238,1.0079195320344096
1,1.44,local,0.75,dpr,released,1.2122966716943189,1.172418491704374,1.034013605442177
1,1.44,local,0.75,dpr,tail_linear,1.0882460594035626,1.065018968311706,1.0218090867702354
1,1.44,local,0.75,dpr,block_split,1.2287821632621745,1.1930577728733651,1.0299435544540065
1,1.44,local,0.75,top,affine_fit,2.894725672269136,1.04542842610289,2.76893721271765
1,1.44,local,0.75,top,released,3.0202421918459303,1.3332801473398346,2.2652720044410235
1,1.44,local,0.75,top,tail_linear,3.0128995241721204,1.2038352760414686,2.5027506537932145
1,1.44,local,0.75,top,block_split,3.059741702628069,1.360438334376872,2.249085184761084
1,1.44,local,0.875,paper,affine_fit,1.436867741201417,1.0615767961604414,1.3535221817190661
1,1.44,local,0.875,paper,released,1.4931754418251124,1.3541317824525603,1.1026810397439462
1,1.44,local,0.875,paper,tail_linear,1.4683028777835934,1.2226228699262023,1.2009450451979689
1,1.44,local,0.875,paper,block_split,1.5454390592340428,1.3756926111794616,1.123389808649948
1,1.44,local,0.875,dpr,affine_fit,1.0743278538809933,1.0654915525380295,1.0082931688401615
1,1.44,local,0.875,dpr,released,1.4143461169767053,1.3583279115555462,1.0412405612404794
1,1.44,local,0.875,dpr,tail_linear,1.2597916348851461,1.226818999029188,1.0268765285523376
1,1.44,local,0.875,dpr,block_split,1.41984065127764,1.3798887402824476,1.0289529944182418
1,1.44,local,0.875,top,affine_fit,2.4164359232097787,1.1335291775942191,2.1317809642433523
1,1.44,local,0.875,top,released,2.5671993905755395,1.4866139346143254,1.7268769858810398
1,1.44,local,0.875,top,tail_linear,2.5273350648976516,1.3257054432522808,1.9064076999619752
1,1.44,local,0.875,top,block_split,2.618997269607338,1.505346731607923,1.7397966957485462
1,1.44,hot-cold,0.125,paper,affine_fit,0.2142767126861783,0.1700378636536942,1.2601705766109992
1,1.44,hot-cold,0.125,paper,released,0.2092645278094512,0.21600680827886712,0.9687867224040848
1,1.44,hot-cold,0.125,paper,tail_linear,0.2092645278094512,0.19559766112253,1.0698723420744778
1,1.44,hot-cold,0.125,paper,block_split,0.2092645278094512,0.21978183556151726,0.952146601536949
1,1.44,hot-cold,0.125,dpr,affine_fit,0.159761628162525,0.159761628162525,1.0
1,1.44,hot-cold,0.125,dpr,released,0.20204944528238647,0.20204944528238647,1.0
1,1.44,hot-cold,0.125,dpr,tail_linear,0.18334009678439583,0.18334009678439583,1.0
1,1.44,hot-cold,0.125,dpr,block_split,0.21127728705599427,0.21127728705599427,1.0
1,1.44,hot-cold,0.125,top,affine_fit,4.571116839644845,0.236588722072695,19.320941419347577
1,1.44,hot-cold,0.125,top,released,4.288061198313419,0.3063973495894084,13.99509886119997
1,1.44,hot-cold,0.125,top,tail_linear,4.288061198313419,0.2749799825504464,15.594084916805729
1,1.44,hot-cold,0.125,top,block_split,4.288061198313419,0.31235551022611324,13.728143278821314
1,1.44,hot-cold,0.25,paper,affine_fit,0.4175525395581863,0.3060756477748869,1.3642135288897228
1,1.44,hot-cold,0.25,paper,released,0.4247186095509674,0.40077570889894426,1.0597413967972305
1,1.44,hot-cold,0.25,paper,tail_linear,0.4194457647332395,0.3578644652178297,1.172079950653736
1,1.44,hot-cold,0.25,paper,block_split,0.4263263539016529,0.4075859378038753,1.0459790546228198
1,1.44,hot-cold,0.25,dpr,affine_fit,0.3085223705108796,0.3085223705108796,1.0
1,1.44,hot-cold,0.25,dpr,released,0.40409889056477294,0.40409889056477294,1.0
1,1.44,hot-cold,0.25,dpr,tail_linear,0.3607829329173855,0.3607829329173855,1.0
1,1.44,hot-cold,0.25,dpr,block_split,0.409084184669224,0.409084184669224,1.0
1,1.44,hot-cold,0.25,top,affine_fit,6.722038800172207,0.4019871790257998,16.722022867651663
1,1.44,hot-cold,0.25,top,released,6.569306968328193,0.5310444301994303,12.370541135063092
1,1.44,hot-cold,0.25,top,tail_linear,6.569306968328193,0.4722683990404152,13.910113362816835
1,1.44,hot-cold,0.25,top,block_split,6.569306968328193,0.5317448781774282,12.354245876038698
1,1.44,hot-cold,0.375,paper,affine_fit,0.6222964000717899,0.454347045576043,1.36964993198715
1,1.44,hot-cold,0.375,paper,released,0.6404422591091635,0.6021605178481649,1.0635739809009719
1,1.44,hot-cold,0.375,paper,tail_linear,0.629653741093944,0.5347236078109082,1.1775312178036574
1,1.44,hot-cold,0.375,paper,block_split,0.6419860094136746,0.6071912756007095,1.0573044034246732
1,1.44,hot-cold,0.375,dpr,affine_fit,0.4572831128592342,0.4572831128592342,1.0
1,1.44,hot-cold,0.375,dpr,released,0.6061483358471593,0.6061483358471593,1.0
1,1.44,hot-cold,0.375,dpr,tail_linear,0.5382257690503751,0.5382257690503751,1.0
1,1.44,hot-cold,0.375,dpr,block_split,0.6085976309921962,0.6085976309921962,1.0
1,1.44,hot-cold,0.375,top,affine_fit,7.640861549512488,0.5585774341293309,13.679144703406246
1,1.44,hot-cold,0.375,top,released,7.694766325065233,0.7437280568124686,10.346209551437525
1,1.44,hot-cold,0.375,top,tail_linear,7.694766325065233,0.6590503318119832,11.675536683077537
1,1.44,hot-cold,0.375,top,block_split,7.694766325065233,0.7486893348605842,10.277649175406111
1,1.44,hot-cold,0.5,paper,affine_fit,0.8145713411296274,0.5977249979052137,1.362786137411641
1,1.44,hot-cold,0.5,paper,released,0.8506520353173002,0.7968989634657282,1.0674528068373923
1,1.44,hot-cold,0.5,paper,tail_linear,0.83313370220577,0.7057458150048752,1.1805010876331088
1,1.44,hot-cold,0.5,paper,block_split,0.8632124702104076,0.80026564536684,1.0786574123330173
1,1.44,hot-cold,0.5,dpr,affine_fit,0.6060438552075889,0.6060438552075889,1.0
1,1.44,hot-cold,0.5,dpr,released,0.8081977811295459,0.8081977811295459,1.0
1,1.44,hot-cold,0.5,dpr,tail_linear,0.7156686051833647,0.7156686051833647,1.0
1,1.44,hot-cold,0.5,dpr,block_split,0.8103229914529915,0.8103229914529915,1.0
1,1.44,hot-cold,0.5,top,affine_fit,7.943634693259228,0.704157436920895,11.28104920398876
1,1.44,hot-cold,0.5,top,released,8.028962985306215,0.9414573659292776,8.528227911182281
1,1.44,hot-cold,0.5,top,tail_linear,8.025187582163696,0.8326991599355503,9.637559359114562
1,1.44,hot-cold,0.5,top,block_split,8.031045481534111,0.9455507268749833,8.493510980713298
1,1.44,hot-cold,0.625,paper,affine_fit,0.9518418531166132,0.7347414711208035,1.2954786010168124
1,1.44,hot-cold,0.625,paper,released,1.0375845958402132,0.9829971367521368,1.0555316562451398
1,1.44,hot-cold,0.625,paper,tail_linear,1.0020622728576254,0.8691800061799972,1.1528823324660205
1,1.44,hot-cold,0.625,paper,block_split,1.0601243089872971,0.9893217555859924,1.0715667607646686
1,1.44,hot-cold,0.625,dpr,affine_fit,0.7548045975559434,0.7548045975559434,1.0
1,1.44,hot-cold,0.625,dpr,released,1.0102472264119324,1.0102472264119324,1.0
1,1.44,hot-cold,0.625,dpr,tail_linear,0.8931114413163544,0.8931114413163544,1.0
1,1.44,hot-cold,0.625,dpr,block_split,1.0105830068184,1.0105830068184,1.0
1,1.44,hot-cold,0.625,top,affine_fit,7.894379490952516,0.8472907169764665,9.31720285939564
1,1.44,hot-cold,0.625,top,released,8.021704287059256,1.135863493380258,7.062208032751515
1,1.44,hot-cold,0.625,top,tail_linear,8.012869959338326,1.0034295203595618,7.985483580816968
1,1.44,hot-cold,0.625,top,block_split,8.024885143788813,1.1392301752813698,7.044129727170199
1,1.44,hot-cold,0.75,paper,affine_fit,1.1455848278160463,0.8617263811188233,1.329406703701789
1,1.44,hot-cold,0.75,paper,released,1.2409095941243846,1.1554702652086477,1.0739433384729367
1,1.44,hot-cold,0.75,paper,tail_linear,1.2012591886858124,1.0206484797869406,1.176956819586479
1,1.44,hot-cold,0.75,paper,block_split,1.2770224759625173,1.1559453919137745,1.1047429099122827
1,1.44,hot-cold,0.75,dpr,affine_fit,0.903565339904298,0.903565339904298,1.0
1,1.44,hot-cold,0.75,dpr,released,1.2122966716943187,1.2122966716943187,1.0
1,1.44,hot-cold,0.75,dpr,tail_linear,1.070554277449344,1.070554277449344,1.0
1,1.44,hot-cold,0.75,dpr,block_split,1.2241487675518927,1.2241487675518927,1.0
1,1.44,hot-cold,0.75,top,affine_fit,7.405088856078988,0.9916473584000344,7.467461888898359
1,1.44,hot-cold,0.75,top,released,7.55387218771306,1.3319312116641528,5.67136810186694
1,1.44,hot-cold,0.75,top,tail_linear,7.528138161086189,1.175619114633351,6.403552024104376
1,1.44,hot-cold,0.75,top,block_split,7.568473405731632,1.3350067717827196,5.669239711514697
1,1.44,hot-cold,0.875,paper,affine_fit,1.3488606546880542,1.0090190898255824,1.3368039002326668
1,1.44,hot-cold,0.875,paper,released,1.4532874908445896,1.3555258014915368,1.072120862063623
1,1.44,hot-cold,0.875,paper,tail_linear,1.4117638379049826,1.1963402353001968,1.1800688435014723
1,1.44,hot-cold,0.875,paper,block_split,1.4971220470176756,1.355406853153961,1.104555465050181
1,1.44,hot-cold,0.875,dpr,affine_fit,1.0523260822526526,1.0523260822526526,1.0
1,1.44,hot-cold,0.875,dpr,released,1.414346116976705,1.414346116976705,1.0
1,1.44,hot-cold,0.875,dpr,tail_linear,1.2479971135823336,1.2479971135823336,1.0
1,1.44,hot-cold,0.875,dpr,block_split,1.4237962238094493,1.4237962238094493,1.0
1,1.44,hot-cold,0.875,top,affine_fit,5.496683951177483,1.122057680228444,4.898753466986111
1,1.44,hot-cold,0.875,top,released,5.821639499937254,1.509056794452824,3.857800131404696
1,1.44,hot-cold,0.875,top,tail_linear,5.780445399798754,1.3311734430196724,4.342368329318698
1,1.44,hot-cold,0.875,top,block_split,5.840697656308945,1.5189143691359965,3.845310687021354
1,2.48,random,0.125,paper,affine_fit,0.2582802559428598,0.2123474339907742,1.2163097574990298
1,2.48,random,0.125,paper,released,0.24984853556898493,0.24432478061630633,1.022608246853819
1,2.48,random,0.125,paper,tail_linear,0.24984853556898493,0.231795992546113,1.0778811696637964
1,2.48,random,0.125,paper,block_split,0.24984853556898493,0.24995775992201882,0.9995630287570669
1,2.48,random,0.125,dpr,affine_fit,0.1707625139766953,0.1697744583845016,1.0058198129541724
1,2.48,random,0.125,dpr,released,0.2027850097934473,0.18656443002503262,1.0869435817226158
1,2.48,random,0.125,dpr,tail_linear,0.1894178856502599,0.18144190753763467,1.043958852840934
1,2.48,random,0.125,dpr,block_split,0.20945143810110659,0.1991207105135884,1.0518817332505108
1,2.48,random,0.125,top,affine_fit,5.869221365716949,0.6070038113063926,9.669167238151635
1,2.48,random,0.125,top,released,5.269123352413495,0.7796184188034189,6.758592697823507
1,2.48,random,0.125,top,tail_linear,5.269123352413495,0.7023643042699976,7.501980553937687
1,2.48,random,0.125,top,block_split,5.269123352413495,0.7883899041475607,6.683397801891801
1,2.48,random,0.25,paper,affine_fit,0.4615560828148677,0.3906947884490468,1.1813725098487267
1,2.48,random,0.25,paper,released,0.4534214250047711,0.45776056152975414,0.9905209472164173
1,2.48,random,0.25,paper,tail_linear,0.4534214250047711,0.4303672076411634,1.0535687128440097
1,2.48,random,0.25,paper,block_split,0.4534214250047711,0.4684281944172393,0.967963564978966
1,2.48,random,0.25,dpr,affine_fit,0.3305241421392204,0.3305147756414237,1.0000283391197218
1,2.48,random,0.25,dpr,released,0.40409889056477294,0.3898801375796045,1.0364695495221665
1,2.48,random,0.25,dpr,tail_linear,0.3725774542201979,0.3655221384380611,1.01930202042559
1,2.48,random,0.25,dpr,block_split,0.40804603675246387,0.4059520417278289,1.0051582325235326
1,2.48,random,0.25,top,affine_fit,10.308327575591749,0.8276982020929318,12.454210422985016
1,2.48,random,0.25,top,released,9.508058090036098,1.0793694050611697,8.808900868833927
1,2.48,random,0.25,top,tail_linear,9.508058090036098,0.9656100907699264,9.846684682483874
1,2.48,random,0.25,top,block_split,9.508058090036098,1.0981217018317153,8.658473896086598
1,2.48,random,0.375,paper,affine_fit,0.6773008291426417,0.5634334136101297,1.2020956031040486
1,2.48,random,0.375,paper,released,0.6659810401977778,0.6980562812791812,0.9540506375465517
1,2.48,random,0.375,paper,tail_linear,0.6659810401977778,0.639043203368492,1.0421533891406598
1,2.48,random,0.375,paper,block_split,0.6659810401977778,0.7147534398998525,0.9317633228754961
1,2.48,random,0.375,dpr,affine_fit,0.479284884487575,0.4790214792183823,1.0005498819585763
1,2.48,random,0.375,dpr,released,0.6061483358471593,0.5777274196661711,1.0491943349294564
1,2.48,random,0.375,dpr,tail_linear,0.5500202903531874,0.535723891595126,1.0266861325066046
1,2.48,random,0.375,dpr,block_split,0.6085455163568825,0.5940424177491296,1.024414247492134
1,2.48,random,0.375,top,affine_fit,13.086300027526825,0.9639806584877236,13.575272400232997
1,2.48,random,0.375,top,released,12.520131549541464,1.2644706238478296,9.901480756778875
1,2.48,random,0.375,top,tail_linear,12.520131549541464,1.1281687416351818,11.09774724957778
1,2.48,random,0.375,top,block_split,12.520131549541464,1.271487827435805,9.846835557042391
1,2.48,random,0.5,paper,affine_fit,0.8805766560146495,0.7117048114112857,1.2372779302538321
1,2.48,random,0.5,paper,released,0.8642346955175739,0.8994410902284019,0.9608574757220756
1,2.48,random,0.5,paper,tail_linear,0.8642346955175739,0.8159023459615705,1.0592379097758837
1,2.48,random,0.5,paper,block_split,0.8642346955175739,0.9154303441757609,0.9440747742480804
1,2.48,random,0.5,dpr,affine_fit,0.6280456268359296,0.6270575712437358,1.0015757015583657
1,2.48,random,0.5,dpr,released,0.8081977811295459,0.7919141909669851,1.0205623164078892
1,2.48,random,0.5,dpr,tail_linear,0.7274631264861772,0.7190598954097602,1.0116864132321388
1,2.48,random,0.5,dpr,block_split,0.8200297537133354,0.8053395089589743,1.0182410580766743
1,2.48,random,0.5,top,affine_fit,14.247142264778851,1.0574548335004406,13.4730503974503
1,2.48,random,0.5,top,released,14.218683921193445,1.4063704809787163,10.110197926863787
1,2.48,random,0.5,top,tail_linear,14.218683921193445,1.246890051754806,11.403318120296841
1,2.48,random,0.5,top,block_split,14.218683921193445,1.4134990150717204,10.059210349341486
1,2.48,random,0.625,paper,affine_fit,1.0728515970724872,0.85167608490566,1.2596944027039654
1,2.48,random,0.625,paper,released,1.0573247358511872,1.1119365853862913,0.9508858236586112
1,2.48,random,0.625,paper,tail_linear,1.0573247358511872,0.9942110742255728,1.0634811492869118
1,2.48,random,0.625,paper,block_split,1.0573247358511872,1.1328983306072966,0.9332918120590771
1,2.48,random,0.625,dpr,affine_fit,0.7878072549984546,0.7878072549984546,1.0
1,2.48,random,0.625,dpr,released,1.0102472264119324,1.0102472264119324,1.0
1,2.48,random,0.625,dpr,tail_linear,0.910803223270573,0.910803223270573,1.0
1,2.48,random,0.625,dpr,block_split,1.031251167861536,1.031251167861536,1.0
1,2.48,random,0.625,top,affine_fit,13.372820626409364,1.1198462632682538,11.941657587337923
1,2.48,random,0.625,top,released,13.922538178101048,1.4911116134573486,9.337019477582713
1,2.48,random,0.625,top,tail_linear,13.922538178101048,1.3213109780934778,10.53691251259405
1,2.48,random,0.625,top,block_split,13.922538178101048,1.4926506704789482,9.327392171159318
1,2.48,random,0.75,paper,affine_fit,1.25559368595775,0.980618373092474,1.2804101171367153
1,2.48,random,0.75,paper,released,1.261732428794703,1.2870682591754652,0.9803150841455812
1,2.48,random,0.75,paper,tail_linear,1.2561126862915981,1.1480143219921608,1.0941611635226407
1,2.48,random,0.75,paper,block_split,1.2815835686988806,1.2985435550068871,0.986939224146458
1,2.48,random,0.75,dpr,affine_fit,0.9255671115326388,0.9255671115326388,1.0
1,2.48,random,0.75,dpr,released,1.2122966716943187,1.2122966716943187,1.0
1,2.48,random,0.75,dpr,tail_linear,1.0823487987521565,1.0823487987521565,1.0
1,2.48,random,0.75,dpr,block_split,1.2328420790523482,1.2328420790523482,1.0
1,2.48,random,0.75,top,affine_fit,11.046382060569382,1.1621839330987238,9.504848368636866
1,2.48,random,0.75,top,released,11.958652955779495,1.5635569737724149,7.6483640547659055
1,2.48,random,0.75,top,tail_linear,11.958652955779495,1.3790363132923869,8.67174623359174
1,2.48,random,0.75,top,block_split,11.958652955779495,1.5706978750846883,7.613592114355355
1,2.48,random,0.875,paper,affine_fit,1.425866855387247,1.1024745318427058,1.2933331466659954
1,2.48,random,0.875,paper,released,1.4765388383400015,1.4675170236299648,1.0061476729501377
1,2.48,random,0.875,paper,tail_linear,1.4505562017052767,1.300589857426632,1.1153064076444288
1,2.48,random,0.875,paper,block_split,1.50863356498068,1.47207610084385,1.024833949899651
1,2.48,random,0.875,dpr,affine_fit,1.063326968066823,1.063326968066823,1.0
1,2.48,random,0.875,dpr,released,1.4143461169767053,1.4143461169767053,1.0
1,2.48,random,0.875,dpr,tail_linear,1.2538943742337398,1.2538943742337398,1.0
1,2.48,random,0.875,dpr,block_split,1.4194049972821887,1.4194049972821887,1.0
1,2.48,random,0.875,top,affine_fit,6.9488008786479725,1.187140505005849,5.853393805827336
1,2.48,random,0.875,top,released,7.613939069622354,1.597453426763868,4.766297997836922
1,2.48,random,0.875,top,tail_linear,7.613939069622354,1.4088046838278554,5.404538441009837
1,2.48,random,0.875,top,block_split,7.613939069622354,1.5970335648682856,4.767551062867178
1,2.48,local,0.125,paper,affine_fit,0.2692811417570302,0.2375018456825154,1.1338065225690765
1,2.48,local,0.125,paper,released,0.2578672977984529,0.24727456726935163,1.0428379296992676
1,2.48,local,0.125,paper,tail_linear,0.2578672977984529,0.24386340669647943,1.0574251434099056
1,2.48,local,0.125,paper,block_split,0.2578672977984529,0.24919178600993838,1.0348145977338457
1,2.48,local,0.125,dpr,affine_fit,0.2037651714192065,0.20033039309102,1.0171455677552927
1,2.48,local,0.125,dpr,released,0.2135935718977592,0.2097350068466167,1.0183973343752022
1,2.48,local,0.125,dpr,tail_linear,0.20879482058337967,0.2063238462737445,1.0119761935145235
1,2.48,local,0.125,dpr,block_split,0.22512548212069122,0.21165222558720345,1.0636575235441434
1,2.48,local,0.125,top,affine_fit,1.3588581819070955,0.2866716061781715,4.740121283802837
1,2.48,local,0.125,top,released,1.3972062858496568,0.29493847554302866,4.737280489692563
1,2.48,local,0.125,top,tail_linear,1.3972062858496568,0.29094915216119505,4.802235289125573
1,2.48,local,0.125,top,block_split,1.3972062858496568,0.30895411607657214,4.522374725389219
1,2.48,local,0.25,paper,affine_fit,0.5055596260715493,0.4229446960751668,1.1953327013272201
1,2.48,local,0.25,paper,released,0.4960435361736211,0.456940351212972,1.0855761257609395
1,2.48,local,0.25,paper,tail_linear,0.49562725895116894,0.44132417374292476,1.1230457981662165
1,2.48,local,0.25,paper,block_split,0.5075435535802528,0.4836829529850785,1.049331076168629
1,2.48,local,0.25,dpr,affine_fit,0.3635267995817315,0.339276145002014,1.0714776294678
1,2.48,local,0.25,dpr,released,0.4190208719747156,0.35653392606334433,1.1752622719563282
1,2.48,local,0.25,dpr,tail_linear,0.39261039486135924,0.3474452067064712,1.1299922614648257
1,2.48,local,0.25,dpr,block_split,0.42165691352449614,0.37118117408269274,1.1359867982705347
1,2.48,local,0.25,top,affine_fit,2.343686246132399,0.5213029500620723,4.4958238695049255
1,2.48,local,0.25,top,released,2.4511174023084275,0.5825272771156781,4.207729832746845
1,2.48,local,0.25,top,tail_linear,2.4511174023084275,0.5567701239764481,4.402386724349657
1,2.48,local,0.25,top,block_split,2.4511174023084275,0.6189953791126249,3.959831502817167
1,2.48,local,0.375,paper,affine_fit,0.7323052582134936,0.6034941009958329,1.2134422805543714
1,2.48,local,0.375,paper,released,0.7138095204655047,0.6726044167735479,1.0612620177096306
1,2.48,local,0.375,paper,tail_linear,0.7133932432430525,0.6446907163568919,1.1065666452813132
1,2.48,local,0.375,paper,block_split,0.7253095378721365,0.713335141141253,1.0167864949310164
1,2.48,local,0.375,dpr,affine_fit,0.5122875419300861,0.49536768906055,1.0341561495494873
1,2.48,local,0.375,dpr,released,0.6165608540336309,0.5514843738897058,1.1180024008385414
1,2.48,local,0.375,dpr,tail_linear,0.571469936562732,0.5274385826650015,1.083481480773083
1,2.48,local,0.375,dpr,block_split,0.6397220084616543,0.5806177100076515,1.1017955488357802
1,2.48,local,0.375,top,affine_fit,2.866477106162546,0.7111686343751038,4.030657382241398
1,2.48,local,0.375,top,released,2.9258429877120893,0.8465112698087097,3.4563544421248595
1,2.48,local,0.375,top,tail_linear,2.9257100102660285,0.7886487358878537,3.709775819233756
1,2.48,local,0.375,top,block_split,2.939646808458003,0.880754235443665,3.33764708718909
1,2.48,local,0.5,paper,affine_fit,0.9575828567138422,0.7610724116915577,1.2582020343971225
1,2.48,local,0.5,paper,released,0.9367469743089801,0.9006438949708812,1.0400858536206101
1,2.48,local,0.5,paper,tail_linear,0.9332433076866741,0.8407577912186603,1.1100025684376447
1,2.48,local,0.5,paper,block_split,0.9524441474240825,0.938760695058877,1.0145760814627494
1,2.48,local,0.5,dpr,affine_fit,0.6280456268359296,0.5802596015016992,1.0823528386442227
1,2.48,local,0.5,dpr,released,0.8096146977973449,0.647668490616635,1.2500449065022807
1,2.48,local,0.5,dpr,tail_linear,0.7269489793720451,0.6204832753392704,1.1715851309200251
1,2.48,local,0.5,dpr,block_split,0.8152184808725523,0.6914228785971755,1.179044700584026
1,2.48,local,0.5,top,affine_fit,3.235255564794308,0.8508952355958789,3.8021784932532503
1,2.48,local,0.5,top,released,3.323343825393166,1.0456567167779787,3.178236004291648
1,2.48,local,0.5,top,tail_linear,3.321823257205598,0.9611640038763609,3.4560420945943995
1,2.48,local,0.5,top,block_split,3.3443450017891627,1.071383792176239,3.121519129009774
1,2.48,local,0.625,paper,affine_fit,1.1168551403291689,0.8773198411445998,1.2730307556615363
1,2.48,local,0.625,paper,released,1.1178100466372056,1.080935715884361,1.0341133429222256
1,2.48,local,0.625,paper,tail_linear,1.1110455417723573,0.9921935063368771,1.1197871530869772
1,2.48,local,0.625,paper,block_split,1.1467865241102584,1.1213023821200143,1.0227272700001422
1,2.48,local,0.625,dpr,affine_fit,0.7878072549984546,0.7583810166819658,1.0388013909488836
1,2.48,local,0.625,dpr,released,1.0116641430797313,0.8977801098583034,1.126850697593871
1,2.48,local,0.625,dpr,tail_linear,0.910289076156441,0.8389462624183922,1.0850385977433072
1,2.48,local,0.625,dpr,block_split,1.032007910978545,0.9377989670460309,1.1004575044790914
1,2.48,local,0.625,top,affine_fit,3.5160269369127075,0.963444481451542,3.6494338849867103
1,2.48,local,0.625,top,released,3.621729778359641,1.1985230734060999,3.0218273295874023
1,2.48,local,0.625,top,tail_linear,3.6198044962057994,1.0954135180559255,3.3045096089648522
1,2.48,local,0.625,top,block_split,3.6414485004705512,1.2361274939283013,2.945851878836832
1,2.48,local,0.75,paper,affine_fit,1.3215990008427725,0.9715186664803178,1.3603433947705286
1,2.48,local,0.75,paper,released,1.340272841401928,1.2094895729033348,1.1081309598929843
1,2.48,local,0.75,paper,tail_linear,1.3302474982945376,1.1050444614644594,1.2037954531997996
1,2.48,local,0.75,paper,block_split,1.3857283146736932,1.255036654007308,1.1041337400378621
1,2.48,local,0.75,dpr,affine_fit,0.9255671115326388,0.894936244843747,1.0342268701992732
1,2.48,local,0.75,dpr,released,1.2122966716943189,1.1054739867628958,1.0966306635981788
1,2.48,local,0.75,dpr,tail_linear,1.0823487987521565,1.0136964224683644,1.0677247889625798
1,2.48,local,0.75,dpr,block_split,1.237841712369751,1.1393354331725258,1.0864594186480538
1,2.48,local,0.75,top,affine_fit,3.3897655339068025,1.0586407288772504,3.2019980352558743
1,2.48,local,0.75,top,released,3.5379486802566578,1.3546521560400384,2.6117026902307527
1,2.48,local,0.75,top,tail_linear,3.527969590173984,1.2216862732350977,2.8877868790583294
1,2.48,local,0.75,top,block_split,3.550502544818437,1.3758747703201648,2.5805419369614855
1,2.48,local,0.875,paper,affine_fit,1.4478686270155876,1.0843500506007666,1.335240982571467
1,2.48,local,0.875,paper,released,1.5229980449371474,1.4130168443103739,1.0778343167454951
1,2.48,local,0.875,paper,tail_linear,1.4924710486239858,1.26452150845673,1.1802654511155402
1,2.48,local,0.875,paper,block_split,1.5722237047134913,1.4282713006076757,1.1007878573521497
1,2.48,local,0.875,dpr,affine_fit,1.063326968066823,1.037834219123516,1.0245634114520106
1,2.48,local,0.875,dpr,released,1.4143461169767053,1.3126983007292223,1.0774342559832797
1,2.48,local,0.875,dpr,tail_linear,1.2538943742337398,1.1906886031541,1.0530833762179377
1,2.48,local,0.875,dpr,block_split,1.420423686211798,1.340589148254028,1.0595518306721683
1,2.48,local,0.875,top,affine_fit,2.3614314941389267,1.1491975696023693,2.05485249586457
1,2.48,local,0.875,top,released,2.4850448547507606,1.5160354759510644,1.6391732872819493
1,2.48,local,0.875,top,tail_linear,2.456714877111652,1.349096746491552,1.8210071912934052
1,2.48,local,0.875,top,block_split,2.525758329801007,1.5300522330662847,1.6507660818476035
1,2.48,hot-cold,0.125,paper,affine_fit,0.2142767126861783,0.1617190063513191,1.3249939974320804
1,2.48,hot-cold,0.125,paper,released,0.21243734158961974,0.20470799061504943,1.0377579348580743
1,2.48,hot-cold,0.125,paper,tail_linear,0.21243734158961974,0.18567487094404045,1.144136201681514
1,2.48,hot-cold,0.125,paper,block_split,0.21243734158961974,0.21358447783379647,0.9946291216674024
1,2.48,hot-cold,0.125,dpr,affine_fit,0.159761628162525,0.159761628162525,1.0
1,2.48,hot-cold,0.125,dpr,released,0.20204944528238647,0.20204944528238647,1.0
1,2.48,hot-cold,0.125,dpr,tail_linear,0.18334009678439583,0.18334009678439583,1.0
1,2.48,hot-cold,0.125,dpr,block_split,0.21127728705599427,0.21127728705599427,1.0
1,2.48,hot-cold,0.125,top,affine_fit,4.450107095688971,0.2529817644038459,17.590623996854845
1,2.48,hot-cold,0.125,top,released,4.215047540262661,0.32866266675046085,12.824844336405757
1,2.48,hot-cold,0.125,top,tail_linear,4.215047540262661,0.2945337161374699,14.31091691484088
1,2.48,hot-cold,0.125,top,block_split,4.215047540262661,0.33030259203985557,12.761170035729108
1,2.48,hot-cold,0.25,paper,affine_fit,0.4065516537440159,0.3095010596052767,1.3135711207661553
1,2.48,hot-cold,0.25,paper,released,0.4207348842344641,0.4054281632311044,1.0377544590917687
1,2.48,hot-cold,0.25,paper,tail_linear,0.41462948497183183,0.3619503199972078,1.1455425290825283
1,2.48,hot-cold,0.25,paper,block_split,0.4388347634699864,0.41066122528265386,1.0686053039654304
1,2.48,hot-cold,0.25,dpr,affine_fit,0.3085223705108796,0.3085223705108796,1.0
1,2.48,hot-cold,0.25,dpr,released,0.40409889056477294,0.40409889056477294,1.0
1,2.48,hot-cold,0.25,dpr,tail_linear,0.3607829329173855,0.3607829329173855,1.0
1,2.48,hot-cold,0.25,dpr,block_split,0.409084184669224,0.409084184669224,1.0
1,2.48,hot-cold,0.25,top,affine_fit,6.337007796676244,0.4120187422433697,15.380387217757011
1,2.48,hot-cold,0.25,top,released,6.275518144447634,0.5446694750293279,11.521699731951614
1,2.48,hot-cold,0.25,top,tail_linear,6.275518144447634,0.4842341166085937,12.959677827739952
1,2.48,hot-cold,0.25,top,block_split,6.275518144447634,0.552535117235697,11.357681980185637
1,2.48,hot-cold,0.375,paper,affine_fit,0.6222964000717899,0.4435814655376752,1.4028908969798597
1,2.48,hot-cold,0.375,paper,released,0.6282208550433308,0.5875385185185185,1.0692419905122017
1,2.48,hot-cold,0.375,paper,tail_linear,0.6221154557806985,0.5218823499328629,1.1920607314287024
1,2.48,hot-cold,0.375,paper,block_split,0.6463207342788531,0.5979825190088988,1.0808354989207218
1,2.48,hot-cold,0.375,dpr,affine_fit,0.4572831128592342,0.4572831128592342,1.0
1,2.48,hot-cold,0.375,dpr,released,0.6061483358471593,0.6061483358471593,1.0
1,2.48,hot-cold,0.375,dpr,tail_linear,0.5382257690503751,0.5382257690503751,1.0
1,2.48,hot-cold,0.375,dpr,block_split,0.6085976309921962,0.6085976309921962,1.0
1,2.48,hot-cold,0.375,top,affine_fit,7.310834975087377,0.5688536696205002,12.851872749567846
1,2.48,hot-cold,0.375,top,released,7.313090384263433,0.7576854198089492,9.651882157251269
1,2.48,hot-cold,0.375,top,tail_linear,7.313090384263433,0.6713078961501173,10.893794674847808
1,2.48,hot-cold,0.375,top,block_split,7.313090384263433,0.7595192307692308,9.628578300587378
1,2.48,hot-cold,0.5,paper,affine_fit,0.8365731127579681,0.5835340060364562,1.433632151860749
1,2.48,hot-cold,0.5,paper,released,0.8476988622577177,0.7776245098039216,1.0901133536434768
1,2.48,hot-cold,0.5,paper,tail_linear,0.8382632452154679,0.6888187023474519,1.2169577311979454
1,2.48,hot-cold,0.5,paper,block_split,0.8682630544352001,0.7895016927678945,1.099760852179022
1,2.48,hot-cold,0.5,dpr,affine_fit,0.6060438552075889,0.6060438552075889,1.0
1,2.48,hot-cold,0.5,dpr,released,0.8081977811295459,0.8081977811295459,1.0
1,2.48,hot-cold,0.5,dpr,tail_linear,0.7156686051833647,0.7156686051833647,1.0
1,2.48,hot-cold,0.5,dpr,block_split,0.8103229914529915,0.8103229914529915,1.0
1,2.48,hot-cold,0.5,top,affine_fit,8.196655066985146,0.716880395148057,11.433783267698782
1,2.48,hot-cold,0.5,top,released,8.20066432068584,0.9587379105915872,8.55360388912298
1,2.48,hot-cold,0.5,top,tail_linear,8.20066432068584,0.8478751919732402,9.672018238439817
1,2.48,hot-cold,0.5,top,block_split,8.20066432068584,0.9593497331794708,8.5481488523557
1,2.48,hot-cold,0.625,paper,affine_fit,1.0178471680016354,0.7073381764776856,1.4389823734245248
1,2.48,hot-cold,0.625,paper,released,1.0529715477782642,0.945777502094855,1.1133396020163084
1,2.48,hot-cold,0.625,paper,tail_linear,1.0354185248981964,0.8364931679449729,1.2378087049317175
1,2.48,hot-cold,0.625,paper,block_split,1.0849536549781404,0.9484286352714537,1.1439486479313348
1,2.48,hot-cold,0.625,dpr,affine_fit,0.7548045975559434,0.7548045975559434,1.0
1,2.48,hot-cold,0.625,dpr,released,1.0102472264119324,1.0102472264119324,1.0
1,2.48,hot-cold,0.625,dpr,tail_linear,0.8931114413163544,0.8931114413163544,1.0
1,2.48,hot-cold,0.625,dpr,block_split,1.0105830068184,1.0105830068184,1.0
1,2.48,hot-cold,0.625,top,affine_fit,8.279410494448479,0.8698005661475992,9.518745809879732
1,2.48,hot-cold,0.625,top,released,8.335265734980219,1.1664367647058824,7.145921654040079
1,2.48,hot-cold,0.625,top,tail_linear,8.332785416529774,1.0302794231954746,8.087888808538105
1,2.48,hot-cold,0.625,top,block_split,8.339651076535963,1.1779898755656109,7.079560910938803
1,2.48,hot-cold,0.75,paper,affine_fit,1.1895883710727275,0.8497374397124592,1.3999481669011427
1,2.48,hot-cold,0.75,paper,released,1.2582025888497315,1.1391866750460868,1.1044744609559534
1,2.48,hot-cold,0.75,paper,tail_linear,1.2276062129994947,1.0063479880591175,1.2198625401607892
1,2.48,hot-cold,0.75,paper,block_split,1.293169950779726,1.142507590955635,1.1318698982980686
1,2.48,hot-cold,0.75,dpr,affine_fit,0.903565339904298,0.903565339904298,1.0
1,2.48,hot-cold,0.75,dpr,released,1.2122966716943187,1.2122966716943187,1.0
1,2.48,hot-cold,0.75,dpr,tail_linear,1.070554277449344,1.070554277449344,1.0
1,2.48,hot-cold,0.75,dpr,block_split,1.2241487675518927,1.2241487675518927,1.0
1,2.48,hot-cold,0.75,top,affine_fit,7.44909239933567,1.0144018798447665,7.3433345770964085
1,2.48,hot-cold,0.75,top,released,7.575717074064551,1.36283680115636,5.558785224787439
1,2.48,hot-cold,0.75,top,tail_linear,7.561991488979808,1.2027608642392194,6.287194498769282
1,2.48,hot-cold,0.75,top,block_split,7.604260170013503,1.373101870367863,5.538016030796223
1,2.48,hot-cold,0.875,paper,affine_fit,1.3708624263163949,0.9747649715216848,1.4063517528500955
1,2.48,hot-cold,0.875,paper,released,1.4653632490990132,1.3090012581699346,1.1194513679442006
1,2.48,hot-cold,0.875,paper,tail_linear,1.4232498700942655,1.1554816875064162,1.2317372793382002
1,2.48,hot-cold,0.875,paper,block_split,1.5091798890094308,1.3202216541377185,1.143126144219417
1,2.48,hot-cold,0.875,dpr,affine_fit,1.0523260822526526,1.0523260822526526,1.0
1,2.48,hot-cold,0.875,dpr,released,1.414346116976705,1.414346116976705,1.0
1,2.48,hot-cold,0.875,dpr,tail_linear,1.2479971135823336,1.2479971135823336,1.0
1,2.48,hot-cold,0.875,dpr,block_split,1.4237962238094493,1.4237962238094493,1.0
1,2.48,hot-cold,0.875,top,affine_fit,5.364673321407439,1.1345359661820065,4.728517633038015
1,2.48,hot-cold,0.875,top,released,5.660241362263673,1.5260050209485505,3.709189212723114
1,2.48,hot-cold,0.875,top,tail_linear,5.610467326040187,1.3460576282874068,4.168073645686627
1,2.48,hot-cold,0.875,top,block_split,5.6739946300894335,1.5293226372747957,3.7101357763201044
1,3.3,random,0.125,paper,affine_fit,0.2692811417570302,0.2492461148152802,1.0803825044839646
1,3.3,random,0.125,paper,released,0.26081988672756967,0.2564633869482377,1.0169868293138125
1,3.3,random,0.125,paper,tail_linear,0.26081988672756967,0.25301175497873823,1.0308607469620832
1,3.3,random,0.125,paper,block_split,0.26081988672756967,0.25897519819947307,1.0071230316297537
1,3.3,random,0.125,dpr,affine_fit,0.2147660572333768,0.2113125459095971,1.01634314379638
1,3.3,random,0.125,dpr,released,0.2370728843986497,0.21080943586555748,1.1245838376506145
1,3.3,random,0.125,dpr,tail_linear,0.22742912874517368,0.21080943586555748,1.0788375188775483
1,3.3,random,0.125,dpr,block_split,0.238491065614851,0.21080943586555748,1.1313111513990641
1,3.3,random,0.125,top,affine_fit,5.8472195940886085,0.7657586508811305,7.63585182793616
1,3.3,random,0.125,top,released,5.259158958552593,0.9482644139326535,5.546089130078968
1,3.3,random,0.125,top,tail_linear,5.259158958552593,0.8665873539106778,6.068815722753639
1,3.3,random,0.125,top,block_split,5.259158958552593,0.9822412990335,5.354243365380247
1,3.3,random,0.25,paper,affine_fit,0.5165605118857196,0.4559848195088646,1.1328458531626124
1,3.3,random,0.25,paper,released,0.5006972164604467,0.5095203303772148,0.982683489959594
1,3.3,random,0.25,paper,tail_linear,0.5006972164604467,0.48698354408389977,1.0281604430850837
1,3.3,random,0.25,paper,block_split,0.5006972164604467,0.5170430177129992,0.9683859936357835
1,3.3,random,0.25,dpr,affine_fit,0.3745276853959018,0.372560940709311,1.0052789878693305
1,3.3,random,0.25,dpr,released,0.41842109745292894,0.4138997847967904,1.0109236893137268
1,3.3,random,0.25,dpr,tail_linear,0.3996481510459526,0.39554311561226624,1.0103782249561646
1,3.3,random,0.25,dpr,block_split,0.43558270402704763,0.4195613739642774,1.0381859033194374
1,3.3,random,0.25,top,affine_fit,10.308327575591749,0.966192075447914,10.669025173708803
1,3.3,random,0.25,top,released,9.501000723897224,1.2824158048433048,7.408674072804435
1,3.3,random,0.25,top,tail_linear,9.501000723897224,1.1380312065613767,8.348629342603896
1,3.3,random,0.25,top,block_split,9.501000723897224,1.2860166088353548,7.387930030313949
1,3.3,random,0.375,paper,affine_fit,0.7543070298418344,0.625768644391163,1.205408798607562
1,3.3,random,0.375,paper,released,0.7249126626823175,0.7138353522346785,1.015518018844207
1,3.3,random,0.375,paper,tail_linear,0.7249126626823175,0.6778273724925631,1.0694650173488989
1,3.3,random,0.375,paper,block_split,0.7249126626823175,0.7676220942350085,0.9443613831943515
1,3.3,random,0.375,dpr,affine_fit,0.5012866561159157,0.4936549831453551,1.015459527870933
1,3.3,random,0.375,dpr,released,0.617201234655513,0.5498053747457523,1.1225813042313868
1,3.3,random,0.375,dpr,tail_linear,0.5660222628062507,0.5243141764986446,1.0795478897521549
1,3.3,random,0.375,dpr,block_split,0.619431512906439,0.5642589016621387,1.0977788938407145
1,3.3,random,0.375,top,affine_fit,12.888284082871756,1.0721258034186,12.02124232228712
1,3.3,random,0.375,top,released,12.34707288148184,1.4113552534774594,8.748380573253758
1,3.3,random,0.375,top,tail_linear,12.34707288148184,1.257165013955546,9.821362147704852
1,3.3,random,0.375,top,block_split,12.34707288148184,1.4171041341580868,8.712890311915812
1,3.3,random,0.5,paper,affine_fit,0.9905855141563532,0.778970953655491,1.2716591157960573
1,3.3,random,0.5,paper,released,0.9567797200006538,0.9662095949281286,0.9902403422849716
1,3.3,random,0.5,paper,tail_linear,0.9549064724996189,0.8823470794882788,1.0822345250504157
1,3.3,random,0.5,paper,block_split,0.9636742053691939,0.9962883146996523,0.9672643863736469
1,3.3,random,0.5,dpr,affine_fit,0.6390465126501,0.6291940562215526,1.01565885171852
1,3.3,random,0.5,dpr,released,0.8178597052183416,0.7153444628730079,1.14330891992035
1,3.3,random,0.5,dpr,tail_linear,0.7382177782839099,0.679417425924147,1.0865452520293872
1,3.3,random,0.5,dpr,block_split,0.8483284045240203,0.7692074617290534,1.102860342276342
1,3.3,random,0.5,top,affine_fit,14.016123662681274,1.130122498759423,12.402304774984383
1,3.3,random,0.5,top,released,13.999051975585703,1.5050689764538294,9.301269373427383
1,3.3,random,0.5,top,tail_linear,13.999051975585703,1.333568542431612,10.497437162142418
1,3.3,random,0.5,top,block_split,13.999051975585703,1.5309854256044444,9.143817923713266
1,3.3,random,0.625,paper,affine_fit,1.1938613410283614,0.9121007699868824,1.3089138616180878
1,3.3,random,0.625,paper,released,1.1611872279982791,1.1790648550360314,0.984837452357779
1,3.3,random,0.625,paper,tail_linear,1.1593139804972443,1.059061382408005,1.0946617445924554
1,3.3,random,0.625,paper,block_split,1.1680817133668193,1.2051947077344611,0.9692058103728258
1,3.3,random,0.625,dpr,affine_fit,0.7878072549984546,0.7833750545802778,1.0056578268509604
1,3.3,random,0.625,dpr,released,1.0185624747390751,0.9719209978934202,1.0479889589243854
1,3.3,random,0.625,dpr,tail_linear,0.9145162956383831,0.8871276403311427,1.0308734099379622
1,3.3,random,0.625,dpr,block_split,1.0458272468976375,1.0014984500649653,1.0442624717290343
1,3.3,random,0.625,top,affine_fit,13.185805567568464,1.166823339799313,11.300601485942462
1,3.3,random,0.625,top,released,13.745822431576345,1.5549167014412602,8.840230746016987
1,3.3,random,0.625,top,tail_linear,13.745822431576345,1.377345557924948,9.979937389339849
1,3.3,random,0.625,top,block_split,13.745822431576345,1.5651356823118316,8.782511693345754
1,3.3,random,0.75,paper,affine_fit,1.4206069731703057,1.0231913486987465,1.3884079209396916
1,3.3,random,0.75,paper,released,1.3855893914638735,1.344891620160885,1.0302610044503957
1,3.3,random,0.75,paper,tail_linear,1.3823285532213314,1.198795659964431,1.1530977291512268
1,3.3,random,0.75,paper,block_split,1.4006857950519438,1.361475045628052,1.0288001969259772
1,3.3,random,0.75,dpr,affine_fit,0.9255671115326388,0.9255577450348422,1.0000101198416271
1,3.3,random,0.75,dpr,released,1.2122966716943189,1.1973423541980894,1.0124895920066612
1,3.3,random,0.75,dpr,tail_linear,1.0823487987521565,1.0751129547555618,1.0067303104893195
1,3.3,random,0.75,dpr,block_split,1.2321250039901546,1.2199947966128493,1.0099428353391204
1,3.3,random,0.75,top,affine_fit,10.859367001728486,1.1876298495530475,9.143730267317968
1,3.3,random,0.75,top,released,11.757411502011573,1.5981180630970335,7.357035611766121
1,3.3,random,0.75,top,tail_linear,11.757411502011573,1.4093883773677667,8.34220835847264
1,3.3,random,0.75,top,block_split,11.757411502011573,1.607966432801669,7.311975711785125
1,3.3,random,0.875,paper,affine_fit,1.6568854574848246,1.1262077423818349,1.4712076601255208
1,3.3,random,0.875,paper,released,1.6370899710340419,1.4997518857885035,1.0915738706828377
1,3.3,random,0.875,paper,tail_linear,1.6306376740860329,1.3288989941123228,1.2270591529608805
1,3.3,random,0.875,paper,block_split,1.6828873696691613,1.5107975110252023,1.1139066336740133
1,3.3,random,0.875,dpr,affine_fit,1.063326968066823,1.0623389124746292,1.000930075685444
1,3.3,random,0.875,dpr,released,1.4143461169767053,1.403352718238011,1.0078336676131552
1,3.3,random,0.875,dpr,tail_linear,1.2538943742337398,1.2469885865544028,1.005537971841762
1,3.3,random,0.875,dpr,block_split,1.43570559281578,1.4064918857983093,1.0207706189509151
1,3.3,random,0.875,top,affine_fit,6.882795563762951,1.1976614127706176,5.746862586013014
1,3.3,random,0.875,top,released,7.517968870938848,1.6117431079269313,4.664495746228856
1,3.3,random,0.875,top,tail_linear,7.517968870938848,1.4213540949359451,5.289300461949739
1,3.3,random,0.875,top,block_split,7.517968870938848,1.6184069020044696,4.6452896744493035
1,3.3,local,0.125,paper,affine_fit,0.2912829133853709,0.2590236392614543,1.1245418148548003
1,3.3,local,0.125,paper,released,0.28494014695192577,0.25841362032595955,1.1026514260065163
1,3.3,local,0.125,paper,tail_linear,0.28494014695192577,0.25649990142829737,1.1108781927995346
1,3.3,local,0.125,paper,block_split,0.28494014695192577,0.26443672709176846,1.077536203407335
1,3.3,local,0.125,dpr,affine_fit,0.2147660572333768,0.2093645342185996,1.0257996084911756
1,3.3,local,0.125,dpr,released,0.21964924310366402,0.20423781720075787,1.0754582384111426
1,3.3,local,0.125,dpr,tail_linear,0.2177239609498226,0.20423781720075787,1.0660315701269387
1,3.3,local,0.125,dpr,block_split,0.23556819359790585,0.20423781720075787,1.1534014455626083
1,3.3,local,0.125,top,affine_fit,1.7658909570313994,0.3590945991635547,4.917620485367143
1,3.3,local,0.125,top,released,1.814213740345528,0.38159220232532454,4.754326029961244
1,3.3,local,0.125,top,tail_linear,1.814213740345528,0.3725844257617061,4.869268855338159
1,3.3,local,0.125,top,block_split,1.814213740345528,0.39418716698701806,4.602417055361106
1,3.3,local,0.25,paper,affine_fit,0.5605640551424012,0.4207426456127734,1.3323205075301805
1,3.3,local,0.25,paper,released,0.5417799817311981,0.45054618037906247,1.2024960044614672
1,3.3,local,0.25,paper,tail_linear,0.5417799817311981,0.4380983351021237,1.2366629551443182
1,3.3,local,0.25,paper,block_split,0.5417799817311981,0.456378907539846,1.1871275661088607
1,3.3,local,0.25,dpr,affine_fit,0.3635267995817315,0.3432002678773989,1.059226444752059
1,3.3,local,0.25,dpr,released,0.411757892474012,0.36394068779850647,1.1313873559033862
1,3.3,local,0.25,dpr,tail_linear,0.3920136325479805,0.35501385402814256,1.1042206609686418
1,3.3,local,0.25,dpr,block_split,0.42767819754577985,0.3768899957672988,1.1347560358429862
1,3.3,local,0.25,top,affine_fit,2.497698647530784,0.5545877457693694,4.503703276143926
1,3.3,local,0.25,top,released,2.6073937420235063,0.6311485855099135,4.131188442602557
1,3.3,local,0.25,top,tail_linear,2.6073937420235063,0.6000896794125076,4.345006807276147
1,3.3,local,0.25,top,block_split,2.6073937420235063,0.6600029731069978,3.9505787826213363
1,3.3,local,0.375,paper,affine_fit,0.8093114589126862,0.567320070494328,1.4265517844406628
1,3.3,local,0.375,paper,released,0.781632292712132,0.6541523872475754,1.1948779947145702
1,3.3,local,0.375,paper,tail_linear,0.781632292712132,0.6188844559009306,1.2629696630113032
1,3.3,local,0.375,paper,block_split,0.781632292712132,0.686744476295085,1.1381704836258122
1,3.3,local,0.375,dpr,affine_fit,0.5232884277442564,0.5181409435008753,1.009934525167229
1,3.3,local,0.375,dpr,released,0.6099281718341796,0.5913233451427691,1.0314630343013407
1,3.3,local,0.375,dpr,tail_linear,0.5742150551246343,0.5604263246318724,1.0246040021439382
1,3.3,local,0.375,dpr,block_split,0.6399212043665485,0.6220691467579847,1.028697866951934
1,3.3,local,0.375,top,affine_fit,2.932482421047568,0.7260749100690659,4.038815252228759
1,3.3,local,0.375,top,released,3.064550947725782,0.8434343474370526,3.633419669281961
1,3.3,local,0.375,top,tail_linear,3.064550947725782,0.79435410658432,3.857915408662248
1,3.3,local,0.375,top,block_split,3.064550947725782,0.8819118394699688,3.4748948937657813
1,3.3,local,0.5,paper,affine_fit,1.045589943227205,0.7140859686627018,1.4642353849709784
1,3.3,local,0.5,paper,released,1.011530086276552,0.8339195160050233,1.2129828680858679
1,3.3,local,0.5,paper,tail_linear,1.011530086276552,0.7849606893421728,1.288637889783058
1,3.3,local,0.5,paper,block_split,1.011530086276552,0.8714911350591181,1.1606888992714013
1,3.3,local,0.5,dpr,affine_fit,0.6610482842784408,0.636072979375722,1.0392648417910015
1,3.3,local,0.5,dpr,released,0.8081977811295458,0.7526810892176434,1.0737585847541458
1,3.3,local,0.5,dpr,tail_linear,0.7451549084403957,0.7043004253637541,1.058007182170224
1,3.3,local,0.5,dpr,block_split,0.8548138972000263,0.7814637951060833,1.0938624444962108
1,3.3,local,0.5,top,affine_fit,3.367266194564353,0.8736216575472209,3.854375822158857
1,3.3,local,0.5,top,released,3.43961738628902,1.0351645685161077,3.3227734902283776
1,3.3,local,0.5,top,tail_linear,3.43961738628902,0.967322944512578,3.555810813546039
1,3.3,local,0.5,top,block_split,3.43961738628902,1.0814074281739543,3.1806859252826643
1,3.3,local,0.625,paper,affine_fit,1.2048622268425315,0.8234638414593709,1.4631634884019113
1,3.3,local,0.625,paper,released,1.1881422171654341,0.980926479943891,1.2112449214679124
1,3.3,local,0.625,paper,tail_linear,1.1859220719790224,0.9152414032177874,1.295747840744072
1,3.3,local,0.625,paper,block_split,1.2198069779579725,1.0061246840588038,1.2123815241637386
1,3.3,local,0.625,dpr,affine_fit,0.798808140812625,0.7566589442689744,1.055704352486538
1,3.3,local,0.625,dpr,released,1.0102472264119322,0.8821528797066976,1.145206516525598
1,3.3,local,0.625,dpr,tail_linear,0.9167004839219792,0.8309276548327184,1.1032253874213978
1,3.3,local,0.625,dpr,block_split,1.040969468067473,0.9155306046928634,1.1370122011559527
1,3.3,local,0.625,top,affine_fit,3.197001248301766,0.9871776919906708,3.2385266343032177
1,3.3,local,0.625,top,released,3.2949480859182865,1.2212692621920562,2.69797020847326
1,3.3,local,0.625,top,tail_linear,3.2925371470049174,1.119714964797988,2.9405136579548494
1,3.3,local,0.625,top,block_split,3.309059994855691,1.270165859389236,2.605218814845854
1,3.3,local,0.75,paper,affine_fit,1.431607858984476,0.8983429236785434,1.593609546254691
1,3.3,local,0.75,paper,released,1.4236459964444403,1.080623024446581,1.317430745262467
1,3.3,local,0.75,paper,tail_linear,1.4168814915795922,1.0038776931850462,1.4114084825255864
1,3.3,local,0.75,paper,block_split,1.456473871068834,1.130574780844121,1.2882596496459853
1,3.3,local,0.75,dpr,affine_fit,0.9255671115326388,0.8618773884144559,1.073896500795025
1,3.3,local,0.75,dpr,released,1.2122966716943189,1.019513427734164,1.189093383878827
1,3.3,local,0.75,dpr,tail_linear,1.0823487987521565,0.9533022228519054,1.1353679586670788
1,3.3,local,0.75,dpr,block_split,1.2306703339429275,1.0443080714477464,1.1784552543358429
1,3.3,local,0.75,top,affine_fit,3.279756675765099,1.086778040341166,3.0178716849445206
1,3.3,local,0.75,top,released,3.3647027775005873,1.3947466393108867,2.4124114607388565
1,3.3,local,0.75,top,tail_linear,3.359880899673849,1.2566813605309064,2.6736140164077953
1,3.3,local,0.75,top,block_split,3.401377906456278,1.430257581913797,2.378157577675601
1,3.3,local,0.875,paper,affine_fit,1.5908801425998025,0.95854166948176,1.6596880378292989
1,3.3,local,0.875,paper,released,1.6185212543517968,1.1685727664424697,1.3850410524961336
1,3.3,local,0.875,paper,tail_linear,1.6029802380469147,1.0783215519635965,1.4865512380123795
1,3.3,local,0.875,paper,block_split,1.6610529439806505,1.219152016995377,1.3624658129790466
1,3.3,local,0.875,dpr,affine_fit,1.063326968066823,1.0295153618211408,1.0328422552004195
1,3.3,local,0.875,dpr,released,1.4143461169767053,1.2937146225071225,1.0932442846134087
1,3.3,local,0.875,dpr,tail_linear,1.2538943742337396,1.1774402999968971,1.0649324422113324
1,3.3,local,0.875,dpr,block_split,1.420872635764533,1.3261538210913102,1.0714237015094352
1,3.3,local,0.875,top,affine_fit,2.240421750183053,1.1655906119335202,1.9221343473816828
1,3.3,local,0.875,top,released,2.3781694546170296,1.5383007931121169,1.545971675543237
1,3.3,local,0.875,top,tail_linear,2.35120394120707,1.3686504800785757,1.7178994750157723
1,3.3,local,0.875,top,block_split,2.419572104840813,1.5614555382266246,1.5495619603672917
1,3.3,hot-cold,0.125,paper,affine_fit,0.2252775985003487,0.1715058972952898,1.31352683524624
1,3.3,hot-cold,0.125,paper,released,0.22202192918274932,0.21800071727836434,1.0184458654750677
1,3.3,hot-cold,0.125,paper,tail_linear,0.22202192918274932,0.19734874174226344,1.1250232822497999
1,3.3,hot-cold,0.125,paper,block_split,0.22202192918274932,0.22067378179989944,1.006109232242516
1,3.3,hot-cold,0.125,dpr,affine_fit,0.159761628162525,0.159761628162525,1.0
1,3.3,hot-cold,0.125,dpr,released,0.20204944528238647,0.20204944528238647,1.0
1,3.3,hot-cold,0.125,dpr,tail_linear,0.18334009678439583,0.18334009678439583,1.0
1,3.3,hot-cold,0.125,dpr,block_split,0.21127728705599427,0.21127728705599427,1.0
1,3.3,hot-cold,0.125,top,affine_fit,4.681125697786548,0.3087670427844788,15.160703861305565
1,3.3,hot-cold,0.125,top,released,4.386258974772118,0.4044312087313558,10.84550074295997
1,3.3,hot-cold,0.125,top,tail_linear,4.386258974772118,0.3610747796873411,12.14778550462658
1,3.3,hot-cold,0.125,top,block_split,4.386258974772118,0.4097550002919404,10.704589258574064
1,3.3,hot-cold,0.25,paper,affine_fit,0.439554311186527,0.3163518832660561,1.3894474300216382
1,3.3,hot-cold,0.25,paper,released,0.44371766618869285,0.41473307189542485,1.0698873474468813
1,3.3,hot-cold,0.25,paper,tail_linear,0.44052620748322596,0.3701220295559639,1.1902188259686302
1,3.3,hot-cold,0.25,paper,block_split,0.47208432779412973,0.41719738483738483,1.1315610906289326
1,3.3,hot-cold,0.25,dpr,affine_fit,0.3085223705108796,0.3085223705108796,1.0
1,3.3,hot-cold,0.25,dpr,released,0.40409889056477294,0.40409889056477294,1.0
1,3.3,hot-cold,0.25,dpr,tail_linear,0.3607829329173855,0.3607829329173855,1.0
1,3.3,hot-cold,0.25,dpr,block_split,0.409084184669224,0.409084184669224,1.0
1,3.3,hot-cold,0.25,top,affine_fit,6.722038800172207,0.4724527938223888,14.2279586195002
1,3.3,hot-cold,0.25,top,released,6.5637532422016465,0.6267520621752974,10.472647221008772
1,3.3,hot-cold,0.25,top,tail_linear,6.5637532422016465,0.5563202687876208,11.798515370482406
1,3.3,hot-cold,0.25,top,block_split,6.5637532422016465,0.6270305305947796,10.4679962488836
1,3.3,hot-cold,0.375,paper,affine_fit,0.6222964000717899,0.4501876169248554,1.382304569642711
1,3.3,hot-cold,0.375,paper,released,0.6442829566819183,0.596511109016256,1.0800854283241192
1,3.3,hot-cold,0.375,paper,tail_linear,0.6350901680194321,0.5297622127216635,1.198821193298488
1,3.3,hot-cold,0.375,paper,block_split,0.6865642762415702,0.6031310740456186,1.138333449869043
1,3.3,hot-cold,0.375,dpr,affine_fit,0.4572831128592342,0.4572831128592342,1.0
1,3.3,hot-cold,0.375,dpr,released,0.6061483358471593,0.6061483358471593,1.0
1,3.3,hot-cold,0.375,dpr,tail_linear,0.5382257690503751,0.5382257690503751,1.0
1,3.3,hot-cold,0.375,dpr,block_split,0.6085976309921962,0.6085976309921962,1.0
1,3.3,hot-cold,0.375,top,affine_fit,7.310834975087377,0.6185221411611515,11.81984360553811
1,3.3,hot-cold,0.375,top,released,7.275113286462478,0.8251460076252722,8.816758754489863
1,3.3,hot-cold,0.375,top,tail_linear,7.275113286462478,0.7305527904510991,9.958367665627923
1,3.3,hot-cold,0.375,top,block_split,7.275113286462478,0.8368795661248648,8.693142455550182
1,3.3,hot-cold,0.5,paper,affine_fit,0.8145713411296274,0.5891521018314427,1.3826163712179667
1,3.3,hot-cold,0.5,paper,released,0.8532606228004944,0.7732730122031481,1.103440323579187
1,3.3,hot-cold,0.5,paper,tail_linear,0.8354647715406628,0.6882310446330171,1.2139306676962742
1,3.3,hot-cold,0.5,paper,block_split,0.8966942904719154,0.7776583537588942,1.153069707459128
1,3.3,hot-cold,0.5,dpr,affine_fit,0.6060438552075889,0.6060438552075889,1.0
1,3.3,hot-cold,0.5,dpr,released,0.8081977811295459,0.8081977811295459,1.0
1,3.3,hot-cold,0.5,dpr,tail_linear,0.7156686051833647,0.7156686051833647,1.0
1,3.3,hot-cold,0.5,dpr,block_split,0.8103229914529915,0.8103229914529915,1.0
1,3.3,hot-cold,0.5,top,affine_fit,7.899631150002547,0.7682615726039032,10.282475958322339
1,3.3,hot-cold,0.5,top,released,7.846259301340891,1.0285247255739902,7.6286540383967125
1,3.3,hot-cold,0.5,top,tail_linear,7.846259301340891,0.9091630136639111,8.630200726842817
1,3.3,hot-cold,0.5,top,block_split,7.846259301340891,1.0366243569971811,7.569047792846939
1,3.3,hot-cold,0.625,paper,affine_fit,1.0178471680016354,0.7012213696377039,1.4515347250862034
1,3.3,hot-cold,0.625,paper,released,1.0577493330153425,0.9374695479302833,1.1283026049759262
1,3.3,hot-cold,0.625,paper,tail_linear,1.0392943761532947,0.8291969986960834,1.25337450302834
1,3.3,hot-cold,0.625,paper,block_split,1.1122828922719123,0.9422663692905234,1.180433610412523
1,3.3,hot-cold,0.625,dpr,affine_fit,0.7548045975559434,0.7548045975559434,1.0
1,3.3,hot-cold,0.625,dpr,released,1.0102472264119324,1.0102472264119324,1.0
1,3.3,hot-cold,0.625,dpr,tail_linear,0.8931114413163544,0.8931114413163544,1.0
1,3.3,hot-cold,0.625,dpr,block_split,1.0105830068184,1.0105830068184,1.0
1,3.3,hot-cold,0.625,top,affine_fit,8.02639012072256,0.91628829813146,8.759677644132713
1,3.3,hot-cold,0.625,top,released,8.11731216067353,1.229577216356628,6.6017099639549395
1,3.3,hot-cold,0.625,top,tail_linear,8.115843627138768,1.0857303094870339,7.475008808562408
1,3.3,hot-cold,0.625,top,block_split,8.12499962386019,1.2344527612777614,6.581863542068745
1,3.3,hot-cold,0.75,paper,affine_fit,1.2005892568868983,0.8069197918325874,1.4878669094982193
1,3.3,hot-cold,0.75,paper,released,1.2603158981272393,1.081030995894084,1.1658462180215978
1,3.3,hot-cold,0.75,paper,tail_linear,1.2344026410295899,0.9552748033168919,1.292196378197681
1,3.3,hot-cold,0.75,paper,block_split,1.3127493761403217,1.087054102659893,1.207621012540387
1,3.3,hot-cold,0.75,dpr,affine_fit,0.903565339904298,0.903565339904298,1.0
1,3.3,hot-cold,0.75,dpr,released,1.2122966716943187,1.2122966716943187,1.0
1,3.3,hot-cold,0.75,dpr,tail_linear,1.070554277449344,1.070554277449344,1.0
1,3.3,hot-cold,0.75,dpr,block_split,1.2241487675518927,1.2241487675518927,1.0
1,3.3,hot-cold,0.75,top,affine_fit,7.471094170964011,1.0427838635822813,7.164566341963251
1,3.3,hot-cold,0.75,top,released,7.673202047178209,1.4013857084799732,5.475439060600256
1,3.3,hot-cold,0.75,top,tail_linear,7.664546949928057,1.2366150895540662,6.198005357262749
1,3.3,hot-cold,0.75,top,block_split,7.703674919044186,1.401259223019423,5.497680081237478
1,3.3,hot-cold,0.875,paper,affine_fit,1.3268588830597134,0.9050333735458936,1.4660883475060373
1,3.3,hot-cold,0.875,paper,released,1.4597475133401263,1.214290580693816,1.2021401932526417
1,3.3,hot-cold,0.875,paper,tail_linear,1.4035153985405415,1.0723053580690773,1.30887660681644
1,3.3,hot-cold,0.875,paper,block_split,1.532980918102184,1.225518738278869,1.2508832955545977
1,3.3,hot-cold,0.875,dpr,affine_fit,1.0523260822526526,1.0523260822526526,1.0
1,3.3,hot-cold,0.875,dpr,released,1.414346116976705,1.414346116976705,1.0
1,3.3,hot-cold,0.875,dpr,tail_linear,1.2479971135823336,1.2479971135823336,1.0
1,3.3,hot-cold,0.875,dpr,block_split,1.4237962238094493,1.4237962238094493,1.0
1,3.3,hot-cold,0.875,top,affine_fit,5.2986680065224165,1.1528863867019516,4.596001885042856
1,3.3,hot-cold,0.875,top,released,5.677385999083398,1.5509288834422659,3.660635932243725
1,3.3,hot-cold,0.875,top,tail_linear,5.6327113588349516,1.367946136034075,4.11764119248526
1,3.3,hot-cold,0.875,top,block_split,5.6899947887384785,1.5652732590330525,3.6351446981554343
1,4.55,random,0.125,paper,affine_fit,0.3022837991995413,0.2629383956390425,1.1496373455267885
1,4.55,random,0.125,paper,released,0.2968586015095437,0.2781793870818486,1.067148089668481
1,4.55,random,0.125,paper,tail_linear,0.2968586015095437,0.2737448783371147,1.0844352716764425
1,4.55,random,0.125,paper,block_split,0.2968586015095437,0.28913883918422645,1.026699153759826
1,4.55,random,0.125,dpr,affine_fit,0.1927642856050361,0.1844079623114743,1.0453143301884522
1,4.55,random,0.125,dpr,released,0.20649184619762628,0.19003779875562027,1.0865830247968993
1,4.55,random,0.125,dpr,tail_linear,0.20201686605626512,0.18771936589168509,1.0761642257668276
1,4.55,random,0.125,dpr,block_split,0.21679955205042625,0.19479405523960666,1.1129680101569408
1,4.55,random,0.125,top,affine_fit,5.957228452230312,0.8163777120227889,7.297147343072024
1,4.55,random,0.125,top,released,5.330993049784949,0.983844250556542,5.418533519679875
1,4.55,random,0.125,top,tail_linear,5.330993049784949,0.907711771872506,5.873001997966511
1,4.55,random,0.125,top,block_split,5.330993049784949,0.9909572577324958,5.379639745495487
1,4.55,random,0.25,paper,affine_fit,0.5715649409565715,0.4833600146585926,1.1824828774061502
1,4.55,random,0.25,paper,released,0.5546523748594268,0.5111434415898007,1.0851207894486543
1,4.55,random,0.25,paper,tail_linear,0.5546523748594268,0.4992506326094649,1.1109697987970293
1,4.55,random,0.25,paper,block_split,0.5546523748594268,0.5291773495056152,1.0481408083275137
1,4.55,random,0.25,dpr,affine_fit,0.3525259137675611,0.3392667785042173,1.0390817377457398
1,4.55,random,0.25,dpr,released,0.4086037063617584,0.36317189703728375,1.1250972602646359
1,4.55,random,0.25,dpr,tail_linear,0.3855697000527366,0.3536379923175104,1.090294901647775
1,4.55,random,0.25,dpr,block_split,0.42924670560248723,0.37538079489779413,1.1434967143680308
1,4.55,random,0.25,top,affine_fit,10.220320489078386,0.9991853663926284,10.228653093646615
1,4.55,random,0.25,top,released,9.435049694422123,1.2674614873470755,7.4440523744596225
1,4.55,random,0.25,top,tail_linear,9.435049694422123,1.1484871445190004,8.215198349802714
1,4.55,random,0.25,top,block_split,9.435049694422123,1.2862263504066194,7.335450476068529
1,4.55,random,0.375,paper,affine_fit,0.7873096872843455,0.6375035470261311,1.2349887164660338
1,4.55,random,0.375,paper,released,0.7663041415712024,0.7193631848304253,1.0652534877105817
1,4.55,random,0.375,paper,tail_linear,0.7663041415712024,0.6838119537073893,1.1206357792029946
1,4.55,random,0.375,paper,block_split,0.7663041415712024,0.7478083281652289,1.0247333610891358
1,4.55,random,0.375,dpr,affine_fit,0.5452901993725973,0.5406226931786178,1.008633574307687
1,4.55,random,0.375,dpr,released,0.6300287631484759,0.6006911283690035,1.0488398003465274
1,4.55,random,0.375,dpr,tail_linear,0.593639195952446,0.5746217673129344,1.0330955590639066
1,4.55,random,0.375,dpr,block_split,0.6474312456711845,0.6260313389397903,1.034183443224481
1,4.55,random,0.375,top,affine_fit,12.97629116938512,1.0916902188087447,11.886422490388238
1,4.55,random,0.375,top,released,12.467633016968692,1.4229863893078598,8.761596815436123
1,4.55,random,0.375,top,tail_linear,12.467633016968692,1.2732769115553972,9.791768706257779
1,4.55,random,0.375,top,block_split,12.467633016968692,1.4343100160049487,8.692425541094233
1,4.55,random,0.5,paper,affine_fit,1.0015863999705237,0.7862736558722823,1.2738394482508462
1,4.55,random,0.5,paper,released,0.9807950859365426,0.9260856378086465,1.0590760140253903
1,4.55,random,0.5,paper,tail_linear,0.9803788087140904,0.8638637563082215,1.1348766533553898
1,4.55,random,0.5,paper,block_split,0.9922951033431743,0.9499364965982949,1.0445909878150432
1,4.55,random,0.5,dpr,affine_fit,0.6830500559067815,0.6764158050262112,1.009807947761234
1,4.55,random,0.5,dpr,released,0.8243411161938113,0.7835077237249263,1.0521161326588542
1,4.55,random,0.5,dpr,tail_linear,0.7593498348384613,0.7352600373170982,1.0327636431993024
1,4.55,random,0.5,dpr,block_split,0.8488870086166546,0.800206075741027,1.060835495194843
1,4.55,random,0.5,top,affine_fit,14.126132520822978,1.139420045156195,12.397651402461088
1,4.55,random,0.5,top,released,14.132747045128374,1.5176970667839784,9.311968346276023
1,4.55,random,0.5,top,tail_linear,14.132747045128374,1.3446587196899238,10.51028550083501
1,4.55,random,0.5,top,block_split,14.132747045128374,1.538075578319123,9.18859075870203
1,4.55,random,0.625,paper,affine_fit,1.2268639984708725,0.9189141276564752,1.3351236655809917
1,4.55,random,0.625,paper,released,1.1926372625688986,1.1323738300176303,1.0532186729803974
1,4.55,random,0.625,paper,tail_linear,1.1922209853464463,1.038127510528834,1.148434053865999
1,4.55,random,0.625,paper,block_split,1.20413727997553,1.1447733448234576,1.0518564966772765
1,4.55,random,0.625,dpr,affine_fit,0.8098090266267953,0.8002199754674406,1.0119830189864398
1,4.55,random,0.625,dpr,released,1.0196786532579927,0.9398556303744424,1.084931153577011
1,4.55,random,0.625,dpr,tail_linear,0.9246460323490088,0.8776337488740175,1.0535670871081553
1,4.55,random,0.625,dpr,block_split,1.0371921187419837,0.9637064891640909,1.0762531231284262
1,4.55,random,0.625,top,affine_fit,13.438825941294384,1.1690253902617065,11.495751977025812
1,4.55,random,0.625,top,released,14.044097236047602,1.557907564940506,9.014717915298089
1,4.55,random,0.625,top,tail_linear,14.044097236047602,1.3799721788545483,10.177087227733072
1,4.55,random,0.625,top,block_split,14.044097236047602,1.564048151544728,8.97932536295445
1,4.55,random,0.75,paper,affine_fit,1.431607858984476,1.0307574561847306,1.3888891614555594
1,4.55,random,0.75,paper,released,1.399073311483747,1.3252848483324955,1.0556774366236013
1,4.55,random,0.75,paper,tail_linear,1.3980673081961543,1.1933712218398642,1.1715275872336712
1,4.55,random,0.75,paper,block_split,1.4353062064701527,1.348732155078069,1.0641892098932515
1,4.55,random,0.75,dpr,affine_fit,0.9475688831609796,0.9419226878726032,1.0059943298543204
1,4.55,random,0.75,dpr,released,1.2198823618628671,1.1790240194325332,1.0346543766343277
1,4.55,random,0.75,dpr,tail_linear,1.095276713275508,1.0734168007476454,1.0203647944699923
1,4.55,random,0.75,dpr,block_split,1.2363215247896922,1.1941466330572967,1.0353180175406247
1,4.55,random,0.75,top,affine_fit,10.870367887542656,1.185427799090654,9.16999575670602
1,4.55,random,0.75,top,released,11.699381096763567,1.5951271995977876,7.334450255574335
1,4.55,random,0.75,top,tail_linear,11.699381096763567,1.4067617564381665,8.316533374055942
1,4.55,random,0.75,top,block_split,11.699381096763567,1.5950503148897885,7.334803791171908
1,4.55,random,0.875,paper,affine_fit,1.579879256785632,1.1210602581384534,1.409272378818475
1,4.55,random,0.875,paper,released,1.576493607441769,1.477818886794034,1.066770509924798
1,4.55,random,0.875,paper,tail_linear,1.5672661290107452,1.315534367946661,1.1913532380434861
1,4.55,random,0.875,paper,block_split,1.6385845990394257,1.491928202552056,1.098299902258368
1,4.55,random,0.875,dpr,affine_fit,1.0743278538809933,1.0743091208854,1.0000174372489528
1,4.55,random,0.875,dpr,released,1.414346116976705,1.3844374819842469,1.0216034565530483
1,4.55,random,0.875,dpr,tail_linear,1.2597916348851461,1.2453199468919567,1.011620859385821
1,4.55,random,0.875,dpr,block_split,1.4295738603063957,1.4024817151077495,1.0193172894211777
1,4.55,random,0.875,top,affine_fit,6.805789363063758,1.1959487068554226,5.690703392253849
1,4.55,random,0.875,top,released,7.471607419177234,1.6094168807608513,4.6424313728118936
1,4.55,random,0.875,top,tail_linear,7.471607419177234,1.4193111675462562,5.264249017426074
1,4.55,random,0.875,top,block_split,7.471607419177234,1.617622504712599,4.618881968698071
1,4.55,local,0.125,paper,affine_fit,0.324285570827882,0.2820134664819888,1.1498939212840498
1,4.55,local,0.125,paper,released,0.32233660163653977,0.2877335029116852,1.1202609302520998
1,4.55,local,0.125,paper,tail_linear,0.32233660163653977,0.2877335029116852,1.1202609302520998
1,4.55,local,0.125,paper,block_split,0.32233660163653977,0.2877335029116852,1.1202609302520998
1,4.55,local,0.125,dpr,affine_fit,0.1927642856050361,0.1491845214109765,1.2921198779999785
1,4.55,local,0.125,dpr,released,0.2140274203986327,0.15479611493475362,1.3826407755055417
1,4.55,local,0.125,dpr,tail_linear,0.20547639245409371,0.15479611493475362,1.3274001905067305
1,4.55,local,0.125,dpr,block_split,0.21769070147615932,0.15479611493475362,1.4063059758826357
1,4.55,local,0.125,top,affine_fit,1.5898767840046737,0.3893871286008805,4.083023467461063
1,4.55,local,0.125,top,released,1.6540903734885288,0.40042172964882233,4.130870657142404
1,4.55,local,0.125,top,tail_linear,1.6540903734885288,0.3985369188916082,4.150406888498074
1,4.55,local,0.125,top,block_split,1.6540903734885288,0.419277205153746,3.9450996933686997
1,4.55,local,0.25,paper,affine_fit,0.6155684842132529,0.4977675793075593,1.2366584522631336
1,4.55,local,0.25,paper,released,0.6077268095640214,0.5169115799363888,1.1756881314959287
1,4.55,local,0.25,paper,tail_linear,0.6077268095640214,0.5101875464681678,1.1911831517077993
1,4.55,local,0.25,paper,block_split,0.6077268095640214,0.548477072978895,1.1080259130310197
1,4.55,local,0.25,dpr,affine_fit,0.3635267995817315,0.3280024874208543,1.1083050084168922
1,4.55,local,0.25,dpr,released,0.43037969371994955,0.3303553102798636,1.3027781916244947
1,4.55,local,0.25,dpr,tail_linear,0.4019861181718556,0.32989856166078413,1.2185143098174371
1,4.55,local,0.25,dpr,block_split,0.4426014155989595,0.3413453738120158,1.2966380960613428
1,4.55,local,0.25,top,affine_fit,2.5086995333449544,0.5973491946624612,4.1997202905120234
1,4.55,local,0.25,top,released,2.6029521668315936,0.6469531392690581,4.023401400868796
1,4.55,local,0.25,top,tail_linear,2.6029521668315936,0.625913794650953,4.158643233423471
1,4.55,local,0.25,top,block_split,2.6029521668315936,0.6726806250937176,3.8695215377564223
1,4.55,local,0.375,paper,affine_fit,0.8423141163551973,0.6399409032643271,1.3162373463839678
1,4.55,local,0.375,paper,released,0.8249887335439152,0.714875065619305,1.1540320445072698
1,4.55,local,0.375,paper,tail_linear,0.8249887335439152,0.6823707524994955,1.2090036545705043
1,4.55,local,0.375,paper,block_split,0.8249887335439152,0.7262781805110161,1.1359128715163183
1,4.55,local,0.375,dpr,affine_fit,0.5232884277442564,0.4696209013458469,1.114278402525544
1,4.55,local,0.375,dpr,released,0.6200462631954823,0.4774750617033729,1.298594027054507
1,4.55,local,0.375,dpr,tail_linear,0.5771408011424574,0.47559025094615875,1.2135252982883264
1,4.55,local,0.375,dpr,block_split,0.6242501198925542,0.4963305372082965,1.2577306312921328
1,4.55,local,0.375,top,affine_fit,2.756468248020842,0.7610536786959645,3.6219104186500246
1,4.55,local,0.375,top,released,2.8706210898901023,0.8743335504861532,3.283210495918816
1,4.55,local,0.375,top,tail_linear,2.8706210898901023,0.8255481726659911,3.4772302634016343
1,4.55,local,0.375,top,block_split,2.8706210898901023,0.8866758130474709,3.2375091861634155
1,4.55,local,0.5,paper,affine_fit,1.0785926006697162,0.7475873371502081,1.4427646738657924
1,4.55,local,0.5,paper,released,1.059862349387976,0.8444500761348162,1.2550917802496229
1,4.55,local,0.5,paper,tail_linear,1.059862349387976,0.8020996503783941,1.3213599443510307
1,4.55,local,0.5,paper,block_split,1.059862349387976,0.8597051526254503,1.232820748080044
1,4.55,local,0.5,dpr,affine_fit,0.6720491700926111,0.6066467410592333,1.1078097426505287
1,4.55,local,0.5,dpr,released,0.8132885050736458,0.6581598209031143,1.2357006296094875
1,4.55,local,0.5,dpr,tail_linear,0.7524310878023697,0.6354206776266628,1.1841463683755906
1,4.55,local,0.5,dpr,block_split,0.8522484479496694,0.678415032855889,1.2562346155007837
1,4.55,local,0.5,top,affine_fit,3.367266194564353,0.9073770648061232,3.710988876805948
1,4.55,local,0.5,top,released,3.508680276558345,1.0684194931775481,3.28399125901691
1,4.55,local,0.5,top,tail_linear,3.508680276558345,0.9993752905313789,3.5108735525097297
1,4.55,local,0.5,top,block_split,3.508680276558345,1.0967833226188437,3.19906421277495
1,4.55,local,0.625,paper,affine_fit,1.2488657700992132,0.845964324132707,1.4762629279663368
1,4.55,local,0.625,paper,released,1.2425591658939243,0.9956369603326514,1.2480042579764958
1,4.55,local,0.625,paper,tail_linear,1.2383270141323268,0.9321778104210491,1.328423612200118
1,4.55,local,0.625,paper,block_split,1.2558929942608374,1.0411170885714902,1.206293708985259
1,4.55,local,0.625,dpr,affine_fit,0.8098090266267953,0.7519914380749949,1.0768859665474466
1,4.55,local,0.625,dpr,released,1.0153589270258574,0.8502891605037096,1.194133683210028
1,4.55,local,0.625,dpr,tail_linear,0.9241595255402876,0.807695906367524,1.1441924098594718
1,4.55,local,0.625,dpr,block_split,1.038823197777225,0.8647579859953102,1.2012877760030989
1,4.55,local,0.625,top,affine_fit,3.417018964585174,1.0233891884833626,3.338924236290899
1,4.55,local,0.625,top,released,3.506802052649367,1.2827728482883356,2.733766977784616
1,4.55,local,0.625,top,tail_linear,3.5063742121707353,1.166966837653369,3.0046905353554307
1,4.55,local,0.625,top,block_split,3.5284464130285795,1.3036614501984285,2.7065665035132547
1,4.55,local,0.75,paper,affine_fit,1.3986052015419648,0.9550975246557768,1.4643585240638446
1,4.55,local,0.75,paper,released,1.4125593959569565,1.1455294087436925,1.2331061823250065
1,4.55,local,0.75,paper,tail_linear,1.4024646733124906,1.063939073143061,1.3181813777826263
1,4.55,local,0.75,paper,block_split,1.4474145709930433,1.1715717482052106,1.235446803160293
1,4.55,local,0.75,dpr,affine_fit,0.9365679973468092,0.8939200897581634,1.047708859077307
1,4.55,local,0.75,dpr,released,1.2122966716943189,1.0505250698130564,1.1539911864359889
1,4.55,local,0.75,dpr,tail_linear,1.0882460594035626,0.9835853797915065,1.106407315279779
1,4.55,local,0.75,dpr,block_split,1.2185967718943933,1.0838000107193275,1.1243742017363516
1,4.55,local,0.75,top,affine_fit,2.9607309871541583,1.109297256010095,2.669014974221855
1,4.55,local,0.75,top,released,3.0542830810807255,1.438760118626392,2.1228577589408717
1,4.55,local,0.75,top,tail_linear,3.0508083225988676,1.2895767690300841,2.365743859431835
1,4.55,local,0.75,top,block_split,3.082959855485262,1.4518664452072085,2.12344590348685
1,4.55,local,0.875,paper,affine_fit,1.579879256785632,1.0268146003137524,1.5386217300600182
1,4.55,local,0.875,paper,released,1.6395298360644774,1.2877076282167534,1.2732159071969895
1,4.55,local,0.875,paper,tail_linear,1.6178140409598876,1.1717686401357257,1.3806599575599638
1,4.55,local,0.875,paper,block_split,1.729754698394007,1.3163364468394936,1.3140673135254481
1,4.55,local,0.875,dpr,affine_fit,1.0523260822526526,0.9308656030716528,1.1304812196091538
1,4.55,local,0.875,dpr,released,1.414346116976705,1.102264886169566,1.2831272543677221
1,4.55,local,0.875,dpr,tail_linear,1.2479971135823336,1.028890244084276,1.2129545602729135
1,4.55,local,0.875,dpr,block_split,1.4237962238094493,1.1307218403688986,1.2591922902496824
1,4.55,local,0.875,top,affine_fit,2.4934421239089715,1.1709640354549071,2.1293925760412407
1,4.55,local,0.875,top,released,2.5873880083922463,1.5337523965857711,1.6869659106332509
1,4.55,local,0.875,top,tail_linear,2.5698060773717306,1.368311108801469,1.8780861025258173
1,4.55,local,0.875,top,block_split,2.6161956152908608,1.5393543436640358,1.6995408666361262
1,4.55,hot-cold,0.125,paper,affine_fit,0.2472793701286894,0.1793260435526697,1.378937298954355
1,4.55,hot-cold,0.125,paper,released,0.23666952670516284,0.214495231725626,1.1033789646564327
1,4.55,hot-cold,0.125,paper,tail_linear,0.23666952670516284,0.19910453775107378,1.1886696776396621
1,4.55,hot-cold,0.125,paper,block_split,0.23666952670516284,0.21633378494871675,1.094001691697239
1,4.55,hot-cold,0.125,dpr,affine_fit,0.159761628162525,0.1592629171175298,1.0031313695241886
1,4.55,hot-cold,0.125,dpr,released,0.20204944528238647,0.19096371840887166,1.0580514820610019
1,4.55,hot-cold,0.125,dpr,tail_linear,0.18334009678439583,0.17658480935000187,1.03825520133504
1,4.55,hot-cold,0.125,dpr,block_split,0.21127728705599427,0.19560001969474694,1.0801496205660575
1,4.55,hot-cold,0.125,top,affine_fit,4.571116839644845,0.3329802313730097,13.72789255625271
1,4.55,hot-cold,0.125,top,released,4.33442624028293,0.4257561085340592,10.180537996758275
1,4.55,hot-cold,0.125,top,tail_linear,4.33442624028293,0.382885336249572,11.320428937653721
1,4.55,hot-cold,0.125,top,block_split,4.33442624028293,0.43296944052687025,10.010928796749418
1,4.55,hot-cold,0.25,paper,affine_fit,0.4945587402573789,0.3222146513346419,1.5348735329348693
1,4.55,hot-cold,0.25,paper,released,0.47567148869903336,0.4083731605781405,1.1647961585565945
1,4.55,hot-cold,0.25,paper,tail_linear,0.47567148869903336,0.3697114135428923,1.2866021206668754
1,4.55,hot-cold,0.25,paper,block_split,0.47567148869903336,0.411468081883201,1.1560349627168824
1,4.55,hot-cold,0.25,dpr,affine_fit,0.3085223705108796,0.3038642308146969,1.0153296743209745
1,4.55,hot-cold,0.25,dpr,released,0.40409889056477294,0.3886481748264101,1.0397550194215215
1,4.55,hot-cold,0.25,dpr,tail_linear,0.3607829329173855,0.34986501360128,1.0312060906111293
1,4.55,hot-cold,0.25,dpr,block_split,0.409084184669224,0.3908333167330525,1.0466973186644608
1,4.55,hot-cold,0.25,top,affine_fit,6.568026398773823,0.4956872933165225,13.250342478679984
1,4.55,hot-cold,0.25,top,released,6.455252752938585,0.6460036883025091,9.992594268154912
1,4.55,hot-cold,0.25,top,tail_linear,6.455252752938585,0.5775954647461973,11.176079361660335
1,4.55,hot-cold,0.25,top,block_split,6.455252752938585,0.6491590119679147,9.944023935475522
1,4.55,hot-cold,0.375,paper,affine_fit,0.7103034865851529,0.444315482358473,1.5986467156507527
1,4.55,hot-cold,0.375,paper,released,0.6832804301091243,0.5885354730182671,1.1609842761133218
1,4.55,hot-cold,0.375,paper,tail_linear,0.6832804301091243,0.5227578902427297,1.3070686121865325
1,4.55,hot-cold,0.375,paper,block_split,0.6832804301091243,0.5983770823065262,1.1418893709553959
1,4.55,hot-cold,0.375,dpr,affine_fit,0.4572831128592342,0.4572831128592342,1.0
1,4.55,hot-cold,0.375,dpr,released,0.6061483358471593,0.6061483358471593,1.0
1,4.55,hot-cold,0.375,dpr,tail_linear,0.5382257690503751,0.5382257690503751,1.0
1,4.55,hot-cold,0.375,dpr,block_split,0.6085976309921962,0.6085976309921962,1.0
1,4.55,hot-cold,0.375,top,affine_fit,7.420843833229081,0.6246389480011332,11.88021313268416
1,4.55,hot-cold,0.375,top,released,7.458578140730337,0.8334539617898441,8.948998364244408
1,4.55,hot-cold,0.375,top,tail_linear,7.458578140730337,0.7378489596999884,10.10854327661181
1,4.55,hot-cold,0.375,top,block_split,7.458578140730337,0.8422086017157446,8.855974785267861
1,4.55,hot-cold,0.5,paper,affine_fit,0.9575828567138422,0.5575987450349339,1.7173332351274375
1,4.55,hot-cold,0.5,paper,released,0.9272815030665854,0.7423987841461371,1.2490342426046526
1,4.55,hot-cold,0.5,paper,tail_linear,0.9272815030665854,0.6578829447321609,1.4094931484264313
1,4.55,hot-cold,0.5,paper,block_split,0.9272815030665854,0.7487106808510261,1.238504440744168
1,4.55,hot-cold,0.5,dpr,affine_fit,0.6060438552075889,0.6060438552075889,1.0
1,4.55,hot-cold,0.5,dpr,released,0.8081977811295459,0.8081977811295459,1.0
1,4.55,hot-cold,0.5,dpr,tail_linear,0.7156686051833647,0.7156686051833647,1.0
1,4.55,hot-cold,0.5,dpr,block_split,0.8103229914529915,0.8103229914529915,1.0
1,4.55,hot-cold,0.5,top,affine_fit,7.70161520534748,0.7660595221415097,10.053546732005513
1,4.55,hot-cold,0.5,top,released,7.751530534552136,1.0255338620747445,7.558532020454315
1,4.55,hot-cold,0.5,top,tail_linear,7.751530534552136,0.9065363927343109,8.550710811699279
1,4.55,hot-cold,0.5,top,block_split,7.751530534552136,1.0351916425185268,7.488014987923752
1,4.55,hot-cold,0.625,paper,affine_fit,1.171859569400021,0.6586483940314313,1.779188380354722
1,4.55,hot-cold,0.625,paper,released,1.1372773169619348,0.8796461869448634,1.2928804033265477
1,4.55,hot-cold,0.625,paper,tail_linear,1.1372773169619348,0.7784156607238134,1.461015463003959
1,4.55,hot-cold,0.625,paper,block_split,1.1372773169619348,0.8895079456328808,1.2785465521083874
1,4.55,hot-cold,0.625,dpr,affine_fit,0.7548045975559434,0.7538165419637497,1.0013107374768133
1,4.55,hot-cold,0.625,dpr,released,1.0102472264119324,0.995356992254185,1.014959692124155
1,4.55,hot-cold,0.625,dpr,tail_linear,0.8931114413163544,0.8848180448088566,1.0093729965795277
1,4.55,hot-cold,0.625,dpr,block_split,1.0105830068184,0.9962518031612625,1.014385121925664
1,4.55,hot-cold,0.625,top,affine_fit,7.806372404439153,0.920937071329846,8.476553553400388
1,4.55,hot-cold,0.625,top,released,7.8782192280021,1.2358912615217028,6.374524582609289
1,4.55,hot-cold,0.625,top,tail_linear,7.8782192280021,1.0912753981161898,7.219276858620517
1,4.55,hot-cold,0.625,top,block_split,7.8782192280021,1.2389793853805369,6.3586362460602235
1,4.55,hot-cold,0.75,paper,affine_fit,1.3546016582852831,0.7432956341989811,1.8224264962151717
1,4.55,hot-cold,0.75,paper,released,1.3329760753643685,0.9824212504286072,1.356827404520029
1,4.55,hot-cold,0.75,paper,tail_linear,1.3287439236027712,0.872327488346179,1.5232168438505809
1,4.55,hot-cold,0.75,paper,block_split,1.3452066483741985,0.9840526264284124,1.3670068167559117
1,4.55,hot-cold,0.75,dpr,affine_fit,0.903565339904298,0.903565339904298,1.0
1,4.55,hot-cold,0.75,dpr,released,1.2122966716943187,1.2122966716943187,1.0
1,4.55,hot-cold,0.75,dpr,tail_linear,1.070554277449344,1.070554277449344,1.0
1,4.55,hot-cold,0.75,dpr,block_split,1.2241487675518927,1.2241487675518927,1.0
1,4.55,hot-cold,0.75,top,affine_fit,7.427090627707329,1.0569748554510388,7.026742963093475
1,4.55,hot-cold,0.75,top,released,7.541937232012434,1.4206601621417798,5.308755346980554
1,4.55,hot-cold,0.75,top,tail_linear,7.5324727068297355,1.2535422022114895,6.008950232023306
1,4.55,hot-cold,0.75,top,block_split,7.555016027224143,1.4274002504873435,5.29285042835372
1,4.55,hot-cold,0.875,paper,affine_fit,1.5358757135289505,0.7927287999638299,1.9374541628852493
1,4.55,hot-cold,0.875,paper,released,1.532616160255959,1.0617565422322774,1.443472302071931
1,4.55,hot-cold,0.875,paper,tail_linear,1.5214113650182872,0.9383476906594685,1.621372738658357
1,4.55,hot-cold,0.875,paper,block_split,1.5399483999816554,1.06147421663602,1.450763830008039
1,4.55,hot-cold,0.875,dpr,affine_fit,1.0523260822526526,1.0523260822526526,1.0
1,4.55,hot-cold,0.875,dpr,released,1.414346116976705,1.414346116976705,1.0
1,4.55,hot-cold,0.875,dpr,tail_linear,1.2479971135823336,1.2479971135823336,1.0
1,4.55,hot-cold,0.875,dpr,block_split,1.4237962238094493,1.4237962238094493,1.0
1,4.55,hot-cold,0.875,top,affine_fit,5.485683065363313,1.1665880340235106,4.702330990352639
1,4.55,hot-cold,0.875,top,released,5.87946751767873,1.5695387007709067,3.7459844187282068
1,4.55,hot-cold,0.875,top,tail_linear,5.827872268607015,1.3842895551515872,4.2100095654978995
1,4.55,hot-cold,0.875,top,block_split,5.888420716230174,1.5739848122812519,3.7410911911505695
2,1.07,random,0.125,paper,affine_fit,0.2032758268720079,0.1751759813992788,1.160409236747366
2,1.07,random,0.125,paper,released,0.20428354825178865,0.22298548977710742,0.9161293340476419
2,1.07,random,0.125,paper,tail_linear,0.20428354825178865,0.20172644329159709,1.012676101945124
2,1.07,random,0.125,paper,block_split,0.20428354825178865,0.22500522922442812,0.9079057804831241
2,1.07,random,0.125,dpr,affine_fit,0.159761628162525,0.159761628162525,1.0
2,1.07,random,0.125,dpr,released,0.20204944528238647,0.20204944528238647,1.0
2,1.07,random,0.125,dpr,tail_linear,0.18334009678439583,0.18334009678439583,1.0
2,1.07,random,0.125,dpr,block_split,0.21127728705599427,0.21127728705599427,1.0
2,1.07,random,0.125,top,affine_fit,5.957228452230312,0.4562950572670405,13.055649754154414
2,1.07,random,0.125,top,released,5.334573917946025,0.5898647456845986,9.04372393328017
2,1.07,random,0.125,top,tail_linear,5.334573917946025,0.5298225379739581,10.068605118886488
2,1.07,random,0.125,top,block_split,5.334573917946025,0.5952646073406087,8.961685025721001
2,1.07,random,0.25,paper,affine_fit,0.4285534253723566,0.3530527243059462,1.2138510649219165
2,1.07,random,0.25,paper,released,0.4234299675928071,0.4645807968828557,0.9114237403565675
2,1.07,random,0.25,paper,tail_linear,0.4234299675928071,0.41389904504930014,1.0230271672706366
2,1.07,random,0.25,paper,block_split,0.4234299675928071,0.46735613452499325,0.90601136117143
2,1.07,random,0.25,dpr,affine_fit,0.31952325632505,0.31952325632505,1.0
2,1.07,random,0.25,dpr,released,0.4040988905647729,0.4040988905647729,1.0
2,1.07,random,0.25,dpr,tail_linear,0.36668019356879167,0.36668019356879167,1.0
2,1.07,random,0.25,dpr,block_split,0.40776656241150855,0.40776656241150855,1.0
2,1.07,random,0.25,top,affine_fit,10.385333776290942,0.6828522161221654,15.20875751896653
2,1.07,random,0.25,top,released,9.56189163527741,0.8826370504441092,10.833322293083246
2,1.07,random,0.25,top,tail_linear,9.56189163527741,0.7928368029562259,12.060352899391505
2,1.07,random,0.25,top,block_split,9.56189163527741,0.9040930606891293,10.576225004966883
2,1.07,random,0.375,paper,affine_fit,0.6332972858859602,0.5140377138364676,1.2320054907244278
2,1.07,random,0.375,paper,released,0.6252051864140172,0.6682918329981565,0.9355271986628361
2,1.07,random,0.375,paper,tail_linear,0.6252051864140172,0.5986983756834738,1.0442740648833115
2,1.07,random,0.375,paper,block_split,0.6252051864140172,0.6697268446209559,0.9335226614185721
2,1.07,random,0.375,dpr,affine_fit,0.4682839986734046,0.4682839986734046,1.0
2,1.07,random,0.375,dpr,released,0.6061483358471594,0.6061483358471594,1.0
2,1.07,random,0.375,dpr,tail_linear,0.5441230297017814,0.5441230297017814,1.0
2,1.07,random,0.375,dpr,block_split,0.6096556393546497,0.6096556393546497,1.0
2,1.07,random,0.375,top,affine_fit,12.877283197057588,0.8418891939616893,15.29569840000058
2,1.07,random,0.375,top,released,12.390419876222069,1.0986438587229763,11.277922119934518
2,1.07,random,0.375,top,tail_linear,12.390419876222069,0.9825372034273498,12.610636862401753
2,1.07,random,0.375,top,block_split,12.390419876222069,1.1241221257445981,11.02230762339535
2,1.07,random,0.5,paper,affine_fit,0.8365731127579681,0.6676919016568076,1.252932843250157
2,1.07,random,0.5,paper,released,0.8295756302600814,0.8769876416122004,0.945937651681203
2,1.07,random,0.5,paper,tail_linear,0.8295756302600814,0.781978147215575,1.0608680475458157
2,1.07,random,0.5,paper,block_split,0.8295756302600814,0.8874832218471813,0.9347507759452931
2,1.07,random,0.5,dpr,affine_fit,0.6170447410217592,0.6170447410217592,1.0
2,1.07,random,0.5,dpr,released,0.8081977811295458,0.8081977811295458,1.0
2,1.07,random,0.5,dpr,tail_linear,0.721565865834771,0.721565865834771,1.0
2,1.07,random,0.5,dpr,block_split,0.8103760651895004,0.8103760651895004,1.0
2,1.07,random,0.5,top,affine_fit,13.961119233610422,0.9583625626927372,14.567680100507564
2,1.07,random,0.5,top,released,14.031362763041203,1.271781623512653,11.032839682245656
2,1.07,random,0.5,top,tail_linear,14.031362763041203,1.1286921099227982,12.431523742999266
2,1.07,random,0.5,top,block_split,14.031362763041203,1.293044999228389,10.851411027005458
2,1.07,random,0.625,paper,affine_fit,1.0508498254441463,0.8186453279697589,1.2836448087357375
2,1.07,random,0.625,paper,released,1.044417724817337,1.0670736328976034,0.9787681867663199
2,1.07,random,0.625,paper,tail_linear,1.044417724817337,0.9548117602815702,1.0938467332129866
2,1.07,random,0.625,paper,block_split,1.044417724817337,1.090279465956754,0.9579357930040698
2,1.07,random,0.625,dpr,affine_fit,0.7658054833701138,0.7655514445987178,1.0003318376226553
2,1.07,random,0.625,dpr,released,1.0102472264119322,0.9949605907491201,1.0153640614562458
2,1.07,random,0.625,dpr,tail_linear,0.8990087019677606,0.8914810112012104,1.008444028164332
2,1.07,random,0.625,dpr,block_split,1.0233357156652285,1.0102232038349976,1.012979816520204
2,1.07,random,0.625,top,affine_fit,13.130801138497612,1.0518273712076571,12.483798670709113
2,1.07,random,0.625,top,released,13.762039881311763,1.3987271631473102,9.838973778378238
2,1.07,random,0.625,top,tail_linear,13.762039881311763,1.2401775760458278,11.096830121046487
2,1.07,random,0.625,top,block_split,13.762039881311763,1.4077531300077828,9.775890096039552
2,1.07,random,0.75,paper,affine_fit,1.2665945717719205,0.9564051845039432,1.3243284251212655
2,1.07,random,0.75,paper,released,1.2576653248548904,1.26912307817999,0.9909719131878597
2,1.07,random,0.75,paper,tail_linear,1.2576653248548904,1.1263573357631536,1.1165775592900722
2,1.07,random,0.75,paper,block_split,1.2576653248548904,1.29205946168922,0.973380376171416
2,1.07,random,0.75,dpr,affine_fit,0.9145662257184684,0.9145662257184684,1.0
2,1.07,random,0.75,dpr,released,1.2122966716943189,1.2122966716943189,1.0
2,1.07,random,0.75,dpr,tail_linear,1.0764515381007502,1.0764515381007502,1.0
2,1.07,random,0.75,dpr,block_split,1.2214787970988676,1.2214787970988676,1.0
2,1.07,random,0.75,top,affine_fit,11.068383832197725,1.1223023525020432,9.862212092420588
2,1.07,random,0.75,top,released,11.957593606839845,1.5093891126194068,7.9221411542372495
2,1.07,random,0.75,top,tail_linear,11.957593606839845,1.331465289789628,8.980777567794613
2,1.07,random,0.75,top,block_split,11.957593606839845,1.5191066627461771,7.871464130914553
2,1.07,random,0.875,paper,affine_fit,1.3928641979447356,1.0846134558699594,1.284203317233909
2,1.07,random,0.875,paper,released,1.440085977370457,1.4432577974694152,0.9978023190974478
2,1.07,random,0.875,paper,tail_linear,1.4216310205084095,1.2792850432198748,1.111269945695808
2,1.07,random,0.875,paper,block_split,1.4925112773124574,1.454648668212787,1.026028696775414
2,1.07,random,0.875,dpr,affine_fit,1.063326968066823,1.063326968066823,1.0
2,1.07,random,0.875,dpr,released,1.414346116976705,1.414346116976705,1.0
2,1.07,random,0.875,dpr,tail_linear,1.2538943742337398,1.2538943742337398,1.0
2,1.07,random,0.875,dpr,block_split,1.4383940159035797,1.4383940159035797,1.0
2,1.07,random,0.875,top,affine_fit,6.915798221205462,1.1731941854106909,5.8948452926269
2,1.07,random,0.875,top,released,7.615228108942329,1.5785112912686443,4.824310190915388
2,1.07,random,0.875,top,tail_linear,7.615228108942329,1.3921694179403876,5.470044098661856
2,1.07,random,0.875,top,block_split,7.615228108942329,1.5814071216060213,4.8154760433913895
2,1.07,local,0.125,paper,affine_fit,0.2692811417570302,0.2177208575121614,1.2368183041075373
2,1.07,local,0.125,paper,released,0.25996611865736763,0.23968319299632126,1.0846238962669263
2,1.07,local,0.125,paper,tail_linear,0.25996611865736763,0.2302707024664298,1.1289587249826842
2,1.07,local,0.125,paper,block_split,0.25996611865736763,0.2419704428166667,1.0743713803686994
2,1.07,local,0.125,dpr,affine_fit,0.1817633997908657,0.1815093610194698,1.0013995904672301
2,1.07,local,0.125,dpr,released,0.20363853318619907,0.19393369564488888,1.0500420388991125
2,1.07,local,0.125,dpr,tail_linear,0.19499499919222626,0.18918697898331585,1.0306998940419816
2,1.07,local,0.125,dpr,block_split,0.20554888226206783,0.19486429263315855,1.0548309261000606
2,1.07,local,0.125,top,affine_fit,1.6448812130755257,0.2781549090911804,5.9135437100494475
2,1.07,local,0.125,top,released,1.7115970682083776,0.32842272379570264,5.211567118215264
2,1.07,local,0.125,top,tail_linear,1.7115970682083776,0.30597844355182147,5.593848535014514
2,1.07,local,0.125,top,block_split,1.7115970682083776,0.33874222708279284,5.052801013172893
2,1.07,local,0.25,paper,affine_fit,0.4945587402573789,0.408791170197596,1.2098077852765894
2,1.07,local,0.25,paper,released,0.48032307460297846,0.4744511171825259,1.0123763169856623
2,1.07,local,0.25,paper,tail_linear,0.48032307460297846,0.4455198502220979,1.0781182350540177
2,1.07,local,0.25,paper,block_split,0.48032307460297846,0.48115963772668185,0.9982613605587204
2,1.07,local,0.25,dpr,affine_fit,0.3305241421392204,0.3243886023036453,1.018914165886235
2,1.07,local,0.25,dpr,released,0.40409889056477294,0.3753585267094204,1.0765677660430546
2,1.07,local,0.25,dpr,tail_linear,0.37257745422019783,0.3525500038958935,1.0568074034973443
2,1.07,local,0.25,dpr,block_split,0.41984469286263043,0.38803590463807436,1.0819738272782373
2,1.07,local,0.25,top,affine_fit,2.255679159619036,0.492704393544348,4.5781592150872585
2,1.07,local,0.25,top,released,2.3478241145567083,0.5779514833750493,4.062320423240679
2,1.07,local,0.25,top,tail_linear,2.3478241145567083,0.5405096598667096,4.343722765538889
2,1.07,local,0.25,top,block_split,2.3478241145567083,0.5915135852664092,3.96918037562786
2,1.07,local,0.375,paper,affine_fit,0.7213043723993232,0.5861598355614716,1.2305591898980919
2,1.07,local,0.375,paper,released,0.7119002074255377,0.6854378897164919,1.0386064413801097
2,1.07,local,0.375,paper,tail_linear,0.707598676126865,0.6435615574634183,1.099504263299765
2,1.07,local,0.375,paper,block_split,0.7132687098106266,0.7089755549305865,1.0060554342814547
2,1.07,local,0.375,dpr,affine_fit,0.4902857703017453,0.4848748807891714,1.0111593520863924
2,1.07,local,0.375,dpr,released,0.6061483358471593,0.5661916033827267,1.0705710438404774
2,1.07,local,0.375,dpr,tail_linear,0.5559175510045937,0.530125807359715,1.048652118585462
2,1.07,local,0.375,dpr,block_split,0.6187133186876863,0.5805354215491423,1.065763251855791
2,1.07,local,0.375,top,affine_fit,3.075493936631783,0.6659136302570361,4.618457705160162
2,1.07,local,0.375,top,released,3.2168153087404714,0.7832524050826762,4.106997039352749
2,1.07,local,0.375,top,tail_linear,3.2168153087404714,0.7311079013424484,4.3999186752513655
2,1.07,local,0.375,top,block_split,3.2168153087404714,0.8128035504336535,3.9576787121860013
2,1.07,local,0.5,paper,affine_fit,0.9135793134571608,0.7339418888154291,1.2447570132993278
2,1.07,local,0.5,paper,released,0.9119658793078897,0.8837764358346563,1.031896577381146
2,1.07,local,0.5,paper,tail_linear,0.9025302622656398,0.8187504647107686,1.1023264122170204
2,1.07,local,0.5,paper,block_split,0.9357267900444923,0.9136696968278701,1.024141211307764
2,1.07,local,0.5,dpr,affine_fit,0.6500473984642704,0.6417004416685053,1.0130075596863577
2,1.07,local,0.5,dpr,released,0.8081977811295459,0.7601485487751777,1.063210319130109
2,1.07,local,0.5,dpr,tail_linear,0.7392576477889895,0.7080849878282044,1.04402389613766
2,1.07,local,0.5,dpr,block_split,0.8272217572636398,0.7901375938258502,1.0469338046025982
2,1.07,local,0.5,top,affine_fit,3.455273281077716,0.8220332738089621,4.203325328994785
2,1.07,local,0.5,top,released,3.591701380019821,1.0119088172448467,3.5494318448563873
2,1.07,local,0.5,top,tail_linear,3.591701380019821,0.9299542390745694,3.8622345370392104
2,1.07,local,0.5,top,block_split,3.591701380019821,1.0538206181941834,3.4082663766576564
2,1.07,local,0.625,paper,affine_fit,1.1058542545149983,0.866808299877628,1.275777187033301
2,1.07,local,0.625,paper,released,1.109157471816572,1.0727230417295124,1.0339644331945343
2,1.07,local,0.625,paper,tail_linear,1.09840364356989,0.9833621979764396,1.1169878665563742
2,1.07,local,0.625,paper,block_split,1.1551181657234724,1.1095907690643856,1.041030799758253
2,1.07,local,0.625,dpr,affine_fit,0.7878072549984546,0.7762701921481023,1.0148621742365591
2,1.07,local,0.625,dpr,released,1.0102472264119324,0.9352141093793935,1.0802309506240564
2,1.07,local,0.625,dpr,tail_linear,0.9108032232705731,0.8683958335477255,1.0488341699540373
2,1.07,local,0.625,dpr,block_split,1.029995855258144,0.9710417327743106,1.0607122438655636
2,1.07,local,0.625,top,affine_fit,3.30701010644347,0.9551443571447602,3.4623144467179894
2,1.07,local,0.625,top,released,3.3721590489325766,1.2076442173621587,2.792344798618205
2,1.07,local,0.625,top,tail_linear,3.3721590489325766,1.095954725926997,3.0769145560098625
2,1.07,local,0.625,top,block_split,3.3721590489325766,1.2238183949185553,2.755440727916982
2,1.07,local,0.75,paper,affine_fit,1.3325998866569426,0.9933038653284492,1.3415833091682379
2,1.07,local,0.75,paper,released,1.3454868481025053,1.2445315338528573,1.081119129169116
2,1.07,local,0.75,paper,tail_linear,1.3329291518918638,1.134246978043472,1.1751665886658214
2,1.07,local,0.75,paper,block_split,1.411755308795264,1.277975854697239,1.1046807368122913
2,1.07,local,0.75,dpr,affine_fit,0.9365679973468092,0.9343472138888224,1.0023768288971975
2,1.07,local,0.75,dpr,released,1.2122966716943189,1.1793971732026143,1.0278951817413358
2,1.07,local,0.75,dpr,tail_linear,1.0882460594035626,1.0711477504807732,1.0159626054529967
2,1.07,local,0.75,dpr,block_split,1.219022181815557,1.2053362393124343,1.0113544603213207
2,1.07,local,0.75,top,affine_fit,3.01573541622501,1.062320179479036,2.838819665182236
2,1.07,local,0.75,top,released,3.0888049486566964,1.368153891821686,2.2576443827850223
2,1.07,local,0.75,top,tail_linear,3.084723119225429,1.2310194551641336,2.505828081176945
2,1.07,local,0.75,top,block_split,3.112415152751145,1.3966953925581822,2.228413703757164
2,1.07,local,0.875,paper,affine_fit,1.458869512829758,1.0804352942231783,1.3502608815446648
2,1.07,local,0.875,paper,released,1.5088712991291464,1.4076997536450477,1.0718701166368245
2,1.07,local,0.875,paper,tail_linear,1.483270249948336,1.2598519601374407,1.177336938688036
2,1.07,local,0.875,paper,block_split,1.5667397339810285,1.4133964302091664,1.1084927770400332
2,1.07,local,0.875,dpr,affine_fit,1.0743278538809933,1.0681923140454184,1.0057438531946916
2,1.07,local,0.875,dpr,released,1.414346116976705,1.376129527819675,1.0277710697899056
2,1.07,local,0.875,dpr,tail_linear,1.2597916348851461,1.2380237776430674,1.0175827456912985
2,1.07,local,0.875,dpr,block_split,1.4310471303713732,1.4058320068281613,1.0179360858343967
2,1.07,local,0.875,top,affine_fit,2.603450982050675,1.1447934686775825,2.2741665228559285
2,1.07,local,0.875,top,released,2.6705721823340434,1.5100537489525725,1.7685278978886998
2,1.07,local,0.875,top,tail_linear,2.6563667221178617,1.3438435046323518,1.9766935011116413
2,1.07,local,0.875,top,block_split,2.7138273421454033,1.515400412834298,1.7908318614415923
2,1.07,hot-cold,0.125,paper,affine_fit,0.2032758268720079,0.1602509727097235,1.2684841997197676
2,1.07,hot-cold,0.125,paper,released,0.2083867141991272,0.2027140816155522,1.0279834165360704
2,1.07,hot-cold,0.125,paper,tail_linear,0.2083867141991272,0.183923790324307,1.1330057619608942
2,1.07,hot-cold,0.125,paper,block_split,0.2083867141991272,0.2122862928734185,0.9816305677511805
2,1.07,hot-cold,0.125,dpr,affine_fit,0.159761628162525,0.159761628162525,1.0
2,1.07,hot-cold,0.125,dpr,released,0.20204944528238647,0.20204944528238647,1.0
2,1.07,hot-cold,0.125,dpr,tail_linear,0.18334009678439583,0.18334009678439583,1.0
2,1.07,hot-cold,0.125,dpr,block_split,0.21127728705599427,0.21127728705599427,1.0
2,1.07,hot-cold,0.125,top,affine_fit,4.681125697786548,0.2324292934215074,20.139998830945075
2,1.07,hot-cold,0.125,top,released,4.40941758106182,0.3007479407574996,14.661505478493837
2,1.07,hot-cold,0.125,top,tail_linear,4.40941758106182,0.2700185874612016,16.330052025382884
2,1.07,hot-cold,0.125,top,block_split,4.40941758106182,0.3096764474101109,14.238788961636264
2,1.07,hot-cold,0.25,paper,affine_fit,0.3845498821156751,0.3060756477748869,1.2563883631751867
2,1.07,hot-cold,0.25,paper,released,0.40631069257992286,0.40077570889894426,1.0138106765407138
2,1.07,hot-cold,0.25,paper,tail_linear,0.3979504583623411,0.3578644652178297,1.1120144553053384
2,1.07,hot-cold,0.25,paper,block_split,0.4241633900317616,0.4075859378038753,1.0406722869714489
2,1.07,hot-cold,0.25,dpr,affine_fit,0.3085223705108796,0.3085223705108796,1.0
2,1.07,hot-cold,0.25,dpr,released,0.40409889056477294,0.40409889056477294,1.0
2,1.07,hot-cold,0.25,dpr,tail_linear,0.3607829329173855,0.3607829329173855,1.0
2,1.07,hot-cold,0.25,dpr,block_split,0.409084184669224,0.409084184669224,1.0
2,1.07,hot-cold,0.25,top,affine_fit,6.744040571800548,0.3899982376194356,17.29248986602205
2,1.07,hot-cold,0.25,top,released,6.572939597916219,0.5147608400368695,12.768919246936957
2,1.07,hot-cold,0.25,top,tail_linear,6.572939597916219,0.45796790731259196,14.352402194483407
2,1.07,hot-cold,0.25,top,block_split,6.572939597916219,0.5162950825464571,12.730974630820302
2,1.07,hot-cold,0.375,paper,affine_fit,0.567291971000938,0.4494536001040576,1.2621813928503374
2,1.07,hot-cold,0.375,paper,released,0.6225498424576587,0.5955141545165075,1.0453989006577034
2,1.07,hot-cold,0.375,paper,tail_linear,0.6007299780474558,0.5288866724117967,1.1358387522000577
2,1.07,hot-cold,0.375,paper,block_split,0.6347920056100236,0.6016885610859728,1.055017573317836
2,1.07,hot-cold,0.375,dpr,affine_fit,0.4572831128592342,0.4572831128592342,1.0
2,1.07,hot-cold,0.375,dpr,released,0.6061483358471593,0.6061483358471593,1.0
2,1.07,hot-cold,0.375,dpr,tail_linear,0.5382257690503751,0.5382257690503751,1.0
2,1.07,hot-cold,0.375,dpr,block_split,0.6085976309921962,0.6085976309921962,1.0
2,1.07,hot-cold,0.375,top,affine_fit,7.71786775021168,0.5402270136093859,14.286341770743304
2,1.07,hot-cold,0.375,top,released,7.641366845959448,0.7188041943187531,10.630665355537548
2,1.07,hot-cold,0.375,top,tail_linear,7.641366845959448,0.6371618240653151,11.992819653263055
2,1.07,hot-cold,0.375,top,block_split,7.641366845959448,0.7199168660196085,10.614235068846574
2,1.07,hot-cold,0.5,paper,affine_fit,0.7155633688020939,0.595278275169221,1.2020653174327236
2,1.07,hot-cold,0.5,paper,released,0.8093583130017439,0.7935757817998994,1.019887869014914
2,1.07,hot-cold,0.5,paper,tail_linear,0.771095498304679,0.7028273473053195,1.097133600821174
2,1.07,hot-cold,0.5,paper,block_split,0.8319630506509692,0.7981245358090185,1.042397537381369
2,1.07,hot-cold,0.5,dpr,affine_fit,0.6060438552075889,0.6060438552075889,1.0
2,1.07,hot-cold,0.5,dpr,released,0.8081977811295459,0.8081977811295459,1.0
2,1.07,hot-cold,0.5,dpr,tail_linear,0.7156686051833647,0.7156686051833647,1.0
2,1.07,hot-cold,0.5,dpr,block_split,0.8103229914529915,0.8103229914529915,1.0
2,1.07,hot-cold,0.5,top,affine_fit,8.031641779772592,0.691189806420134,11.620023480049163
2,1.07,hot-cold,0.5,top,released,8.006046617811982,0.9238445031003855,8.666010990966562
2,1.07,hot-cold,0.5,top,tail_linear,8.006046617811982,0.8172312811279049,9.79654940124466
2,1.07,hot-cold,0.5,top,block_split,8.006046617811982,0.934596472579637,8.56631375433507
2,1.07,hot-cold,0.625,paper,affine_fit,0.9078383098599316,0.7464857402535684,1.2161495671056683
2,1.07,hot-cold,0.625,paper,released,1.02743651872886,0.9989484087481146,1.0285180993645577
2,1.07,hot-cold,0.625,paper,tail_linear,0.9797727767580829,0.8831886511378648,1.1093584315149239
2,1.07,hot-cold,0.625,paper,block_split,1.052181180284862,1.0003724760772221,1.0517894138899124
2,1.07,hot-cold,0.625,dpr,affine_fit,0.7548045975559434,0.7548045975559434,1.0
2,1.07,hot-cold,0.625,dpr,released,1.0102472264119324,1.0102472264119324,1.0
2,1.07,hot-cold,0.625,dpr,tail_linear,0.8931114413163544,0.8931114413163544,1.0
2,1.07,hot-cold,0.625,dpr,block_split,1.0105830068184,1.0105830068184,1.0
2,1.07,hot-cold,0.625,top,affine_fit,8.037391006536732,0.8350571032965032,9.624959748031626
2,1.07,hot-cold,0.625,top,released,8.159221390488199,1.1192475850511145,7.289916457684899
2,1.07,hot-cold,0.625,top,tail_linear,8.158886056059002,0.988837181861783,8.250990360918111
2,1.07,hot-cold,0.625,top,block_split,8.17095495700737,1.1309215957110628,7.225041053239337
2,1.07,hot-cold,0.75,paper,affine_fit,1.1015812845593649,0.8800768016387683,1.2516876737440854
2,1.07,hot-cold,0.75,paper,released,1.2211072898744677,1.1803941277023628,1.0344911595344455
2,1.07,hot-cold,0.75,paper,tail_linear,1.1734435479036907,1.0425369875336088,1.1255653870658107
2,1.07,hot-cold,0.75,paper,block_split,1.2458519514304698,1.1848575543882371,1.0514782530746702
2,1.07,hot-cold,0.75,dpr,affine_fit,0.903565339904298,0.903565339904298,1.0
2,1.07,hot-cold,0.75,dpr,released,1.2122966716943187,1.2122966716943187,1.0
2,1.07,hot-cold,0.75,dpr,tail_linear,1.070554277449344,1.070554277449344,1.0
2,1.07,hot-cold,0.75,dpr,block_split,1.2241487675518927,1.2241487675518927,1.0
2,1.07,hot-cold,0.75,top,affine_fit,7.196072025609752,0.9811264506352658,7.33450007483785
2,1.07,hot-cold,0.75,top,released,7.345167788355006,1.3176415305010893,5.574481084822587
2,1.07,hot-cold,0.75,top,tail_linear,7.329025482728803,1.1630697035252613,6.301449913547353
2,1.07,hot-cold,0.75,top,block_split,7.3540505300082675,1.3265700371537008,5.543657947971731
2,1.07,hot-cold,0.875,paper,affine_fit,1.282855339803032,1.0217420480527442,1.255556960044781
2,1.07,hot-cold,0.875,paper,released,1.4323897000567378,1.3728063461538462,1.0434025921207493
2,1.07,hot-cold,0.875,paper,tail_linear,1.3733824037741382,1.2115162673378868,1.1336062426895237
2,1.07,hot-cold,0.875,paper,block_split,1.4571474066047807,1.3783196591096423,1.0571911943460628
2,1.07,hot-cold,0.875,dpr,affine_fit,1.0523260822526526,1.0523260822526526,1.0
2,1.07,hot-cold,0.875,dpr,released,1.414346116976705,1.414346116976705,1.0
2,1.07,hot-cold,0.875,dpr,tail_linear,1.2479971135823336,1.2479971135823336,1.0
2,1.07,hot-cold,0.875,dpr,block_split,1.4237962238094493,1.4237962238094493,1.0
2,1.07,hot-cold,0.875,top,affine_fit,5.496683951177483,1.111536772463675,4.945121103815857
2,1.07,hot-cold,0.875,top,released,5.850689862925804,1.4947671132897602,3.9141146543218395
2,1.07,hot-cold,0.875,top,tail_linear,5.797949851492346,1.3186240319115827,4.396969652590947
2,1.07,hot-cold,0.875,top,block_split,5.883551968819422,1.4957246210409914,3.933579675063849
2,1.25,random,0.125,paper,affine_fit,0.2252775985003487,0.1952297413366221,1.1539102441974607
2,1.25,random,0.125,paper,released,0.22259882901818345,0.23528126194067372,0.9460967149789933
2,1.25,random,0.125,paper,tail_linear,0.22259882901818345,0.21842203443135955,1.0191225880561812
2,1.25,random,0.125,paper,block_split,0.22259882901818345,0.24666606867098706,0.9024298729757377
2,1.25,random,0.125,dpr,affine_fit,0.1707625139766953,0.1707625139766953,1.0
2,1.25,random,0.125,dpr,released,0.20204944528238644,0.20204944528238644,1.0
2,1.25,random,0.125,dpr,tail_linear,0.18923735743580203,0.18923735743580203,1.0
2,1.25,random,0.125,dpr,block_split,0.22477462306851853,0.22477462306851853,1.0
2,1.25,random,0.125,top,affine_fit,6.001231995486993,0.5010607168379098,11.977055462179361
2,1.25,random,0.125,top,released,5.3652453101510575,0.635724652673035,8.439574094840873
2,1.25,random,0.125,top,tail_linear,5.3652453101510575,0.5759946528792337,9.314748467423646
2,1.25,random,0.125,top,block_split,5.3652453101510575,0.6542557286310485,8.200532414713722
2,1.25,random,0.25,paper,affine_fit,0.439554311186527,0.3660016218111141,1.200962741671598
2,1.25,random,0.25,paper,released,0.4290192666782353,0.45228502471928944,0.9485595216080965
2,1.25,random,0.25,paper,tail_linear,0.4290192666782353,0.41489523586375626,1.0340424029817423
2,1.25,random,0.25,paper,block_split,0.4290192666782353,0.45523813866503604,0.9424062490377315
2,1.25,random,0.25,dpr,affine_fit,0.3085223705108796,0.3085223705108796,1.0
2,1.25,random,0.25,dpr,released,0.40409889056477294,0.40409889056477294,1.0
2,1.25,random,0.25,dpr,tail_linear,0.3607829329173855,0.3607829329173855,1.0
2,1.25,random,0.25,dpr,block_split,0.409084184669224,0.409084184669224,1.0
2,1.25,random,0.25,top,affine_fit,10.308327575591749,0.7259051697778399,14.200653204807134
2,1.25,random,0.25,top,released,9.510405393534647,0.9261707302664656,10.268522943710863
2,1.25,random,0.25,top,tail_linear,9.510405393534647,0.8369659904718125,11.362953216502218
2,1.25,random,0.25,top,block_split,9.510405393534647,0.9415606324386372,10.100682915026669
2,1.25,random,0.375,paper,affine_fit,0.6442981717001306,0.5279746669338292,1.2203202389270698
2,1.25,random,0.375,paper,released,0.6336254535528948,0.672279650997151,0.94250280015627
2,1.25,random,0.375,paper,tail_linear,0.6336254535528948,0.608097797574347,1.0419795238206346
2,1.25,random,0.375,paper,block_split,0.6336254535528948,0.6959975479770507,0.9103846060874161
2,1.25,random,0.375,dpr,affine_fit,0.4682839986734046,0.4682839986734046,1.0
2,1.25,random,0.375,dpr,released,0.6061483358471594,0.6061483358471594,1.0
2,1.25,random,0.375,dpr,tail_linear,0.5441230297017813,0.5441230297017813,1.0
2,1.25,random,0.375,dpr,block_split,0.6089008168239707,0.6089008168239707,1.0
2,1.25,random,0.375,top,affine_fit,13.108301799155164,0.8778560181807816,14.93217740458174
2,1.25,random,0.375,top,released,12.562131327739776,1.1474946292106587,10.947442373983959
2,1.25,random,0.375,top,tail_linear,12.562131327739776,1.0254386786108194,12.250494924531154
2,1.25,random,0.375,top,block_split,12.562131327739776,1.155338813957857,10.873114601512903
2,1.25,random,0.5,paper,affine_fit,0.8585748843863088,0.6835862329429633,1.2559862136046647
2,1.25,random,0.5,paper,released,0.8488828583642841,0.8836340049438579,0.9606724657662064
2,1.25,random,0.5,paper,tail_linear,0.8488828583642841,0.7937123432660926,1.0695094583903875
2,1.25,random,0.5,paper,block_split,0.8488828583642841,0.899514777229959,0.94371196544253
2,1.25,random,0.5,dpr,affine_fit,0.6280456268359296,0.6280456268359296,1.0
2,1.25,random,0.5,dpr,released,0.8081977811295459,0.8081977811295459,1.0
2,1.25,random,0.5,dpr,tail_linear,0.7274631264861772,0.7274631264861772,1.0
2,1.25,random,0.5,dpr,block_split,0.8155424588087038,0.8155424588087038,1.0
2,1.25,random,0.5,top,affine_fit,13.972120119424591,0.9931060255438332,14.069112219688066
2,1.25,random,0.5,top,released,14.042609715543856,1.318970803167421,10.646641822412944
2,1.25,random,0.5,top,tail_linear,14.042609715543856,1.1701343512564897,12.000852466611983
2,1.25,random,0.5,top,block_split,14.042609715543856,1.3234228803158092,10.610825854992669
2,1.25,random,0.625,paper,affine_fit,1.0508498254441463,0.8232941011681449,1.2763966411919265
2,1.25,random,0.625,paper,released,1.0422794456507476,1.073387678062678,0.971018642147936
2,1.25,random,0.625,paper,tail_linear,1.0422794456507476,0.960356848910726,1.0853043291490463
2,1.25,random,0.625,paper,block_split,1.0422794456507476,1.0908395939244862,0.9554836948125114
2,1.25,random,0.625,dpr,affine_fit,0.7768063691842841,0.7768063691842841,1.0
2,1.25,random,0.625,dpr,released,1.0102472264119322,1.0102472264119322,1.0
2,1.25,random,0.625,dpr,tail_linear,0.9049059626191668,0.9049059626191668,1.0
2,1.25,random,0.625,dpr,block_split,1.0201474102829862,1.0201474102829862,1.0
2,1.25,random,0.625,top,affine_fit,13.30681531152434,1.0775179599355806,12.349506742625328
2,1.25,random,0.625,top,released,14.017777220432801,1.433620570638512,9.777885102603896
2,1.25,random,0.625,top,tail_linear,14.017777220432801,1.2708214868911631,11.03048489896467
2,1.25,random,0.625,top,block_split,14.017777220432801,1.4479646177989365,9.681021931144523
2,1.25,random,0.75,paper,affine_fit,1.2445928001435798,0.9634913139405252,1.2917530050721417
2,1.25,random,0.75,paper,released,1.2476657931199584,1.2638059875146639,0.9872288986172268
2,1.25,random,0.75,paper,tail_linear,1.2429479845988336,1.1275850480952705,1.1023097430197708
2,1.25,random,0.75,paper,block_split,1.2576417432339617,1.2684831963587968,0.9914532150240889
2,1.25,random,0.75,dpr,affine_fit,0.9255671115326388,0.9255671115326388,1.0
2,1.25,random,0.75,dpr,released,1.2122966716943187,1.2122966716943187,1.0
2,1.25,random,0.75,dpr,tail_linear,1.0823487987521565,1.0823487987521565,1.0
2,1.25,random,0.75,dpr,block_split,1.2171149704081443,1.2171149704081443,1.0
2,1.25,random,0.75,top,affine_fit,11.013379403126873,1.1396647174297945,9.663701292749126
2,1.25,random,0.75,top,released,11.92903516845558,1.5180293849505613,7.8582373218316075
2,1.25,random,0.75,top,tail_linear,11.92903516845558,1.344950566459879,8.869497114570295
2,1.25,random,0.75,top,block_split,11.92903516845558,1.5226062852636424,7.834615740069695
2,1.25,random,0.875,paper,affine_fit,1.436867741201417,1.0914642795307388,1.3164587867403046
2,1.25,random,0.875,paper,released,1.472787128094691,1.4525627061337354,1.0139232694571834
2,1.25,random,0.875,paper,tail_linear,1.4566910754932056,1.287456752778631,1.1314485495138595
2,1.25,random,0.875,paper,block_split,1.5035706269018936,1.4627222536778044,1.0279262676980416
2,1.25,random,0.875,dpr,affine_fit,1.063326968066823,1.063326968066823,1.0
2,1.25,random,0.875,dpr,released,1.414346116976705,1.414346116976705,1.0
2,1.25,random,0.875,dpr,tail_linear,1.2538943742337398,1.2538943742337398,1.0
2,1.25,random,0.875,dpr,block_split,1.4193854184037744,1.4193854184037744,1.0
2,1.25,random,0.875,top,affine_fit,6.926799107019632,1.180779025892268,5.866295856487902
2,1.25,random,0.875,top,released,7.630059491442577,1.5888131544327133,4.802364249159867
2,1.25,random,0.875,top,tail_linear,7.630059491442577,1.4012166678090106,5.445310255531854
2,1.25,random,0.875,top,block_split,7.630059491442577,1.5896346841169966,4.799882367740919
2,1.25,local,0.125,paper,affine_fit,0.2582802559428598,0.2489920760438843,1.0373031144064941
2,1.25,local,0.125,paper,released,0.2512230472609725,0.24173060887548514,1.039268665352913
2,1.25,local,0.125,paper,tail_linear,0.2512230472609725,0.24173060887548514,1.039268665352913
2,1.25,local,0.125,paper,block_split,0.2512230472609725,0.24173060887548514,1.039268665352913
2,1.25,local,0.125,dpr,affine_fit,0.1817633997908657,0.1631402075039314,1.1141545212665338
2,1.25,local,0.125,dpr,released,0.20284802018759335,0.16040040184128046,1.2646353616265607
2,1.25,local,0.125,dpr,tail_linear,0.1957423992654579,0.16040040184128046,1.220336090299506
2,1.25,local,0.125,dpr,block_split,0.20789485968868912,0.16040040184128046,1.2960993694667013
2,1.25,local,0.125,top,affine_fit,1.545873240747992,0.3042880098773187,5.080296267247761
2,1.25,local,0.125,top,released,1.6011896548131028,0.3100243592467753,5.164722084107517
2,1.25,local,0.125,top,tail_linear,1.6011896548131028,0.30564188515484797,5.238776923528949
2,1.25,local,0.125,top,block_split,1.6011896548131028,0.31097844967338634,5.148876574871333
2,1.25,local,0.25,paper,affine_fit,0.4945587402573789,0.4576694259306695,1.0806025315143022
2,1.25,local,0.25,paper,released,0.48518207985873973,0.47346484049911114,1.0247478552943374
2,1.25,local,0.25,paper,tail_linear,0.48518207985873973,0.46526649186803865,1.0428046900836128
2,1.25,local,0.25,paper,block_split,0.48518207985873973,0.4767464263718441,1.0176942144088903
2,1.25,local,0.25,dpr,affine_fit,0.3635267995817315,0.355415148561769,1.0228230311870141
2,1.25,local,0.25,dpr,released,0.4084147239588944,0.3674073739652167,1.1116127571178251
2,1.25,local,0.25,dpr,tail_linear,0.3900349282620118,0.35989703907680826,1.0837403087908473
2,1.25,local,0.25,dpr,block_split,0.4251772379669966,0.3712191060554027,1.1453538652278874
2,1.25,local,0.25,top,affine_fit,2.519700419159125,0.5283797130008577,4.768730436013229
2,1.25,local,0.25,top,released,2.6333490675458386,0.564568035438697,4.6643608958477385
2,1.25,local,0.25,top,tail_linear,2.6333490675458386,0.5468878167406577,4.815154016851342
2,1.25,local,0.25,top,block_split,2.6333490675458386,0.5710605866837337,4.611330441903263
2,1.25,local,0.375,paper,affine_fit,0.7103034865851529,0.6147583920791959,1.1554189348807595
2,1.25,local,0.375,paper,released,0.6912978562696955,0.6824016418240602,1.013036625207782
2,1.25,local,0.375,paper,tail_linear,0.6912978562696955,0.6538519623175467,1.0572696819925778
2,1.25,local,0.375,paper,block_split,0.6912978562696955,0.6978395031319115,0.990625857617895
2,1.25,local,0.375,dpr,affine_fit,0.5342893135584269,0.5251989734440673,1.0173083737288144
2,1.25,local,0.375,dpr,released,0.6119217342135456,0.564364088746268,1.0842676676556913
2,1.25,local,0.375,dpr,tail_linear,0.5792844436476751,0.5461577418920738,1.060654091693069
2,1.25,local,0.375,dpr,block_split,0.6343360815526351,0.5700877116779862,1.1126990962242307
2,1.25,local,0.375,top,affine_fit,2.756468248020842,0.7060492496251126,3.9040736173637036
2,1.25,local,0.375,top,released,2.869833559675312,0.8442555042010945,3.399247674897885
2,1.25,local,0.375,top,tail_linear,2.869833559675312,0.7849360000016559,3.6561370094749868
2,1.25,local,0.375,top,block_split,2.869833559675312,0.8579474632078368,3.344999178557042
2,1.25,local,0.5,paper,affine_fit,0.9245801992713312,0.772355435770514,1.1970915933917852
2,1.25,local,0.5,paper,released,0.8993386929695935,0.9310941248020592,0.9658944987551966
2,1.25,local,0.5,paper,tail_linear,0.8993386929695935,0.8634664210378452,1.0415444898119275
2,1.25,local,0.5,paper,block_split,0.8993386929695935,0.9496776153067792,0.9469936728782172
2,1.25,local,0.5,dpr,affine_fit,0.6830500559067815,0.6830500559067815,1.0
2,1.25,local,0.5,dpr,released,0.813881169973585,0.813881169973585,1.0
2,1.25,local,0.5,dpr,tail_linear,0.756677741654945,0.756677741654945,1.0
2,1.25,local,0.5,dpr,block_split,0.8216673484437036,0.8216673484437036,1.0
2,1.25,local,0.5,top,affine_fit,3.2462564506084783,0.8565133313908654,3.790082806226709
2,1.25,local,0.5,top,released,3.3158664216662945,1.0305485175630313,3.2175742967516197
2,1.25,local,0.5,top,tail_linear,3.3158664216662945,0.9568385410485436,3.465439862019594
2,1.25,local,0.5,top,block_split,3.3158664216662945,1.0626910113762886,3.1202545106426784
2,1.25,local,0.625,paper,affine_fit,1.1388569119575096,0.9052124803349164,1.2581100423363007
2,1.25,local,0.625,paper,released,1.1211070753486694,1.1116341502092522,1.0085216211985157
2,1.25,local,0.625,paper,tail_linear,1.1187481710881069,1.0221518922662978,1.0945028616125119
2,1.25,local,0.625,paper,block_split,1.1269320854039735,1.136231208770555,0.9918158176832306
2,1.25,local,0.625,dpr,affine_fit,0.8208099124409657,0.820546507171773,1.0003210119924837
2,1.25,local,0.625,dpr,released,1.0119387002343905,0.9816977470753491,1.0308047494752173
2,1.25,local,0.625,dpr,tail_linear,0.928700600628219,0.9139370658650741,1.0161537761346517
2,1.25,local,0.625,dpr,block_split,1.0268757435801614,1.0089280866820207,1.0177888366228
2,1.25,local,0.625,top,affine_fit,3.681040224125263,0.9818042684692836,3.7492607664706106
2,1.25,local,0.625,top,released,3.803515011551029,1.2289125800234624,3.0950248808409238
2,1.25,local,0.625,top,tail_linear,3.803515011551029,1.12053017985556,3.3943887277014837
2,1.25,local,0.625,top,block_split,3.803515011551029,1.263564167114773,3.0101478900244447
2,1.25,local,0.75,paper,affine_fit,1.2885963434002612,1.0256099719413492,1.2564194758764995
2,1.25,local,0.75,paper,released,1.302158345860093,1.3033518493380258,0.9990842814405495
2,1.25,local,0.75,paper,tail_linear,1.2924452106695414,1.1800065956742025,1.0952864292517759
2,1.25,local,0.75,paper,block_split,1.3616540227951859,1.3305877790234149,1.023347759735605
2,1.25,local,0.75,dpr,affine_fit,0.9475688831609796,0.9394759651366104,1.0086142895876984
2,1.25,local,0.75,dpr,released,1.2122966716943189,1.1714215372046255,1.0348936170212766
2,1.25,local,0.75,dpr,tail_linear,1.0941433200549688,1.0700406886532454,1.0225249671879852
2,1.25,local,0.75,dpr,block_split,1.2245563693413646,1.2072426870691957,1.0143415093399333
2,1.25,local,0.75,top,affine_fit,3.356762876464292,1.0806612335011845,3.106211986145622
2,1.25,local,0.75,top,released,3.4754204447316166,1.3781234368191722,2.52184989521199
2,1.25,local,0.75,top,tail_linear,3.4744780393530097,1.245672118914207,2.7892396294311754
2,1.25,local,0.75,top,block_split,3.48542528588154,1.4104968585811242,2.4710620691404235
2,1.25,local,0.875,paper,affine_fit,1.458869512829758,1.1058718441797055,1.3192030527840166
2,1.25,local,0.875,paper,released,1.505792222722405,1.4273065254734372,1.0549886768176402
2,1.25,local,0.875,paper,tail_linear,1.4816481438201774,1.2829681802162258,1.1548596190206892
2,1.25,local,0.875,paper,block_split,1.5509715872457934,1.4492908026294955,1.0701589939243492
2,1.25,local,0.875,dpr,affine_fit,1.0743278538809933,1.0605887405682477,1.0129542326702283
2,1.25,local,0.875,dpr,released,1.4143461169767053,1.3369107772741322,1.05792109766701
2,1.25,local,0.875,dpr,tail_linear,1.2597916348851461,1.2147391941125008,1.0370881593275345
2,1.25,local,0.875,dpr,block_split,1.4297032587995737,1.365678207133806,1.046881506442238
2,1.25,local,0.875,top,affine_fit,2.592450096236505,1.1545709931237564,2.245379549353207
2,1.25,local,0.875,top,released,2.6403239327382346,1.5083921581196582,1.7504227388914748
2,1.25,local,0.875,top,tail_linear,2.6342763497564983,1.34828153143398,1.953802887854426
2,1.25,local,0.875,top,block_split,2.686396732980256,1.527967203291413,1.7581507817664253
2,1.25,hot-cold,0.125,paper,affine_fit,0.1922749410578375,0.1646550736345103,1.1677437980723013
2,1.25,hot-cold,0.125,paper,released,0.20483105641573257,0.2086958086140439,0.9814814095981261
2,1.25,hot-cold,0.125,paper,tail_linear,0.1990725548384771,0.18917703218350734,1.052308266710574
2,1.25,hot-cold,0.125,paper,block_split,0.20554441825311853,0.2152705304112084,0.9548191192751228
2,1.25,hot-cold,0.125,dpr,affine_fit,0.159761628162525,0.159761628162525,1.0
2,1.25,hot-cold,0.125,dpr,released,0.20204944528238647,0.20204944528238647,1.0
2,1.25,hot-cold,0.125,dpr,tail_linear,0.18334009678439583,0.18334009678439583,1.0
2,1.25,hot-cold,0.125,dpr,block_split,0.21127728705599427,0.21127728705599427,1.0
2,1.25,hot-cold,0.125,top,affine_fit,4.626121268715696,0.2490670080262576,18.573801907268233
2,1.25,hot-cold,0.125,top,released,4.365990054594349,0.3233455760851349,13.50255076149491
2,1.25,hot-cold,0.125,top,tail_linear,4.365990054594349,0.28986416781818075,15.06219305220556
2,1.25,hot-cold,0.125,top,block_split,4.365990054594349,0.32510204375201696,13.429598916716321
2,1.25,hot-cold,0.25,paper,affine_fit,0.3845498821156751,0.3087670427844788,1.245436943812987
2,1.25,hot-cold,0.25,paper,released,0.4086526855470643,0.4044312087313558,1.0104380589938908
2,1.25,hot-cold,0.25,paper,tail_linear,0.3985926526711361,0.3610747796873411,1.1039061022658025
2,1.25,hot-cold,0.25,paper,block_split,0.4107345497695391,0.4097550002919404,1.002390573579092
2,1.25,hot-cold,0.25,dpr,affine_fit,0.3085223705108796,0.3085223705108796,1.0
2,1.25,hot-cold,0.25,dpr,released,0.40409889056477294,0.40409889056477294,1.0
2,1.25,hot-cold,0.25,dpr,tail_linear,0.3607829329173855,0.3607829329173855,1.0
2,1.25,hot-cold,0.25,dpr,block_split,0.409084184669224,0.409084184669224,1.0
2,1.25,hot-cold,0.25,top,affine_fit,6.480019312260459,0.4012531622050019,16.14945356854232
2,1.25,hot-cold,0.25,top,released,6.366426301003658,0.5300474756996816,12.01104918498055
2,1.25,hot-cold,0.25,top,tail_linear,6.366426301003658,0.4713928587305484,13.505563741776482
2,1.25,hot-cold,0.25,top,block_split,6.366426301003658,0.5307040364512019,11.996189709759348
2,1.25,hot-cold,0.375,paper,affine_fit,0.5782928568151083,0.4496982723776569,1.285957479350638
2,1.25,hot-cold,0.375,paper,released,0.6129222647625081,0.5958464726830903,1.0286580400527097
2,1.25,hot-cold,0.375,paper,tail_linear,0.6001911197091783,0.5291785191817523,1.1341940346279171
2,1.25,hot-cold,0.375,paper,block_split,0.6233860781739532,0.6020959471384248,1.0353600304680903
2,1.25,hot-cold,0.375,dpr,affine_fit,0.4572831128592342,0.4572831128592342,1.0
2,1.25,hot-cold,0.375,dpr,released,0.6061483358471593,0.6061483358471593,1.0
2,1.25,hot-cold,0.375,dpr,tail_linear,0.5382257690503751,0.5382257690503751,1.0
2,1.25,hot-cold,0.375,dpr,block_split,0.6085976309921962,0.6085976309921962,1.0
2,1.25,hot-cold,0.375,top,affine_fit,7.629860663698317,0.5497692322797573,13.878296957541927
2,1.25,hot-cold,0.375,top,released,7.566406115760918,0.7317646028154852,10.339945505219786
2,1.25,hot-cold,0.375,top,tail_linear,7.566406115760918,0.6485438480935825,11.666761064811016
2,1.25,hot-cold,0.375,top,block_split,7.566406115760918,0.7428644944006341,10.18544589597828
2,1.25,hot-cold,0.5,paper,affine_fit,0.7375651404304348,0.604331149292394,1.2204652056973124
2,1.25,hot-cold,0.5,paper,released,0.8099257728956222,0.8058715539634657,1.0050308500308975
2,1.25,hot-cold,0.5,paper,tail_linear,0.7839431362608972,0.7136256777936757,1.09853549368434
2,1.25,hot-cold,0.5,paper,block_split,0.8601639333825474,0.8084707028203736,1.0639395223374706
2,1.25,hot-cold,0.5,dpr,affine_fit,0.6060438552075889,0.6060438552075889,1.0
2,1.25,hot-cold,0.5,dpr,released,0.8081977811295459,0.8081977811295459,1.0
2,1.25,hot-cold,0.5,dpr,tail_linear,0.7156686051833647,0.7156686051833647,1.0
2,1.25,hot-cold,0.5,dpr,block_split,0.8103229914529915,0.8103229914529915,1.0
2,1.25,hot-cold,0.5,top,affine_fit,8.02064089395842,0.6987746469017112,11.478150974024382
2,1.25,hot-cold,0.5,top,released,8.073801011769289,0.9341463662644546,8.642972133002566
2,1.25,hot-cold,0.5,top,tail_linear,8.073801011769289,0.8262785309965277,9.771282574692986
2,1.25,hot-cold,0.5,top,block_split,8.073801011769289,0.9412786915306915,8.577481976820074
2,1.25,hot-cold,0.625,paper,affine_fit,0.9298400814882724,0.7484431184423624,1.2423657303756468
2,1.25,hot-cold,0.625,paper,released,1.0191195081852518,1.0016069540807775,1.0174844573843302
2,1.25,hot-cold,0.625,paper,tail_linear,0.9852969838610104,0.8855234252975095,1.1126718455019753
2,1.25,hot-cold,0.625,paper,block_split,1.0520500258143317,1.0037904380641167,1.048077353519413
2,1.25,hot-cold,0.625,dpr,affine_fit,0.7548045975559434,0.7548045975559434,1.0
2,1.25,hot-cold,0.625,dpr,released,1.0102472264119324,1.0102472264119324,1.0
2,1.25,hot-cold,0.625,dpr,tail_linear,0.8931114413163544,0.8931114413163544,1.0
2,1.25,hot-cold,0.625,dpr,block_split,1.0105830068184,1.0105830068184,1.0
2,1.25,hot-cold,0.625,top,affine_fit,7.949383920023368,0.845822683334871,9.398404744456487
2,1.25,hot-cold,0.625,top,released,8.029438446982859,1.1338695843807607,7.08144795273609
2,1.25,hot-cold,0.625,top,tail_linear,8.027120014118925,1.0016784397398282,8.013669552679856
2,1.25,hot-cold,0.625,top,block_split,8.034194703466845,1.1380543495545012,7.059587889288313
2,1.25,hot-cold,0.75,paper,affine_fit,1.1015812845593649,0.8803214739123676,1.251339785753111
2,1.25,hot-cold,0.75,paper,released,1.21768850648024,1.180726445868946,1.03130450811923
2,1.25,hot-cold,0.75,paper,tail_linear,1.172106150621724,1.0428288343035643,1.12396791502653
2,1.25,hot-cold,0.75,paper,block_split,1.261488146413193,1.1852789232112078,1.0642964467768616
2,1.25,hot-cold,0.75,dpr,affine_fit,0.903565339904298,0.903565339904298,1.0
2,1.25,hot-cold,0.75,dpr,released,1.2122966716943187,1.2122966716943187,1.0
2,1.25,hot-cold,0.75,dpr,tail_linear,1.070554277449344,1.070554277449344,1.0
2,1.25,hot-cold,0.75,dpr,block_split,1.2241487675518927,1.2241487675518927,1.0
2,1.25,hot-cold,0.75,top,affine_fit,7.108064939096389,0.987732602022446,7.196345371755644
2,1.25,hot-cold,0.75,top,released,7.35782538618606,1.326614120998827,5.546319211984754
2,1.25,hot-cold,0.75,top,tail_linear,7.334854977786024,1.1709495663140617,6.264022968021438
2,1.25,hot-cold,0.75,top,block_split,7.365270026421299,1.331012512171373,5.533584364587094
2,1.25,hot-cold,0.875,paper,affine_fit,1.2388517965463504,1.024188770788737,1.2095932233198567
2,1.25,hot-cold,0.875,paper,released,1.4191303143852283,1.3761295278196748,1.0312476301803388
2,1.25,hot-cold,0.875,paper,tail_linear,1.345830833465103,1.2144347350374425,1.1081952736007747
2,1.25,hot-cold,0.875,paper,block_split,1.4798356201116207,1.380371511649248,1.072056042610974
2,1.25,hot-cold,0.875,dpr,affine_fit,1.0523260822526526,1.0523260822526526,1.0
2,1.25,hot-cold,0.875,dpr,released,1.414346116976705,1.414346116976705,1.0
2,1.25,hot-cold,0.875,dpr,tail_linear,1.2479971135823336,1.2479971135823336,1.0
2,1.25,hot-cold,0.875,dpr,block_split,1.4237962238094493,1.4237962238094493,1.0
2,1.25,hot-cold,0.875,top,affine_fit,5.254664463265735,1.120344974313249,4.6902200516289625
2,1.25,hot-cold,0.875,top,released,5.5778430557229886,1.506730567286744,3.7019512159810564
2,1.25,hot-cold,0.875,top,tail_linear,5.518535114779729,1.3291305156299835,4.151988875346861
2,1.25,hot-cold,0.875,top,block_split,5.616678912094159,1.5181446123787161,3.6996995321108597
2,1.44,random,0.125,paper,affine_fit,0.2252775985003487,0.1986457866692152,1.1340668346290212
2,1.44,random,0.125,paper,released,0.21894901665811023,0.22497939877660467,0.9731958474807626
2,1.44,random,0.125,paper,tail_linear,0.21894901665811023,0.2152720452141429,1.0170805802504903
2,1.44,random,0.125,paper,block_split,0.21894901665811023,0.2540304740595053,0.8619005946775605
2,1.44,random,0.125,dpr,affine_fit,0.1817633997908657,0.1817633997908657,1.0
2,1.44,random,0.125,dpr,released,0.20204944528238647,0.20204944528238647,1.0
2,1.44,random,0.125,dpr,tail_linear,0.19513461808720822,0.19513461808720822,1.0
2,1.44,random,0.125,dpr,block_split,0.23844551110919512,0.23844551110919512,1.0
2,1.44,random,0.125,top,affine_fit,6.001231995486993,0.5720063096839008,10.491548596384126
2,1.44,random,0.125,top,released,5.37246695938646,0.7171426034858388,7.491490441750821
2,1.44,random,0.125,top,tail_linear,5.37246695938646,0.6533943721697557,8.222395521323318
2,1.44,random,0.125,top,block_split,5.37246695938646,0.7237320948374264,7.42328134638452
2,1.44,random,0.25,paper,affine_fit,0.4505551970006974,0.3755438404814856,1.1997406119696694
2,1.44,random,0.25,paper,released,0.4411019225611643,0.46524543321602146,0.9481058621296624
2,1.44,random,0.25,paper,tail_linear,0.4411019225611643,0.4262772598920237,1.0347770431687953
2,1.44,random,0.25,paper,block_split,0.4411019225611643,0.47852428808614017,0.9217963090762922
2,1.44,random,0.25,dpr,affine_fit,0.31952325632505,0.31952325632505,1.0
2,1.44,random,0.25,dpr,released,0.40409889056477294,0.40409889056477294,1.0
2,1.44,random,0.25,dpr,tail_linear,0.36668019356879167,0.36668019356879167,1.0
2,1.44,random,0.25,dpr,block_split,0.4080185819528089,0.4080185819528089,1.0
2,1.44,random,0.25,top,affine_fit,10.3633320046626,0.8002949074498138,12.949391415829398
2,1.44,random,0.25,top,released,9.561089107015574,1.042149770403888,9.1743906476227
2,1.44,random,0.25,top,tail_linear,9.561089107015574,0.9329232525349019,10.248526961930216
2,1.44,random,0.25,top,block_split,9.561089107015574,1.0514214432171973,9.093488789576163
2,1.44,random,0.375,paper,affine_fit,0.6662999433284713,0.5463344539515709,1.2195825075815823
2,1.44,random,0.375,paper,released,0.6515771027976778,0.7121578309870956,0.9149335645085175
2,1.44,random,0.375,paper,tail_linear,0.6515771027976778,0.6372221493176098,1.022527392519925
2,1.44,random,0.375,paper,block_split,0.6515771027976778,0.7281451357163484,0.8948450945245372
2,1.44,random,0.375,dpr,affine_fit,0.479284884487575,0.479284884487575,1.0
2,1.44,random,0.375,dpr,released,0.6061483358471593,0.6061483358471593,1.0
2,1.44,random,0.375,dpr,tail_linear,0.5500202903531874,0.5500202903531874,1.0
2,1.44,random,0.375,dpr,block_split,0.6093339278638629,0.6093339278638629,1.0
2,1.44,random,0.375,top,affine_fit,13.00929382682763,0.941226137042992,13.821645314375083
2,1.44,random,0.375,top,released,12.460018539531543,1.2335650343556226,10.10082013717281
2,1.44,random,0.375,top,tail_linear,12.460018539531543,1.1010269920293132,11.3167239583894
2,1.44,random,0.375,top,block_split,12.460018539531543,1.2431944865963453,10.02258188390535
2,1.44,random,0.5,paper,affine_fit,0.8585748843863088,0.7012120031399072,1.224415555554893
2,1.44,random,0.5,paper,released,0.8479520167131012,0.9225152304340539,0.9191740024867991
2,1.44,random,0.5,paper,tail_linear,0.8446217989334837,0.8219611546994887,1.027568996544952
2,1.44,random,0.5,paper,block_split,0.8504163296550612,0.9284373905007961,0.9159651887741719
2,1.44,random,0.5,dpr,affine_fit,0.6280456268359296,0.6280456268359296,1.0
2,1.44,random,0.5,dpr,released,0.8081977811295459,0.8081977811295459,1.0
2,1.44,random,0.5,dpr,tail_linear,0.7274631264861772,0.7274631264861772,1.0
2,1.44,random,0.5,dpr,block_split,0.8156666458820935,0.8156666458820935,1.0
2,1.44,random,0.5,top,affine_fit,14.016123662681274,1.0371376682939046,13.51423643279474
2,1.44,random,0.5,top,released,13.976457554694395,1.3638337556561084,10.247918778026321
2,1.44,random,0.5,top,tail_linear,13.976457554694395,1.2154309258518987,11.499178815857643
2,1.44,random,0.5,top,block_split,13.976457554694395,1.3798088461234916,10.129270872527451
2,1.44,random,0.625,paper,affine_fit,1.0618507112583169,0.8472626174830766,1.2532722314749434
2,1.44,random,0.625,paper,released,1.057406143151189,1.0910005408915704,0.969207716695605
2,1.44,random,0.625,paper,tail_linear,1.0509885359717175,0.9817219883697778,1.0705561741740774
2,1.44,random,0.625,paper,block_split,1.063036177302221,1.1056610298385416,0.9614485349614383
2,1.44,random,0.625,dpr,affine_fit,0.7768063691842841,0.7768063691842841,1.0
2,1.44,random,0.625,dpr,released,1.0102472264119324,1.0102472264119324,1.0
2,1.44,random,0.625,dpr,tail_linear,0.9049059626191669,0.9049059626191669,1.0
2,1.44,random,0.625,dpr,block_split,1.0169234881939613,1.0169234881939613,1.0
2,1.44,random,0.625,top,affine_fit,13.372820626409364,1.110539350373685,12.041735055952362
2,1.44,random,0.625,top,released,13.94666372199527,1.4635292056309703,9.529474142596596
2,1.44,random,0.625,top,tail_linear,13.94666372199527,1.3029849568385712,10.703626046331356
2,1.44,random,0.625,top,block_split,13.94666372199527,1.4769328119387655,9.442991319075324
2,1.44,random,0.75,paper,affine_fit,1.2775954575860908,0.9771835947642876,1.3074262241316765
2,1.44,random,0.75,paper,released,1.2761367624094133,1.2674614873470755,1.0068446064428325
2,1.44,random,0.75,paper,tail_linear,1.2671174225896156,1.136692623216188,1.1147406050761552
2,1.44,random,0.75,paper,block_split,1.2859973091232442,1.2845854341824612,1.001099089950122
2,1.44,random,0.75,dpr,affine_fit,0.9255671115326388,0.9255671115326388,1.0
2,1.44,random,0.75,dpr,released,1.2122966716943187,1.2122966716943187,1.0
2,1.44,random,0.75,dpr,tail_linear,1.0823487987521565,1.0823487987521565,1.0
2,1.44,random,0.75,dpr,block_split,1.2301790549991012,1.2301790549991012,1.0
2,1.44,random,0.75,top,affine_fit,10.99137763149853,1.157525793402541,9.49557901356948
2,1.44,random,0.75,top,released,11.848306048942932,1.5422886111111112,7.682288492299152
2,1.44,random,0.75,top,tail_linear,11.848306048942932,1.3662553806666362,8.672102021777068
2,1.44,random,0.75,top,block_split,11.848306048942932,1.5555511371634556,7.616789809011547
2,1.44,random,0.875,paper,affine_fit,1.425866855387247,1.1012511704747094,1.2947698886645518
2,1.44,random,0.875,paper,released,1.4759652847533762,1.4658554327970503,1.0068968956488669
2,1.44,random,0.875,paper,tail_linear,1.44311407394819,1.299130623576854,1.110830618383016
2,1.44,random,0.875,paper,block_split,1.5052980159345162,1.486849833703218,1.0124075624942905
2,1.44,random,0.875,dpr,affine_fit,1.063326968066823,1.063326968066823,1.0
2,1.44,random,0.875,dpr,released,1.4143461169767053,1.4143461169767053,1.0
2,1.44,random,0.875,dpr,tail_linear,1.2538943742337398,1.2538943742337398,1.0
2,1.44,random,0.875,dpr,block_split,1.4204775632504194,1.4204775632504194,1.0
2,1.44,random,0.875,top,affine_fit,6.9488008786479725,1.1846937822698564,5.865482694890294
2,1.44,random,0.875,top,released,7.642444666825436,1.5941302450980392,4.794115593958526
2,1.44,random,0.875,top,tail_linear,7.642444666825436,1.4058862161282997,5.43603357025018
2,1.44,random,0.875,top,block_split,7.642444666825436,1.5942892997250335,4.793637307948768
2,1.44,local,0.125,paper,affine_fit,0.2582802559428598,0.2382452290011098,1.0840941370610055
2,1.44,local,0.125,paper,released,0.24510797291622718,0.24371847512808792,1.0057012411037325
2,1.44,local,0.125,paper,tail_linear,0.24510797291622718,0.24078140805856404,1.0179688493914398
2,1.44,local,0.125,paper,block_split,0.24510797291622718,0.2590268608358047,0.9462646928790888
2,1.44,local,0.125,dpr,affine_fit,0.2037651714192065,0.1991070317230237,1.0233951541332942
2,1.44,local,0.125,dpr,released,0.21588604473162362,0.20165451054846734,1.0705738450602906
2,1.44,local,0.125,dpr,tail_linear,0.21060163665771653,0.19897183511488648,1.0584494862607816
2,1.44,local,0.125,dpr,block_split,0.22367895487237807,0.2047521069846635,1.0924378662883905
2,1.44,local,0.125,top,affine_fit,1.4468652684204586,0.3072334436583066,4.709335192133599
2,1.44,local,0.125,top,released,1.4915022792313792,0.3177092707500628,4.694550699481232
2,1.44,local,0.125,top,tail_linear,1.4915022792313792,0.3124132994199765,4.774131837538568
2,1.44,local,0.125,top,block_split,1.4915022792313792,0.3375875277197388,4.418120211092653
2,1.44,local,0.25,paper,affine_fit,0.4835578544432085,0.4224740845235616,1.1445858388888708
2,1.44,local,0.25,paper,released,0.4644165090519175,0.47311288660231376,0.9816188106545781
2,1.44,local,0.25,paper,tail_linear,0.4644165090519175,0.4491596014270433,1.0339676755799072
2,1.44,local,0.25,paper,block_split,0.4644165090519175,0.49103494800793845,0.945791151802925
2,1.44,local,0.25,dpr,affine_fit,0.3635267995817315,0.3568925487011612,1.0185889307712204
2,1.44,local,0.25,dpr,released,0.4175456741587028,0.3736494373712918,1.1174797347380767
2,1.44,local,0.25,dpr,tail_linear,0.3936328603800596,0.3649943401211398,1.078462916026081
2,1.44,local,0.25,dpr,block_split,0.43545211183064675,0.38742385208192215,1.1239682572217284
2,1.44,local,0.25,top,affine_fit,2.3326853603182283,0.5247470948880554,4.445351642805877
2,1.44,local,0.25,top,released,2.4423006092935746,0.6109838841747012,3.9973241071531067
2,1.44,local,0.25,top,tail_linear,2.4423006092935746,0.5706396833653753,4.279934747772864
2,1.44,local,0.25,top,block_split,2.4423006092935746,0.634700814631744,3.847955687138368
2,1.44,local,0.375,paper,affine_fit,0.6662999433284713,0.5822450791838832,1.1443633740321266
2,1.44,local,0.375,paper,released,0.6591491097378085,0.6871061228723335,0.9593119429388064
2,1.44,local,0.375,paper,tail_linear,0.6566167566345577,0.6395464502071695,1.0266912691358987
2,1.44,local,0.375,paper,block_split,0.6782069799662551,0.7174282873241096,0.9453306929057069
2,1.44,local,0.375,dpr,affine_fit,0.5232884277442564,0.5208229720126705,1.0047337691769977
2,1.44,local,0.375,dpr,released,0.6219717622220905,0.5891394907531434,1.0557291982361852
2,1.44,local,0.375,dpr,tail_linear,0.5764472226444706,0.5578088481355257,1.0334135512035056
2,1.44,local,0.375,dpr,block_split,0.6327757982401702,0.6139304440543148,1.0306962366313082
2,1.44,local,0.375,top,affine_fit,2.954484192675909,0.6867201400107704,4.30231184515656
2,1.44,local,0.375,top,released,3.036612408309532,0.8213007062351478,3.697321072849674
2,1.44,local,0.375,top,tail_linear,3.036612408309532,0.7615591431851673,3.9873625515270095
2,1.44,local,0.375,top,block_split,3.036612408309532,0.840004946214671,3.614993485447284
2,1.44,local,0.5,paper,affine_fit,0.89157754182882,0.7148574514746862,1.2472102514838117
2,1.44,local,0.5,paper,released,0.8880470902315172,0.857113776524153,1.0360900904344437
2,1.44,local,0.5,paper,tail_linear,0.8832252124047791,0.7948514236271007,1.1111827772471077
2,1.44,local,0.5,paper,block_split,0.9254994632351354,0.8807503083529926,1.0508079922967315
2,1.44,local,0.5,dpr,affine_fit,0.6720491700926111,0.670816442226818,1.0018376530272588
2,1.44,local,0.5,dpr,released,0.8153048998245227,0.8015956202755653,1.0171024880902475
2,1.44,local,0.5,dpr,tail_linear,0.7514757257151851,0.7419754714154666,1.012804000490198
2,1.44,local,0.5,dpr,block_split,0.8224416396535462,0.8195009519046551,1.0035883884479408
2,1.44,local,0.5,top,affine_fit,3.400268852006864,0.8320554705287353,4.08658914272403
2,1.44,local,0.5,top,released,3.5628980105201125,1.0165765927413923,3.504800362274799
2,1.44,local,0.5,top,tail_linear,3.5628980105201125,0.9346451410834736,3.8120328816879905
2,1.44,local,0.5,top,block_split,3.5628980105201125,1.031706550108148,3.4534025301541744
2,1.44,local,0.625,paper,affine_fit,1.0508498254441463,0.8496718742278826,1.2367713435249095
2,1.44,local,0.625,paper,released,1.0735336687664379,1.0379171161765166,1.0343154111583839
2,1.44,local,0.625,paper,tail_linear,1.0604209362591934,0.9547599593635998,1.1106675828404267
2,1.44,local,0.625,paper,block_split,1.1277894130707564,1.0634856684061722,1.0604650787264065
2,1.44,local,0.625,dpr,affine_fit,0.798808140812625,0.7818882879430888,1.021639731826713
2,1.44,local,0.625,dpr,released,1.0116758130632786,0.9374789735146914,1.0791450706040016
2,1.44,local,0.625,dpr,tail_linear,0.9160072130644371,0.8695101536931903,1.0534750044881631
2,1.44,local,0.625,dpr,block_split,1.0250762674875762,0.9602091371007584,1.0675552105061994
2,1.44,local,0.625,top,affine_fit,3.4280198503993446,0.9654205926359294,3.550804568027366
2,1.44,local,0.625,top,released,3.5401509587068984,1.221601580358639,2.897958725354282
2,1.44,local,0.625,top,tail_linear,3.5369016837205356,1.1082122902651312,3.191538042656393
2,1.44,local,0.625,top,block_split,3.5431461581480947,1.2495706672216358,2.8354908218405295
2,1.44,local,0.75,paper,affine_fit,1.2445928001435798,0.9730147996153036,1.2791098353649386
2,1.44,local,0.75,paper,released,1.2932242454035998,1.2468577610189375,1.0371866670234875
2,1.44,local,0.75,paper,tail_linear,1.2722369354383012,1.1244953841303487,1.1313847556806216
2,1.44,local,0.75,paper,block_split,1.3671725804902612,1.2690984076721252,1.077278619392511
2,1.44,local,0.75,dpr,affine_fit,0.9365679973468092,0.9272517179544436,1.0100471956125545
2,1.44,local,0.75,dpr,released,1.2144595147318071,1.171212136107566,1.0369253163376282
2,1.44,local,0.75,dpr,tail_linear,1.0873562028097348,1.0621243773127307,1.0237559988603622
2,1.44,local,0.75,dpr,block_split,1.229372528642623,1.1949429311891828,1.028812754613458
2,1.44,local,0.75,top,affine_fit,3.081740731110032,1.0716270923736049,2.875758510625294
2,1.44,local,0.75,top,released,3.2170866029721488,1.3957362996480644,2.304938693493419
2,1.44,local,0.75,top,tail_linear,3.212183782352156,1.2493454764190401,2.5710932988360735
2,1.44,local,0.75,top,block_split,3.252724697179844,1.4113808606570748,2.3046399365692993
2,1.44,local,0.875,paper,affine_fit,1.4148659695730763,1.0740738151095974,1.3172893237590981
2,1.44,local,0.875,paper,released,1.504876355462735,1.399059481313893,1.075634292581661
2,1.44,local,0.875,paper,tail_linear,1.4710538311384935,1.2522639441185959,1.1747154727623277
2,1.44,local,0.875,paper,block_split,1.5905938870007756,1.4151858564164557,1.123946992396101
2,1.44,local,0.875,dpr,affine_fit,1.0743278538809933,1.066978319175219,1.0068881762390969
2,1.44,local,0.875,dpr,released,1.414346116976705,1.3894222544829897,1.0179382922745754
2,1.44,local,0.875,dpr,tail_linear,1.2597916348851461,1.2438003877898842,1.0128567632332683
2,1.44,local,0.875,dpr,block_split,1.4286761063089233,1.4087816849932375,1.0141217205814124
2,1.44,local,0.875,top,affine_fit,2.130412892041349,1.150185625194563,1.852233974564734
2,1.44,local,0.875,top,released,2.247047784580815,1.532319066113625,1.4664359625048164
2,1.44,local,0.875,top,tail_linear,2.2170642613080775,1.3574999775679688,1.6331965362386691
2,1.44,local,0.875,top,block_split,2.304976627736175,1.5460520754053035,1.490879035967735
2,1.44,hot-cold,0.125,paper,affine_fit,0.2142767126861783,0.1656337627289074,1.2936777451399493
2,1.44,hot-cold,0.125,paper,released,0.21450188264301445,0.2100250812803754,1.0213155559104996
2,1.44,hot-cold,0.125,paper,tail_linear,0.21450188264301445,0.19034441926332965,1.126914482038291
2,1.44,hot-cold,0.125,paper,block_split,0.21450188264301445,0.21693382792806698,0.9887894603240075
2,1.44,hot-cold,0.125,dpr,affine_fit,0.159761628162525,0.159761628162525,1.0
2,1.44,hot-cold,0.125,dpr,released,0.20204944528238647,0.20204944528238647,1.0
2,1.44,hot-cold,0.125,dpr,tail_linear,0.18334009678439583,0.18334009678439583,1.0
2,1.44,hot-cold,0.125,dpr,block_split,0.21127728705599427,0.21127728705599427,1.0
2,1.44,hot-cold,0.125,top,affine_fit,4.41710443824646,0.2520030753094488,17.527978310671198
2,1.44,hot-cold,0.125,top,released,4.203147904946112,0.32733339408412937,12.840571664575851
2,1.44,hot-cold,0.125,top,tail_linear,4.203147904946112,0.29336632905764765,14.327301699712706
2,1.44,hot-cold,0.125,top,block_split,4.203147904946112,0.3289293572993171,12.778269289965984
2,1.44,hot-cold,0.25,paper,affine_fit,0.3955507679298455,0.3041182695860928,1.3006478317405694
2,1.44,hot-cold,0.25,paper,released,0.4122294311766852,0.3981171635662812,1.0354475237490095
2,1.44,hot-cold,0.25,paper,tail_linear,0.40556899561744997,0.35552969105818516,1.1407457824698963
2,1.44,hot-cold,0.25,paper,block_split,0.4180611477133086,0.40666871055539305,1.0280140489352052
2,1.44,hot-cold,0.25,dpr,affine_fit,0.3085223705108796,0.3085223705108796,1.0
2,1.44,hot-cold,0.25,dpr,released,0.40409889056477294,0.40409889056477294,1.0
2,1.44,hot-cold,0.25,dpr,tail_linear,0.3607829329173855,0.3607829329173855,1.0
2,1.44,hot-cold,0.25,dpr,block_split,0.409084184669224,0.409084184669224,1.0
2,1.44,hot-cold,0.25,top,affine_fit,6.832047658313911,0.4142207927057631,16.493734207995146
2,1.44,hot-cold,0.25,top,released,6.6920742320030655,0.5476603385285739,12.219388115602806
2,1.44,hot-cold,0.25,top,tail_linear,6.6920742320030655,0.4868607375381939,13.745356148128655
2,1.44,hot-cold,0.25,top,block_split,6.6920742320030655,0.5542350603257382,12.074433234285037
2,1.44,hot-cold,0.375,paper,affine_fit,0.567291971000938,0.4462728605472671,1.2711773920225944
2,1.44,hot-cold,0.375,paper,released,0.6202099619441488,0.5911940183509301,1.0490802387922589
2,1.44,hot-cold,0.375,paper,tail_linear,0.5967943681812123,0.5250926644023742,1.1365505721936608
2,1.44,hot-cold,0.375,paper,block_split,0.6289025766937422,0.6004702584569632,1.047350085764184
2,1.44,hot-cold,0.375,dpr,affine_fit,0.4572831128592342,0.4572831128592342,1.0
2,1.44,hot-cold,0.375,dpr,released,0.6061483358471593,0.6061483358471593,1.0
2,1.44,hot-cold,0.375,dpr,tail_linear,0.5382257690503751,0.5382257690503751,1.0
2,1.44,hot-cold,0.375,dpr,block_split,0.6085976309921962,0.6085976309921962,1.0
2,1.44,hot-cold,0.375,top,affine_fit,7.728868636025851,0.5642048964221141,13.698691175915354
2,1.44,hot-cold,0.375,top,released,7.742141256782798,0.7513713746438747,10.304014124110488
2,1.44,hot-cold,0.375,top,tail_linear,7.742141256782798,0.6657628075209614,11.628978322792593
2,1.44,hot-cold,0.375,top,block_split,7.742141256782798,0.7540377500842136,10.267577791586865
2,1.44,hot-cold,0.5,paper,affine_fit,0.7705677978729458,0.5950336028956218,1.2949987935523626
2,1.44,hot-cold,0.5,paper,released,0.8391405550417647,0.7932434636333167,1.0578600310152246
2,1.44,hot-cold,0.5,paper,tail_linear,0.812151915119447,0.7025355005353638,1.1560297159368464
2,1.44,hot-cold,0.5,paper,block_split,0.8493793636988667,0.7977505683401978,1.064717967504665
2,1.44,hot-cold,0.5,dpr,affine_fit,0.6060438552075889,0.6060438552075889,1.0
2,1.44,hot-cold,0.5,dpr,released,0.8081977811295459,0.8081977811295459,1.0
2,1.44,hot-cold,0.5,dpr,tail_linear,0.7156686051833647,0.7156686051833647,1.0
2,1.44,hot-cold,0.5,dpr,block_split,0.8103229914529915,0.8103229914529915,1.0
2,1.44,hot-cold,0.5,top,affine_fit,7.8226249493033535,0.7088062101192811,11.036338053509613
2,1.44,hot-cold,0.5,top,released,7.865573377576447,0.9477714110943524,8.29901945290204
2,1.44,hot-cold,0.5,top,tail_linear,7.865573377576447,0.8382442485647063,9.383390808877447
2,1.44,hot-cold,0.5,top,block_split,7.865573377576447,0.9500010431388385,8.27954183248926
2,1.44,hot-cold,0.625,paper,affine_fit,0.9408409673024428,0.730582042469616,1.2877964590014834
2,1.44,hot-cold,0.625,paper,released,1.0400655381849753,0.977347727920228,1.064171439164451
2,1.44,hot-cold,0.625,paper,tail_linear,0.999964165755413,0.8642186110907525,1.1570731675094714
2,1.44,hot-cold,0.625,paper,block_split,1.0489779698468804,0.98709877216712,1.0626879491946972
2,1.44,hot-cold,0.625,dpr,affine_fit,0.7548045975559434,0.7548045975559434,1.0
2,1.44,hot-cold,0.625,dpr,released,1.0102472264119324,1.0102472264119324,1.0
2,1.44,hot-cold,0.625,dpr,tail_linear,0.8931114413163544,0.8931114413163544,1.0
2,1.44,hot-cold,0.625,dpr,block_split,1.0105830068184,1.0105830068184,1.0
2,1.44,hot-cold,0.625,top,affine_fit,7.982386577465879,0.8580562970148343,9.302870458775827
2,1.44,hot-cold,0.625,top,released,8.0427196274534,1.1504854927099044,6.990717986812004
2,1.44,hot-cold,0.625,top,tail_linear,8.0427196274534,1.016270778237607,7.9139534459515755
2,1.44,hot-cold,0.625,top,block_split,8.0427196274534,1.1521954860627925,6.980342940707447
2,1.44,hot-cold,0.75,paper,affine_fit,1.134583942001876,0.8732259779779888,1.2993016362489334
2,1.44,hot-cold,0.75,paper,released,1.2478019686759085,1.1710892190380426,1.0655054699426567
2,1.44,hot-cold,0.75,paper,tail_linear,1.2020114742061663,1.0343652779748527,1.1620763958352722
2,1.44,hot-cold,0.75,paper,block_split,1.2656908833423461,1.1808408559577677,1.0718555993015313
2,1.44,hot-cold,0.75,dpr,affine_fit,0.903565339904298,0.903565339904298,1.0
2,1.44,hot-cold,0.75,dpr,released,1.2122966716943187,1.2122966716943187,1.0
2,1.44,hot-cold,0.75,dpr,tail_linear,1.070554277449344,1.070554277449344,1.0
2,1.44,hot-cold,0.75,dpr,block_split,1.2241487675518927,1.2241487675518927,1.0
2,1.44,hot-cold,0.75,top,affine_fit,7.284079112123114,1.005838350268792,7.241798953257823
2,1.44,hot-cold,0.75,top,released,7.46837760679845,1.3512056653259594,5.527195303016146
2,1.44,hot-cold,0.75,top,tail_linear,7.443585985550185,1.1925462272907743,6.241758864526802
2,1.44,hot-cold,0.75,top,block_split,7.473140382968707,1.3517495291882218,5.528494903531883
2,1.44,hot-cold,0.875,paper,affine_fit,1.282855339803032,1.0117104848351743,1.268006370431193
2,1.44,hot-cold,0.875,paper,released,1.4462395980897649,1.3591813013239484,1.0640520118110917
2,1.44,hot-cold,0.875,paper,tail_linear,1.3785598596727444,1.199550549769708,1.1492303179198267
2,1.44,hot-cold,0.875,paper,block_split,1.490308867243822,1.3709866942364772,1.0870337936239396
2,1.44,hot-cold,0.875,dpr,affine_fit,1.0523260822526526,1.0523260822526526,1.0
2,1.44,hot-cold,0.875,dpr,released,1.414346116976705,1.414346116976705,1.0
2,1.44,hot-cold,0.875,dpr,tail_linear,1.2479971135823336,1.2479971135823336,1.0
2,1.44,hot-cold,0.875,dpr,block_split,1.4237962238094493,1.4237962238094493,1.0
2,1.44,hot-cold,0.875,top,affine_fit,5.331670663964927,1.1291531761628226,4.721831170934161
2,1.44,hot-cold,0.875,top,released,5.700661853020952,1.5186940212837272,3.753660561725446
2,1.44,hot-cold,0.875,top,tail_linear,5.644516462642711,1.339636999348384,4.213467129818207
2,1.44,hot-cold,0.875,top,block_split,5.703532071688659,1.5234756516319208,3.743763194101024
2,2.48,random,0.125,paper,affine_fit,0.2472793701286894,0.2274890154605388,1.086994770398413
2,2.48,random,0.125,paper,released,0.2456199731337128,0.24278666744768349,1.0116699393579338
2,2.48,random,0.125,paper,tail_linear,0.2456199731337128,0.23678533749066424,1.037310737804434
2,2.48,random,0.125,paper,block_split,0.2456199731337128,0.25443329689393235,0.9653609654561305
2,2.48,random,0.125,dpr,affine_fit,0.1817633997908657,0.1800319608800775,1.0096173973905753
2,2.48,random,0.125,dpr,released,0.21196261298520597,0.1934151389881069,1.0958946341746267
2,2.48,random,0.125,dpr,tail_linear,0.1981907748757456,0.18781852299736063,1.0552248612802195
2,2.48,random,0.125,dpr,block_split,0.21882005955247025,0.1941399173532974,1.1271255419062518
2,2.48,random,0.125,top,affine_fit,6.067237310372016,0.7065760601634978,8.586814148455709
2,2.48,random,0.125,top,released,5.420851307649185,0.901529188144429,6.012951526069438
2,2.48,random,0.125,top,tail_linear,5.420851307649185,0.8140762816609288,6.6588984715157515
2,2.48,random,0.125,top,block_split,5.420851307649185,0.9180374380925003,5.904825971926199
2,2.48,random,0.25,paper,affine_fit,0.4615560828148677,0.4058644694122014,1.1372172673388297
2,2.48,random,0.25,paper,released,0.4480368629807874,0.48108090751065363,0.9313129163640016
2,2.48,random,0.25,paper,tail_linear,0.4480368629807874,0.44855924950657533,0.9988354124313286
2,2.48,random,0.25,paper,block_split,0.4480368629807874,0.4960320798386697,0.9032417079284623
2,2.48,random,0.25,dpr,affine_fit,0.3525259137675611,0.3522718749961652,1.0007211440635124
2,2.48,random,0.25,dpr,released,0.40624418949612945,0.4001620201234341,1.0151992669639642
2,2.48,random,0.25,dpr,tail_linear,0.3834645748230506,0.38157986744341493,1.0049392212232349
2,2.48,random,0.25,dpr,block_split,0.4162406798672137,0.4303314672324198,0.9672559679267059
2,2.48,random,0.25,top,affine_fit,10.29732668977758,0.9233556945724488,11.152069294970516
2,2.48,random,0.25,top,released,9.517226711151313,1.1943514906988435,7.968530859858145
2,2.48,random,0.25,top,tail_linear,9.517226711151313,1.0724863338259616,8.873984134790595
2,2.48,random,0.25,top,block_split,9.517226711151313,1.2315404912407713,7.72790401845639
2,2.48,random,0.375,paper,affine_fit,0.7103034865851529,0.5781137500260858,1.228656966822018
2,2.48,random,0.375,paper,released,0.6872063021770558,0.7218460053756546,0.9520123365085715
2,2.48,random,0.375,paper,tail_linear,0.6872063021770558,0.6581902801090054,1.044084549627875
2,2.48,random,0.375,paper,block_split,0.6872063021770558,0.7450599163952843,0.922350386935143
2,2.48,random,0.375,dpr,affine_fit,0.4902857703017453,0.490267037306152,1.0000382097799114
2,2.48,random,0.375,dpr,released,0.6078883987871373,0.5896049108492292,1.031009728042417
2,2.48,random,0.375,dpr,tail_linear,0.5551310424694103,0.546225355292856,1.016304053062091
2,2.48,random,0.375,dpr,block_split,0.6166587769013083,0.604167397228502,1.0206753620438773
2,2.48,random,0.375,top,affine_fit,12.734271681473372,1.0398103303079034,12.246725494352958
2,2.48,random,0.375,top,released,12.243720410756405,1.3375806204960616,9.153631731159232
2,2.48,random,0.375,top,tail_linear,12.243720410756405,1.2041695523282208,10.167771130804287
2,2.48,random,0.375,top,block_split,12.243720410756405,1.3749800117100768,8.904653381490807
2,2.48,random,0.5,paper,affine_fit,0.9135793134571608,0.7283518925138326,1.2543103448307584
2,2.48,random,0.5,paper,released,0.8835199897918906,0.9294939119322942,0.9505387592643507
2,2.48,random,0.5,paper,tail_linear,0.8835199897918906,0.8398844581713683,1.0519542077436788
2,2.48,random,0.5,paper,block_split,0.8835199897918906,0.9514363590535331,0.9286170129873909
2,2.48,random,0.5,dpr,affine_fit,0.6390465126501,0.6390371461523033,1.0000146572039719
2,2.48,random,0.5,dpr,released,0.810722620331079,0.7943161130989949,1.020654884071374
2,2.48,random,0.5,dpr,tail_linear,0.7323468699482728,0.7256708427910089,1.0091998007410456
2,2.48,random,0.5,dpr,block_split,0.8339902399868553,0.8249929928388969,1.0109058467478587
2,2.48,random,0.5,top,affine_fit,13.741101517327015,1.109560661279288,12.384272439403144
2,2.48,random,0.5,top,released,13.78346360473922,1.462199932964639,9.426524577109628
2,2.48,random,0.5,top,tail_linear,13.78346360473922,1.3018175697587488,10.587861098919992
2,2.48,random,0.5,top,block_split,13.78346360473922,1.476064918546778,9.33797926605381
2,2.48,random,0.625,paper,affine_fit,1.1388569119575096,0.8859114702139642,1.2855199986094032
2,2.48,random,0.625,paper,released,1.1065348372718709,1.1285524937154348,0.9804903568365907
2,2.48,random,0.625,paper,tail_linear,1.1049044181505998,1.020597934026164,1.0826049919500176
2,2.48,random,0.625,paper,block_split,1.113345066176802,1.1760605023465318,0.9466732910045045
2,2.48,random,0.625,dpr,affine_fit,0.7768063691842841,0.7740962411790989,1.0035010220448264
2,2.48,random,0.625,dpr,released,1.0102472264119324,0.9766830915870621,1.03436543041851
2,2.48,random,0.625,dpr,tail_linear,0.9049059626191668,0.8872239601564661,1.0199295817705176
2,2.48,random,0.625,dpr,block_split,1.0217868282782059,1.0252177370898272,0.9966534827798041
2,2.48,random,0.625,top,affine_fit,13.449826827108554,1.1545897261193498,11.64900962033872
2,2.48,random,0.625,top,released,14.093661932548706,1.5383007931121166,9.161837525960056
2,2.48,random,0.625,top,tail_linear,14.093661932548706,1.3627532194271694,10.342049999685893
2,2.48,random,0.625,top,block_split,14.093661932548706,1.550155060223597,9.091775586963418
2,2.48,random,0.75,paper,affine_fit,1.3325998866569426,1.013621030534985,1.314692421045765
2,2.48,random,0.75,paper,released,1.314987339057285,1.287068259175465,1.0216919962735356
2,2.48,random,0.75,paper,tail_linear,1.3059679992374873,1.1657061039463794,1.1203235488055399
2,2.48,random,0.75,paper,block_split,1.341646115627995,1.3366719966540943,1.0037212711767374
2,2.48,random,0.75,dpr,affine_fit,0.9255671115326388,0.921642988657254,1.0042577472228176
2,2.48,random,0.75,dpr,released,1.2122966716943189,1.1920252635327635,1.0170058544744913
2,2.48,random,0.75,dpr,tail_linear,1.0823487987521565,1.0704434064362727,1.011121925964792
2,2.48,random,0.75,dpr,block_split,1.2288791358489444,1.2304271734259153,0.9987418698071656
2,2.48,random,0.75,top,affine_fit,11.035381174755212,1.18125900394167,9.34205042072224
2,2.48,random,0.75,top,released,11.941829935786426,1.5745234732696498,7.584408958342212
2,2.48,random,0.75,top,tail_linear,11.941829935786426,1.3945645173523271,8.563124751272733
2,2.48,random,0.75,top,block_split,11.941829935786426,1.5916050310738847,7.503010924594186
2,2.48,random,0.875,paper,affine_fit,1.491872170272269,1.11664679071587,1.3360287090565552
2,2.48,random,0.875,paper,released,1.5200225992156977,1.456882842299313,1.043338939194819
2,2.48,random,0.875,paper,tail_linear,1.4958438305449324,1.3030452820908658,1.1479599758380632
2,2.48,random,0.875,paper,block_split,1.5477601548494189,1.4856482917808678,1.0418079187464326
2,2.48,random,0.875,dpr,affine_fit,1.063326968066823,1.0581607508278483,1.0048822612584456
2,2.48,random,0.875,dpr,released,1.414346116976705,1.362504482989777,1.038048780487805
2,2.48,random,0.875,dpr,tail_linear,1.2538943742337396,1.2260580600748887,1.0227039118825667
2,2.48,random,0.875,dpr,block_split,1.4230502234399587,1.3909774365092904,1.0230577334246025
2,2.48,random,0.875,top,affine_fit,6.794788477249587,1.196193379129022,5.680342823998107
2,2.48,random,0.875,top,released,7.44401214553309,1.6097491989274342,4.624330392891631
2,2.48,random,0.875,top,tail_linear,7.44401214553309,1.4196030143162117,5.243728049646816
2,2.48,random,0.875,top,block_split,7.44401214553309,1.617497501174996,4.602178451667189
2,2.48,local,0.125,paper,affine_fit,0.3022837991995413,0.2832368278499851,1.0672475097752625
2,2.48,local,0.125,paper,released,0.29729470684206827,0.28276700241662167,1.0513769439195095
2,2.48,local,0.125,paper,tail_linear,0.29729470684206827,0.2826744963671879,1.0517210100761585
2,2.48,local,0.125,paper,block_split,0.29729470684206827,0.2921206178428106,1.0177121664244932
2,2.48,local,0.125,dpr,affine_fit,0.1927642856050361,0.1797498226152916,1.0724032035213666
2,2.48,local,0.125,dpr,released,0.2093264003888283,0.17907530935217858,1.168929436146646
2,2.48,local,0.125,dpr,tail_linear,0.20282785041610227,0.17907530935217858,1.1326399555016864
2,2.48,local,0.125,dpr,block_split,0.22992307849307994,0.17907530935217858,1.2839462867597318
2,2.48,local,0.125,top,affine_fit,1.7328882995888883,0.4182771898811874,4.142918479683578
2,2.48,local,0.125,top,released,1.8101977301675585,0.4305201069763399,4.20467639219239
2,2.48,local,0.125,top,tail_linear,1.8101977301675585,0.4268429915113454,4.240898330690862
2,2.48,local,0.125,top,block_split,1.8101977301675585,0.45401768125631475,3.987064391762344
2,2.48,local,0.25,paper,affine_fit,0.5825658267707419,0.5014657629049384,1.1617260237189462
2,2.48,local,0.25,paper,released,0.570625967009617,0.5215751628670012,1.0940435964645874
2,2.48,local,0.25,paper,tail_linear,0.570625967009617,0.5145678296223892,1.108942172751774
2,2.48,local,0.25,paper,block_split,0.570625967009617,0.549206835423371,1.039000118361117
2,2.48,local,0.25,dpr,affine_fit,0.3635267995817315,0.3507476423677896,1.036434050212494
2,2.48,local,0.25,dpr,released,0.41245951780746676,0.3472426837069007,1.1878134145386747
2,2.48,local,0.25,dpr,tail_linear,0.39259384369155337,0.3471501776574669,1.1309049194234482
2,2.48,local,0.25,dpr,block_split,0.44067446212667716,0.35659629913308966,1.2357796847527227
2,2.48,local,0.25,top,affine_fit,2.5857057340441467,0.6357627416175462,4.06709227323614
2,2.48,local,0.25,top,released,2.641535571546932,0.6778436762533374,3.8969686729948694
2,2.48,local,0.25,top,tail_linear,2.641535571546932,0.6620540499406018,3.98990924046749
2,2.48,local,0.25,top,block_split,2.641535571546932,0.7177944248570495,3.6800725668397334
2,2.48,local,0.375,paper,affine_fit,0.8203123447268565,0.6829751239244082,1.201086710176649
2,2.48,local,0.375,paper,released,0.8047487728221596,0.7335004890584437,1.0971346097603474
2,2.48,local,0.375,paper,tail_linear,0.8047487728221596,0.7138256086694875,1.1273744778113879
2,2.48,local,0.375,paper,block_split,0.8047487728221596,0.780262686948152,1.031381849066473
2,2.48,local,0.375,dpr,affine_fit,0.5342893135584269,0.5161273663253011,1.0351888863449237
2,2.48,local,0.375,dpr,released,0.6084199415423779,0.5335314380799853,1.1403638063614268
2,2.48,local,0.375,dpr,tail_linear,0.5795060194662187,0.52717164718141,1.0992738751498135
2,2.48,local,0.375,dpr,block_split,0.6521767328895337,0.5637881703739833,1.1567761921235749
2,2.48,local,0.375,top,affine_fit,3.075493936631783,0.7815967831805063,3.9348856121398743
2,2.48,local,0.375,top,released,3.1972513499132544,0.8775215815765175,3.6435016722542715
2,2.48,local,0.375,top,tail_linear,3.1972513499132544,0.8368593912222628,3.820535902983123
2,2.48,local,0.375,top,block_split,3.1972513499132544,0.9126369272210821,3.50331139859601
2,2.48,local,0.5,paper,affine_fit,1.0015863999705237,0.7989591481082576,1.2536140331355345
2,2.48,local,0.5,paper,released,0.986189743274237,0.889440882310305,1.1087749201640347
2,2.48,local,0.5,paper,tail_linear,0.9852878092922572,0.8518024834469186,1.1567092470841065
2,2.48,local,0.5,paper,block_split,0.9961626232525717,0.9412368214703455,1.0583549225118756
2,2.48,local,0.5,dpr,affine_fit,0.6830500559067815,0.6607193135246714,1.0337976231737265
2,2.48,local,0.5,dpr,released,0.8112449258312019,0.7119603366009188,1.1394524162740485
2,2.48,local,0.5,dpr,tail_linear,0.7578053373989004,0.6922854562119627,1.094642868196955
2,2.48,local,0.5,dpr,block_split,0.8571870379375173,0.7587225344906272,1.1297766956572535
2,2.48,local,0.5,top,affine_fit,3.2682582222368195,0.8951434511261597,3.6510999640617356
2,2.48,local,0.5,top,released,3.340111799862209,1.052730963146836,3.172806649362632
2,2.48,local,0.5,top,tail_linear,3.340111799862209,0.986317401281441,3.386447197953394
2,2.48,local,0.5,top,block_split,3.340111799862209,1.0939359967783218,3.0532972767135833
2,2.48,local,0.625,paper,affine_fit,1.2048622268425315,0.8934213787131682,1.348593458305133
2,2.48,local,0.625,paper,released,1.1890870950281212,1.0377335970358406,1.1458500509423646
2,2.48,local,0.625,paper,tail_linear,1.1872832270641618,0.9766622595252489,1.2156538409104647
2,2.48,local,0.625,paper,block_split,1.2090328549847904,1.0900795674165429,1.109123490728446
2,2.48,local,0.625,dpr,affine_fit,0.8208099124409657,0.7911483683486744,1.0374917591680084
2,2.48,local,0.625,dpr,released,1.011281291745239,0.9031286932874373,1.1197532525116884
2,2.48,local,0.625,dpr,tail_linear,0.9288526200716133,0.8557482510930513,1.0854274243449349
2,2.48,local,0.625,dpr,block_split,1.040259972010562,0.9352184372387924,1.1123176475026542
2,2.48,local,0.625,top,affine_fit,3.2850083348151298,0.9986679223520398,3.28939005778653
2,2.48,local,0.625,top,released,3.368985623628507,1.2246163614782686,2.7510539052097185
2,2.48,local,0.625,top,tail_linear,3.368985623628507,1.1269588814166,2.989448576325743
2,2.48,local,0.625,top,block_split,3.368985623628507,1.2887134781339264,2.6142239378972283
2,2.48,local,0.75,paper,affine_fit,1.376603429913624,0.9937744768800544,1.3852271938352225
2,2.48,local,0.75,paper,released,1.379220007509435,1.220140391698649,1.130378124429861
2,2.48,local,0.75,paper,tail_linear,1.371865776579446,1.1207137334415587,1.2241000851900277
2,2.48,local,0.75,paper,block_split,1.4358869215695076,1.2631820513384373,1.1367220742632278
2,2.48,local,0.75,dpr,affine_fit,0.9365679973468092,0.8718902186364327,1.0741811036847362
2,2.48,local,0.75,dpr,released,1.2122966716943187,1.0110431652602534,1.1990553057962272
2,2.48,local,0.75,dpr,tail_linear,1.0882460594035626,0.9511050268552258,1.1441912603509055
2,2.48,local,0.75,dpr,block_split,1.2411291980962207,1.0532487249719367,1.1783818661914733
2,2.48,local,0.75,top,affine_fit,3.0267363020391804,1.0840772788337776,2.791993118143077
2,2.48,local,0.75,top,released,3.058908807666445,1.368440343836059,2.2353249240603406
2,2.48,local,0.75,top,tail_linear,3.0581687592709743,1.2423430352015796,2.4616137995853644
2,2.48,local,0.75,top,block_split,3.069066159769679,1.4067505676120622,2.181670461295333
2,2.48,local,0.875,paper,affine_fit,1.5688783709714618,1.066696180910433,1.470782776809431
2,2.48,local,0.875,paper,released,1.5832221440354048,1.3302446990442078,1.1901736163075587
2,2.48,local,0.875,paper,tail_linear,1.5725376953257983,1.213900996996907,1.2954414727528272
2,2.48,local,0.875,paper,block_split,1.6423533710374376,1.3672238205684208,1.2012322681407293
2,2.48,local,0.875,dpr,affine_fit,1.0853287396951636,1.0688982313728264,1.0153714430804464
2,2.48,local,0.875,dpr,released,1.4157827438864203,1.3330396821115706,1.0620709667425523
2,2.48,local,0.875,dpr,tail_linear,1.2664895433564098,1.2166959800642698,1.0409252303845944
2,2.48,local,0.875,dpr,block_split,1.4317895478138785,1.3700188036357837,1.0450875155977175
2,2.48,local,0.875,top,affine_fit,2.185417321112201,1.1491882031045726,1.9017053213809703
2,2.48,local,0.875,top,released,2.2634116579703973,1.501081158454835,1.507854285707164
2,2.48,local,0.875,top,tail_linear,2.247616250029572,1.3418609024949573,1.6749994323931192
2,2.48,local,0.875,top,block_split,2.3181939377596503,1.520783535861816,1.5243418166320089
2,2.48,hot-cold,0.125,paper,affine_fit,0.2362784843145191,0.1648997459081096,1.4328614214250233
2,2.48,hot-cold,0.125,paper,released,0.22956562474085151,0.20902812678062677,1.098252317889155
2,2.48,hot-cold,0.125,paper,tail_linear,0.22956562474085151,0.18946887895346293,1.2116270809689917
2,2.48,hot-cold,0.125,paper,block_split,0.22956562474085151,0.21559815529279566,1.0647847354217255
2,2.48,hot-cold,0.125,dpr,affine_fit,0.159761628162525,0.159761628162525,1.0
2,2.48,hot-cold,0.125,dpr,released,0.20204944528238647,0.20204944528238647,1.0
2,2.48,hot-cold,0.125,dpr,tail_linear,0.18334009678439583,0.18334009678439583,1.0
2,2.48,hot-cold,0.125,dpr,block_split,0.21127728705599427,0.21127728705599427,1.0
2,2.48,hot-cold,0.125,top,affine_fit,4.538114182202333,0.2882145718021404,15.745609785884643
2,2.48,hot-cold,0.125,top,released,4.240341470504654,0.3765164827383945,11.26203410715186
2,2.48,hot-cold,0.125,top,tail_linear,4.240341470504654,0.33655965101107277,12.599078522235416
2,2.48,hot-cold,0.125,top,block_split,4.240341470504654,0.3778594562372728,11.22200702009685
2,2.48,hot-cold,0.25,paper,affine_fit,0.4285534253723566,0.3077883536900818,1.3923640067417091
2,2.48,hot-cold,0.25,paper,released,0.424003020257864,0.4031019360650243,1.0518506172331263
2,2.48,hot-cold,0.25,paper,tail_linear,0.423343914655648,0.35990739260751875,1.1762579023135187
2,2.48,hot-cold,0.25,paper,block_split,0.4351029118430129,0.40912504283083323,1.0634961595908006
2,2.48,hot-cold,0.25,dpr,affine_fit,0.3085223705108796,0.3085223705108796,1.0
2,2.48,hot-cold,0.25,dpr,released,0.40409889056477294,0.40409889056477294,1.0
2,2.48,hot-cold,0.25,dpr,tail_linear,0.3607829329173855,0.3607829329173855,1.0
2,2.48,hot-cold,0.25,dpr,block_split,0.409084184669224,0.409084184669224,1.0
2,2.48,hot-cold,0.25,top,affine_fit,6.579027284587992,0.4509216337456532,14.590178852006373
2,2.48,hot-cold,0.25,top,released,6.431410469029681,0.5975080635160047,10.763721632783305
2,2.48,hot-cold,0.25,top,tail_linear,6.431410469029681,0.5306377530315302,12.120152462366415
2,2.48,hot-cold,0.25,top,block_split,6.431410469029681,0.6040794935594405,10.646629355242036
2,2.48,hot-cold,0.375,paper,affine_fit,0.6442981717001306,0.4450494991792708,1.447700026375269
2,2.48,hot-cold,0.375,paper,released,0.634301900339861,0.5895324275180157,1.0759406450470057
2,2.48,hot-cold,0.375,paper,tail_linear,0.633642794737645,0.5236334305525964,1.2100885042212726
2,2.48,hot-cold,0.375,paper,block_split,0.6454017919250099,0.5989294957344055,1.0775922650688965
2,2.48,hot-cold,0.375,dpr,affine_fit,0.4572831128592342,0.4572831128592342,1.0
2,2.48,hot-cold,0.375,dpr,released,0.6061483358471593,0.6061483358471593,1.0
2,2.48,hot-cold,0.375,dpr,tail_linear,0.5382257690503751,0.5382257690503751,1.0
2,2.48,hot-cold,0.375,dpr,block_split,0.6085976309921962,0.6085976309921962,1.0
2,2.48,hot-cold,0.375,top,affine_fit,7.838877494167555,0.5933208969804269,13.211868204982762
2,2.48,hot-cold,0.375,top,released,7.738412810936625,0.7909172364672364,9.784099339523229
2,2.48,hot-cold,0.375,top,tail_linear,7.738412810936625,0.7004925731456748,11.04710186460084
2,2.48,hot-cold,0.375,top,block_split,7.738412810936625,0.7977233829540735,9.700621764752933
2,2.48,hot-cold,0.5,paper,affine_fit,0.8365731127579681,0.5649389132429119,1.4808204801396982
2,2.48,hot-cold,0.5,paper,released,0.8427210568824536,0.7523683291436233,1.1200910833682667
2,2.48,hot-cold,0.5,paper,tail_linear,0.837413522296188,0.6666383478308282,1.2561736435070747
2,2.48,hot-cold,0.5,paper,block_split,0.8775560790129867,0.755096150653,1.1621779269488854
2,2.48,hot-cold,0.5,dpr,affine_fit,0.6060438552075889,0.6060438552075889,1.0
2,2.48,hot-cold,0.5,dpr,released,0.8081977811295459,0.8081977811295459,1.0
2,2.48,hot-cold,0.5,dpr,tail_linear,0.7156686051833647,0.7156686051833647,1.0
2,2.48,hot-cold,0.5,dpr,block_split,0.8103229914529915,0.8103229914529915,1.0
2,2.48,hot-cold,0.5,top,affine_fit,8.152651523728466,0.7486877907159617,10.889254005240524
2,2.48,hot-cold,0.5,top,released,8.098602426716576,1.0019392722473606,8.082927429874392
2,2.48,hot-cold,0.5,top,tail_linear,8.098602426716576,0.885815272067465,9.14254098127558
2,2.48,hot-cold,0.5,top,block_split,8.098602426716576,1.0042730409356726,8.064144009253875
2,2.48,hot-cold,0.625,paper,affine_fit,1.0178471680016354,0.710518916034476,1.432540563004866
2,2.48,hot-cold,0.625,paper,released,1.0470876019110849,0.9500976382604324,1.1020842066592595
2,2.48,hot-cold,0.625,paper,tail_linear,1.0341483182465288,0.8402871759543953,1.2307082005291188
2,2.48,hot-cold,0.625,paper,block_split,1.102816318259027,0.9522275479700872,1.1581436817386324
2,2.48,hot-cold,0.625,dpr,affine_fit,0.7548045975559434,0.7548045975559434,1.0
2,2.48,hot-cold,0.625,dpr,released,1.0102472264119324,1.0102472264119324,1.0
2,2.48,hot-cold,0.625,dpr,tail_linear,0.8931114413163544,0.8931114413163544,1.0
2,2.48,hot-cold,0.625,dpr,block_split,1.0105830068184,1.0105830068184,1.0
2,2.48,hot-cold,0.625,top,affine_fit,7.784370632810812,0.898916566705912,8.659725408484471
2,2.48,hot-cold,0.625,top,released,7.8805758411016535,1.2059826265292442,6.5345682995297745
2,2.48,hot-cold,0.625,top,tail_linear,7.87508907604461,1.065009188820188,7.394386037897565
2,2.48,hot-cold,0.625,top,block_split,7.893580220075377,1.2066223407159056,6.541881377226952
2,2.48,hot-cold,0.75,paper,affine_fit,1.2005892568868983,0.835791120117301,1.4364704625222615
2,2.48,hot-cold,0.75,paper,released,1.2477167901576987,1.1202445395508631,1.1137896647618946
2,2.48,hot-cold,0.75,paper,tail_linear,1.2284292788507467,0.9897127221716497,1.241197825723913
2,2.48,hot-cold,0.75,paper,block_split,1.3208658238519042,1.130646818857597,1.1682391015671048
2,2.48,hot-cold,0.75,dpr,affine_fit,0.903565339904298,0.903565339904298,1.0
2,2.48,hot-cold,0.75,dpr,released,1.2122966716943187,1.2122966716943187,1.0
2,2.48,hot-cold,0.75,dpr,tail_linear,1.070554277449344,1.070554277449344,1.0
2,2.48,hot-cold,0.75,dpr,block_split,1.2241487675518927,1.2241487675518927,1.0
2,2.48,hot-cold,0.75,top,affine_fit,7.163069368167241,1.0444965694974762,6.8579156479312395
2,2.48,hot-cold,0.75,top,released,7.365905671217319,1.4037119356460532,5.247448200849833
2,2.48,hot-cold,0.75,top,tail_linear,7.349335525112486,1.238658016943755,5.933304773860115
2,2.48,hot-cold,0.75,top,block_split,7.385290901034846,1.403223024520699,5.263091306214457
2,2.48,hot-cold,0.875,paper,affine_fit,1.3928641979447356,0.9683941259103072,1.4383236749143014
2,2.48,hot-cold,0.875,paper,released,1.4505656958450117,1.2861859715892787,1.1278040095963857
2,2.48,hot-cold,0.875,paper,tail_linear,1.4266644453225479,1.1405987946647107,1.2508030448532332
2,2.48,hot-cold,0.875,paper,block_split,1.5270023629069565,1.2886940625186913,1.1849223235517226
2,2.48,hot-cold,0.875,dpr,affine_fit,1.0523260822526526,1.0523260822526526,1.0
2,2.48,hot-cold,0.875,dpr,released,1.414346116976705,1.414346116976705,1.0
2,2.48,hot-cold,0.875,dpr,tail_linear,1.2479971135823336,1.2479971135823336,1.0
2,2.48,hot-cold,0.875,dpr,block_split,1.4237962238094493,1.4237962238094493,1.0
2,2.48,hot-cold,0.875,top,affine_fit,5.309668892336587,1.1575351599003376,4.58704761313146
2,2.48,hot-cold,0.875,top,released,5.700921752051688,1.5572429286073404,3.6609071374304363
2,2.48,hot-cold,0.875,top,tail_linear,5.660664275663706,1.373491224663231,4.121369087779687
2,2.48,hot-cold,0.875,top,block_split,5.743439777708288,1.5670620884466335,3.6651003301353122
2,3.3,random,0.125,paper,affine_fit,0.2802820275712006,0.2521915485962681,1.1113854890510324
2,3.3,random,0.125,paper,released,0.2799358671358186,0.28381855381939247,0.9863198278219519
2,3.3,random,0.125,paper,tail_linear,0.2799358671358186,0.27238249345813614,1.0277307604530148
2,3.3,random,0.125,paper,block_split,0.2799358671358186,0.2908706497772433,0.9624067170414105
2,3.3,random,0.125,dpr,affine_fit,0.2037651714192065,0.2030124216028153,1.0037079002873228
2,3.3,random,0.125,dpr,released,0.22543256173118448,0.2123883979922234,1.0614165550579588
2,3.3,random,0.125,dpr,tail_linear,0.21671964820013628,0.2101104365249155,1.0314558942646195
2,3.3,random,0.125,dpr,block_split,0.22864000044807373,0.2169503568267591,1.0538816519700365
2,3.3,random,0.125,top,affine_fit,5.89122313734529,0.7014192094223198,8.399004558482549
2,3.3,random,0.125,top,released,5.29405795770659,0.8645067798164429,6.123789982110557
2,3.3,random,0.125,top,tail_linear,5.29405795770659,0.7927336487119758,6.678230407285363
2,3.3,random,0.125,top,block_split,5.29405795770659,0.8914464794588728,5.938727764027065
2,3.3,random,0.25,paper,affine_fit,0.5055596260715493,0.4239421181651572,1.1925204041052508
2,3.3,random,0.25,paper,released,0.4958563784328719,0.49191797270227644,1.0080062245112948
2,3.3,random,0.25,paper,tail_linear,0.4958563784328719,0.46339141970812137,1.0700594731451856
2,3.3,random,0.25,paper,block_split,0.4958563784328719,0.5131980014865724,0.9662087089126082
2,3.3,random,0.25,dpr,affine_fit,0.3745276853959018,0.3745276853959018,1.0
2,3.3,random,0.25,dpr,released,0.42946445883346096,0.42946445883346096,1.0
2,3.3,random,0.25,dpr,tail_linear,0.40644201578061834,0.40644201578061834,1.0
2,3.3,random,0.25,dpr,block_split,0.44935841824989065,0.44935841824989065,1.0
2,3.3,random,0.25,top,affine_fit,10.231321374892556,0.9147827984986776,11.184426939032944
2,3.3,random,0.25,top,released,9.44824537509576,1.1677660373722138,8.0908718636456
2,3.3,random,0.25,top,tail_linear,9.44824537509576,1.0550358528809218,8.955378482443052
2,3.3,random,0.25,top,block_split,9.44824537509576,1.1954528016709587,7.903486747355781
2,3.3,random,0.375,paper,affine_fit,0.7323052582134936,0.5824991179552792,1.2571783126197207
2,3.3,random,0.375,paper,released,0.7121327399011446,0.6880458333609376,1.0350077064234926
2,3.3,random,0.375,paper,tail_linear,0.7121327399011446,0.6436602745169716,1.1063798219263374
2,3.3,random,0.375,paper,block_split,0.7121327399011446,0.7223546333018339,0.9858492035221457
2,3.3,random,0.375,dpr,affine_fit,0.5122875419300861,0.5088340306063064,1.0067871076147652
2,3.3,random,0.375,dpr,released,0.6078043975894237,0.5911296426253387,1.0282082875932743
2,3.3,random,0.375,dpr,tail_linear,0.5670728276980936,0.5563994026910279,1.0191830274357658
2,3.3,random,0.375,dpr,block_split,0.6351963746105317,0.61028145950298,1.0408252859718903
2,3.3,random,0.375,top,affine_fit,12.756273453101713,1.0339569287371142,12.337335432997541
2,3.3,random,0.375,top,released,12.19968046249172,1.3595136194905313,8.973562520884101
2,3.3,random,0.375,top,tail_linear,12.19968046249172,1.2116369178424762,10.06875928162977
2,3.3,random,0.375,top,block_split,12.19968046249172,1.3791278334716255,8.845938836418037
2,3.3,random,0.5,paper,affine_fit,0.946581970899672,0.7359086335020198,1.2862764857032676
2,3.3,random,0.5,paper,released,0.9230304386008044,0.9000235465517754,1.0255625445991656
2,3.3,random,0.5,paper,tail_linear,0.9228569897581159,0.8286030947607748,1.1137503535689222
2,3.3,random,0.5,paper,block_split,0.9362632987739468,0.926776211065715,1.0102366543238335
2,3.3,random,0.5,dpr,affine_fit,0.6500473984642704,0.6466126201360839,1.0053119568366353
2,3.3,random,0.5,dpr,released,0.8081977811295459,0.7885910093011563,1.0248630425621577
2,3.3,random,0.5,dpr,tail_linear,0.7392576477889896,0.7279359490130168,1.0155531524323307
2,3.3,random,0.5,dpr,block_split,0.8385241604484608,0.8260558336386512,1.0150938063773347
2,3.3,random,0.5,top,affine_fit,13.818107718026209,1.1073586108168945,12.478439760207978
2,3.3,random,0.5,top,released,13.761868795929212,1.459209069465393,9.43104664294001
2,3.3,random,0.5,top,tail_linear,13.761868795929212,1.2991909488291489,10.59264522149852
2,3.3,random,0.5,top,block_split,13.761868795929212,1.4770252860758997,9.317287202639017
2,3.3,random,0.625,paper,affine_fit,1.171859569400021,0.8753905624491957,1.3386705542282233
2,3.3,random,0.625,paper,released,1.141701383844717,1.1245278817638744,1.015271744133107
2,3.3,random,0.625,paper,tail_linear,1.1415279350020284,1.0132662308073443,1.1265824324299138
2,3.3,random,0.625,paper,block_split,1.1549342440178592,1.1348023029227792,1.017740483116071
2,3.3,random,0.625,dpr,affine_fit,0.7878072549984546,0.7865651606348649,1.0015791372740017
2,3.3,random,0.625,dpr,released,1.0102472264119324,0.9786770005865594,1.0322580645161292
2,3.3,random,0.625,dpr,tail_linear,0.910803223270573,0.8948723014276058,1.0178024527271123
2,3.3,random,0.625,dpr,block_split,1.0300681202665583,1.0049633441033272,1.0249807879168276
2,3.3,random,0.625,top,affine_fit,13.152802910125954,1.1496962806473645,11.440241332884845
2,3.3,random,0.625,top,released,13.685394201183511,1.5316544297804593,8.935040394944123
2,3.3,random,0.625,top,tail_linear,13.685394201183511,1.356916284028058,10.085658461226432
2,3.3,random,0.625,top,block_split,13.685394201183511,1.5453439243515348,8.855888961369066
2,3.3,random,0.75,paper,affine_fit,1.3546016582852831,1.0075229566905968,1.3444871397617908
2,3.3,random,0.75,paper,released,1.3325007787350662,1.3086689400033518,1.0182107468155035
2,3.3,random,0.75,paper,tail_linear,1.3286502144273833,1.1728816226906793,1.1328084511882444
2,3.3,random,0.75,paper,block_split,1.371581599592232,1.326980997338829,1.0336105809675094
2,3.3,random,0.75,dpr,affine_fit,0.9365679973468092,0.9365679973468092,1.0
2,3.3,random,0.75,dpr,released,1.2122966716943189,1.2122966716943189,1.0
2,3.3,random,0.75,dpr,tail_linear,1.0882460594035626,1.0882460594035626,1.0
2,3.3,random,0.75,dpr,block_split,1.233162155731681,1.233162155731681,1.0
2,3.3,random,0.75,top,affine_fit,10.95837497405602,1.1763749249674813,9.315376196376292
2,3.3,random,0.75,top,released,11.830133009559912,1.5828314274342217,7.474032170776784
2,3.3,random,0.75,top,tail_linear,11.830133009559912,1.3959634259498102,8.474529339127002
2,3.3,random,0.75,top,block_split,11.830133009559912,1.585339518363634,7.462207856756649
2,3.3,random,0.875,paper,affine_fit,1.5688783709714618,1.1151974900698678,1.4068166265987296
2,3.3,random,0.875,paper,released,1.553246050494525,1.484797568292274,1.0460995381888833
2,3.3,random,0.875,paper,tail_linear,1.5475222386858072,1.3157658894643218,1.1761379825067806
2,3.3,random,0.875,paper,block_split,1.599221356720231,1.4968983283282054,1.068356698952496
2,3.3,random,0.875,dpr,affine_fit,1.0743278538809933,1.0743278538809933,1.0
2,3.3,random,0.875,dpr,released,1.4143461169767053,1.4143461169767053,1.0
2,3.3,random,0.875,dpr,tail_linear,1.2597916348851461,1.2597916348851461,1.0
2,3.3,random,0.875,dpr,block_split,1.4346753085648793,1.4346753085648793,1.0
2,3.3,random,0.875,top,affine_fit,6.904797335391291,1.1925232950250328,5.790073337935381
2,3.3,random,0.875,top,released,7.612026823899797,1.604764426428691,4.743392050906758
2,3.3,random,0.875,top,tail_linear,7.612026823899797,1.4152253127668781,5.378667803091847
2,3.3,random,0.875,top,block_split,7.612026823899797,1.615596218809087,4.711589898069265
2,3.3,local,0.125,paper,affine_fit,0.2692811417570302,0.2375018456825154,1.1338065225690765
2,3.3,local,0.125,paper,released,0.26352052802251086,0.23279184597314198,1.132000680354217
2,3.3,local,0.125,paper,tail_linear,0.26352052802251086,0.23279184597314198,1.132000680354217
2,3.3,local,0.125,paper,block_split,0.26352052802251086,0.23279184597314198,1.132000680354217
2,3.3,local,0.125,dpr,affine_fit,0.1927642856050361,0.1675443084287182,1.1505272092668415
2,3.3,local,0.125,dpr,released,0.20945177109321458,0.16858155572400604,1.242435865499541
2,3.3,local,0.125,dpr,tail_linear,0.20260054180702208,0.16858155572400604,1.2017954214321664
2,3.3,local,0.125,dpr,block_split,0.2195313109613079,0.16858155572400604,1.3022261540919366
2,3.3,local,0.125,top,affine_fit,1.4908688116771402,0.3272778370978532,4.555361355652639
2,3.3,local,0.125,top,released,1.5479372384617631,0.32285757902600193,4.794489394152017
2,3.3,local,0.125,top,tail_linear,1.5479372384617631,0.32260318739005894,4.7982701317521546
2,3.3,local,0.125,top,block_split,1.5479372384617631,0.33478095727302726,4.623731442405066
2,3.3,local,0.25,paper,affine_fit,0.5385622835140604,0.4383309498185307,1.228665883020639
2,3.3,local,0.25,paper,released,0.5223430706882668,0.4483901523357568,1.164929845062997
2,3.3,local,0.25,paper,tail_linear,0.5223430706882668,0.4403652525473727,1.1861586891033717
2,3.3,local,0.25,paper,block_split,0.5223430706882668,0.45302251700812146,1.1530178988407824
2,3.3,local,0.25,dpr,affine_fit,0.3635267995817315,0.3488183636723854,1.0421664609468797
2,3.3,local,0.25,dpr,released,0.407331224737156,0.36356463319753984,1.1203818731065514
2,3.3,local,0.25,dpr,tail_linear,0.3896510060391166,0.35545879061590113,1.096191784605948
2,3.3,local,0.25,dpr,block_split,0.4145479245245987,0.36841287756625174,1.125226477595237
2,3.3,local,0.25,top,affine_fit,2.343686246132399,0.5653345928121438,4.145662190021312
2,3.3,local,0.25,top,released,2.413018413624453,0.6149529407427063,3.9239074305590638
2,3.3,local,0.25,top,tail_linear,2.413018413624453,0.5954283826840802,4.052575395796579
2,3.3,local,0.25,top,block_split,2.413018413624453,0.6551845532168141,3.6829598649373763
2,3.3,local,0.375,paper,affine_fit,0.7653079156560048,0.6081616071898123,1.2583956412380795
2,3.3,local,0.375,paper,released,0.7500313242709755,0.6834653795199296,1.097394757285003
2,3.3,local,0.375,paper,tail_linear,0.7500313242709755,0.6527996241326174,1.1489457048440417
2,3.3,local,0.375,paper,block_split,0.7500313242709755,0.7177847134894894,1.0449251846347078
2,3.3,local,0.375,dpr,affine_fit,0.5122875419300861,0.4828613036135973,1.0609413885442283
2,3.3,local,0.375,dpr,released,0.6069766252142276,0.49859224269568025,1.2173808038660172
2,3.3,local,0.375,dpr,tail_linear,0.5679448539812441,0.48958446613206175,1.1600548899524217
2,3.3,local,0.375,dpr,block_split,0.6231985123362346,0.5138768994545696,1.2127389127584822
2,3.3,local,0.375,top,affine_fit,3.086494822445953,0.7375932399238248,4.184548685349546
2,3.3,local,0.375,top,released,3.21174014569957,0.8573286217236405,3.7462182695387405
2,3.3,local,0.375,top,tail_linear,3.21174014569957,0.8069417329226553,3.9801388559580335
2,3.3,local,0.375,top,block_split,3.21174014569957,0.8898219746775812,3.609418779372486
2,3.3,local,0.5,paper,affine_fit,0.9905855141563532,0.7459120972261998,1.3280191028406871
2,3.3,local,0.5,paper,released,0.9805168662949308,0.8685081186237836,1.1289668401127135
2,3.3,local,0.5,paper,tail_linear,0.9793721039331872,0.8169070879239794,1.1988782058704903
2,3.3,local,0.5,paper,block_split,0.9895817180956886,0.8985827388190393,1.1012694494846902
2,3.3,local,0.5,dpr,affine_fit,0.6610482842784408,0.6326382010475357,1.0449073154037538
2,3.3,local,0.5,dpr,released,0.8082206732880581,0.7301495357235324,1.106924860928881
2,3.3,local,0.5,dpr,tail_linear,0.7446632356989323,0.6898920593355508,1.079390936048942
2,3.3,local,0.5,dpr,block_split,0.8267938537912783,0.7564890954450698,1.0929355872669198
2,3.3,local,0.5,top,affine_fit,3.169250249909286,0.8821945536209918,3.5924618179754244
2,3.3,local,0.5,top,released,3.2828411802380293,1.0652908663741902,3.0816383429733736
2,3.3,local,0.5,top,tail_linear,3.2828411802380293,0.9874123360070909,3.324691276911953
2,3.3,local,0.5,top,block_split,3.2828411802380293,1.0999822975290967,2.9844491021467476
2,3.3,local,0.625,paper,affine_fit,1.1608586835858503,0.8670342391556339,1.3388844767149668
2,3.3,local,0.625,paper,released,1.1755529562973948,1.050645856023609,1.1188860162134204
2,3.3,local,0.625,paper,tail_linear,1.1686843821269335,0.9722816688969819,1.202001867887485
2,3.3,local,0.625,paper,block_split,1.2311613826229442,1.0826630183219896,1.137160281442984
2,3.3,local,0.625,dpr,affine_fit,0.7878072549984546,0.725114953970262,1.086458430742505
2,3.3,local,0.625,dpr,released,1.0102472264119322,0.8465215527829251,1.1934099292460563
2,3.3,local,0.625,dpr,tail_linear,0.910803223270573,0.7960537211886852,1.14414793754188
2,3.3,local,0.625,dpr,block_split,1.0222468324722682,0.8799430110270585,1.1617193609835192
2,3.3,local,0.625,top,affine_fit,3.3840163071426623,1.0062433963358204,3.363019642628583
2,3.3,local,0.625,top,released,3.4607158549407493,1.2372620179284657,2.7970759667665126
2,3.3,local,0.625,top,tail_linear,3.4607158549407493,1.1356383409973219,3.047374969659386
2,3.3,local,0.625,top,block_split,3.4607158549407493,1.2597525319435288,2.7471394319022364
2,3.3,local,0.75,paper,affine_fit,1.365602544099454,0.9572995751181704,1.4265153558966972
2,3.3,local,0.75,paper,released,1.3869627847909836,1.1553677622825198,1.2004513455100474
2,3.3,local,0.75,paper,tail_linear,1.374092880663503,1.069678252366352,1.2845852270285223
2,3.3,local,0.75,paper,block_split,1.4375978633075521,1.1734581173075762,1.2250951628388984
2,3.3,local,0.75,dpr,affine_fit,0.9365679973468092,0.9157146551040914,1.0227727514531777
2,3.3,local,0.75,dpr,released,1.2122966716943187,1.1089290278478872,1.0932139399822893
2,3.3,local,0.75,dpr,tail_linear,1.0882460594035626,1.026032044299003,1.060635547837168
2,3.3,local,0.75,dpr,block_split,1.229693731240408,1.1337163943530946,1.0846572717527636
2,3.3,local,0.75,top,affine_fit,3.279756675765099,1.1034157549459165,2.972367089253547
2,3.3,local,0.75,top,released,3.3350881076096064,1.4178833531382098,2.3521597176721456
2,3.3,local,0.75,top,tail_linear,3.3350881076096064,1.2771064907842005,2.6114408874092505
2,3.3,local,0.75,top,block_split,3.3350881076096064,1.4351560697509342,2.323850470275611
2,3.3,local,0.875,paper,affine_fit,1.4698703986439283,1.0610687186176495,1.3852735198516284
2,3.3,local,0.875,paper,released,1.551396712157853,1.3303387186259379,1.1661666990796438
2,3.3,local,0.875,paper,tail_linear,1.5131685872293257,1.2119194120944659,1.2485719529933383
2,3.3,local,0.875,paper,block_split,1.5810122374099298,1.3672694276752946,1.1563282301265614
2,3.3,local,0.875,dpr,affine_fit,1.063326968066823,1.019709737881577,1.0427741626512852
2,3.3,local,0.875,dpr,released,1.414346116976705,1.2662518507571796,1.1169548270598535
2,3.3,local,0.875,dpr,tail_linear,1.2538943742337398,1.158112278969041,1.0827053619964764
2,3.3,local,0.875,dpr,block_split,1.4214664624796973,1.2992135179406237,1.0940976543508076
2,3.3,local,0.875,top,affine_fit,2.6694562969356976,1.169994712858307,2.2815968889416545
2,3.3,local,0.875,top,released,2.7586833499614163,1.550528091766406,1.779189532012055
2,3.3,local,0.875,top,tail_linear,2.7505601624955087,1.376113717187023,1.9987884199846904
2,3.3,local,0.875,top,block_split,2.8070456777365687,1.5648569577513174,1.7938033657531631
2,3.3,hot-cold,0.125,paper,affine_fit,0.2252775985003487,0.1803047326470667,1.2494269850437763
2,3.3,hot-cold,0.125,paper,released,0.2198308410571797,0.21500985377911846,1.0224221689998165
2,3.3,hot-cold,0.125,paper,tail_linear,0.2198308410571797,0.20061938146406944,1.0957607358417212
2,3.3,hot-cold,0.125,paper,block_split,0.2198308410571797,0.2312958976405514,0.9504312151649611
2,3.3,hot-cold,0.125,dpr,affine_fit,0.1707625139766953,0.1705272082008927,1.001379872328206
2,3.3,hot-cold,0.125,dpr,released,0.20343416165215306,0.21667144461203286,0.9389061951214559
2,3.3,hot-cold,0.125,dpr,tail_linear,0.1894194951629289,0.19618135466244113,0.9655326087887047
2,3.3,hot-cold,0.125,dpr,block_split,0.20789758833802732,0.2198157268802938,0.9457812290712174
2,3.3,hot-cold,0.125,top,affine_fit,4.780133670114082,0.2992248241141074,15.975057164011265
2,3.3,hot-cold,0.125,top,released,4.47075582894128,0.3914708002346238,11.42040690202636
2,3.3,hot-cold,0.125,top,tail_linear,4.47075582894128,0.34969275565907365,12.784811113730816
2,3.3,hot-cold,0.125,top,block_split,4.47075582894128,0.40289456078554,11.096590185343938
2,3.3,hot-cold,0.25,paper,affine_fit,0.4285534253723566,0.3131711437092657,1.36843203462643
2,3.3,hot-cold,0.25,paper,released,0.43108000157396553,0.41041293572984744,1.0503567603378907
2,3.3,hot-cold,0.25,paper,tail_linear,0.4279926121741117,0.3663280215465414,1.168331623573972
2,3.3,hot-cold,0.25,paper,block_split,0.4342457227830376,0.41357827014765125,1.0499722885054088
2,3.3,hot-cold,0.25,dpr,affine_fit,0.3085223705108796,0.3085223705108796,1.0
2,3.3,hot-cold,0.25,dpr,released,0.40409889056477294,0.40409889056477294,1.0
2,3.3,hot-cold,0.25,dpr,tail_linear,0.3607829329173855,0.3607829329173855,1.0
2,3.3,hot-cold,0.25,dpr,block_split,0.409084184669224,0.409084184669224,1.0
2,3.3,hot-cold,0.25,top,affine_fit,6.634031713658844,0.4678040206240027,14.18121995789973
2,3.3,hot-cold,0.25,top,released,6.454883587211354,0.6204380170102229,10.403752526829763
2,3.3,hot-cold,0.25,top,tail_linear,6.454883587211354,0.5507751801584648,11.719634107975244
2,3.3,hot-cold,0.25,top,block_split,6.454883587211354,0.6212542968920941,10.390082804260274
2,3.3,hot-cold,0.375,paper,affine_fit,0.6332972858859602,0.4428474487168774,1.4300574333687577
2,3.3,hot-cold,0.375,paper,released,0.6451807119056854,0.5865415640187699,1.0999744118475447
2,3.3,hot-cold,0.375,paper,tail_linear,0.6355369562522093,0.5210068096229962,1.219824663543434
2,3.3,hot-cold,0.375,paper,block_split,0.6465988931218867,0.5979285151413184,1.0813983222878494
2,3.3,hot-cold,0.375,dpr,affine_fit,0.4572831128592342,0.4572831128592342,1.0
2,3.3,hot-cold,0.375,dpr,released,0.6061483358471593,0.6061483358471593,1.0
2,3.3,hot-cold,0.375,dpr,tail_linear,0.5382257690503751,0.5382257690503751,1.0
2,3.3,hot-cold,0.375,dpr,block_split,0.6085976309921962,0.6085976309921962,1.0
2,3.3,hot-cold,0.375,top,affine_fit,7.970888123937599,0.6297770657467178,12.656682114148806
2,3.3,hot-cold,0.375,top,released,7.909253624113495,0.8404326432880844,9.410931009497155
2,3.3,hot-cold,0.375,top,tail_linear,7.909253624113495,0.7439777418690555,10.63103528372166
2,3.3,hot-cold,0.375,top,block_split,7.909253624113495,0.8457075445717291,9.352232547622338
2,3.3,hot-cold,0.5,paper,affine_fit,0.8145713411296274,0.584268022857254,1.394174093502701
2,3.3,hot-cold,0.5,paper,released,0.8495685029539403,0.7786214643036702,1.0911187809518181
2,3.3,hot-cold,0.5,paper,tail_linear,0.8323623777592493,0.6896942426573186,1.2068570770610547
2,3.3,hot-cold,0.5,paper,block_split,0.8686627776352439,0.7895865560190513,1.1001488956636754
2,3.3,hot-cold,0.5,dpr,affine_fit,0.6060438552075889,0.6060438552075889,1.0
2,3.3,hot-cold,0.5,dpr,released,0.8081977811295459,0.8081977811295459,1.0
2,3.3,hot-cold,0.5,dpr,tail_linear,0.7156686051833647,0.7156686051833647,1.0
2,3.3,hot-cold,0.5,dpr,block_split,0.8103229914529915,0.8103229914529915,1.0
2,3.3,hot-cold,0.5,top,affine_fit,8.28466215349851,0.7826878702484632,10.584886349226998
2,3.3,hot-cold,0.5,top,released,8.230401394963183,1.0331771799061504,7.966108383956756
2,3.3,hot-cold,0.5,top,tail_linear,8.230401394963183,0.9191461290946953,8.95439923472195
2,3.3,hot-cold,0.5,top,block_split,8.230401394963183,1.0378807105745635,7.930007091476717
2,3.3,hot-cold,0.625,paper,affine_fit,1.0288480538158058,0.7119869496760717,1.445037797790949
2,3.3,hot-cold,0.625,paper,released,1.0652672890926218,0.9520915472599295,1.1188706507881583
2,3.3,hot-cold,0.625,paper,tail_linear,1.0475755071384032,0.8420382565741288,1.2440949077545622
2,3.3,hot-cold,0.625,paper,block_split,1.083731061792247,0.9538777980609262,1.1361319699392216
2,3.3,hot-cold,0.625,dpr,affine_fit,0.7548045975559434,0.7494124410389629,1.0071951788116902
2,3.3,hot-cold,0.625,dpr,released,1.0102472264119324,0.9879819092508799,1.022536158762193
2,3.3,hot-cold,0.625,dpr,tail_linear,0.8931114413163544,0.8794549683807371,1.015528336784272
2,3.3,hot-cold,0.625,dpr,block_split,1.0105830068184,1.004772578096903,1.0057828297150608
2,3.3,hot-cold,0.625,top,affine_fit,7.586354688155745,0.9126182140274708,8.312736445042491
2,3.3,hot-cold,0.625,top,released,7.652829406250086,1.224592443857885,6.24928680936578
2,3.3,hot-cold,0.625,top,tail_linear,7.650823181302989,1.0813526079377003,7.0752344102579485
2,3.3,hot-cold,0.625,top,block_split,7.672467163493825,1.2317333451701584,6.229000126999004
2,3.3,hot-cold,0.75,paper,affine_fit,1.222591028515239,0.8426419437780804,1.4509021744557526
2,3.3,hot-cold,0.75,paper,released,1.2805956492519046,1.1295494482151835,1.1337225220864755
2,3.3,hot-cold,0.75,paper,tail_linear,1.255237428450858,0.9978844317304059,1.2578985988128735
2,3.3,hot-cold,0.75,paper,block_split,1.3441973512845824,1.1355778657087703,1.1837121802700887
2,3.3,hot-cold,0.75,dpr,affine_fit,0.903565339904298,0.8988978337103186,1.0051924768521396
2,3.3,hot-cold,0.75,dpr,released,1.2122966716943187,1.1961375250462791,1.0135094387640873
2,3.3,hot-cold,0.75,dpr,tail_linear,1.070554277449344,1.0594945267763438,1.0104387048667924
2,3.3,hot-cold,0.75,dpr,block_split,1.2241487675518927,1.2058550751730492,1.0151707222165303
2,3.3,hot-cold,0.75,top,affine_fit,7.207072911423922,1.0454752585918732,6.893585335659655
2,3.3,hot-cold,0.75,top,released,7.421663450219455,1.4050412083123849,5.282167815656967
2,3.3,hot-cold,0.75,top,tail_linear,7.403457103365261,1.2398254040235774,5.971370710213703
2,3.3,hot-cold,0.75,top,block_split,7.438765380127171,1.414394823738574,5.259327349957904
2,3.3,hot-cold,0.875,paper,affine_fit,1.4478686270155876,0.92410844438884,1.5667735056496934
2,3.3,hot-cold,0.875,paper,released,1.4999868115971102,1.2357695370978108,1.2138078877715421
2,3.3,hot-cold,0.875,paper,tail_linear,1.4748714191758274,1.092529701177626,1.3499600217605794
2,3.3,hot-cold,0.875,paper,block_split,1.5639331568336632,1.2429104384100842,1.2582830657003954
2,3.3,hot-cold,0.875,dpr,affine_fit,1.0523260822526526,1.0523260822526526,1.0
2,3.3,hot-cold,0.875,dpr,released,1.414346116976705,1.414346116976705,1.0
2,3.3,hot-cold,0.875,dpr,tail_linear,1.2479971135823336,1.2479971135823336,1.0
2,3.3,hot-cold,0.875,dpr,block_split,1.4237962238094493,1.4237962238094493,1.0
2,3.3,hot-cold,0.875,top,affine_fit,5.617693695133357,1.1528863867019516,4.8727209896231205
2,3.3,hot-cold,0.875,top,released,5.9937242420382635,1.5509288834422659,3.8646028880030094
2,3.3,hot-cold,0.875,top,tail_linear,5.94091485106773,1.367946136034075,4.342945014115486
2,3.3,hot-cold,0.875,top,block_split,6.014196702228581,1.5652732590330525,3.8422663055930895
2,4.55,random,0.125,paper,affine_fit,0.2912829133853709,0.2582896224406564,1.127737578586979
2,4.55,random,0.125,paper,released,0.28675279751397137,0.2828419734258115,1.0138268872925456
2,4.55,random,0.125,paper,tail_linear,0.28675279751397137,0.2751813162070731,1.0420503886905998
2,4.55,random,0.125,paper,block_split,0.28675279751397137,0.28909148612747204,0.9919102127674924
2,4.55,random,0.125,dpr,affine_fit,0.1927642856050361,0.1866287457694611,1.032875642014731
2,4.55,random,0.125,dpr,released,0.2171969100533456,0.20796481608061906,1.0443925763343913
2,4.55,random,0.125,dpr,tail_linear,0.20644886343475335,0.20030415886188063,1.030676869655561
2,4.55,random,0.125,dpr,block_split,0.2266121439640782,0.21421432878227958,1.0578757511333396
2,4.55,random,0.125,top,affine_fit,6.0452355387436745,0.8232566351769584,7.343075391605263
2,4.55,random,0.125,top,released,5.401904786928967,1.0295114582966804,5.247056497910554
2,4.55,random,0.125,top,tail_linear,5.401904786928967,0.937676077721253,5.760949772822096
2,4.55,random,0.125,top,block_split,5.401904786928967,1.0562248390762972,5.114351212998463
2,4.55,random,0.25,paper,affine_fit,0.5385622835140604,0.4528134464498707,1.1893690166148427
2,4.55,random,0.25,paper,released,0.5242048321492173,0.5275904248609774,0.993582914791048
2,4.55,random,0.25,paper,tail_linear,0.5242048321492173,0.4943287184614285,1.0604377463255152
2,4.55,random,0.25,paper,block_split,0.5242048321492173,0.5361366759618834,0.9777447722798311
2,4.55,random,0.25,dpr,affine_fit,0.3525259137675611,0.3475950023043891,1.0141857950502233
2,4.55,random,0.25,dpr,released,0.4205197481713944,0.39251878805394236,1.071336611060778
2,4.55,random,0.25,dpr,tail_linear,0.39102188165818424,0.37667134546031067,1.0380982954260471
2,4.55,random,0.25,dpr,block_split,0.44119492290559803,0.403317054764722,1.0939158602231
2,4.55,random,0.25,top,affine_fit,10.308327575591749,1.0123976691669887,10.182093350801122
2,4.55,random,0.25,top,released,9.525987805976674,1.2854066683425507,7.410874737611112
2,4.55,random,0.25,top,tail_linear,9.525987805976674,1.1642468700966015,8.182102997782824
2,4.55,random,0.25,top,block_split,9.525987805976674,1.3247924910245488,7.190550875337166
2,4.55,random,0.375,paper,affine_fit,0.7763088014701751,0.6353389625549243,1.2218813062374783
2,4.55,random,0.375,paper,released,0.7524097039773753,0.7671927871883778,0.9807309408301662
2,4.55,random,0.375,paper,tail_linear,0.7524097039773753,0.7097176223495258,1.0601536164291891
2,4.55,random,0.375,paper,block_split,0.7524097039773753,0.7841644300186588,0.9595050160072577
2,4.55,random,0.375,dpr,affine_fit,0.4902857703017453,0.4799627023215927,1.0215080628770103
2,4.55,random,0.375,dpr,released,0.6221609279445488,0.5661225387296261,1.0989863243047562
2,4.55,random,0.375,dpr,tail_linear,0.5619568346473991,0.530634905515576,1.0590272686667495
2,4.55,random,0.375,dpr,block_split,0.6273704756199763,0.5829682557778999,1.076165759287917
2,4.55,random,0.375,top,affine_fit,12.93228762612844,1.1024557988471124,11.730436394504265
2,4.55,random,0.375,top,released,12.42081334560627,1.4376083886375064,8.63991434926037
2,4.55,random,0.375,top,tail_linear,12.42081334560627,1.2861181694334425,9.657598843407877
2,4.55,random,0.375,top,block_split,12.42081334560627,1.4621107140744685,8.495125044938048
2,4.55,random,0.5,paper,affine_fit,0.979584628342183,0.7833656880824811,1.25048191827243
2,4.55,random,0.5,paper,released,0.9613067344089977,0.9693468293987669,0.9917056571023645
2,4.55,random,0.5,paper,tail_linear,0.9582193450091439,0.8871436412206363,1.0801174696926343
2,4.55,random,0.5,paper,block_split,0.9644724556180698,0.9932045817744105,0.9710712911684224
2,4.55,random,0.5,dpr,affine_fit,0.6610482842784408,0.6568701226316598,1.0063607119624223
2,4.55,random,0.5,dpr,released,0.8392599015745662,0.7932134034815909,1.05805057994591
2,4.55,random,0.5,dpr,tail_linear,0.7589010527570225,0.7351600758337775,1.0322936156405382
2,4.55,random,0.5,dpr,block_split,0.8526046874418494,0.8206886745780254,1.0388893058384585
2,4.55,random,0.5,top,affine_fit,13.840109489654548,1.14895289732877,12.045845849583367
2,4.55,random,0.5,top,released,13.884121777099352,1.5157031577844813,9.160185294720844
2,4.55,random,0.5,top,tail_linear,13.884121777099352,1.3488048997215965,10.29364719831989
2,4.55,random,0.5,top,block_split,13.884121777099352,1.5328378418448845,9.057789022476623
2,4.55,random,0.625,paper,affine_fit,1.1938613410283614,0.9145006602338918,1.3054789273995937
2,4.55,random,0.625,paper,released,1.1719872609182747,1.1510438332847623,1.0181951607991726
2,4.55,random,0.625,paper,tail_linear,1.1684835942959686,1.0467837339447548,1.116260748428516
2,4.55,random,0.625,paper,block_split,1.1866529995339785,1.1750368659224508,1.0098857609904932
2,4.55,random,0.625,dpr,affine_fit,0.798808140812625,0.7936419235736504,1.006509506473287
2,4.55,random,0.625,dpr,released,1.0295474997526823,0.9833041923952476,1.047028485910133
2,4.55,random,0.625,dpr,tail_linear,0.9249058129587602,0.8994012055587703,1.028357319561457
2,4.55,random,0.625,dpr,block_split,1.0420446539962076,1.003672083019897,1.0382321792401092
2,4.55,random,0.625,top,affine_fit,13.251810882453489,1.1761208861960852,11.267388444493724
2,4.55,random,0.625,top,released,13.89186709602299,1.5675447917714094,8.862181909535382
2,4.55,random,0.625,top,tail_linear,13.89186709602299,1.3884357351832601,10.00540878054352
2,4.55,random,0.625,top,block_split,13.89186709602299,1.5706101020767402,8.844885868016805
2,4.55,random,0.75,paper,affine_fit,1.431607858984476,1.0351521906117207,1.3829926381534978
2,4.55,random,0.75,paper,released,1.3982414557503255,1.3348398969201358,1.0474975006189697
2,4.55,random,0.75,paper,tail_linear,1.3947377891280195,1.200185778713028,1.162101579493478
2,4.55,random,0.75,paper,block_split,1.4129071943660292,1.3566799239699097,1.041444757457299
2,4.55,random,0.75,dpr,affine_fit,0.9255671115326388,0.9152346770546896,1.011289382643586
2,4.55,random,0.75,dpr,released,1.2122966716943189,1.147130182080233,1.0568082774144354
2,4.55,random,0.75,dpr,tail_linear,1.0823487987521565,1.0426272543604616,1.0380975504194543
2,4.55,random,0.75,dpr,block_split,1.2191544188181744,1.1708906077314643,1.0412197439863478
2,4.55,random,0.75,top,affine_fit,10.826364344285976,1.194226634442431,9.065586072228799
2,4.55,random,0.75,top,released,11.774022071546487,1.592136336098542,7.395109203021014
2,4.55,random,0.75,top,tail_linear,11.774022071546487,1.4100323961599723,8.350178409809166
2,4.55,random,0.75,top,block_split,11.774022071546487,1.6004582214833825,7.3566569333086065
2,4.55,random,0.875,paper,affine_fit,1.6128819142281432,1.1323058162262232,1.4244225288920584
2,4.55,random,0.875,paper,released,1.6041639146595035,1.478151204960617,1.0852502161321473
2,4.55,random,0.875,paper,tail_linear,1.594242640857726,1.3217234753680227,1.2061847054761758
2,4.55,random,0.875,paper,block_split,1.6287385392073672,1.5192991856890508,1.072032786266967
2,4.55,random,0.875,dpr,affine_fit,1.063326968066823,1.0576714062806498,1.0053471822652946
2,4.55,random,0.875,dpr,released,1.414346116976705,1.3618398466566113,1.038555392874573
2,4.55,random,0.875,dpr,tail_linear,1.2538943742337396,1.2254743665349777,1.0231910258385244
2,4.55,random,0.875,dpr,block_split,1.4195518079252152,1.3908299994659346,1.0206508404839625
2,4.55,random,0.875,top,affine_fit,6.805789363063758,1.198150757317816,5.680244594844824
2,4.55,random,0.875,top,released,7.443749215689237,1.6124077442600973,4.61654270899389
2,4.55,random,0.875,top,tail_linear,7.443749215689237,1.4219377884758564,5.23493311452678
2,4.55,random,0.875,top,block_split,7.443749215689237,1.6185821508295626,4.5989319799888655
2,4.55,local,0.125,paper,affine_fit,0.2912829133853709,0.2616963012754529,1.1130570511150484
2,4.55,local,0.125,paper,released,0.28526953405270766,0.25335627076228684,1.1259620028128834
2,4.55,local,0.125,paper,tail_linear,0.28526953405270766,0.25335627076228684,1.1259620028128834
2,4.55,local,0.125,paper,block_split,0.28526953405270766,0.25335627076228684,1.1259620028128834
2,4.55,local,0.125,dpr,affine_fit,0.2147660572333768,0.1954088481256447,1.0990600440737757
2,4.55,local,0.125,dpr,released,0.22489398033472066,0.19380887736634098,1.1603905011514104
2,4.55,local,0.125,dpr,tail_linear,0.2204305634495387,0.19380887736634098,1.137360509203492
2,4.55,local,0.125,dpr,block_split,0.22683203396300958,0.19380887736634098,1.1703903198110355
2,4.55,local,0.125,top,affine_fit,1.5018696974913106,0.3945346128442618,3.8066867863990357
2,4.55,local,0.125,top,released,1.5897691177275415,0.3865896438515061,4.112291011960454
2,4.55,local,0.125,top,tail_linear,1.5897691177275415,0.3865896438515061,4.112291011960454
2,4.55,local,0.125,top,block_split,1.5897691177275415,0.3865896438515061,4.112291011960454
2,4.55,local,0.25,paper,affine_fit,0.5495631693282308,0.4627794441828641,1.1875271821949696
2,4.55,local,0.25,paper,released,0.5439293218460567,0.4590493975908294,1.184903682916679
2,4.55,local,0.25,paper,tail_linear,0.5439293218460567,0.4590493975908294,1.184903682916679
2,4.55,local,0.25,paper,block_split,0.5439293218460567,0.4590493975908294,1.184903682916679
2,4.55,local,0.25,dpr,affine_fit,0.3745276853959018,0.3280024874208543,1.141844040089098
2,4.55,local,0.25,dpr,released,0.4179483181852981,0.3211287153055182,1.3014978052886577
2,4.55,local,0.25,dpr,tail_linear,0.40030857088388605,0.3211287153055182,1.2465673476227035
2,4.55,local,0.25,dpr,block_split,0.4235501930170237,0.3211287153055182,1.318942133885669
2,4.55,local,0.25,top,affine_fit,2.5967066198583173,0.6210543057082001,4.181126506960197
2,4.55,local,0.25,top,released,2.6806946832716068,0.6484401901002843,4.13406621643397
2,4.55,local,0.25,top,tail_linear,2.6806946832716068,0.6400163579737168,4.1884783878941
2,4.55,local,0.25,top,block_split,2.6806946832716068,0.6758010225807568,3.966692256597273
2,4.55,local,0.375,paper,affine_fit,0.8093114589126862,0.6523629902311098,1.2405845687628216
2,4.55,local,0.375,paper,released,0.7920177155870842,0.6804268150795748,1.1640013268649017
2,4.55,local,0.375,paper,tail_linear,0.7920177155870842,0.670991198037325,1.1803697543332408
2,4.55,local,0.375,paper,block_split,0.7920177155870842,0.7068510084838133,1.1204874946503258
2,4.55,local,0.375,dpr,affine_fit,0.5122875419300861,0.4226625578103809,1.2120485537777719
2,4.55,local,0.375,dpr,released,0.619794813461682,0.4149349529000478,1.4937156032043948
2,4.55,local,0.375,dpr,tail_linear,0.5717610472931696,0.4149349529000478,1.3779534437796546
2,4.55,local,0.375,dpr,block_split,0.6362315412640287,0.4149349529000478,1.533328385129532
2,4.55,local,0.375,top,affine_fit,3.27350988128685,0.8131033074880318,4.025945843708222
2,4.55,local,0.375,top,released,3.385324157498298,0.866043014999809,3.9089561359709655
2,4.55,local,0.375,top,tail_linear,3.385324157498298,0.8473857011546249,3.9950215738660058
2,4.55,local,0.375,top,block_split,3.385324157498298,0.9051314192132082,3.7401465529072175
2,4.55,local,0.5,paper,affine_fit,0.9905855141563532,0.7937835643714863,1.2479289804150753
2,4.55,local,0.5,paper,released,0.9908568892241887,0.8536450981700003,1.1607363427123705
2,4.55,local,0.5,paper,tail_linear,0.9839536252851897,0.8323166721474146,1.18218661023159
2,4.55,local,0.5,paper,block_split,1.0151064339859275,0.8853335001843587,1.146580846398047
2,4.55,local,0.5,dpr,affine_fit,0.6610482842784408,0.5415545497840316,1.2206494886656616
2,4.55,local,0.5,dpr,released,0.8125521929890842,0.5472571008091073,1.4847723159512123
2,4.55,local,0.5,dpr,tail_linear,0.7447683852664507,0.5450196107384268,1.3664983251839173
2,4.55,local,0.5,dpr,block_split,0.8266315127972979,0.551736271272469,1.498236668201708
2,4.55,local,0.5,top,affine_fit,3.477275052706056,0.9464871625908192,3.673874501570324
2,4.55,local,0.5,top,released,3.620571666206029,1.0729608658314957,3.3743743891351072
2,4.55,local,0.5,top,tail_linear,3.620571666206029,1.0212962372227057,3.545074909951441
2,4.55,local,0.5,top,block_split,3.620571666206029,1.1287664792075596,3.2075471170510124
2,4.55,local,0.625,paper,affine_fit,1.171859569400021,0.8933651797263882,1.3117363380548674
2,4.55,local,0.625,paper,released,1.1805701658562222,0.9739051197152937,1.2122024435001881
2,4.55,local,0.625,paper,tail_linear,1.1723486907127911,0.9427999605931708,1.243475540638756
2,4.55,local,0.625,paper,block_split,1.227117422591861,1.0033771890554808,1.222987163727527
2,4.55,local,0.625,dpr,affine_fit,0.7878072549984546,0.6450321885209284,1.2213456460287855
2,4.55,local,0.625,dpr,released,1.0102472264119324,0.6803359969160432,1.4849239654984798
2,4.55,local,0.625,dpr,tail_linear,0.910803223270573,0.6684316246795282,1.3625974439902466
2,4.55,local,0.625,dpr,block_split,1.025044537577835,0.6978558694581362,1.4688484863984175
2,4.55,local,0.625,top,affine_fit,3.362014535514322,1.0497669615431,3.2026294012647765
2,4.55,local,0.625,top,released,3.5146054957060824,1.2528421823732345,2.805305843907996
2,4.55,local,0.625,top,tail_linear,3.5146054957060824,1.1644410888830379,3.018276776094687
2,4.55,local,0.625,top,block_split,3.5146054957060824,1.2758580262124914,2.7546995225946342
2,4.55,local,0.75,paper,affine_fit,1.365602544099454,0.9934736056196752,1.374573553212483
2,4.55,local,0.75,paper,released,1.3859503353745277,1.1498270375323023,1.2053554927260892
2,4.55,local,0.75,paper,tail_linear,1.373080431247047,1.0830781412377095,1.267757495020564
2,4.55,local,0.75,paper,block_split,1.4555462533406223,1.1837912251393454,1.2295633067978589
2,4.55,local,0.75,dpr,affine_fit,0.9365679973468092,0.8476020980655286,1.104961867702223
2,4.55,local,0.75,dpr,released,1.2122966716943189,0.9094559868370472,1.3329910289672253
2,4.55,local,0.75,dpr,tail_linear,1.0882460594035626,0.8862658765696059,1.2279002138903783
2,4.55,local,0.75,dpr,block_split,1.2286624585094217,0.9346524377001235,1.314566152026267
2,4.55,local,0.75,top,affine_fit,3.224752246694247,1.1232154761118638,2.87100054733673
2,4.55,local,0.75,top,released,3.3020621525301035,1.4123185381478234,2.338043481933313
2,4.55,local,0.75,top,tail_linear,3.2986163021886936,1.2833882317494332,2.5702404156318543
2,4.55,local,0.75,top,block_split,3.3430372090059133,1.4297368074534873,2.3382186088922317
2,4.55,local,0.875,paper,affine_fit,1.5358757135289505,1.0669033871928455,1.4395640054813483
2,4.55,local,0.875,paper,released,1.565681276833702,1.2906714436334152,1.2130750118915599
2,4.55,local,0.875,paper,tail_linear,1.5501055707602822,1.1918402930695549,1.3005983937395036
2,4.55,local,0.875,paper,block_split,1.6669620940416894,1.3180833853621736,1.2646863715558128
2,4.55,local,0.875,dpr,affine_fit,1.063326968066823,0.9614028047825778,1.10601608688597
2,4.55,local,0.875,dpr,released,1.4143461169767053,1.082782772293807,1.3062140931375388
2,4.55,local,0.875,dpr,tail_linear,1.2538943742337396,1.0330607707231274,1.2137663240818175
2,4.55,local,0.875,dpr,block_split,1.4186235427415124,1.128583722632272,1.256994509395157
2,4.55,local,0.875,top,affine_fit,2.5044430097231416,1.1746247530610996,2.132121771822452
2,4.55,local,0.875,top,released,2.572271431456241,1.5218006019840797,1.6902815178957005
2,4.55,local,0.875,top,tail_linear,2.5641366807341543,1.365170515408349,1.8782537798709864
2,4.55,local,0.875,top,block_split,2.636274469434586,1.5305825736295398,1.722399375803077
2,4.55,hot-cold,0.125,paper,affine_fit,0.2362784843145191,0.1822714773336576,1.2962998257922649
2,4.55,hot-cold,0.125,paper,released,0.23862542252490232,0.23262271660801073,1.0258044700208995
2,4.55,hot-cold,0.125,paper,tail_linear,0.2369950034036312,0.21018999962030874,1.1275274933714428
2,4.55,hot-cold,0.125,paper,block_split,0.2454356514298334,0.23359085364937737,1.0507074553451274
2,4.55,hot-cold,0.125,dpr,affine_fit,0.1707625139766953,0.1707625139766953,1.0
2,4.55,hot-cold,0.125,dpr,released,0.20517778687268695,0.20517778687268695,1.0
2,4.55,hot-cold,0.125,dpr,tail_linear,0.18958473591499822,0.18958473591499822,1.0
2,4.55,hot-cold,0.125,dpr,block_split,0.20777934599131767,0.20777934599131767,1.0
2,4.55,hot-cold,0.125,top,affine_fit,4.692126583600719,0.328096152398821,14.301071650170256
2,4.55,hot-cold,0.125,top,released,4.375061736537796,0.43068434389140275,10.15839511835371
2,4.55,hot-cold,0.125,top,tail_linear,4.375061736537796,0.3841306745138315,11.389514107601583
2,4.55,hot-cold,0.125,top,block_split,4.375061736537796,0.43229208824208826,10.120614870211813
2,4.55,hot-cold,0.25,paper,affine_fit,0.4505551970006974,0.3114584377940708,1.44659814064371
2,4.55,hot-cold,0.25,paper,released,0.44592288544690817,0.4080867085637674,1.092716023553677
2,4.55,hot-cold,0.25,paper,tail_linear,0.44339053234365733,0.3642850941568524,1.2171525529198404
2,4.55,hot-cold,0.25,paper,block_split,0.4627059943301739,0.4131911365665244,1.1198352369682971
2,4.55,hot-cold,0.25,dpr,affine_fit,0.3085223705108796,0.3085223705108796,1.0
2,4.55,hot-cold,0.25,dpr,released,0.40409889056477294,0.40409889056477294,1.0
2,4.55,hot-cold,0.25,dpr,tail_linear,0.3607829329173855,0.3607829329173855,1.0
2,4.55,hot-cold,0.25,dpr,block_split,0.409084184669224,0.409084184669224,1.0
2,4.55,hot-cold,0.25,top,affine_fit,7.030063602968978,0.4956872933165225,14.182456758034972
2,4.55,hot-cold,0.25,top,released,6.825514828488031,0.6469811687258281,10.549789017708623
2,4.55,hot-cold,0.25,top,tail_linear,6.825514828488031,0.5773588032706973,11.821963724848336
2,4.55,hot-cold,0.25,top,block_split,6.825514828488031,0.6478742256610007,10.535246747197306
2,4.55,hot-cold,0.375,paper,affine_fit,0.6222964000717899,0.4668253315296056,1.3330390577408597
2,4.55,hot-cold,0.375,paper,released,0.6314065929866642,0.6191087443438914,1.0198637941316846
2,4.55,hot-cold,0.375,paper,tail_linear,0.6268275435396901,0.5496077930786426,1.1404997371461911
2,4.55,hot-cold,0.375,paper,block_split,0.6664999481814927,0.6204399801849315,1.0742375885945201
2,4.55,hot-cold,0.375,dpr,affine_fit,0.4572831128592342,0.4572831128592342,1.0
2,4.55,hot-cold,0.375,dpr,released,0.6061483358471593,0.6061483358471593,1.0
2,4.55,hot-cold,0.375,dpr,tail_linear,0.5382257690503751,0.5382257690503751,1.0
2,4.55,hot-cold,0.375,dpr,block_split,0.6085976309921962,0.6085976309921962,1.0
2,4.55,hot-cold,0.375,top,affine_fit,7.915883694866747,0.6319791162091112,12.525546322400178
2,4.55,hot-cold,0.375,top,released,7.827327305716709,0.8434235067873304,9.280423467839595
2,4.55,hot-cold,0.375,top,tail_linear,7.827327305716709,0.7466043627986557,10.483902446505772
2,4.55,hot-cold,0.375,top,block_split,7.827327305716709,0.847646417731626,9.234189093446892
2,4.55,hot-cold,0.5,paper,affine_fit,0.8365731127579681,0.5935655692540261,1.4094030315965698
2,4.55,hot-cold,0.5,paper,released,0.8476486328559729,0.7912495546338193,1.0712784960090809
2,4.55,hot-cold,0.5,paper,tail_linear,0.8411963359079637,0.7007844199156305,1.2003639236289498
2,4.55,hot-cold,0.5,paper,block_split,0.8896364734193415,0.7976523263751273,1.1153185968405928
2,4.55,hot-cold,0.5,dpr,affine_fit,0.6060438552075889,0.6060344887097922,1.0000154553873932
2,4.55,hot-cold,0.5,dpr,released,0.8081977811295459,0.7939227635893935,1.0179803605524722
2,4.55,hot-cold,0.5,dpr,tail_linear,0.7156686051833647,0.7087998532260079,1.0096906791474274
2,4.55,hot-cold,0.5,dpr,block_split,0.8103229914529915,0.7989768142860713,1.0142008841358665
2,4.55,hot-cold,0.5,top,affine_fit,8.30666392512685,0.7946768116548274,10.452883239199005
2,4.55,hot-cold,0.5,top,released,8.331128619513343,1.0494607700687113,7.938485036432453
2,4.55,hot-cold,0.5,top,tail_linear,8.331128619513343,0.9334466208225185,8.925125908294854
2,4.55,hot-cold,0.5,top,block_split,8.331128619513343,1.0622315959693207,7.843043504943871
2,4.55,hot-cold,0.625,paper,affine_fit,1.006846282187465,0.7107635883080753,1.4165698676042122
2,4.55,hot-cold,0.625,paper,released,1.03635795037988,0.9504299564270153,1.0904096018562977
2,4.55,hot-cold,0.625,paper,tail_linear,1.0248062574568313,0.8405790227243509,1.2191670619323718
2,4.55,hot-cold,0.625,paper,block_split,1.065230303980546,0.9516336733951628,1.1193701250399244
2,4.55,hot-cold,0.625,dpr,affine_fit,0.7548045975559434,0.7499017855861614,1.0065379387861435
2,4.55,hot-cold,0.625,dpr,released,1.0102472264119324,0.9902356334878581,1.0202089202279951
2,4.55,hot-cold,0.625,dpr,tail_linear,0.8931114413163544,0.8798990430256662,1.01501581163818
2,4.55,hot-cold,0.625,dpr,block_split,1.0105830068184,0.9922327367883981,1.0184939171523377
2,4.55,hot-cold,0.625,top,affine_fit,7.927382148395027,0.9341493741042064,8.48620399280031
2,4.55,hot-cold,0.625,top,released,7.94992769918186,1.253836442517178,6.340482242820872
2,4.55,hot-cold,0.625,top,tail_linear,7.948216337267334,1.1070351236937908,7.179732753868643
2,4.55,hot-cold,0.625,top,block_split,7.957262465060861,1.2553586281473783,6.338636853760233
2,4.55,hot-cold,0.75,paper,affine_fit,1.2005892568868983,0.8313870191925141,1.444079867945223
2,4.55,hot-cold,0.75,paper,released,1.2574753531091774,1.1142628125523715,1.1285267164474042
2,4.55,hot-cold,0.75,paper,tail_linear,1.2371471487460948,0.9844594803124495,1.2566765554976898
2,4.55,hot-cold,0.75,paper,block_split,1.2969096616907865,1.1253787987025143,1.1524205566925871
2,4.55,hot-cold,0.75,dpr,affine_fit,0.903565339904298,0.903565339904298,1.0
2,4.55,hot-cold,0.75,dpr,released,1.2122966716943187,1.2122966716943187,1.0
2,4.55,hot-cold,0.75,dpr,tail_linear,1.070554277449344,1.070554277449344,1.0
2,4.55,hot-cold,0.75,dpr,block_split,1.2241487675518927,1.2241487675518927,1.0
2,4.55,hot-cold,0.75,top,affine_fit,7.064061395839707,1.07433722037879,6.575273817050721
2,4.55,hot-cold,0.75,top,released,7.212465534248099,1.4389623585617302,5.012268383070905
2,4.55,hot-cold,0.75,top,tail_linear,7.186743070877407,1.2718848700280672,5.650466673700438
2,4.55,hot-cold,0.75,top,block_split,7.231915616494823,1.4452742552666193,5.003836185513942
2,4.55,hot-cold,0.875,paper,affine_fit,1.3708624263163949,0.9268092058962284,1.479120424781242
2,4.55,hot-cold,0.875,paper,released,1.4563719365714287,1.2438668975196916,1.1708422657403927
2,4.55,hot-cold,0.875,paper,tail_linear,1.4191151251619567,1.0982797205951236,1.2921254017082118
2,4.55,hot-cold,0.875,paper,block_split,1.4974574741402742,1.2463749884491042,1.2014501959828303
2,4.55,hot-cold,0.875,dpr,affine_fit,1.0523260822526526,1.0523260822526526,1.0
2,4.55,hot-cold,0.875,dpr,released,1.414346116976705,1.414346116976705,1.0
2,4.55,hot-cold,0.875,dpr,tail_linear,1.2479971135823336,1.2479971135823336,1.0
2,4.55,hot-cold,0.875,dpr,block_split,1.4237962238094493,1.4237962238094493,1.0
2,4.55,hot-cold,0.875,top,affine_fit,5.496683951177483,1.170502790401099,4.696002432675894
2,4.55,hot-cold,0.875,top,released,5.907073800565292,1.5748557914362327,3.750866481037083
2,4.55,hot-cold,0.875,top,tail_linear,5.837561286043863,1.3889591034708764,4.202831653902807
2,4.55,hot-cold,0.875,top,block_split,5.9183008801347645,1.5779439152950667,3.7506408325216523
