trial,target_cv,spatial_mode,budget_fraction,method,affine_matched_ratio,method_lookup_over_affine,cover_lookup_over_affine,relative_rescale_correction,lookup_matched_ratio,factorization_error
0,1.07,random,0.125,paper,1.1320098933540654,1.0028405113480583,1.191802896672879,0.8414482916157181,0.9525277908548696,0.0
0,1.07,random,0.125,dpr,1.0,1.1832189663708097,1.1832189663708097,1.0,1.0,0.0
0,1.07,random,0.125,top,13.60895492740679,0.8951028116394609,1.290699128182511,0.6935022981691277,9.437841517836684,1.7763568394002505e-15
0,1.07,random,0.25,paper,1.2198008430614546,0.9933317450996014,1.2731603400116427,0.780209462926341,0.9517001606420754,0.0
0,1.07,random,0.25,dpr,1.0,1.264693203281843,1.264693203281843,1.0,1.0,0.0
0,1.07,random,0.25,top,15.50330067836308,0.921705350163857,1.3358889382827386,0.6899565703034362,10.696604164426324,-1.7763568394002505e-15
0,1.07,random,0.375,paper,1.2456192944039592,0.9888252431218056,1.3288291967676558,0.7441326887812961,0.9269060347426792,1.1102230246251565e-16
0,1.07,random,0.375,dpr,1.0,1.2944032629009505,1.2944032629009505,1.0,1.0,0.0
0,1.07,random,0.375,top,15.403693192453206,0.9622461183933809,1.322410320797688,0.7276456507182633,11.208430356487094,-1.7763568394002505e-15
0,1.07,random,0.5,paper,1.2506413876326026,0.9962146589762207,1.3135434052915813,0.7584177690383062,0.94850865107529,1.1102230246251565e-16
0,1.07,random,0.5,dpr,1.0,1.3335631970935717,1.3335631970935717,1.0,1.0,0.0
0,1.07,random,0.5,top,14.4408532966488,1.0008113884755434,1.3426149590584715,0.7454195126630923,10.764493826827156,-1.7763568394002505e-15
0,1.07,random,0.625,paper,1.245177578576703,1.0193599719427051,1.3216600781185555,0.7712724238397299,0.9603711291397392,-2.220446049250313e-16
0,1.07,random,0.625,dpr,1.0,1.3191956029958063,1.3191956029958063,1.0,1.0,0.0
0,1.07,random,0.625,top,12.418852714215411,1.042927755465469,1.3298595460625215,0.7842390262591213,9.73934895985174,0.0
0,1.07,random,0.75,paper,1.275370180996164,1.0255689593370287,1.3426308883130904,0.763850264629004,0.9741918502538603,-1.1102230246251565e-16
0,1.07,random,0.75,dpr,1.0,1.3416812466741148,1.3416812466741148,1.0,1.0,0.0
0,1.07,random,0.75,top,9.64799594293666,1.0819110282791484,1.3448750811461392,0.8044695328558801,7.761518789209682,8.881784197001252e-16
0,1.07,random,0.875,paper,1.270610102386341,1.0488091647369444,1.3444788570795767,0.7800860230819292,0.9911851816582836,0.0
0,1.07,random,0.875,dpr,1.0004515965646137,1.330114028376475,1.344159424223756,0.9895507961375994,0.989997673877646,1.1102230246251565e-16
0,1.07,random,0.875,top,5.790492135788555,1.1020720254014564,1.3454843421079292,0.8190894467600224,4.742930999971308,0.0
0,1.07,local,0.125,paper,1.1810327094449715,0.9612631391830867,1.0423930394980652,0.9221695682522552,1.0891124237606609,4.440892098500626e-16
0,1.07,local,0.125,dpr,1.0,1.0565767369649328,1.0565767369649328,1.0,1.0,0.0
0,1.07,local,0.125,top,5.588144511080276,1.0199358243674885,1.0613277921368118,0.9609998267491071,5.370205906997119,0.0
0,1.07,local,0.25,paper,1.150529985702194,0.9730978738088109,1.103678509916501,0.881685984700772,1.0144061633716042,2.220446049250313e-16
0,1.07,local,0.25,dpr,1.0020491105306073,1.1115419494386307,1.0895805276927026,1.0201558500613384,1.0222462621565598,0.0
0,1.07,local,0.25,top,4.990002910535864,1.0303698722329535,1.1215790327396844,0.9186779015617527,4.584205402638126,0.0
0,1.07,local,0.375,paper,1.2169173224923109,0.9749301115712057,1.1561692473517962,0.8432416913045228,1.0261554211961872,-4.440892098500626e-16
0,1.07,local,0.375,dpr,1.0133022959480575,1.1583446216460163,1.1227178317902977,1.0317326302717644,1.0454570430589074,2.220446049250313e-16
0,1.07,local,0.375,top,4.565586326378604,1.0119192353894468,1.1869898153025429,0.852508776692011,3.892202413982796,4.440892098500626e-16
0,1.07,local,0.5,paper,1.2675921788847628,0.9856959806020107,1.1913087768085846,0.8274059587159316,1.048813322030964,0.0
0,1.07,local,0.5,dpr,1.0033014217993068,1.2169579220827316,1.1918591148735003,1.0210585352715076,1.0244294801782212,0.0
0,1.07,local,0.5,top,3.992131166266356,1.0440764476771711,1.2197735172604367,0.8559592685879307,3.4171016731844337,8.881784197001252e-16
0,1.07,local,0.625,paper,1.2929299685743143,0.9967494381844735,1.2456547354976022,0.8001811495432574,1.0345781885327223,-2.220446049250313e-16
0,1.07,local,0.625,dpr,1.0099463514148277,1.2727988180940046,1.2004774123489335,1.06024387048113,1.0707894286023525,2.220446049250313e-16
0,1.07,local,0.625,top,3.4805507718823403,1.0343276360397078,1.2866860730501,0.8038694579073399,2.7979084622120305,0.0
0,1.07,local,0.75,paper,1.2917150632242331,1.028494542359635,1.2896929509172117,0.7974724073882733,1.0301071211291244,-4.440892098500626e-16
0,1.07,local,0.75,dpr,1.0,1.2852958735868787,1.2852958735868787,1.0,1.0,0.0
0,1.07,local,0.75,top,2.831466244616603,1.0360528566018474,1.286504808027435,0.8053237346158082,2.280246970553241,8.881784197001252e-16
0,1.07,local,0.875,paper,1.3065744443204863,1.0562828189073215,1.3030255496098773,0.8106386089079911,1.0591596899786904,-2.220446049250313e-16
0,1.07,local,0.875,dpr,1.007581331509789,1.3164939472316584,1.3021643322429939,1.0110044597550767,1.018669219722355,0.0
0,1.07,local,0.875,top,2.10630316787642,1.0465288989470714,1.305400374273224,0.8016918943582514,1.6886061767476326,-4.440892098500626e-16
0,1.07,hot-cold,0.125,paper,1.2646225311792718,1.0457329965339808,1.2652626386424515,0.8264948040005256,1.0452039510416609,0.0
0,1.07,hot-cold,0.125,dpr,1.0,1.2646932032818425,1.2646932032818425,1.0,1.0,0.0
0,1.07,hot-cold,0.125,top,19.376976956177977,0.9449282240993389,1.2933181730848955,0.7306231705114317,14.157268338649704,0.0
0,1.07,hot-cold,0.25,paper,1.29543674307982,1.0432001168635527,1.3092834840438314,0.7967717683580198,1.0321674245796622,2.220446049250313e-16
0,1.07,hot-cold,0.25,dpr,1.0,1.309787973869217,1.309787973869217,1.0,1.0,0.0
0,1.07,hot-cold,0.25,top,17.453761924884624,0.9810258881517429,1.319736562476692,0.743349783619463,12.974250150208608,0.0
0,1.07,hot-cold,0.375,paper,1.3047412157695948,1.045036829481286,1.3251356808336812,0.7886262852901396,1.0289532182573162,2.220446049250313e-16
0,1.07,hot-cold,0.375,dpr,1.0,1.3255427957029116,1.3255427957029116,1.0,1.0,0.0
0,1.07,hot-cold,0.375,top,14.389782573181446,1.0040354071317905,1.3306344722481571,0.7545538824313147,10.857866307936536,1.7763568394002505e-15
0,1.07,hot-cold,0.5,paper,1.3113298067688255,1.050817194725743,1.3331482370047403,0.7882223188373062,1.0336194210518004,0.0
0,1.07,hot-cold,0.5,dpr,1.0,1.3335631970935717,1.3335631970935717,1.0,1.0,0.0
0,1.07,hot-cold,0.5,top,11.719667299864474,0.9941412351871975,1.3365926457743103,0.7437877488928387,8.716944958739209,-1.7763568394002505e-15
0,1.07,hot-cold,0.625,paper,1.3227805651045592,1.0587011688672523,1.3379222074421948,0.7913024860326147,1.0467195496428647,2.220446049250313e-16
0,1.07,hot-cold,0.625,dpr,1.0,1.338422195205371,1.338422195205371,1.0,1.0,0.0
0,1.07,hot-cold,0.625,top,9.673141774006822,1.0053385585774222,1.3402350375990233,0.7501210835216228,7.25602758857627,0.0
0,1.07,hot-cold,0.75,paper,1.330918268420448,1.0747985941511708,1.3408586549071617,0.8015748641497099,1.0668306302034876,-2.220446049250313e-16
0,1.07,hot-cold,0.75,dpr,1.0,1.3416812466741148,1.3416812466741148,1.0,1.0,0.0
0,1.07,hot-cold,0.75,top,7.38994208246588,1.0293139402966556,1.342896794122567,0.7664877485757923,5.664300068894774,0.0
0,1.07,hot-cold,0.875,paper,1.3165950654409382,1.0826980770546344,1.3433914953486539,0.8059438226335048,1.0611016599018792,0.0
0,1.07,hot-cold,0.875,dpr,1.0,1.3440188747855584,1.3440188747855584,1.0,1.0,0.0
0,1.07,hot-cold,0.875,top,4.88875546006075,1.0631111360996897,1.3447396238558782,0.7905702466410167,3.864904609827844,-4.440892098500626e-16
0,1.25,random,0.125,paper,1.1883525121018377,0.9840817957549948,1.2753532439556803,0.7716150803072662,0.9169507190588012,2.220446049250313e-16
0,1.25,random,0.125,dpr,1.0,1.2646932032818425,1.2646932032818425,1.0,1.0,0.0
0,1.25,random,0.125,top,11.711236568387188,0.8937905189383174,1.2712216092964626,0.7030957563984234,8.234120733411066,0.0
0,1.25,random,0.25,paper,1.1956533527760531,0.9903113713493958,1.2748441535899677,0.7768097524396798,0.928795184973639,1.1102230246251565e-16
0,1.25,random,0.25,dpr,1.0,1.264693203281843,1.264693203281843,1.0,1.0,0.0
0,1.25,random,0.25,top,14.080245518934912,0.9203538368405845,1.3180006313188406,0.698295444608129,9.83217130483627,0.0
0,1.25,random,0.375,paper,1.2231543897324175,0.9892529913762663,1.2731208315542057,0.7770299305908002,0.9504275705556132,3.3306690738754696e-16
0,1.25,random,0.375,dpr,1.0,1.2944032629009505,1.2944032629009505,1.0,1.0,0.0
0,1.25,random,0.375,top,14.768828624254631,0.9555187523961947,1.3247733311705505,0.7212696164044246,10.652307356558827,3.552713678800501e-15
0,1.25,random,0.5,paper,1.2416710102462176,0.9855943861288562,1.2925505149021066,0.7625190464633421,0.9467977947541206,1.1102230246251565e-16
0,1.25,random,0.5,dpr,1.0,1.2868456471884313,1.2868456471884313,1.0,1.0,0.0
0,1.25,random,0.5,top,13.81789806340537,1.0024527888203565,1.3284059741723164,0.754628335245895,10.427377412185068,-1.7763568394002505e-15
0,1.25,random,0.625,paper,1.2900707026033251,0.9860430555522008,1.3222839024488902,0.7457120620813986,0.9620212838691244,1.1102230246251565e-16
0,1.25,random,0.625,dpr,1.0,1.3191956029958063,1.3191956029958063,1.0,1.0,0.0
0,1.25,random,0.625,top,11.977238508510014,1.0413811048095,1.3305657788609562,0.7826603700126608,9.374109922800336,0.0
0,1.25,random,0.75,paper,1.3202936088666564,0.9915871645439804,1.3273356024268979,0.7470508308004128,0.9863264374043106,-3.3306690738754696e-16
0,1.25,random,0.75,dpr,1.0,1.3255427957029118,1.3255427957029118,1.0,1.0,0.0
0,1.25,random,0.75,top,9.519743481940663,1.0690583606368742,1.34513238317796,0.7947607046015475,7.565918037333151,0.0
0,1.25,random,0.875,paper,1.287665010890142,1.0430055175722937,1.3308077977350712,0.7837386580897752,1.0091928477041956,0.0
0,1.25,random,0.875,dpr,1.0,1.330114028376475,1.330114028376475,1.0,1.0,0.0
0,1.25,random,0.875,top,5.732485564836978,1.0891964166949641,1.34555037234289,0.8094802239164343,4.640333698621965,8.881784197001252e-16
0,1.25,local,0.125,paper,1.148993559052645,0.9536298784505324,1.0004810173266363,0.9531713864983727,1.09518778375991,4.440892098500626e-16
0,1.25,local,0.125,dpr,1.0436585958892446,1.1160533230579068,1.0044170906005687,1.1111452936255672,1.1596563369742017,-2.220446049250313e-16
0,1.25,local,0.125,top,4.578886128644834,1.0204048750884627,1.0339748633416395,0.9868759012097056,4.518792374742991,0.0
0,1.25,local,0.25,paper,1.1713033860478606,0.9714937684891254,1.1149375087079252,0.8713436949618518,1.020607820320271,0.0
0,1.25,local,0.25,dpr,1.0126782810236257,1.175898339247833,1.1230280190969129,1.0470783624734814,1.0603535162066782,2.220446049250313e-16
0,1.25,local,0.25,top,5.134866595103052,1.0277069908653627,1.1480823043463924,0.8951509721687072,4.596480824563115,-8.881784197001252e-16
0,1.25,local,0.375,paper,1.1691114781107144,0.9822563240204403,1.1743404271146183,0.8364323507399527,0.9778826619132056,0.0
0,1.25,local,0.375,dpr,1.0144154753652546,1.213925789572978,1.149493274351661,1.0560529727828623,1.0712764783964177,2.220446049250313e-16
0,1.25,local,0.375,top,4.433883184950518,1.0309555044045762,1.1930121951166408,0.8641617484084307,3.831592245345581,0.0
0,1.25,local,0.5,paper,1.2270066071135703,0.9760093887803201,1.2320542855332977,0.7921805071745293,0.9720107163297268,3.3306690738754696e-16
0,1.25,local,0.5,dpr,1.0090203810344482,1.2246070775678743,1.1603617029056064,1.0553666796322165,1.0648864892135597,0.0
0,1.25,local,0.5,top,3.9157012452104194,1.0416544378926746,1.2310809502843398,0.8461299296785367,3.313192019252051,0.0
0,1.25,local,0.625,paper,1.2527916890724846,1.0035346174813227,1.2422206704393257,0.8078553524040226,1.012074471464483,2.220446049250313e-16
0,1.25,local,0.625,dpr,1.0196954385211536,1.2836121622476058,1.1982919799080374,1.07120149660529,1.0922992798254474,0.0
0,1.25,local,0.625,top,3.5233367301048726,1.0342711202922097,1.2693405487732619,0.8148098012718241,2.8708493008704705,8.881784197001252e-16
0,1.25,local,0.75,paper,1.3227063390784306,1.011088661360466,1.2422365170435592,0.8139260499013425,1.0765851457455724,-4.440892098500626e-16
0,1.25,local,0.75,dpr,1.0052725248616898,1.2944032629009508,1.2643521528903836,1.0237679905411388,1.029165832723869,0.0
0,1.25,local,0.75,top,2.9844581126282783,1.029568055102211,1.3044303484795643,0.7892855730490087,2.355589731666575,1.3322676295501878e-15
0,1.25,local,0.875,paper,1.3338353765536095,1.0435554405037266,1.2888665600295535,0.8096691099502171,1.079965302154274,4.440892098500626e-16
0,1.25,local,0.875,dpr,1.0013858218657608,1.3164939472316584,1.2885818686682975,1.0216610828089696,1.0230769230769232,2.220446049250313e-16
0,1.25,local,0.875,top,2.137332977247219,1.0269351535175024,1.318927807193212,0.7786136192722374,1.664156565004364,2.220446049250313e-16
0,1.25,hot-cold,0.125,paper,1.236392741513842,1.0246554182768741,1.2673376424041736,0.8085102059566978,0.9996361500847224,-2.220446049250313e-16
0,1.25,hot-cold,0.125,dpr,1.0,1.2646932032818425,1.2646932032818425,1.0,1.0,0.0
0,1.25,hot-cold,0.125,top,19.42827539526156,0.936343309628583,1.2972083920958695,0.7218141012144972,14.023603142578455,1.7763568394002505e-15
0,1.25,hot-cold,0.25,paper,1.3598653053252343,1.0130013905910438,1.3095564311682586,0.7735454284221587,1.0519175902042384,4.440892098500626e-16
0,1.25,hot-cold,0.25,dpr,1.0,1.309787973869217,1.309787973869217,1.0,1.0,0.0
0,1.25,hot-cold,0.25,top,16.289722628347224,0.9871636734541439,1.3214066602853634,0.7470551671360289,12.169321460719493,5.329070518200751e-15
0,1.25,hot-cold,0.375,paper,1.24993355784192,1.080767983723812,1.3252961889849517,0.8154916559079336,1.019310386859402,-2.220446049250313e-16
0,1.25,hot-cold,0.375,dpr,1.0,1.3255427957029116,1.3255427957029116,1.0,1.0,0.0
0,1.25,hot-cold,0.375,top,13.956919002048371,0.9949442100443258,1.3313504540895043,0.7473195408377706,10.430278300120746,0.0
0,1.25,hot-cold,0.5,paper,1.294466520979444,1.0611374386704941,1.333117324959168,0.7959820330914954,1.0303720931380929,2.220446049250313e-16
0,1.25,hot-cold,0.5,dpr,1.0,1.3335631970935717,1.3335631970935717,1.0,1.0,0.0
0,1.25,hot-cold,0.5,top,11.647335848097956,0.9989922182101072,1.3370425449306713,0.7471656171284417,8.702488876846331,0.0
0,1.25,hot-cold,0.625,paper,1.3065353188291566,1.06865261478699,1.3379424221453993,0.7987284034789768,1.0435668692973084,2.220446049250313e-16
0,1.25,hot-cold,0.625,dpr,1.0,1.338422195205371,1.338422195205371,1.0,1.0,0.0
0,1.25,hot-cold,0.625,top,9.287276250253246,1.0035153929843088,1.3406640579376483,0.7485211429685246,6.951722633903993,0.0
0,1.25,hot-cold,0.75,paper,1.3330886265022903,1.0687407813071674,1.3409957257566059,0.7969755315246595,1.0624390166761415,4.440892098500626e-16
0,1.25,hot-cold,0.75,dpr,1.0,1.3416812466741148,1.3416812466741148,1.0,1.0,0.0
0,1.25,hot-cold,0.75,top,7.394694821155905,1.0145034577612477,1.3430490133283852,0.7553733688743601,5.585755538854319,-8.881784197001252e-16
0,1.25,hot-cold,0.875,paper,1.3230191072152182,1.0852248045321937,1.3433191549991792,0.8078681826976977,1.0688250418202887,0.0
0,1.25,hot-cold,0.875,dpr,1.0,1.3440188747855584,1.3440188747855584,1.0,1.0,0.0
0,1.25,hot-cold,0.875,top,4.997898030353883,1.0567017906639593,1.3448194628253767,0.7857573599090385,3.92713516142545,-4.440892098500626e-16
0,1.44,random,0.125,paper,1.2102586557604422,0.9904898943784933,1.2051507128465295,0.8218805198554678,0.994688013155972,0.0
0,1.44,random,0.125,dpr,1.0,1.2646932032818425,1.2646932032818425,1.0,1.0,0.0
0,1.44,random,0.125,top,11.67802461176337,0.8947795550655229,1.2996371416714225,0.6884841363603805,8.040134689225173,1.7763568394002505e-15
0,1.44,random,0.25,paper,1.2147251192929611,0.9913524030724198,1.2735142721387582,0.7784383926907457,0.9455886694234868,-1.1102230246251565e-16
0,1.44,random,0.25,dpr,1.0,1.264693203281843,1.264693203281843,1.0,1.0,0.0
0,1.44,random,0.25,top,13.92841404011947,0.9216296783745287,1.3176668173869945,0.6994406068464035,9.74209836862913,0.0
0,1.44,random,0.375,paper,1.2302487649765854,0.9889615575417684,1.300166166163303,0.76064243423602,0.9357794153076472,0.0
0,1.44,random,0.375,dpr,1.0,1.2944032629009505,1.2944032629009505,1.0,1.0,0.0
0,1.44,random,0.375,top,14.81737809587918,0.9554021395789798,1.3246353951612198,0.7212566892512328,10.687133068817554,1.7763568394002505e-15
0,1.44,random,0.5,paper,1.256060800183517,0.9870387798420907,1.3139321682771812,0.7512098445205806,0.943565238414256,2.220446049250313e-16
0,1.44,random,0.5,dpr,1.0,1.309787973869217,1.309787973869217,1.0,1.0,0.0
0,1.44,random,0.5,top,14.037204988949712,0.9987766937068895,1.343253442445211,0.7435504441282144,10.437370003852342,-3.552713678800501e-15
0,1.44,random,0.625,paper,1.2570288413005095,1.0066554272867754,1.3401552564210302,0.7511483631942113,0.944215156630794,3.3306690738754696e-16
0,1.44,random,0.625,dpr,1.0,1.3191956029958067,1.3191956029958067,1.0,1.0,0.0
0,1.44,random,0.625,top,12.022476584844169,1.0462885834197109,1.3444447735199268,0.7782309872650215,9.35626382199388,-1.7763568394002505e-15
0,1.44,random,0.75,paper,1.305810859500859,1.0088052721072887,1.3271391487963091,0.7601352676712585,0.9925928872147216,0.0
0,1.44,random,0.75,dpr,1.0,1.3255427957029118,1.3255427957029118,1.0,1.0,0.0
0,1.44,random,0.75,top,9.570042800103296,1.0739590287833634,1.3320414313277977,0.8062504690359562,7.715851496277459,8.881784197001252e-16
0,1.44,random,0.875,paper,1.2847927122268226,1.0439916338614519,1.3171946520667317,0.7925872096606122,1.0183102707761476,2.220446049250313e-16
0,1.44,random,0.875,dpr,1.0,1.3440188747855584,1.3440188747855584,1.0,1.0,0.0
0,1.44,random,0.875,top,5.760464454206154,1.0961373979247127,1.34555037234289,0.8146386939168273,4.692697239328813,1.7763568394002505e-15
0,1.44,local,0.125,paper,1.1068278632231836,0.9705273900073889,1.009246362112554,0.9616357575724933,1.0643652507529704,2.220446049250313e-16
0,1.44,local,0.125,dpr,1.006086569855994,1.0393616920903657,1.0258760940971083,1.0131454452159023,1.019312025742491,0.0
0,1.44,local,0.125,top,5.120903834669008,1.027237277854626,1.0405656301400228,0.9871912430130877,5.055311421897385,0.0
0,1.44,local,0.25,paper,1.176949432315728,0.9657090080077606,1.0591486878391752,0.9117785057903005,1.073117194787577,2.220446049250313e-16
0,1.44,local,0.25,dpr,1.015306258079609,1.0946706954677952,1.046238035598245,1.0462921995010974,1.0623070179333427,-2.220446049250313e-16
0,1.44,local,0.25,top,4.768708115843793,1.0329410770812602,1.1479886213537225,0.899783375782247,4.290804286594128,8.881784197001252e-16
0,1.44,local,0.375,paper,1.241805676596926,0.9639170790143213,1.1302666723700179,0.8528227033299286,1.0590400741258414,0.0
0,1.44,local,0.375,dpr,1.0067685752543596,1.1881715428321322,1.1475091291040895,1.03543537275367,1.0424437949951793,2.220446049250313e-16
0,1.44,local,0.375,top,4.341316452439205,1.0455972751776523,1.162833226019485,0.8991807696765381,3.9036282691137023,-4.440892098500626e-16
0,1.44,local,0.5,paper,1.2846171562007616,0.9723110814648478,1.1758519308931605,0.8268992514442648,1.06224896485487,2.220446049250313e-16
0,1.44,local,0.5,dpr,1.024422845936208,1.2649394797214502,1.1292456871414676,1.1201632152551966,1.1475207888847818,2.220446049250313e-16
0,1.44,local,0.5,top,4.072316954835603,1.0250171144905407,1.2343025284434366,0.8304423679526743,3.3818245350275027,4.440892098500626e-16
0,1.44,local,0.625,paper,1.3250210445716677,0.9839527900819872,1.253299565982913,0.7850898674095624,1.04026059619765,-4.440892098500626e-16
0,1.44,local,0.625,dpr,1.026601408399522,1.3005135726072663,1.1786095870131985,1.1034303359970061,1.1327831370052843,0.0
0,1.44,local,0.625,top,3.175062104705752,1.0226100974249712,1.263966275561504,0.809048561814426,2.5687794294836728,-4.440892098500626e-16
0,1.44,local,0.75,paper,1.3731173038224622,0.9906914709707442,1.2627202226209004,0.784569260255028,1.0773056273033677,-2.220446049250313e-16
0,1.44,local,0.75,dpr,1.0050085886189473,1.2943780612235758,1.2720314138304865,1.0175676851610107,1.0226642630879166,0.0
0,1.44,local,0.75,top,2.7931069919052867,1.033660877371105,1.2817353576081505,0.80645421165569,2.252512897226973,-4.440892098500626e-16
0,1.44,local,0.875,paper,1.3833381672836689,1.0092134014702938,1.2836993196578894,0.7861758482034974,1.0875470570165098,-2.220446049250313e-16
0,1.44,local,0.875,dpr,1.0066750065616243,1.3164939472316584,1.2829583789472838,1.0261392488132715,1.0329887350322402,-2.220446049250313e-16
0,1.44,local,0.875,top,2.0887131706603195,1.0519754987726815,1.306320524295159,0.8052966168776132,1.682033649960468,0.0
0,1.44,hot-cold,0.125,paper,1.2272608164116228,1.0337594367610037,1.2680088758481156,0.8152619878702089,1.0005390928229552,2.220446049250313e-16
0,1.44,hot-cold,0.125,dpr,1.0,1.2646932032818425,1.2646932032818425,1.0,1.0,0.0
0,1.44,hot-cold,0.125,top,18.88561898576496,0.9350762142605893,1.2986369516604797,0.7200443611780569,13.59848345805731,-5.329070518200751e-15
0,1.44,hot-cold,0.25,paper,1.253382557627175,1.061600173702551,1.3095176252943361,0.810680324721814,1.016092578817856,0.0
0,1.44,hot-cold,0.25,dpr,1.0,1.309787973869217,1.309787973869217,1.0,1.0,0.0
0,1.44,hot-cold,0.25,top,16.842532933924424,0.9723162495628429,1.3225878983467099,0.735161913078351,12.381988732789017,5.329070518200751e-15
0,1.44,hot-cold,0.375,paper,1.2659823687000842,1.0572060067064515,1.3255077926115402,0.7975856593219453,1.0097293822296145,-2.220446049250313e-16
0,1.44,hot-cold,0.375,dpr,1.0,1.3255427957029116,1.3255427957029116,1.0,1.0,0.0
0,1.44,hot-cold,0.375,top,14.341784878867038,0.9885297646186025,1.331985210299816,0.7421477032737434,10.643722708697275,1.7763568394002505e-15
0,1.44,hot-cold,0.5,paper,1.2849648028192298,1.0758543242692695,1.3329407066095855,0.8071284183418551,1.037131608924439,2.220446049250313e-16
0,1.44,hot-cold,0.5,dpr,1.0,1.3335631970935717,1.3335631970935717,1.0,1.0,0.0
0,1.44,hot-cold,0.5,top,11.604073077062976,0.994583528867234,1.3372892749885479,0.7437310292313167,8.630309212879459,-1.7763568394002505e-15
0,1.44,hot-cold,0.625,paper,1.2290403520112585,1.1171128829153683,1.3379894335482532,0.8349190620682736,1.026149217945301,2.220446049250313e-16
0,1.44,hot-cold,0.625,dpr,1.0,1.338422195205371,1.338422195205371,1.0,1.0,0.0
0,1.44,hot-cold,0.625,top,9.651781644887386,1.005466439002539,1.340799240031602,0.7499008121296672,7.237878893999265,-8.881784197001252e-16
0,1.44,hot-cold,0.75,paper,1.261154320688478,1.1079381973500393,1.341111503709046,0.8261342880781123,1.0418828268786116,4.440892098500626e-16
0,1.44,hot-cold,0.75,dpr,1.0,1.3416812466741148,1.3416812466741148,1.0,1.0,0.0
0,1.44,hot-cold,0.75,top,7.566762403073978,1.0273510433427635,1.3432607724522476,0.7648187637216849,5.787201866494766,8.881784197001252e-16
0,1.44,hot-cold,0.875,paper,1.2577411639423028,1.1272245962192124,1.3434417170154334,0.8390573122319254,1.055316920500882,0.0
0,1.44,hot-cold,0.875,dpr,1.0,1.3440188747855584,1.3440188747855584,1.0,1.0,0.0
0,1.44,hot-cold,0.875,top,4.951188314327422,1.0577655345288166,1.3449446792754622,0.7864751248346121,3.893986447590332,0.0
0,2.48,random,0.125,paper,1.1822119711641506,0.9623944694662115,1.1814798971806337,0.8145669441881949,0.9629907927338844,0.0
0,2.48,random,0.125,dpr,1.0,1.2131535257473642,1.2131535257473642,1.0,1.0,0.0
0,2.48,random,0.125,top,8.501164930129141,0.8924457587301081,1.2673070061045535,0.7042064428202813,5.986575115274768,0.0
0,2.48,random,0.25,paper,1.1923272029627776,0.9624210976726717,1.2143594514348028,0.7925339540409899,0.944959792674724,-1.1102230246251565e-16
0,2.48,random,0.25,dpr,1.0,1.2226002250527346,1.2226002250527346,1.0,1.0,0.0
0,2.48,random,0.25,top,11.3409759287094,0.9238334813048916,1.2763749410528284,0.7237947499524394,8.208538836536858,3.552713678800501e-15
0,2.48,random,0.375,paper,1.1992077713276477,0.9737268960070884,1.254088305631895,0.7764420508781147,0.931115341398612,0.0
0,2.48,random,0.375,dpr,1.0,1.2646932032818432,1.2646932032818432,1.0,1.0,0.0
0,2.48,random,0.375,top,12.460538724636242,0.9607110019364151,1.3143562674955367,0.7309365243618603,9.107862867061984,1.7763568394002505e-15
0,2.48,random,0.5,paper,1.2208375445421882,0.9732723813368357,1.268890808260342,0.7670261105218334,0.9364142733692205,2.220446049250313e-16
0,2.48,random,0.5,dpr,1.0,1.264693203281843,1.264693203281843,1.0,1.0,0.0
0,2.48,random,0.5,top,12.789991419053369,0.9978225485361645,1.3172496930948745,0.7575044835970188,9.688475845100324,0.0
0,2.48,random,0.625,paper,1.27263507451798,0.9746526531867332,1.2838831542390337,0.7591443582452926,0.966113736925402,0.0
0,2.48,random,0.625,dpr,1.0,1.282353291369364,1.282353291369364,1.0,1.0,0.0
0,2.48,random,0.625,top,11.76368182711277,1.036367595281575,1.3320806428757188,0.7780066475887275,9.152222661612443,0.0
0,2.48,random,0.75,paper,1.3119510072875102,0.9921163776460886,1.3133464529205392,0.7554110154558846,0.9910622426434288,0.0
0,2.48,random,0.75,dpr,1.0,1.2944032629009508,1.2944032629009508,1.0,1.0,0.0
0,2.48,random,0.75,top,9.355105253570118,1.0807449259150295,1.3455002520674166,0.8032290772554076,7.514292560452341,-8.881784197001252e-16
0,2.48,random,0.875,paper,1.336709859225594,1.0152177114635337,1.3177563750783592,0.7704138114324544,1.0298197374253295,2.220446049250313e-16
0,2.48,random,0.875,dpr,1.0,1.3164939472316584,1.3164939472316584,1.0,1.0,0.0
0,2.48,random,0.875,top,5.784139623271921,1.0903489230198797,1.3457009564454063,0.8102460786681577,4.686576448225188,-8.881784197001252e-16
0,2.48,local,0.125,paper,1.0740162996107991,0.9803144966407584,1.0787552784075338,0.9087459558834379,0.9760079688242084,-1.1102230246251565e-16
0,2.48,local,0.125,dpr,1.0362262934064308,1.1091285587005475,0.9754783219851022,1.1370099506091191,1.1781996066859168,4.440892098500626e-16
0,2.48,local,0.125,top,4.245248050107425,1.0481548695243077,1.1249766593500399,0.9317125478228888,3.955350876905739,-8.881784197001252e-16
0,2.48,local,0.25,paper,1.1595077153625033,0.988465490244368,1.1156371011201616,0.8860098765556415,1.0273352877536457,2.220446049250313e-16
0,2.48,local,0.25,dpr,1.0095648728993052,1.1529022459071239,1.1225171474836229,1.0270687164927645,1.0368924982248702,-2.220446049250313e-16
0,2.48,local,0.25,top,4.307063864008012,1.045432012127843,1.1511155803837256,0.9081903068146703,3.911633652123816,0.0
0,2.48,local,0.375,paper,1.2206023499922831,1.0021656341012943,1.153899961770312,0.8685030481877934,1.0600968615934818,0.0
0,2.48,local,0.375,dpr,1.0245797369617062,1.2060671602767636,1.1064864215919652,1.0899972532347264,1.1167890990082183,0.0
0,2.48,local,0.375,top,4.401557592347829,1.0220956735003832,1.1546214953426965,0.8852214146567754,3.896353038591415,-4.440892098500626e-16
0,2.48,local,0.5,paper,1.23526509110851,1.0039441010737562,1.1652129980634143,0.8615970665812283,1.064300778949286,2.220446049250313e-16
0,2.48,local,0.5,dpr,1.0499392317162148,1.2689922570876548,1.1652164845939263,1.0890613665922293,1.1434482545316562,0.0
0,2.48,local,0.5,top,3.8861463074722153,1.039710801585852,1.213374401931971,0.8568755034970191,3.3299435738783374,1.3322676295501878e-15
0,2.48,local,0.625,paper,1.2930880200861354,1.0135160138760761,1.2027644924969456,0.8426554160840011,1.089627623598919,-4.440892098500626e-16
0,2.48,local,0.625,dpr,1.0497347950599332,1.3005135726072663,1.1474070482391459,1.133436973917045,1.18980822952816,0.0
0,2.48,local,0.625,top,3.379828142106068,1.0309996722489234,1.2774700929366005,0.8070636470861716,2.727736426892602,-8.881784197001252e-16
0,2.48,local,0.75,paper,1.350330046053186,1.020107431143257,1.2612414619598327,0.8088121600110739,1.0921633612761303,0.0
0,2.48,local,0.75,dpr,1.0233158100156257,1.3097879738692173,1.2315482500423949,1.0635295643708065,1.0883266176396775,2.220446049250313e-16
0,2.48,local,0.75,top,2.8611088204007635,1.0149535802291925,1.3043117670468967,0.7781525904095441,2.226379240038449,-4.440892098500626e-16
0,2.48,local,0.875,paper,1.3881712706170015,1.028636868115894,1.2902391213712423,0.7972451393526788,1.1067127980884366,0.0
0,2.48,local,0.875,dpr,1.014508977550105,1.330114028376475,1.2805802793151257,1.0386807058186471,1.0537509008610972,0.0
0,2.48,local,0.875,top,2.104404656177853,1.043474674945475,1.31497668690389,0.7935309312610965,1.669910186567,6.661338147750939e-16
0,2.48,hot-cold,0.125,paper,1.2370306001475042,0.987822678269025,1.2719589025707387,0.7766152477666929,0.9606968260285343,-4.440892098500626e-16
0,2.48,hot-cold,0.125,dpr,1.012463931930282,1.2646932032818425,1.219813972668688,1.0367918646766838,1.0497143679038852,1.1102230246251565e-15
0,2.48,hot-cold,0.125,top,15.880422507403482,0.9468430722705116,1.3059317284716003,0.7250325967488753,11.51382396801203,-1.7763568394002505e-15
0,2.48,hot-cold,0.25,paper,1.4125763663280686,1.0015170720912447,1.3089677708940088,0.7651197335494524,1.0807900530231858,2.220446049250313e-16
0,2.48,hot-cold,0.25,dpr,1.0,1.309787973869217,1.309787973869217,1.0,1.0,0.0
0,2.48,hot-cold,0.25,top,14.648246351960854,0.9862402802927451,1.324384221650942,0.744678367629089,10.908232182006968,1.7763568394002505e-15
0,2.48,hot-cold,0.375,paper,1.4206386354713545,1.0136114962147518,1.3246999066194127,0.76516310686656,1.087020272051932,0.0
0,2.48,hot-cold,0.375,dpr,1.0,1.3255427957029116,1.3255427957029116,1.0,1.0,0.0
0,2.48,hot-cold,0.375,top,12.59037414445516,0.9970434641790471,1.3328672568602808,0.7480440824450106,9.418154874528344,-1.7763568394002505e-15
0,2.48,hot-cold,0.5,paper,1.4179253170887172,1.0307828873699605,1.3322086577351333,0.7737398202488626,1.0971052799705352,-2.220446049250313e-16
0,2.48,hot-cold,0.5,dpr,1.0,1.3335631970935717,1.3335631970935717,1.0,1.0,0.0
0,2.48,hot-cold,0.5,top,10.540815477280566,1.009172590994079,1.33773844478474,0.7543870738920629,7.951854944341854,-8.881784197001252e-16
0,2.48,hot-cold,0.625,paper,1.4398657652902012,1.0396489472532016,1.3368499079448457,0.777685618314075,1.119762897968979,2.220446049250313e-16
0,2.48,hot-cold,0.625,dpr,1.0,1.338422195205371,1.338422195205371,1.0,1.0,0.0
0,2.48,hot-cold,0.625,top,9.148295430349345,1.0025839147921363,1.341164049952371,0.7475475612604895,6.838785938648133,0.0
0,2.48,hot-cold,0.75,paper,1.4181566847920417,1.074828239057624,1.3400693725074564,0.8020691026215089,1.1374596595478466,-4.440892098500626e-16
0,2.48,hot-cold,0.75,dpr,1.0,1.3416812466741148,1.3416812466741148,1.0,1.0,0.0
0,2.48,hot-cold,0.75,top,7.076443173867704,1.0174641890880107,1.3436357657560256,0.7572470270732281,5.358615555663958,8.881784197001252e-16
0,2.48,hot-cold,0.875,paper,1.4488787319282712,1.0786986597902473,1.342167995766092,0.8036986898756591,1.1644619386394577,-2.220446049250313e-16
0,2.48,hot-cold,0.875,dpr,1.0,1.3440188747855584,1.3440188747855584,1.0,1.0,0.0
0,2.48,hot-cold,0.875,top,4.6738464758366565,1.0590269982200113,1.345146387068744,0.7872949802346603,3.6796958688136567,-4.440892098500626e-16
0,3.3,random,0.125,paper,1.126776651111847,0.9856237329122256,1.1009912330091116,0.8952148785221696,1.0087072228467098,4.440892098500626e-16
0,3.3,random,0.125,dpr,1.0014898894092512,1.1832189663708097,1.1000489446621138,1.0756057465554336,1.077208280165756,-2.220446049250313e-16
0,3.3,random,0.125,top,8.081185856719234,0.8982477919138916,1.2361539556005525,0.7266471848787652,5.872170953267123,-8.881784197001252e-16
0,3.3,random,0.25,paper,1.1664316163012265,0.9726995708006753,1.1738127641066427,0.8286667180186703,0.9665830592735504,1.1102230246251565e-16
0,3.3,random,0.25,dpr,1.0021814065701546,1.18321896637081,1.1413637610973368,1.0366712232331894,1.0389326246506403,-2.220446049250313e-16
0,3.3,random,0.25,top,10.901703739892689,0.9269020680060908,1.2626938673841117,0.7340671337276139,8.002582417090634,0.0
0,3.3,random,0.375,paper,1.201997305092931,0.9726732358164427,1.2336288643308047,0.7884650432073668,0.947732857095236,-1.1102230246251565e-16
0,3.3,random,0.375,dpr,1.0,1.2363163945674107,1.2363163945674107,1.0,1.0,0.0
0,3.3,random,0.375,top,12.191142486046788,0.9664536752779538,1.2865721153238083,0.7511850006439117,9.15780337623107,-5.329070518200751e-15
0,3.3,random,0.5,paper,1.2366436297017525,0.9713963082679283,1.2299737772551829,0.7897699334986656,0.9766639571911016,0.0
0,3.3,random,0.5,dpr,1.003156376624297,1.2868456471884313,1.2430988878168923,1.0351916969762287,1.0384591518502309,0.0
0,3.3,random,0.5,top,12.44240860601775,1.0050146150071602,1.3312018834612018,0.7549678433402334,9.39361839124318,0.0
0,3.3,random,0.625,paper,1.295089843839459,0.9712976839052767,1.2673337326859089,0.7664103454792198,0.9925702546436282,-3.3306690738754696e-16
0,3.3,random,0.625,dpr,1.0054199146100842,1.3005135726072663,1.2421841328640506,1.0469571605368424,1.0526315789473684,0.0
0,3.3,random,0.625,top,11.414464557019135,1.0406417319035233,1.3451743051193932,0.7736110687983736,8.830356125716724,-3.552713678800501e-15
0,3.3,random,0.75,paper,1.330672437241108,0.981779724989023,1.2842283845033342,0.7644899745528666,1.0172857376846556,0.0
0,3.3,random,0.75,dpr,1.003212830387578,1.3097879738692173,1.261047244450601,1.0386509939521347,1.041988003427592,-2.220446049250313e-16
0,3.3,random,0.75,top,9.241081435212944,1.0773150496270016,1.3454896498490696,0.8006862406915204,7.3992067542848545,2.6645352591003757e-15
0,3.3,random,0.875,paper,1.3886108837605735,0.9923324936057347,1.3313917614834356,0.74533471087434,1.034979891564649,2.220446049250313e-16
0,3.3,random,0.875,dpr,1.0004644230865984,1.3164939472316584,1.3025602559577139,1.010697156780436,1.0111665478736045,2.220446049250313e-16
0,3.3,random,0.875,top,5.6194123758316445,1.094841653849721,1.3456778250529897,0.8135986440934394,4.57194628957852,8.881784197001252e-16
0,3.3,local,0.125,paper,1.1462538946378371,1.0015025423349309,1.0122274469975099,0.9894046494249968,1.1341089327761866,2.220446049250313e-16
0,3.3,local,0.125,dpr,1.0429092983903985,1.0373709180678452,1.000711807528115,1.0366330348697324,1.081114231084302,0.0
0,3.3,local,0.125,top,4.36795832685994,1.0218984626655923,1.0197868609785727,1.0020706304109401,4.377002754205255,0.0
0,3.3,local,0.25,paper,1.2401130297707557,0.9828294392959823,1.063510522268357,0.924137014836214,1.1460343533918391,0.0
0,3.3,local,0.25,dpr,1.078387312672595,1.125428109346254,1.001361147959811,1.1238983174444295,1.211997686266149,-2.220446049250313e-16
0,3.3,local,0.25,top,3.966759495192703,1.0490788115236267,1.0719916009663206,0.9786259617873501,3.881973826162061,-1.3322676295501878e-15
0,3.3,local,0.375,paper,1.3188243443358818,0.9804434246958654,1.072396048838832,0.9142549767480671,1.205741720265587,4.440892098500626e-16
0,3.3,local,0.375,dpr,1.0431327060460749,1.1532521730623977,1.0587856477724975,1.0892215770856373,1.136202651189114,-2.220446049250313e-16
0,3.3,local,0.375,top,3.903475097118525,1.0379915834633793,1.1520109894537687,0.9010257653492939,3.517131636903129,4.440892098500626e-16
0,3.3,local,0.5,paper,1.388377529230639,0.9799809174294716,1.1538189537149597,0.8493368169020101,1.1792001513350283,-2.220446049250313e-16
0,3.3,local,0.5,dpr,1.0422741125352268,1.2004838034166945,1.0760127750360713,1.115678020994175,1.1628423192067618,0.0
0,3.3,local,0.5,top,3.8304716770429352,1.0345341885778776,1.165861806264667,0.8873557595067351,3.398991104251471,0.0
0,3.3,local,0.625,paper,1.4402929729338878,0.9774360972830377,1.1711012559702645,0.8346298770495519,1.2021115469151442,-2.220446049250313e-16
0,3.3,local,0.625,dpr,1.0809100558970042,1.266511148870602,1.1043297734255673,1.146859551691663,1.2396520221250489,2.220446049250313e-16
0,3.3,local,0.625,top,3.396570140296223,1.0226637094245545,1.2320099998469047,0.8300774421892967,2.81941625427363,4.440892098500626e-16
0,3.3,local,0.75,paper,1.5241262313161834,0.9875950259175189,1.1755907812838275,0.8400840170241859,1.2803940868560326,-2.220446049250313e-16
0,3.3,local,0.75,dpr,1.0563830452072722,1.2944032629009508,1.1729698950071117,1.1035264147960957,1.165746594528963,0.0
0,3.3,local,0.75,top,2.822174742222522,1.0281304167526817,1.2637841436032293,0.8135332461296237,2.2959329791853227,0.0
0,3.3,local,0.875,paper,1.5572024617808518,1.0062505557773214,1.2654375438113028,0.7951799444377553,1.2382561670372336,2.220446049250313e-16
0,3.3,local,0.875,dpr,1.072120105099169,1.3335120407751972,1.1998440693099037,1.1114044523653588,1.1915590582776332,2.220446049250313e-16
0,3.3,local,0.875,top,2.260954426701683,1.033273187172538,1.3197769337275538,0.7829150220516282,1.7701351848388744,0.0
0,3.3,hot-cold,0.125,paper,1.3804870687655697,0.9614420466554638,1.2666563449126917,0.7590393799525271,1.0478440487082996,0.0
0,3.3,hot-cold,0.125,dpr,1.0,1.2646932032818425,1.2646932032818425,1.0,1.0,0.0
0,3.3,hot-cold,0.125,top,14.982328194430384,0.9466529307381959,1.3074107411525522,0.7240669675879142,10.848208943148116,-1.7763568394002505e-15
0,3.3,hot-cold,0.25,paper,1.47036793544738,0.978235425120196,1.3106184349912733,0.746392236674673,1.0974712120732912,0.0
0,3.3,hot-cold,0.25,dpr,1.0,1.309787973869217,1.309787973869217,1.0,1.0,0.0
0,3.3,hot-cold,0.25,top,13.792124484579103,0.9728783697930916,1.3261434459377535,0.7336147328354377,10.1181057189876,3.552713678800501e-15
0,3.3,hot-cold,0.375,paper,1.3991366328071353,1.0322592824931485,1.3252072105963755,0.7789417943391711,1.089845999284456,0.0
0,3.3,hot-cold,0.375,dpr,1.0,1.3255427957029116,1.3255427957029116,1.0,1.0,0.0
0,3.3,hot-cold,0.375,top,12.316853951593258,0.9912849862341792,1.3337802452032557,0.7432146260969075,9.1540660043236,0.0
0,3.3,hot-cold,0.5,paper,1.4482878556646357,1.0160871933248856,1.3333321220823697,0.7620660872836261,1.1036910594267415,-4.440892098500626e-16
0,3.3,hot-cold,0.5,dpr,1.0,1.3335631970935717,1.3335631970935717,1.0,1.0,0.0
0,3.3,hot-cold,0.5,top,10.993767042890653,0.9954848750452778,1.3380960738545897,0.7439562035165621,8.178881191574431,0.0
0,3.3,hot-cold,0.625,paper,1.4544476085925355,1.0347224413924128,1.3375373270623867,0.7736026654784717,1.1251645468059743,0.0
0,3.3,hot-cold,0.625,dpr,1.0,1.338422195205371,1.338422195205371,1.0,1.0,0.0
0,3.3,hot-cold,0.625,top,8.553170064004892,1.0069031905539494,1.3417303559595246,0.7504512259722058,6.41873696048124,-8.881784197001252e-16
0,3.3,hot-cold,0.75,paper,1.4890343375022528,1.041656545655011,1.3401819286881582,0.7772501056439705,1.1573520961311257,2.220446049250313e-16
0,3.3,hot-cold,0.75,dpr,1.0,1.3416812466741148,1.3416812466741148,1.0,1.0,0.0
0,3.3,hot-cold,0.75,top,6.996256124280557,1.0181211450339223,1.3438009994957598,0.7576427948899846,5.300663043766092,-8.881784197001252e-16
0,3.3,hot-cold,0.875,paper,1.4570849147401082,1.069174208624093,1.342587004377822,0.7963537596727794,1.1603550500157764,0.0
0,3.3,hot-cold,0.875,dpr,1.0,1.3440188747855584,1.3440188747855584,1.0,1.0,0.0
0,3.3,hot-cold,0.875,top,4.623204866188767,1.0547186593249545,1.3452076497621608,0.7840563942016192,3.624853337039344,-4.440892098500626e-16
0,4.55,random,0.125,paper,1.0912695701856665,1.001340098871382,1.0497675719936843,0.9538683853318785,1.0409275428748146,-2.220446049250313e-16
0,4.55,random,0.125,dpr,1.0,1.0524353032676055,1.0524353032676055,1.0,1.0,0.0
0,4.55,random,0.125,top,7.2089715090753534,0.8974304377038569,1.248309892213847,0.7189163871098434,5.182647752082249,0.0
0,4.55,random,0.25,paper,1.1532427373348986,0.9858402576992235,1.1088584202069984,0.8890587289901173,1.0253005222720488,2.220446049250313e-16
0,4.55,random,0.25,dpr,1.0098933954663916,1.154454962197873,1.0790562480134054,1.0698746838482982,1.0804593771950908,6.661338147750939e-16
0,4.55,random,0.25,top,10.20599723301524,0.9258748330323364,1.283210554502324,0.72152993893619,7.363932560320411,0.0
0,4.55,random,0.375,paper,1.2186455173880482,0.9704225953679341,1.180553911440284,0.8220061667357585,1.0017341303578646,0.0
0,4.55,random,0.375,dpr,1.0069370859692794,1.2156152787604426,1.1408621971717026,1.0655233224258456,1.0729149493157857,-2.220446049250313e-16
0,4.55,random,0.375,top,12.030124891770514,0.9550367359122648,1.3307461463949959,0.7176701119890285,8.633661078318944,0.0
0,4.55,random,0.5,paper,1.2696498845338122,0.9681209425730298,1.2460789665684946,0.7769338609727782,0.9864339868744963,-3.3306690738754696e-16
0,4.55,random,0.5,dpr,1.0083937062785555,1.2432905401035432,1.1833107390753252,1.050688123624305,1.059507291124374,-2.220446049250313e-16
0,4.55,random,0.5,top,12.38347562708485,0.9972261143738262,1.318953069090802,0.7560739936419779,9.362823872538138,-1.7763568394002505e-15
0,4.55,random,0.625,paper,1.3418711390402027,0.9677304842121616,1.2765063514290294,0.7581086323062961,1.0172840939490595,-2.220446049250313e-16
0,4.55,random,0.625,dpr,1.0055557616011563,1.264693203281843,1.2490903038747645,1.0124914102356548,1.018116571134143,2.220446049250313e-16
0,4.55,random,0.625,top,11.27448151780134,1.0454939920953825,1.3327509694320856,0.7844631263265113,8.844415019164908,-1.7763568394002505e-15
0,4.55,random,0.75,paper,1.3799915922777144,0.9825750964545373,1.2850790769408036,0.7646028280170957,1.0551454740953554,2.220446049250313e-16
0,4.55,random,0.75,dpr,1.001842092228314,1.2944032629009508,1.2783027610850533,1.0125952178983255,1.014460511679644,0.0
0,4.55,random,0.75,top,9.043614491655962,1.0806740999248814,1.3331276374412255,0.8106306324870005,7.331030935339676,0.0
0,4.55,random,0.875,paper,1.447892091579168,0.9909830744566719,1.3182506770871631,0.751740994092543,1.0884398402624549,-2.220446049250313e-16
0,4.55,random,0.875,dpr,1.0034812045000598,1.330114028376475,1.3018148773015916,1.0217382298883708,1.0252951096121417,2.220446049250313e-16
0,4.55,random,0.875,top,5.789241031400793,1.0923868761779718,1.3457495102234598,0.8117312084301502,4.699307618312375,0.0
0,4.55,local,0.125,paper,1.147392173951151,1.0091410607575715,1.0190714052245653,0.990255496900332,1.1362114073555492,0.0
0,4.55,local,0.125,dpr,1.0644085291032066,1.1037442414700382,1.0518300799598665,1.04935603430561,1.116943512980808,-4.440892098500626e-16
0,4.55,local,0.125,top,3.999985466540064,1.0279922929027399,1.062744054992583,0.967299970367667,3.8691858232553034,8.881784197001252e-16
0,4.55,local,0.25,paper,1.2749935759075637,0.9876904590999834,1.0541355554242462,0.9369672183218207,1.1946271841963014,2.220446049250313e-16
0,4.55,local,0.25,dpr,1.156809223695325,1.172902396417698,1.0212586647115998,1.1484870943532428,1.3285804640428744,2.220446049250313e-16
0,4.55,local,0.25,top,4.508353568652189,1.017704507591494,1.0847976598028184,0.9381514593020785,4.229518479480785,8.881784197001252e-16
0,4.55,local,0.375,paper,1.3013488755386675,0.9757001190037985,1.0780333689941441,0.9050741350559237,1.1778172079341584,0.0
0,4.55,local,0.375,dpr,1.1373019548538057,1.2091850609863348,1.0630915745098735,1.1374232380157996,1.293593672091514,-4.440892098500626e-16
0,4.55,local,0.375,top,3.857275081236799,1.0491044268155358,1.1210207029660197,0.9358475040111156,3.609821257059732,4.440892098500626e-16
0,4.55,local,0.5,paper,1.3659274600232487,0.9770524556242686,1.118339559905081,0.873663501367327,1.193360967337691,0.0
0,4.55,local,0.5,dpr,1.144435027794212,1.243290540103543,1.0946710237330706,1.1357663746900388,1.299810822586126,2.220446049250313e-16
0,4.55,local,0.5,top,3.730275729038126,1.033571106887921,1.1964552995459545,0.8638610295596945,3.222439831828416,4.440892098500626e-16
0,4.55,local,0.625,paper,1.416481185681988,0.9862580413078188,1.1512308942375507,0.8566987267667171,1.2134976282627687,-2.220446049250313e-16
0,4.55,local,0.625,dpr,1.087028226393,1.2664374969784449,1.1052030994770616,1.1458866678691664,1.2456111522212043,-2.220446049250313e-16
0,4.55,local,0.625,top,3.395589349274614,1.026615391992986,1.2216855869980952,0.8403270063253898,2.8534054325863147,0.0
0,4.55,local,0.75,paper,1.5147330247836883,0.9990093007282851,1.190300985405371,0.8392913330136081,1.2713022995304364,-2.220446049250313e-16
0,4.55,local,0.75,dpr,1.0714634994448329,1.2944032629009508,1.1726027262990997,1.1038719541325568,1.1827585069138749,-4.440892098500626e-16
0,4.55,local,0.75,top,2.7923536593514284,1.0325678898645392,1.2834158755232334,0.8045466084355342,2.246578666183745,4.440892098500626e-16
0,4.55,local,0.875,paper,1.5835113127113454,1.0281203482854433,1.2516312053886682,0.821424349168557,1.300734749444964,-2.220446049250313e-16
0,4.55,local,0.875,dpr,1.0755796926609436,1.330114028376475,1.196070068273224,1.1120703240210428,1.1961202573279088,-2.220446049250313e-16
0,4.55,local,0.875,top,2.1123686377513824,1.0296865227069514,1.3071344930700899,0.7877433639506433,1.664004376606112,2.220446049250313e-16
0,4.55,hot-cold,0.125,paper,1.334468279976882,0.97225037304421,1.2697085531384007,0.7657271982936961,1.0218386572385052,-2.220446049250313e-16
0,4.55,hot-cold,0.125,dpr,1.0,1.2646932032818425,1.2646932032818425,1.0,1.0,0.0
0,4.55,hot-cold,0.125,top,14.337508264516812,0.9383457989153718,1.3128800738009734,0.7147231629456665,10.24734925557509,0.0
0,4.55,hot-cold,0.25,paper,1.39052288559471,0.992380180976306,1.3109500173304516,0.7569931483712368,1.0526162970485968,2.220446049250313e-16
0,4.55,hot-cold,0.25,dpr,1.0,1.309787973869217,1.309787973869217,1.0,1.0,0.0
0,4.55,hot-cold,0.25,top,13.53038239202467,0.9767078307172737,1.327591149710069,0.7356992632336965,9.95429235708273,0.0
0,4.55,hot-cold,0.375,paper,1.4637948661012954,1.0079407096535786,1.3242713789277831,0.7611285161729263,1.1141360144172263,0.0
0,4.55,hot-cold,0.375,dpr,1.0,1.3255427957029116,1.3255427957029116,1.0,1.0,0.0
0,4.55,hot-cold,0.375,top,11.861717788244038,0.9944127518220133,1.3349886479721396,0.744884799831471,8.83561328035356,0.0
0,4.55,hot-cold,0.5,paper,1.4488191794808525,1.0318510924818864,1.3323409082893958,0.7744647680349988,1.1220594097612957,0.0
0,4.55,hot-cold,0.5,dpr,1.0,1.3335631970935717,1.3335631970935717,1.0,1.0,0.0
0,4.55,hot-cold,0.5,top,10.26527330945814,0.9980258556931346,1.320179984795022,0.755977114626604,7.760311697337656,8.881784197001252e-16
0,4.55,hot-cold,0.625,paper,1.4651779660535826,1.0357117601241743,1.3369392510329874,0.7746887222616365,1.1350568464079531,-2.220446049250313e-16
0,4.55,hot-cold,0.625,dpr,1.010494295870475,1.338422195205371,1.320748395139788,1.0133816555300166,1.0240163824528603,0.0
0,4.55,hot-cold,0.625,top,8.548225459049391,1.0032526121348364,1.3419931719515412,0.7475839915607733,6.390516509437568,1.7763568394002505e-15
0,4.55,hot-cold,0.75,paper,1.5098596029555709,1.049174899687088,1.3206364458688986,0.7944464223814409,1.1995025598663165,4.440892098500626e-16
0,4.55,hot-cold,0.75,dpr,1.0,1.3416812466741148,1.3416812466741148,1.0,1.0,0.0
0,4.55,hot-cold,0.75,top,6.915441956193262,1.0281435253130877,1.343945873429516,0.7650185514461564,5.290441387936944,8.881784197001252e-16
0,4.55,hot-cold,0.875,paper,1.6684008033240216,1.0434871241881916,1.3407344132320391,0.7782951745623587,1.298508294463049,0.0
0,4.55,hot-cold,0.875,dpr,1.0,1.3440188747855584,1.3440188747855584,1.0,1.0,0.0
0,4.55,hot-cold,0.875,top,4.629673243339317,1.0715250250550639,1.3453230253132775,0.7964815920738025,3.687449515636385,8.881784197001252e-16
1,1.07,random,0.125,paper,1.1553027031383352,0.96458674433056,1.2815917569728512,0.7526474316664893,0.8695356123144206,1.1102230246251565e-16
1,1.07,random,0.125,dpr,1.0,1.2646932032818425,1.2646932032818425,1.0,1.0,0.0
1,1.07,random,0.125,top,12.9036445303457,0.8973377578092311,1.293249128423643,0.693863029239391,8.953361882053965,-1.7763568394002505e-15
1,1.07,random,0.25,paper,1.207357900739911,0.9750707107902875,1.3171762721765592,0.740273516451248,0.8937750787959303,-3.3306690738754696e-16
1,1.07,random,0.25,dpr,1.0,1.264693203281843,1.264693203281843,1.0,1.0,0.0
1,1.07,random,0.25,top,15.073875026871889,0.9225510757024943,1.3363916971675418,0.6903298468987983,10.405945839472087,-1.7763568394002505e-15
1,1.07,random,0.375,paper,1.2404172860283986,0.9878692649821357,1.3006857211988916,0.7594988158027743,0.94209545983986,0.0
1,1.07,random,0.375,dpr,1.0,1.2944032629009505,1.2944032629009505,1.0,1.0,0.0
1,1.07,random,0.375,top,15.425431737302606,0.9609455674809919,1.3227842945424915,0.7264567408651855,11.20590886631925,1.7763568394002505e-15
1,1.07,random,0.5,paper,1.2735912771037037,0.9922761037385157,1.3357658010355742,0.7428518554444481,0.9460896432743504,-1.1102230246251565e-16
1,1.07,random,0.5,dpr,1.0,1.309787973869217,1.309787973869217,1.0,1.0,0.0
1,1.07,random,0.5,top,14.625351448558147,1.0013020580190346,1.32705986571026,0.7545266674786556,11.035217689184703,-3.552713678800501e-15
1,1.07,random,0.625,paper,1.2936679618185742,0.9937986580136076,1.3398233858593194,0.7417385518884769,0.9595634006238264,-3.3306690738754696e-16
1,1.07,random,0.625,dpr,1.0,1.338422195205371,1.338422195205371,1.0,1.0,0.0
1,1.07,random,0.625,top,12.632351879488192,1.0451764894410842,1.3439625304855503,0.7776827595509528,9.823962269259042,0.0
1,1.07,random,0.75,paper,1.3080162325793212,0.9968117937102791,1.326811496968752,0.7512836570888979,0.9826912187438348,0.0
1,1.07,random,0.75,dpr,1.0,1.3255427957029118,1.3255427957029118,1.0,1.0,0.0
1,1.07,random,0.75,top,9.808205936727424,1.0770742334668806,1.3448575674177154,0.800883498417598,7.855230283806512,-8.881784197001252e-16
1,1.07,random,0.875,paper,1.3433904654719393,1.0139902756218122,1.3443541009040925,0.7542583274301711,1.013263445572504,2.220446049250313e-16
1,1.07,random,0.875,dpr,1.0,1.3440188747855584,1.3440188747855584,1.0,1.0,0.0
1,1.07,random,0.875,top,5.848341568574623,1.0904669962468596,1.3454604023876349,0.810478698824382,4.739956264778905,-8.881784197001252e-16
1,1.07,local,0.125,paper,1.0548853599054968,0.9616924355845728,0.9872417937564552,0.9741204653880515,1.027585417722185,2.220446049250313e-16
1,1.07,local,0.125,dpr,1.0209340359953534,1.079730194270881,0.9857387696968376,1.0953512507202596,1.1182813732303931,2.220446049250313e-16
1,1.07,local,0.125,top,4.983188000736145,1.032122304454466,1.0862869324010216,0.9501378260835419,4.7347154139850325,8.881784197001252e-16
1,1.07,local,0.25,paper,1.1864285660052123,0.9499563405295207,1.1133147207763199,0.8532684629078752,1.0123420788652622,2.220446049250313e-16
1,1.07,local,0.25,dpr,1.0,1.0938081548617968,1.0938081548617968,1.0,1.0,0.0
1,1.07,local,0.25,top,4.693284931294598,1.0303768787301997,1.125452221775688,0.9155225417783772,4.296808149588987,0.0
1,1.07,local,0.375,paper,1.2300653971217916,0.9652190495475635,1.162747550717578,0.8301191853312341,1.0211008853628825,-2.220446049250313e-16
1,1.07,local,0.375,dpr,1.0047157003361455,1.196048231932123,1.1671142716138088,1.0247910260563486,1.0296236334424016,0.0
1,1.07,local,0.375,top,4.5887897850709605,1.0387089520922366,1.1861526315761766,0.8756958627760959,4.018384229935851,8.881784197001252e-16
1,1.07,local,0.5,paper,1.283738018865389,0.9658472171873194,1.1954012229557962,0.8079690723413578,1.0372206162320012,2.220446049250313e-16
1,1.07,local,0.5,dpr,1.008843044573035,1.2181102901222585,1.1848057311507245,1.0281097213626638,1.0372013414546444,0.0
1,1.07,local,0.5,top,4.2894867575246245,1.0432863614706183,1.1985315321078507,0.8704705162289693,3.733871752179788,4.440892098500626e-16
1,1.07,local,0.625,paper,1.3220783306353223,0.9744182542712482,1.2206362351318711,0.7982871769868254,1.055398178318326,-2.220446049250313e-16
1,1.07,local,0.625,dpr,1.012566660207592,1.2546968975725337,1.2094679156409422,1.0373957682933845,1.0504323684143215,2.220446049250313e-16
1,1.07,local,0.625,top,3.826011917800124,1.035914984444839,1.2488535162394447,0.8294927875642233,3.1736492909499625,-2.220446049250313e-15
1,1.07,local,0.75,paper,1.384356362053286,0.9779480735873431,1.2521899908183136,0.7809901698289796,1.081168710303824,0.0
1,1.07,local,0.75,dpr,1.0127296975251068,1.2944032629009508,1.2458555289233038,1.0389673865473015,1.052193127116499,-2.220446049250313e-16
1,1.07,local,0.75,top,3.3511931406258983,1.037531393496723,1.2880054158100522,0.8055334090689353,2.699498035016812,0.0
1,1.07,local,0.875,paper,1.4128830928798752,1.001024792922113,1.3169822842619578,0.7600897938297563,1.0739180187726125,-2.220446049250313e-16
1,1.07,local,0.875,dpr,1.0034366563201478,1.3164939472316584,1.3023949064052303,1.0108254729476356,1.0142993326978076,2.220446049250313e-16
1,1.07,local,0.875,top,2.401656426728694,1.0235826189121697,1.3190202756072111,0.7760173500297131,1.8637270559518309,-2.220446049250313e-16
1,1.07,hot-cold,0.125,paper,1.3270016805459863,1.0000711188832332,1.2656851853007036,0.7901420752156743,1.0485198616812932,2.220446049250313e-16
1,1.07,hot-cold,0.125,dpr,1.0,1.2646932032818425,1.2646932032818425,1.0,1.0,0.0
1,1.07,hot-cold,0.125,top,19.54326240937164,0.9396331169118666,1.2943365089217984,0.7259573615014498,14.187575213837905,1.7763568394002505e-15
1,1.07,hot-cold,0.25,paper,1.1937276977166873,1.1164903590875639,1.3104695671218465,0.8519773271344907,1.0170289332270726,0.0
1,1.07,hot-cold,0.25,dpr,1.0,1.309787973869217,1.309787973869217,1.0,1.0,0.0
1,1.07,hot-cold,0.25,top,17.221646807693073,0.9847330069886057,1.3203098490832645,0.7458347808829411,12.844503173259165,0.0
1,1.07,hot-cold,0.375,paper,1.239244436449938,1.0850375707059532,1.3255777239598472,0.8185393818060418,1.0143703749183088,0.0
1,1.07,hot-cold,0.375,dpr,1.0,1.3255427957029116,1.3255427957029116,1.0,1.0,0.0
1,1.07,hot-cold,0.375,top,13.935281057658814,1.0017550084599627,1.330609532359702,0.7528542251485686,10.491235222891252,0.0
1,1.07,hot-cold,0.5,paper,1.2780875670392,1.0955801936110676,1.3330759901182596,0.821843767146295,1.050388300838339,0.0
1,1.07,hot-cold,0.5,dpr,1.0,1.3335631970935717,1.3335631970935717,1.0,1.0,0.0
1,1.07,hot-cold,0.5,top,11.61644382562526,0.9956494880726104,1.3365773196516393,0.7449247218500707,8.653376185690867,-1.7763568394002505e-15
1,1.07,hot-cold,0.625,paper,1.2967740961491292,1.0846141017045223,1.3378613207530483,0.8107074215240937,1.0513043837882978,2.220446049250313e-16
1,1.07,hot-cold,0.625,dpr,1.0,1.338422195205371,1.338422195205371,1.0,1.0,0.0
1,1.07,hot-cold,0.625,top,9.557434963626834,1.003744878771693,1.3403768816614174,0.7488527238156599,7.157111205202975,-2.6645352591003757e-15
1,1.07,hot-cold,0.75,paper,1.2938636527892262,1.0853337754815398,1.3411783247657445,0.8092389769802673,1.0470448987351049,-2.220446049250313e-16
1,1.07,hot-cold,0.75,dpr,1.0,1.3416812466741148,1.3416812466741148,1.0,1.0,0.0
1,1.07,hot-cold,0.75,top,7.534446243280657,1.0173932155509433,1.3429922869149529,0.7575570056981059,5.707772535653038,8.881784197001252e-16
1,1.07,hot-cold,0.875,paper,1.2731272318324964,1.10553168277867,1.343639246748866,0.8227890674179603,1.0475151677838688,-2.220446049250313e-16
1,1.07,hot-cold,0.875,dpr,1.0,1.3440188747855584,1.3440188747855584,1.0,1.0,0.0
1,1.07,hot-cold,0.875,top,5.0001092707416905,1.069300700781172,1.3447604140739144,0.7951607510082447,3.975890642846249,-4.440892098500626e-16
1,1.25,random,0.125,paper,1.1555672157855097,1.0032188258153385,1.273278645575547,0.7879020270239936,0.9104737516798754,-2.220446049250313e-16
1,1.25,random,0.125,dpr,1.0,1.2646932032818425,1.2646932032818425,1.0,1.0,0.0
1,1.25,random,0.125,top,11.61010137977584,0.897199549326605,1.269879264536135,0.7065235053305139,8.202809524081863,0.0
1,1.25,random,0.25,paper,1.2088565719138744,0.9939773130501959,1.273923488154384,0.780248831497907,0.943208927684366,-1.1102230246251565e-16
1,1.25,random,0.25,dpr,1.0,1.264693203281843,1.264693203281843,1.0,1.0,0.0
1,1.25,random,0.25,top,13.837908188649749,0.926975243665807,1.296799330960423,0.7148177991264689,9.891583075924755,0.0
1,1.25,random,0.375,paper,1.2271443892484253,0.982944143098754,1.2728432413213804,0.7722428899243927,0.947653529507708,1.1102230246251565e-16
1,1.25,random,0.375,dpr,1.0000200021465036,1.2944032629009505,1.2626406837451847,1.0251556753751616,1.0251761806891695,0.0
1,1.25,random,0.375,top,14.723685725157448,0.9597112556201811,1.307226908943562,0.7341581243884994,10.809513496067314,0.0
1,1.25,random,0.5,paper,1.2519532706551375,0.9869904992350905,1.2928550835550456,0.7634192817041027,0.9557652666106472,1.1102230246251565e-16
1,1.25,random,0.5,dpr,1.0,1.2868456471884313,1.2868456471884313,1.0,1.0,0.0
1,1.25,random,0.5,top,13.91879031191087,1.0005530401078986,1.3279478947703345,0.7534580566362823,10.48722469914028,1.7763568394002505e-15
1,1.25,random,0.625,paper,1.2772326403208545,0.996913710343366,1.3043006277281413,0.7643281687902057,0.976224885095518,-2.220446049250313e-16
1,1.25,random,0.625,dpr,1.0,1.3191956029958063,1.3191956029958063,1.0,1.0,0.0
1,1.25,random,0.625,top,12.34915061068462,1.0487616371085986,1.330300317581909,0.7883645694492022,9.735632804255731,-1.7763568394002505e-15
1,1.25,random,0.75,paper,1.3102502495375616,1.0039871252501167,1.3273043369168696,0.7564106417238335,0.9910872320715198,-2.220446049250313e-16
1,1.25,random,0.75,dpr,1.0,1.3097879738692173,1.3097879738692173,1.0,1.0,0.0
1,1.25,random,0.75,top,9.633275471464229,1.0769224141021048,1.3450164093990593,0.8006760412560793,7.71313286882127,8.881784197001252e-16
1,1.25,random,0.875,paper,1.3065405411558524,1.0299488559263734,1.3444198790651358,0.7660916592832331,1.0009298110949003,0.0
1,1.25,random,0.875,dpr,1.0,1.3440188747855584,1.3440188747855584,1.0,1.0,0.0
1,1.25,random,0.875,top,5.928849945779801,1.09331263986795,1.3455293173004332,0.8125520758339838,4.817499330751579,-8.881784197001252e-16
1,1.25,local,0.125,paper,1.1649169003700013,0.9745622931175094,1.051824342866208,0.9265447217753485,1.0793476053447242,0.0
1,1.25,local,0.125,dpr,1.039334098065546,1.1116068774839243,0.9992912636155741,1.1123952724873996,1.1561503372230684,-4.440892098500626e-16
1,1.25,local,0.125,top,4.701439539181613,1.0589587921250874,1.0686877742057144,0.9908963288291962,4.658639179587489,8.881784197001252e-16
1,1.25,local,0.25,paper,1.2322931974238227,0.965328961436065,1.1554799653181624,0.8354354817136624,1.029501461002241,4.440892098500626e-16
1,1.25,local,0.25,dpr,1.0148454519704486,1.1829226128735584,1.1168973823323654,1.0591148583438486,1.0748378971045809,2.220446049250313e-16
1,1.25,local,0.25,top,4.723005461408098,1.0304275042148463,1.2030923474722035,0.8564824690140035,4.045171378753431,8.881784197001252e-16
1,1.25,local,0.375,paper,1.237581201035646,0.9790725856493817,1.2207793813020298,0.8020061615106456,0.992547748600333,0.0
1,1.25,local,0.375,dpr,1.01676382067902,1.2363163945674107,1.2058070112032646,1.0253020450873818,1.042490024713059,0.0
1,1.25,local,0.375,top,4.6382220867912665,1.0519074146876686,1.2444066139772787,0.8453084408846409,3.9207282806622303,-4.440892098500626e-16
1,1.25,local,0.5,paper,1.2718826830627117,0.9711789196254317,1.2557932539683963,0.7733589239760901,0.9836218231972006,-5.551115123125783e-16
1,1.25,local,0.5,dpr,1.0046452425354973,1.264693203281843,1.2352269907311606,1.0238548969313248,1.0286109512487276,2.220446049250313e-16
1,1.25,local,0.5,top,4.103034813821496,1.0240329433716437,1.2600746591652363,0.8126764044679992,3.334439579903479,0.0
1,1.25,local,0.625,paper,1.2812683383866086,0.9942807366671133,1.2554854360709866,0.7919492397926116,1.0146994865556174,2.220446049250313e-16
1,1.25,local,0.625,dpr,1.002787871835377,1.264693203281843,1.2503847033680724,1.0114432781169098,1.0142630523450538,2.220446049250313e-16
1,1.25,local,0.625,top,3.8057773057742006,1.029608804960485,1.2791054516030524,0.8049444271151506,3.0634392331242544,-8.881784197001252e-16
1,1.25,local,0.75,paper,1.3135966190091684,1.008025870825778,1.283660032134428,0.7852747967463516,1.0315343179991192,-2.220446049250313e-16
1,1.25,local,0.75,dpr,1.0087265306734017,1.2944032629009508,1.2612052936992841,1.0263224150481423,1.0352786490838592,-2.220446049250313e-16
1,1.25,local,0.75,top,3.092394178640471,1.04169377057616,1.2952703721114702,0.8042288258921995,2.4869925394838983,0.0
1,1.25,local,0.875,paper,1.2822196744122696,1.0564824693916304,1.3106488715107842,0.8060759005375892,1.033566378738885,4.440892098500626e-16
1,1.25,local,0.875,dpr,1.0013858218657608,1.3164939472316584,1.2961315715269002,1.015710114738406,1.0171177080246852,2.220446049250313e-16
1,1.25,local,0.875,top,2.081104100141983,1.02454155247249,1.307742308998737,0.7834429959346673,1.6304264310671546,-4.440892098500626e-16
1,1.25,hot-cold,0.125,paper,1.307194553593516,0.996182054998938,1.2670663437116185,0.7862114402635153,1.027731312685381,-2.220446049250313e-16
1,1.25,hot-cold,0.125,dpr,1.0,1.2646932032818425,1.2646932032818425,1.0,1.0,0.0
1,1.25,hot-cold,0.125,top,19.15128617451641,0.9316632054668798,1.2966548605788395,0.718512870148789,13.760445596292604,-3.552713678800501e-15
1,1.25,hot-cold,0.25,paper,1.3487571548330368,1.034634491476064,1.3086479574460006,0.7906133086359527,1.0663453567289611,0.0
1,1.25,hot-cold,0.25,dpr,1.0,1.309787973869217,1.309787973869217,1.0,1.0,0.0
1,1.25,hot-cold,0.25,top,16.71641034860472,0.9741947057840942,1.321362228539212,0.7372654407270918,12.324431643038976,-1.7763568394002505e-15
1,1.25,hot-cold,0.375,paper,1.262868869816957,1.0789944334924921,1.3249554928137128,0.8143627762175687,1.0284333988228804,0.0
1,1.25,hot-cold,0.375,dpr,1.0,1.3255427957029116,1.3255427957029116,1.0,1.0,0.0
1,1.25,hot-cold,0.375,top,13.85363497089791,0.9905646547044155,1.3310878662105456,0.7441767593633314,10.309553178045324,-1.7763568394002505e-15
1,1.25,hot-cold,0.5,paper,1.2110876757319666,1.1350490265186957,1.3333118237316732,0.85130050324006,1.0309995478184577,0.0
1,1.25,hot-cold,0.5,dpr,1.0,1.3335631970935717,1.3335631970935717,1.0,1.0,0.0
1,1.25,hot-cold,0.5,top,11.081139429372223,1.0025758066174233,1.336902115701755,0.7499246166509056,8.3100192386272,0.0
1,1.25,hot-cold,0.625,paper,1.224982722809044,1.1225159874733066,1.3380562157655311,0.8389154164431655,1.0276568910410318,0.0
1,1.25,hot-cold,0.625,dpr,1.0,1.338422195205371,1.338422195205371,1.0,1.0,0.0
1,1.25,hot-cold,0.625,top,9.187366835068278,1.0036970417063726,1.340582955320879,0.7487019268167033,6.878599251787497,-8.881784197001252e-16
1,1.25,hot-cold,0.75,paper,1.2294221994196977,1.1345387680687695,1.341202063089081,0.8459118870244496,1.0399828526608654,-2.220446049250313e-16
1,1.25,hot-cold,0.75,dpr,1.0,1.3416812466741148,1.3416812466741148,1.0,1.0,0.0
1,1.25,hot-cold,0.75,top,7.647072586346782,1.015843511962842,1.3431239942562117,0.7563289140146666,5.783702104622989,-8.881784197001252e-16
1,1.25,hot-cold,0.875,paper,1.2535349918182688,1.137369966944967,1.3433626436741792,0.8466589214020351,1.0613165841125642,-2.220446049250313e-16
1,1.25,hot-cold,0.875,dpr,1.0,1.3440188747855584,1.3440188747855584,1.0,1.0,0.0
1,1.25,hot-cold,0.875,top,4.8582073517858975,1.0722284413374688,1.3448779956376056,0.7972681870143367,3.873294167498064,-4.440892098500626e-16
1,1.44,random,0.125,paper,1.1382728711530954,0.9724587477844332,1.135845003366244,0.8561544444025447,0.9745373775805674,-4.440892098500626e-16
1,1.44,random,0.125,dpr,1.0,1.13972970430058,1.13972970430058,1.0,1.0,0.0
1,1.44,random,0.125,top,11.593262932752811,0.8944536930126459,1.3002763245198017,0.6878950851796612,7.974948592636205,8.881784197001252e-16
1,1.44,random,0.25,paper,1.1890697653415012,0.9830266818063728,1.1965391995814851,0.8215582758594179,0.976890106290526,-3.3306690738754696e-16
1,1.44,random,0.25,dpr,1.0,1.2226002250527346,1.2226002250527346,1.0,1.0,0.0
1,1.44,random,0.25,top,13.965283095710566,0.9194440783654735,1.318328994201064,0.6974314320703205,9.739827388708864,5.329070518200751e-15
1,1.44,random,0.375,paper,1.222564777802038,0.9876011894748878,1.3015137383277482,0.7588096540139551,0.9276939560536122,-2.220446049250313e-16
1,1.44,random,0.375,dpr,1.0,1.2763975235167972,1.2763975235167972,1.0,1.0,0.0
1,1.44,random,0.375,top,14.591228060778006,0.9558395264906299,1.3084053582522768,0.7305377652743701,10.659443140129442,-3.552713678800501e-15
1,1.44,random,0.5,paper,1.2474855131673832,0.9864073077064015,1.3147980624021922,0.7502348352295205,0.9359070884223454,-2.220446049250313e-16
1,1.44,random,0.5,dpr,1.0,1.2868456471884313,1.2868456471884313,1.0,1.0,0.0
1,1.44,random,0.5,top,13.899422459266155,0.996522991487633,1.3138356132437565,0.7584837718223335,10.542486373056253,5.329070518200751e-15
1,1.44,random,0.625,paper,1.288947553028584,0.9830821247416665,1.304364024205482,0.7536869359306996,0.971462931817486,-4.440892098500626e-16
1,1.44,random,0.625,dpr,1.0,1.3005135726072663,1.3005135726072663,1.0,1.0,0.0
1,1.44,random,0.625,top,12.728008572312,1.040307709504723,1.3306593671179856,0.7817986595306341,9.950740040327942,0.0
1,1.44,random,0.75,paper,1.3033228110607054,0.9974292225917654,1.3274677783015794,0.7513773508445682,0.9792872410700886,0.0
1,1.44,random,0.75,dpr,1.0,1.3097879738692173,1.3097879738692173,1.0,1.0,0.0
1,1.44,random,0.75,top,9.700910454799503,1.0849976995177355,1.3450958322395157,0.8066322662759797,7.825067385095269,8.881784197001252e-16
1,1.44,random,0.875,paper,1.3025837879167592,1.0288919243895798,1.330918075627601,0.77306931450638,1.0069875560119328,0.0
1,1.44,random,0.875,dpr,1.0,1.330114028376475,1.330114028376475,1.0,1.0,0.0
1,1.44,random,0.875,top,5.923200177664466,1.0985041075713693,1.3455214036028098,0.8164151864325463,4.835790577325226,0.0
1,1.44,local,0.125,paper,1.0952995458406096,0.9494474793667055,1.0311309531749986,0.9207826381733784,1.0085328054092195,-2.220446049250313e-16
1,1.44,local,0.125,dpr,1.0168779875381997,1.0763806261215927,0.9749322402950741,1.1040568581420738,1.1226911160352595,0.0
1,1.44,local,0.125,top,5.933469605620678,1.039756561803337,1.0152611149691584,1.024127238276946,6.076627840604503,-1.7763568394002505e-15
1,1.44,local,0.25,paper,1.1843147007068444,0.953515845627128,1.1582193017378963,0.823260192777298,0.9749991488129044,-3.3306690738754696e-16
1,1.44,local,0.25,dpr,1.0091589761749895,1.1636770098772977,1.0985531692933204,1.0592814643881738,1.0689833980831134,2.220446049250313e-16
1,1.44,local,0.25,top,5.014334705292752,1.054620987126449,1.1742782236501759,0.8981014600170483,4.503381319837577,8.881784197001252e-16
1,1.44,local,0.375,paper,1.2825285241453748,0.958246267339665,1.1948690748243271,0.8019675858466325,1.0285463042883107,0.0
1,1.44,local,0.375,dpr,1.0028922686112165,1.1931569497246715,1.1786551282041493,1.0123037020528793,1.0152315562753451,0.0
1,1.44,local,0.375,top,4.5726267951045525,1.0331982763848153,1.2305998571993966,0.8395891404832205,3.839127800652375,4.440892098500626e-16
1,1.44,local,0.5,paper,1.3498329821948658,0.9644921392636341,1.2189407374705326,0.7912543322369274,1.0680611949579788,0.0
1,1.44,local,0.5,dpr,1.0,1.2306812572566916,1.2306812572566916,1.0,1.0,0.0
1,1.44,local,0.5,top,4.209425982366424,1.0220604542995566,1.22806106138247,0.832255403610785,3.5033175199240936,0.0
1,1.44,local,0.625,paper,1.3835602971276753,0.9823213717948253,1.2333489645708224,0.7964666935417186,1.101959695168877,-2.220446049250313e-16
1,1.44,local,0.625,dpr,1.0168424406528944,1.2657130359190152,1.2261152404441802,1.0322953293203418,1.0496817021406797,-2.220446049250313e-16
1,1.44,local,0.625,top,3.2687910414975723,1.0262575675153411,1.2619155725785836,0.8132537467766551,2.658356561927865,0.0
1,1.44,local,0.75,paper,1.3596217341752843,0.9984561102990758,1.2523622202168907,0.7972582485969258,1.0839696425429024,2.220446049250313e-16
1,1.44,local,0.75,dpr,1.00791953203441,1.2944032629009508,1.261738070118553,1.0258890442921553,1.034013605442177,-4.440892098500626e-16
1,1.44,local,0.75,top,2.76893721271765,1.0433604195310167,1.275343308111477,0.8181016145966379,2.2652720044410235,0.0
1,1.44,local,0.875,paper,1.353522181719066,1.0391878104080856,1.275585324915018,0.8146752632775219,1.1026810397439462,2.220446049250313e-16
1,1.44,local,0.875,dpr,1.0082931688401613,1.3164939472316584,1.274836865970427,1.032676401485708,1.0412405612404794,2.220446049250313e-16
1,1.44,local,0.875,top,2.131780964243352,1.0623908401285063,1.3114915469308754,0.810063048149026,1.7268769858810398,4.440892098500626e-16
1,1.44,hot-cold,0.125,paper,1.2601705766109992,0.9766088213044982,1.270345343310094,0.76877427578849,0.9687867224040848,1.1102230246251565e-16
1,1.44,hot-cold,0.125,dpr,1.0,1.2646932032818425,1.2646932032818425,1.0,1.0,0.0
1,1.44,hot-cold,0.125,top,19.320941419347577,0.9380773558714333,1.2950632088678504,0.7243487031737272,13.99509886119997,0.0
1,1.44,hot-cold,0.25,paper,1.3642135288897226,1.0171620797717182,1.30940083542258,0.7768149005674431,1.0597413967972305,0.0
1,1.44,hot-cold,0.25,dpr,1.0,1.309787973869217,1.309787973869217,1.0,1.0,0.0
1,1.44,hot-cold,0.25,top,16.722022867651663,0.9772789422399494,1.3210481774229608,0.7397753987643203,12.370541135063092,0.0
1,1.44,hot-cold,0.375,paper,1.36964993198715,1.0291595115049361,1.3253316461752644,0.7765297949950545,1.063573980900972,2.220446049250313e-16
1,1.44,hot-cold,0.375,dpr,1.0,1.3255427957029116,1.3255427957029116,1.0,1.0,0.0
1,1.44,hot-cold,0.375,top,13.679144703406246,1.0070548033364357,1.3314681391877863,0.7563491560156692,10.346209551437523,-3.552713678800501e-15
1,1.44,hot-cold,0.5,paper,1.362786137411641,1.0442940874124504,1.3332200698624608,0.7832871039213978,1.0674528068373923,0.0
1,1.44,hot-cold,0.5,dpr,1.0,1.3335631970935717,1.3335631970935717,1.0,1.0,0.0
1,1.44,hot-cold,0.5,top,11.28104920398876,1.0107417190419639,1.3369983991733951,0.7559782567180777,8.528227911182281,0.0
1,1.44,hot-cold,0.625,paper,1.2954786010168124,1.0900808705173584,1.3378816568671896,0.8147812363837272,1.0555316562451398,0.0
1,1.44,hot-cold,0.625,dpr,1.0,1.338422195205371,1.338422195205371,1.0,1.0,0.0
1,1.44,hot-cold,0.625,top,9.31720285939564,1.0161285375567088,1.340582955320879,0.757975128300427,7.062208032751515,-8.881784197001252e-16
1,1.44,hot-cold,0.75,paper,1.329406703701789,1.0832105698275232,1.3408783698932853,0.8078365600854097,1.0739433384729369,2.220446049250313e-16
1,1.44,hot-cold,0.75,dpr,1.0,1.3416812466741148,1.3416812466741148,1.0,1.0,0.0
1,1.44,hot-cold,0.75,top,7.467461888898359,1.020092038667697,1.3431500627533026,0.7594773413304439,5.67136810186694,0.0
1,1.44,hot-cold,0.875,paper,1.3368039002326668,1.0774185500878783,1.343409470801837,0.8020030925082006,1.072120862063623,0.0
1,1.44,hot-cold,0.875,dpr,1.0,1.3440188747855584,1.3440188747855584,1.0,1.0,0.0
1,1.44,hot-cold,0.875,top,4.898753466986112,1.0591184706354018,1.344901265811566,0.7875064865793611,3.857800131404696,-8.881784197001252e-16
1,2.48,random,0.125,paper,1.2163097574990298,0.9673543750253202,1.150589748246835,0.8407465619255583,1.022608246853819,0.0
1,2.48,random,0.125,dpr,1.0058198129541724,1.1875264955464537,1.0988957455691328,1.08065437538974,1.0869435817226158,-4.440892098500626e-16
1,2.48,random,0.125,top,9.669167238151635,0.8977550894896006,1.2843715381712768,0.6989839488095857,6.758592697823507,8.881784197001252e-16
1,2.48,random,0.25,paper,1.1813725098487269,0.9823755809684358,1.1716577109895434,0.838449294323983,0.9905209472164171,-5.551115123125783e-16
1,2.48,random,0.25,dpr,1.0000283391197218,1.2226002250527346,1.1796148502679542,1.0364401777198855,1.0364695495221663,0.0
1,2.48,random,0.25,top,12.454210422985016,0.9223667001570125,1.3040615556876378,0.7073030380614542,8.808900868833927,-3.552713678800501e-15
1,2.48,random,0.375,paper,1.2020956031040486,0.9832869111363809,1.2389330565371908,0.7936562076119439,0.9540506375465516,-1.1102230246251565e-16
1,2.48,random,0.375,dpr,1.000549881958576,1.264693203281843,1.2060574415344527,1.0486177189643544,1.0491943349294564,2.220446049250313e-16
1,2.48,random,0.375,top,13.575272400232992,0.9567357865252643,1.3117178365710258,0.7293762117516649,9.901480756778875,5.329070518200751e-15
1,2.48,random,0.5,paper,1.237277930253832,0.98144175139614,1.2637839112606837,0.7765898447125393,0.9608574757220756,2.220446049250313e-16
1,2.48,random,0.5,dpr,1.0015757015583655,1.2868456471884313,1.262905078071643,1.0189567446773937,1.0205623164078892,2.220446049250313e-16
1,2.48,random,0.5,top,13.4730503974503,0.9980025226774242,1.3299579673992104,0.7504015518844259,10.110197926863789,1.7763568394002505e-15
1,2.48,random,0.625,paper,1.2596944027039654,0.9855274846365812,1.3055862493890036,0.7548543691370789,0.9508858236586112,0.0
1,2.48,random,0.625,dpr,1.0,1.2823532913693645,1.2823532913693645,1.0,1.0,0.0
1,2.48,random,0.625,top,11.941657587337922,1.0411070758405352,1.331532427590161,0.7818863846408574,9.337019477582713,1.7763568394002505e-15
1,2.48,random,0.75,paper,1.2804101171367157,1.0048891157271713,1.312506775817969,0.7656258498939277,0.9803150841455812,-2.220446049250313e-16
1,2.48,random,0.75,dpr,1.0,1.3097879738692173,1.3097879738692173,1.0,1.0,0.0
1,2.48,random,0.75,top,9.504848368636866,1.0825854918115236,1.3453610304209873,0.8046802808557368,7.6483640547659055,0.0
1,2.48,random,0.875,paper,1.2933331466659954,1.0355376680237038,1.3311119497491857,0.77794934394423,1.0061476729501375,-2.220446049250313e-16
1,2.48,random,0.875,dpr,1.0,1.330114028376475,1.330114028376475,1.0,1.0,0.0
1,2.48,random,0.875,top,5.853393805827336,1.0957198518982167,1.3456313048268853,0.8142794002843003,4.766297997836922,8.881784197001252e-16
1,2.48,local,0.125,paper,1.1338065225690763,0.9576136528384305,1.0411479816451619,0.9197670933629096,1.0428379296992676,0.0
1,2.48,local,0.125,dpr,1.0171455677552923,1.0482339568145957,1.046945516406608,1.0012306661500496,1.0183973343752022,4.440892098500626e-16
1,2.48,local,0.125,top,4.7401212838028375,1.0282208286730419,1.0288374194956689,0.9994006916827255,4.737280489692563,-1.7763568394002505e-15
1,2.48,local,0.25,paper,1.19533270132722,0.9811771165908304,1.0803784879046299,0.9081790572244748,1.0855761257609395,2.220446049250313e-16
1,2.48,local,0.25,dpr,1.0714776294678,1.1526546941156326,1.0508664735660322,1.0968612312886814,1.1752622719563282,-4.440892098500626e-16
1,2.48,local,0.25,top,4.4958238695049255,1.0458385401857069,1.117444812169806,0.9359196345052091,4.207729832746845,8.881784197001252e-16
1,2.48,local,0.375,paper,1.2134422805543714,0.9747431313095984,1.1145169698654473,0.8745879674019469,1.0612620177096306,0.0
1,2.48,local,0.375,dpr,1.034156149549487,1.2035445010251205,1.1132828928256897,1.081076974038766,1.1180024008385414,2.220446049250313e-16
1,2.48,local,0.375,top,4.030657382241398,1.0207103979382617,1.190310186489777,0.8575163092137649,3.4563544421248595,4.440892098500626e-16
1,2.48,local,0.5,paper,1.2582020343971223,0.9782411701934962,1.1833879157032012,0.8266445492746127,1.04008585362061,0.0
1,2.48,local,0.5,dpr,1.0823528386442227,1.2891017200074355,1.1161702261203141,1.154932903458832,1.2500449065022807,-2.220446049250313e-16
1,2.48,local,0.5,top,3.80217849325325,1.027227605002036,1.2288900830966685,0.8358986854329028,3.178236004291648,1.3322676295501878e-15
1,2.48,local,0.625,paper,1.2730307556615363,1.0008549956691386,1.2320885328138855,0.8123239272289565,1.0341133429222256,2.220446049250313e-16
1,2.48,local,0.625,dpr,1.0388013909488836,1.2841518488957249,1.1838114221084148,1.0847604820441754,1.126850697593871,2.220446049250313e-16
1,2.48,local,0.625,top,3.649433884986711,1.0300631489301806,1.2439980678496227,0.8280263254031813,3.0218273295874023,-4.440892098500626e-16
1,2.48,local,0.75,paper,1.3603433947705283,1.0141297326551,1.2449473331121406,0.8145964939094742,1.1081309598929845,4.440892098500626e-16
1,2.48,local,0.75,dpr,1.0342268701992732,1.3097879738692173,1.2352544587753376,1.0603385922344892,1.0966306635981788,-2.220446049250313e-16
1,2.48,local,0.75,top,3.2019980352558743,1.0437148660777933,1.2796146219281825,0.8156478116083695,2.6117026902307527,0.0
1,2.48,local,0.875,paper,1.335240982571467,1.0518896649321148,1.3031002705514838,0.8072208169268091,1.0778343167454951,2.220446049250313e-16
1,2.48,local,0.875,dpr,1.0245634114520106,1.330114028376475,1.2648439187501814,1.0516032916462834,1.0774342559832797,0.0
1,2.48,local,0.875,top,2.05485249586457,1.05234679088453,1.3192122190752837,0.7977084927413606,1.639173287281949,0.0
1,2.48,hot-cold,0.125,paper,1.32499399743208,0.9914159076201039,1.2658251817992303,0.7832170839032575,1.0377579348580743,4.440892098500626e-16
1,2.48,hot-cold,0.125,dpr,1.0,1.2646932032818425,1.2646932032818425,1.0,1.0,0.0
1,2.48,hot-cold,0.125,top,17.590623996854845,0.9471788992103082,1.2991555637417491,0.7290727343554616,12.824844336405755,-5.329070518200751e-15
1,2.48,hot-cold,0.25,paper,1.3135711207661551,1.0348866628873157,1.3099411153815392,0.7900253307080067,1.0377544590917689,2.220446049250313e-16
1,2.48,hot-cold,0.25,dpr,1.0,1.309787973869217,1.309787973869217,1.0,1.0,0.0
1,2.48,hot-cold,0.25,top,15.380387217757011,0.9902967371665755,1.3219531520913304,0.7491163628604582,11.521699731951614,-1.7763568394002505e-15
1,2.48,hot-cold,0.375,paper,1.4028908969798597,1.0095203105318582,1.324533516760782,0.7621704530366997,1.0692419905122017,0.0
1,2.48,hot-cold,0.375,dpr,1.0,1.3255427957029116,1.3255427957029116,1.0,1.0,0.0
1,2.48,hot-cold,0.375,top,12.851872749567846,1.0003085022687206,1.3319513616118965,0.7510097824129032,9.651882157251269,0.0
1,2.48,hot-cold,0.5,paper,1.433632151860749,1.0132991956471933,1.3326121558635258,0.7603856764990866,1.0901133536434768,-2.220446049250313e-16
1,2.48,hot-cold,0.5,dpr,1.0,1.3335631970935717,1.3335631970935717,1.0,1.0,0.0
1,2.48,hot-cold,0.5,top,11.433783267698782,1.0004891329045726,1.3373749890225126,0.7480991801976423,8.55360388912298,1.7763568394002505e-15
1,2.48,hot-cold,0.625,paper,1.4389823734245248,1.0345085007659738,1.3370938167151105,0.7736992631582804,1.1133396020163084,0.0
1,2.48,hot-cold,0.625,dpr,1.0,1.338422195205371,1.338422195205371,1.0,1.0,0.0
1,2.48,hot-cold,0.625,top,9.518745809879732,1.0067462823070787,1.3410393256837063,0.7507209244544757,7.145921654040079,0.0
1,2.48,hot-cold,0.75,paper,1.399948166901143,1.057678958071127,1.3406337320285355,0.788939538669324,1.1044744609559534,-2.220446049250313e-16
1,2.48,hot-cold,0.75,dpr,1.0,1.3416812466741148,1.3416812466741148,1.0,1.0,0.0
1,2.48,hot-cold,0.75,top,7.343334577096409,1.0169986715079777,1.3434880477202136,0.7569837880089362,5.558785224787439,-8.881784197001252e-16
1,2.48,hot-cold,0.875,paper,1.4063517528500955,1.0689353074156016,1.3428891029254781,0.7959967096962293,1.1194513679442006,0.0
1,2.48,hot-cold,0.875,dpr,1.0,1.3440188747855584,1.3440188747855584,1.0,1.0,0.0
1,2.48,hot-cold,0.875,top,4.728517633038015,1.0550952542956877,1.345047725621193,0.784429603647265,3.709189212723114,4.440892098500626e-16
1,3.3,random,0.125,paper,1.0803825044839643,0.9685783602436776,1.0289564077590792,0.9413210831283938,1.0169868293138125,4.440892098500626e-16
1,3.3,random,0.125,dpr,1.01634314379638,1.1038657013712043,0.9976191189128214,1.1065001466433078,1.1245838376506143,-4.440892098500626e-16
1,3.3,random,0.125,top,7.63585182793616,0.8994290147524937,1.2383332696816685,0.7263222565147628,5.546089130078968,0.0
1,3.3,random,0.25,paper,1.1328458531626124,0.9692905379713145,1.1174063446366758,0.8674467821162041,0.982683489959594,0.0
1,3.3,random,0.25,dpr,1.005278987869331,1.1171967087309678,1.1109586099089594,1.0056150596128144,1.0109236893137268,-2.220446049250313e-16
1,3.3,random,0.25,top,10.669025173708803,0.9216820725016415,1.3272886804094244,0.694409653382513,7.408674072804435,-8.881784197001252e-16
1,3.3,random,0.375,paper,1.205408798607562,0.9610312962804013,1.140733653935632,0.8424677337823411,1.015518018844207,0.0
1,3.3,random,0.375,dpr,1.015459527870933,1.2312341194910914,1.113744200945023,1.1054909362907364,1.1225813042313868,0.0
1,3.3,random,0.375,top,12.021242322287122,0.9580075052730119,1.3164082507642163,0.727743467664274,8.748380573253758,-1.7763568394002505e-15
1,3.3,random,0.5,paper,1.2716591157960575,0.9658729169036047,1.2403666534599005,0.7786995193795172,0.9902403422849716,-2.220446049250313e-16
1,3.3,random,0.5,dpr,1.01565885171852,1.279812484738725,1.136921838023721,1.125682031900616,1.14330891992035,0.0
1,3.3,random,0.5,top,12.402304774984383,0.9987819965415242,1.3317750758046132,0.7499629739940088,9.301269373427385,0.0
1,3.3,random,0.625,paper,1.3089138616180875,0.9726315679156361,1.292691436992196,0.7524081463545023,0.984837452357779,2.220446049250313e-16
1,3.3,random,0.625,dpr,1.0056578268509604,1.2929082187001097,1.240684129792929,1.0420929772962415,1.0479889589243854,0.0
1,3.3,random,0.625,top,11.300601485942463,1.0424711907921111,1.3326067866526365,0.7822796651146325,8.840230746016987,-1.7763568394002505e-15
1,3.3,random,0.75,paper,1.3884079209396916,0.9753502676195619,1.3144087094474204,0.7420448910671026,1.0302610044503957,0.0
1,3.3,random,0.75,dpr,1.0000101198416271,1.3097879738692173,1.2936441411907973,1.0124793458760302,1.0124895920066612,0.0
1,3.3,random,0.75,top,9.143730267317968,1.0826976839570983,1.3456364907790666,0.8045989324578008,7.357035611766121,2.6645352591003757e-15
1,3.3,random,0.875,paper,1.4712076601255208,0.9880525920718549,1.3316831605300938,0.7419577128831063,1.0915738706828375,-2.220446049250313e-16
1,3.3,random,0.875,dpr,1.000930075685444,1.330114028376475,1.321002837944643,1.0068971770310562,1.0078336676131552,2.220446049250313e-16
1,3.3,random,0.875,top,5.746862586013014,1.0922842036047102,1.3457418688963143,0.8116595231599112,4.664495746228856,-8.881784197001252e-16
1,3.3,local,0.125,paper,1.1245418148548003,0.9782247219387922,0.997644929485069,0.9805339485298638,1.1026514260065163,0.0
1,3.3,local,0.125,dpr,1.0257996084911758,1.0227372329370503,0.9755129633728272,1.0484096791506958,1.0754582384111426,-4.440892098500626e-16
1,3.3,local,0.125,top,4.917620485367143,1.0273645341020168,1.0626509092984797,0.9667940102552045,4.754326029961244,-1.7763568394002505e-15
1,3.3,local,0.25,paper,1.3323205075301805,0.9664907636533504,1.0708355453792493,0.9025576035683949,1.2024960044614672,0.0
1,3.3,local,0.25,dpr,1.059226444752059,1.1326754807287234,1.0604324118083632,1.068126047559376,1.1313873559033862,-2.220446049250313e-16
1,3.3,local,0.25,top,4.503703276143926,1.0439184665456607,1.1380500025912628,0.9172869945685418,4.131188442602557,0.0
1,3.3,local,0.375,paper,1.4265517844406628,0.9657991173907987,1.1530570153768525,0.8375987522829889,1.1948779947145702,-2.220446049250313e-16
1,3.3,local,0.375,dpr,1.009934525167229,1.1655678579849391,1.1412403373248774,1.0213167374692405,1.031463034301341,2.220446049250313e-16
1,3.3,local,0.375,top,4.038815252228759,1.0450364257020968,1.1616354397328277,0.8996251233024121,3.633419669281961,8.881784197001252e-16
1,3.3,local,0.5,paper,1.4642353849709786,0.9674252251838539,1.167813894406494,0.8284070174345017,1.212982868085868,2.220446049250313e-16
1,3.3,local,0.5,dpr,1.0392648417910015,1.2226002250527346,1.183325048575978,1.0331905223539555,1.0737585847541458,0.0
1,3.3,local,0.5,top,3.854375822158857,1.0214866267007523,1.1849117516413619,0.862078230961732,3.3227734902283776,-1.3322676295501878e-15
1,3.3,local,0.625,paper,1.4631634884019116,0.9861228866632211,1.1912198575780322,0.827826098087543,1.2112449214679124,0.0
1,3.3,local,0.625,dpr,1.055704352486538,1.264693203281843,1.1658527086585435,1.0847795728304543,1.145206516525598,0.0
1,3.3,local,0.625,top,3.2385266343032177,1.0306370970823204,1.23713215168926,0.8330856939374036,2.69797020847326,0.0
1,3.3,local,0.75,paper,1.593609546254691,0.9944385171609189,1.202907036904833,0.8266960676526437,1.317430745262467,0.0
1,3.3,local,0.75,dpr,1.073896500795025,1.3097879738692173,1.1828984510310703,1.1072700050689424,1.189093383878827,2.220446049250313e-16
1,3.3,local,0.75,top,3.0178716849445206,1.025900123129004,1.283377642478902,0.7993750936376228,2.4124114607388565,-4.440892098500626e-16
1,3.3,local,0.875,paper,1.6596880378292989,1.0173747292532191,1.219115249391572,0.8345189101366453,1.3850410524961336,-2.220446049250313e-16
1,3.3,local,0.875,dpr,1.0328422552004195,1.330114028376475,1.2566248843714498,1.0584813693561255,1.0932442846134087,0.0
1,3.3,local,0.875,top,1.9221343473816828,1.0614829348191794,1.3197607953965353,0.804299490121046,1.545971675543237,0.0
1,3.3,hot-cold,0.125,paper,1.31352683524624,0.985548188815612,1.2710974999479006,0.77535215737267,1.0184458654750677,-2.220446049250313e-16
1,3.3,hot-cold,0.125,dpr,1.0,1.2646932032818425,1.2646932032818425,1.0,1.0,0.0
1,3.3,hot-cold,0.125,top,15.160703861305562,0.9370094413072785,1.3098263502612588,0.7153692099112084,10.84550074295997,3.552713678800501e-15
1,3.3,hot-cold,0.25,paper,1.3894474300216382,1.0094717646857503,1.3109865748661556,0.7700092312454166,1.0698873474468813,-2.220446049250313e-16
1,3.3,hot-cold,0.25,dpr,1.0,1.309787973869217,1.309787973869217,1.0,1.0,0.0
1,3.3,hot-cold,0.25,top,14.2279586195002,0.9764527455618816,1.326591927004066,0.7360611245140561,10.472647221008772,-1.7763568394002505e-15
1,3.3,hot-cold,0.375,paper,1.382304569642711,1.0353313254063368,1.3250278030544422,0.7813657366431861,1.0800854283241192,0.0
1,3.3,hot-cold,0.375,dpr,1.0,1.3255427957029116,1.3255427957029116,1.0,1.0,0.0
1,3.3,hot-cold,0.375,top,11.81984360553811,0.9951138702013347,1.3340605820128377,0.7459285459884449,8.816758754489863,1.7763568394002505e-15
1,3.3,hot-cold,0.5,paper,1.3826163712179669,1.0474964925935324,1.3125184647552741,0.7980813380700466,1.103440323579187,-2.220446049250313e-16
1,3.3,hot-cold,0.5,dpr,1.0,1.3335631970935717,1.3335631970935717,1.0,1.0,0.0
1,3.3,hot-cold,0.5,top,10.28247595832234,0.9932437543414114,1.3387689326800059,0.7419082786400585,7.628654038396712,-1.7763568394002505e-15
1,3.3,hot-cold,0.625,paper,1.4515347250862034,1.0392025112100551,1.336909553133899,0.7773169910963851,1.1283026049759262,0.0
1,3.3,hot-cold,0.625,dpr,1.0,1.338422195205371,1.338422195205371,1.0,1.0,0.0
1,3.3,hot-cold,0.625,top,8.759677644132713,1.0113278869558342,1.3419108580389407,0.7536475920865428,6.60170996395494,1.7763568394002505e-15
1,3.3,hot-cold,0.75,paper,1.487866909498219,1.04974777251898,1.3397006825659405,0.7835688868265626,1.1658462180215978,4.440892098500626e-16
1,3.3,hot-cold,0.75,dpr,1.0,1.3416812466741148,1.3416812466741148,1.0,1.0,0.0
1,3.3,hot-cold,0.75,top,7.164566341963251,1.0270519781425964,1.3438889470976134,0.7642387269876076,5.475439060600256,0.0
1,3.3,hot-cold,0.875,paper,1.4660883475060371,1.100152798445283,1.3417080697657169,0.8199643597860947,1.2021401932526417,4.440892098500626e-16
1,3.3,hot-cold,0.875,dpr,1.0,1.3440188747855584,1.3440188747855584,1.0,1.0,0.0
1,3.3,hot-cold,0.875,top,4.596001885042856,1.071474187870385,1.3452573482795558,0.7964826873019419,3.660635932243725,0.0
1,4.55,random,0.125,paper,1.1496373455267883,0.9820526349597175,1.05796411515239,0.9282475850499541,1.067148089668481,2.220446049250313e-16
1,4.55,random,0.125,dpr,1.0453143301884518,1.0712142321877878,1.0305292481603199,1.0394796985142323,1.0865830247968993,8.881784197001252e-16
1,4.55,random,0.125,top,7.297147343072024,0.8948780615907205,1.205133648392741,0.7425550375962024,5.418533519679875,0.0
1,4.55,random,0.25,paper,1.1824828774061502,0.9704100708681679,1.057479779230047,0.9176630039911735,1.0851207894486543,0.0
1,4.55,random,0.25,dpr,1.0390817377457398,1.1590742422163391,1.0704611239522506,1.0827803236206468,1.125097260264636,0.0
1,4.55,random,0.25,top,10.228653093646615,0.9231657367794468,1.2684948458793064,0.7277646730519576,7.4440523744596225,-8.881784197001252e-16
1,4.55,random,0.375,paper,1.2349887164660338,0.9733198434461068,1.128406560537833,0.8625613121056234,1.0652534877105817,0.0
1,4.55,random,0.375,dpr,1.008633574307687,1.1554008560457854,1.1111097183827234,1.0398620738620934,1.0488398003465274,0.0
1,4.55,random,0.375,top,11.886422490388236,0.96080096032243,1.3034708608643817,0.7371096578908453,8.761596815436123,1.7763568394002505e-15
1,4.55,random,0.5,paper,1.2738394482508462,0.9792416170640966,1.1778159307413885,0.8314046291152666,1.0590760140253903,-2.220446049250313e-16
1,4.55,random,0.5,dpr,1.009807947761234,1.2068531567565122,1.158322614437676,1.0418972587722428,1.0521161326588542,2.220446049250313e-16
1,4.55,random,0.5,top,12.397651402461088,1.0004682473632218,1.3319908432679257,0.7511074512409248,9.311968346276023,-1.7763568394002505e-15
1,4.55,random,0.625,paper,1.3351236655809915,0.9721022575080587,1.2322955931753339,0.7888547706343584,1.0532186729803974,4.440892098500626e-16
1,4.55,random,0.625,dpr,1.0119830189864398,1.2591594063916467,1.1744965874232707,1.0720843464978624,1.084931153577011,-2.220446049250313e-16
1,4.55,random,0.625,top,11.495751977025812,1.045039000980983,1.332655028640346,0.7841781845427724,9.014717915298087,0.0
1,4.55,random,0.75,paper,1.3888891614555594,0.9772741206353759,1.285738793719655,0.7600876052033184,1.0556774366236013,0.0
1,4.55,random,0.75,dpr,1.0059943298543204,1.287381195753792,1.251720586639058,1.0284892726822403,1.0346543766343277,0.0
1,4.55,random,0.75,top,9.16999575670602,1.0762635835141288,1.3456131202772665,0.7998313685380551,7.334450255574335,0.0
1,4.55,random,0.875,paper,1.409272378818475,0.9978570201935867,1.318233231501745,0.7569654567551886,1.066770509924798,0.0
1,4.55,random,0.875,dpr,1.0000174372489528,1.3164939472316584,1.28867702514082,1.0215856429098662,1.0216034565530483,2.220446049250313e-16
1,4.55,random,0.875,top,5.690703392253849,1.0978311288514144,1.3457240026560875,0.8157921882084284,4.6424313728118936,0.0
1,4.55,local,0.125,paper,1.14989392128405,0.9939899601873537,1.0202828485499353,0.9742298046076634,1.1202609302520998,0.0
1,4.55,local,0.125,dpr,1.2921198779999783,1.1103064020747269,1.0376151189862264,1.0700561140237832,1.3826407755055417,0.0
1,4.55,local,0.125,top,4.083023467461062,1.0403890352572545,1.028338381619317,1.0117185683752865,4.130870657142404,8.881784197001252e-16
1,4.55,local,0.25,paper,1.2366584522631336,0.9872610849152651,1.0384597177973314,0.9506975263415481,1.1756881314959289,2.220446049250313e-16
1,4.55,local,0.25,dpr,1.108305008416892,1.1839008684232852,1.007173186025234,1.175469010543757,1.3027781916244947,4.440892098500626e-16
1,4.55,local,0.25,top,4.199720290512024,1.0375703157089395,1.0830401129688074,0.958016515994752,4.023401400868796,-1.7763568394002505e-15
1,4.55,local,0.375,paper,1.3162373463839678,0.9794312092426384,1.1170954411145468,0.8767659173914825,1.1540320445072698,-2.220446049250313e-16
1,4.55,local,0.375,dpr,1.114278402525544,1.1849034496488307,1.0167244693219946,1.1654125433205977,1.298594027054507,0.0
1,4.55,local,0.375,top,3.6219104186500246,1.0414127178686794,1.1488460997708982,0.9064858365940894,3.283210495918816,0.0
1,4.55,local,0.5,paper,1.4427646738657924,0.982634544989359,1.129567121018726,0.8699213412861624,1.2550917802496229,0.0
1,4.55,local,0.5,dpr,1.107809742650529,1.2101622042946223,1.0849144590374569,1.115444811536834,1.2357006296094877,-2.220446049250313e-16
1,4.55,local,0.5,top,3.710988876805948,1.0419967040984972,1.1774812639834953,0.8849369717980522,3.28399125901691,-4.440892098500626e-16
1,4.55,local,0.625,paper,1.4762629279663368,0.9949501344689847,1.1769254706495935,0.8453807477884142,1.2480042579764958,2.220446049250313e-16
1,4.55,local,0.625,dpr,1.0768859665474466,1.2538251533886529,1.1307165446994247,1.1088766316070433,1.194133683210028,2.220446049250313e-16
1,4.55,local,0.625,top,3.338924236290899,1.0262752677098743,1.2534555403984413,0.8187568163635447,2.733766977784616,0.0
1,4.55,local,0.75,paper,1.4643585240638444,1.00997722187763,1.199384753045558,0.8420794238988184,1.2331061823250065,4.440892098500626e-16
1,4.55,local,0.75,dpr,1.0477088590773072,1.2944032629009508,1.1751890150463673,1.1014426158926272,1.1539911864359889,-2.220446049250313e-16
1,4.55,local,0.75,top,2.6690149742218545,1.0315976339398834,1.297001422144777,0.7953712434902264,2.122857758940872,1.3322676295501878e-15
1,4.55,local,0.875,paper,1.5386217300600182,1.0377564165252784,1.2540799749275895,0.8275041761871673,1.2732159071969895,0.0
1,4.55,local,0.875,dpr,1.1304812196091538,1.3440188747855584,1.184128925306009,1.1350274839694754,1.283127254367722,0.0
1,4.55,local,0.875,top,2.12939257604124,1.0376771867221029,1.3098202422501597,0.7922286992140706,1.6869659106332509,2.220446049250313e-16
1,4.55,hot-cold,0.125,paper,1.3789372989543551,0.9570936976343599,1.1961186868132,0.8001661609219812,1.1033789646564327,0.0
1,4.55,hot-cold,0.125,dpr,1.0031313695241886,1.2646932032818425,1.1990469712918033,1.0547486742069119,1.058051482061002,4.440892098500626e-16
1,4.55,hot-cold,0.125,top,13.72789255625271,0.9482204004699418,1.2786227782307007,0.7415951104688168,10.180537996758275,0.0
1,4.55,hot-cold,0.25,paper,1.534873532934869,0.9618098922920334,1.2673947596318862,0.7588873829424625,1.1647961585565945,2.220446049250313e-16
1,4.55,hot-cold,0.25,dpr,1.0153296743209743,1.309787973869217,1.2790191651857055,1.0240565657818304,1.0397550194215217,4.440892098500626e-16
1,4.55,hot-cold,0.25,top,13.25034247867998,0.9828299036897459,1.303248433059997,0.7541385654169437,9.992594268154912,1.7763568394002505e-15
1,4.55,hot-cold,0.375,paper,1.598646715650753,0.9619556189904905,1.324589163299598,0.7262294193878389,1.1609842761133218,0.0
1,4.55,hot-cold,0.375,dpr,1.0,1.3255427957029116,1.3255427957029116,1.0,1.0,0.0
1,4.55,hot-cold,0.375,top,11.88021313268416,1.0050849079092985,1.3342971399028614,0.7532691765962041,8.948998364244408,1.7763568394002505e-15
1,4.55,hot-cold,0.5,paper,1.7173332351274375,0.9683564159124124,1.331421189083963,0.7273103536670132,1.2490342426046526,0.0
1,4.55,hot-cold,0.5,dpr,1.0,1.3335631970935717,1.3335631970935717,1.0,1.0,0.0
1,4.55,hot-cold,0.5,top,10.053546732005511,1.0064811507552336,1.3387130274262207,0.7518274119512166,7.558532020454315,0.0
1,4.55,hot-cold,0.625,paper,1.7791883803547217,0.97048942267392,1.335532273237253,0.7266686415008975,1.2928804033265475,-2.220446049250313e-16
1,4.55,hot-cold,0.625,dpr,1.001310737476813,1.338422195205371,1.3204233879787302,1.013631087869621,1.014959692124155,4.440892098500626e-16
1,4.55,hot-cold,0.625,top,8.476553553400388,1.0092036121056807,1.3419931719515412,0.7520184403308742,6.374524582609289,0.0
1,4.55,hot-cold,0.75,paper,1.822426496215172,0.9840354669665108,1.3217099700677266,0.7445169433927227,1.356827404520029,0.0
1,4.55,hot-cold,0.75,dpr,1.0,1.3416812466741148,1.3416812466741148,1.0,1.0,0.0
1,4.55,hot-cold,0.75,top,7.026742963093475,1.0154632022230428,1.3440813230467503,0.7555072634453404,5.308755346980554,8.881784197001252e-16
1,4.55,hot-cold,0.875,paper,1.9374541628852493,0.9978777232791174,1.339369204551068,0.7450355883115797,1.443472302071931,0.0
1,4.55,hot-cold,0.875,dpr,1.0,1.3440188747855584,1.3440188747855584,1.0,1.0,0.0
1,4.55,hot-cold,0.875,top,4.702330990352639,1.071784032657989,1.3454095661839056,0.7966228720210285,3.745984418728207,4.440892098500626e-16
2,1.07,random,0.125,paper,1.1604092367473662,1.0049574088335413,1.2729227374434187,0.7894881435238811,0.916129334047642,0.0
2,1.07,random,0.125,dpr,1.0,1.2646932032818425,1.2646932032818425,1.0,1.0,0.0
2,1.07,random,0.125,top,13.055649754154414,0.895479157920967,1.2927265730590376,0.6927057713387558,9.04372393328017,-1.7763568394002505e-15
2,1.07,random,0.25,paper,1.2138510649219163,0.9880447629718562,1.3158963658931073,0.7508530220016709,0.9114237403565676,3.3306690738754696e-16
2,1.07,random,0.25,dpr,1.0,1.264693203281843,1.264693203281843,1.0,1.0,0.0
2,1.07,random,0.25,top,15.20875751896653,0.9207110566929108,1.2925740439951965,0.7123081737330108,10.833322293083246,0.0
2,1.07,random,0.375,paper,1.2320054907244278,0.9872222735636353,1.3000832721210847,0.7593531081689737,0.935527198662836,0.0
2,1.07,random,0.375,dpr,1.0,1.2944032629009508,1.2944032629009508,1.0,1.0,0.0
2,1.07,random,0.375,top,15.295698400000578,0.9621920778330971,1.3049744154014773,0.7373263923623187,11.277922119934518,1.7763568394002505e-15
2,1.07,random,0.5,paper,1.252932843250157,0.991635539809763,1.3134615523058575,0.7549787339179359,0.945937651681203,-1.1102230246251565e-16
2,1.07,random,0.5,dpr,1.0,1.309787973869217,1.309787973869217,1.0,1.0,0.0
2,1.07,random,0.5,top,14.567680100507564,1.0050313680626461,1.3270360018439094,0.7573504913703626,11.032839682245656,0.0
2,1.07,random,0.625,paper,1.283644808735738,0.9938791438404714,1.3034626796734392,0.7624914463139606,0.97876818676632,-1.1102230246251565e-16
2,1.07,random,0.625,dpr,1.000331837622655,1.3191956029958063,1.2996652253339454,1.0150272372309128,1.0153640614562458,2.220446049250313e-16
2,1.07,random,0.625,top,12.483798670709112,1.0480731324887294,1.3298067738447987,0.7881394147651181,9.838973778378238,0.0
2,1.07,random,0.75,paper,1.3243284251212657,0.9929501932851816,1.3269721857878087,0.7482825969676811,0.9909719131878596,-2.220446049250313e-16
2,1.07,random,0.75,dpr,1.0,1.3255427957029118,1.3255427957029118,1.0,1.0,0.0
2,1.07,random,0.75,top,9.862212092420586,1.080337815179071,1.3449041688760595,0.803282375191024,7.9221411542372495,2.6645352591003757e-15
2,1.07,random,0.875,paper,1.284203317233909,1.033902644274582,1.3306655838155632,0.7769815773772097,0.9978023190974478,0.0
2,1.07,random,0.875,dpr,1.0,1.330114028376475,1.330114028376475,1.0,1.0,0.0
2,1.07,random,0.875,top,5.8948452926269,1.1011350917660163,1.3454816865769474,0.8183947078220176,4.824310190915388,8.881784197001252e-16
2,1.07,local,0.125,paper,1.2368183041075371,0.9654078148997619,1.1008738241026497,0.8769468341993601,1.0846238962669263,2.220446049250313e-16
2,1.07,local,0.125,dpr,1.0013995904672306,1.1203494951156423,1.0684501039265204,1.0485744640750123,1.0500420388991123,-8.881784197001252e-16
2,1.07,local,0.125,top,5.913543710049446,1.0405596796914651,1.1807187759826456,0.8812934128412298,5.211567118215264,0.0
2,1.07,local,0.25,paper,1.2098077852765894,0.9712154199377976,1.1606197779496854,0.836807573323898,1.0123763169856623,2.220446049250313e-16
2,1.07,local,0.25,dpr,1.018914165886235,1.2226002250527346,1.1571261260223455,1.0565833728562142,1.0765677660430546,2.220446049250313e-16
2,1.07,local,0.25,top,4.5781592150872585,1.0408502044915087,1.1730187328297659,0.8873261571710653,4.062320423240679,8.881784197001252e-16
2,1.07,local,0.375,paper,1.230559189898092,0.9869622792629084,1.1693702777501358,0.8440117711575672,1.0386064413801095,-2.220446049250313e-16
2,1.07,local,0.375,dpr,1.0111593520863924,1.2363163945674105,1.167706610128382,1.0587560127209397,1.0705710438404774,-2.220446049250313e-16
2,1.07,local,0.375,top,4.618457705160162,1.0459507887254886,1.1762071978919377,0.8892572589252118,4.106997039352749,0.0
2,1.07,local,0.5,paper,1.2447570132993275,0.9982339418969923,1.2041504229456883,0.8289943871422918,1.031896577381146,4.440892098500626e-16
2,1.07,local,0.5,dpr,1.0130075596863577,1.2432905401035432,1.1845847367639202,1.0495581291212626,1.063210319130109,-2.220446049250313e-16
2,1.07,local,0.5,top,4.203325328994785,1.0394840256743896,1.2309827953266173,0.8444342436147394,3.5494318448563877,8.881784197001252e-16
2,1.07,local,0.625,paper,1.275777187033301,1.002987027710105,1.2375551109523923,0.8104584748054012,1.0339644331945343,2.220446049250313e-16
2,1.07,local,0.625,dpr,1.0148621742365591,1.2823532913693645,1.204753343409284,1.0644114817232906,1.0802309506240564,2.220446049250313e-16
2,1.07,local,0.625,top,3.4623144467179894,1.0197002550316279,1.264357799246392,0.8064965911068925,2.792344798618205,-4.440892098500626e-16
2,1.07,local,0.75,paper,1.341583309168238,1.0096705407036255,1.2529212633652003,0.8058531451463824,1.081119129169116,-2.220446049250313e-16
2,1.07,local,0.75,dpr,1.0023768288971977,1.2944032629009508,1.2622686252724789,1.025457843905084,1.0278951817413358,0.0
2,1.07,local,0.75,top,2.838819665182236,1.024229424119425,1.2878922176670233,0.7952757304293558,2.2576443827850223,4.440892098500626e-16
2,1.07,local,0.875,paper,1.3502608815446648,1.0342743376701322,1.3029005634781385,0.7938244611001631,1.0718701166368243,-4.440892098500626e-16
2,1.07,local,0.875,dpr,1.0057438531946916,1.3164939472316584,1.2882788143345165,1.0219014180650925,1.0277710697899056,0.0
2,1.07,local,0.875,top,2.2741665228559285,1.025781626289925,1.3190621629741857,0.777659806401406,1.7685278978886998,-2.220446049250313e-16
2,1.07,hot-cold,0.125,paper,1.2684841997197671,1.0251426222476385,1.264978790379924,0.8104030123222438,1.0279834165360704,4.440892098500626e-16
2,1.07,hot-cold,0.125,dpr,1.0,1.2646932032818425,1.2646932032818425,1.0,1.0,0.0
2,1.07,hot-cold,0.125,top,20.139998830945068,0.9419566714789983,1.2939330336994024,0.7279794602553035,14.661505478493837,3.552713678800501e-15
2,1.07,hot-cold,0.25,paper,1.2563883631751869,1.0565877444677045,1.30940083542258,0.8069245993162318,1.0138106765407138,-2.220446049250313e-16
2,1.07,hot-cold,0.25,dpr,1.0,1.309787973869217,1.309787973869217,1.0,1.0,0.0
2,1.07,hot-cold,0.25,top,17.292489866022045,0.9746293083407936,1.3199055543917062,0.7384083695215321,12.768919246936957,1.7763568394002505e-15
2,1.07,hot-cold,0.375,paper,1.2621813928503371,1.097406404957967,1.3249735998969279,0.8282477515350769,1.0453989006577034,0.0
2,1.07,hot-cold,0.375,dpr,1.0,1.3255427957029116,1.3255427957029116,1.0,1.0,0.0
2,1.07,hot-cold,0.375,top,14.286341770743304,0.9900878187177884,1.3305595170375697,0.7441138904647978,10.630665355537548,0.0
2,1.07,hot-cold,0.5,paper,1.2020653174327236,1.1310784596990615,1.333117324959168,0.8484462984034097,1.019887869014914,0.0
2,1.07,hot-cold,0.5,dpr,1.0,1.3335631970935717,1.3335631970935717,1.0,1.0,0.0
2,1.07,hot-cold,0.5,top,11.620023480049165,0.9968132092214235,1.3366003006977716,0.745782571424709,8.666010990966562,0.0
2,1.07,hot-cold,0.625,paper,1.2161495671056683,1.131739548298398,1.338201595664492,0.845716782856193,1.0285180993645575,-2.220446049250313e-16
2,1.07,hot-cold,0.625,dpr,1.0,1.338422195205371,1.338422195205371,1.0,1.0,0.0
2,1.07,hot-cold,0.625,top,9.624959748031626,1.0151579516104645,1.3403246085001013,0.757397085133342,7.289916457684899,-8.881784197001252e-16
2,1.07,hot-cold,0.75,paper,1.2516876737440854,1.108504026884329,1.3412399071358105,0.8264770687083982,1.0344911595344457,0.0
2,1.07,hot-cold,0.75,dpr,1.0,1.3416812466741148,1.3416812466741148,1.0,1.0,0.0
2,1.07,hot-cold,0.75,top,7.33450007483785,1.0207190481438546,1.342988490064593,0.760035589057626,5.574481084822587,-8.881784197001252e-16
2,1.07,hot-cold,0.875,paper,1.255556960044781,1.1165636963218823,1.3435938638036549,0.8310276835895483,1.0434025921207493,0.0
2,1.07,hot-cold,0.875,dpr,1.0,1.3440188747855584,1.3440188747855584,1.0,1.0,0.0
2,1.07,hot-cold,0.875,top,4.945121103815856,1.06440354127919,1.3447752250037315,0.7915103739929745,3.91411465432184,8.881784197001252e-16
2,1.25,random,0.125,paper,1.153910244197461,0.9881090285940652,1.2051507128465295,0.8199049447186415,0.9460967149789932,-1.1102230246251565e-16
2,1.25,random,0.125,dpr,1.0,1.1832189663708097,1.1832189663708097,1.0,1.0,0.0
2,1.25,random,0.125,top,11.97705546217936,0.8940239794405206,1.268757719992422,0.7046451543529212,8.439574094840873,0.0
2,1.25,random,0.25,paper,1.200962741671598,0.9760324395866952,1.235745957849073,0.7898325973775123,0.9485595216080964,-2.220446049250313e-16
2,1.25,random,0.25,dpr,1.0,1.309787973869217,1.309787973869217,1.0,1.0,0.0
2,1.25,random,0.25,top,14.200653204807134,0.9225944095969132,1.2758839154567752,0.7231021556272368,10.268522943710863,-3.552713678800501e-15
2,1.25,random,0.375,paper,1.2203202389270698,0.9834351258221432,1.2733180076638175,0.7723405464330718,0.94250280015627,1.1102230246251565e-16
2,1.25,random,0.375,dpr,1.0,1.2944032629009508,1.2944032629009508,1.0,1.0,0.0
2,1.25,random,0.375,top,14.93217740458174,0.9583340023914776,1.3071558495306106,0.7331444087065883,10.94744237398396,3.552713678800501e-15
2,1.25,random,0.5,paper,1.255986213604665,0.9887114959937917,1.2926445302147946,0.764875008467719,0.9606724657662064,-1.1102230246251565e-16
2,1.25,random,0.5,dpr,1.0,1.2868456471884313,1.2868456471884313,1.0,1.0,0.0
2,1.25,random,0.5,top,14.069112219688066,1.005045017901132,1.3281268759245937,0.7567387093205656,10.646641822412944,-1.7763568394002505e-15
2,1.25,random,0.625,paper,1.2763966411919268,0.9918443343797708,1.3037718556949256,0.7607499195870479,0.971018642147936,-2.220446049250313e-16
2,1.25,random,0.625,dpr,1.0,1.300513572607266,1.300513572607266,1.0,1.0,0.0
2,1.25,random,0.625,top,12.349506742625326,1.0534284043374924,1.3304841533446188,0.7917632101737899,9.777885102603896,3.552713678800501e-15
2,1.25,random,0.75,paper,1.2917530050721415,1.0024690750067204,1.3116942199986215,0.7642551592609549,0.9872288986172268,2.220446049250313e-16
2,1.25,random,0.75,dpr,1.0,1.3097879738692173,1.3097879738692173,1.0,1.0,0.0
2,1.25,random,0.75,top,9.663701292749124,1.0831403088745621,1.331996473817375,0.8131705527495768,7.858237321831607,8.881784197001252e-16
2,1.25,random,0.875,paper,1.3164587867403046,1.0249983946770498,1.3308385197527914,0.7701899061859491,1.0139232694571834,-2.220446049250313e-16
2,1.25,random,0.875,dpr,1.0,1.330114028376475,1.330114028376475,1.0,1.0,0.0
2,1.25,random,0.875,top,5.866295856487901,1.1015274694065054,1.3455634962961083,0.8186365581696045,4.802364249159867,0.0
2,1.25,local,0.125,paper,1.037303114406494,0.9726761588642354,0.9708365531796306,1.0018948665237004,1.039268665352913,0.0
2,1.25,local,0.125,dpr,1.114154521266534,1.1160003632248696,0.9832058221295018,1.1350628099493465,1.2646353616265609,-2.220446049250313e-16
2,1.25,local,0.125,top,5.0802962672477605,1.035783279383467,1.018851710166856,1.0166182861035176,5.164722084107517,8.881784197001252e-16
2,1.25,local,0.25,paper,1.0806025315143022,0.981040350447028,1.0345127152339741,0.9483115441699985,1.0247478552943374,0.0
2,1.25,local,0.25,dpr,1.022823031187014,1.1234789964008438,1.0337414582692261,1.086808492988047,1.1116127571178251,2.220446049250313e-16
2,1.25,local,0.25,top,4.768730436013228,1.0451040320200606,1.0684892351985145,0.9781137681053856,4.6643608958477385,1.7763568394002505e-15
2,1.25,local,0.375,paper,1.1554189348807595,0.9732429437917747,1.1100322510703524,0.8767699702898919,1.013036625207782,0.0
2,1.25,local,0.375,dpr,1.0173083737288144,1.1453003432505098,1.0745719570725165,1.0658200558022008,1.0842676676556913,0.0
2,1.25,local,0.375,top,3.904073617363704,1.0411270152434613,1.1957459124124339,0.8706925145518358,3.399247674897885,0.0
2,1.25,local,0.5,paper,1.197091593391785,0.9726994950555606,1.2055254377451037,0.8068676650033728,0.9658944987551966,1.1102230246251565e-16
2,1.25,local,0.5,dpr,1.0,1.1915395701023974,1.1915395701023974,1.0,1.0,0.0
2,1.25,local,0.5,top,3.790082806226709,1.0214431521714091,1.2031902829691574,0.848945646112397,3.21757429675162,0.0
2,1.25,local,0.625,paper,1.258110042336301,0.9844143400084114,1.2280367033803627,0.8016163827177618,1.0085216211985155,-2.220446049250313e-16
2,1.25,local,0.625,dpr,1.0003210119924837,1.2328538982004207,1.1963950105144263,1.0304739549777275,1.0308047494752173,-2.220446049250313e-16
2,1.25,local,0.625,top,3.7492607664706097,1.0332717873124764,1.2516879580687112,0.8255026986971741,3.095024880840924,4.440892098500626e-16
2,1.25,local,0.75,paper,1.2564194758764995,1.0105246321156285,1.2708065297677895,0.7951836951139042,0.9990842814405496,0.0
2,1.25,local,0.75,dpr,1.0086142895876984,1.2793757722923933,1.2468882448038867,1.0260548831251644,1.0348936170212766,0.0
2,1.25,local,0.75,top,3.106211986145622,1.0353488085498335,1.2752594375521862,0.8118730809294363,2.52184989521199,0.0
2,1.25,local,0.875,paper,1.3192030527840166,1.0321637469835334,1.290661782362458,0.7997166733288068,1.0549886768176402,0.0
2,1.25,local,0.875,dpr,1.0129542326702283,1.3164939472316584,1.2605364606811074,1.0443918032488448,1.05792109766701,2.220446049250313e-16
2,1.25,local,0.875,top,2.245379549353207,1.018466637630259,1.3064524980301289,0.7795665278040377,1.7504227388914748,2.220446049250313e-16
2,1.25,hot-cold,0.125,paper,1.167743798072301,1.0653029213729834,1.2674726870384336,0.8404937891499356,0.981481409598126,4.440892098500626e-16
2,1.25,hot-cold,0.125,dpr,1.0,1.2646932032818425,1.2646932032818425,1.0,1.0,0.0
2,1.25,hot-cold,0.125,top,18.573801907268237,0.9437690455975519,1.2982272467457696,0.7269675227994726,13.50255076149491,-1.7763568394002505e-15
2,1.25,hot-cold,0.25,paper,1.2454369438129869,1.062677963386136,1.3098263502612588,0.8113120973434178,1.0104380589938908,0.0
2,1.25,hot-cold,0.25,dpr,1.0,1.309787973869217,1.309787973869217,1.0,1.0,0.0
2,1.25,hot-cold,0.25,top,16.14945356854232,0.9824702665558607,1.3209801831514991,0.7437433801708926,12.01104918498055,1.7763568394002505e-15
2,1.25,hot-cold,0.375,paper,1.285957479350638,1.0598821298573837,1.3249916872767038,0.7999160598779242,1.0286580400527097,2.220446049250313e-16
2,1.25,hot-cold,0.375,dpr,1.0,1.3255427957029116,1.3255427957029116,1.0,1.0,0.0
2,1.25,hot-cold,0.375,top,13.878296957541927,0.9916833936117201,1.3310395705140465,0.7450442613278077,10.339945505219786,0.0
2,1.25,hot-cold,0.5,paper,1.2204652056973124,1.0981074463781715,1.333493325483973,0.8234817718188643,1.0050308500308975,0.0
2,1.25,hot-cold,0.5,dpr,1.0,1.3335631970935717,1.3335631970935717,1.0,1.0,0.0
2,1.25,hot-cold,0.5,top,11.478150974024382,1.006627913967687,1.3368349444364578,0.7529934178912645,8.642972133002566,0.0
2,1.25,hot-cold,0.625,paper,1.2423657303756468,1.096015893995537,1.338253942617967,0.8189894750853112,1.0174844573843302,0.0
2,1.25,hot-cold,0.625,dpr,1.0,1.338422195205371,1.338422195205371,1.0,1.0,0.0
2,1.25,hot-cold,0.625,top,9.398404744456489,1.010070532228019,1.340552348289114,0.753473397377675,7.08144795273609,-8.881784197001252e-16
2,1.25,hot-cold,0.75,paper,1.251339785753111,1.1054005033930097,1.3412446258086876,0.8241602479685772,1.03130450811923,-2.220446049250313e-16
2,1.25,hot-cold,0.75,dpr,1.0,1.3416812466741148,1.3416812466741148,1.0,1.0,0.0
2,1.25,hot-cold,0.75,top,7.196345371755644,1.0351376146995952,1.3430903447780294,0.7707133170335395,5.546319211984754,8.881784197001252e-16
2,1.25,hot-cold,0.875,paper,1.2095932233198567,1.1455206493153218,1.3436287987808195,0.8525573806952806,1.0312476301803388,0.0
2,1.25,hot-cold,0.875,dpr,1.0,1.3440188747855584,1.3440188747855584,1.0,1.0,0.0
2,1.25,hot-cold,0.875,top,4.6902200516289625,1.0615031834509183,1.34488090885608,0.7892915844524886,3.701951215981056,-8.881784197001252e-16
2,1.44,random,0.125,paper,1.1340668346290212,0.9719076291456973,1.1325656715349324,0.8581468197146572,0.9731958474807626,-1.1102230246251565e-16
2,1.44,random,0.125,dpr,1.0,1.1116068774839243,1.1116068774839243,1.0,1.0,0.0
2,1.44,random,0.125,top,10.491548596384126,0.8952273405571768,1.253731980477877,0.7140500158701772,7.491490441750821,0.0
2,1.44,random,0.25,paper,1.1997406119696694,0.9790186097009587,1.2388578457831427,0.7902590382208646,0.9481058621296624,-1.1102230246251565e-16
2,1.44,random,0.25,dpr,1.0,1.264693203281843,1.264693203281843,1.0,1.0,0.0
2,1.44,random,0.25,top,12.949391415829398,0.9225883241715997,1.3022071747585635,0.7084804492362383,9.1743906476227,0.0
2,1.44,random,0.375,paper,1.2195825075815825,0.9779035842968165,1.3035198967155455,0.7502022690722417,0.9149335645085176,-1.1102230246251565e-16
2,1.44,random,0.375,dpr,1.0,1.264693203281843,1.264693203281843,1.0,1.0,0.0
2,1.44,random,0.375,top,13.821645314375084,0.9577782395718224,1.3105936881768485,0.7307972319813141,10.10082013717281,0.0
2,1.44,random,0.5,paper,1.224415555554893,0.9876273253895603,1.3156010255146646,0.750704283620636,0.9191740024867991,1.1102230246251565e-16
2,1.44,random,0.5,dpr,1.0,1.2868456471884313,1.2868456471884313,1.0,1.0,0.0
2,1.44,random,0.5,top,13.51423643279474,0.9971699658948864,1.314997803425287,0.7583054232466949,10.24791877802632,-1.7763568394002505e-15
2,1.44,random,0.625,paper,1.2532722314749434,0.9958143192258533,1.287676947358488,0.773341730834465,0.969207716695605,0.0
2,1.44,random,0.625,dpr,1.0,1.3005135726072663,1.3005135726072663,1.0,1.0,0.0
2,1.44,random,0.625,top,12.04173505595236,1.0429111487858178,1.317854432747933,0.791370520802654,9.529474142596596,1.7763568394002505e-15
2,1.44,random,0.75,paper,1.3074262241316763,0.998858249559345,1.2970556343128208,0.7700966890973334,1.0068446064428325,4.440892098500626e-16
2,1.44,random,0.75,dpr,1.0,1.3097879738692173,1.3097879738692173,1.0,1.0,0.0
2,1.44,random,0.75,top,9.49557901356948,1.0779636953777896,1.3324010746901476,0.8090384463465493,7.682288492299152,0.0
2,1.44,random,0.875,paper,1.2947698886645518,1.0351354189746722,1.3310818386373866,0.7776647452679007,1.0068968956488669,0.0
2,1.44,random,0.875,dpr,1.0,1.330114028376475,1.330114028376475,1.0,1.0,0.0
2,1.44,random,0.875,top,5.865482694890294,1.099822084456164,1.3456053108033608,0.8173437453212354,4.794115593958526,0.0
2,1.44,local,0.125,paper,1.084094137061005,0.9490000388200527,1.0229731615190187,0.9276881100290814,1.0057012411037325,8.881784197001252e-16
2,1.44,local,0.125,dpr,1.0233951541332935,1.0594845194985791,1.0127945196279526,1.0461001703364055,1.0705738450602906,4.440892098500626e-16
2,1.44,local,0.125,top,4.709335192133599,1.0308508413223927,1.034097287609766,0.9968605987789821,4.694550699481232,-8.881784197001252e-16
2,1.44,local,0.25,paper,1.144585838888871,0.9604156044299369,1.1198625050240874,0.857619216753113,0.981618810654578,-3.3306690738754696e-16
2,1.44,local,0.25,dpr,1.01858893077122,1.1485966774365042,1.046952195362761,1.0970860775916556,1.1174797347380767,6.661338147750939e-16
2,1.44,local,0.25,top,4.445351642805877,1.0469910133788436,1.164339717411952,0.8992143768023765,3.9973241071531063,-4.440892098500626e-16
2,1.44,local,0.375,paper,1.1443633740321266,0.9892678460170038,1.1800977757260416,0.8382931197445637,0.9593119429388064,0.0
2,1.44,local,0.375,dpr,1.0047337691769975,1.1885830628879548,1.1311703254494907,1.0507551658196568,1.0557291982361852,4.440892098500626e-16
2,1.44,local,0.375,top,4.30231184515656,1.027797818596294,1.1959758544758374,0.859380074229633,3.697321072849674,-4.440892098500626e-16
2,1.44,local,0.5,paper,1.2472102514838117,0.9960402192387428,1.1989995694330455,0.8307260858398194,1.0360900904344437,0.0
2,1.44,local,0.5,dpr,1.0018376530272588,1.213162572185262,1.1949552363603633,1.0152368350469387,1.0171024880902475,2.220446049250313e-16
2,1.44,local,0.5,top,4.08658914272403,1.0478283234625003,1.2217654095770825,0.857634628750219,3.504800362274799,-4.440892098500626e-16
2,1.44,local,0.625,paper,1.2367713435249097,1.021586189361267,1.2215505157443243,0.8363028595168547,1.034315411158384,0.0
2,1.44,local,0.625,dpr,1.021639731826713,1.2664816009938307,1.198993498138864,1.0562872967699366,1.0791450706040016,0.0
2,1.44,local,0.625,top,3.550804568027366,1.0327101689024616,1.2653568710640901,0.8161414321273757,2.897958725354282,0.0
2,1.44,local,0.75,paper,1.2791098353649388,1.0390741817359137,1.2814376117525674,0.8108659931674835,1.0371866670234875,0.0
2,1.44,local,0.75,dpr,1.0100471956125543,1.2967125912611077,1.2631005296936084,1.0266107572416683,1.0369253163376282,4.440892098500626e-16
2,1.44,local,0.75,top,2.875758510625294,1.0439186432835852,1.3024458877356044,0.8015063451876013,2.304938693493419,0.0
2,1.44,local,0.875,paper,1.317289323759098,1.0636176060668265,1.3025729345902863,0.8165512869353291,1.075634292581661,4.440892098500626e-16
2,1.44,local,0.875,dpr,1.006888176239097,1.3164939472316584,1.302202893454313,1.0109745215965815,1.0179382922745754,-2.220446049250313e-16
2,1.44,local,0.875,top,1.852233974564734,1.054747552915767,1.3322363212932877,0.7917120529275583,1.4664359625048164,0.0
2,1.44,hot-cold,0.125,paper,1.2936777451399493,1.0010508372749114,1.2680088758481156,0.7894667429716155,1.0213155559104996,2.220446049250313e-16
2,1.44,hot-cold,0.125,dpr,1.0,1.2646932032818425,1.2646932032818425,1.0,1.0,0.0
2,1.44,hot-cold,0.125,top,17.527978310671198,0.9515618124290297,1.2989261884291616,0.7325757390262396,12.840571664575853,0.0
2,1.44,hot-cold,0.25,paper,1.3006478317405694,1.0421656702479156,1.3090866395765095,0.7961013723163938,1.0354475237490095,2.220446049250313e-16
2,1.44,hot-cold,0.25,dpr,1.0,1.309787973869217,1.309787973869217,1.0,1.0,0.0
2,1.44,hot-cold,0.25,top,16.493734207995146,0.979512229230352,1.32214593804227,0.7408503108822744,12.219388115602806,-1.7763568394002505e-15
2,1.44,hot-cold,0.375,paper,1.2711773920225942,1.093281755512671,1.3247366591505145,0.8252823291036094,1.0490802387922589,4.440892098500626e-16
2,1.44,hot-cold,0.375,dpr,1.0,1.3255427957029116,1.3255427957029116,1.0,1.0,0.0
2,1.44,hot-cold,0.375,top,13.698691175915354,1.0017172786059632,1.3317349413460788,0.7521896794218349,10.304014124110488,0.0
2,1.44,hot-cold,0.5,paper,1.2949987935523626,1.0889899076474583,1.333107003996317,0.8168810938528883,1.0578600310152246,0.0
2,1.44,hot-cold,0.5,dpr,1.0,1.3335631970935717,1.3335631970935717,1.0,1.0,0.0
2,1.44,hot-cold,0.5,top,11.036338053509612,1.0054902834472357,1.3371375667474148,0.7519722042460368,8.29901945290204,1.7763568394002505e-15
2,1.44,hot-cold,0.625,paper,1.2877964590014832,1.105463701444705,1.3377658785814937,0.8263506486029444,1.064171439164451,2.220446049250313e-16
2,1.44,hot-cold,0.625,dpr,1.0,1.338422195205371,1.338422195205371,1.0,1.0,0.0
2,1.44,hot-cold,0.625,top,9.302870458775828,1.0075582721285186,1.3408042068013801,0.751458167432326,6.990717986812004,-1.7763568394002505e-15
2,1.44,hot-cold,0.75,paper,1.2993016362489334,1.099788144783954,1.3411067107162518,0.8200601309321496,1.0655054699426567,2.220446049250313e-16
2,1.44,hot-cold,0.75,dpr,1.0,1.3416812466741148,1.3416812466741148,1.0,1.0,0.0
2,1.44,hot-cold,0.75,top,7.241798953257824,1.0253015503865963,1.3433626436741792,0.7632351213685187,5.527195303016146,-8.881784197001252e-16
2,1.44,hot-cold,0.875,paper,1.268006370431193,1.127359845820043,1.3434488637778457,0.8391535221146046,1.0640520118110917,0.0
2,1.44,hot-cold,0.875,dpr,1.0,1.3440188747855584,1.3440188747855584,1.0,1.0,0.0
2,1.44,hot-cold,0.875,top,4.721831170934161,1.0692074233973075,1.3449849438892543,0.7949586560467443,3.753660561725446,4.440892098500626e-16
2,2.48,random,0.125,paper,1.0869947703984133,0.9932893836064327,1.067245673186353,0.9307035938978159,1.0116699393579338,-6.661338147750939e-16
2,2.48,random,0.125,dpr,1.009617397390575,1.1661457324691713,1.074337790037982,1.0854553784503322,1.0958946341746267,6.661338147750939e-16
2,2.48,random,0.125,top,8.586814148455709,0.8934628778047258,1.2759124444943974,0.7002540665388494,6.012951526069438,8.881784197001252e-16
2,2.48,random,0.25,paper,1.13721726733883,0.9707094753217608,1.1853240275192982,0.8189401824185638,0.9313129163640016,-5.551115123125783e-16
2,2.48,random,0.25,dpr,1.0007211440635124,1.1523810693927812,1.1359465473302126,1.0144676896119753,1.0151992669639642,0.0
2,2.48,random,0.25,top,11.152069294970516,0.9242424755348692,1.2934901443932467,0.7145338366442792,7.968530859858145,8.881784197001252e-16
2,2.48,random,0.375,paper,1.228656966822018,0.9674826537609454,1.248622793253202,0.7748398147051562,0.9520123365085716,0.0
2,2.48,random,0.375,dpr,1.0000382097799116,1.2398654735849537,1.2026199315558812,1.0309703348928254,1.031009728042417,0.0
2,2.48,random,0.375,top,12.246725494352958,0.9614778698784436,1.286369813329306,0.7474350376661931,9.153631731159232,0.0
2,2.48,random,0.5,paper,1.2543103448307582,0.9670971931801741,1.276160495340021,0.7578178424356414,0.9505387592643508,2.220446049250313e-16
2,2.48,random,0.5,dpr,1.000014657203972,1.268644150750538,1.2429889528044484,1.0206399243438213,1.020654884071374,-4.440892098500626e-16
2,2.48,random,0.5,top,12.384272439403148,1.0030828742047198,1.3178188304538203,0.7611690249252895,9.426524577109628,-1.7763568394002505e-15
2,2.48,random,0.625,paper,1.2855199986094032,0.9716188448730734,1.2738885674918152,0.7627188669932985,0.9804903568365908,1.1102230246251565e-16
2,2.48,random,0.625,dpr,1.0035010220448264,1.3005135726072663,1.2617075754035234,1.0307567283895651,1.03436543041851,-2.220446049250313e-16
2,2.48,random,0.625,top,11.64900962033872,1.0478693974068485,1.3323354247074797,0.7864906824322508,9.161837525960056,0.0
2,2.48,random,0.75,paper,1.314692421045765,0.9867833190021937,1.2697726471757946,0.7771338602993059,1.0216919962735356,0.0
2,2.48,random,0.75,dpr,1.0042577472228178,1.3097879738692173,1.293369860350623,1.0126940591565536,1.017005854474491,-4.440892098500626e-16
2,2.48,random,0.75,top,9.34205042072224,1.0821402311960757,1.3329197644341504,0.8118569924990682,7.584408958342212,0.0
2,2.48,random,0.875,paper,1.3360287090565552,1.0188691963724283,1.3046944247834371,0.7809255385923396,1.043338939194819,2.220446049250313e-16
2,2.48,random,0.875,dpr,1.0048822612584456,1.330114028376475,1.287615782312684,1.033005378349324,1.038048780487805,0.0
2,2.48,random,0.875,top,5.680342823998107,1.0955472963517914,1.345726558108466,0.8140935391003035,4.624330392891631,0.0
2,2.48,local,0.125,paper,1.0672475097752625,0.9834953365986389,0.9983412275976614,0.9851294421299752,1.0513769439195095,0.0
2,2.48,local,0.125,dpr,1.0724032035213664,1.0859190006686565,0.9962474885744019,1.090009272919294,1.168929436146646,-2.220446049250313e-16
2,2.48,local,0.125,top,4.142918479683578,1.0446130489755232,1.0292698655134174,1.014906861627055,4.20467639219239,0.0
2,2.48,local,0.25,paper,1.1617260237189462,0.9795047027950309,1.0401012420979077,0.9417397683511538,1.0940435964645874,0.0
2,2.48,local,0.25,dpr,1.036434050212494,1.1346055319223685,0.9900071782743057,1.146057884044956,1.1878134145386747,2.220446049250313e-16
2,2.48,local,0.25,top,4.06709227323614,1.0215917212727317,1.066189683479605,0.9581707055527644,3.896968672994869,0.0
2,2.48,local,0.375,paper,1.201086710176649,0.9810272611344412,1.073978338835702,0.9134516271510383,1.0971346097603474,-2.220446049250313e-16
2,2.48,local,0.375,dpr,1.0351888863449237,1.138746229997064,1.0337204978658598,1.101599738370316,1.1403638063614268,0.0
2,2.48,local,0.375,top,3.9348856121398734,1.0395895474971468,1.1227292645776636,0.9259485615066857,3.643501672254272,1.7763568394002505e-15
2,2.48,local,0.5,paper,1.2536140331355343,0.9846277298725904,1.113249512714494,0.8844627539712293,1.108774920164035,2.220446049250313e-16
2,2.48,local,0.5,dpr,1.0337976231737265,1.1876800518729709,1.0775533907173036,1.102200653911319,1.1394524162740485,-2.220446049250313e-16
2,2.48,local,0.5,top,3.651099964061736,1.021985281682,1.1760472154741444,0.8690002137966617,3.172806649362632,-4.440892098500626e-16
2,2.48,local,0.625,paper,1.348593458305133,0.986907107333134,1.1615276080929822,0.8496630647922839,1.1458500509423646,0.0
2,2.48,local,0.625,dpr,1.0374917591680084,1.2320529716043997,1.1415414976744422,1.0792888161440897,1.1197532525116884,-2.220446049250313e-16
2,2.48,local,0.625,top,3.28939005778653,1.0255637977911258,1.2262498214562456,0.836341649023204,2.7510539052097185,0.0
2,2.48,local,0.75,paper,1.3852271938352223,1.0019007490021836,1.2277839893104001,0.8160236309685985,1.130378124429861,2.220446049250313e-16
2,2.48,local,0.75,dpr,1.0741811036847364,1.2944032629009508,1.1595991601344546,1.116250604002564,1.1990553057962272,-4.440892098500626e-16
2,2.48,local,0.75,top,2.791993118143077,1.0106294379214962,1.262308850627505,0.8006197828836447,2.235324924060341,8.881784197001252e-16
2,2.48,local,0.875,paper,1.470782776809431,1.0091426928494536,1.2470698994242524,0.8092110099965967,1.1901736163075587,0.0
2,2.48,local,0.875,dpr,1.0153714430804464,1.304473651258946,1.247115621474551,1.045992551770442,1.0620709667425523,0.0
2,2.48,local,0.875,top,1.9017053213809705,1.0356885323936682,1.3062100310459253,0.7928958649661865,1.507854285707164,-2.220446049250313e-16
2,2.48,hot-cold,0.125,paper,1.432861421425023,0.9715892050300616,1.2676073309240128,0.7664749022253042,1.098252317889155,0.0
2,2.48,hot-cold,0.125,dpr,1.0,1.2646932032818425,1.2646932032818425,1.0,1.0,0.0
2,2.48,hot-cold,0.125,top,15.745609785884644,0.9343840415330468,1.3063755950440752,0.7152491558153473,11.26203410715186,-3.552713678800501e-15
2,2.48,hot-cold,0.25,paper,1.3923640067417091,0.9893819420284907,1.309672478611441,0.7554422637615985,1.0518506172331263,0.0
2,2.48,hot-cold,0.25,dpr,1.0,1.309787973869217,1.309787973869217,1.0,1.0,0.0
2,2.48,hot-cold,0.25,top,14.590178852006373,0.9775625165890226,1.3250818297465743,0.7377374699764649,10.763721632783303,-1.7763568394002505e-15
2,2.48,hot-cold,0.375,paper,1.4477000263752688,0.9844850229298461,1.3246446262835714,0.7432068974543923,1.0759406450470057,2.220446049250313e-16
2,2.48,hot-cold,0.375,dpr,1.0,1.3255427957029116,1.3255427957029116,1.0,1.0,0.0
2,2.48,hot-cold,0.375,top,13.211868204982762,0.9871837921557417,1.3330345189128372,0.740553810235045,9.784099339523229,0.0
2,2.48,hot-cold,0.5,paper,1.4808204801396982,1.007348962129822,1.3317693497599814,0.7563989682683204,1.120091083368267,2.220446049250313e-16
2,2.48,hot-cold,0.5,dpr,1.0,1.3335631970935717,1.3335631970935717,1.0,1.0,0.0
2,2.48,hot-cold,0.5,top,10.889254005240524,0.9933703658429925,1.3382604667417073,0.7422847723071232,8.082927429874392,0.0
2,2.48,hot-cold,0.625,paper,1.432540563004866,1.028727725368493,1.337188379956279,0.7693214664355135,1.1020842066592595,0.0
2,2.48,hot-cold,0.625,dpr,1.0,1.338422195205371,1.338422195205371,1.0,1.0,0.0
2,2.48,hot-cold,0.625,top,8.659725408484471,1.0123587651242272,1.341595728899044,0.7545930143613387,6.534568299529775,2.6645352591003757e-15
2,2.48,hot-cold,0.75,paper,1.4364704625222615,1.0392536689800151,1.3403403225839967,0.7753655183457238,1.1137896647618946,-2.220446049250313e-16
2,2.48,hot-cold,0.75,dpr,1.0,1.3416812466741148,1.3416812466741148,1.0,1.0,0.0
2,2.48,hot-cold,0.75,top,6.85791564793124,1.028316953616488,1.3439124422604867,0.7651666293726986,5.247448200849833,-8.881784197001252e-16
2,2.48,hot-cold,0.875,paper,1.4383236749143011,1.0414265066080515,1.3281637477718504,0.784110022845576,1.1278040095963855,0.0
2,2.48,hot-cold,0.875,dpr,1.0,1.3440188747855584,1.3440188747855584,1.0,1.0,0.0
2,2.48,hot-cold,0.875,top,4.58704761313146,1.0736868659135776,1.3453093975490276,0.79809660727093,3.660907137430436,0.0
2,3.3,random,0.125,paper,1.111385489051032,0.9987649567174118,1.125408664164856,0.8874686933911035,0.986319827821952,2.220446049250313e-16
2,3.3,random,0.125,dpr,1.0037079002873226,1.1063351021230292,1.0461842497881817,1.0574954673108738,1.0614165550579588,6.661338147750939e-16
2,3.3,random,0.125,top,8.399004558482549,0.8986347714699201,1.2325108411679229,0.729109019940447,6.123789982110557,-8.881784197001252e-16
2,3.3,random,0.25,paper,1.1925204041052508,0.9808069174469559,1.1603423005747155,0.8452737756446214,1.0080062245112948,-2.220446049250313e-16
2,3.3,random,0.25,dpr,1.0,1.146682810322786,1.146682810322786,1.0,1.0,0.0
2,3.3,random,0.25,top,11.184426939032946,0.9234628674925169,1.276550061160668,0.7234051335620036,8.0908718636456,0.0
2,3.3,random,0.375,paper,1.257178312619721,0.972453402339946,1.181196352324368,0.8232783655539946,1.0350077064234926,0.0
2,3.3,random,0.375,dpr,1.0067871076147652,1.1864516464707886,1.1617337030720452,1.021276772235651,1.0282082875932743,-2.220446049250313e-16
2,3.3,random,0.375,top,12.33733543299754,0.9563671167244651,1.3148648475629012,0.7273501291764619,8.973562520884101,0.0
2,3.3,random,0.5,paper,1.2862764857032674,0.9751193948090061,1.2230099031027404,0.797311119341844,1.0255625445991656,2.220446049250313e-16
2,3.3,random,0.5,dpr,1.005311956836635,1.2432905401035432,1.219572561289002,1.019447779957818,1.0248630425621577,2.220446049250313e-16
2,3.3,random,0.5,top,12.478439760207976,0.9959300561810188,1.3177384952007007,0.7557873279169337,9.43104664294001,1.7763568394002505e-15
2,3.3,random,0.625,paper,1.3386705542282231,0.9742646761243375,1.2846013311105782,0.7584179251021445,1.015271744133107,2.220446049250313e-16
2,3.3,random,0.625,dpr,1.0015791372740015,1.2823532913693645,1.2442414812736355,1.0306305573872339,1.0322580645161292,2.220446049250313e-16
2,3.3,random,0.625,top,11.440241332884844,1.0404926079024213,1.3322252629346805,0.7810185235568806,8.935040394944123,1.7763568394002505e-15
2,3.3,random,0.75,paper,1.344487139761791,0.9836845913962683,1.2988973911839459,0.7573227862900234,1.0182107468155035,-2.220446049250313e-16
2,3.3,random,0.75,dpr,1.0,1.2944032629009508,1.2944032629009508,1.0,1.0,0.0
2,3.3,random,0.75,top,9.31537619637629,1.0795517617865587,1.3455161223178709,0.8023328326433241,7.474032170776784,8.881784197001252e-16
2,3.3,random,0.875,paper,1.4068166265987296,0.990035989553953,1.3314211890839627,0.7435933855274696,1.0460995381888831,-2.220446049250313e-16
2,3.3,random,0.875,dpr,1.0,1.3164939472316584,1.3164939472316584,1.0,1.0,0.0
2,3.3,random,0.875,top,5.790073337935381,1.1024258141341128,1.3456881162183123,0.8192283195843167,4.743392050906758,0.0
2,3.3,local,0.125,paper,1.1338065225690763,0.9786074372051008,0.9801685763921613,0.9984072748049048,1.132000680354217,-2.220446049250313e-16
2,3.3,local,0.125,dpr,1.1505272092668413,1.0865693841356596,1.0061908835042825,1.0798839484128908,1.242435865499541,2.220446049250313e-16
2,3.3,local,0.125,top,4.5553613556526384,1.03827863748818,0.9864938667676122,1.0524937584155978,4.794489394152017,-8.881784197001252e-16
2,3.3,local,0.25,paper,1.228665883020639,0.969884239349319,1.0229488757784286,0.9481258177357795,1.164929845062997,0.0
2,3.3,local,0.25,dpr,1.0421664609468797,1.1204984755066896,1.0422749231717752,1.075050786117803,1.1203818731065514,-2.220446049250313e-16
2,3.3,local,0.25,top,4.145662190021312,1.0295825294902283,1.0877681085881301,0.946509206660394,3.923907430559064,4.440892098500626e-16
2,3.3,local,0.375,paper,1.2583956412380797,0.9800386340288477,1.1238219766586062,0.8720586128265074,1.097394757285003,-2.220446049250313e-16
2,3.3,local,0.375,dpr,1.060941388544228,1.184835811012293,1.0325785871933761,1.1474534003583814,1.2173808038660172,0.0
2,3.3,local,0.375,top,4.184548685349546,1.0405784977647763,1.162332536849418,0.8952502530690019,3.746218269538741,4.440892098500626e-16
2,3.3,local,0.5,paper,1.3280191028406874,0.9898356601045216,1.1643571968513151,0.8501134040149027,1.1289668401127135,-2.220446049250313e-16
2,3.3,local,0.5,dpr,1.0449073154037538,1.2226348551380957,1.1541344397390727,1.059352197664693,1.106924860928881,0.0
2,3.3,local,0.5,top,3.5924618179754244,1.0358415780931136,1.2075464102580034,0.8578068464232331,3.0816383429733736,0.0
2,3.3,local,0.625,paper,1.3388844767149668,1.0126581063822122,1.2117697416964597,0.8356852556530301,1.1188860162134204,0.0
2,3.3,local,0.625,dpr,1.086458430742505,1.282353291369364,1.1674308303089307,1.0984404883585455,1.1934099292460565,4.440892098500626e-16
2,3.3,local,0.625,top,3.363019642628583,1.0226652417827293,1.2295852300088497,0.8317156198886424,2.7970759667665126,0.0
2,3.3,local,0.75,paper,1.4265153558966974,1.0156416233872907,1.2069030346533889,0.8415271104848728,1.2004513455100474,-4.440892098500626e-16
2,3.3,local,0.75,dpr,1.0227727514531777,1.2944032629009508,1.2109984498630009,1.0688727661438258,1.093213939982289,-4.440892098500626e-16
2,3.3,local,0.75,top,2.9723670892535474,1.0168705905085473,1.2849946602472673,0.7913422693234182,2.3521597176721456,0.0
2,3.3,local,0.875,paper,1.385273519851628,1.0554649672441454,1.253772442145963,0.8418313656963192,1.1661666990796438,6.661338147750939e-16
2,3.3,local,0.875,dpr,1.0427741626512852,1.330114028376475,1.2417767563814661,1.0711378043928148,1.1169548270598535,0.0
2,3.3,local,0.875,top,2.2815968889416545,1.0334251784260875,1.3252436739465707,0.7798001218512148,1.779189532012055,2.220446049250313e-16
2,3.3,hot-cold,0.125,paper,1.2494269850437758,0.9758220192357006,1.1924803671126283,0.8183128596057929,1.0224221689998163,-2.220446049250313e-16
2,3.3,hot-cold,0.125,dpr,1.001379872328206,1.1913279847819325,1.2705975011141861,0.9376124097027246,0.938906195121456,1.1102230246251565e-16
2,3.3,hot-cold,0.125,top,15.97505716401126,0.9352784121692943,1.3082831659893932,0.7148898927106404,11.42040690202636,1.7763568394002505e-15
2,3.3,hot-cold,0.25,paper,1.3684320346264305,1.0058955921292978,1.3105068713190788,0.7675622418651058,1.0503567603378907,-4.440892098500626e-16
2,3.3,hot-cold,0.25,dpr,1.0,1.309787973869217,1.309787973869217,1.0,1.0,0.0
2,3.3,hot-cold,0.25,top,14.18121995789973,0.9729955878747698,1.3262776497359345,0.7336288808519814,10.403752526829765,3.552713678800501e-15
2,3.3,hot-cold,0.375,paper,1.4300574333687577,1.0187643722538628,1.3244776857543994,0.769181982611955,1.0999744118475447,0.0
2,3.3,hot-cold,0.375,dpr,1.0,1.3255427957029116,1.3255427957029116,1.0,1.0,0.0
2,3.3,hot-cold,0.375,top,12.656682114148806,0.9922675492535131,1.334492297352231,0.7435543473890956,9.410931009497157,1.7763568394002505e-15
2,3.3,hot-cold,0.5,paper,1.394174093502701,1.0429639002223914,1.332644323911425,0.7826273533820362,1.091118780951818,-2.220446049250313e-16
2,3.3,hot-cold,0.5,dpr,1.0,1.3335631970935717,1.3335631970935717,1.0,1.0,0.0
2,3.3,hot-cold,0.5,top,10.584886349226998,0.9934504560922361,1.320037296065633,0.7525927176854866,7.966108383956756,8.881784197001252e-16
2,3.3,hot-cold,0.625,paper,1.445037797790949,1.0353980698527288,1.337231739560812,0.7742846951813942,1.1188706507881585,4.440892098500626e-16
2,3.3,hot-cold,0.625,dpr,1.0071951788116902,1.338422195205371,1.3183420172224145,1.0152313873946481,1.022536158762193,2.220446049250313e-16
2,3.3,hot-cold,0.625,top,8.312736445042491,1.008762405770208,1.3418452810114783,0.7517725180728784,6.24928680936578,-8.881784197001252e-16
2,3.3,hot-cold,0.75,paper,1.4509021744557526,1.0474440097986883,1.3404856671989538,0.7813914280690534,1.1337225220864755,2.220446049250313e-16
2,3.3,hot-cold,0.75,dpr,1.00519247685214,1.3416812466741148,1.3306712734071955,1.0082739993617869,1.0135094387640873,-4.440892098500626e-16
2,3.3,hot-cold,0.75,top,6.893585335659655,1.029774992071384,1.343925833505427,0.7662439149527857,5.282167815656967,0.0
2,3.3,hot-cold,0.875,paper,1.5667735056496936,1.0359964872565484,1.3372559731505194,0.774718160215642,1.213807887771542,-4.440892098500626e-16
2,3.3,hot-cold,0.875,dpr,1.0,1.3440188747855584,1.3440188747855584,1.0,1.0,0.0
2,3.3,hot-cold,0.875,top,4.8727209896231205,1.0669368191488733,1.3452573482795558,0.7931098243123329,3.8646028880030094,-4.440892098500626e-16
2,4.55,random,0.125,paper,1.127737578586979,0.9844477116122284,1.0950574426999915,0.8989918457473409,1.0138268872925456,4.440892098500626e-16
2,4.55,random,0.125,dpr,1.032875642014731,1.1267487095528197,1.1143236012394038,1.0111503591053768,1.0443925763343913,-4.440892098500626e-16
2,4.55,random,0.125,top,7.343075391605263,0.8935805316944847,1.2505352696919203,0.7145584401746827,5.247056497910554,0.0
2,4.55,random,0.25,paper,1.1893690166148423,0.9733411495673958,1.165138599565384,0.8353865797000186,0.993582914791048,2.220446049250313e-16
2,4.55,random,0.25,dpr,1.014185795050223,1.1928761312243992,1.1292417481601573,1.0563514262273066,1.071336611060778,0.0
2,4.55,random,0.25,top,10.182093350801122,0.924106043014435,1.2696657721468254,0.7278340987738074,7.410874737611112,8.881784197001252e-16
2,4.55,random,0.375,paper,1.2218813062374785,0.9692144447576277,1.2075330373305335,0.8026401057318056,0.9807309408301662,-2.220446049250313e-16
2,4.55,random,0.375,dpr,1.0215080628770103,1.268976106652333,1.179513608018448,1.0758469406590228,1.0989863243047562,0.0
2,4.55,random,0.375,top,11.730436394504263,0.9604498217709924,1.3040054668322105,0.7365381865339801,8.63991434926037,0.0
2,4.55,random,0.5,paper,1.25048191827243,0.9813411793076845,1.2374129275071128,0.7930587740704234,0.9917056571023644,-3.3306690738754696e-16
2,4.55,random,0.5,dpr,1.0063607119624225,1.2695894105385208,1.207565051526001,1.0513631617063939,1.05805057994591,-2.220446049250313e-16
2,4.55,random,0.5,top,12.045845849583367,1.0031800534148738,1.319203912804762,0.7604435096633475,9.160185294720844,0.0
2,4.55,random,0.625,paper,1.3054789273995937,0.9816778721629057,1.2586582857035582,0.7799399434407827,1.0181951607991726,-2.220446049250313e-16
2,4.55,random,0.625,dpr,1.006509506473287,1.2888545410983505,1.238977129594637,1.040256926711821,1.047028485910133,0.0
2,4.55,random,0.625,top,11.267388444493722,1.0482995282114227,1.3328092462002799,0.7865338053438863,8.862181909535382,3.552713678800501e-15
2,4.55,random,0.75,paper,1.3829926381534978,0.9766930566741794,1.2895107685869025,0.7574136490108405,1.0474975006189695,-2.220446049250313e-16
2,4.55,random,0.75,dpr,1.011289382643586,1.3097879738692173,1.2533727259677319,1.045010751177729,1.0568082774144354,-2.220446049250313e-16
2,4.55,random,0.75,top,9.0655860722288,1.0875324067364014,1.3331944625752632,0.8157342662792575,7.395109203021014,-2.6645352591003757e-15
2,4.55,random,0.875,paper,1.4244225288920584,0.9945947688471591,1.3054346129626322,0.7618878486682421,1.0852502161321471,-2.220446049250313e-16
2,4.55,random,0.875,dpr,1.0053471822652946,1.330114028376475,1.2875831175635009,1.0330315847053475,1.038555392874573,-2.220446049250313e-16
2,4.55,random,0.875,top,5.680244594844824,1.0937378191702203,1.345746964154693,0.8127366052482475,4.61654270899389,8.881784197001252e-16
2,4.55,local,0.125,paper,1.1130570511150486,0.9793555369837039,0.9681308812065033,1.011594151157757,1.1259620028128834,-4.440892098500626e-16
2,4.55,local,0.125,dpr,1.099060044073776,1.0471579318995377,0.9918121887793174,1.0558026446401485,1.1603905011514104,-6.661338147750939e-16
2,4.55,local,0.125,top,3.8066867863990352,1.0585266620553409,0.9798624284559493,1.0802808958838737,4.112291011960454,0.0
2,4.55,local,0.25,paper,1.1875271821949696,0.9897484988139567,0.9919399043347293,0.9977907880193182,1.184903682916679,0.0
2,4.55,local,0.25,dpr,1.141844040089098,1.115934374099735,0.979043536622585,1.13982099095346,1.3014978052886577,-2.220446049250313e-16
2,4.55,local,0.25,top,4.181126506960197,1.0323440710517664,1.0440957966805424,0.9887445906150203,4.13406621643397,0.0
2,4.55,local,0.375,paper,1.2405845687628216,0.9786315353191265,1.0430187261826778,0.9382684229465366,1.1640013268649017,-2.220446049250313e-16
2,4.55,local,0.375,dpr,1.212048553777772,1.20985728274116,0.9817168453473468,1.2323892459165184,1.4937156032043948,-4.440892098500626e-16
2,4.55,local,0.375,top,4.025945843708222,1.0341573052369992,1.065108218136914,0.9709410627268897,3.9089561359709655,0.0
2,4.55,local,0.5,paper,1.2479289804150755,1.000273954205828,1.075412916675734,0.9301301283397525,1.1607363427123705,-2.220446049250313e-16
2,4.55,local,0.5,dpr,1.2206494886656616,1.2291873563759654,1.0105299660530038,1.2163789275611572,1.4847723159512125,2.220446049250313e-16
2,4.55,local,0.5,top,3.673874501570324,1.0412094560619982,1.1336243197366564,0.9184784041188121,3.3743743891351072,0.0
2,4.55,local,0.625,paper,1.3117363380548672,1.0074331401847587,1.0901534353662323,0.9241205022174845,1.212202443500188,0.0
2,4.55,local,0.625,dpr,1.2213456460287857,1.2823532913693645,1.0547318552831715,1.2158097671422674,1.4849239654984798,-2.220446049250313e-16
2,4.55,local,0.625,top,3.2026294012647765,1.0453867639713867,1.193447906315917,0.8759383282999057,2.805305843907996,0.0
2,4.55,local,0.75,paper,1.374573553212483,1.0149002294723257,1.1573805595117972,0.8768941392107259,1.2053554927260892,0.0
2,4.55,local,0.75,dpr,1.104961867702223,1.2944032629009508,1.0729751482596457,1.2063683534520433,1.332991028967225,-2.220446049250313e-16
2,4.55,local,0.75,top,2.87100054733673,1.0239739055659574,1.2573887808568327,0.8143653905263752,2.338043481933313,0.0
2,4.55,local,0.875,paper,1.4395640054813483,1.0194062338783052,1.209736007146187,0.8426683407424759,1.21307501189156,-2.220446049250313e-16
2,4.55,local,0.875,dpr,1.10601608688597,1.330114028376475,1.1262529783639226,1.1810082227784169,1.3062140931375388,2.220446049250313e-16
2,4.55,local,0.875,top,2.132121771822452,1.027083236260424,1.295563198390151,0.7927696908469333,1.6902815178957005,-2.220446049250313e-16
2,4.55,hot-cold,0.125,paper,1.2962998257922649,1.009932932392012,1.2762431073194327,0.7913327222689044,1.0258044700208997,2.220446049250313e-16
2,4.55,hot-cold,0.125,dpr,1.0,1.2015388043577784,1.2015388043577784,1.0,1.0,0.0
2,4.55,hot-cold,0.125,top,14.301071650170256,0.9324261949430169,1.312677215939672,0.7103240489136892,10.15839511835371,0.0
2,4.55,hot-cold,0.25,paper,1.44659814064371,0.9897186591462575,1.310244511126666,0.7553694373389959,1.092716023553677,2.220446049250313e-16
2,4.55,hot-cold,0.25,dpr,1.0,1.309787973869217,1.309787973869217,1.0,1.0,0.0
2,4.55,hot-cold,0.25,top,14.18245675803497,0.9709037092645135,1.3052204029621888,0.7438618849820722,10.549789017708624,3.552713678800501e-15
2,4.55,hot-cold,0.375,paper,1.3330390577408595,1.0146396362148702,1.3262106885145073,0.7650667009412895,1.0198637941316846,2.220446049250313e-16
2,4.55,hot-cold,0.375,dpr,1.0,1.3255427957029116,1.3255427957029116,1.0,1.0,0.0
2,4.55,hot-cold,0.375,top,12.525546322400178,0.9888128233607747,1.3345749648288312,0.7409196556355282,9.280423467839595,-1.7763568394002505e-15
2,4.55,hot-cold,0.5,paper,1.4094030315965698,1.01323915379194,1.3330448995352542,0.7600937928986417,1.0712784960090809,0.0
2,4.55,hot-cold,0.5,dpr,1.0000154553873932,1.3335631970935717,1.3100290138265946,1.017964627514801,1.0179803605524722,2.220446049250313e-16
2,4.55,hot-cold,0.5,top,10.452883239199004,1.002945188899781,1.3206133042731223,0.759454100344545,7.938485036432453,0.0
2,4.55,hot-cold,0.625,paper,1.4165698676042122,1.0293109968368739,1.3371956189954095,0.7697534917218476,1.0904096018562977,0.0
2,4.55,hot-cold,0.625,dpr,1.0065379387861435,1.338422195205371,1.3204870991390418,1.0135821819675654,1.0202089202279951,0.0
2,4.55,hot-cold,0.625,top,8.48620399280031,1.0028440095815738,1.342222643696071,0.7471517592789583,6.340482242820872,0.0
2,4.55,hot-cold,0.75,paper,1.444079867945223,1.047381813468649,1.3402456218700662,0.7814849728867014,1.1285267164474042,4.440892098500626e-16
2,4.55,hot-cold,0.75,dpr,1.0,1.3416812466741148,1.3416812466741148,1.0,1.0,0.0
2,4.55,hot-cold,0.75,top,6.575273817050721,1.0210083307735396,1.3393954256321685,0.7622904418175414,5.012268383070905,0.0
2,4.55,hot-cold,0.875,paper,1.4791204247812415,1.062376434435368,1.342095967116411,0.7915800810563193,1.1708422657403927,2.220446049250313e-16
2,4.55,hot-cold,0.875,dpr,1.0,1.3440188747855584,1.3440188747855584,1.0,1.0,0.0
2,4.55,hot-cold,0.875,top,4.696002432675894,1.0746613509222949,1.345452402464221,0.7987360600449579,3.750866481037083,1.3322676295501878e-15
