n,trial,spatial_mode,scenario,track,target_fraction,target_importance,row_budget_fraction,row_budget,top_row_budget_importance,row_budget_intrinsically_feasible,method,method_label,family,importance,rows,chunks,two_line_ms,lookup_ms,importance_fraction,importance_overshoot,coverage_met,row_budget_met,valid,runtime_median_ms,runtime_p95_ms,deadline_met,valid_and_deadline_met,fallback_used,fallback_reason,fallback_added_rows,error,deterministic,scalarized_calls,bracket_converged,local_edits,piecewise_segments,label_cap,paper_lookup_ms,incumbent_lookup_ms,lookup_saving_vs_paper_pct,lookup_saving_vs_incumbent_pct
4864,0,random,0,coverage,0.5,0.5,0.25,1216,0.8216668501228495,True,paper,Paper,paper,0.5023254291267756,1524,20,0.5921789302102463,0.5784377441993603,0.5023254291267756,0.0023254291267755,True,False,True,4.33315,8.457677549999998,False,False,False,,0,,True,0,False,0,0,0,0.5784377441993603,0.5513414071921287,0.0,-4.914620352066046
4864,0,random,0,coverage,0.5,0.5,0.25,1216,0.8216668501228495,True,incumbent_td16_trim256,TD-2L (16) + trim 256,incumbent,0.5002148843424272,1569,14,0.5425413404821517,0.5513414071921287,0.5002148843424272,0.0002148843424272,True,False,True,1.1906805,1.93142805,True,True,False,,0,,True,9,True,0,0,0,0.5784377441993603,0.5513414071921287,4.684399882088752,0.0
4864,0,random,0,coverage,0.5,0.5,0.25,1216,0.8216668501228495,True,lambda_bank4,Lambda bank (4),lambda_bank,1.0,4864,1,1.582354161848876,1.6163955622590918,1.0,0.5,True,False,True,0.56972,0.6379625,True,True,False,,0,,True,4,True,0,0,0,0.5784377441993603,0.5513414071921287,-179.441578366642,-193.17507104918357
4864,0,random,0,coverage,0.5,0.5,0.25,1216,0.8216668501228495,True,lambda_bank8,Lambda bank (8),lambda_bank,0.7794923438506391,2963,19,0.9676426753450712,0.9881565110787578,0.7794923438506391,0.2794923438506391,True,False,True,0.8437425,1.05026155,True,True,False,,0,,True,8,True,0,0,0,0.5784377441993603,0.5513414071921287,-70.83195572697389,-79.22769779096421
4864,0,random,0,coverage,0.5,0.5,0.25,1216,0.8216668501228495,True,lambda_bank16,Lambda bank (16),lambda_bank,0.7794923438506391,2963,19,0.9676426753450712,0.9881565110787578,0.7794923438506391,0.2794923438506391,True,False,True,1.2949905,1.7354064499999995,True,True,False,,0,,True,16,True,0,0,0,0.5784377441993603,0.5513414071921287,-70.83195572697389,-79.22769779096421
4864,0,random,0,coverage,0.5,0.5,0.25,1216,0.8216668501228495,True,pwl_j4_c4,"PWL DP (J=4, calls=4)",piecewise,0.6460812776664264,2242,17,0.7482761954182883,0.7616998639692102,0.6460812776664264,0.1460812776664264,True,False,True,1.245032,1.3137488,True,True,False,,0,,True,4,False,0,4,0,0.5784377441993603,0.5513414071921287,-31.682254764254814,-38.153937656958334
4864,0,random,0,coverage,0.5,0.5,0.25,1216,0.8216668501228495,True,pwl_j4_c8,"PWL DP (J=4, calls=8)",piecewise,0.5099983765794618,1622,13,0.5468245876802075,0.5504421530329573,0.5099983765794618,0.0099983765794617,True,False,True,2.1171275,2.21161895,False,False,False,,0,,True,8,False,0,4,0,0.5784377441993603,0.5513414071921287,4.839862447972321,0.16310296078633213
4864,0,random,0,coverage,0.5,0.5,0.25,1216,0.8216668501228495,True,pwl_j8_c4,"PWL DP (J=8, calls=4)",piecewise,0.6330891150921536,2106,18,0.7284711346765479,0.7351187351949432,0.6330891150921536,0.1330891150921536,True,False,True,2.641888,2.75987105,False,False,False,,0,,True,4,False,0,8,0,0.5784377441993603,0.5513414071921287,-27.08692379893907,-33.3327636207764
4864,0,random,0,coverage,0.5,0.5,0.25,1216,0.8216668501228495,True,pwl_j8_c8,"PWL DP (J=8, calls=8)",piecewise,0.502356921065468,1533,14,0.5378139129001892,0.5371468190431141,0.502356921065468,0.002356921065468,True,False,True,4.5439645,4.6541571,False,False,False,,0,,True,8,False,0,8,0,0.5784377441993603,0.5513414071921287,7.138352496930967,2.57455506948131
4864,0,random,0,coverage,0.5,0.5,0.25,1216,0.8216668501228495,True,paper_local64,Paper + local edits (64),local_edit,0.5001810281507716,1532,17,0.5628894990307117,0.5544387284764383,0.5001810281507716,0.0001810281507715,True,False,True,5.4525775,6.63814515,False,False,False,,0,,True,0,False,64,0,0,0.5784377441993603,0.5513414071921287,4.148936677038617,-0.5617791887033485
4864,0,random,0,coverage,0.5,0.5,0.25,1216,0.8216668501228495,True,paper_local256,Paper + local edits (256),local_edit,0.5005987652471078,1530,17,0.5622388599838989,0.5537740921432726,0.5005987652471078,0.0005987652471077,True,False,True,6.014056500000001,6.9256744,False,False,False,,0,,True,0,False,75,0,0,0.5784377441993603,0.5513414071921287,4.2638386418275225,-0.44123022856801253
4864,0,random,0,coverage,0.5,0.5,0.25,1216,0.8216668501228495,True,td_lookup_c2,TD lookup DP (2),lookup,1.0,4864,1,1.582354161848876,1.6163955622590918,1.0,0.5,True,False,True,7.453889,8.0219639,False,False,False,,0,,True,2,False,0,0,0,0.5784377441993603,0.5513414071921287,-179.441578366642,-193.17507104918357
4864,0,random,0,coverage,0.5,0.5,0.25,1216,0.8216668501228495,True,td_lookup_c4,TD lookup DP (4),lookup,0.6212533931980485,2041,19,0.7176430163343368,0.7129141099181965,0.6212533931980485,0.1212533931980485,True,False,True,11.366141,12.169661,False,False,False,,0,,True,4,False,0,0,0,0.5784377441993603,0.5513414071921287,-23.248200358185557,-29.305381496544094
4864,0,random,0,coverage,0.5,0.5,0.25,1216,0.8216668501228495,True,td_lookup_c8,TD lookup DP (8),lookup,0.5443411863084684,1700,16,0.5978703888169731,0.5953764889206666,0.5443411863084684,0.0443411863084683,True,False,True,20.100818500000003,21.61857815,False,False,False,,0,,True,8,False,0,0,0,0.5784377441993603,0.5513414071921287,-2.928360898155402,-7.986899070904152
4864,0,random,0,coverage,0.5,0.5,0.25,1216,0.8216668501228495,True,predict_correct_c2,Lambda predict + correct (2),predict,0.6408067468792553,2215,16,0.7341400669100708,0.7521251189252451,0.6408067468792553,0.1408067468792553,True,False,True,0.427829,0.55958265,True,True,False,,0,,True,2,False,0,0,0,0.5784377441993603,0.5513414071921287,-30.0269780918762,-36.41731042035601
4864,0,random,0,coverage,0.5,0.5,0.25,1216,0.8216668501228495,True,predict_correct_c4,Lambda predict + correct (4),predict,0.5290383186830889,1675,14,0.5707101973745948,0.5787087649622102,0.5290383186830889,0.0290383186830889,True,False,True,0.6490885,0.6907398499999999,True,True,False,,0,,True,4,False,0,0,0,0.5784377441993603,0.5513414071921287,-0.04685392085279627,-4.963776965248812
4864,0,random,0,coverage,0.5,0.5,0.25,1216,0.8216668501228495,True,predict_correct_c8,Lambda predict + correct (8),predict,0.5290383186830889,1675,14,0.5707101973745948,0.5787087649622102,0.5290383186830889,0.0290383186830889,True,False,True,0.9148995,0.98814065,True,True,False,,0,,True,8,True,0,0,0,0.5784377441993603,0.5513414071921287,-0.04685392085279627,-4.963776965248812
4864,0,random,0,coverage,0.5,0.5,0.25,1216,0.8216668501228495,True,capped_label2,Capped-label DP (2),capped_label,0.5066546722752898,2336,2,0.7599464066774207,0.7758063260122358,0.5066546722752898,0.0066546722752898,True,False,True,10.6221305,11.53791965,False,False,False,,0,,True,0,False,0,0,2,0.5784377441993603,0.5513414071921287,-34.120972186222296,-40.712508781675226
4864,0,random,0,coverage,0.5,0.5,0.25,1216,0.8216668501228495,True,capped_label4,Capped-label DP (4),capped_label,0.5066546722752898,2336,2,0.7599464066774207,0.7758063260122358,0.5066546722752898,0.0066546722752898,True,False,True,30.7512075,31.2370014,False,False,False,,0,,True,0,False,0,0,4,0.5784377441993603,0.5513414071921287,-34.120972186222296,-40.712508781675226
4864,0,random,0,coverage,0.5,0.5,0.25,1216,0.8216668501228495,True,capped_label8,Capped-label DP (8),capped_label,0.5066546722752898,2336,2,0.7599464066774207,0.7758063260122358,0.5066546722752898,0.0066546722752898,True,False,True,102.5164865,103.9427045,False,False,False,,0,,True,0,False,0,0,8,0.5784377441993603,0.5513414071921287,-34.120972186222296,-40.712508781675226
4864,0,random,0,row_budget,0.5,0.5,0.25,1216,0.8216668501228495,True,paper,Paper,paper,0.4480469716406324,1216,21,0.528368136006232,0.5154429519389927,0.4480469716406324,-0.0519530283593675,False,True,False,0.959263,1.1060189499999995,True,False,True,coverage_shortfall,4,,True,0,False,0,0,0,0.5154429519389927,0.5513414071921287,0.0,6.511111769377087
4864,0,random,0,row_budget,0.5,0.5,0.25,1216,0.8216668501228495,True,incumbent_td16_trim256,TD-2L (16) + trim 256,incumbent,0.5002148843424272,1569,14,0.5425413404821517,0.5513414071921287,0.5002148843424272,0.0002148843424272,True,False,False,1.017096,1.08593635,True,False,False,,0,,True,9,True,0,0,0,0.5154429519389927,0.5513414071921287,-6.9645835912768295,0.0
4864,0,random,0,row_budget,0.5,0.5,0.25,1216,0.8216668501228495,True,lambda_bank4,Lambda bank (4),lambda_bank,1.0,4864,1,1.582354161848876,1.6163955622590918,1.0,0.5,True,False,False,0.589843,0.6385553999999999,True,False,False,,0,,True,4,True,0,0,0,0.5154429519389927,0.5513414071921287,-213.5934939411892,-193.17507104918357
4864,0,random,0,row_budget,0.5,0.5,0.25,1216,0.8216668501228495,True,lambda_bank8,Lambda bank (8),lambda_bank,0.7794923438506391,2963,19,0.9676426753450712,0.9881565110787578,0.7794923438506391,0.2794923438506391,True,False,False,0.836498,0.8781987499999999,True,False,False,,0,,True,8,True,0,0,0,0.5154429519389927,0.5513414071921287,-91.71016062233693,-79.22769779096421
4864,0,random,0,row_budget,0.5,0.5,0.25,1216,0.8216668501228495,True,lambda_bank16,Lambda bank (16),lambda_bank,0.7794923438506391,2963,19,0.9676426753450712,0.9881565110787578,0.7794923438506391,0.2794923438506391,True,False,False,1.2922405,1.3211107,True,False,False,,0,,True,16,True,0,0,0,0.5154429519389927,0.5513414071921287,-91.71016062233693,-79.22769779096421
4864,0,random,0,row_budget,0.5,0.5,0.25,1216,0.8216668501228495,True,pwl_j4_c4,"PWL DP (J=4, calls=4)",piecewise,0.6460812776664264,2242,17,0.7482761954182883,0.7616998639692102,0.6460812776664264,0.1460812776664264,True,False,False,1.224263,1.25531035,True,False,False,,0,,True,4,False,0,4,0,0.5154429519389927,0.5513414071921287,-47.77578412971766,-38.153937656958334
4864,0,random,0,row_budget,0.5,0.5,0.25,1216,0.8216668501228495,True,pwl_j4_c8,"PWL DP (J=4, calls=8)",piecewise,0.5099983765794618,1622,13,0.5468245876802075,0.5504421530329573,0.5099983765794618,0.0099983765794617,True,False,False,2.0908835,2.1211967,False,False,False,,0,,True,8,False,0,4,0,0.5154429519389927,0.5513414071921287,-6.790121188446685,0.16310296078633213
4864,0,random,0,row_budget,0.5,0.5,0.25,1216,0.8216668501228495,True,pwl_j8_c4,"PWL DP (J=8, calls=4)",piecewise,0.6330891150921536,2106,18,0.7284711346765479,0.7351187351949432,0.6330891150921536,0.1330891150921536,True,False,False,2.629891,2.66956365,False,False,False,,0,,True,4,False,0,8,0,0.5154429519389927,0.5513414071921287,-42.6188353977049,-33.3327636207764
4864,0,random,0,row_budget,0.5,0.5,0.25,1216,0.8216668501228495,True,pwl_j8_c8,"PWL DP (J=8, calls=8)",piecewise,0.502356921065468,1533,14,0.5378139129001892,0.5371468190431141,0.502356921065468,0.002356921065468,True,False,False,4.4967705,4.5840946,False,False,False,,0,,True,8,False,0,8,0,0.5154429519389927,0.5513414071921287,-4.210721481878021,2.57455506948131
4864,0,random,0,row_budget,0.5,0.5,0.25,1216,0.8216668501228495,True,paper_local64,Paper + local edits (64),local_edit,0.4499957641525517,1216,21,0.528368136006232,0.5154429519389927,0.4499957641525517,-0.0500042358474482,False,True,False,1.9007335,2.0361393,False,False,True,coverage_shortfall,4,,True,0,False,12,0,0,0.5154429519389927,0.5513414071921287,0.0,6.511111769377087
4864,0,random,0,row_budget,0.5,0.5,0.25,1216,0.8216668501228495,True,paper_local256,Paper + local edits (256),local_edit,0.4499957641525517,1216,21,0.528368136006232,0.5154429519389927,0.4499957641525517,-0.0500042358474482,False,True,False,1.907275,1.97126475,True,False,True,coverage_shortfall,4,,True,0,False,12,0,0,0.5154429519389927,0.5513414071921287,0.0,6.511111769377087
4864,0,random,0,row_budget,0.5,0.5,0.25,1216,0.8216668501228495,True,td_lookup_c2,TD lookup DP (2),lookup,1.0,4864,1,1.582354161848876,1.6163955622590918,1.0,0.5,True,False,False,7.074008,7.18349115,False,False,False,,0,,True,2,False,0,0,0,0.5154429519389927,0.5513414071921287,-213.5934939411892,-193.17507104918357
4864,0,random,0,row_budget,0.5,0.5,0.25,1216,0.8216668501228495,True,td_lookup_c4,TD lookup DP (4),lookup,0.6212533931980485,2041,19,0.7176430163343368,0.7129141099181965,0.6212533931980485,0.1212533931980485,True,False,False,11.1623155,11.2915106,False,False,False,,0,,True,4,False,0,0,0,0.5154429519389927,0.5513414071921287,-38.31096287889029,-29.305381496544094
4864,0,random,0,row_budget,0.5,0.5,0.25,1216,0.8216668501228495,True,td_lookup_c8,TD lookup DP (8),lookup,0.5443411863084684,1700,16,0.5978703888169731,0.5953764889206666,0.5443411863084684,0.0443411863084683,True,False,False,19.495813,19.69670915,False,False,False,,0,,True,8,False,0,0,0,0.5154429519389927,0.5513414071921287,-15.50773692432501,-7.986899070904152
4864,0,random,0,row_budget,0.5,0.5,0.25,1216,0.8216668501228495,True,predict_correct_c2,Lambda predict + correct (2),predict,0.6408067468792553,2215,16,0.7341400669100708,0.7521251189252451,0.6408067468792553,0.1408067468792553,True,False,False,0.4014299999999999,0.5216227999999999,True,False,False,,0,,True,2,False,0,0,0,0.5154429519389927,0.5513414071921287,-45.918208037553285,-36.41731042035601
4864,0,random,0,row_budget,0.5,0.5,0.25,1216,0.8216668501228495,True,predict_correct_c4,Lambda predict + correct (4),predict,0.5290383186830889,1675,14,0.5707101973745948,0.5787087649622102,0.5290383186830889,0.0290383186830889,True,False,False,0.591225,0.62727435,True,False,False,,0,,True,4,False,0,0,0,0.5154429519389927,0.5513414071921287,-12.274066952554929,-4.963776965248812
4864,0,random,0,row_budget,0.5,0.5,0.25,1216,0.8216668501228495,True,predict_correct_c8,Lambda predict + correct (8),predict,0.5290383186830889,1675,14,0.5707101973745948,0.5787087649622102,0.5290383186830889,0.0290383186830889,True,False,False,0.8677465,0.90911775,True,False,False,,0,,True,8,True,0,0,0,0.5154429519389927,0.5513414071921287,-12.274066952554929,-4.963776965248812
4864,0,random,0,row_budget,0.5,0.5,0.25,1216,0.8216668501228495,True,capped_label2,Capped-label DP (2),capped_label,0.2801811664328495,1216,2,0.405929667024655,0.4156794929046054,0.2801811664328495,-0.2198188335671504,False,True,False,10.7276585,11.1620725,False,False,True,coverage_shortfall,0,,True,0,False,0,0,2,0.5154429519389927,0.5513414071921287,19.354898279062162,24.605790988640276
4864,0,random,0,row_budget,0.5,0.5,0.25,1216,0.8216668501228495,True,capped_label4,Capped-label DP (4),capped_label,0.2801811664328495,1216,2,0.405929667024655,0.4156794929046054,0.2801811664328495,-0.2198188335671504,False,True,False,31.793135,32.0474112,False,False,True,coverage_shortfall,0,,True,0,False,0,0,4,0.5154429519389927,0.5513414071921287,19.354898279062162,24.605790988640276
4864,0,random,0,row_budget,0.5,0.5,0.25,1216,0.8216668501228495,True,capped_label8,Capped-label DP (8),capped_label,0.294634487739253,1216,4,0.4065869917550709,0.4131477404385621,0.294634487739253,-0.2053655122607469,False,True,False,108.993048,109.5168165,False,False,True,coverage_shortfall,0,,True,0,False,0,0,8,0.5154429519389927,0.5513414071921287,19.846078235353993,25.064989668989167
4864,0,random,1,coverage,0.7,0.7,0.5,2432,0.9453090890622464,True,paper,Paper,paper,0.7096171854232844,2514,30,0.943707491835182,0.918793355098282,0.7096171854232844,0.0096171854232844,True,False,True,5.225818,5.3969537,False,False,False,,0,,True,0,False,0,0,0,0.918793355098282,0.85774195889669,0.0,-7.117687967616981
4864,0,random,1,coverage,0.7,0.7,0.5,2432,0.9453090890622464,True,incumbent_td16_trim256,TD-2L (16) + trim 256,incumbent,0.7002841113528012,2571,17,0.8413499060392803,0.85774195889669,0.7002841113528012,0.0002841113528012,True,False,True,1.033537,1.1555752,True,True,False,,0,,True,10,True,0,0,0,0.918793355098282,0.85774195889669,6.644736366760229,0.0
4864,0,random,1,coverage,0.7,0.7,0.5,2432,0.9453090890622464,True,lambda_bank4,Lambda bank (4),lambda_bank,0.8590509293995889,3424,22,1.122650552588086,1.1431408854019276,0.8590509293995889,0.1590509293995889,True,False,True,0.617339,0.6971109,True,True,False,,0,,True,4,True,0,0,0,0.918793355098282,0.85774195889669,-24.417626559744487,-33.273284994982056
4864,0,random,1,coverage,0.7,0.7,0.5,2432,0.9453090890622464,True,lambda_bank8,Lambda bank (8),lambda_bank,0.8590509293995889,3424,22,1.122650552588086,1.1431408854019276,0.8590509293995889,0.1590509293995889,True,False,True,0.9252595,0.96545005,True,True,False,,0,,True,8,True,0,0,0,0.918793355098282,0.85774195889669,-24.417626559744487,-33.273284994982056
4864,0,random,1,coverage,0.7,0.7,0.5,2432,0.9453090890622464,True,lambda_bank16,Lambda bank (16),lambda_bank,0.8590509293995889,3424,22,1.122650552588086,1.1431408854019276,0.8590509293995889,0.1590509293995889,True,False,True,1.4611665,1.5056518,True,True,False,,0,,True,16,True,0,0,0,0.918793355098282,0.85774195889669,-24.417626559744487,-33.273284994982056
4864,0,random,1,coverage,0.7,0.7,0.5,2432,0.9453090890622464,True,pwl_j4_c4,"PWL DP (J=4, calls=4)",piecewise,0.906325972992048,3738,26,1.2304233569710838,1.2542387907091934,0.906325972992048,0.2063259729920479,True,False,True,1.304348,1.35545005,True,True,False,,0,,True,4,False,0,4,0,0.918793355098282,0.85774195889669,-36.50934497398812,-46.225654195874434
4864,0,random,1,coverage,0.7,0.7,0.5,2432,0.9453090890622464,True,pwl_j4_c8,"PWL DP (J=4, calls=8)",piecewise,0.7352932011661919,2686,20,0.8942557341622519,0.9079921917678452,0.7352932011661919,0.0352932011661919,True,False,True,2.1988955,2.2633169,False,False,False,,0,,True,8,False,0,4,0,0.918793355098282,0.85774195889669,1.1755813503115053,-5.8584324049848036
4864,0,random,1,coverage,0.7,0.7,0.5,2432,0.9453090890622464,True,pwl_j8_c4,"PWL DP (J=8, calls=4)",piecewise,0.8971735228729929,3652,25,1.208361800531874,1.2257506466902026,0.8971735228729929,0.1971735228729929,True,False,True,2.7323125,2.81752685,False,False,False,,0,,True,4,False,0,8,0,0.918793355098282,0.85774195889669,-33.40874091966912,-42.90435881985775
4864,0,random,1,coverage,0.7,0.7,0.5,2432,0.9453090890622464,True,pwl_j8_c8,"PWL DP (J=8, calls=8)",piecewise,0.7206040386004668,2563,21,0.8751467067988097,0.8799382048044724,0.7206040386004668,0.0206040386004668,True,False,True,4.6729605,4.7459685,False,False,False,,0,,True,8,False,0,8,0,0.918793355098282,0.85774195889669,4.228932444733813,-2.5877533071057
4864,0,random,1,coverage,0.7,0.7,0.5,2432,0.9453090890622464,True,paper_local64,Paper + local edits (64),local_edit,0.7066387015477114,2528,27,0.9157009151240556,0.8953378455116081,0.7066387015477114,0.0066387015477114,True,False,True,7.947431,8.322557999999999,False,False,False,,0,,True,0,False,64,0,0,0.918793355098282,0.85774195889669,2.552860167797455,-4.3831231788261205
4864,0,random,1,coverage,0.7,0.7,0.5,2432,0.9453090890622464,True,paper_local256,Paper + local edits (256),local_edit,0.7022649213069804,2507,26,0.8999366315638331,0.8825251217547078,0.7022649213069804,0.0022649213069804,True,False,True,10.9023945,12.6411529,False,False,False,,0,,True,0,False,118,0,0,0.918793355098282,0.85774195889669,3.94737653927576,-2.889349483368653
4864,0,random,1,coverage,0.7,0.7,0.5,2432,0.9453090890622464,True,td_lookup_c2,TD lookup DP (2),lookup,1.0,4864,1,1.582354161848876,1.6163955622590918,1.0,0.3,True,False,True,7.2029245,7.638222349999999,False,False,False,,0,,True,2,False,0,0,0,0.918793355098282,0.85774195889669,-75.92590905124561,-88.44776631170694
4864,0,random,1,coverage,0.7,0.7,0.5,2432,0.9453090890622464,True,td_lookup_c4,TD lookup DP (4),lookup,0.8992017412402329,3675,26,1.2139543409702762,1.226651086138013,0.8992017412402329,0.1992017412402329,True,False,True,11.1317085,11.52025855,False,False,False,,0,,True,4,False,0,0,0,0.918793355098282,0.85774195889669,-33.506743309740195,-43.009336714254886
4864,0,random,1,coverage,0.7,0.7,0.5,2432,0.9453090890622464,True,td_lookup_c8,TD lookup DP (8),lookup,0.7109178454198912,2509,22,0.8669932817097473,0.8606180586549058,0.7109178454198912,0.0109178454198912,True,False,True,19.47028,19.81842105,False,False,False,,0,,True,8,False,0,0,0,0.918793355098282,0.85774195889669,6.331706266764769,-0.33531060575786586
4864,0,random,1,coverage,0.7,0.7,0.5,2432,0.9453090890622464,True,predict_correct_c2,Lambda predict + correct (2),predict,0.7504513609060761,2805,18,0.9162421906468552,0.935776726219214,0.7504513609060761,0.0504513609060761,True,False,True,0.443679,0.55763895,True,True,False,,0,,True,2,False,0,0,0,0.918793355098282,0.85774195889669,-1.848442963446928,-9.09769733346144
4864,0,random,1,coverage,0.7,0.7,0.5,2432,0.9453090890622464,True,predict_correct_c4,Lambda predict + correct (4),predict,0.7504513609060761,2805,18,0.9162421906468552,0.935776726219214,0.7504513609060761,0.0504513609060761,True,False,True,0.6322165,0.6641402999999999,True,True,False,,0,,True,4,False,0,0,0,0.918793355098282,0.85774195889669,-1.848442963446928,-9.09769733346144
4864,0,random,1,coverage,0.7,0.7,0.5,2432,0.9453090890622464,True,predict_correct_c8,Lambda predict + correct (8),predict,0.7202778784354926,2650,17,0.8658176645188584,0.8842674103988689,0.7202778784354926,0.0202778784354926,True,False,True,0.8892725,0.9448156,True,True,False,,0,,True,8,False,0,0,0,0.918793355098282,0.85774195889669,3.7577486284410377,-3.09247451719612
4864,0,random,1,coverage,0.7,0.7,0.5,2432,0.9453090890622464,True,capped_label2,Capped-label DP (2),capped_label,0.7000951331852019,3290,2,1.0703012320071552,1.093044442461393,0.7000951331852019,9.513318520193435e-05,True,False,True,10.1944915,10.79524635,False,False,False,,0,,True,0,False,0,0,2,0.918793355098282,0.85774195889669,-18.965209793498296,-27.432782216620446
4864,0,random,1,coverage,0.7,0.7,0.5,2432,0.9453090890622464,True,capped_label4,Capped-label DP (4),capped_label,0.7000951331852019,3290,2,1.0703012320071552,1.093044442461393,0.7000951331852019,9.513318520193435e-05,True,False,True,30.161235,31.1359933,False,False,False,,0,,True,0,False,0,0,4,0.918793355098282,0.85774195889669,-18.965209793498296,-27.432782216620446
4864,0,random,1,coverage,0.7,0.7,0.5,2432,0.9453090890622464,True,capped_label8,Capped-label DP (8),capped_label,0.7000951331852019,3290,2,1.0703012320071552,1.093044442461393,0.7000951331852019,9.513318520193435e-05,True,False,True,105.487535,109.49163165,False,False,False,,0,,True,0,False,0,0,8,0.918793355098282,0.85774195889669,-18.965209793498296,-27.432782216620446
4864,0,random,1,row_budget,0.7,0.7,0.5,2432,0.9453090890622464,True,paper,Paper,paper,0.7004550053958476,2430,31,0.9343631784225628,0.9144272518624956,0.7004550053958476,0.0004550053958476,True,True,True,0.7145604999999999,0.8165186499999998,True,True,False,,0,,True,0,False,0,0,0,0.9144272518624956,0.85774195889669,0.0,-6.608665039392458
4864,0,random,1,row_budget,0.7,0.7,0.5,2432,0.9453090890622464,True,incumbent_td16_trim256,TD-2L (16) + trim 256,incumbent,0.7002841113528012,2571,17,0.8413499060392803,0.85774195889669,0.7002841113528012,0.0002841113528012,True,False,False,1.0173065,1.06112375,True,False,False,,0,,True,10,True,0,0,0,0.9144272518624956,0.85774195889669,6.198994272135872,0.0
4864,0,random,1,row_budget,0.7,0.7,0.5,2432,0.9453090890622464,True,lambda_bank4,Lambda bank (4),lambda_bank,0.8590509293995889,3424,22,1.122650552588086,1.1431408854019276,0.8590509293995889,0.1590509293995889,True,False,False,0.603513,0.7038116499999999,True,False,False,,0,,True,4,True,0,0,0,0.9144272518624956,0.85774195889669,-25.011681691855813,-33.273284994982056
4864,0,random,1,row_budget,0.7,0.7,0.5,2432,0.9453090890622464,True,lambda_bank8,Lambda bank (8),lambda_bank,0.8590509293995889,3424,22,1.122650552588086,1.1431408854019276,0.8590509293995889,0.1590509293995889,True,False,False,0.921322,0.9361866,True,False,False,,0,,True,8,True,0,0,0,0.9144272518624956,0.85774195889669,-25.011681691855813,-33.273284994982056
4864,0,random,1,row_budget,0.7,0.7,0.5,2432,0.9453090890622464,True,lambda_bank16,Lambda bank (16),lambda_bank,0.8590509293995889,3424,22,1.122650552588086,1.1431408854019276,0.8590509293995889,0.1590509293995889,True,False,False,1.4554105000000002,1.49083395,True,False,False,,0,,True,16,True,0,0,0,0.9144272518624956,0.85774195889669,-25.011681691855813,-33.273284994982056
4864,0,random,1,row_budget,0.7,0.7,0.5,2432,0.9453090890622464,True,pwl_j4_c4,"PWL DP (J=4, calls=4)",piecewise,0.906325972992048,3738,26,1.2304233569710838,1.2542387907091934,0.906325972992048,0.2063259729920479,True,False,False,1.3056355,1.3320161,True,False,False,,0,,True,4,False,0,4,0,0.9144272518624956,0.85774195889669,-37.16113426787897,-46.225654195874434
4864,0,random,1,row_budget,0.7,0.7,0.5,2432,0.9453090890622464,True,pwl_j4_c8,"PWL DP (J=4, calls=8)",piecewise,0.7352932011661919,2686,20,0.8942557341622519,0.9079921917678452,0.7352932011661919,0.0352932011661919,True,False,False,2.1990355,2.23247285,False,False,False,,0,,True,8,False,0,4,0,0.9144272518624956,0.85774195889669,0.7037257563730304,-5.8584324049848036
4864,0,random,1,row_budget,0.7,0.7,0.5,2432,0.9453090890622464,True,pwl_j8_c4,"PWL DP (J=8, calls=4)",piecewise,0.8971735228729929,3652,25,1.208361800531874,1.2257506466902026,0.8971735228729929,0.1971735228729929,True,False,False,2.705162,2.7758629,False,False,False,,0,,True,4,False,0,8,0,0.9144272518624956,0.85774195889669,-34.045725801982265,-42.90435881985775
4864,0,random,1,row_budget,0.7,0.7,0.5,2432,0.9453090890622464,True,pwl_j8_c8,"PWL DP (J=8, calls=8)",piecewise,0.7206040386004668,2563,21,0.8751467067988097,0.8799382048044724,0.7206040386004668,0.0206040386004668,True,False,False,4.652772,4.67551565,False,False,False,,0,,True,8,False,0,8,0,0.9144272518624956,0.85774195889669,3.7716556443146643,-2.5877533071057
4864,0,random,1,row_budget,0.7,0.7,0.5,2432,0.9453090890622464,True,paper_local64,Paper + local edits (64),local_edit,0.7002823051794598,2405,30,0.9195982533251702,0.900163696901173,0.7002823051794598,0.0002823051794598,True,True,True,6.4303405,6.5494010000000005,False,False,False,,0,,True,0,False,55,0,0,0.9144272518624956,0.85774195889669,1.559834850970454,-4.945745927953671
4864,0,random,1,row_budget,0.7,0.7,0.5,2432,0.9453090890622464,True,paper_local256,Paper + local edits (256),local_edit,0.7002823051794598,2405,30,0.9195982533251702,0.900163696901173,0.7002823051794598,0.0002823051794598,True,True,True,6.3719755,6.425614,False,False,False,,0,,True,0,False,55,0,0,0.9144272518624956,0.85774195889669,1.559834850970454,-4.945745927953671
4864,0,random,1,row_budget,0.7,0.7,0.5,2432,0.9453090890622464,True,td_lookup_c2,TD lookup DP (2),lookup,1.0,4864,1,1.582354161848876,1.6163955622590918,1.0,0.3,True,False,False,7.024766,7.078984,False,False,False,,0,,True,2,False,0,0,0,0.9144272518624956,0.85774195889669,-76.76590007207622,-88.44776631170694
4864,0,random,1,row_budget,0.7,0.7,0.5,2432,0.9453090890622464,True,td_lookup_c4,TD lookup DP (4),lookup,0.8992017412402329,3675,26,1.2139543409702762,1.226651086138013,0.8992017412402329,0.1992017412402329,True,False,False,11.0612415,11.19369605,False,False,False,,0,,True,4,False,0,0,0,0.9144272518624956,0.85774195889669,-34.144196122718704,-43.009336714254886
4864,0,random,1,row_budget,0.7,0.7,0.5,2432,0.9453090890622464,True,td_lookup_c8,TD lookup DP (8),lookup,0.7109178454198912,2509,22,0.8669932817097473,0.8606180586549058,0.7109178454198912,0.0109178454198912,True,False,False,19.476061,19.60130925,False,False,False,,0,,True,8,False,0,0,0,0.9144272518624956,0.85774195889669,5.884469551622818,-0.33531060575786586
4864,0,random,1,row_budget,0.7,0.7,0.5,2432,0.9453090890622464,True,predict_correct_c2,Lambda predict + correct (2),predict,0.7504513609060761,2805,18,0.9162421906468552,0.935776726219214,0.7504513609060761,0.0504513609060761,True,False,False,0.482116,0.5565325,True,False,False,,0,,True,2,False,0,0,0,0.9144272518624956,0.85774195889669,-2.33473732472802,-9.09769733346144
4864,0,random,1,row_budget,0.7,0.7,0.5,2432,0.9453090890622464,True,predict_correct_c4,Lambda predict + correct (4),predict,0.7504513609060761,2805,18,0.9162421906468552,0.935776726219214,0.7504513609060761,0.0504513609060761,True,False,False,0.639335,0.6994641,True,False,False,,0,,True,4,False,0,0,0,0.9144272518624956,0.85774195889669,-2.33473732472802,-9.09769733346144
4864,0,random,1,row_budget,0.7,0.7,0.5,2432,0.9453090890622464,True,predict_correct_c8,Lambda predict + correct (8),predict,0.7202778784354926,2650,17,0.8658176645188584,0.8842674103988689,0.7202778784354926,0.0202778784354926,True,False,False,0.9033885,0.93541695,True,False,False,,0,,True,8,False,0,0,0,0.9144272518624956,0.85774195889669,3.29822207312801,-3.09247451719612
4864,0,random,1,row_budget,0.7,0.7,0.5,2432,0.9453090890622464,True,capped_label2,Capped-label DP (2),capped_label,0.517191718238928,2432,2,0.7944519666349031,0.809674282330269,0.517191718238928,-0.182808281761072,False,True,False,10.6066415,10.8996245,False,False,True,coverage_shortfall,0,,True,0,False,0,0,2,0.9144272518624956,0.85774195889669,11.455582641360152,5.603978687045963
4864,0,random,1,row_budget,0.7,0.7,0.5,2432,0.9453090890622464,True,capped_label4,Capped-label DP (4),capped_label,0.5491623057720555,2432,4,0.7978207558782845,0.8127995939482914,0.5491623057720555,-0.1508376942279444,False,True,False,30.739004,31.36777875,False,False,True,coverage_shortfall,0,,True,0,False,0,0,4,0.9144272518624956,0.85774195889669,11.1138045926792,5.239613671949527
4864,0,random,1,row_budget,0.7,0.7,0.5,2432,0.9453090890622464,True,capped_label8,Capped-label DP (8),capped_label,0.5473130135297395,2432,3,0.794369801043601,0.8091610597400465,0.5473130135297395,-0.1526869864702604,False,True,False,106.319801,107.0441544,False,False,True,coverage_shortfall,0,,True,0,False,0,0,8,0.9144272518624956,0.85774195889669,11.511707673633309,5.663812834705317
4864,0,random,2,coverage,0.9,0.9,0.75,3648,0.9884237831690682,True,paper,Paper,paper,0.900518423762255,3852,45,1.4382381434233338,1.40375258658319,0.900518423762255,0.0005184237622549,True,False,True,9.372064,9.573954,False,False,False,,0,,True,0,False,0,0,0,1.40375258658319,1.237593539961466,0.0,-13.425978825559937
4864,0,random,2,coverage,0.9,0.9,0.75,3648,0.9884237831690682,True,incumbent_td16_trim256,TD-2L (16) + trim 256,incumbent,0.9000299960459636,3693,24,1.2135772453942553,1.237593539961466,0.9000299960459636,2.9996045963542883e-05,True,False,True,1.1090535,1.22166535,True,True,False,,0,,True,14,True,0,0,0,1.40375258658319,1.237593539961466,11.836775811481438,0.0
4864,0,random,2,coverage,0.9,0.9,0.75,3648,0.9884237831690682,True,lambda_bank4,Lambda bank (4),lambda_bank,0.9953056004652686,4653,30,1.51450992243991,1.547405254356651,0.9953056004652686,0.0953056004652685,True,False,True,0.7202515,0.83770735,True,True,False,,0,,True,4,True,0,0,0,1.40375258658319,1.237593539961466,-10.233474840685396,-25.033397831474737
4864,0,random,2,coverage,0.9,0.9,0.75,3648,0.9884237831690682,True,lambda_bank8,Lambda bank (8),lambda_bank,0.9725232561886747,4334,29,1.4129866792632564,1.4457681163261584,0.9725232561886747,0.0725232561886747,True,False,True,1.0882495,1.1690997,True,True,False,,0,,True,8,True,0,0,0,1.40375258658319,1.237593539961466,-2.9930865413567265,-16.820916532189912
4864,0,random,2,coverage,0.9,0.9,0.75,3648,0.9884237831690682,True,lambda_bank16,Lambda bank (16),lambda_bank,0.9055225627598406,3739,24,1.2258304789579857,1.2510439252051473,0.9055225627598406,0.0055225627598405,True,False,True,1.7648895,1.81711695,True,True,False,,0,,True,16,True,0,0,0,1.40375258658319,1.237593539961466,10.87860231479565,-1.086817667462947
4864,0,random,2,coverage,0.9,0.9,0.75,3648,0.9884237831690682,True,pwl_j4_c4,"PWL DP (J=4, calls=4)",piecewise,0.906325972992048,3738,26,1.2304233569710838,1.2542387907091934,0.906325972992048,0.0063259729920478,True,False,True,1.3211149999999998,1.37657875,True,True,False,,0,,True,4,False,0,4,0,1.40375258658319,1.237593539961466,10.651007684902735,-1.344969104173388
4864,0,random,2,coverage,0.9,0.9,0.75,3648,0.9884237831690682,True,pwl_j4_c8,"PWL DP (J=4, calls=8)",piecewise,0.906325972992048,3738,26,1.2304233569710838,1.2542387907091934,0.906325972992048,0.0063259729920478,True,False,True,2.328217,2.3834661500000003,False,False,False,,0,,True,8,False,0,4,0,1.40375258658319,1.237593539961466,10.651007684902735,-1.344969104173388
4864,0,random,2,coverage,0.9,0.9,0.75,3648,0.9884237831690682,True,pwl_j8_c4,"PWL DP (J=8, calls=4)",piecewise,1.0,4864,1,1.582354161848876,1.6163955622590918,1.0,0.0999999999999999,True,False,True,3.0640175000000003,3.11762245,False,False,False,,0,,True,4,False,0,8,0,1.40375258658319,1.237593539961466,-15.148180506187803,-30.607950838966104
4864,0,random,2,coverage,0.9,0.9,0.75,3648,0.9884237831690682,True,pwl_j8_c8,"PWL DP (J=8, calls=8)",piecewise,0.908375486416267,3736,25,1.2346087498694738,1.253258607726386,0.908375486416267,0.0083754864162669,True,False,True,5.017038,5.1333053,False,False,False,,0,,True,8,False,0,8,0,1.40375258658319,1.237593539961466,10.720833592414913,-1.2657683851038826
4864,0,random,2,coverage,0.9,0.9,0.75,3648,0.9884237831690682,True,paper_local64,Paper + local edits (64),local_edit,0.908953664976861,3918,32,1.3382097983157468,1.3384306190141562,0.908953664976861,0.008953664976861,True,False,True,12.613473,14.18256595,False,False,False,,0,,True,0,False,64,0,0,1.40375258658319,1.237593539961466,4.6533818133885685,-8.147834955233368
4864,0,random,2,coverage,0.9,0.9,0.75,3648,0.9884237831690682,True,paper_local256,Paper + local edits (256),local_edit,0.9002752458853656,3849,32,1.316337910339817,1.3137018328596104,0.9002752458853656,0.0002752458853655,True,False,True,17.0535325,17.6623112,False,False,False,,0,,True,0,False,154,0,0,1.40375258658319,1.237593539961466,6.415001801903564,-6.149700240073508
4864,0,random,2,coverage,0.9,0.9,0.75,3648,0.9884237831690682,True,td_lookup_c2,TD lookup DP (2),lookup,1.0,4864,1,1.582354161848876,1.6163955622590918,1.0,0.0999999999999999,True,False,True,7.040419999999999,7.7708336,False,False,False,,0,,True,2,False,0,0,0,1.40375258658319,1.237593539961466,-15.148180506187803,-30.607950838966104
4864,0,random,2,coverage,0.9,0.9,0.75,3648,0.9884237831690682,True,td_lookup_c4,TD lookup DP (4),lookup,1.0,4864,1,1.582354161848876,1.6163955622590918,1.0,0.0999999999999999,True,False,True,11.288411,12.49390135,False,False,False,,0,,True,4,False,0,0,0,1.40375258658319,1.237593539961466,-15.148180506187803,-30.607950838966104
4864,0,random,2,coverage,0.9,0.9,0.75,3648,0.9884237831690682,True,td_lookup_c8,TD lookup DP (8),lookup,0.9043298322249332,3714,26,1.2260783811856275,1.2390425165352996,0.9043298322249332,0.0043298322249333,True,False,True,19.7719495,21.57637975,False,False,False,,0,,True,8,False,0,0,0,1.40375258658319,1.237593539961466,11.733554162048144,-0.11708016622959949
4864,0,random,2,coverage,0.9,0.9,0.75,3648,0.9884237831690682,True,predict_correct_c2,Lambda predict + correct (2),predict,0.9725232561886747,4334,29,1.4129866792632564,1.4457681163261584,0.9725232561886747,0.0725232561886747,True,False,True,0.530031,0.6283708499999999,True,True,False,,0,,True,2,False,0,0,0,1.40375258658319,1.237593539961466,-2.9930865413567265,-16.820916532189912
4864,0,random,2,coverage,0.9,0.9,0.75,3648,0.9884237831690682,True,predict_correct_c4,Lambda predict + correct (4),predict,0.9122031047269948,3782,25,1.2420142135463863,1.2653482965655505,0.9122031047269948,0.0122031047269947,True,False,True,0.709196,0.75437245,True,True,False,,0,,True,4,False,0,0,0,1.40375258658319,1.237593539961466,9.859592875588064,-2.242639098208987
4864,0,random,2,coverage,0.9,0.9,0.75,3648,0.9884237831690682,True,predict_correct_c8,Lambda predict + correct (8),predict,0.9027773065577064,3712,24,1.2192653227911656,1.242139602131899,0.9027773065577064,0.0027773065577063,True,False,True,1.017938,1.0571209,True,True,False,,0,,True,8,False,0,0,0,1.40375258658319,1.237593539961466,11.512925140509678,-0.36733079348285624
4864,0,random,2,coverage,0.9,0.9,0.75,3648,0.9884237831690682,True,capped_label2,Capped-label DP (2),capped_label,0.9001314393533904,4363,2,1.4193690806222548,1.4494152496757182,0.9001314393533904,0.0001314393533903,True,False,True,10.33286,10.65466105,False,False,False,,0,,True,0,False,0,0,2,1.40375258658319,1.237593539961466,-3.2528996583132797,-17.11561210321506
4864,0,random,2,coverage,0.9,0.9,0.75,3648,0.9884237831690682,True,capped_label4,Capped-label DP (4),capped_label,0.9001314393533904,4363,2,1.4193690806222548,1.4494152496757182,0.9001314393533904,0.0001314393533903,True,False,True,31.092731,31.51190325,False,False,False,,0,,True,0,False,0,0,4,1.40375258658319,1.237593539961466,-3.2528996583132797,-17.11561210321506
4864,0,random,2,coverage,0.9,0.9,0.75,3648,0.9884237831690682,True,capped_label8,Capped-label DP (8),capped_label,0.9001314393533904,4363,2,1.4193690806222548,1.4494152496757182,0.9001314393533904,0.0001314393533903,True,False,True,106.157232,106.92507075,False,False,False,,0,,True,0,False,0,0,8,1.40375258658319,1.237593539961466,-3.2528996583132797,-17.11561210321506
4864,0,random,2,row_budget,0.9,0.9,0.75,3648,0.9884237831690682,True,paper,Paper,paper,0.8776084841681524,3648,44,1.3748309219352937,1.335824299164718,0.8776084841681524,-0.0223915158318476,False,True,False,1.0145815,1.1641572999999998,True,False,True,coverage_shortfall,0,,True,0,False,0,0,0,1.335824299164718,1.237593539961466,0.0,-7.937239168710475
4864,0,random,2,row_budget,0.9,0.9,0.75,3648,0.9884237831690682,True,incumbent_td16_trim256,TD-2L (16) + trim 256,incumbent,0.9000299960459636,3693,24,1.2135772453942553,1.237593539961466,0.9000299960459636,2.9996045963542883e-05,True,False,False,1.1132304999999998,1.2051302,True,False,False,,0,,True,14,True,0,0,0,1.335824299164718,1.237593539961466,7.353568823734912,0.0
4864,0,random,2,row_budget,0.9,0.9,0.75,3648,0.9884237831690682,True,lambda_bank4,Lambda bank (4),lambda_bank,0.9953056004652686,4653,30,1.51450992243991,1.547405254356651,0.9953056004652686,0.0953056004652685,True,False,False,0.7227455,0.7610063499999999,True,False,False,,0,,True,4,True,0,0,0,1.335824299164718,1.237593539961466,-15.83898086928297,-25.033397831474737
4864,0,random,2,row_budget,0.9,0.9,0.75,3648,0.9884237831690682,True,lambda_bank8,Lambda bank (8),lambda_bank,0.9725232561886747,4334,29,1.4129866792632564,1.4457681163261584,0.9725232561886747,0.0725232561886747,True,False,False,1.0743085,1.1001215,True,False,False,,0,,True,8,True,0,0,0,1.335824299164718,1.237593539961466,-8.230410034477398,-16.820916532189912
4864,0,random,2,row_budget,0.9,0.9,0.75,3648,0.9884237831690682,True,lambda_bank16,Lambda bank (16),lambda_bank,0.9055225627598406,3739,24,1.2258304789579857,1.2510439252051473,0.9055225627598406,0.0055225627598405,True,False,False,1.736847,1.76275565,True,False,False,,0,,True,16,True,0,0,0,1.335824299164718,1.237593539961466,6.346671041437357,-1.086817667462947
4864,0,random,2,row_budget,0.9,0.9,0.75,3648,0.9884237831690682,True,pwl_j4_c4,"PWL DP (J=4, calls=4)",piecewise,0.906325972992048,3738,26,1.2304233569710838,1.2542387907091934,0.906325972992048,0.0063259729920478,True,False,False,1.3143075,1.3533622,True,False,False,,0,,True,4,False,0,4,0,1.335824299164718,1.237593539961466,6.107502948294885,-1.344969104173388
4864,0,random,2,row_budget,0.9,0.9,0.75,3648,0.9884237831690682,True,pwl_j4_c8,"PWL DP (J=4, calls=8)",piecewise,0.906325972992048,3738,26,1.2304233569710838,1.2542387907091934,0.906325972992048,0.0063259729920478,True,False,False,2.306176,2.36070435,False,False,False,,0,,True,8,False,0,4,0,1.335824299164718,1.237593539961466,6.107502948294885,-1.344969104173388
4864,0,random,2,row_budget,0.9,0.9,0.75,3648,0.9884237831690682,True,pwl_j8_c4,"PWL DP (J=8, calls=4)",piecewise,1.0,4864,1,1.582354161848876,1.6163955622590918,1.0,0.0999999999999999,True,False,False,3.0355345,3.0830284,False,False,False,,0,,True,4,False,0,8,0,1.335824299164718,1.237593539961466,-21.00360528475287,-30.607950838966104
4864,0,random,2,row_budget,0.9,0.9,0.75,3648,0.9884237831690682,True,pwl_j8_c8,"PWL DP (J=8, calls=8)",piecewise,0.908375486416267,3736,25,1.2346087498694738,1.253258607726386,0.908375486416267,0.0083754864162669,True,False,False,5.0142635,5.24348935,False,False,False,,0,,True,8,False,0,8,0,1.335824299164718,1.237593539961466,6.180879587978727,-1.2657683851038826
4864,0,random,2,row_budget,0.9,0.9,0.75,3648,0.9884237831690682,True,paper_local64,Paper + local edits (64),local_edit,0.8818690775264423,3648,44,1.3748309219352937,1.335824299164718,0.8818690775264423,-0.0181309224735577,False,True,False,7.801043,8.07960975,False,False,True,coverage_shortfall,0,,True,0,False,40,0,0,1.335824299164718,1.237593539961466,0.0,-7.937239168710475
4864,0,random,2,row_budget,0.9,0.9,0.75,3648,0.9884237831690682,True,paper_local256,Paper + local edits (256),local_edit,0.8818690775264423,3648,44,1.3748309219352937,1.335824299164718,0.8818690775264423,-0.0181309224735577,False,True,False,7.7308315,7.8899533,False,False,True,coverage_shortfall,0,,True,0,False,40,0,0,1.335824299164718,1.237593539961466,0.0,-7.937239168710475
4864,0,random,2,row_budget,0.9,0.9,0.75,3648,0.9884237831690682,True,td_lookup_c2,TD lookup DP (2),lookup,1.0,4864,1,1.582354161848876,1.6163955622590918,1.0,0.0999999999999999,True,False,False,7.0282475,7.1344062500000005,False,False,False,,0,,True,2,False,0,0,0,1.335824299164718,1.237593539961466,-21.00360528475287,-30.607950838966104
4864,0,random,2,row_budget,0.9,0.9,0.75,3648,0.9884237831690682,True,td_lookup_c4,TD lookup DP (4),lookup,1.0,4864,1,1.582354161848876,1.6163955622590918,1.0,0.0999999999999999,True,False,False,11.4242695,11.54640355,False,False,False,,0,,True,4,False,0,0,0,1.335824299164718,1.237593539961466,-21.00360528475287,-30.607950838966104
4864,0,random,2,row_budget,0.9,0.9,0.75,3648,0.9884237831690682,True,td_lookup_c8,TD lookup DP (8),lookup,0.9043298322249332,3714,26,1.2260783811856275,1.2390425165352996,0.9043298322249332,0.0043298322249333,True,False,False,19.79381,20.018842600000003,False,False,False,,0,,True,8,False,0,0,0,1.335824299164718,1.237593539961466,7.245098228107949,-0.11708016622959949
4864,0,random,2,row_budget,0.9,0.9,0.75,3648,0.9884237831690682,True,predict_correct_c2,Lambda predict + correct (2),predict,0.9725232561886747,4334,29,1.4129866792632564,1.4457681163261584,0.9725232561886747,0.0725232561886747,True,False,False,0.495962,0.5930110999999999,True,False,False,,0,,True,2,False,0,0,0,1.335824299164718,1.237593539961466,-8.230410034477398,-16.820916532189912
4864,0,random,2,row_budget,0.9,0.9,0.75,3648,0.9884237831690682,True,predict_correct_c4,Lambda predict + correct (4),predict,0.9122031047269948,3782,25,1.2420142135463863,1.2653482965655505,0.9122031047269948,0.0122031047269947,True,False,False,0.7097420000000001,0.7424207999999999,True,False,False,,0,,True,4,False,0,0,0,1.335824299164718,1.237593539961466,5.275843735080709,-2.242639098208987
4864,0,random,2,row_budget,0.9,0.9,0.75,3648,0.9884237831690682,True,predict_correct_c8,Lambda predict + correct (8),predict,0.9027773065577064,3712,24,1.2192653227911656,1.242139602131899,0.9027773065577064,0.0027773065577063,True,False,False,1.0358515,1.063987,True,False,False,,0,,True,8,False,0,0,0,1.335824299164718,1.237593539961466,7.013249952961598,-0.36733079348285624
4864,0,random,2,row_budget,0.9,0.9,0.75,3648,0.9884237831690682,True,capped_label2,Capped-label DP (2),capped_label,0.7710477563691538,3648,2,1.1897118447319142,1.2141917177823545,0.7710477563691538,-0.1289522436308462,False,True,False,10.823282,11.96171845,False,False,True,coverage_shortfall,0,,True,0,False,0,0,2,1.335824299164718,1.237593539961466,9.10543261253891,1.8909134076314005
4864,0,random,2,row_budget,0.9,0.9,0.75,3648,0.9884237831690682,True,capped_label4,Capped-label DP (4),capped_label,0.7710477563691538,3648,2,1.1897118447319142,1.2141917177823545,0.7710477563691538,-0.1289522436308462,False,True,False,31.2673925,31.6545697,False,False,True,coverage_shortfall,0,,True,0,False,0,0,4,1.335824299164718,1.237593539961466,9.10543261253891,1.8909134076314005
4864,0,random,2,row_budget,0.9,0.9,0.75,3648,0.9884237831690682,True,capped_label8,Capped-label DP (8),capped_label,0.7765831782005806,3648,4,1.1975175759056031,1.2274702371064925,0.7765831782005806,-0.1234168217994193,False,True,False,107.5998485,109.4595487,False,False,True,coverage_shortfall,0,,True,0,False,0,0,8,1.335824299164718,1.237593539961466,8.111400737805008,0.8179828455866511
4864,0,local,0,coverage,0.5,0.5,0.25,1216,0.8216668501228493,True,paper,Paper,paper,0.501884789811358,372,10,0.2012594315843907,0.2020836729693129,0.501884789811358,0.0018847898113579,True,True,True,1.835871,2.22356655,False,False,False,,0,,True,0,False,0,0,0,0.2020836729693129,0.1918119504522853,0.0,-5.355100395364976
4864,0,local,0,coverage,0.5,0.5,0.25,1216,0.8216668501228493,True,incumbent_td16_trim256,TD-2L (16) + trim 256,incumbent,0.5000357421106882,407,8,0.1876085854397385,0.1918119504522853,0.5000357421106882,3.5742110688241624e-05,True,True,True,0.8283335000000001,1.16545435,True,True,False,,0,,True,9,True,0,0,0,0.2020836729693129,0.1918119504522853,5.082905692528361,0.0
4864,0,local,0,coverage,0.5,0.5,0.25,1216,0.8216668501228493,True,lambda_bank4,Lambda bank (4),lambda_bank,0.5411868091813485,482,8,0.2058568682891862,0.2087419490343891,0.5411868091813485,0.0411868091813485,True,True,True,0.4790204999999999,0.5626407999999998,True,True,False,,0,,True,4,True,0,0,0,0.2020836729693129,0.1918119504522853,-3.2948114843930565,-8.826352342585286
4864,0,local,0,coverage,0.5,0.5,0.25,1216,0.8216668501228493,True,lambda_bank8,Lambda bank (8),lambda_bank,0.5411868091813485,482,8,0.2058568682891862,0.2087419490343891,0.5411868091813485,0.0411868091813485,True,True,True,0.7259515000000001,0.9077293499999998,True,True,False,,0,,True,8,True,0,0,0,0.2020836729693129,0.1918119504522853,-3.2948114843930565,-8.826352342585286
4864,0,local,0,coverage,0.5,0.5,0.25,1216,0.8216668501228493,True,lambda_bank16,Lambda bank (16),lambda_bank,0.5411868091813485,482,8,0.2058568682891862,0.2087419490343891,0.5411868091813485,0.0411868091813485,True,True,True,1.1265565,1.2170911999999998,True,True,False,,0,,True,16,True,0,0,0,0.2020836729693129,0.1918119504522853,-3.2948114843930565,-8.826352342585286
4864,0,local,0,coverage,0.5,0.5,0.25,1216,0.8216668501228493,True,pwl_j4_c4,"PWL DP (J=4, calls=4)",piecewise,0.7576220223028467,1295,14,0.4706116134757491,0.4760814619988051,0.7576220223028467,0.2576220223028467,True,False,True,1.1051055,1.2522726999999996,True,True,False,,0,,True,4,False,0,4,0,0.2020836729693129,0.1918119504522853,-135.58630690125057,-148.20219015354522
4864,0,local,0,coverage,0.5,0.5,0.25,1216,0.8216668501228493,True,pwl_j4_c8,"PWL DP (J=4, calls=8)",piecewise,0.5413128924679433,488,8,0.2073040539401983,0.2087312396375939,0.5413128924679433,0.0413128924679433,True,True,True,1.7586075,1.84229995,True,True,False,,0,,True,8,False,0,4,0,0.2020836729693129,0.1918119504522853,-3.2895119979784226,-8.820769063352717
4864,0,local,0,coverage,0.5,0.5,0.25,1216,0.8216668501228493,True,pwl_j8_c4,"PWL DP (J=8, calls=4)",piecewise,0.758083767003789,1342,13,0.470959231400504,0.4715180542053809,0.758083767003789,0.258083767003789,True,False,True,2.298011,2.517071,False,False,False,,0,,True,4,False,0,8,0,0.2020836729693129,0.1918119504522853,-133.32812952038066,-145.8230851068243
4864,0,local,0,coverage,0.5,0.5,0.25,1216,0.8216668501228493,True,pwl_j8_c8,"PWL DP (J=8, calls=8)",piecewise,0.5403453522352766,487,8,0.2070609000080939,0.207934008976036,0.5403453522352766,0.0403453522352765,True,True,True,3.5766455,3.69121695,False,False,False,,0,,True,8,False,0,8,0,0.2020836729693129,0.1918119504522853,-2.895006766633501,-8.405137680804309
4864,0,local,0,coverage,0.5,0.5,0.25,1216,0.8216668501228493,True,paper_local64,Paper + local edits (64),local_edit,0.503730341370865,363,9,0.1879904293112969,0.1884172421632525,0.503730341370865,0.003730341370865,True,True,True,2.630056,2.9064439,False,False,False,,0,,True,0,False,26,0,0,0.2020836729693129,0.1918119504522853,6.7627585174264375,1.7698106301657468
4864,0,local,0,coverage,0.5,0.5,0.25,1216,0.8216668501228493,True,paper_local256,Paper + local edits (256),local_edit,0.503730341370865,363,9,0.1879904293112969,0.1884172421632525,0.503730341370865,0.003730341370865,True,True,True,2.604088,2.9981849,False,False,False,,0,,True,0,False,26,0,0,0.2020836729693129,0.1918119504522853,6.7627585174264375,1.7698106301657468
4864,0,local,0,coverage,0.5,0.5,0.25,1216,0.8216668501228493,True,td_lookup_c2,TD lookup DP (2),lookup,1.0,4864,1,1.582354161848876,1.6163955622590918,1.0,0.5,True,False,True,7.308717,7.942880899999999,False,False,False,,0,,True,2,False,0,0,0,0.2020836729693129,0.1918119504522853,-699.8645009310311,-742.6980479827728
4864,0,local,0,coverage,0.5,0.5,0.25,1216,0.8216668501228493,True,td_lookup_c4,TD lookup DP (4),lookup,0.7779094095174309,1438,14,0.5055469569492883,0.4992551600170805,0.7779094095174309,0.2779094095174309,True,False,True,11.341911,11.7249135,False,False,False,,0,,True,4,False,0,0,0,0.2020836729693129,0.1918119504522853,-147.05368458583692,-160.28365742585683
4864,0,local,0,coverage,0.5,0.5,0.25,1216,0.8216668501228493,True,td_lookup_c8,TD lookup DP (8),lookup,0.5025449468715966,412,7,0.1777554761577215,0.1774946747771088,0.5025449468715966,0.0025449468715965,True,True,True,19.736718000000003,20.5944148,False,False,False,,0,,True,8,False,0,0,0,0.2020836729693129,0.1918119504522853,12.167731232764167,7.464225060751895
4864,0,local,0,coverage,0.5,0.5,0.25,1216,0.8216668501228493,True,predict_correct_c2,Lambda predict + correct (2),predict,0.8278261522866417,1748,14,0.5953271302627423,0.6013957664935843,0.8278261522866417,0.3278261522866417,True,False,True,0.352364,0.4699995499999999,True,True,False,,0,,True,2,False,0,0,0,0.2020836729693129,0.1918119504522853,-197.5974049051,-213.53404471176893
4864,0,local,0,coverage,0.5,0.5,0.25,1216,0.8216668501228493,True,predict_correct_c4,Lambda predict + correct (4),predict,0.5875140715394322,665,8,0.2506827002295071,0.250608133759771,0.5875140715394322,0.0875140715394322,True,True,True,0.4693575,0.5315428999999999,True,True,False,,0,,True,4,False,0,0,0,0.2020836729693129,0.1918119504522853,-24.012063952255414,-30.653034479262885
4864,0,local,0,coverage,0.5,0.5,0.25,1216,0.8216668501228493,True,predict_correct_c8,Lambda predict + correct (8),predict,0.5399954455879377,478,8,0.2048725146191539,0.2080298420306991,0.5399954455879377,0.0399954455879376,True,True,True,0.732935,0.77405585,True,True,False,,0,,True,8,True,0,0,0,0.2020836729693129,0.1918119504522853,-2.9424292294455423,-8.455099664109888
4864,0,local,0,coverage,0.5,0.5,0.25,1216,0.8216668501228493,True,capped_label2,Capped-label DP (2),capped_label,0.5000146595032835,2066,2,0.6721101353576846,0.686287006563957,0.5000146595032835,1.465950328349841e-05,True,False,True,10.409358,11.8860543,False,False,False,,0,,True,0,False,0,0,2,0.2020836729693129,0.1918119504522853,-239.60537062693436,-257.791579172058
4864,0,local,0,coverage,0.5,0.5,0.25,1216,0.8216668501228493,True,capped_label4,Capped-label DP (4),capped_label,0.5000146595032835,2066,2,0.6721101353576846,0.686287006563957,0.5000146595032835,1.465950328349841e-05,True,False,True,30.021308500000004,30.7797772,False,False,False,,0,,True,0,False,0,0,4,0.2020836729693129,0.1918119504522853,-239.60537062693436,-257.791579172058
4864,0,local,0,coverage,0.5,0.5,0.25,1216,0.8216668501228493,True,capped_label8,Capped-label DP (8),capped_label,0.5000620234199846,1195,3,0.3979476387548921,0.406264776469841,0.5000620234199846,6.20234199846248e-05,True,True,True,102.488234,104.27732365,False,False,False,,0,,True,0,False,0,0,8,0.2020836729693129,0.1918119504522853,-101.03790202365022,-111.80368350975218
4864,0,local,0,row_budget,0.5,0.5,0.25,1216,0.8216668501228493,True,paper,Paper,paper,0.740804696543488,1212,21,0.5273955202778142,0.5192830876373441,0.740804696543488,0.240804696543488,True,True,True,0.6859774999999999,0.8353429499999997,True,True,False,,0,,True,0,False,0,0,0,0.5192830876373441,0.1918119504522853,0.0,-170.72509633153425
4864,0,local,0,row_budget,0.5,0.5,0.25,1216,0.8216668501228493,True,incumbent_td16_trim256,TD-2L (16) + trim 256,incumbent,0.5000357421106882,407,8,0.1876085854397385,0.1918119504522853,0.5000357421106882,3.5742110688241624e-05,True,True,True,0.7904475,0.8709026,True,True,False,,0,,True,9,True,0,0,0,0.5192830876373441,0.1918119504522853,63.06216107961472,0.0
4864,0,local,0,row_budget,0.5,0.5,0.25,1216,0.8216668501228493,True,lambda_bank4,Lambda bank (4),lambda_bank,0.5411868091813485,482,8,0.2058568682891862,0.2087419490343891,0.5411868091813485,0.0411868091813485,True,True,True,0.514081,0.610354,True,True,False,,0,,True,4,True,0,0,0,0.5192830876373441,0.1918119504522853,59.80189726876491,-8.826352342585286
4864,0,local,0,row_budget,0.5,0.5,0.25,1216,0.8216668501228493,True,lambda_bank8,Lambda bank (8),lambda_bank,0.5411868091813485,482,8,0.2058568682891862,0.2087419490343891,0.5411868091813485,0.0411868091813485,True,True,True,0.751405,0.8269755000000001,True,True,False,,0,,True,8,True,0,0,0,0.5192830876373441,0.1918119504522853,59.80189726876491,-8.826352342585286
4864,0,local,0,row_budget,0.5,0.5,0.25,1216,0.8216668501228493,True,lambda_bank16,Lambda bank (16),lambda_bank,0.5411868091813485,482,8,0.2058568682891862,0.2087419490343891,0.5411868091813485,0.0411868091813485,True,True,True,1.137256,1.1931386,True,True,False,,0,,True,16,True,0,0,0,0.5192830876373441,0.1918119504522853,59.80189726876491,-8.826352342585286
4864,0,local,0,row_budget,0.5,0.5,0.25,1216,0.8216668501228493,True,pwl_j4_c4,"PWL DP (J=4, calls=4)",piecewise,0.7576220223028467,1295,14,0.4706116134757491,0.4760814619988051,0.7576220223028467,0.2576220223028467,True,False,False,1.1388735,1.2008307,True,False,False,,0,,True,4,False,0,4,0,0.5192830876373441,0.1918119504522853,8.319474804215087,-148.20219015354522
4864,0,local,0,row_budget,0.5,0.5,0.25,1216,0.8216668501228493,True,pwl_j4_c8,"PWL DP (J=4, calls=8)",piecewise,0.5413128924679433,488,8,0.2073040539401983,0.2087312396375939,0.5413128924679433,0.0413128924679433,True,True,True,1.799163,1.86454845,True,True,False,,0,,True,8,False,0,4,0,0.5192830876373441,0.1918119504522853,59.80395961145432,-8.820769063352717
4864,0,local,0,row_budget,0.5,0.5,0.25,1216,0.8216668501228493,True,pwl_j8_c4,"PWL DP (J=8, calls=4)",piecewise,0.758083767003789,1342,13,0.470959231400504,0.4715180542053809,0.758083767003789,0.258083767003789,True,False,False,2.3091265,2.4192007,False,False,False,,0,,True,4,False,0,8,0,0.5192830876373441,0.1918119504522853,9.198264794119627,-145.8230851068243
4864,0,local,0,row_budget,0.5,0.5,0.25,1216,0.8216668501228493,True,pwl_j8_c8,"PWL DP (J=8, calls=8)",piecewise,0.5403453522352766,487,8,0.2070609000080939,0.207934008976036,0.5403453522352766,0.0403453522352765,True,True,True,3.5949445,3.75068085,False,False,False,,0,,True,8,False,0,8,0,0.5192830876373441,0.1918119504522853,59.95748486204262,-8.405137680804309
4864,0,local,0,row_budget,0.5,0.5,0.25,1216,0.8216668501228493,True,paper_local64,Paper + local edits (64),local_edit,0.7426888460207262,1194,19,0.5023599722582915,0.4976155934448925,0.7426888460207262,0.2426888460207261,True,True,True,4.176507,4.29666425,False,False,False,,0,,True,0,False,51,0,0,0.5192830876373441,0.1918119504522853,4.172578446764996,-159.42887931202088
4864,0,local,0,row_budget,0.5,0.5,0.25,1216,0.8216668501228493,True,paper_local256,Paper + local edits (256),local_edit,0.7426888460207262,1194,19,0.5023599722582915,0.4976155934448925,0.7426888460207262,0.2426888460207261,True,True,True,4.3544245,5.353600249999997,False,False,False,,0,,True,0,False,51,0,0,0.5192830876373441,0.1918119504522853,4.172578446764996,-159.42887931202088
4864,0,local,0,row_budget,0.5,0.5,0.25,1216,0.8216668501228493,True,td_lookup_c2,TD lookup DP (2),lookup,1.0,4864,1,1.582354161848876,1.6163955622590918,1.0,0.5,True,False,False,7.5587995,7.8634948,False,False,False,,0,,True,2,False,0,0,0,0.5192830876373441,0.1918119504522853,-211.27444754910775,-742.6980479827728
4864,0,local,0,row_budget,0.5,0.5,0.25,1216,0.8216668501228493,True,td_lookup_c4,TD lookup DP (4),lookup,0.7779094095174309,1438,14,0.5055469569492883,0.4992551600170805,0.7779094095174309,0.2779094095174309,True,False,False,11.2218565,12.946344,False,False,False,,0,,True,4,False,0,0,0,0.5192830876373441,0.1918119504522853,3.856841883949569,-160.28365742585683
4864,0,local,0,row_budget,0.5,0.5,0.25,1216,0.8216668501228493,True,td_lookup_c8,TD lookup DP (8),lookup,0.5025449468715966,412,7,0.1777554761577215,0.1774946747771088,0.5025449468715966,0.0025449468715965,True,True,True,19.751661,21.7714507,False,False,False,,0,,True,8,False,0,0,0,0.5192830876373441,0.1918119504522853,65.81928450921029,7.464225060751895
4864,0,local,0,row_budget,0.5,0.5,0.25,1216,0.8216668501228493,True,predict_correct_c2,Lambda predict + correct (2),predict,0.8278261522866417,1748,14,0.5953271302627423,0.6013957664935843,0.8278261522866417,0.3278261522866417,True,False,False,0.309909,0.4468387499999999,True,False,False,,0,,True,2,False,0,0,0,0.5192830876373441,0.1918119504522853,-15.812700396201972,-213.53404471176893
4864,0,local,0,row_budget,0.5,0.5,0.25,1216,0.8216668501228493,True,predict_correct_c4,Lambda predict + correct (4),predict,0.5875140715394322,665,8,0.2506827002295071,0.250608133759771,0.5875140715394322,0.0875140715394322,True,True,True,0.5018585,0.5381762499999999,True,True,False,,0,,True,4,False,0,0,0,0.5192830876373441,0.1918119504522853,51.73959257945443,-30.653034479262885
4864,0,local,0,row_budget,0.5,0.5,0.25,1216,0.8216668501228493,True,predict_correct_c8,Lambda predict + correct (8),predict,0.5399954455879377,478,8,0.2048725146191539,0.2080298420306991,0.5399954455879377,0.0399954455879376,True,True,True,0.73294,0.77179195,True,True,False,,0,,True,8,True,0,0,0,0.5192830876373441,0.1918119504522853,59.93902998512777,-8.455099664109888
4864,0,local,0,row_budget,0.5,0.5,0.25,1216,0.8216668501228493,True,capped_label2,Capped-label DP (2),capped_label,0.4380707180781013,1216,2,0.4065869917550709,0.4136366515639165,0.4380707180781013,-0.0619292819218986,False,True,False,10.697867,11.10529445,False,False,True,coverage_shortfall,0,,True,0,False,0,0,2,0.5192830876373441,0.1918119504522853,20.344671064505913,-115.64696599381685
4864,0,local,0,row_budget,0.5,0.5,0.25,1216,0.8216668501228493,True,capped_label4,Capped-label DP (4),capped_label,0.4504268705002517,1216,4,0.4041220240160112,0.4123193495652728,0.4504268705002517,-0.0495731294997482,False,True,False,31.7755675,32.38298775,False,False,True,coverage_shortfall,0,,True,0,False,0,0,4,0.5192830876373441,0.1918119504522853,20.598348110803954,-114.96019856585545
4864,0,local,0,row_budget,0.5,0.5,0.25,1216,0.8216668501228493,True,capped_label8,Capped-label DP (8),capped_label,0.5009895760640123,1152,6,0.3891118556172117,0.3948670281361884,0.5009895760640123,0.0009895760640122,True,True,True,101.756391,106.7077836,False,False,False,,0,,True,0,False,0,0,8,0.5192830876373441,0.1918119504522853,23.959197297803225,-105.86153636679411
4864,0,local,1,coverage,0.7,0.7,0.5,2432,0.9453090890622464,True,paper,Paper,paper,0.7174211027231823,1110,19,0.4804325854348534,0.4721376131612995,0.7174211027231823,0.0174211027231823,True,True,True,3.3751895000000003,3.6587985,False,False,False,,0,,True,0,False,0,0,0,0.4721376131612995,0.4002500616113839,0.0,-17.960659708708214
4864,0,local,1,coverage,0.7,0.7,0.5,2432,0.9453090890622464,True,incumbent_td16_trim256,TD-2L (16) + trim 256,incumbent,0.7000331397508353,1078,12,0.3950873414184345,0.4002500616113839,0.7000331397508353,3.313975083529819e-05,True,True,True,0.9054725,0.97161595,True,True,False,,0,,True,10,True,0,0,0,0.4721376131612995,0.4002500616113839,15.22597428079855,0.0
4864,0,local,1,coverage,0.7,0.7,0.5,2432,0.9453090890622464,True,lambda_bank4,Lambda bank (4),lambda_bank,0.8156740062068027,1686,13,0.5685958104489992,0.5750684329234163,0.8156740062068027,0.1156740062068027,True,True,True,0.5145625,0.5877055499999999,True,True,False,,0,,True,4,True,0,0,0,0.4721376131612995,0.4002500616113839,-21.80102090848497,-43.67728779559048
4864,0,local,1,coverage,0.7,0.7,0.5,2432,0.9453090890622464,True,lambda_bank8,Lambda bank (8),lambda_bank,0.8156740062068027,1686,13,0.5685958104489992,0.5750684329234163,0.8156740062068027,0.1156740062068027,True,True,True,0.7819265,0.8290858999999999,True,True,False,,0,,True,8,True,0,0,0,0.4721376131612995,0.4002500616113839,-21.80102090848497,-43.67728779559048
4864,0,local,1,coverage,0.7,0.7,0.5,2432,0.9453090890622464,True,lambda_bank16,Lambda bank (16),lambda_bank,0.7268507186876569,1179,12,0.4202445235833261,0.4270624401211152,0.7268507186876569,0.0268507186876569,True,True,True,1.213383,1.2510891,True,True,False,,0,,True,16,True,0,0,0,0.4721376131612995,0.4002500616113839,9.547041325170792,-6.698906778873748
4864,0,local,1,coverage,0.7,0.7,0.5,2432,0.9453090890622464,True,pwl_j4_c4,"PWL DP (J=4, calls=4)",piecewise,0.7576220223028467,1295,14,0.4706116134757491,0.4760814619988051,0.7576220223028467,0.0576220223028467,True,True,True,1.09649,1.12667505,True,True,False,,0,,True,4,False,0,4,0,0.4721376131612995,0.4002500616113839,-0.835317654761436,-18.9460059249281
4864,0,local,1,coverage,0.7,0.7,0.5,2432,0.9453090890622464,True,pwl_j4_c8,"PWL DP (J=4, calls=8)",piecewise,0.7077740188190296,1077,12,0.3954428225086731,0.4014303597638283,0.7077740188190296,0.0077740188190296,True,True,True,1.815033,1.9393909,True,True,False,,0,,True,8,False,0,4,0,0.4721376131612995,0.4002500616113839,14.975983998401542,-0.2948901863231601
4864,0,local,1,coverage,0.7,0.7,0.5,2432,0.9453090890622464,True,pwl_j8_c4,"PWL DP (J=8, calls=4)",piecewise,0.758083767003789,1342,13,0.470959231400504,0.4715180542053809,0.758083767003789,0.058083767003789,True,True,True,2.270835,2.3017647,False,False,False,,0,,True,4,False,0,8,0,0.4721376131612995,0.4002500616113839,0.13122423180186304,-17.805866739177034
4864,0,local,1,coverage,0.7,0.7,0.5,2432,0.9453090890622464,True,pwl_j8_c8,"PWL DP (J=8, calls=8)",piecewise,0.7268830845144394,1195,12,0.4240410829640806,0.4252418409586325,0.7268830845144394,0.0268830845144394,True,True,True,3.767953,3.8213439,False,False,False,,0,,True,8,False,0,8,0,0.4721376131612995,0.4002500616113839,9.932649061502685,-6.244041349208818
4864,0,local,1,coverage,0.7,0.7,0.5,2432,0.9453090890622464,True,paper_local64,Paper + local edits (64),local_edit,0.7263868649973888,1153,16,0.4583975821262154,0.4519236189251651,0.7263868649973888,0.0263868649973888,True,True,True,4.971123,5.05743515,False,False,False,,0,,True,0,False,48,0,0,0.4721376131612995,0.4002500616113839,4.281377647670825,-12.910318390894538
4864,0,local,1,coverage,0.7,0.7,0.5,2432,0.9453090890622464,True,paper_local256,Paper + local edits (256),local_edit,0.7263868649973888,1153,16,0.4583975821262154,0.4519236189251651,0.7263868649973888,0.0263868649973888,True,True,True,4.969765000000001,5.12536185,False,False,False,,0,,True,0,False,48,0,0,0.4721376131612995,0.4002500616113839,4.281377647670825,-12.910318390894538
4864,0,local,1,coverage,0.7,0.7,0.5,2432,0.9453090890622464,True,td_lookup_c2,TD lookup DP (2),lookup,1.0,4864,1,1.582354161848876,1.6163955622590918,1.0,0.3,True,False,True,7.2080785,7.872367799999999,False,False,False,,0,,True,2,False,0,0,0,0.4721376131612995,0.4002500616113839,-242.35687164091115,-303.8464243457142
4864,0,local,1,coverage,0.7,0.7,0.5,2432,0.9453090890622464,True,td_lookup_c4,TD lookup DP (4),lookup,0.7779094095174309,1438,14,0.5055469569492883,0.4992551600170805,0.7779094095174309,0.0779094095174309,True,True,True,11.29583,12.6375345,False,False,False,,0,,True,4,False,0,0,0,0.4721376131612995,0.4002500616113839,-5.743568421547596,-24.73581090958681
4864,0,local,1,coverage,0.7,0.7,0.5,2432,0.9453090890622464,True,td_lookup_c8,TD lookup DP (8),lookup,0.7301746020235244,1221,12,0.4306095819727021,0.4258637626202048,0.7301746020235244,0.0301746020235244,True,True,True,19.6244435,22.0770366,False,False,False,,0,,True,8,False,0,0,0,0.4721376131612995,0.4002500616113839,9.800924402370336,-6.399424626120398
4864,0,local,1,coverage,0.7,0.7,0.5,2432,0.9453090890622464,True,predict_correct_c2,Lambda predict + correct (2),predict,0.8907936593583408,2207,19,0.7664696249677789,0.770381319696332,0.8907936593583408,0.1907936593583408,True,True,True,0.3635445,0.4925166499999998,True,True,False,,0,,True,2,False,0,0,0,0.4721376131612995,0.4002500616113839,-63.16880888562917,-92.47500340032948
4864,0,local,1,coverage,0.7,0.7,0.5,2432,0.9453090890622464,True,predict_correct_c4,Lambda predict + correct (4),predict,0.7828736340278641,1463,13,0.5089378166221629,0.5149084621816695,0.7828736340278641,0.0828736340278641,True,True,True,0.510519,0.5446520499999999,True,True,False,,0,,True,4,False,0,0,0,0.4721376131612995,0.4002500616113839,-9.058979379759347,-28.646691547948166
4864,0,local,1,coverage,0.7,0.7,0.5,2432,0.9453090890622464,True,predict_correct_c8,Lambda predict + correct (8),predict,0.724868075307347,1168,12,0.4174876647388753,0.4233379629895409,0.724868075307347,0.024868075307347,True,True,True,0.773486,0.8306790000000001,True,True,False,,0,,True,8,True,0,0,0,0.4721376131612995,0.4002500616113839,10.335895470180812,-5.768369225280434
4864,0,local,1,coverage,0.7,0.7,0.5,2432,0.9453090890622464,True,capped_label2,Capped-label DP (2),capped_label,0.7004846885002609,3115,2,1.0133703154110298,1.0346821777802937,0.7004846885002609,0.0004846885002609,True,False,True,10.560265,11.70931925,False,False,False,,0,,True,0,False,0,0,2,0.4721376131612995,0.4002500616113839,-119.14843235055037,-158.50893654200138
4864,0,local,1,coverage,0.7,0.7,0.5,2432,0.9453090890622464,True,capped_label4,Capped-label DP (4),capped_label,0.7004846885002609,3115,2,1.0133703154110298,1.0346821777802937,0.7004846885002609,0.0004846885002609,True,False,True,31.1822935,31.78698335,False,False,False,,0,,True,0,False,0,0,4,0.4721376131612995,0.4002500616113839,-119.14843235055037,-158.50893654200138
4864,0,local,1,coverage,0.7,0.7,0.5,2432,0.9453090890622464,True,capped_label8,Capped-label DP (8),capped_label,0.7000055527982092,2629,3,0.8552650270355049,0.8731755488210174,0.7000055527982092,5.552798209240706e-06,True,False,True,101.7239695,107.5614187,False,False,False,,0,,True,0,False,0,0,8,0.4721376131612995,0.4002500616113839,-84.94089953445601,-118.15750516206359
4864,0,local,1,row_budget,0.7,0.7,0.5,2432,0.9453090890622464,True,paper,Paper,paper,0.8989616791294577,2430,35,0.9789438806746988,0.950765307962272,0.8989616791294577,0.1989616791294577,True,True,True,0.7091905000000001,0.7599158999999999,True,True,False,,0,,True,0,False,0,0,0,0.950765307962272,0.4002500616113839,0.0,-137.54282613587745
4864,0,local,1,row_budget,0.7,0.7,0.5,2432,0.9453090890622464,True,incumbent_td16_trim256,TD-2L (16) + trim 256,incumbent,0.7000331397508353,1078,12,0.3950873414184345,0.4002500616113839,0.7000331397508353,3.313975083529819e-05,True,True,True,0.90415,0.9798787499999998,True,True,False,,0,,True,10,True,0,0,0,0.950765307962272,0.4002500616113839,57.90232791841975,0.0
4864,0,local,1,row_budget,0.7,0.7,0.5,2432,0.9453090890622464,True,lambda_bank4,Lambda bank (4),lambda_bank,0.8156740062068027,1686,13,0.5685958104489992,0.5750684329234163,0.8156740062068027,0.1156740062068027,True,True,True,0.522286,0.6020704499999999,True,True,False,,0,,True,4,True,0,0,0,0.950765307962272,0.4002500616113839,39.515206528103995,-43.67728779559048
4864,0,local,1,row_budget,0.7,0.7,0.5,2432,0.9453090890622464,True,lambda_bank8,Lambda bank (8),lambda_bank,0.8156740062068027,1686,13,0.5685958104489992,0.5750684329234163,0.8156740062068027,0.1156740062068027,True,True,True,0.7561085000000001,0.7991258,True,True,False,,0,,True,8,True,0,0,0,0.950765307962272,0.4002500616113839,39.515206528103995,-43.67728779559048
4864,0,local,1,row_budget,0.7,0.7,0.5,2432,0.9453090890622464,True,lambda_bank16,Lambda bank (16),lambda_bank,0.7268507186876569,1179,12,0.4202445235833261,0.4270624401211152,0.7268507186876569,0.0268507186876569,True,True,True,1.1832669999999998,1.2497127,True,True,False,,0,,True,16,True,0,0,0,0.950765307962272,0.4002500616113839,55.08224410959872,-6.698906778873748
4864,0,local,1,row_budget,0.7,0.7,0.5,2432,0.9453090890622464,True,pwl_j4_c4,"PWL DP (J=4, calls=4)",piecewise,0.7576220223028467,1295,14,0.4706116134757491,0.4760814619988051,0.7576220223028467,0.0576220223028467,True,True,True,1.05136,1.08692185,True,True,False,,0,,True,4,False,0,4,0,0.950765307962272,0.4002500616113839,49.92650047158674,-18.9460059249281
4864,0,local,1,row_budget,0.7,0.7,0.5,2432,0.9453090890622464,True,pwl_j4_c8,"PWL DP (J=4, calls=8)",piecewise,0.7077740188190296,1077,12,0.3954428225086731,0.4014303597638283,0.7077740188190296,0.0077740188190296,True,True,True,1.8127535,2.2755105499999986,False,False,False,,0,,True,8,False,0,4,0,0.950765307962272,0.4002500616113839,57.778186014780665,-0.2948901863231601
4864,0,local,1,row_budget,0.7,0.7,0.5,2432,0.9453090890622464,True,pwl_j8_c4,"PWL DP (J=8, calls=4)",piecewise,0.758083767003789,1342,13,0.470959231400504,0.4715180542053809,0.758083767003789,0.058083767003789,True,True,True,2.2903815,2.47384415,False,False,False,,0,,True,4,False,0,8,0,0.950765307962272,0.4002500616113839,50.406472527277835,-17.805866739177034
4864,0,local,1,row_budget,0.7,0.7,0.5,2432,0.9453090890622464,True,pwl_j8_c8,"PWL DP (J=8, calls=8)",piecewise,0.7268830845144394,1195,12,0.4240410829640806,0.4252418409586325,0.7268830845144394,0.0268830845144394,True,True,True,3.5682155,4.0023125,False,False,False,,0,,True,8,False,0,8,0,0.950765307962272,0.4002500616113839,55.27373186659153,-6.244041349208818
4864,0,local,1,row_budget,0.7,0.7,0.5,2432,0.9453090890622464,True,paper_local64,Paper + local edits (64),local_edit,0.901373365425961,2409,29,0.918551943095882,0.8970531614312068,0.901373365425961,0.201373365425961,True,True,True,6.591351,7.1499243,False,False,False,,0,,True,0,False,64,0,0,0.950765307962272,0.4002500616113839,5.649359109051188,-124.12317884967266
4864,0,local,1,row_budget,0.7,0.7,0.5,2432,0.9453090890622464,True,paper_local256,Paper + local edits (256),local_edit,0.8649043586994054,2307,27,0.8647927400580854,0.8459045171417788,0.8649043586994054,0.1649043586994054,True,True,True,24.265308,26.11138085,False,False,False,,0,,True,0,False,256,0,0,0.950765307962272,0.4002500616113839,11.029093083469366,-111.3440067282477
4864,0,local,1,row_budget,0.7,0.7,0.5,2432,0.9453090890622464,True,td_lookup_c2,TD lookup DP (2),lookup,1.0,4864,1,1.582354161848876,1.6163955622590918,1.0,0.3,True,False,False,6.9123665,7.2126577,False,False,False,,0,,True,2,False,0,0,0,0.950765307962272,0.4002500616113839,-70.00994343424583,-303.8464243457142
4864,0,local,1,row_budget,0.7,0.7,0.5,2432,0.9453090890622464,True,td_lookup_c4,TD lookup DP (4),lookup,0.7779094095174309,1438,14,0.5055469569492883,0.4992551600170805,0.7779094095174309,0.0779094095174309,True,True,True,10.962046,11.738123899999998,False,False,False,,0,,True,4,False,0,0,0,0.950765307962272,0.4002500616113839,47.489127354982145,-24.73581090958681
4864,0,local,1,row_budget,0.7,0.7,0.5,2432,0.9453090890622464,True,td_lookup_c8,TD lookup DP (8),lookup,0.7301746020235244,1221,12,0.4306095819727021,0.4258637626202048,0.7301746020235244,0.0301746020235244,True,True,True,19.1664425,21.4008775,False,False,False,,0,,True,8,False,0,0,0,0.950765307962272,0.4002500616113839,55.20831912420769,-6.399424626120398
4864,0,local,1,row_budget,0.7,0.7,0.5,2432,0.9453090890622464,True,predict_correct_c2,Lambda predict + correct (2),predict,0.8907936593583408,2207,19,0.7664696249677789,0.770381319696332,0.8907936593583408,0.1907936593583408,True,True,True,0.336389,0.4729833,True,True,False,,0,,True,2,False,0,0,0,0.950765307962272,0.4002500616113839,18.97250422951886,-92.47500340032948
4864,0,local,1,row_budget,0.7,0.7,0.5,2432,0.9453090890622464,True,predict_correct_c4,Lambda predict + correct (4),predict,0.7828736340278641,1463,13,0.5089378166221629,0.5149084621816695,0.7828736340278641,0.0828736340278641,True,True,True,0.5136605,0.55215545,True,True,False,,0,,True,4,False,0,0,0,0.950765307962272,0.4002500616113839,45.842737648342755,-28.646691547948166
4864,0,local,1,row_budget,0.7,0.7,0.5,2432,0.9453090890622464,True,predict_correct_c8,Lambda predict + correct (8),predict,0.724868075307347,1168,12,0.4174876647388753,0.4233379629895409,0.724868075307347,0.024868075307347,True,True,True,0.777123,0.8037636,True,True,False,,0,,True,8,True,0,0,0,0.950765307962272,0.4002500616113839,55.4739787575064,-5.768369225280434
4864,0,local,1,row_budget,0.7,0.7,0.5,2432,0.9453090890622464,True,capped_label2,Capped-label DP (2),capped_label,0.5896489290204439,2432,2,0.7919048333045414,0.8088165513105019,0.5896489290204439,-0.1103510709795561,False,True,False,10.454823,12.5836292,False,False,True,coverage_shortfall,0,,True,0,False,0,0,2,0.950765307962272,0.4002500616113839,14.929947008268718,-102.07780807184706
4864,0,local,1,row_budget,0.7,0.7,0.5,2432,0.9453090890622464,True,capped_label4,Capped-label DP (4),capped_label,0.628910656762546,2432,3,0.7965061064174528,0.8118109793509328,0.628910656762546,-0.0710893432374539,False,True,False,29.888766,31.95153585,False,False,True,coverage_shortfall,0,,True,0,False,0,0,4,0.950765307962272,0.4002500616113839,14.614997775755311,-102.82594737965267
4864,0,local,1,row_budget,0.7,0.7,0.5,2432,0.9453090890622464,True,capped_label8,Capped-label DP (8),capped_label,0.6798547602370357,2432,4,0.7988067429739084,0.814862492278834,0.6798547602370357,-0.0201452397629642,False,True,False,104.086457,107.7551913,False,False,True,coverage_shortfall,0,,True,0,False,0,0,8,0.950765307962272,0.4002500616113839,14.294044444544552,-103.58834899318796
4864,0,local,2,coverage,0.9,0.9,0.75,3648,0.9884237831690684,True,paper,Paper,paper,0.9027972920884528,2466,35,0.9876974222304586,0.96118886321264,0.9027972920884528,0.0027972920884529,True,True,True,8.195980500000001,8.6084164,False,False,False,,0,,True,0,False,0,0,0,0.96118886321264,0.8021886572038922,0.0,-19.820799581355164
4864,0,local,2,coverage,0.9,0.9,0.75,3648,0.9884237831690684,True,incumbent_td16_trim256,TD-2L (16) + trim 256,incumbent,0.9000386210808117,2293,20,0.7991305426849452,0.8021886572038922,0.9000386210808117,3.862108081165161e-05,True,True,True,0.839855,1.0122752499999996,True,True,False,,0,,True,11,True,0,0,0,0.96118886321264,0.8021886572038922,16.542035815657673,0.0
4864,0,local,2,coverage,0.9,0.9,0.75,3648,0.9884237831690684,True,lambda_bank4,Lambda bank (4),lambda_bank,0.9706536792412536,3362,23,1.1235033955685816,1.1392452097978538,0.9706536792412536,0.0706536792412536,True,True,True,0.5843225000000001,0.65790955,True,True,False,,0,,True,4,True,0,0,0,0.96118886321264,0.8021886572038922,-18.52459525905088,-42.01711773995975
4864,0,local,2,coverage,0.9,0.9,0.75,3648,0.9884237831690684,True,lambda_bank8,Lambda bank (8),lambda_bank,0.9706536792412536,3362,23,1.1235033955685816,1.1392452097978538,0.9706536792412536,0.0706536792412536,True,True,True,0.891632,0.9171882,True,True,False,,0,,True,8,True,0,0,0,0.96118886321264,0.8021886572038922,-18.52459525905088,-42.01711773995975
4864,0,local,2,coverage,0.9,0.9,0.75,3648,0.9884237831690684,True,lambda_bank16,Lambda bank (16),lambda_bank,0.9510778990573564,2930,24,1.0107021174922322,1.019770993233411,0.9510778990573564,0.0510778990573563,True,True,True,1.4008385,1.44838645,True,True,False,,0,,True,16,True,0,0,0,0.96118886321264,0.8021886572038922,-6.094757467847511,-27.123586711874424
4864,0,local,2,coverage,0.9,0.9,0.75,3648,0.9884237831690684,True,pwl_j4_c4,"PWL DP (J=4, calls=4)",piecewise,0.9388815044747008,2727,24,0.9575387761919096,0.9679395242290132,0.9388815044747008,0.0388815044747008,True,True,True,1.248173,1.27499505,True,True,False,,0,,True,4,False,0,4,0,0.96118886321264,0.8021886572038922,-0.7023240982849233,-20.66232993157271
4864,0,local,2,coverage,0.9,0.9,0.75,3648,0.9884237831690684,True,pwl_j4_c8,"PWL DP (J=4, calls=8)",piecewise,0.9022727481717628,2285,21,0.807679031031535,0.8104323421126604,0.9022727481717628,0.0022727481717627,True,True,True,2.05981,2.0761576,False,False,False,,0,,True,8,False,0,4,0,0.96118886321264,0.8021886572038922,15.684380756982241,-1.0276491489548567
4864,0,local,2,coverage,0.9,0.9,0.75,3648,0.9884237831690684,True,pwl_j8_c4,"PWL DP (J=8, calls=4)",piecewise,0.9406192338912196,2789,23,0.9651607270571332,0.9688511631929758,0.9406192338912196,0.0406192338912194,True,True,True,2.62926,2.9770364499999995,False,False,False,,0,,True,4,False,0,8,0,0.96118886321264,0.8021886572038922,-0.7971690344731774,-20.775973892475896
4864,0,local,2,coverage,0.9,0.9,0.75,3648,0.9884237831690684,True,pwl_j8_c8,"PWL DP (J=8, calls=8)",piecewise,0.9001950021165837,2299,20,0.8007420595185613,0.8015272952274421,0.9001950021165837,0.0001950021165836,True,True,True,4.422587,4.7571153,False,False,False,,0,,True,8,False,0,8,0,0.96118886321264,0.8021886572038922,16.610842478090238,0.08244469309193203
4864,0,local,2,coverage,0.9,0.9,0.75,3648,0.9884237831690684,True,paper_local64,Paper + local edits (64),local_edit,0.9074333533313614,2485,27,0.92187795931141,0.9061509626911928,0.9074333533313614,0.0074333533313614,True,True,True,10.6389925,11.11642685,False,False,False,,0,,True,0,False,64,0,0,0.96118886321264,0.8021886572038922,5.72602353480155,-12.95983239773939
4864,0,local,2,coverage,0.9,0.9,0.75,3648,0.9884237831690684,True,paper_local256,Paper + local edits (256),local_edit,0.9003650929392821,2424,26,0.8911289206236825,0.8769563614784607,0.9003650929392821,0.0003650929392821,True,True,True,16.481298,16.68090455,False,False,False,,0,,True,0,False,207,0,0,0.96118886321264,0.8021886572038922,8.76336638490004,-9.320463908724253
4864,0,local,2,coverage,0.9,0.9,0.75,3648,0.9884237831690684,True,td_lookup_c2,TD lookup DP (2),lookup,1.0,4864,1,1.582354161848876,1.6163955622590918,1.0,0.0999999999999999,True,False,True,6.9854425,7.213155049999999,False,False,False,,0,,True,2,False,0,0,0,0.96118886321264,0.8021886572038922,-68.1662807511642,-101.49818222227154
4864,0,local,2,coverage,0.9,0.9,0.75,3648,0.9884237831690684,True,td_lookup_c4,TD lookup DP (4),lookup,0.950766510144566,2941,25,1.0164638893900129,1.0093089409016631,0.950766510144566,0.0507665101445661,True,True,True,11.0149095,12.267720249999996,False,False,False,,0,,True,4,False,0,0,0,0.96118886321264,0.8021886572038922,-5.006308284533012,-25.819398197390274
4864,0,local,2,coverage,0.9,0.9,0.75,3648,0.9884237831690684,True,td_lookup_c8,TD lookup DP (8),lookup,0.911502448506581,2391,22,0.8452030273907902,0.837447233096915,0.911502448506581,0.0115024485065809,True,True,True,19.8437535,20.09409015,False,False,False,,0,,True,8,False,0,0,0,0.96118886321264,0.8021886572038922,12.873810221035619,-4.395297237924067
4864,0,local,2,coverage,0.9,0.9,0.75,3648,0.9884237831690684,True,predict_correct_c2,Lambda predict + correct (2),predict,0.976051994822571,3506,23,1.16141683337042,1.1817922895252015,0.976051994822571,0.0760519948225709,True,True,True,0.3996975,0.5133455499999999,True,True,False,,0,,True,2,False,0,0,0,0.96118886321264,0.8021886572038922,-22.951100949632863,-47.32099225192927
4864,0,local,2,coverage,0.9,0.9,0.75,3648,0.9884237831690684,True,predict_correct_c4,Lambda predict + correct (4),predict,0.9221459085551638,2500,23,0.8829517540569322,0.8905567599182219,0.9221459085551638,0.0221459085551637,True,True,True,0.5728005,0.60470735,True,True,False,,0,,True,4,False,0,0,0,0.96118886321264,0.8021886572038922,7.34841049430599,-11.015875370557527
4864,0,local,2,coverage,0.9,0.9,0.75,3648,0.9884237831690684,True,predict_correct_c8,Lambda predict + correct (8),predict,0.9003397405729203,2297,20,0.800185324004665,0.8032173518471047,0.9003397405729203,0.0003397405729202,True,True,True,0.8022745,0.83474465,True,True,False,,0,,True,8,False,0,0,0,0.96118886321264,0.8021886572038922,16.43501266104327,-0.12823599959617127
4864,0,local,2,coverage,0.9,0.9,0.75,3648,0.9884237831690684,True,capped_label2,Capped-label DP (2),capped_label,0.9001717597676029,4169,2,1.3562570930814073,1.384945525358641,0.9001717597676029,0.0001717597676028,True,False,True,9.924732,11.122418549999995,False,False,False,,0,,True,0,False,0,0,2,0.96118886321264,0.8021886572038922,-44.08672201315913,-72.64586240673177
4864,0,local,2,coverage,0.9,0.9,0.75,3648,0.9884237831690684,True,capped_label4,Capped-label DP (4),capped_label,0.9001717597676029,4169,2,1.3562570930814073,1.384945525358641,0.9001717597676029,0.0001717597676028,True,False,True,30.1752155,32.59106985,False,False,False,,0,,True,0,False,0,0,4,0.96118886321264,0.8021886572038922,-44.08672201315913,-72.64586240673177
4864,0,local,2,coverage,0.9,0.9,0.75,3648,0.9884237831690684,True,capped_label8,Capped-label DP (8),capped_label,0.9001717597676029,4169,2,1.3562570930814073,1.384945525358641,0.9001717597676029,0.0001717597676028,True,False,True,103.5328015,108.8614886,False,False,False,,0,,True,0,False,0,0,8,0.96118886321264,0.8021886572038922,-44.08672201315913,-72.64586240673177
4864,0,local,2,row_budget,0.9,0.9,0.75,3648,0.9884237831690684,True,paper,Paper,paper,0.966368419426268,3648,42,1.3739153624893572,1.3608650479790307,0.966368419426268,0.066368419426268,True,True,True,0.74104,0.7996538499999999,True,True,False,,0,,True,0,False,0,0,0,1.3608650479790307,0.8021886572038922,0.0,-69.64401525227997
4864,0,local,2,row_budget,0.9,0.9,0.75,3648,0.9884237831690684,True,incumbent_td16_trim256,TD-2L (16) + trim 256,incumbent,0.9000386210808117,2293,20,0.7991305426849452,0.8021886572038922,0.9000386210808117,3.862108081165161e-05,True,True,True,0.8356015,0.8974618499999999,True,True,False,,0,,True,11,True,0,0,0,1.3608650479790307,0.8021886572038922,41.05303399516416,0.0
4864,0,local,2,row_budget,0.9,0.9,0.75,3648,0.9884237831690684,True,lambda_bank4,Lambda bank (4),lambda_bank,0.9706536792412536,3362,23,1.1235033955685816,1.1392452097978538,0.9706536792412536,0.0706536792412536,True,True,True,0.5826745,0.6609391499999999,True,True,False,,0,,True,4,True,0,0,0,1.3608650479790307,0.8021886572038922,16.285217884778223,-42.01711773995975
4864,0,local,2,row_budget,0.9,0.9,0.75,3648,0.9884237831690684,True,lambda_bank8,Lambda bank (8),lambda_bank,0.9706536792412536,3362,23,1.1235033955685816,1.1392452097978538,0.9706536792412536,0.0706536792412536,True,True,True,0.8813825,0.9129222,True,True,False,,0,,True,8,True,0,0,0,1.3608650479790307,0.8021886572038922,16.285217884778223,-42.01711773995975
4864,0,local,2,row_budget,0.9,0.9,0.75,3648,0.9884237831690684,True,lambda_bank16,Lambda bank (16),lambda_bank,0.9510778990573564,2930,24,1.0107021174922322,1.019770993233411,0.9510778990573564,0.0510778990573563,True,True,True,1.4077515,1.42661175,True,True,False,,0,,True,16,True,0,0,0,1.3608650479790307,0.8021886572038922,25.064502556823378,-27.123586711874424
4864,0,local,2,row_budget,0.9,0.9,0.75,3648,0.9884237831690684,True,pwl_j4_c4,"PWL DP (J=4, calls=4)",piecewise,0.9388815044747008,2727,24,0.9575387761919096,0.9679395242290132,0.9388815044747008,0.0388815044747008,True,True,True,1.2606615,1.3133228499999998,True,True,False,,0,,True,4,False,0,4,0,1.3608650479790307,0.8021886572038922,28.873217394592977,-20.66232993157271
4864,0,local,2,row_budget,0.9,0.9,0.75,3648,0.9884237831690684,True,pwl_j4_c8,"PWL DP (J=4, calls=8)",piecewise,0.9022727481717628,2285,21,0.807679031031535,0.8104323421126604,0.9022727481717628,0.0022727481717627,True,True,True,2.1614105,2.1927298,False,False,False,,0,,True,8,False,0,4,0,1.3608650479790307,0.8021886572038922,40.447266000680756,-1.0276491489548567
4864,0,local,2,row_budget,0.9,0.9,0.75,3648,0.9884237831690684,True,pwl_j8_c4,"PWL DP (J=8, calls=4)",piecewise,0.9406192338912196,2789,23,0.9651607270571332,0.9688511631929758,0.9406192338912196,0.0406192338912194,True,True,True,2.589856,2.6421833,False,False,False,,0,,True,4,False,0,8,0,1.3608650479790307,0.8021886572038922,28.806227727592827,-20.775973892475896
4864,0,local,2,row_budget,0.9,0.9,0.75,3648,0.9884237831690684,True,pwl_j8_c8,"PWL DP (J=8, calls=8)",piecewise,0.9001950021165837,2299,20,0.8007420595185613,0.8015272952274421,0.9001950021165837,0.0001950021165836,True,True,True,4.260399,4.5196809,False,False,False,,0,,True,8,False,0,8,0,1.3608650479790307,0.8021886572038922,41.10163264037385,0.08244469309193203
4864,0,local,2,row_budget,0.9,0.9,0.75,3648,0.9884237831690684,True,paper_local64,Paper + local edits (64),local_edit,0.9728054284300812,3642,30,1.2811235151937632,1.287118153358938,0.9728054284300812,0.0728054284300812,True,True,True,7.760801499999999,8.1865212,False,False,False,,0,,True,0,False,64,0,0,1.3608650479790307,0.8021886572038922,5.419118870722084,-60.45080440869302
4864,0,local,2,row_budget,0.9,0.9,0.75,3648,0.9884237831690684,True,paper_local256,Paper + local edits (256),local_edit,0.9628672915229676,3474,28,1.2100719308259291,1.216084927899854,0.9628672915229676,0.0628672915229675,True,True,True,26.5572925,26.90787805,False,False,False,,0,,True,0,False,256,0,0,1.3608650479790307,0.8021886572038922,10.638830080483308,-51.59587672788071
4864,0,local,2,row_budget,0.9,0.9,0.75,3648,0.9884237831690684,True,td_lookup_c2,TD lookup DP (2),lookup,1.0,4864,1,1.582354161848876,1.6163955622590918,1.0,0.0999999999999999,True,False,False,6.781186,7.25436765,False,False,False,,0,,True,2,False,0,0,0,1.3608650479790307,0.8021886572038922,-18.777064974924574,-101.49818222227154
4864,0,local,2,row_budget,0.9,0.9,0.75,3648,0.9884237831690684,True,td_lookup_c4,TD lookup DP (4),lookup,0.950766510144566,2941,25,1.0164638893900129,1.0093089409016631,0.950766510144566,0.0507665101445661,True,True,True,10.9884805,11.2917157,False,False,False,,0,,True,4,False,0,0,0,1.3608650479790307,0.8021886572038922,25.833282117095322,-25.819398197390274
4864,0,local,2,row_budget,0.9,0.9,0.75,3648,0.9884237831690684,True,td_lookup_c8,TD lookup DP (8),lookup,0.911502448506581,2391,22,0.8452030273907902,0.837447233096915,0.911502448506581,0.0115024485065809,True,True,True,19.465852,20.96988215,False,False,False,,0,,True,8,False,0,0,0,1.3608650479790307,0.8021886572038922,38.46213962651357,-4.395297237924067
4864,0,local,2,row_budget,0.9,0.9,0.75,3648,0.9884237831690684,True,predict_correct_c2,Lambda predict + correct (2),predict,0.976051994822571,3506,23,1.16141683337042,1.1817922895252015,0.976051994822571,0.0760519948225709,True,True,True,0.386027,0.4950804499999999,True,True,False,,0,,True,2,False,0,0,0,1.3608650479790307,0.8021886572038922,13.158744779268405,-47.32099225192927
4864,0,local,2,row_budget,0.9,0.9,0.75,3648,0.9884237831690684,True,predict_correct_c4,Lambda predict + correct (4),predict,0.9221459085551638,2500,23,0.8829517540569322,0.8905567599182219,0.9221459085551638,0.0221459085551637,True,True,True,0.5817775000000001,0.7666696999999992,True,True,False,,0,,True,4,False,0,0,0,1.3608650479790307,0.8021886572038922,34.559509685346534,-11.015875370557527
4864,0,local,2,row_budget,0.9,0.9,0.75,3648,0.9884237831690684,True,predict_correct_c8,Lambda predict + correct (8),predict,0.9003397405729203,2297,20,0.800185324004665,0.8032173518471047,0.9003397405729203,0.0003397405729202,True,True,True,0.8486365,0.87892215,True,True,False,,0,,True,8,False,0,0,0,1.3608650479790307,0.8021886572038922,40.977442764076244,-0.12823599959617127
4864,0,local,2,row_budget,0.9,0.9,0.75,3648,0.9884237831690684,True,capped_label2,Capped-label DP (2),capped_label,0.7668986391301307,3648,2,1.186765621386657,1.2130952465995255,0.7668986391301307,-0.1331013608698693,False,True,False,10.368131,10.9701688,False,False,True,coverage_shortfall,0,,True,0,False,0,0,2,1.3608650479790307,0.8021886572038922,10.85851985095455,-51.22318618015478
4864,0,local,2,row_budget,0.9,0.9,0.75,3648,0.9884237831690684,True,capped_label4,Capped-label DP (4),capped_label,0.8292117395603913,3648,4,1.1938201242970137,1.2186908571764423,0.8292117395603913,-0.0707882604396087,False,True,False,29.336628,31.3355475,False,False,True,coverage_shortfall,0,,True,0,False,0,0,4,1.3608650479790307,0.8021886572038922,10.447339434114056,-51.92072914921406
4864,0,local,2,row_budget,0.9,0.9,0.75,3648,0.9884237831690684,True,capped_label8,Capped-label DP (8),capped_label,0.8441850668342336,3648,5,1.186765621386657,1.2118763439687688,0.8441850668342336,-0.0558149331657664,False,True,False,103.568899,107.30436595,False,False,True,coverage_shortfall,0,,True,0,False,0,0,8,1.3608650479790307,0.8021886572038922,10.948088073208984,-51.07123905153228
4864,0,hot-cold,0,coverage,0.5,0.5,0.25,1216,0.8216668501228495,True,paper,Paper,paper,0.5078976959886561,690,9,0.2675017651094494,0.2600097906423388,0.5078976959886561,0.007897695988656,True,True,True,2.3425895,3.5553532,False,False,False,,0,,True,0,False,0,0,0,0.2600097906423388,0.226721444330825,0.0,-14.682486877130362
4864,0,hot-cold,0,coverage,0.5,0.5,0.25,1216,0.8216668501228495,True,incumbent_td16_trim256,TD-2L (16) + trim 256,incumbent,0.5015045540463434,673,5,0.2233652432412202,0.226721444330825,0.5015045540463434,0.0015045540463434,True,True,True,0.6924345000000001,0.7779612499999999,True,True,False,,0,,True,10,True,0,0,0,0.2600097906423388,0.226721444330825,12.802728016232356,0.0
4864,0,hot-cold,0,coverage,0.5,0.5,0.25,1216,0.8216668501228495,True,lambda_bank4,Lambda bank (4),lambda_bank,0.6065688957531555,910,5,0.3003838046972422,0.305156826932713,0.6065688957531555,0.1065688957531555,True,True,True,0.506542,0.58501055,True,True,False,,0,,True,4,True,0,0,0,0.2600097906423388,0.226721444330825,-17.36359087819006,-34.59548470740928
4864,0,hot-cold,0,coverage,0.5,0.5,0.25,1216,0.8216668501228495,True,lambda_bank8,Lambda bank (8),lambda_bank,0.6065688957531555,910,5,0.3003838046972422,0.305156826932713,0.6065688957531555,0.1065688957531555,True,True,True,0.7585035,0.83431455,True,True,False,,0,,True,8,True,0,0,0,0.2600097906423388,0.226721444330825,-17.36359087819006,-34.59548470740928
4864,0,hot-cold,0,coverage,0.5,0.5,0.25,1216,0.8216668501228495,True,lambda_bank16,Lambda bank (16),lambda_bank,0.6065688957531555,910,5,0.3003838046972422,0.305156826932713,0.6065688957531555,0.1065688957531555,True,True,True,1.2222995,1.3215127999999998,True,True,False,,0,,True,16,True,0,0,0,0.2600097906423388,0.226721444330825,-17.36359087819006,-34.59548470740928
4864,0,hot-cold,0,coverage,0.5,0.5,0.25,1216,0.8216668501228495,True,pwl_j4_c4,"PWL DP (J=4, calls=4)",piecewise,0.5143742222681995,676,6,0.2320295535689827,0.2362075457704378,0.5143742222681995,0.0143742222681995,True,True,True,1.105712,1.19317485,True,True,False,,0,,True,4,False,0,4,0,0.2600097906423388,0.226721444330825,9.154364846454044,-4.1840336134110645
4864,0,hot-cold,0,coverage,0.5,0.5,0.25,1216,0.8216668501228495,True,pwl_j4_c8,"PWL DP (J=4, calls=8)",piecewise,0.505301188867415,652,6,0.2253604653438417,0.2283918873546045,0.505301188867415,0.005301188867415,True,True,True,1.7782490000000002,1.89907155,True,True,False,,0,,True,8,False,0,4,0,0.2600097906423388,0.226721444330825,12.160274122610593,-0.7367821022443932
4864,0,hot-cold,0,coverage,0.5,0.5,0.25,1216,0.8216668501228495,True,pwl_j8_c4,"PWL DP (J=8, calls=4)",piecewise,0.540307718942505,746,5,0.2470314028585876,0.250656647613122,0.540307718942505,0.0403077189425049,True,True,True,2.326604,2.39470635,False,False,False,,0,,True,4,False,0,8,0,0.2600097906423388,0.226721444330825,3.597227245216583,-10.55709721369431
4864,0,hot-cold,0,coverage,0.5,0.5,0.25,1216,0.8216668501228495,True,pwl_j8_c8,"PWL DP (J=8, calls=8)",piecewise,0.5079167032393155,679,5,0.2252349947903568,0.2283913304520695,0.5079167032393155,0.0079167032393154,True,True,True,3.636573,3.6935977,False,False,False,,0,,True,8,False,0,8,0,0.2600097906423388,0.226721444330825,12.160488307827865,-0.7365364693107113
4864,0,hot-cold,0,coverage,0.5,0.5,0.25,1216,0.8216668501228495,True,paper_local64,Paper + local edits (64),local_edit,0.5001162419167406,662,8,0.2542258491808972,0.2478314181820188,0.5001162419167406,0.0001162419167406,True,True,True,3.100816,4.586252399999998,False,False,False,,0,,True,0,False,40,0,0,0.2600097906423388,0.226721444330825,4.683813032668526,-9.310973610590967
4864,0,hot-cold,0,coverage,0.5,0.5,0.25,1216,0.8216668501228495,True,paper_local256,Paper + local edits (256),local_edit,0.5001162419167406,662,8,0.2542258491808972,0.2478314181820188,0.5001162419167406,0.0001162419167406,True,True,True,2.9587115,2.97589725,False,False,False,,0,,True,0,False,40,0,0,0.2600097906423388,0.226721444330825,4.683813032668526,-9.310973610590967
4864,0,hot-cold,0,coverage,0.5,0.5,0.25,1216,0.8216668501228495,True,td_lookup_c2,TD lookup DP (2),lookup,1.0,4864,1,1.582354161848876,1.6163955622590918,1.0,0.5,True,False,True,6.849589,7.09317455,False,False,False,,0,,True,2,False,0,0,0,0.2600097906423388,0.226721444330825,-521.6671911722563,-612.9433949355478
4864,0,hot-cold,0,coverage,0.5,0.5,0.25,1216,0.8216668501228495,True,td_lookup_c4,TD lookup DP (4),lookup,0.5224058304449845,701,6,0.2369463456517514,0.2371572394354791,0.5224058304449845,0.0224058304449844,True,True,True,10.929781,12.179776749999997,False,False,False,,0,,True,4,False,0,0,0,0.2600097906423388,0.226721444330825,8.789111806291539,-4.602914883263742
4864,0,hot-cold,0,coverage,0.5,0.5,0.25,1216,0.8216668501228495,True,td_lookup_c8,TD lookup DP (8),lookup,0.5164246207427186,687,6,0.2335421906022892,0.2332138065173837,0.5164246207427186,0.0164246207427185,True,True,True,19.6164985,20.4180539,False,False,False,,0,,True,8,False,0,0,0,0.2600097906423388,0.226721444330825,10.305759663417756,-2.863585403542701
4864,0,hot-cold,0,coverage,0.5,0.5,0.25,1216,0.8216668501228495,True,predict_correct_c2,Lambda predict + correct (2),predict,0.8398011049046658,1892,12,0.6156453935843407,0.6290028333138067,0.8398011049046658,0.3398011049046657,True,False,True,0.3618765,0.50669895,True,True,False,,0,,True,2,False,0,0,0,0.2600097906423388,0.226721444330825,-141.91505702915742,-177.4342035312659
4864,0,hot-cold,0,coverage,0.5,0.5,0.25,1216,0.8216668501228495,True,predict_correct_c4,Lambda predict + correct (4),predict,0.6065688957531555,910,5,0.3003838046972422,0.305156826932713,0.6065688957531555,0.1065688957531555,True,True,True,0.529054,0.5469288999999999,True,True,False,,0,,True,4,False,0,0,0,0.2600097906423388,0.226721444330825,-17.36359087819006,-34.59548470740928
4864,0,hot-cold,0,coverage,0.5,0.5,0.25,1216,0.8216668501228495,True,predict_correct_c8,Lambda predict + correct (8),predict,0.5079167032393155,679,5,0.2252349947903568,0.2283913304520695,0.5079167032393155,0.0079167032393154,True,True,True,0.7713315000000001,0.79800235,True,True,False,,0,,True,8,False,0,0,0,0.2600097906423388,0.226721444330825,12.160488307827865,-0.7365364693107113
4864,0,hot-cold,0,coverage,0.5,0.5,0.25,1216,0.8216668501228495,True,capped_label2,Capped-label DP (2),capped_label,0.5000768963289607,763,2,0.2482187963591062,0.2532764355064742,0.5000768963289607,7.689632896068499e-05,True,True,True,9.882022,10.4081289,False,False,False,,0,,True,0,False,0,0,2,0.2600097906423388,0.226721444330825,2.5896544584841363,-11.712606742616272
4864,0,hot-cold,0,coverage,0.5,0.5,0.25,1216,0.8216668501228495,True,capped_label4,Capped-label DP (4),capped_label,0.5000768963289607,763,2,0.2482187963591062,0.2532764355064742,0.5000768963289607,7.689632896068499e-05,True,True,True,27.5577085,30.63741535,False,False,False,,0,,True,0,False,0,0,4,0.2600097906423388,0.226721444330825,2.5896544584841363,-11.712606742616272
4864,0,hot-cold,0,coverage,0.5,0.5,0.25,1216,0.8216668501228495,True,capped_label8,Capped-label DP (8),capped_label,0.5000508619099548,678,6,0.2321871990679836,0.232325830848416,0.5000508619099548,5.086190995484685e-05,True,True,True,96.783951,101.2094575,False,False,False,,0,,True,0,False,0,0,8,0.2600097906423388,0.226721444330825,10.647275906623065,-2.4719260827455125
4864,0,hot-cold,0,row_budget,0.5,0.5,0.25,1216,0.8216668501228495,True,paper,Paper,paper,0.6876848240885731,1212,15,0.4665929827143429,0.4628616517925309,0.6876848240885731,0.1876848240885731,True,True,True,0.568137,0.6183545999999999,True,True,False,,0,,True,0,False,0,0,0,0.4628616517925309,0.226721444330825,0.0,-104.15433271373189
4864,0,hot-cold,0,row_budget,0.5,0.5,0.25,1216,0.8216668501228495,True,incumbent_td16_trim256,TD-2L (16) + trim 256,incumbent,0.5015045540463434,673,5,0.2233652432412202,0.226721444330825,0.5015045540463434,0.0015045540463434,True,True,True,0.6407775,0.7335773999999997,True,True,False,,0,,True,10,True,0,0,0,0.4628616517925309,0.226721444330825,51.01744906868011,0.0
4864,0,hot-cold,0,row_budget,0.5,0.5,0.25,1216,0.8216668501228495,True,lambda_bank4,Lambda bank (4),lambda_bank,0.6065688957531555,910,5,0.3003838046972422,0.305156826932713,0.6065688957531555,0.1065688957531555,True,True,True,0.5281825,0.5885535,True,True,False,,0,,True,4,True,0,0,0,0.4628616517925309,0.226721444330825,34.07169815193637,-34.59548470740928
4864,0,hot-cold,0,row_budget,0.5,0.5,0.25,1216,0.8216668501228495,True,lambda_bank8,Lambda bank (8),lambda_bank,0.6065688957531555,910,5,0.3003838046972422,0.305156826932713,0.6065688957531555,0.1065688957531555,True,True,True,0.7458395,0.7703845500000001,True,True,False,,0,,True,8,True,0,0,0,0.4628616517925309,0.226721444330825,34.07169815193637,-34.59548470740928
4864,0,hot-cold,0,row_budget,0.5,0.5,0.25,1216,0.8216668501228495,True,lambda_bank16,Lambda bank (16),lambda_bank,0.6065688957531555,910,5,0.3003838046972422,0.305156826932713,0.6065688957531555,0.1065688957531555,True,True,True,1.1278185,1.1568063,True,True,False,,0,,True,16,True,0,0,0,0.4628616517925309,0.226721444330825,34.07169815193637,-34.59548470740928
4864,0,hot-cold,0,row_budget,0.5,0.5,0.25,1216,0.8216668501228495,True,pwl_j4_c4,"PWL DP (J=4, calls=4)",piecewise,0.5143742222681995,676,6,0.2320295535689827,0.2362075457704378,0.5143742222681995,0.0143742222681995,True,True,True,1.035912,1.0634699,True,True,False,,0,,True,4,False,0,4,0,0.4628616517925309,0.226721444330825,48.96800267300748,-4.1840336134110645
4864,0,hot-cold,0,row_budget,0.5,0.5,0.25,1216,0.8216668501228495,True,pwl_j4_c8,"PWL DP (J=4, calls=8)",piecewise,0.505301188867415,652,6,0.2253604653438417,0.2283918873546045,0.505301188867415,0.005301188867415,True,True,True,1.677556,1.6905941,True,True,False,,0,,True,8,False,0,4,0,0.4628616517925309,0.226721444330825,50.6565544001954,-0.7367821022443932
4864,0,hot-cold,0,row_budget,0.5,0.5,0.25,1216,0.8216668501228495,True,pwl_j8_c4,"PWL DP (J=8, calls=4)",piecewise,0.540307718942505,746,5,0.2470314028585876,0.250656647613122,0.540307718942505,0.0403077189425049,True,True,True,2.2386600000000003,2.31187905,False,False,False,,0,,True,4,False,0,8,0,0.4628616517925309,0.226721444330825,45.84631354911334,-10.55709721369431
4864,0,hot-cold,0,row_budget,0.5,0.5,0.25,1216,0.8216668501228495,True,pwl_j8_c8,"PWL DP (J=8, calls=8)",piecewise,0.5079167032393155,679,5,0.2252349947903568,0.2283913304520695,0.5079167032393155,0.0079167032393154,True,True,True,3.5619235,3.69076715,False,False,False,,0,,True,8,False,0,8,0,0.4628616517925309,0.226721444330825,50.65667471747224,-0.7365364693107113
4864,0,hot-cold,0,row_budget,0.5,0.5,0.25,1216,0.8216668501228495,True,paper_local64,Paper + local edits (64),local_edit,0.6543248172887601,1173,12,0.4246193569731407,0.424276081999613,0.6543248172887601,0.1543248172887601,True,True,True,3.5436490000000003,3.788169549999999,False,False,False,,0,,True,0,False,64,0,0,0.4628616517925309,0.226721444330825,8.336307327143444,-87.13540011703627
4864,0,hot-cold,0,row_budget,0.5,0.5,0.25,1216,0.8216668501228495,True,paper_local256,Paper + local edits (256),local_edit,0.616326248526901,1113,12,0.4051001855687549,0.4033591697539319,0.616326248526901,0.1163262485269009,True,True,True,6.488659,6.92701665,False,False,False,,0,,True,0,False,133,0,0,0.4628616517925309,0.226721444330825,12.855349283779061,-77.90958016541325
4864,0,hot-cold,0,row_budget,0.5,0.5,0.25,1216,0.8216668501228495,True,td_lookup_c2,TD lookup DP (2),lookup,1.0,4864,1,1.582354161848876,1.6163955622590918,1.0,0.5,True,False,False,6.869812,7.11918575,False,False,False,,0,,True,2,False,0,0,0,0.4628616517925309,0.226721444330825,-249.21786153578586,-612.9433949355478
4864,0,hot-cold,0,row_budget,0.5,0.5,0.25,1216,0.8216668501228495,True,td_lookup_c4,TD lookup DP (4),lookup,0.5224058304449845,701,6,0.2369463456517514,0.2371572394354791,0.5224058304449845,0.0224058304449844,True,True,True,10.518172,11.0410973,False,False,False,,0,,True,4,False,0,0,0,0.4628616517925309,0.226721444330825,48.76282394166014,-4.602914883263742
4864,0,hot-cold,0,row_budget,0.5,0.5,0.25,1216,0.8216668501228495,True,td_lookup_c8,TD lookup DP (8),lookup,0.5164246207427186,687,6,0.2335421906022892,0.2332138065173837,0.5164246207427186,0.0164246207427185,True,True,True,18.6248905,20.68792085,False,False,False,,0,,True,8,False,0,0,0,0.4628616517925309,0.226721444330825,49.61479188992796,-2.863585403542701
4864,0,hot-cold,0,row_budget,0.5,0.5,0.25,1216,0.8216668501228495,True,predict_correct_c2,Lambda predict + correct (2),predict,0.8398011049046658,1892,12,0.6156453935843407,0.6290028333138067,0.8398011049046658,0.3398011049046657,True,False,False,0.348025,0.4602366499999999,True,False,False,,0,,True,2,False,0,0,0,0.4628616517925309,0.226721444330825,-35.89435004560399,-177.4342035312659
4864,0,hot-cold,0,row_budget,0.5,0.5,0.25,1216,0.8216668501228495,True,predict_correct_c4,Lambda predict + correct (4),predict,0.6065688957531555,910,5,0.3003838046972422,0.305156826932713,0.6065688957531555,0.1065688957531555,True,True,True,0.531874,0.54838345,True,True,False,,0,,True,4,False,0,0,0,0.4628616517925309,0.226721444330825,34.07169815193637,-34.59548470740928
4864,0,hot-cold,0,row_budget,0.5,0.5,0.25,1216,0.8216668501228495,True,predict_correct_c8,Lambda predict + correct (8),predict,0.5079167032393155,679,5,0.2252349947903568,0.2283913304520695,0.5079167032393155,0.0079167032393154,True,True,True,0.751935,0.7772536,True,True,False,,0,,True,8,False,0,0,0,0.4628616517925309,0.226721444330825,50.65667471747224,-0.7365364693107113
4864,0,hot-cold,0,row_budget,0.5,0.5,0.25,1216,0.8216668501228495,True,capped_label2,Capped-label DP (2),capped_label,0.5000768963289607,763,2,0.2482187963591062,0.2532764355064742,0.5000768963289607,7.689632896068499e-05,True,True,True,9.6836515,10.655098649999998,False,False,False,,0,,True,0,False,0,0,2,0.4628616517925309,0.226721444330825,45.28031550559288,-11.712606742616272
4864,0,hot-cold,0,row_budget,0.5,0.5,0.25,1216,0.8216668501228495,True,capped_label4,Capped-label DP (4),capped_label,0.5000768963289607,763,2,0.2482187963591062,0.2532764355064742,0.5000768963289607,7.689632896068499e-05,True,True,True,28.061445,30.7651087,False,False,False,,0,,True,0,False,0,0,4,0.4628616517925309,0.226721444330825,45.28031550559288,-11.712606742616272
4864,0,hot-cold,0,row_budget,0.5,0.5,0.25,1216,0.8216668501228495,True,capped_label8,Capped-label DP (8),capped_label,0.5000508619099548,678,6,0.2321871990679836,0.232325830848416,0.5000508619099548,5.086190995484685e-05,True,True,True,97.1830925,101.1326716,False,False,False,,0,,True,0,False,0,0,8,0.4628616517925309,0.226721444330825,49.8066366162147,-2.4719260827455125
4864,0,hot-cold,1,coverage,0.7,0.7,0.5,2432,0.9453090890622464,True,paper,Paper,paper,0.7194969875119221,1386,16,0.5143012200432179,0.5031718068037001,0.7194969875119221,0.0194969875119221,True,True,True,3.03863,3.21531025,False,False,False,,0,,True,0,False,0,0,0,0.5031718068037001,0.4151153826323331,0.0,-21.212517737353622
4864,0,hot-cold,1,coverage,0.7,0.7,0.5,2432,0.9453090890622464,True,incumbent_td16_trim256,TD-2L (16) + trim 256,incumbent,0.7000379075003774,1250,8,0.4066494042580377,0.4151153826323331,0.7000379075003774,3.7907500377465375e-05,True,True,True,0.6369955,0.7264446999999998,True,True,False,,0,,True,9,True,0,0,0,0.5031718068037001,0.4151153826323331,17.500269884103425,0.0
4864,0,hot-cold,1,coverage,0.7,0.7,0.5,2432,0.9453090890622464,True,lambda_bank4,Lambda bank (4),lambda_bank,0.8398011049046658,1892,12,0.6156453935843407,0.6290028333138067,0.8398011049046658,0.1398011049046658,True,True,True,0.549302,0.5906116,True,True,False,,0,,True,4,True,0,0,0,0.5031718068037001,0.4151153826323331,-25.00756695996611,-51.524819274383105
4864,0,hot-cold,1,coverage,0.7,0.7,0.5,2432,0.9453090890622464,True,lambda_bank8,Lambda bank (8),lambda_bank,0.8398011049046658,1892,12,0.6156453935843407,0.6290028333138067,0.8398011049046658,0.1398011049046658,True,True,True,0.8116725,0.8232745,True,True,False,,0,,True,8,True,0,0,0,0.5031718068037001,0.4151153826323331,-25.00756695996611,-51.524819274383105
4864,0,hot-cold,1,coverage,0.7,0.7,0.5,2432,0.9453090890622464,True,lambda_bank16,Lambda bank (16),lambda_bank,0.7814066299045077,1586,11,0.5184099939200433,0.5281134623727002,0.7814066299045077,0.0814066299045077,True,True,True,1.3470125,1.3787109,True,True,False,,0,,True,16,True,0,0,0,0.5031718068037001,0.4151153826323331,-4.956886540888883,-27.220884714949058
4864,0,hot-cold,1,coverage,0.7,0.7,0.5,2432,0.9453090890622464,True,pwl_j4_c4,"PWL DP (J=4, calls=4)",piecewise,0.8097878635805029,1724,12,0.5645365720196605,0.5762636778356957,0.8097878635805029,0.1097878635805029,True,True,True,1.138468,1.18168315,True,True,False,,0,,True,4,False,0,4,0,0.5031718068037001,0.4151153826323331,-14.526225445002039,-38.82012133144468
4864,0,hot-cold,1,coverage,0.7,0.7,0.5,2432,0.9453090890622464,True,pwl_j4_c8,"PWL DP (J=4, calls=8)",piecewise,0.7106239269843142,1296,9,0.4216141023347334,0.4321743572110784,0.7106239269843142,0.0106239269843142,True,True,True,1.8385865,1.9252253,True,True,False,,0,,True,8,False,0,4,0,0.5031718068037001,0.4151153826323331,14.109981646948588,-4.10945373080871
4864,0,hot-cold,1,coverage,0.7,0.7,0.5,2432,0.9453090890622464,True,pwl_j8_c4,"PWL DP (J=8, calls=4)",piecewise,0.8072409102139505,1692,10,0.5603474563263766,0.5678149730765418,0.8072409102139505,0.1072409102139505,True,True,True,2.250652,2.2765328,False,False,False,,0,,True,4,False,0,8,0,0.5031718068037001,0.4151153826323331,-12.847135987899394,-36.7848547254281
4864,0,hot-cold,1,coverage,0.7,0.7,0.5,2432,0.9453090890622464,True,pwl_j8_c8,"PWL DP (J=8, calls=8)",piecewise,0.7112880213230595,1287,8,0.4223719402910505,0.4302552561015017,0.7112880213230595,0.0112880213230595,True,True,True,3.9473835,4.887181799999996,False,False,False,,0,,True,8,False,0,8,0,0.5031718068037001,0.4151153826323331,14.491382409794863,-3.647148263493283
4864,0,hot-cold,1,coverage,0.7,0.7,0.5,2432,0.9453090890622464,True,paper_local64,Paper + local edits (64),local_edit,0.7033736447280632,1360,11,0.4680467404357362,0.4644627671993393,0.7033736447280632,0.0033736447280632,True,True,True,4.560505,4.799854,False,False,False,,0,,True,0,False,64,0,0,0.5031718068037001,0.4151153826323331,7.693006460408092,-11.887630916995695
4864,0,hot-cold,1,coverage,0.7,0.7,0.5,2432,0.9453090890622464,True,paper_local256,Paper + local edits (256),local_edit,0.7007990479989699,1346,11,0.4634922671080461,0.4598103128671791,0.7007990479989699,0.0007990479989699,True,True,True,5.0203745,5.43378295,False,False,False,,0,,True,0,False,84,0,0,0.5031718068037001,0.4151153826323331,8.617631860569919,-10.766869189820461
4864,0,hot-cold,1,coverage,0.7,0.7,0.5,2432,0.9453090890622464,True,td_lookup_c2,TD lookup DP (2),lookup,1.0,4864,1,1.582354161848876,1.6163955622590918,1.0,0.3,True,False,True,7.0567115000000005,7.26703935,False,False,False,,0,,True,2,False,0,0,0,0.5031718068037001,0.4151153826323331,-221.24128188479526,-289.3846457843096
4864,0,hot-cold,1,coverage,0.7,0.7,0.5,2432,0.9453090890622464,True,td_lookup_c4,TD lookup DP (4),lookup,0.8093001740953354,1705,12,0.5644122789480563,0.5689577264193589,0.8093001740953354,0.1093001740953354,True,True,True,11.07916,11.22155655,False,False,False,,0,,True,4,False,0,0,0,0.5031718068037001,0.4151153826323331,-13.074245958562525,-37.06014043890147
4864,0,hot-cold,1,coverage,0.7,0.7,0.5,2432,0.9453090890622464,True,td_lookup_c8,TD lookup DP (8),lookup,0.7089579721813353,1280,9,0.4201768692185075,0.424991930399763,0.7089579721813353,0.0089579721813353,True,True,True,18.733332500000003,20.9432312,False,False,False,,0,,True,8,False,0,0,0,0.5031718068037001,0.4151153826323331,15.537411942962265,-2.379229530064797
4864,0,hot-cold,1,coverage,0.7,0.7,0.5,2432,0.9453090890622464,True,predict_correct_c2,Lambda predict + correct (2),predict,0.8906433020299362,2267,14,0.7378162839859705,0.7535781764245355,0.8906433020299362,0.1906433020299363,True,True,True,0.4410644999999999,0.5200089499999999,True,True,False,,0,,True,2,False,0,0,0,0.5031718068037001,0.4151153826323331,-49.76558031172147,-81.53463059979597
4864,0,hot-cold,1,coverage,0.7,0.7,0.5,2432,0.9453090890622464,True,predict_correct_c4,Lambda predict + correct (4),predict,0.7895891945394102,1631,11,0.5305961426758876,0.5426002293540453,0.7895891945394102,0.0895891945394102,True,True,True,0.567356,0.61483685,True,True,False,,0,,True,4,False,0,0,0,0.5031718068037001,0.4151153826323331,-7.83597610541944,-30.710701664029937
4864,0,hot-cold,1,coverage,0.7,0.7,0.5,2432,0.9453090890622464,True,predict_correct_c8,Lambda predict + correct (8),predict,0.702020666829823,1257,8,0.4089266409218827,0.4174416097984132,0.702020666829823,0.002020666829823,True,True,True,0.8072585,0.8342475500000001,True,True,False,,0,,True,8,False,0,0,0,0.5031718068037001,0.4151153826323331,17.037957184022513,-0.5603808635876062
4864,0,hot-cold,1,coverage,0.7,0.7,0.5,2432,0.9453090890622464,True,capped_label2,Capped-label DP (2),capped_label,0.7000881498320454,1287,2,0.4186862266240756,0.4272045692668025,0.7000881498320454,8.814983204541438e-05,True,True,True,9.7985255,11.165630699999998,False,False,False,,0,,True,0,False,0,0,2,0.5031718068037001,0.4151153826323331,15.097673699062064,-2.9122473269502347
4864,0,hot-cold,1,coverage,0.7,0.7,0.5,2432,0.9453090890622464,True,capped_label4,Capped-label DP (4),capped_label,0.7000881498320454,1287,2,0.4186862266240756,0.4272045692668025,0.7000881498320454,8.814983204541438e-05,True,True,True,29.0212335,30.4431173,False,False,False,,0,,True,0,False,0,0,4,0.5031718068037001,0.4151153826323331,15.097673699062064,-2.9122473269502347
4864,0,hot-cold,1,coverage,0.7,0.7,0.5,2432,0.9453090890622464,True,capped_label8,Capped-label DP (8),capped_label,0.7000881498320454,1287,2,0.4186862266240756,0.4272045692668025,0.7000881498320454,8.814983204541438e-05,True,True,True,97.3653475,98.93184615,False,False,False,,0,,True,0,False,0,0,8,0.5031718068037001,0.4151153826323331,15.097673699062064,-2.9122473269502347
4864,0,hot-cold,1,row_budget,0.7,0.7,0.5,2432,0.9453090890622464,True,paper,Paper,paper,0.8912499651331405,2430,22,0.8637711975525404,0.8561818412205711,0.8912499651331405,0.1912499651331405,True,True,True,0.6202645,0.8805842999999998,True,True,False,,0,,True,0,False,0,0,0,0.8561818412205711,0.4151153826323331,0.0,-106.25153319815412
4864,0,hot-cold,1,row_budget,0.7,0.7,0.5,2432,0.9453090890622464,True,incumbent_td16_trim256,TD-2L (16) + trim 256,incumbent,0.7000379075003774,1250,8,0.4066494042580377,0.4151153826323331,0.7000379075003774,3.7907500377465375e-05,True,True,True,0.6586559999999999,0.8773411999999998,True,True,False,,0,,True,9,True,0,0,0,0.8561818412205711,0.4151153826323331,51.51551193370961,0.0
4864,0,hot-cold,1,row_budget,0.7,0.7,0.5,2432,0.9453090890622464,True,lambda_bank4,Lambda bank (4),lambda_bank,0.8398011049046658,1892,12,0.6156453935843407,0.6290028333138067,0.8398011049046658,0.1398011049046658,True,True,True,0.557377,0.70890275,True,True,False,,0,,True,4,True,0,0,0,0.8561818412205711,0.4151153826323331,26.53396708144364,-51.524819274383105
4864,0,hot-cold,1,row_budget,0.7,0.7,0.5,2432,0.9453090890622464,True,lambda_bank8,Lambda bank (8),lambda_bank,0.8398011049046658,1892,12,0.6156453935843407,0.6290028333138067,0.8398011049046658,0.1398011049046658,True,True,True,0.83731,1.1218456499999998,True,True,False,,0,,True,8,True,0,0,0,0.8561818412205711,0.4151153826323331,26.53396708144364,-51.524819274383105
4864,0,hot-cold,1,row_budget,0.7,0.7,0.5,2432,0.9453090890622464,True,lambda_bank16,Lambda bank (16),lambda_bank,0.7814066299045077,1586,11,0.5184099939200433,0.5281134623727002,0.7814066299045077,0.0814066299045077,True,True,True,1.347839,1.62391625,True,True,False,,0,,True,16,True,0,0,0,0.8561818412205711,0.4151153826323331,38.317605332551466,-27.220884714949058
4864,0,hot-cold,1,row_budget,0.7,0.7,0.5,2432,0.9453090890622464,True,pwl_j4_c4,"PWL DP (J=4, calls=4)",piecewise,0.8097878635805029,1724,12,0.5645365720196605,0.5762636778356957,0.8097878635805029,0.1097878635805029,True,True,True,1.1569575,1.3973219,True,True,False,,0,,True,4,False,0,4,0,0.8561818412205711,0.4151153826323331,32.693774839445865,-38.82012133144468
4864,0,hot-cold,1,row_budget,0.7,0.7,0.5,2432,0.9453090890622464,True,pwl_j4_c8,"PWL DP (J=4, calls=8)",piecewise,0.7106239269843142,1296,9,0.4216141023347334,0.4321743572110784,0.7106239269843142,0.0106239269843142,True,True,True,1.9392395,2.23302125,False,False,False,,0,,True,8,False,0,4,0,0.8561818412205711,0.4151153826323331,49.52306433000594,-4.10945373080871
4864,0,hot-cold,1,row_budget,0.7,0.7,0.5,2432,0.9453090890622464,True,pwl_j8_c4,"PWL DP (J=8, calls=4)",piecewise,0.8072409102139505,1692,10,0.5603474563263766,0.5678149730765418,0.8072409102139505,0.1072409102139505,True,True,True,2.423991,2.65553715,False,False,False,,0,,True,4,False,0,8,0,0.8561818412205711,0.4151153826323331,33.680563434157165,-36.7848547254281
4864,0,hot-cold,1,row_budget,0.7,0.7,0.5,2432,0.9453090890622464,True,pwl_j8_c8,"PWL DP (J=8, calls=8)",piecewise,0.7112880213230595,1287,8,0.4223719402910505,0.4302552561015017,0.7112880213230595,0.0112880213230595,True,True,True,3.970903,4.159634349999999,False,False,False,,0,,True,8,False,0,8,0,0.8561818412205711,0.4151153826323331,49.747210769136295,-3.647148263493283
4864,0,hot-cold,1,row_budget,0.7,0.7,0.5,2432,0.9453090890622464,True,paper_local64,Paper + local edits (64),local_edit,0.8841501857140481,2388,17,0.8107621972774326,0.8114913742721378,0.8841501857140481,0.1841501857140481,True,True,True,4.6829585,4.807762599999999,False,False,False,,0,,True,0,False,64,0,0,0.8561818412205711,0.4151153826323331,5.21974010622821,-95.48573920009949
4864,0,hot-cold,1,row_budget,0.7,0.7,0.5,2432,0.9453090890622464,True,paper_local256,Paper + local edits (256),local_edit,0.8351382325749861,2196,17,0.748300848783398,0.747197375162872,0.8351382325749861,0.1351382325749861,True,True,True,17.0876415,19.02822825,False,False,False,,0,,True,0,False,256,0,0,0.8561818412205711,0.4151153826323331,12.729126081713094,-79.99751549189476
4864,0,hot-cold,1,row_budget,0.7,0.7,0.5,2432,0.9453090890622464,True,td_lookup_c2,TD lookup DP (2),lookup,1.0,4864,1,1.582354161848876,1.6163955622590918,1.0,0.3,True,False,False,8.8452545,9.8165725,False,False,False,,0,,True,2,False,0,0,0,0.8561818412205711,0.4151153826323331,-88.7911521172607,-289.3846457843096
4864,0,hot-cold,1,row_budget,0.7,0.7,0.5,2432,0.9453090890622464,True,td_lookup_c4,TD lookup DP (4),lookup,0.8093001740953354,1705,12,0.5644122789480563,0.5689577264193589,0.8093001740953354,0.1093001740953354,True,True,True,13.599797,15.37083995,False,False,False,,0,,True,4,False,0,0,0,0.8561818412205711,0.4151153826323331,33.54709256525997,-37.06014043890147
4864,0,hot-cold,1,row_budget,0.7,0.7,0.5,2432,0.9453090890622464,True,td_lookup_c8,TD lookup DP (8),lookup,0.7089579721813353,1280,9,0.4201768692185075,0.424991930399763,0.7089579721813353,0.0089579721813353,True,True,True,25.7594215,27.22414535,False,False,False,,0,,True,8,False,0,0,0,0.8561818412205711,0.4151153826323331,50.36195467613569,-2.379229530064797
4864,0,hot-cold,1,row_budget,0.7,0.7,0.5,2432,0.9453090890622464,True,predict_correct_c2,Lambda predict + correct (2),predict,0.8906433020299362,2267,14,0.7378162839859705,0.7535781764245355,0.8906433020299362,0.1906433020299363,True,True,True,0.435208,0.5127626999999999,True,True,False,,0,,True,2,False,0,0,0,0.8561818412205711,0.4151153826323331,11.983863690657582,-81.53463059979597
4864,0,hot-cold,1,row_budget,0.7,0.7,0.5,2432,0.9453090890622464,True,predict_correct_c4,Lambda predict + correct (4),predict,0.7895891945394102,1631,11,0.5305961426758876,0.5426002293540453,0.7895891945394102,0.0895891945394102,True,True,True,0.581256,0.6201061,True,True,False,,0,,True,4,False,0,0,0,0.8561818412205711,0.4151153826323331,36.625585450338974,-30.710701664029937
4864,0,hot-cold,1,row_budget,0.7,0.7,0.5,2432,0.9453090890622464,True,predict_correct_c8,Lambda predict + correct (8),predict,0.702020666829823,1257,8,0.4089266409218827,0.4174416097984132,0.702020666829823,0.002020666829823,True,True,True,0.8339685,1.147369449999999,True,True,False,,0,,True,8,False,0,0,0,0.8561818412205711,0.4151153826323331,51.2438141407777,-0.5603808635876062
4864,0,hot-cold,1,row_budget,0.7,0.7,0.5,2432,0.9453090890622464,True,capped_label2,Capped-label DP (2),capped_label,0.7000881498320454,1287,2,0.4186862266240756,0.4272045692668025,0.7000881498320454,8.814983204541438e-05,True,True,True,9.809436,10.752890599999995,False,False,False,,0,,True,0,False,0,0,2,0.8561818412205711,0.4151153826323331,50.10352372601356,-2.9122473269502347
4864,0,hot-cold,1,row_budget,0.7,0.7,0.5,2432,0.9453090890622464,True,capped_label4,Capped-label DP (4),capped_label,0.7000881498320454,1287,2,0.4186862266240756,0.4272045692668025,0.7000881498320454,8.814983204541438e-05,True,True,True,28.87225,30.6349156,False,False,False,,0,,True,0,False,0,0,4,0.8561818412205711,0.4151153826323331,50.10352372601356,-2.9122473269502347
4864,0,hot-cold,1,row_budget,0.7,0.7,0.5,2432,0.9453090890622464,True,capped_label8,Capped-label DP (8),capped_label,0.7000881498320454,1287,2,0.4186862266240756,0.4272045692668025,0.7000881498320454,8.814983204541438e-05,True,True,True,98.1812025,100.70948845,False,False,False,,0,,True,0,False,0,0,8,0.8561818412205711,0.4151153826323331,50.10352372601356,-2.9122473269502347
4864,0,hot-cold,2,coverage,0.9,0.9,0.75,3648,0.9884237831690684,True,paper,Paper,paper,0.9020051302048118,2658,27,0.966960240560423,0.954010722448166,0.9020051302048118,0.0020051302048117,True,True,True,6.490112,8.4957809,False,False,False,,0,,True,0,False,0,0,0,0.954010722448166,0.7882584986381642,0.0,-21.02764817586664
4864,0,hot-cold,2,coverage,0.9,0.9,0.75,3648,0.9884237831690684,True,incumbent_td16_trim256,TD-2L (16) + trim 256,incumbent,0.9000986633166033,2363,14,0.7727444098415772,0.7882584986381642,0.9000986633166033,9.866331660324246e-05,True,True,True,0.930184,1.0823840999999998,True,True,False,,0,,True,10,True,0,0,0,0.954010722448166,0.7882584986381642,17.374251662984584,0.0
4864,0,hot-cold,2,coverage,0.9,0.9,0.75,3648,0.9884237831690684,True,lambda_bank4,Lambda bank (4),lambda_bank,0.9538087820675564,3121,18,1.0153222325514686,1.0370123682004566,0.9538087820675564,0.0538087820675564,True,True,True,0.6614015,0.6987614499999999,True,True,False,,0,,True,4,True,0,0,0,0.954010722448166,0.7882584986381642,-8.700284367799682,-31.557397730827176
4864,0,hot-cold,2,coverage,0.9,0.9,0.75,3648,0.9884237831690684,True,lambda_bank8,Lambda bank (8),lambda_bank,0.9538087820675564,3121,18,1.0153222325514686,1.0370123682004566,0.9538087820675564,0.0538087820675564,True,True,True,1.002639,1.09817415,True,True,False,,0,,True,8,True,0,0,0,0.954010722448166,0.7882584986381642,-8.700284367799682,-31.557397730827176
4864,0,hot-cold,2,coverage,0.9,0.9,0.75,3648,0.9884237831690684,True,lambda_bank16,Lambda bank (16),lambda_bank,0.9305167455827512,2733,17,0.889250850710763,0.908561698430882,0.9305167455827512,0.0305167455827511,True,True,True,1.572054,1.75601255,True,True,False,,0,,True,16,True,0,0,0,0.954010722448166,0.7882584986381642,4.763995094379392,-15.261896953925614
4864,0,hot-cold,2,coverage,0.9,0.9,0.75,3648,0.9884237831690684,True,pwl_j4_c4,"PWL DP (J=4, calls=4)",piecewise,0.9498242324718164,3048,21,0.9927007497377978,1.0140782209378056,0.9498242324718164,0.0498242324718163,True,True,True,1.291219,1.3121429,True,True,False,,0,,True,4,False,0,4,0,0.954010722448166,0.7882584986381642,-6.29631272230311,-28.647927385467973
4864,0,hot-cold,2,coverage,0.9,0.9,0.75,3648,0.9884237831690684,True,pwl_j4_c8,"PWL DP (J=4, calls=8)",piecewise,0.900562187703423,2376,17,0.7772083224781523,0.7920283777750674,0.900562187703423,0.0005621877034229,True,True,True,2.192669,2.35531445,False,False,False,,0,,True,8,False,0,4,0,0.954010722448166,0.7882584986381642,16.97909057640592,-0.47825416959237366
4864,0,hot-cold,2,coverage,0.9,0.9,0.75,3648,0.9884237831690684,True,pwl_j8_c4,"PWL DP (J=8, calls=4)",piecewise,0.9442322621843954,2949,17,0.9609166828186856,0.9809706618971076,0.9442322621843954,0.0442322621843953,True,True,True,2.6844330000000003,2.7356247,False,False,False,,0,,True,4,False,0,8,0,0.954010722448166,0.7882584986381642,-2.8259576978084233,-24.44783831596904
4864,0,hot-cold,2,coverage,0.9,0.9,0.75,3648,0.9884237831690684,True,pwl_j8_c8,"PWL DP (J=8, calls=8)",piecewise,0.900818340474704,2369,13,0.7746963269820158,0.7895773036367001,0.900818340474704,0.0008183404747038,True,True,True,4.576328999999999,4.82113475,False,False,False,,0,,True,8,False,0,8,0,0.954010722448166,0.7882584986381642,17.2360136990389,-0.1673061566496603
4864,0,hot-cold,2,coverage,0.9,0.9,0.75,3648,0.9884237831690684,True,paper_local64,Paper + local edits (64),local_edit,0.9010880541826912,2625,20,0.8981805750039633,0.8945712327242675,0.9010880541826912,0.001088054182691,True,True,True,9.2851915,9.92372245,False,False,False,,0,,True,0,False,64,0,0,0.954010722448166,0.7882584986381642,6.230484451093576,-13.487039374745047
4864,0,hot-cold,2,coverage,0.9,0.9,0.75,3648,0.9884237831690684,True,paper_local256,Paper + local edits (256),local_edit,0.900036422227082,2594,20,0.888177835369666,0.8841514539605638,0.900036422227082,3.642222708200027e-05,True,True,True,10.37569,11.32958965,False,False,False,,0,,True,0,False,109,0,0,0.954010722448166,0.7882584986381642,7.322692171460144,-12.165166057590149
4864,0,hot-cold,2,coverage,0.9,0.9,0.75,3648,0.9884237831690684,True,td_lookup_c2,TD lookup DP (2),lookup,1.0,4864,1,1.582354161848876,1.6163955622590918,1.0,0.0999999999999999,True,False,True,7.0121425,7.958932099999997,False,False,False,,0,,True,2,False,0,0,0,0.954010722448166,0.7882584986381642,-69.43159277194759,-105.05907199879982
4864,0,hot-cold,2,coverage,0.9,0.9,0.75,3648,0.9884237831690684,True,td_lookup_c4,TD lookup DP (4),lookup,0.946844258576228,2992,20,0.9780981424443252,0.9912591763681132,0.946844258576228,0.0468442585762279,True,True,True,13.231558499999998,14.03617335,False,False,False,,0,,True,4,False,0,0,0,0.954010722448166,0.7882584986381642,-3.904406212999456,-25.753059190692305
4864,0,hot-cold,2,coverage,0.9,0.9,0.75,3648,0.9884237831690684,True,td_lookup_c8,TD lookup DP (8),lookup,0.9003935455456523,2377,17,0.7770523863953613,0.785713770206886,0.9003935455456523,0.0003935455456522,True,True,True,25.461895,25.84287255,False,False,False,,0,,True,8,False,0,0,0,0.954010722448166,0.7882584986381642,17.64099168711638,0.3228291779504566
4864,0,hot-cold,2,coverage,0.9,0.9,0.75,3648,0.9884237831690684,True,predict_correct_c2,Lambda predict + correct (2),predict,0.9699643561423053,3482,21,1.1336429261222825,1.158498986353537,0.9699643561423053,0.0699643561423052,True,True,True,0.487346,0.5719508999999999,True,True,False,,0,,True,2,False,0,0,0,0.954010722448166,0.7882584986381642,-21.434587588346687,-46.96942543023886
4864,0,hot-cold,2,coverage,0.9,0.9,0.75,3648,0.9884237831690684,True,predict_correct_c4,Lambda predict + correct (4),predict,0.9165780914957684,2558,15,0.8322377685233358,0.8506274370097051,0.9165780914957684,0.0165780914957685,True,True,True,0.693031,0.70722325,True,True,False,,0,,True,4,False,0,0,0,0.954010722448166,0.7882584986381642,10.83670057430387,-7.912244330926055
4864,0,hot-cold,2,coverage,0.9,0.9,0.75,3648,0.9884237831690684,True,predict_correct_c8,Lambda predict + correct (8),predict,0.9009182253218522,2370,14,0.7749394809141203,0.7900810233095319,0.9009182253218522,0.0009182253218521,True,True,True,0.958396,1.009088,True,True,False,,0,,True,8,True,0,0,0,0.954010722448166,0.7882584986381642,17.183213488204885,-0.23120901005397876
4864,0,hot-cold,2,coverage,0.9,0.9,0.75,3648,0.9884237831690684,True,capped_label2,Capped-label DP (2),capped_label,0.9000009084537968,2407,2,0.7830440928392773,0.7994009158396197,0.9000009084537968,9.084537967440908e-07,True,True,True,9.622211,10.19140375,False,False,False,,0,,True,0,False,0,0,2,0.954010722448166,0.7882584986381642,16.206296530063025,-1.4135486291242838
4864,0,hot-cold,2,coverage,0.9,0.9,0.75,3648,0.9884237831690684,True,capped_label4,Capped-label DP (4),capped_label,0.9000009084537968,2407,2,0.7830440928392773,0.7994009158396197,0.9000009084537968,9.084537967440908e-07,True,True,True,28.600257,29.9043745,False,False,False,,0,,True,0,False,0,0,4,0.954010722448166,0.7882584986381642,16.206296530063025,-1.4135486291242838
4864,0,hot-cold,2,coverage,0.9,0.9,0.75,3648,0.9884237831690684,True,capped_label8,Capped-label DP (8),capped_label,0.9000009084537968,2407,2,0.7830440928392773,0.7994009158396197,0.9000009084537968,9.084537967440908e-07,True,True,True,99.215491,103.6311326,False,False,False,,0,,True,0,False,0,0,8,0.954010722448166,0.7882584986381642,16.206296530063025,-1.4135486291242838
4864,0,hot-cold,2,row_budget,0.9,0.9,0.75,3648,0.9884237831690684,True,paper,Paper,paper,0.9596800037832962,3648,33,1.297618741994654,1.2955721273429055,0.9596800037832962,0.0596800037832961,True,True,True,0.6337695,0.69188565,True,True,False,,0,,True,0,False,0,0,0,1.2955721273429055,0.7882584986381642,0.0,-64.3587896078764
4864,0,hot-cold,2,row_budget,0.9,0.9,0.75,3648,0.9884237831690684,True,incumbent_td16_trim256,TD-2L (16) + trim 256,incumbent,0.9000986633166033,2363,14,0.7727444098415772,0.7882584986381642,0.9000986633166033,9.866331660324246e-05,True,True,True,0.8636495,0.9609496,True,True,False,,0,,True,10,True,0,0,0,1.2955721273429055,0.7882584986381642,39.15749791138167,0.0
4864,0,hot-cold,2,row_budget,0.9,0.9,0.75,3648,0.9884237831690684,True,lambda_bank4,Lambda bank (4),lambda_bank,0.9538087820675564,3121,18,1.0153222325514686,1.0370123682004566,0.9538087820675564,0.0538087820675564,True,True,True,0.6409130000000001,0.6872803999999999,True,True,False,,0,,True,4,True,0,0,0,1.2955721273429055,0.7882584986381642,19.957187537889553,-31.557397730827176
4864,0,hot-cold,2,row_budget,0.9,0.9,0.75,3648,0.9884237831690684,True,lambda_bank8,Lambda bank (8),lambda_bank,0.9538087820675564,3121,18,1.0153222325514686,1.0370123682004566,0.9538087820675564,0.0538087820675564,True,True,True,0.988969,1.00512155,True,True,False,,0,,True,8,True,0,0,0,1.2955721273429055,0.7882584986381642,19.957187537889553,-31.557397730827176
4864,0,hot-cold,2,row_budget,0.9,0.9,0.75,3648,0.9884237831690684,True,lambda_bank16,Lambda bank (16),lambda_bank,0.9305167455827512,2733,17,0.889250850710763,0.908561698430882,0.9305167455827512,0.0305167455827511,True,True,True,1.598198,1.6223578,True,True,False,,0,,True,16,True,0,0,0,1.2955721273429055,0.7882584986381642,29.871777938426703,-15.261896953925614
4864,0,hot-cold,2,row_budget,0.9,0.9,0.75,3648,0.9884237831690684,True,pwl_j4_c4,"PWL DP (J=4, calls=4)",piecewise,0.9498242324718164,3048,21,0.9927007497377978,1.0140782209378056,0.9498242324718164,0.0498242324718163,True,True,True,1.3282625,1.35571525,True,True,False,,0,,True,4,False,0,4,0,1.2955721273429055,0.7882584986381642,21.727382093532444,-28.647927385467973
4864,0,hot-cold,2,row_budget,0.9,0.9,0.75,3648,0.9884237831690684,True,pwl_j4_c8,"PWL DP (J=4, calls=8)",piecewise,0.900562187703423,2376,17,0.7772083224781523,0.7920283777750674,0.900562187703423,0.0005621877034229,True,True,True,2.2974945,2.3185316,False,False,False,,0,,True,8,False,0,4,0,1.2955721273429055,0.7882584986381642,38.86651610825853,-0.47825416959237366
4864,0,hot-cold,2,row_budget,0.9,0.9,0.75,3648,0.9884237831690684,True,pwl_j8_c4,"PWL DP (J=8, calls=4)",piecewise,0.9442322621843954,2949,17,0.9609166828186856,0.9809706618971076,0.9442322621843954,0.0442322621843953,True,True,True,2.682364,2.70443695,False,False,False,,0,,True,4,False,0,8,0,1.2955721273429055,0.7882584986381642,24.282821373366183,-24.44783831596904
4864,0,hot-cold,2,row_budget,0.9,0.9,0.75,3648,0.9884237831690684,True,pwl_j8_c8,"PWL DP (J=8, calls=8)",piecewise,0.900818340474704,2369,13,0.7746963269820158,0.7895773036367001,0.900818340474704,0.0008183404747038,True,True,True,4.6628265,4.6959261,False,False,False,,0,,True,8,False,0,8,0,1.2955721273429055,0.7882584986381642,39.05570465952771,-0.1673061566496603
4864,0,hot-cold,2,row_budget,0.9,0.9,0.75,3648,0.9884237831690684,True,paper_local64,Paper + local edits (64),local_edit,0.9626924602023544,3641,22,1.213058534612675,1.223604031549849,0.9626924602023544,0.0626924602023544,True,True,True,6.0386475,6.310724949999999,False,False,False,,0,,True,0,False,64,0,0,1.2955721273429055,0.7882584986381642,5.554927763123163,-55.22877757281528
4864,0,hot-cold,2,row_budget,0.9,0.9,0.75,3648,0.9884237831690684,True,paper_local256,Paper + local edits (256),local_edit,0.9508786695654587,3449,22,1.1505971861186404,1.1597989435659375,0.9508786695654587,0.0508786695654587,True,True,True,21.547844,22.7654664,False,False,False,,0,,True,0,False,256,0,0,1.2955721273429055,0.7882584986381642,10.479785795903606,-47.13434052023106
4864,0,hot-cold,2,row_budget,0.9,0.9,0.75,3648,0.9884237831690684,True,td_lookup_c2,TD lookup DP (2),lookup,1.0,4864,1,1.582354161848876,1.6163955622590918,1.0,0.0999999999999999,True,False,False,7.2703805,8.200947699999995,False,False,False,,0,,True,2,False,0,0,0,1.2955721273429055,0.7882584986381642,-24.76307016377115,-105.05907199879982
4864,0,hot-cold,2,row_budget,0.9,0.9,0.75,3648,0.9884237831690684,True,td_lookup_c4,TD lookup DP (4),lookup,0.946844258576228,2992,20,0.9780981424443252,0.9912591763681132,0.946844258576228,0.0468442585762279,True,True,True,11.534566,13.09327765,False,False,False,,0,,True,4,False,0,0,0,1.2955721273429055,0.7882584986381642,23.488692335401584,-25.753059190692305
4864,0,hot-cold,2,row_budget,0.9,0.9,0.75,3648,0.9884237831690684,True,td_lookup_c8,TD lookup DP (8),lookup,0.9003935455456523,2377,17,0.7770523863953613,0.785713770206886,0.9003935455456523,0.0003935455456522,True,True,True,20.344384,21.09148285,False,False,False,,0,,True,8,False,0,0,0,1.2955721273429055,0.7882584986381642,39.35391526071884,0.3228291779504566
4864,0,hot-cold,2,row_budget,0.9,0.9,0.75,3648,0.9884237831690684,True,predict_correct_c2,Lambda predict + correct (2),predict,0.9699643561423053,3482,21,1.1336429261222825,1.158498986353537,0.9699643561423053,0.0699643561423052,True,True,True,0.499158,0.5657010499999999,True,True,False,,0,,True,2,False,0,0,0,1.2955721273429055,0.7882584986381642,10.580124262976565,-46.96942543023886
4864,0,hot-cold,2,row_budget,0.9,0.9,0.75,3648,0.9884237831690684,True,predict_correct_c4,Lambda predict + correct (4),predict,0.9165780914957684,2558,15,0.8322377685233358,0.8506274370097051,0.9165780914957684,0.0165780914957685,True,True,True,0.7005495,0.7765240499999999,True,True,False,,0,,True,4,False,0,0,0,1.2955721273429055,0.7882584986381642,34.343490489081404,-7.912244330926055
4864,0,hot-cold,2,row_budget,0.9,0.9,0.75,3648,0.9884237831690684,True,predict_correct_c8,Lambda predict + correct (8),predict,0.9009182253218522,2370,14,0.7749394809141203,0.7900810233095319,0.9009182253218522,0.0009182253218521,True,True,True,0.9420305,0.9802782,True,True,False,,0,,True,8,True,0,0,0,1.2955721273429055,0.7882584986381642,39.016824564610495,-0.23120901005397876
4864,0,hot-cold,2,row_budget,0.9,0.9,0.75,3648,0.9884237831690684,True,capped_label2,Capped-label DP (2),capped_label,0.9000009084537968,2407,2,0.7830440928392773,0.7994009158396197,0.9000009084537968,9.084537967440908e-07,True,True,True,9.7158565,10.266136,False,False,False,,0,,True,0,False,0,0,2,1.2955721273429055,0.7882584986381642,38.29745955718309,-1.4135486291242838
4864,0,hot-cold,2,row_budget,0.9,0.9,0.75,3648,0.9884237831690684,True,capped_label4,Capped-label DP (4),capped_label,0.9000009084537968,2407,2,0.7830440928392773,0.7994009158396197,0.9000009084537968,9.084537967440908e-07,True,True,True,29.344278,30.491679,False,False,False,,0,,True,0,False,0,0,4,1.2955721273429055,0.7882584986381642,38.29745955718309,-1.4135486291242838
4864,0,hot-cold,2,row_budget,0.9,0.9,0.75,3648,0.9884237831690684,True,capped_label8,Capped-label DP (8),capped_label,0.9000009084537968,2407,2,0.7830440928392773,0.7994009158396197,0.9000009084537968,9.084537967440908e-07,True,True,True,101.6924415,105.34342965,False,False,False,,0,,True,0,False,0,0,8,1.2955721273429055,0.7882584986381642,38.29745955718309,-1.4135486291242838
4864,1,random,0,coverage,0.5,0.5,0.25,1216,0.8709500426313175,True,paper,Paper,paper,0.5010937985625767,1362,21,0.5638686100934805,0.5400306991365286,0.5010937985625767,0.0010937985625767,True,False,True,3.2937765,3.38866215,False,False,False,,0,,True,0,False,0,0,0,0.5400306991365286,0.5217502238050167,0.0,-3.5036832755328984
4864,1,random,0,coverage,0.5,0.5,0.25,1216,0.8709500426313175,True,incumbent_td16_trim256,TD-2L (16) + trim 256,incumbent,0.5005222616770206,1369,16,0.5139941721637922,0.5217502238050167,0.5005222616770206,0.0005222616770206,True,False,True,1.107345,1.2199307499999998,True,True,False,,0,,True,10,True,0,0,0,0.5400306991365286,0.5217502238050167,3.385080766841797,0.0
4864,1,random,0,coverage,0.5,0.5,0.25,1216,0.8709500426313175,True,lambda_bank4,Lambda bank (4),lambda_bank,1.0,4864,1,1.582354161848876,1.6163955622590918,1.0,0.5,True,False,True,0.5394685,0.6003839499999999,True,True,False,,0,,True,4,True,0,0,0,0.5400306991365286,0.5217502238050167,-199.31549536787367,-209.8025623201563
4864,1,random,0,coverage,0.5,0.5,0.25,1216,0.8709500426313175,True,lambda_bank8,Lambda bank (8),lambda_bank,1.0,4864,1,1.582354161848876,1.6163955622590918,1.0,0.5,True,False,True,0.776176,0.8162289999999999,True,True,False,,0,,True,8,True,0,0,0,0.5400306991365286,0.5217502238050167,-199.31549536787367,-209.8025623201563
4864,1,random,0,coverage,0.5,0.5,0.25,1216,0.8709500426313175,True,lambda_bank16,Lambda bank (16),lambda_bank,0.7922256867781239,2848,23,0.9579794241301746,0.9704180831890586,0.7922256867781239,0.2922256867781239,True,False,True,1.186147,1.2224167,True,True,False,,0,,True,16,True,0,0,0,0.5400306991365286,0.5217502238050167,-79.69683663182288,-85.99284464355375
4864,1,random,0,coverage,0.5,0.5,0.25,1216,0.8709500426313175,True,pwl_j4_c4,"PWL DP (J=4, calls=4)",piecewise,0.6542408401335529,2061,20,0.7308635094059993,0.7385726440911552,0.6542408401335529,0.1542408401335528,True,False,True,1.183673,1.2248175,True,True,False,,0,,True,4,False,0,4,0,0.5400306991365286,0.5217502238050167,-36.764936747499966,-41.55674696311529
4864,1,random,0,coverage,0.5,0.5,0.25,1216,0.8709500426313175,True,pwl_j4_c8,"PWL DP (J=4, calls=8)",piecewise,0.5059094934776711,1363,16,0.5134390700754874,0.5135376561399719,0.5059094934776711,0.0059094934776711,True,False,True,1.9962115,2.0229148,False,False,False,,0,,True,8,False,0,4,0,0.5400306991365286,0.5217502238050167,4.905840175182108,1.5740420013914291
4864,1,random,0,coverage,0.5,0.5,0.25,1216,0.8709500426313175,True,pwl_j8_c4,"PWL DP (J=8, calls=4)",piecewise,0.6480531218708464,2028,20,0.723978009983166,0.7191279900896245,0.6480531218708464,0.1480531218708464,True,False,True,2.5615535,2.59957865,False,False,False,,0,,True,4,False,0,8,0,0.5400306991365286,0.5217502238050167,-33.16427959363422,-37.82993418674025
4864,1,random,0,coverage,0.5,0.5,0.25,1216,0.8709500426313175,True,pwl_j8_c8,"PWL DP (J=8, calls=8)",piecewise,0.5218300396574846,1434,17,0.5404572287366102,0.5301828840352912,0.5218300396574846,0.0218300396574846,True,False,True,4.340704000000001,4.3748124,False,False,False,,0,,True,8,False,0,8,0,0.5400306991365286,0.5217502238050167,1.8235657930157134,-1.6162255128089553
4864,1,random,0,coverage,0.5,0.5,0.25,1216,0.8709500426313175,True,paper_local64,Paper + local edits (64),local_edit,0.5043448001310701,1370,20,0.5547332246661623,0.5285597206887375,0.5043448001310701,0.00434480013107,True,False,True,3.955058,4.13155195,False,False,False,,0,,True,0,False,25,0,0,0.5400306991365286,0.5217502238050167,2.1241345105254883,-1.3051258194123116
4864,1,random,0,coverage,0.5,0.5,0.25,1216,0.8709500426313175,True,paper_local256,Paper + local edits (256),local_edit,0.5043448001310701,1370,20,0.5547332246661623,0.5285597206887375,0.5043448001310701,0.00434480013107,True,False,True,4.103505999999999,4.1630822,False,False,False,,0,,True,0,False,25,0,0,0.5400306991365286,0.5217502238050167,2.1241345105254883,-1.3051258194123116
4864,1,random,0,coverage,0.5,0.5,0.25,1216,0.8709500426313175,True,td_lookup_c2,TD lookup DP (2),lookup,1.0,4864,1,1.582354161848876,1.6163955622590918,1.0,0.5,True,False,True,7.3111615,7.5538845,False,False,False,,0,,True,2,False,0,0,0,0.5400306991365286,0.5217502238050167,-199.31549536787367,-209.8025623201563
4864,1,random,0,coverage,0.5,0.5,0.25,1216,0.8709500426313175,True,td_lookup_c4,TD lookup DP (4),lookup,0.6676055323488437,2125,21,0.7586445582814507,0.7454693444954809,0.6676055323488437,0.1676055323488436,True,False,True,11.368386,11.49085305,False,False,False,,0,,True,4,False,0,0,0,0.5400306991365286,0.5217502238050167,-38.042030885917114,-42.87858643527296
4864,1,random,0,coverage,0.5,0.5,0.25,1216,0.8709500426313175,True,td_lookup_c8,TD lookup DP (8),lookup,0.513232751745637,1401,17,0.5321749142616431,0.514305105040191,0.513232751745637,0.0132327517456369,True,False,True,19.953103,20.0619143,False,False,False,,0,,True,8,False,0,0,0,0.5400306991365286,0.5217502238050167,4.763728087582986,1.4269507563465789
4864,1,random,0,coverage,0.5,0.5,0.25,1216,0.8709500426313175,True,predict_correct_c2,Lambda predict + correct (2),predict,0.662388652488213,2158,18,0.7404343385323339,0.7486794532938926,0.662388652488213,0.162388652488213,True,False,True,0.3704125,0.4915473999999998,True,True,False,,0,,True,2,False,0,0,0,0.5400306991365286,0.5217502238050167,-38.63646168467439,-43.4938442065109
4864,1,random,0,coverage,0.5,0.5,0.25,1216,0.8709500426313175,True,predict_correct_c4,Lambda predict + correct (4),predict,0.662388652488213,2158,18,0.7404343385323339,0.7486794532938926,0.662388652488213,0.162388652488213,True,False,True,0.5575975,0.591492,True,True,False,,0,,True,4,False,0,0,0,0.5400306991365286,0.5217502238050167,-38.63646168467439,-43.4938442065109
4864,1,random,0,coverage,0.5,0.5,0.25,1216,0.8709500426313175,True,predict_correct_c8,Lambda predict + correct (8),predict,0.5288290422621065,1485,16,0.5422821938792094,0.5466170419070984,0.5288290422621065,0.0288290422621064,True,False,True,0.83728,0.86118765,True,True,False,,0,,True,8,False,0,0,0,0.5400306991365286,0.5217502238050167,-1.219623769741407,-4.766038799319161
4864,1,random,0,coverage,0.5,0.5,0.25,1216,0.8709500426313175,True,capped_label2,Capped-label DP (2),capped_label,0.5001320834317589,2411,2,0.784345370932903,0.8007301885059512,0.5001320834317589,0.0001320834317588,True,False,True,10.143606,10.22332505,False,False,False,,0,,True,0,False,0,0,2,0.5400306991365286,0.5217502238050167,-48.274938774085065,-53.47002300571935
4864,1,random,0,coverage,0.5,0.5,0.25,1216,0.8709500426313175,True,capped_label4,Capped-label DP (4),capped_label,0.5001320834317589,2411,2,0.784345370932903,0.8007301885059512,0.5001320834317589,0.0001320834317588,True,False,True,29.40175,29.67857105,False,False,False,,0,,True,0,False,0,0,4,0.5400306991365286,0.5217502238050167,-48.274938774085065,-53.47002300571935
4864,1,random,0,coverage,0.5,0.5,0.25,1216,0.8709500426313175,True,capped_label8,Capped-label DP (8),capped_label,0.5003357694683878,2203,3,0.7174066624444689,0.7322267800376697,0.5003357694683878,0.0003357694683877,True,False,True,100.280372,100.80112795,False,False,False,,0,,True,0,False,0,0,8,0.5400306991365286,0.5217502238050167,-35.5898435419411,-40.340482213441334
4864,1,random,0,row_budget,0.5,0.5,0.25,1216,0.8709500426313175,True,paper,Paper,paper,0.4888773928481839,1216,24,0.5616099866586934,0.5354747243108495,0.4888773928481839,-0.0111226071518161,False,True,False,0.9432235,1.0165489,True,False,True,coverage_shortfall,4,,True,0,False,0,0,0,0.5354747243108495,0.5217502238050167,0.0,-2.630473333723349
4864,1,random,0,row_budget,0.5,0.5,0.25,1216,0.8709500426313175,True,incumbent_td16_trim256,TD-2L (16) + trim 256,incumbent,0.5005222616770206,1369,16,0.5139941721637922,0.5217502238050167,0.5005222616770206,0.0005222616770206,True,False,False,1.052603,1.1172763,True,False,False,,0,,True,10,True,0,0,0,0.5354747243108495,0.5217502238050167,2.5630529103864097,0.0
4864,1,random,0,row_budget,0.5,0.5,0.25,1216,0.8709500426313175,True,lambda_bank4,Lambda bank (4),lambda_bank,1.0,4864,1,1.582354161848876,1.6163955622590918,1.0,0.5,True,False,False,0.5161549999999999,0.6097117999999998,True,False,False,,0,,True,4,True,0,0,0,0.5354747243108495,0.5217502238050167,-201.86215873015786,-209.8025623201563
4864,1,random,0,row_budget,0.5,0.5,0.25,1216,0.8709500426313175,True,lambda_bank8,Lambda bank (8),lambda_bank,1.0,4864,1,1.582354161848876,1.6163955622590918,1.0,0.5,True,False,False,0.794109,0.8218194,True,False,False,,0,,True,8,True,0,0,0,0.5354747243108495,0.5217502238050167,-201.86215873015786,-209.8025623201563
4864,1,random,0,row_budget,0.5,0.5,0.25,1216,0.8709500426313175,True,lambda_bank16,Lambda bank (16),lambda_bank,0.7922256867781239,2848,23,0.9579794241301746,0.9704180831890586,0.7922256867781239,0.2922256867781239,True,False,False,1.214435,1.2384258,True,False,False,,0,,True,16,True,0,0,0,0.5354747243108495,0.5217502238050167,-81.22574962580667,-85.99284464355375
4864,1,random,0,row_budget,0.5,0.5,0.25,1216,0.8709500426313175,True,pwl_j4_c4,"PWL DP (J=4, calls=4)",piecewise,0.6542408401335529,2061,20,0.7308635094059993,0.7385726440911552,0.6542408401335529,0.1542408401335528,True,False,False,1.1781925,1.1952625499999998,True,False,False,,0,,True,4,False,0,4,0,0.5354747243108495,0.5217502238050167,-37.92857264022884,-41.55674696311529
4864,1,random,0,row_budget,0.5,0.5,0.25,1216,0.8709500426313175,True,pwl_j4_c8,"PWL DP (J=4, calls=8)",piecewise,0.5059094934776711,1363,16,0.5134390700754874,0.5135376561399719,0.5059094934776711,0.0059094934776711,True,False,False,2.0038505,2.0360856,False,False,False,,0,,True,8,False,0,4,0,0.5354747243108495,0.5217502238050167,4.09675138245047,1.5740420013914291
4864,1,random,0,row_budget,0.5,0.5,0.25,1216,0.8709500426313175,True,pwl_j8_c4,"PWL DP (J=8, calls=4)",piecewise,0.6480531218708464,2028,20,0.723978009983166,0.7191279900896245,0.6480531218708464,0.1480531218708464,True,False,False,2.539187,2.55428605,False,False,False,,0,,True,4,False,0,8,0,0.5354747243108495,0.5217502238050167,-34.297280047183335,-37.82993418674025
4864,1,random,0,row_budget,0.5,0.5,0.25,1216,0.8709500426313175,True,pwl_j8_c8,"PWL DP (J=8, calls=8)",piecewise,0.5218300396574846,1434,17,0.5404572287366102,0.5301828840352912,0.5218300396574846,0.0218300396574846,True,False,False,4.326362,4.3614457,False,False,False,,0,,True,8,False,0,8,0,0.5354747243108495,0.5217502238050167,0.9882521126219013,-1.6162255128089553
4864,1,random,0,row_budget,0.5,0.5,0.25,1216,0.8709500426313175,True,paper_local64,Paper + local edits (64),local_edit,0.4926161596213253,1216,24,0.5616099866586934,0.5354747243108495,0.4926161596213253,-0.0073838403786746,False,True,False,2.474981,2.5521428,False,False,True,coverage_shortfall,4,,True,0,False,18,0,0,0.5354747243108495,0.5217502238050167,0.0,-2.630473333723349
4864,1,random,0,row_budget,0.5,0.5,0.25,1216,0.8709500426313175,True,paper_local256,Paper + local edits (256),local_edit,0.4926161596213253,1216,24,0.5616099866586934,0.5354747243108495,0.4926161596213253,-0.0073838403786746,False,True,False,2.4689705,2.51919565,False,False,True,coverage_shortfall,4,,True,0,False,18,0,0,0.5354747243108495,0.5217502238050167,0.0,-2.630473333723349
4864,1,random,0,row_budget,0.5,0.5,0.25,1216,0.8709500426313175,True,td_lookup_c2,TD lookup DP (2),lookup,1.0,4864,1,1.582354161848876,1.6163955622590918,1.0,0.5,True,False,False,7.08572,7.115484599999999,False,False,False,,0,,True,2,False,0,0,0,0.5354747243108495,0.5217502238050167,-201.86215873015786,-209.8025623201563
4864,1,random,0,row_budget,0.5,0.5,0.25,1216,0.8709500426313175,True,td_lookup_c4,TD lookup DP (4),lookup,0.6676055323488437,2125,21,0.7586445582814507,0.7454693444954809,0.6676055323488437,0.1676055323488436,True,False,False,11.2402965,11.3796057,False,False,False,,0,,True,4,False,0,0,0,0.5354747243108495,0.5217502238050167,-39.21653266732472,-42.87858643527296
4864,1,random,0,row_budget,0.5,0.5,0.25,1216,0.8709500426313175,True,td_lookup_c8,TD lookup DP (8),lookup,0.513232751745637,1401,17,0.5321749142616431,0.514305105040191,0.513232751745637,0.0132327517456369,True,False,False,19.814409,20.18023135,False,False,False,,0,,True,8,False,0,0,0,0.5354747243108495,0.5217502238050167,3.953430163842675,1.4269507563465789
4864,1,random,0,row_budget,0.5,0.5,0.25,1216,0.8709500426313175,True,predict_correct_c2,Lambda predict + correct (2),predict,0.662388652488213,2158,18,0.7404343385323339,0.7486794532938926,0.662388652488213,0.162388652488213,True,False,False,0.435574,0.51398725,True,False,False,,0,,True,2,False,0,0,0,0.5354747243108495,0.5217502238050167,-39.81602105635058,-43.4938442065109
4864,1,random,0,row_budget,0.5,0.5,0.25,1216,0.8709500426313175,True,predict_correct_c4,Lambda predict + correct (4),predict,0.662388652488213,2158,18,0.7404343385323339,0.7486794532938926,0.662388652488213,0.162388652488213,True,False,False,0.606118,0.62853095,True,False,False,,0,,True,4,False,0,0,0,0.5354747243108495,0.5217502238050167,-39.81602105635058,-43.4938442065109
4864,1,random,0,row_budget,0.5,0.5,0.25,1216,0.8709500426313175,True,predict_correct_c8,Lambda predict + correct (8),predict,0.5288290422621065,1485,16,0.5422821938792094,0.5466170419070984,0.5288290422621065,0.0288290422621064,True,False,False,0.8670205,0.89502065,True,False,False,,0,,True,8,False,0,0,0,0.5354747243108495,0.5217502238050167,-2.0808297927766617,-4.766038799319161
4864,1,random,0,row_budget,0.5,0.5,0.25,1216,0.8709500426313175,True,capped_label2,Capped-label DP (2),capped_label,0.2708859365154068,1216,2,0.3998494132683078,0.4066515734197812,0.2708859365154068,-0.2291140634845931,False,True,False,10.6435055,10.88338105,False,False,True,coverage_shortfall,0,,True,0,False,0,0,2,0.5354747243108495,0.5217502238050167,24.057746340289434,22.060105608742198
4864,1,random,0,row_budget,0.5,0.5,0.25,1216,0.8709500426313175,True,capped_label4,Capped-label DP (4),capped_label,0.333154120895666,1216,4,0.3969736175727383,0.4044303248386003,0.333154120895666,-0.166845879104334,False,True,False,31.291993,32.666994550000005,False,False,True,coverage_shortfall,0,,True,0,False,0,0,4,0.5354747243108495,0.5217502238050167,24.472564907877214,22.48583586813372
4864,1,random,0,row_budget,0.5,0.5,0.25,1216,0.8709500426313175,True,capped_label8,Capped-label DP (8),capped_label,0.3425418439840285,1216,5,0.4066574194047583,0.4141453285046907,0.3425418439840285,-0.1574581560159714,False,True,False,106.56026,110.23243305,False,False,True,coverage_shortfall,0,,True,0,False,0,0,8,0.5354747243108495,0.5217502238050167,22.658286245407478,20.62383308924828
4864,1,random,1,coverage,0.7,0.7,0.5,2432,0.9651091501248046,True,paper,Paper,paper,0.7064339718055439,2334,33,0.933181634708844,0.8960951212782504,0.7064339718055439,0.0064339718055439,True,True,True,6.900464,7.2728201,False,False,False,,0,,True,0,False,0,0,0,0.8960951212782504,0.8107928991415829,0.0,-10.520839813345706
4864,1,random,1,coverage,0.7,0.7,0.5,2432,0.9651091501248046,True,incumbent_td16_trim256,TD-2L (16) + trim 256,incumbent,0.7002974942371454,2373,19,0.801821076627695,0.8107928991415829,0.7002974942371454,0.0002974942371454,True,True,True,0.79978,1.0483166,True,True,False,,0,,True,10,True,0,0,0,0.8960951212782504,0.8107928991415829,9.519326699936348,0.0
4864,1,random,1,coverage,0.7,0.7,0.5,2432,0.9651091501248046,True,lambda_bank4,Lambda bank (4),lambda_bank,0.710693203651413,2434,19,0.817334267099711,0.8287555082738753,0.710693203651413,0.010693203651413,True,False,True,0.6095095,0.64260855,True,True,False,,0,,True,4,True,0,0,0,0.8960951212782504,0.8107928991415829,7.514784022963694,-2.215437401007092
4864,1,random,1,coverage,0.7,0.7,0.5,2432,0.9651091501248046,True,lambda_bank8,Lambda bank (8),lambda_bank,0.710693203651413,2434,19,0.817334267099711,0.8287555082738753,0.710693203651413,0.010693203651413,True,False,True,0.8731774999999999,0.9265057,True,True,False,,0,,True,8,True,0,0,0,0.8960951212782504,0.8107928991415829,7.514784022963694,-2.215437401007092
4864,1,random,1,coverage,0.7,0.7,0.5,2432,0.9651091501248046,True,lambda_bank16,Lambda bank (16),lambda_bank,0.710693203651413,2434,19,0.817334267099711,0.8287555082738753,0.710693203651413,0.010693203651413,True,False,True,1.4109975,1.45892565,True,True,False,,0,,True,16,True,0,0,0,0.8960951212782504,0.8107928991415829,7.514784022963694,-2.215437401007092
4864,1,random,1,coverage,0.7,0.7,0.5,2432,0.9651091501248046,True,pwl_j4_c4,"PWL DP (J=4, calls=4)",piecewise,0.9146335049660278,3735,25,1.217263415004941,1.2468499960856956,0.9146335049660278,0.2146335049660278,True,False,True,1.303973,1.377468,True,True,False,,0,,True,4,False,0,4,0,0.8960951212782504,0.8107928991415829,-39.142593958898566,-53.78156338144831
4864,1,random,1,coverage,0.7,0.7,0.5,2432,0.9651091501248046,True,pwl_j4_c8,"PWL DP (J=4, calls=8)",piecewise,0.7104632721482196,2345,22,0.8228316881553009,0.8287904626769806,0.7104632721482196,0.0104632721482196,True,True,True,2.1610495,2.22243575,False,False,False,,0,,True,8,False,0,4,0,0.8960951212782504,0.8107928991415829,7.5108832760144795,-2.219748539294364
4864,1,random,1,coverage,0.7,0.7,0.5,2432,0.9651091501248046,True,pwl_j8_c4,"PWL DP (J=8, calls=4)",piecewise,0.9071404001840496,3618,26,1.2011157677607904,1.2208374772227977,0.9071404001840496,0.2071404001840497,True,False,True,2.7296575,2.80045835,False,False,False,,0,,True,4,False,0,8,0,0.8960951212782504,0.8107928991415829,-36.23971922548947,-50.57328184735515
4864,1,random,1,coverage,0.7,0.7,0.5,2432,0.9651091501248046,True,pwl_j8_c8,"PWL DP (J=8, calls=8)",piecewise,0.7050393825493231,2332,21,0.8142594959536265,0.8132255684936395,0.7050393825493231,0.0050393825493231,True,True,True,4.733944,4.8706121,False,False,False,,0,,True,8,False,0,8,0,0.8960951212782504,0.8107928991415829,9.24785224434659,-0.3000358481965115
4864,1,random,1,coverage,0.7,0.7,0.5,2432,0.9651091501248046,True,paper_local64,Paper + local edits (64),local_edit,0.7016464559891259,2394,30,0.9145290199826492,0.8754694105963513,0.7016464559891259,0.0016464559891259,True,True,True,9.293177,9.9580662,False,False,False,,0,,True,0,False,43,0,0,0.8960951212782504,0.8107928991415829,2.3017322817779906,-7.976945965269788
4864,1,random,1,coverage,0.7,0.7,0.5,2432,0.9651091501248046,True,paper_local256,Paper + local edits (256),local_edit,0.7016464559891259,2394,30,0.9145290199826492,0.8754694105963513,0.7016464559891259,0.0016464559891259,True,True,True,8.033947999999999,9.13565755,False,False,False,,0,,True,0,False,43,0,0,0.8960951212782504,0.8107928991415829,2.3017322817779906,-7.976945965269788
4864,1,random,1,coverage,0.7,0.7,0.5,2432,0.9651091501248046,True,td_lookup_c2,TD lookup DP (2),lookup,1.0,4864,1,1.582354161848876,1.6163955622590918,1.0,0.3,True,False,True,7.400213,7.785906049999999,False,False,False,,0,,True,2,False,0,0,0,0.8960951212782504,0.8107928991415829,-80.38214067646705,-99.35985674892206
4864,1,random,1,coverage,0.7,0.7,0.5,2432,0.9651091501248046,True,td_lookup_c4,TD lookup DP (4),lookup,0.9086800972992296,3615,27,1.212370744352953,1.2205478278742057,0.9086800972992296,0.2086800972992297,True,False,True,11.3692725,11.6094693,False,False,False,,0,,True,4,False,0,0,0,0.8960951212782504,0.8107928991415829,-36.20739572079514,-50.53755763850989
4864,1,random,1,coverage,0.7,0.7,0.5,2432,0.9651091501248046,True,td_lookup_c8,TD lookup DP (8),lookup,0.7234961429933863,2442,22,0.8484834972935961,0.8386635990180217,0.7234961429933863,0.0234961429933863,True,False,True,20.5151985,21.16370765,False,False,False,,0,,True,8,False,0,0,0,0.8960951212782504,0.8107928991415829,6.409087706928318,-3.437462255274615
4864,1,random,1,coverage,0.7,0.7,0.5,2432,0.9651091501248046,True,predict_correct_c2,Lambda predict + correct (2),predict,0.7492908703751535,2615,21,0.8835063625789227,0.8951747682276298,0.7492908703751535,0.0492908703751535,True,False,True,0.4291525,0.5535057999999998,True,True,False,,0,,True,2,False,0,0,0,0.8960951212782504,0.8107928991415829,0.1027070707971034,-10.40732709615304
4864,1,random,1,coverage,0.7,0.7,0.5,2432,0.9651091501248046,True,predict_correct_c4,Lambda predict + correct (4),predict,0.7492908703751535,2615,21,0.8835063625789227,0.8951747682276298,0.7492908703751535,0.0492908703751535,True,False,True,0.68475,0.73977885,True,True,False,,0,,True,4,False,0,0,0,0.8960951212782504,0.8107928991415829,0.1027070707971034,-10.40732709615304
4864,1,random,1,coverage,0.7,0.7,0.5,2432,0.9651091501248046,True,predict_correct_c8,Lambda predict + correct (8),predict,0.7022909100982827,2380,19,0.803769650926332,0.8142393006369646,0.7022909100982827,0.0022909100982827,True,True,True,0.927023,0.98658655,True,True,False,,0,,True,8,False,0,0,0,0.8960951212782504,0.8107928991415829,9.134724506090508,-0.42506557457897554
4864,1,random,1,coverage,0.7,0.7,0.5,2432,0.9651091501248046,True,capped_label2,Capped-label DP (2),capped_label,0.7121550948356814,3440,2,1.1190991605181198,1.142685581919727,0.7121550948356814,0.0121550948356814,True,False,True,10.3650855,14.239742199999988,False,False,False,,0,,True,0,False,0,0,2,0.8960951212782504,0.8107928991415829,-27.518335362625713,-40.93433515877254
4864,1,random,1,coverage,0.7,0.7,0.5,2432,0.9651091501248046,True,capped_label4,Capped-label DP (4),capped_label,0.7121550948356814,3440,2,1.1190991605181198,1.142685581919727,0.7121550948356814,0.0121550948356814,True,False,True,29.8572715,30.4126856,False,False,False,,0,,True,0,False,0,0,4,0.8960951212782504,0.8107928991415829,-27.518335362625713,-40.93433515877254
4864,1,random,1,coverage,0.7,0.7,0.5,2432,0.9651091501248046,True,capped_label8,Capped-label DP (8),capped_label,0.7121550948356814,3440,2,1.1190991605181198,1.142685581919727,0.7121550948356814,0.0121550948356814,True,False,True,102.484326,105.40613385,False,False,False,,0,,True,0,False,0,0,8,0.8960951212782504,0.8107928991415829,-27.518335362625713,-40.93433515877254
4864,1,random,1,row_budget,0.7,0.7,0.5,2432,0.9651091501248046,True,paper,Paper,paper,0.7257721766576986,2430,35,0.9786856459591782,0.9410006114010956,0.7257721766576986,0.0257721766576985,True,True,True,0.71963,0.8166542999999999,True,True,False,,0,,True,0,False,0,0,0,0.9410006114010956,0.8107928991415829,0.0,-16.059305945743784
4864,1,random,1,row_budget,0.7,0.7,0.5,2432,0.9651091501248046,True,incumbent_td16_trim256,TD-2L (16) + trim 256,incumbent,0.7002974942371454,2373,19,0.801821076627695,0.8107928991415829,0.7002974942371454,0.0002974942371454,True,True,True,0.7813105,0.8795474499999998,True,True,False,,0,,True,10,True,0,0,0,0.9410006114010956,0.8107928991415829,13.837154905313065,0.0
4864,1,random,1,row_budget,0.7,0.7,0.5,2432,0.9651091501248046,True,lambda_bank4,Lambda bank (4),lambda_bank,0.710693203651413,2434,19,0.817334267099711,0.8287555082738753,0.710693203651413,0.010693203651413,True,False,False,0.5809504999999999,0.6496150999999999,True,False,False,,0,,True,4,True,0,0,0,0.9410006114010956,0.8107928991415829,11.928271009313562,-2.215437401007092
4864,1,random,1,row_budget,0.7,0.7,0.5,2432,0.9651091501248046,True,lambda_bank8,Lambda bank (8),lambda_bank,0.710693203651413,2434,19,0.817334267099711,0.8287555082738753,0.710693203651413,0.010693203651413,True,False,False,0.8762425,0.90296985,True,False,False,,0,,True,8,True,0,0,0,0.9410006114010956,0.8107928991415829,11.928271009313562,-2.215437401007092
4864,1,random,1,row_budget,0.7,0.7,0.5,2432,0.9651091501248046,True,lambda_bank16,Lambda bank (16),lambda_bank,0.710693203651413,2434,19,0.817334267099711,0.8287555082738753,0.710693203651413,0.010693203651413,True,False,False,1.382003,1.394108,True,False,False,,0,,True,16,True,0,0,0,0.9410006114010956,0.8107928991415829,11.928271009313562,-2.215437401007092
4864,1,random,1,row_budget,0.7,0.7,0.5,2432,0.9651091501248046,True,pwl_j4_c4,"PWL DP (J=4, calls=4)",piecewise,0.9146335049660278,3735,25,1.217263415004941,1.2468499960856956,0.9146335049660278,0.2146335049660278,True,False,False,1.2602755,1.29160735,True,False,False,,0,,True,4,False,0,4,0,0.9410006114010956,0.8107928991415829,-32.502570240545104,-53.78156338144831
4864,1,random,1,row_budget,0.7,0.7,0.5,2432,0.9651091501248046,True,pwl_j4_c8,"PWL DP (J=4, calls=8)",piecewise,0.7104632721482196,2345,22,0.8228316881553009,0.8287904626769806,0.7104632721482196,0.0104632721482196,True,True,True,2.1165165,2.14477265,False,False,False,,0,,True,8,False,0,4,0,0.9410006114010956,0.8107928991415829,11.924556409909293,-2.219748539294364
4864,1,random,1,row_budget,0.7,0.7,0.5,2432,0.9651091501248046,True,pwl_j8_c4,"PWL DP (J=8, calls=4)",piecewise,0.9071404001840496,3618,26,1.2011157677607904,1.2208374772227977,0.9071404001840496,0.2071404001840497,True,False,False,2.66152,2.6914273,False,False,False,,0,,True,4,False,0,8,0,0.9410006114010956,0.8107928991415829,-29.73822359212297,-50.57328184735515
4864,1,random,1,row_budget,0.7,0.7,0.5,2432,0.9651091501248046,True,pwl_j8_c8,"PWL DP (J=8, calls=8)",piecewise,0.7050393825493231,2332,21,0.8142594959536265,0.8132255684936395,0.7050393825493231,0.0050393825493231,True,True,True,4.5218425,4.5459336,False,False,False,,0,,True,8,False,0,8,0,0.9410006114010956,0.8107928991415829,13.578635482202973,-0.3000358481965115
4864,1,random,1,row_budget,0.7,0.7,0.5,2432,0.9651091501248046,True,paper_local64,Paper + local edits (64),local_edit,0.7144299536861564,2416,33,0.9538714854047408,0.916583056131048,0.7144299536861564,0.0144299536861564,True,True,True,7.674901500000001,7.735906549999999,False,False,False,,0,,True,0,False,64,0,0,0.9410006114010956,0.8107928991415829,2.594850096185519,-13.047740933778407
4864,1,random,1,row_budget,0.7,0.7,0.5,2432,0.9651091501248046,True,paper_local256,Paper + local edits (256),local_edit,0.7148523391926659,2416,33,0.9538714854047408,0.916583056131048,0.7148523391926659,0.0148523391926659,True,True,True,8.598222,8.630671399999999,False,False,False,,0,,True,0,False,71,0,0,0.9410006114010956,0.8107928991415829,2.594850096185519,-13.047740933778407
4864,1,random,1,row_budget,0.7,0.7,0.5,2432,0.9651091501248046,True,td_lookup_c2,TD lookup DP (2),lookup,1.0,4864,1,1.582354161848876,1.6163955622590918,1.0,0.3,True,False,False,7.1191985,7.2745559,False,False,False,,0,,True,2,False,0,0,0,0.9410006114010956,0.8107928991415829,-71.77412455156346,-99.35985674892206
4864,1,random,1,row_budget,0.7,0.7,0.5,2432,0.9651091501248046,True,td_lookup_c4,TD lookup DP (4),lookup,0.9086800972992296,3615,27,1.212370744352953,1.2205478278742057,0.9086800972992296,0.2086800972992297,True,False,False,11.2938515,11.86232325,False,False,False,,0,,True,4,False,0,0,0,0.9410006114010956,0.8107928991415829,-29.70744259739433,-50.53755763850989
4864,1,random,1,row_budget,0.7,0.7,0.5,2432,0.9651091501248046,True,td_lookup_c8,TD lookup DP (8),lookup,0.7234961429933863,2442,22,0.8484834972935961,0.8386635990180217,0.7234961429933863,0.0234961429933863,True,False,False,20.7416265,21.2252159,False,False,False,,0,,True,8,False,0,0,0,0.9410006114010956,0.8107928991415829,10.875339627112467,-3.437462255274615
4864,1,random,1,row_budget,0.7,0.7,0.5,2432,0.9651091501248046,True,predict_correct_c2,Lambda predict + correct (2),predict,0.7492908703751535,2615,21,0.8835063625789227,0.8951747682276298,0.7492908703751535,0.0492908703751535,True,False,False,0.4095149999999999,0.59467995,True,False,False,,0,,True,2,False,0,0,0,0.9410006114010956,0.8107928991415829,4.86990578095734,-10.40732709615304
4864,1,random,1,row_budget,0.7,0.7,0.5,2432,0.9651091501248046,True,predict_correct_c4,Lambda predict + correct (4),predict,0.7492908703751535,2615,21,0.8835063625789227,0.8951747682276298,0.7492908703751535,0.0492908703751535,True,False,False,0.6495394999999999,0.8178467,True,False,False,,0,,True,4,False,0,0,0,0.9410006114010956,0.8107928991415829,4.86990578095734,-10.40732709615304
4864,1,random,1,row_budget,0.7,0.7,0.5,2432,0.9651091501248046,True,predict_correct_c8,Lambda predict + correct (8),predict,0.7022909100982827,2380,19,0.803769650926332,0.8142393006369646,0.7022909100982827,0.0022909100982827,True,True,True,0.910272,1.0716502999999995,True,True,False,,0,,True,8,False,0,0,0,0.9410006114010956,0.8107928991415829,13.470906312737752,-0.42506557457897554
4864,1,random,1,row_budget,0.7,0.7,0.5,2432,0.9651091501248046,True,capped_label2,Capped-label DP (2),capped_label,0.503372741222265,2432,2,0.8003678892086462,0.8178312596582086,0.503372741222265,-0.1966272587777349,False,True,False,10.5451465,10.90471135,False,False,True,coverage_shortfall,0,,True,0,False,0,0,2,0.9410006114010956,0.8107928991415829,13.08918934276726,-0.868083640603845
4864,1,random,1,row_budget,0.7,0.7,0.5,2432,0.9651091501248046,True,capped_label4,Capped-label DP (4),capped_label,0.549098642322103,2432,4,0.8010252139390621,0.8186583516326201,0.549098642322103,-0.1509013576778969,False,True,False,32.2256235,33.748694,False,False,True,coverage_shortfall,0,,True,0,False,0,0,4,0.9410006114010956,0.8107928991415829,13.001294397281516,-0.9700939042959877
4864,1,random,1,row_budget,0.7,0.7,0.5,2432,0.9651091501248046,True,capped_label8,Capped-label DP (8),capped_label,0.5475593999563833,2432,4,0.7911770809244382,0.8077088700041914,0.5475593999563833,-0.1524406000436167,False,True,False,106.285532,109.69474115,False,False,True,coverage_shortfall,0,,True,0,False,0,0,8,0.9410006114010956,0.8107928991415829,14.164894239382097,0.3803719964317165
4864,1,random,2,coverage,0.9,0.9,0.75,3648,0.9935194840391556,True,paper,Paper,paper,0.9034691162164162,3732,47,1.4326998859825442,1.3836565275478316,0.9034691162164162,0.0034691162164162,True,False,True,9.671574,10.26930315,False,False,False,,0,,True,0,False,0,0,0,1.3836565275478316,1.2105764496766018,0.0,-14.297327353218137
4864,1,random,2,coverage,0.9,0.9,0.75,3648,0.9935194840391556,True,incumbent_td16_trim256,TD-2L (16) + trim 256,incumbent,0.9001384471072812,3627,24,1.1841243565515236,1.2105764496766018,0.9001384471072812,0.0001384471072811,True,True,True,1.0650415,1.2798867999999997,True,True,False,,0,,True,12,True,0,0,0,1.3836565275478316,1.2105764496766018,12.508890351420444,0.0
4864,1,random,2,coverage,0.9,0.9,0.75,3648,0.9935194840391556,True,lambda_bank4,Lambda bank (4),lambda_bank,0.9927002822090688,4561,29,1.4839232015561028,1.5181768220366354,0.9927002822090688,0.0927002822090687,True,False,True,0.6811585,0.7848843,True,True,False,,0,,True,4,True,0,0,0,1.3836565275478316,1.2105764496766018,-9.72208722400245,-25.409413213201624
4864,1,random,2,coverage,0.9,0.9,0.75,3648,0.9935194840391556,True,lambda_bank8,Lambda bank (8),lambda_bank,0.9552354780993072,4062,27,1.3295588217325869,1.359027424848397,0.9552354780993072,0.055235478099307,True,False,True,1.03518,1.09334395,True,True,False,,0,,True,8,True,0,0,0,1.3836565275478316,1.2105764496766018,1.7800011931489501,-12.2628335625935
4864,1,random,2,coverage,0.9,0.9,0.75,3648,0.9935194840391556,True,lambda_bank16,Lambda bank (16),lambda_bank,0.9552354780993072,4062,27,1.3295588217325869,1.359027424848397,0.9552354780993072,0.055235478099307,True,False,True,1.6899885,1.74733725,True,True,False,,0,,True,16,True,0,0,0,1.3836565275478316,1.2105764496766018,1.7800011931489501,-12.2628335625935
4864,1,random,2,coverage,0.9,0.9,0.75,3648,0.9935194840391556,True,pwl_j4_c4,"PWL DP (J=4, calls=4)",piecewise,0.9146335049660278,3735,25,1.217263415004941,1.2468499960856956,0.9146335049660278,0.0146335049660277,True,False,True,1.3019235,1.42286725,True,True,False,,0,,True,4,False,0,4,0,1.3836565275478316,1.2105764496766018,9.887318762886178,-2.9963862603459734
4864,1,random,2,coverage,0.9,0.9,0.75,3648,0.9935194840391556,True,pwl_j4_c8,"PWL DP (J=4, calls=8)",piecewise,0.9146335049660278,3735,25,1.217263415004941,1.2468499960856956,0.9146335049660278,0.0146335049660277,True,False,True,2.2373875,2.3300189,False,False,False,,0,,True,8,False,0,4,0,1.3836565275478316,1.2105764496766018,9.887318762886178,-2.9963862603459734
4864,1,random,2,coverage,0.9,0.9,0.75,3648,0.9935194840391556,True,pwl_j8_c4,"PWL DP (J=8, calls=4)",piecewise,0.9071404001840496,3618,26,1.2011157677607904,1.2208374772227977,0.9071404001840496,0.0071404001840497,True,True,True,2.6833065,2.8168665,False,False,False,,0,,True,4,False,0,8,0,1.3836565275478316,1.2105764496766018,11.767302584376782,-0.8476149977093117
4864,1,random,2,coverage,0.9,0.9,0.75,3648,0.9935194840391556,True,pwl_j8_c8,"PWL DP (J=8, calls=8)",piecewise,0.9071404001840496,3618,26,1.2011157677607904,1.2208374772227977,0.9071404001840496,0.0071404001840497,True,True,True,4.748601000000001,4.8275277,False,False,False,,0,,True,8,False,0,8,0,1.3836565275478316,1.2105764496766018,11.767302584376782,-0.8476149977093117
4864,1,random,2,coverage,0.9,0.9,0.75,3648,0.9935194840391556,True,paper_local64,Paper + local edits (64),local_edit,0.9096368890880367,3795,31,1.30380623302852,1.2987520888659714,0.9096368890880367,0.0096368890880368,True,False,True,12.7378205,13.24293405,False,False,False,,0,,True,0,False,64,0,0,1.3836565275478316,1.2105764496766018,6.136236630367442,-7.283772884638973
4864,1,random,2,coverage,0.9,0.9,0.75,3648,0.9935194840391556,True,paper_local256,Paper + local edits (256),local_edit,0.9003575179694329,3726,30,1.273823427396923,1.270690933284685,0.9003575179694329,0.0003575179694328,True,False,True,17.931654,18.614698,False,False,False,,0,,True,0,False,168,0,0,1.3836565275478316,1.2105764496766018,8.16428008064607,-4.965773423408515
4864,1,random,2,coverage,0.9,0.9,0.75,3648,0.9935194840391556,True,td_lookup_c2,TD lookup DP (2),lookup,1.0,4864,1,1.582354161848876,1.6163955622590918,1.0,0.0999999999999999,True,False,True,7.197183000000001,7.4102387,False,False,False,,0,,True,2,False,0,0,0,1.3836565275478316,1.2105764496766018,-16.820578668011564,-33.522799216100886
4864,1,random,2,coverage,0.9,0.9,0.75,3648,0.9935194840391556,True,td_lookup_c4,TD lookup DP (4),lookup,0.9086800972992296,3615,27,1.212370744352953,1.2205478278742057,0.9086800972992296,0.0086800972992296,True,True,True,11.296997,11.5695043,False,False,False,,0,,True,4,False,0,0,0,1.3836565275478316,1.2105764496766018,11.788236200691603,-0.823688433743075
4864,1,random,2,coverage,0.9,0.9,0.75,3648,0.9935194840391556,True,td_lookup_c8,TD lookup DP (8),lookup,0.9086800972992296,3615,27,1.212370744352953,1.2205478278742057,0.9086800972992296,0.0086800972992296,True,True,True,20.082956000000003,20.40223785,False,False,False,,0,,True,8,False,0,0,0,1.3836565275478316,1.2105764496766018,11.788236200691603,-0.823688433743075
4864,1,random,2,coverage,0.9,0.9,0.75,3648,0.9935194840391556,True,predict_correct_c2,Lambda predict + correct (2),predict,0.9552354780993072,4062,27,1.3295588217325869,1.359027424848397,0.9552354780993072,0.055235478099307,True,False,True,0.478659,0.5732729999999999,True,True,False,,0,,True,2,False,0,0,0,1.3836565275478316,1.2105764496766018,1.7800011931489501,-12.2628335625935
4864,1,random,2,coverage,0.9,0.9,0.75,3648,0.9935194840391556,True,predict_correct_c4,Lambda predict + correct (4),predict,0.9552354780993072,4062,27,1.3295588217325869,1.359027424848397,0.9552354780993072,0.055235478099307,True,False,True,0.701406,0.74391025,True,True,False,,0,,True,4,False,0,0,0,1.3836565275478316,1.2105764496766018,1.7800011931489501,-12.2628335625935
4864,1,random,2,coverage,0.9,0.9,0.75,3648,0.9935194840391556,True,predict_correct_c8,Lambda predict + correct (8),predict,0.9066708745560584,3668,24,1.1958426210683766,1.2236316283593722,0.9066708745560584,0.0066708745560585,True,False,True,1.0060855000000002,1.0496671,True,True,False,,0,,True,8,False,0,0,0,1.3836565275478316,1.2105764496766018,11.565362935269896,-1.0784266195049463
4864,1,random,2,coverage,0.9,0.9,0.75,3648,0.9935194840391556,True,capped_label2,Capped-label DP (2),capped_label,0.9107579459331938,4450,2,1.4476718791586145,1.478326930168428,0.9107579459331938,0.0107579459331937,True,False,True,10.4383215,10.9184792,False,False,False,,0,,True,0,False,0,0,2,1.3836565275478316,1.2105764496766018,-6.842045026042332,-22.11760195428831
4864,1,random,2,coverage,0.9,0.9,0.75,3648,0.9935194840391556,True,capped_label4,Capped-label DP (4),capped_label,0.9107579459331938,4450,2,1.4476718791586145,1.478326930168428,0.9107579459331938,0.0107579459331937,True,False,True,30.7964375,31.35052235,False,False,False,,0,,True,0,False,0,0,4,1.3836565275478316,1.2105764496766018,-6.842045026042332,-22.11760195428831
4864,1,random,2,coverage,0.9,0.9,0.75,3648,0.9935194840391556,True,capped_label8,Capped-label DP (8),capped_label,0.9107579459331938,4450,2,1.4476718791586145,1.478326930168428,0.9107579459331938,0.0107579459331937,True,False,True,106.35915,107.12365395,False,False,False,,0,,True,0,False,0,0,8,1.3836565275478316,1.2105764496766018,-6.842045026042332,-22.11760195428831
4864,1,random,2,row_budget,0.9,0.9,0.75,3648,0.9935194840391556,True,paper,Paper,paper,0.8946715708560788,3648,46,1.4011943388016173,1.3547758925373077,0.8946715708560788,-0.0053284291439211,False,True,False,1.050419,1.10481895,True,False,True,coverage_shortfall,0,,True,0,False,0,0,0,1.3547758925373077,1.2105764496766018,0.0,-11.911634568740205
4864,1,random,2,row_budget,0.9,0.9,0.75,3648,0.9935194840391556,True,incumbent_td16_trim256,TD-2L (16) + trim 256,incumbent,0.9001384471072812,3627,24,1.1841243565515236,1.2105764496766018,0.9001384471072812,0.0001384471072811,True,True,True,1.034724,1.14382685,True,True,False,,0,,True,12,True,0,0,0,1.3547758925373077,1.2105764496766018,10.643785710612274,0.0
4864,1,random,2,row_budget,0.9,0.9,0.75,3648,0.9935194840391556,True,lambda_bank4,Lambda bank (4),lambda_bank,0.9927002822090688,4561,29,1.4839232015561028,1.5181768220366354,0.9927002822090688,0.0927002822090687,True,False,False,0.6760135,0.7381702,True,False,False,,0,,True,4,True,0,0,0,1.3547758925373077,1.2105764496766018,-12.061104009852164,-25.409413213201624
4864,1,random,2,row_budget,0.9,0.9,0.75,3648,0.9935194840391556,True,lambda_bank8,Lambda bank (8),lambda_bank,0.9552354780993072,4062,27,1.3295588217325869,1.359027424848397,0.9552354780993072,0.055235478099307,True,False,False,1.0149475,1.02847885,True,False,False,,0,,True,8,True,0,0,0,1.3547758925373077,1.2105764496766018,-0.3138181255297301,-12.2628335625935
4864,1,random,2,row_budget,0.9,0.9,0.75,3648,0.9935194840391556,True,lambda_bank16,Lambda bank (16),lambda_bank,0.9552354780993072,4062,27,1.3295588217325869,1.359027424848397,0.9552354780993072,0.055235478099307,True,False,False,1.672822,1.6979444,True,False,False,,0,,True,16,True,0,0,0,1.3547758925373077,1.2105764496766018,-0.3138181255297301,-12.2628335625935
4864,1,random,2,row_budget,0.9,0.9,0.75,3648,0.9935194840391556,True,pwl_j4_c4,"PWL DP (J=4, calls=4)",piecewise,0.9146335049660278,3735,25,1.217263415004941,1.2468499960856956,0.9146335049660278,0.0146335049660277,True,False,False,1.2745125000000002,1.31591335,True,False,False,,0,,True,4,False,0,4,0,1.3547758925373077,1.2105764496766018,7.9663283828797615,-2.9963862603459734
4864,1,random,2,row_budget,0.9,0.9,0.75,3648,0.9935194840391556,True,pwl_j4_c8,"PWL DP (J=4, calls=8)",piecewise,0.9146335049660278,3735,25,1.217263415004941,1.2468499960856956,0.9146335049660278,0.0146335049660277,True,False,False,2.2385545,2.30310155,False,False,False,,0,,True,8,False,0,4,0,1.3547758925373077,1.2105764496766018,7.9663283828797615,-2.9963862603459734
4864,1,random,2,row_budget,0.9,0.9,0.75,3648,0.9935194840391556,True,pwl_j8_c4,"PWL DP (J=8, calls=4)",piecewise,0.9071404001840496,3618,26,1.2011157677607904,1.2208374772227977,0.9071404001840496,0.0071404001840497,True,True,True,2.7002875,2.7320513,False,False,False,,0,,True,4,False,0,8,0,1.3547758925373077,1.2105764496766018,9.886389036910149,-0.8476149977093117
4864,1,random,2,row_budget,0.9,0.9,0.75,3648,0.9935194840391556,True,pwl_j8_c8,"PWL DP (J=8, calls=8)",piecewise,0.9071404001840496,3618,26,1.2011157677607904,1.2208374772227977,0.9071404001840496,0.0071404001840497,True,True,True,4.702155,4.7414721,False,False,False,,0,,True,8,False,0,8,0,1.3547758925373077,1.2105764496766018,9.886389036910149,-0.8476149977093117
4864,1,random,2,row_budget,0.9,0.9,0.75,3648,0.9935194840391556,True,paper_local64,Paper + local edits (64),local_edit,0.8997726709518015,3648,46,1.4011943388016173,1.3547758925373077,0.8997726709518015,-0.0002273290481985,False,True,False,8.8218,9.05445765,False,False,True,coverage_shortfall,0,,True,0,False,45,0,0,1.3547758925373077,1.2105764496766018,0.0,-11.911634568740205
4864,1,random,2,row_budget,0.9,0.9,0.75,3648,0.9935194840391556,True,paper_local256,Paper + local edits (256),local_edit,0.8997726709518015,3648,46,1.4011943388016173,1.3547758925373077,0.8997726709518015,-0.0002273290481985,False,True,False,8.833137,9.21674295,False,False,True,coverage_shortfall,0,,True,0,False,45,0,0,1.3547758925373077,1.2105764496766018,0.0,-11.911634568740205
4864,1,random,2,row_budget,0.9,0.9,0.75,3648,0.9935194840391556,True,td_lookup_c2,TD lookup DP (2),lookup,1.0,4864,1,1.582354161848876,1.6163955622590918,1.0,0.0999999999999999,True,False,False,7.210212999999999,7.4421118,False,False,False,,0,,True,2,False,0,0,0,1.3547758925373077,1.2105764496766018,-19.310918592728022,-33.522799216100886
4864,1,random,2,row_budget,0.9,0.9,0.75,3648,0.9935194840391556,True,td_lookup_c4,TD lookup DP (4),lookup,0.9086800972992296,3615,27,1.212370744352953,1.2205478278742057,0.9086800972992296,0.0086800972992296,True,True,True,11.2023905,11.30400855,False,False,False,,0,,True,4,False,0,0,0,1.3547758925373077,1.2105764496766018,9.907768908679904,-0.823688433743075
4864,1,random,2,row_budget,0.9,0.9,0.75,3648,0.9935194840391556,True,td_lookup_c8,TD lookup DP (8),lookup,0.9086800972992296,3615,27,1.212370744352953,1.2205478278742057,0.9086800972992296,0.0086800972992296,True,True,True,19.8047605,19.95645905,False,False,False,,0,,True,8,False,0,0,0,1.3547758925373077,1.2105764496766018,9.907768908679904,-0.823688433743075
4864,1,random,2,row_budget,0.9,0.9,0.75,3648,0.9935194840391556,True,predict_correct_c2,Lambda predict + correct (2),predict,0.9552354780993072,4062,27,1.3295588217325869,1.359027424848397,0.9552354780993072,0.055235478099307,True,False,False,0.4653899999999999,0.58674805,True,False,False,,0,,True,2,False,0,0,0,1.3547758925373077,1.2105764496766018,-0.3138181255297301,-12.2628335625935
4864,1,random,2,row_budget,0.9,0.9,0.75,3648,0.9935194840391556,True,predict_correct_c4,Lambda predict + correct (4),predict,0.9552354780993072,4062,27,1.3295588217325869,1.359027424848397,0.9552354780993072,0.055235478099307,True,False,False,0.682531,0.72932465,True,False,False,,0,,True,4,False,0,0,0,1.3547758925373077,1.2105764496766018,-0.3138181255297301,-12.2628335625935
4864,1,random,2,row_budget,0.9,0.9,0.75,3648,0.9935194840391556,True,predict_correct_c8,Lambda predict + correct (8),predict,0.9066708745560584,3668,24,1.1958426210683766,1.2236316283593722,0.9066708745560584,0.0066708745560585,True,False,False,0.966622,1.0179416,True,False,False,,0,,True,8,False,0,0,0,1.3547758925373077,1.2105764496766018,9.680144509533628,-1.0784266195049463
4864,1,random,2,row_budget,0.9,0.9,0.75,3648,0.9935194840391556,True,capped_label2,Capped-label DP (2),capped_label,0.7723014153022436,3648,2,1.190040507097122,1.2137731728950418,0.7723014153022436,-0.1276985846977564,False,True,False,10.693775,11.43102865,False,False,True,coverage_shortfall,0,,True,0,False,0,0,2,1.3547758925373077,1.2105764496766018,10.407826151835875,-0.2640661991478499
4864,1,random,2,row_budget,0.9,0.9,0.75,3648,0.9935194840391556,True,capped_label4,Capped-label DP (4),capped_label,0.7723014153022436,3648,2,1.190040507097122,1.2137731728950418,0.7723014153022436,-0.1276985846977564,False,True,False,31.096262,31.28234465,False,False,True,coverage_shortfall,0,,True,0,False,0,0,4,1.3547758925373077,1.2105764496766018,10.407826151835875,-0.2640661991478499
4864,1,random,2,row_budget,0.9,0.9,0.75,3648,0.9935194840391556,True,capped_label8,Capped-label DP (8),capped_label,0.7861603634581873,3648,3,1.1969424167664893,1.223480597736015,0.7861603634581873,-0.1138396365418127,False,True,False,107.2687405,107.747917,False,False,True,coverage_shortfall,0,,True,0,False,0,0,8,1.3547758925373077,1.2105764496766018,9.691292524802364,-1.0659506933957452
4864,1,local,0,coverage,0.5,0.5,0.25,1216,0.8709500426313175,True,paper,Paper,paper,0.5012435149132377,330,6,0.1467244988993888,0.1430393512581133,0.5012435149132377,0.0012435149132377,True,True,True,1.421888,1.6328861499999998,True,True,False,,0,,True,0,False,0,0,0,0.1430393512581133,0.1363338231598035,0.0,-4.918462596365325
4864,1,local,0,coverage,0.5,0.5,0.25,1216,0.8709500426313175,True,incumbent_td16_trim256,TD-2L (16) + trim 256,incumbent,0.5008018725653685,337,5,0.1373459595399661,0.1363338231598035,0.5008018725653685,0.0008018725653684,True,True,True,0.6491735,0.709128,True,True,False,,0,,True,10,True,0,0,0,0.1430393512581133,0.1363338231598035,4.68789045764737,0.0
4864,1,local,0,coverage,0.5,0.5,0.25,1216,0.8709500426313175,True,lambda_bank4,Lambda bank (4),lambda_bank,0.5396278734741007,414,5,0.1560688123120081,0.1552545428188547,0.5396278734741007,0.0396278734741006,True,True,True,0.4994685,0.5501904499999999,True,True,False,,0,,True,4,True,0,0,0,0.1430393512581133,0.1363338231598035,-8.539742003373041,-13.878228616000388
4864,1,local,0,coverage,0.5,0.5,0.25,1216,0.8709500426313175,True,lambda_bank8,Lambda bank (8),lambda_bank,0.5396278734741007,414,5,0.1560688123120081,0.1552545428188547,0.5396278734741007,0.0396278734741006,True,True,True,0.711785,0.7643728999999999,True,True,False,,0,,True,8,True,0,0,0,0.1430393512581133,0.1363338231598035,-8.539742003373041,-13.878228616000388
4864,1,local,0,coverage,0.5,0.5,0.25,1216,0.8709500426313175,True,lambda_bank16,Lambda bank (16),lambda_bank,0.5396278734741007,414,5,0.1560688123120081,0.1552545428188547,0.5396278734741007,0.0396278734741006,True,True,True,1.06737,1.1008174,True,True,False,,0,,True,16,True,0,0,0,0.1430393512581133,0.1363338231598035,-8.539742003373041,-13.878228616000388
4864,1,local,0,coverage,0.5,0.5,0.25,1216,0.8709500426313175,True,pwl_j4_c4,"PWL DP (J=4, calls=4)",piecewise,0.513478036279293,358,5,0.1424521921141594,0.1408616103987854,0.513478036279293,0.013478036279293,True,True,True,1.0307565,1.08073115,True,True,False,,0,,True,4,False,0,4,0,0.1430393512581133,0.1363338231598035,1.5224767451567756,-3.3211034019596575
4864,1,local,0,coverage,0.5,0.5,0.25,1216,0.8709500426313175,True,pwl_j4_c8,"PWL DP (J=4, calls=8)",piecewise,0.5119309582333817,355,5,0.141722730317846,0.1401138215304186,0.5119309582333817,0.0119309582333817,True,True,True,1.6395445,1.6865420999999998,True,True,False,,0,,True,8,False,0,4,0,0.1430393512581133,0.1363338231598035,2.0452621617498834,-2.7726049801921615
4864,1,local,0,coverage,0.5,0.5,0.25,1216,0.8709500426313175,True,pwl_j8_c4,"PWL DP (J=8, calls=4)",piecewise,0.5346657743002234,408,5,0.1546098887193815,0.1527835597620468,0.5346657743002234,0.0346657743002234,True,True,True,2.134059,2.1719869,False,False,False,,0,,True,4,False,0,8,0,0.1430393512581133,0.1363338231598035,-6.812257199314442,-12.065778117996274
4864,1,local,0,coverage,0.5,0.5,0.25,1216,0.8709500426313175,True,pwl_j8_c8,"PWL DP (J=8, calls=8)",piecewise,0.5102199569188256,352,5,0.1409932685215327,0.1392355403169633,0.5102199569188256,0.0102199569188256,True,True,True,3.2835125,3.35345515,False,False,False,,0,,True,8,False,0,8,0,0.1430393512581133,0.1363338231598035,2.6592758619871204,-2.1283912457721987
4864,1,local,0,coverage,0.5,0.5,0.25,1216,0.8709500426313175,True,paper_local64,Paper + local edits (64),local_edit,0.510476266378194,359,5,0.1426953460462638,0.1400413816379829,0.510476266378194,0.0104762663781939,True,True,True,1.7381795,2.0066241499999995,False,False,False,,0,,True,0,False,14,0,0,0.1430393512581133,0.1363338231598035,2.09590549297205,-2.7194707756662773
4864,1,local,0,coverage,0.5,0.5,0.25,1216,0.8709500426313175,True,paper_local256,Paper + local edits (256),local_edit,0.510476266378194,359,5,0.1426953460462638,0.1400413816379829,0.510476266378194,0.0104762663781939,True,True,True,1.8178285,2.06823335,False,False,False,,0,,True,0,False,14,0,0,0.1430393512581133,0.1363338231598035,2.09590549297205,-2.7194707756662773
4864,1,local,0,coverage,0.5,0.5,0.25,1216,0.8709500426313175,True,td_lookup_c2,TD lookup DP (2),lookup,1.0,4864,1,1.582354161848876,1.6163955622590918,1.0,0.5,True,False,True,7.477036999999999,8.112508199999999,False,False,False,,0,,True,2,False,0,0,0,0.1430393512581133,0.1363338231598035,-1030.0355797491836,-1085.6159570647674
4864,1,local,0,coverage,0.5,0.5,0.25,1216,0.8709500426313175,True,td_lookup_c4,TD lookup DP (4),lookup,0.5337474749845067,408,5,0.1546098887193815,0.1503002168276306,0.5337474749845067,0.0337474749845067,True,True,True,11.6308815,12.1397937,False,False,False,,0,,True,4,False,0,0,0,0.1430393512581133,0.1363338231598035,-5.07613150203341,-10.244261727668569
4864,1,local,0,coverage,0.5,0.5,0.25,1216,0.8709500426313175,True,td_lookup_c8,TD lookup DP (8),lookup,0.5057830609280585,344,5,0.1390480370646972,0.1361454899724049,0.5057830609280585,0.0057830609280584,True,True,True,20.453092,22.2287469,False,False,False,,0,,True,8,False,0,0,0,0.1430393512581133,0.1363338231598035,4.81955575516313,0.1381412059264675
4864,1,local,0,coverage,0.5,0.5,0.25,1216,0.8709500426313175,True,predict_correct_c2,Lambda predict + correct (2),predict,0.8640912889870703,1567,20,0.6068484703303678,0.6011484192483424,0.8640912889870703,0.3640912889870703,True,False,True,0.35856,0.4742796499999999,True,True,False,,0,,True,2,False,0,0,0,0.1430393512581133,0.1363338231598035,-320.26785913169806,-340.938576587636
4864,1,local,0,coverage,0.5,0.5,0.25,1216,0.8709500426313175,True,predict_correct_c4,Lambda predict + correct (4),predict,0.5200390357614948,370,5,0.1453700392994127,0.1447212587682608,0.5200390357614948,0.0200390357614947,True,True,True,0.49227,0.5250639,True,True,False,,0,,True,4,False,0,0,0,0.1430393512581133,0.1363338231598035,-1.1758355273245868,-6.152131154296159
4864,1,local,0,coverage,0.5,0.5,0.25,1216,0.8709500426313175,True,predict_correct_c8,Lambda predict + correct (8),predict,0.5101503006995789,350,5,0.1405069606573238,0.139203221269544,0.5101503006995789,0.0101503006995788,True,True,True,0.706761,0.7313251,True,True,False,,0,,True,8,True,0,0,0,0.1430393512581133,0.1363338231598035,2.681870376807738,-2.1046854281913108
4864,1,local,0,coverage,0.5,0.5,0.25,1216,0.8709500426313175,True,capped_label2,Capped-label DP (2),capped_label,0.500052035413543,1729,2,0.5624774559697177,0.5740891988964321,0.500052035413543,5.203541354303898e-05,True,False,True,10.1538905,10.36149545,False,False,False,,0,,True,0,False,0,0,2,0.1430393512581133,0.1363338231598035,-301.3505331553783,-321.0908090089385
4864,1,local,0,coverage,0.5,0.5,0.25,1216,0.8709500426313175,True,capped_label4,Capped-label DP (4),capped_label,0.500052035413543,1729,2,0.5624774559697177,0.5740891988964321,0.500052035413543,5.203541354303898e-05,True,False,True,29.674856,30.08351515,False,False,False,,0,,True,0,False,0,0,4,0.1430393512581133,0.1363338231598035,-301.3505331553783,-321.0908090089385
4864,1,local,0,coverage,0.5,0.5,0.25,1216,0.8709500426313175,True,capped_label8,Capped-label DP (8),capped_label,0.500646147771032,982,4,0.3342301025362431,0.3401847738756945,0.500646147771032,0.000646147771032,True,True,True,100.63776,101.36537345,False,False,False,,0,,True,0,False,0,0,8,0.1430393512581133,0.1363338231598035,-137.82600444113734,-149.5233875140048
4864,1,local,0,row_budget,0.5,0.5,0.25,1216,0.8709500426313175,True,paper,Paper,paper,0.788897067754292,1212,20,0.5215030735873002,0.5142317675456738,0.788897067754292,0.288897067754292,True,True,True,0.6767445,0.7365219,True,True,False,,0,,True,0,False,0,0,0,0.5142317675456738,0.1363338231598035,0.0,-277.18576038384674
4864,1,local,0,row_budget,0.5,0.5,0.25,1216,0.8709500426313175,True,incumbent_td16_trim256,TD-2L (16) + trim 256,incumbent,0.5008018725653685,337,5,0.1373459595399661,0.1363338231598035,0.5008018725653685,0.0008018725653684,True,True,True,0.6364645,0.69958625,True,True,False,,0,,True,10,True,0,0,0,0.5142317675456738,0.1363338231598035,73.48786446809815,0.0
4864,1,local,0,row_budget,0.5,0.5,0.25,1216,0.8709500426313175,True,lambda_bank4,Lambda bank (4),lambda_bank,0.5396278734741007,414,5,0.1560688123120081,0.1552545428188547,0.5396278734741007,0.0396278734741006,True,True,True,0.5025695,0.5612176499999999,True,True,False,,0,,True,4,True,0,0,0,0.5142317675456738,0.1363338231598035,69.80844968799694,-13.878228616000388
4864,1,local,0,row_budget,0.5,0.5,0.25,1216,0.8709500426313175,True,lambda_bank8,Lambda bank (8),lambda_bank,0.5396278734741007,414,5,0.1560688123120081,0.1552545428188547,0.5396278734741007,0.0396278734741006,True,True,True,0.71421,0.7707629,True,True,False,,0,,True,8,True,0,0,0,0.5142317675456738,0.1363338231598035,69.80844968799694,-13.878228616000388
4864,1,local,0,row_budget,0.5,0.5,0.25,1216,0.8709500426313175,True,lambda_bank16,Lambda bank (16),lambda_bank,0.5396278734741007,414,5,0.1560688123120081,0.1552545428188547,0.5396278734741007,0.0396278734741006,True,True,True,1.0759415,1.17981085,True,True,False,,0,,True,16,True,0,0,0,0.5142317675456738,0.1363338231598035,69.80844968799694,-13.878228616000388
4864,1,local,0,row_budget,0.5,0.5,0.25,1216,0.8709500426313175,True,pwl_j4_c4,"PWL DP (J=4, calls=4)",piecewise,0.513478036279293,358,5,0.1424521921141594,0.1408616103987854,0.513478036279293,0.013478036279293,True,True,True,1.042093,1.1245933,True,True,False,,0,,True,4,False,0,4,0,0.5142317675456738,0.1363338231598035,72.60736903301601,-3.3211034019596575
4864,1,local,0,row_budget,0.5,0.5,0.25,1216,0.8709500426313175,True,pwl_j4_c8,"PWL DP (J=4, calls=8)",piecewise,0.5119309582333817,355,5,0.141722730317846,0.1401138215304186,0.5119309582333817,0.0119309582333817,True,True,True,1.6586955,1.7045469,True,True,False,,0,,True,8,False,0,4,0,0.5142317675456738,0.1363338231598035,72.75278767798534,-2.7726049801921615
4864,1,local,0,row_budget,0.5,0.5,0.25,1216,0.8709500426313175,True,pwl_j8_c4,"PWL DP (J=8, calls=4)",piecewise,0.5346657743002234,408,5,0.1546098887193815,0.1527835597620468,0.5346657743002234,0.0346657743002234,True,True,True,2.15606,2.22738195,False,False,False,,0,,True,4,False,0,8,0,0.5142317675456738,0.1363338231598035,70.28896902047642,-12.065778117996274
4864,1,local,0,row_budget,0.5,0.5,0.25,1216,0.8709500426313175,True,pwl_j8_c8,"PWL DP (J=8, calls=8)",piecewise,0.5102199569188256,352,5,0.1409932685215327,0.1392355403169633,0.5102199569188256,0.0102199569188256,True,True,True,3.334107,3.40066,False,False,False,,0,,True,8,False,0,8,0,0.5142317675456738,0.1363338231598035,72.9235824963699,-2.1283912457721987
4864,1,local,0,row_budget,0.5,0.5,0.25,1216,0.8709500426313175,True,paper_local64,Paper + local edits (64),local_edit,0.7568563345332108,1160,18,0.4858761794365416,0.4779707302080596,0.7568563345332108,0.2568563345332108,True,True,True,4.6833195,5.11199235,False,False,False,,0,,True,0,False,64,0,0,0.5142317675456738,0.1363338231598035,7.051496937009738,-250.58851804354293
4864,1,local,0,row_budget,0.5,0.5,0.25,1216,0.8709500426313175,True,paper_local256,Paper + local edits (256),local_edit,0.7496640557759017,1115,18,0.4713189664745543,0.4628067826838618,0.7496640557759017,0.2496640557759016,True,True,True,10.262353,10.80505985,False,False,False,,0,,True,0,False,147,0,0,0.5142317675456738,0.1363338231598035,10.000351613291658,-239.46585811019432
4864,1,local,0,row_budget,0.5,0.5,0.25,1216,0.8709500426313175,True,td_lookup_c2,TD lookup DP (2),lookup,1.0,4864,1,1.582354161848876,1.6163955622590918,1.0,0.5,True,False,False,8.817472,9.34268805,False,False,False,,0,,True,2,False,0,0,0,0.5142317675456738,0.1363338231598035,-214.3321094248664,-1085.6159570647674
4864,1,local,0,row_budget,0.5,0.5,0.25,1216,0.8709500426313175,True,td_lookup_c4,TD lookup DP (4),lookup,0.5337474749845067,408,5,0.1546098887193815,0.1503002168276306,0.5337474749845067,0.0337474749845067,True,True,True,13.1079175,14.04293795,False,False,False,,0,,True,4,False,0,0,0,0.5142317675456738,0.1363338231598035,70.77189191461592,-10.244261727668569
4864,1,local,0,row_budget,0.5,0.5,0.25,1216,0.8709500426313175,True,td_lookup_c8,TD lookup DP (8),lookup,0.5057830609280585,344,5,0.1390480370646972,0.1361454899724049,0.5057830609280585,0.0057830609280584,True,True,True,22.366579,23.533583,False,False,False,,0,,True,8,False,0,0,0,0.5142317675456738,0.1363338231598035,73.52448865183878,0.1381412059264675
4864,1,local,0,row_budget,0.5,0.5,0.25,1216,0.8709500426313175,True,predict_correct_c2,Lambda predict + correct (2),predict,0.8640912889870703,1567,20,0.6068484703303678,0.6011484192483424,0.8640912889870703,0.3640912889870703,True,False,False,0.356306,0.46654065,True,False,False,,0,,True,2,False,0,0,0,0.5142317675456738,0.1363338231598035,-16.9022330373529,-340.938576587636
4864,1,local,0,row_budget,0.5,0.5,0.25,1216,0.8709500426313175,True,predict_correct_c4,Lambda predict + correct (4),predict,0.5200390357614948,370,5,0.1453700392994127,0.1447212587682608,0.5200390357614948,0.0200390357614947,True,True,True,0.48417,0.5528626999999999,True,True,False,,0,,True,4,False,0,0,0,0.5142317675456738,0.1363338231598035,71.85680311837079,-6.152131154296159
4864,1,local,0,row_budget,0.5,0.5,0.25,1216,0.8709500426313175,True,predict_correct_c8,Lambda predict + correct (8),predict,0.5101503006995789,350,5,0.1405069606573238,0.139203221269544,0.5101503006995789,0.0101503006995788,True,True,True,0.7024435,0.7740832999999998,True,True,False,,0,,True,8,True,0,0,0,0.5142317675456738,0.1363338231598035,72.92986741485588,-2.1046854281913108
4864,1,local,0,row_budget,0.5,0.5,0.25,1216,0.8709500426313175,True,capped_label2,Capped-label DP (2),capped_label,0.3947935242992972,1216,2,0.3967271207988323,0.4047663040390725,0.3947935242992972,-0.1052064757007028,False,True,False,11.132615,11.5441602,False,False,True,coverage_shortfall,0,,True,0,False,0,0,2,0.5142317675456738,0.1363338231598035,21.287184187211583,-196.89353284300276
4864,1,local,0,row_budget,0.5,0.5,0.25,1216,0.8709500426313175,True,capped_label4,Capped-label DP (4),capped_label,0.5003465865233967,986,3,0.3207650500787401,0.3273833866544547,0.5003465865233967,0.0003465865233966,True,True,True,29.84551,30.0832513,False,False,False,,0,,True,0,False,0,0,4,0.5142317675456738,0.1363338231598035,36.33544107611425,-140.13365067208065
4864,1,local,0,row_budget,0.5,0.5,0.25,1216,0.8709500426313175,True,capped_label8,Capped-label DP (8),capped_label,0.500646147771032,982,4,0.3342301025362431,0.3401847738756945,0.500646147771032,0.000646147771032,True,True,True,100.1223515,100.8983619,False,False,False,,0,,True,0,False,0,0,8,0.5142317675456738,0.1363338231598035,33.846021318494394,-149.5233875140048
4864,1,local,1,coverage,0.7,0.7,0.5,2432,0.9651091501248044,True,paper,Paper,paper,0.704888906448419,840,17,0.3926197899983464,0.3878546931334017,0.704888906448419,0.0048889064484189,True,True,True,3.088919,3.32905295,False,False,False,,0,,True,0,False,0,0,0,0.3878546931334017,0.3266180824284778,0.0,-18.748689677441057
4864,1,local,1,coverage,0.7,0.7,0.5,2432,0.9651091501248044,True,incumbent_td16_trim256,TD-2L (16) + trim 256,incumbent,0.7000249056444592,772,12,0.3226659503273375,0.3266180824284778,0.7000249056444592,2.490564445922772e-05,True,True,True,0.7894555,0.9000924499999998,True,True,False,,0,,True,12,True,0,0,0,0.3878546931334017,0.3266180824284778,15.788544470148192,0.0
4864,1,local,1,coverage,0.7,0.7,0.5,2432,0.9651091501248044,True,lambda_bank4,Lambda bank (4),lambda_bank,0.7578737156912713,1034,14,0.4085335143070089,0.4095863248313359,0.7578737156912713,0.0578737156912713,True,True,True,0.5275265,0.5994928999999999,True,True,False,,0,,True,4,True,0,0,0,0.3878546931334017,0.3266180824284778,-5.603034353501979,-25.40221955440154
4864,1,local,1,coverage,0.7,0.7,0.5,2432,0.9651091501248044,True,lambda_bank8,Lambda bank (8),lambda_bank,0.7578737156912713,1034,14,0.4085335143070089,0.4095863248313359,0.7578737156912713,0.0578737156912713,True,True,True,0.756775,0.8221795,True,True,False,,0,,True,8,True,0,0,0,0.3878546931334017,0.3266180824284778,-5.603034353501979,-25.40221955440154
4864,1,local,1,coverage,0.7,0.7,0.5,2432,0.9651091501248044,True,lambda_bank16,Lambda bank (16),lambda_bank,0.7578737156912713,1034,14,0.4085335143070089,0.4095863248313359,0.7578737156912713,0.0578737156912713,True,True,True,1.1927345,1.27012215,True,True,False,,0,,True,16,True,0,0,0,0.3878546931334017,0.3266180824284778,-5.603034353501979,-25.40221955440154
4864,1,local,1,coverage,0.7,0.7,0.5,2432,0.9651091501248044,True,pwl_j4_c4,"PWL DP (J=4, calls=4)",piecewise,0.7434376645856837,913,15,0.3901925054065253,0.39238390488144,0.7434376645856837,0.0434376645856837,True,True,True,1.0976415,1.20110765,True,True,False,,0,,True,4,False,0,4,0,0.3878546931334017,0.3266180824284778,-1.1677599441810793,-20.135389309734087
4864,1,local,1,coverage,0.7,0.7,0.5,2432,0.9651091501248044,True,pwl_j4_c8,"PWL DP (J=4, calls=8)",piecewise,0.7068244692201581,781,13,0.3359349526004313,0.3396512222577758,0.7068244692201581,0.0068244692201581,True,True,True,1.8391275,1.9146309,True,True,False,,0,,True,8,False,0,4,0,0.3878546931334017,0.3266180824284778,12.428229367601451,-3.9903301533074087
4864,1,local,1,coverage,0.7,0.7,0.5,2432,0.9651091501248044,True,pwl_j8_c4,"PWL DP (J=8, calls=4)",piecewise,0.7626205639415586,1079,14,0.4194754412517089,0.4145775315992957,0.7626205639415586,0.0626205639415586,True,True,True,2.2204355,2.33854595,False,False,False,,0,,True,4,False,0,8,0,0.3878546931334017,0.3266180824284778,-6.889909788123338,-26.930367270795273
4864,1,local,1,coverage,0.7,0.7,0.5,2432,0.9651091501248044,True,pwl_j8_c8,"PWL DP (J=8, calls=8)",piecewise,0.7009580475977379,799,12,0.3292311064941574,0.3260038484196249,0.7009580475977379,0.0009580475977379,True,True,True,3.659982,3.77962015,False,False,False,,0,,True,8,False,0,8,0,0.3878546931334017,0.3266180824284778,15.946911513199968,0.18805878850489677
4864,1,local,1,coverage,0.7,0.7,0.5,2432,0.9651091501248044,True,paper_local64,Paper + local edits (64),local_edit,0.7152541233124177,876,14,0.3681314809016449,0.3647443339086743,0.7152541233124177,0.0152541233124177,True,True,True,3.8985675,4.09429015,False,False,False,,0,,True,0,False,27,0,0,0.3878546931334017,0.3266180824284778,5.958509625866171,-11.673037572420775
4864,1,local,1,coverage,0.7,0.7,0.5,2432,0.9651091501248044,True,paper_local256,Paper + local edits (256),local_edit,0.7152541233124177,876,14,0.3681314809016449,0.3647443339086743,0.7152541233124177,0.0152541233124177,True,True,True,3.86779,3.97279735,False,False,False,,0,,True,0,False,27,0,0,0.3878546931334017,0.3266180824284778,5.958509625866171,-11.673037572420775
4864,1,local,1,coverage,0.7,0.7,0.5,2432,0.9651091501248044,True,td_lookup_c2,TD lookup DP (2),lookup,1.0,4864,1,1.582354161848876,1.6163955622590918,1.0,0.3,True,False,True,7.8423095,7.9478465,False,False,False,,0,,True,2,False,0,0,0,0.3878546931334017,0.3266180824284778,-316.7528692770352,-394.8885714596181
4864,1,local,1,coverage,0.7,0.7,0.5,2432,0.9651091501248044,True,td_lookup_c4,TD lookup DP (4),lookup,0.7679896878992201,1116,14,0.4284721367395732,0.419648372080408,0.7679896878992201,0.0679896878992201,True,True,True,12.430376,12.57117315,False,False,False,,0,,True,4,False,0,0,0,0.3878546931334017,0.3266180824284778,-8.19731706483977,-28.482896280643555
4864,1,local,1,coverage,0.7,0.7,0.5,2432,0.9651091501248044,True,td_lookup_c8,TD lookup DP (8),lookup,0.7023530913938415,807,12,0.331176337950993,0.3240006591695098,0.7023530913938415,0.0023530913938415,True,True,True,20.5290695,20.9289178,False,False,False,,0,,True,8,False,0,0,0,0.3878546931334017,0.3266180824284778,16.46339082506073,0.8013712037946097
4864,1,local,1,coverage,0.7,0.7,0.5,2432,0.9651091501248044,True,predict_correct_c2,Lambda predict + correct (2),predict,0.9038554503244508,1928,22,0.717551239793326,0.7109222947318888,0.9038554503244508,0.2038554503244507,True,True,True,0.379409,0.4668737499999999,True,True,False,,0,,True,2,False,0,0,0,0.3878546931334017,0.3266180824284778,-83.29604032594979,-117.66164611769936
4864,1,local,1,coverage,0.7,0.7,0.5,2432,0.9651091501248044,True,predict_correct_c4,Lambda predict + correct (4),predict,0.753758824385453,1007,14,0.401968358140189,0.4049131042340197,0.753758824385453,0.0537588243854531,True,True,True,0.5141104999999999,0.5391530499999999,True,True,False,,0,,True,4,False,0,0,0,0.3878546931334017,0.3266180824284778,-4.398144821403727,-23.9714290229742
4864,1,local,1,coverage,0.7,0.7,0.5,2432,0.9651091501248044,True,predict_correct_c8,Lambda predict + correct (8),predict,0.7122169100877912,838,12,0.3393010069269592,0.345737105630708,0.7122169100877912,0.0122169100877912,True,True,True,0.772098,0.79564775,True,True,False,,0,,True,8,False,0,0,0,0.3878546931334017,0.3266180824284778,10.859115088290938,-5.853632799530262
4864,1,local,1,coverage,0.7,0.7,0.5,2432,0.9651091501248044,True,capped_label2,Capped-label DP (2),capped_label,0.7047175215187637,2958,2,0.9622951502362204,0.9825082256267824,0.7047175215187637,0.0047175215187637,True,False,True,10.088353,10.25864165,False,False,False,,0,,True,0,False,0,0,2,0.3878546931334017,0.3266180824284778,-153.31863788711485,-200.81256319969066
4864,1,local,1,coverage,0.7,0.7,0.5,2432,0.9651091501248044,True,capped_label4,Capped-label DP (4),capped_label,0.7047175215187637,2958,2,0.9622951502362204,0.9825082256267824,0.7047175215187637,0.0047175215187637,True,False,True,29.951913,30.92664455,False,False,False,,0,,True,0,False,0,0,4,0.3878546931334017,0.3266180824284778,-153.31863788711485,-200.81256319969066
4864,1,local,1,coverage,0.7,0.7,0.5,2432,0.9651091501248044,True,capped_label8,Capped-label DP (8),capped_label,0.7000785128200449,2482,3,0.8166338653789678,0.8339582568619979,0.7000785128200449,7.85128200448959e-05,True,False,True,101.725538,103.5361688,False,False,False,,0,,True,0,False,0,0,8,0.3878546931334017,0.3266180824284778,-115.01821987111032,-155.33131866470268
4864,1,local,1,row_budget,0.7,0.7,0.5,2432,0.9651091501248044,True,paper,Paper,paper,0.9344510750800232,2430,40,1.0400281288369198,1.013328338386454,0.9344510750800232,0.2344510750800232,True,True,True,0.7323390000000001,0.78923465,True,True,False,,0,,True,0,False,0,0,0,1.013328338386454,0.3266180824284778,0.0,-210.24869500553473
4864,1,local,1,row_budget,0.7,0.7,0.5,2432,0.9651091501248044,True,incumbent_td16_trim256,TD-2L (16) + trim 256,incumbent,0.7000249056444592,772,12,0.3226659503273375,0.3266180824284778,0.7000249056444592,2.490564445922772e-05,True,True,True,0.7822675,0.83663585,True,True,False,,0,,True,12,True,0,0,0,1.013328338386454,0.3266180824284778,67.76779351216416,0.0
4864,1,local,1,row_budget,0.7,0.7,0.5,2432,0.9651091501248044,True,lambda_bank4,Lambda bank (4),lambda_bank,0.7578737156912713,1034,14,0.4085335143070089,0.4095863248313359,0.7578737156912713,0.0578737156912713,True,True,True,0.5367029999999999,0.6203529999999998,True,True,False,,0,,True,4,True,0,0,0,1.013328338386454,0.3266180824284778,59.580097652896036,-25.40221955440154
4864,1,local,1,row_budget,0.7,0.7,0.5,2432,0.9651091501248044,True,lambda_bank8,Lambda bank (8),lambda_bank,0.7578737156912713,1034,14,0.4085335143070089,0.4095863248313359,0.7578737156912713,0.0578737156912713,True,True,True,0.7598104999999999,0.8058822999999999,True,True,False,,0,,True,8,True,0,0,0,1.013328338386454,0.3266180824284778,59.580097652896036,-25.40221955440154
4864,1,local,1,row_budget,0.7,0.7,0.5,2432,0.9651091501248044,True,lambda_bank16,Lambda bank (16),lambda_bank,0.7578737156912713,1034,14,0.4085335143070089,0.4095863248313359,0.7578737156912713,0.0578737156912713,True,True,True,1.170323,1.2105624,True,True,False,,0,,True,16,True,0,0,0,1.013328338386454,0.3266180824284778,59.580097652896036,-25.40221955440154
4864,1,local,1,row_budget,0.7,0.7,0.5,2432,0.9651091501248044,True,pwl_j4_c4,"PWL DP (J=4, calls=4)",piecewise,0.7434376645856837,913,15,0.3901925054065253,0.39238390488144,0.7434376645856837,0.0434376645856837,True,True,True,1.092307,1.13694405,True,True,False,,0,,True,4,False,0,4,0,1.013328338386454,0.3266180824284778,61.27771325272104,-20.135389309734087
4864,1,local,1,row_budget,0.7,0.7,0.5,2432,0.9651091501248044,True,pwl_j4_c8,"PWL DP (J=4, calls=8)",piecewise,0.7068244692201581,781,13,0.3359349526004313,0.3396512222577758,0.7068244692201581,0.0068244692201581,True,True,True,1.8141915,1.8570205,True,True,False,,0,,True,8,False,0,4,0,1.013328338386454,0.3266180824284778,66.48162205760373,-3.9903301533074087
4864,1,local,1,row_budget,0.7,0.7,0.5,2432,0.9651091501248044,True,pwl_j8_c4,"PWL DP (J=8, calls=4)",piecewise,0.7626205639415586,1079,14,0.4194754412517089,0.4145775315992957,0.7626205639415586,0.0626205639415586,True,True,True,2.238254,2.3546264,False,False,False,,0,,True,4,False,0,8,0,1.013328338386454,0.3266180824284778,59.08754192550886,-26.930367270795273
4864,1,local,1,row_budget,0.7,0.7,0.5,2432,0.9651091501248044,True,pwl_j8_c8,"PWL DP (J=8, calls=8)",piecewise,0.7009580475977379,799,12,0.3292311064941574,0.3260038484196249,0.7009580475977379,0.0009580475977379,True,True,True,3.706278,3.78709865,False,False,False,,0,,True,8,False,0,8,0,1.013328338386454,0.3266180824284778,67.82840900919358,0.18805878850489677
4864,1,local,1,row_budget,0.7,0.7,0.5,2432,0.9651091501248044,True,paper_local64,Paper + local edits (64),local_edit,0.9332722740065816,2419,33,0.9617610915859416,0.9325014644422236,0.9332722740065816,0.2332722740065815,True,True,True,7.921151500000001,8.071671850000001,False,False,False,,0,,True,0,False,64,0,0,1.013328338386454,0.3266180824284778,7.976375561837424,-185.50209391619367
4864,1,local,1,row_budget,0.7,0.7,0.5,2432,0.9651091501248044,True,paper_local256,Paper + local edits (256),local_edit,0.90120641797666,2374,30,0.9122600264373802,0.8852502779897573,0.90120641797666,0.2012064179766601,True,True,True,27.9636815,28.34443445,False,False,False,,0,,True,0,False,256,0,0,1.013328338386454,0.3266180824284778,12.639344578149103,-171.0352933945743
4864,1,local,1,row_budget,0.7,0.7,0.5,2432,0.9651091501248044,True,td_lookup_c2,TD lookup DP (2),lookup,1.0,4864,1,1.582354161848876,1.6163955622590918,1.0,0.3,True,False,False,7.317883999999999,7.48558505,False,False,False,,0,,True,2,False,0,0,0,1.013328338386454,0.3266180824284778,-59.513506237565174,-394.8885714596181
4864,1,local,1,row_budget,0.7,0.7,0.5,2432,0.9651091501248044,True,td_lookup_c4,TD lookup DP (4),lookup,0.7679896878992201,1116,14,0.4284721367395732,0.419648372080408,0.7679896878992201,0.0679896878992201,True,True,True,11.4003705,11.93806585,False,False,False,,0,,True,4,False,0,0,0,1.013328338386454,0.3266180824284778,58.587127569271004,-28.482896280643555
4864,1,local,1,row_budget,0.7,0.7,0.5,2432,0.9651091501248044,True,td_lookup_c8,TD lookup DP (8),lookup,0.7023530913938415,807,12,0.331176337950993,0.3240006591695098,0.7023530913938415,0.0023530913938415,True,True,True,21.904781,22.1894465,False,False,False,,0,,True,8,False,0,0,0,1.013328338386454,0.3266180824284778,68.02609313330528,0.8013712037946097
4864,1,local,1,row_budget,0.7,0.7,0.5,2432,0.9651091501248044,True,predict_correct_c2,Lambda predict + correct (2),predict,0.9038554503244508,1928,22,0.717551239793326,0.7109222947318888,0.9038554503244508,0.2038554503244507,True,True,True,0.3942865,0.46448195,True,True,False,,0,,True,2,False,0,0,0,1.013328338386454,0.3266180824284778,29.842848778520615,-117.66164611769936
4864,1,local,1,row_budget,0.7,0.7,0.5,2432,0.9651091501248044,True,predict_correct_c4,Lambda predict + correct (4),predict,0.753758824385453,1007,14,0.401968358140189,0.4049131042340197,0.753758824385453,0.0537588243854531,True,True,True,0.525517,0.56629785,True,True,False,,0,,True,4,False,0,0,0,1.013328338386454,0.3266180824284778,60.041273011394104,-23.9714290229742
4864,1,local,1,row_budget,0.7,0.7,0.5,2432,0.9651091501248044,True,predict_correct_c8,Lambda predict + correct (8),predict,0.7122169100877912,838,12,0.3393010069269592,0.345737105630708,0.7122169100877912,0.0122169100877912,True,True,True,0.7727440000000001,0.8366754999999999,True,True,False,,0,,True,8,False,0,0,0,1.013328338386454,0.3266180824284778,65.88103850117987,-5.853632799530262
4864,1,local,1,row_budget,0.7,0.7,0.5,2432,0.9651091501248044,True,capped_label2,Capped-label DP (2),capped_label,0.5949754239077416,2432,2,0.7956844505044329,0.8111639120868197,0.5949754239077416,-0.1050245760922583,False,True,False,10.623218,10.81411175,False,False,True,coverage_shortfall,0,,True,0,False,0,0,2,1.013328338386454,0.3266180824284778,19.950535146539504,-148.35242006677535
4864,1,local,1,row_budget,0.7,0.7,0.5,2432,0.9651091501248044,True,capped_label4,Capped-label DP (4),capped_label,0.6601475602988844,2432,4,0.7911770809244381,0.8080451514248574,0.6601475602988844,-0.0398524397011155,False,True,False,30.2734095,30.76286045,False,False,True,coverage_shortfall,0,,True,0,False,0,0,4,1.013328338386454,0.3266180824284778,20.258309097372496,-147.39755540074904
4864,1,local,1,row_budget,0.7,0.7,0.5,2432,0.9651091501248044,True,capped_label8,Capped-label DP (8),capped_label,0.700000056778908,2184,5,0.7196064818125495,0.7345516456569969,0.700000056778908,5.677890801969456e-08,True,True,True,101.2384075,104.03277985,False,False,False,,0,,True,0,False,0,0,8,1.013328338386454,0.3266180824284778,27.510993442990017,-124.89619686559993
4864,1,local,2,coverage,0.9,0.9,0.75,3648,0.9935194840391554,True,paper,Paper,paper,0.9019934164489256,1950,32,0.8346693063535569,0.8188048770223567,0.9019934164489256,0.0019934164489257,True,True,True,6.4615385,6.787517599999999,False,False,False,,0,,True,0,False,0,0,0,0.8188048770223567,0.7009310951134634,0.0,-16.81674314788566
4864,1,local,2,coverage,0.9,0.9,0.75,3648,0.9935194840391554,True,incumbent_td16_trim256,TD-2L (16) + trim 256,incumbent,0.9000594559064801,1890,22,0.7076305897597123,0.7009310951134634,0.9000594559064801,5.945590648004373e-05,True,True,True,0.924298,1.08707575,True,True,False,,0,,True,11,True,0,0,0,0.8188048770223567,0.7009310951134634,14.395832904360539,0.0
4864,1,local,2,coverage,0.9,0.9,0.75,3648,0.9935194840391554,True,lambda_bank4,Lambda bank (4),lambda_bank,0.9566949775912548,2740,24,0.950616885462352,0.953172933884824,0.9566949775912548,0.0566949775912547,True,True,True,0.5908945,0.6601396499999997,True,True,False,,0,,True,4,True,0,0,0,0.8188048770223567,0.7009310951134634,-16.410265819508375,-35.98668122014603
4864,1,local,2,coverage,0.9,0.9,0.75,3648,0.9935194840391554,True,lambda_bank8,Lambda bank (8),lambda_bank,0.9037496157246342,1927,22,0.7172259202699196,0.710589976565306,0.9037496157246342,0.0037496157246341,True,True,True,0.84527,1.1047479999999998,True,True,False,,0,,True,8,True,0,0,0,0.8188048770223567,0.7009310951134634,13.216201257933646,-1.3780072704976831
4864,1,local,2,coverage,0.9,0.9,0.75,3648,0.9935194840391554,True,lambda_bank16,Lambda bank (16),lambda_bank,0.9037496157246342,1927,22,0.7172259202699196,0.710589976565306,0.9037496157246342,0.0037496157246341,True,True,True,1.3559345,1.5661716999999995,True,True,False,,0,,True,16,True,0,0,0,0.8188048770223567,0.7009310951134634,13.216201257933646,-1.3780072704976831
4864,1,local,2,coverage,0.9,0.9,0.75,3648,0.9935194840391554,True,pwl_j4_c4,"PWL DP (J=4, calls=4)",piecewise,0.9402308482229836,2369,25,0.862813054682591,0.8561395267487234,0.9402308482229836,0.0402308482229835,True,True,True,1.257867,1.645131499999999,True,True,False,,0,,True,4,False,0,4,0,0.8188048770223567,0.7009310951134634,-4.559651606147841,-22.143179653077816
4864,1,local,2,coverage,0.9,0.9,0.75,3648,0.9935194840391554,True,pwl_j4_c8,"PWL DP (J=4, calls=8)",piecewise,0.9133099087563696,2010,23,0.749309969431762,0.7415530289100728,0.9133099087563696,0.0133099087563695,True,True,True,2.0961585,2.51228425,False,False,False,,0,,True,8,False,0,4,0,0.8188048770223567,0.7009310951134634,9.434707862661472,-5.795424697207041
4864,1,local,2,coverage,0.9,0.9,0.75,3648,0.9935194840391554,True,pwl_j8_c4,"PWL DP (J=8, calls=4)",piecewise,0.9413952200882506,2386,25,0.8680148242152923,0.8595669715422184,0.9413952200882506,0.0413952200882505,True,True,True,2.567589,2.6417407,False,False,False,,0,,True,4,False,0,8,0,0.8188048770223567,0.7009310951134634,-4.9782427613396685,-22.63216420767804
4864,1,local,2,coverage,0.9,0.9,0.75,3648,0.9935194840391554,True,pwl_j8_c8,"PWL DP (J=8, calls=8)",piecewise,0.9110779952870705,1994,23,0.7453256029851744,0.7342700268922892,0.9110779952870705,0.0110779952870704,True,True,True,4.29045,4.38130895,False,False,False,,0,,True,8,False,0,8,0,0.8188048770223567,0.7009310951134634,10.324175209786812,-4.756377910931309
4864,1,local,2,coverage,0.9,0.9,0.75,3648,0.9935194840391554,True,paper_local64,Paper + local edits (64),local_edit,0.9009331803946174,1993,25,0.7695443193778333,0.7541976900355886,0.9009331803946174,0.0009331803946174,True,True,True,9.2005835,10.46501,False,False,False,,0,,True,0,False,64,0,0,0.8188048770223567,0.7009310951134634,7.8904252771083705,-7.599405318650132
4864,1,local,2,coverage,0.9,0.9,0.75,3648,0.9935194840391554,True,paper_local256,Paper + local edits (256),local_edit,0.900933843252424,1992,25,0.7692189998544269,0.7538653718690057,0.900933843252424,0.000933843252424,True,True,True,10.5176305,11.7065968,False,False,False,,0,,True,0,False,90,0,0,0.8188048770223567,0.7009310951134634,7.931011035194146,-7.551994357872438
4864,1,local,2,coverage,0.9,0.9,0.75,3648,0.9935194840391554,True,td_lookup_c2,TD lookup DP (2),lookup,1.0,4864,1,1.582354161848876,1.6163955622590918,1.0,0.0999999999999999,True,False,True,7.330432500000001,7.45719855,False,False,False,,0,,True,2,False,0,0,0,0.8188048770223567,0.7009310951134634,-97.40912732924008,-130.60691322268093
4864,1,local,2,coverage,0.9,0.9,0.75,3648,0.9935194840391554,True,td_lookup_c4,TD lookup DP (4),lookup,0.9412792234362356,2398,25,0.8695358563484118,0.8510672922776756,0.9412792234362356,0.0412792234362354,True,True,True,11.510576,11.63046525,False,False,False,,0,,True,4,False,0,0,0,0.8188048770223567,0.7009310951134634,-3.940183572506739,-21.419537271336054
4864,1,local,2,coverage,0.9,0.9,0.75,3648,0.9935194840391554,True,td_lookup_c8,TD lookup DP (8),lookup,0.907145957411563,1951,23,0.7339661624003615,0.7137581132636008,0.907145957411563,0.0071459574115629,True,True,True,20.358656000000003,20.52349,False,False,False,,0,,True,8,False,0,0,0,0.8188048770223567,0.7009310951134634,12.829279197843334,-1.8299970196159032
4864,1,local,2,coverage,0.9,0.9,0.75,3648,0.9935194840391554,True,predict_correct_c2,Lambda predict + correct (2),predict,0.9037496157246342,1927,22,0.7172259202699196,0.710589976565306,0.9037496157246342,0.0037496157246341,True,True,True,0.3875245,0.5120787999999998,True,True,False,,0,,True,2,False,0,0,0,0.8188048770223567,0.7009310951134634,13.216201257933646,-1.3780072704976831
4864,1,local,2,coverage,0.9,0.9,0.75,3648,0.9935194840391554,True,predict_correct_c4,Lambda predict + correct (4),predict,0.9037496157246342,1927,22,0.7172259202699196,0.710589976565306,0.9037496157246342,0.0037496157246341,True,True,True,0.5396535,0.572143,True,True,False,,0,,True,4,False,0,0,0,0.8188048770223567,0.7009310951134634,13.216201257933646,-1.3780072704976831
4864,1,local,2,coverage,0.9,0.9,0.75,3648,0.9935194840391554,True,predict_correct_c8,Lambda predict + correct (8),predict,0.9037496157246342,1927,22,0.7172259202699196,0.710589976565306,0.9037496157246342,0.0037496157246341,True,True,True,0.7988135000000001,0.84762665,True,True,False,,0,,True,8,True,0,0,0,0.8188048770223567,0.7009310951134634,13.216201257933646,-1.3780072704976831
4864,1,local,2,coverage,0.9,0.9,0.75,3648,0.9935194840391554,True,capped_label2,Capped-label DP (2),capped_label,0.9001636341376738,3917,2,1.274276573182987,1.3012013473797572,0.9001636341376738,0.0001636341376737,True,False,True,10.3698135,11.2649444,False,False,False,,0,,True,0,False,0,0,2,0.8188048770223567,0.7009310951134634,-58.91470408819135,-85.63898169892505
4864,1,local,2,coverage,0.9,0.9,0.75,3648,0.9935194840391554,True,capped_label4,Capped-label DP (4),capped_label,0.9001636341376738,3917,2,1.274276573182987,1.3012013473797572,0.9001636341376738,0.0001636341376737,True,False,True,30.358208,30.69298915,False,False,False,,0,,True,0,False,0,0,4,0.8188048770223567,0.7009310951134634,-58.91470408819135,-85.63898169892505
4864,1,local,2,coverage,0.9,0.9,0.75,3648,0.9935194840391554,True,capped_label8,Capped-label DP (8),capped_label,0.9001636341376738,3917,2,1.274276573182987,1.3012013473797572,0.9001636341376738,0.0001636341376737,True,False,True,103.7722545,104.9553946,False,False,False,,0,,True,0,False,0,0,8,0.8188048770223567,0.7009310951134634,-58.91470408819135,-85.63898169892505
4864,1,local,2,row_budget,0.9,0.9,0.75,3648,0.9935194840391554,True,paper,Paper,paper,0.9763103200859242,3648,47,1.4352578453670986,1.4184237887444642,0.9763103200859242,0.0763103200859242,True,True,True,0.7675495,0.83619285,True,True,False,,0,,True,0,False,0,0,0,1.4184237887444642,0.7009310951134634,0.0,-102.36279980057903
4864,1,local,2,row_budget,0.9,0.9,0.75,3648,0.9935194840391554,True,incumbent_td16_trim256,TD-2L (16) + trim 256,incumbent,0.9000594559064801,1890,22,0.7076305897597123,0.7009310951134634,0.9000594559064801,5.945590648004373e-05,True,True,True,0.9172495,1.065427,True,True,False,,0,,True,11,True,0,0,0,1.4184237887444642,0.7009310951134634,50.58380290322814,0.0
4864,1,local,2,row_budget,0.9,0.9,0.75,3648,0.9935194840391554,True,lambda_bank4,Lambda bank (4),lambda_bank,0.9566949775912548,2740,24,0.950616885462352,0.953172933884824,0.9566949775912548,0.0566949775912547,True,True,True,0.5868975000000001,0.64052515,True,True,False,,0,,True,4,True,0,0,0,1.4184237887444642,0.7009310951134634,32.80055358289379,-35.98668122014603
4864,1,local,2,row_budget,0.9,0.9,0.75,3648,0.9935194840391554,True,lambda_bank8,Lambda bank (8),lambda_bank,0.9037496157246342,1927,22,0.7172259202699196,0.710589976565306,0.9037496157246342,0.0037496157246341,True,True,True,0.8514515,0.8958906,True,True,False,,0,,True,8,True,0,0,0,1.4184237887444642,0.7009310951134634,49.902844114431154,-1.3780072704976831
4864,1,local,2,row_budget,0.9,0.9,0.75,3648,0.9935194840391554,True,lambda_bank16,Lambda bank (16),lambda_bank,0.9037496157246342,1927,22,0.7172259202699196,0.710589976565306,0.9037496157246342,0.0037496157246341,True,True,True,1.3489565,1.4128691,True,True,False,,0,,True,16,True,0,0,0,1.4184237887444642,0.7009310951134634,49.902844114431154,-1.3780072704976831
4864,1,local,2,row_budget,0.9,0.9,0.75,3648,0.9935194840391554,True,pwl_j4_c4,"PWL DP (J=4, calls=4)",piecewise,0.9402308482229836,2369,25,0.862813054682591,0.8561395267487234,0.9402308482229836,0.0402308482229835,True,True,True,1.24362,1.30899875,True,True,False,,0,,True,4,False,0,4,0,1.4184237887444642,0.7009310951134634,39.641485602370906,-22.143179653077816
4864,1,local,2,row_budget,0.9,0.9,0.75,3648,0.9935194840391554,True,pwl_j4_c8,"PWL DP (J=4, calls=8)",piecewise,0.9133099087563696,2010,23,0.749309969431762,0.7415530289100728,0.9133099087563696,0.0133099087563695,True,True,True,2.0695885,2.1485076,False,False,False,,0,,True,8,False,0,4,0,1.4184237887444642,0.7009310951134634,47.719924412261314,-5.795424697207041
4864,1,local,2,row_budget,0.9,0.9,0.75,3648,0.9935194840391554,True,pwl_j8_c4,"PWL DP (J=8, calls=4)",piecewise,0.9413952200882506,2386,25,0.8680148242152923,0.8595669715422184,0.9413952200882506,0.0413952200882505,True,True,True,2.529338,2.5961147,False,False,False,,0,,True,4,False,0,8,0,1.4184237887444642,0.7009310951134634,39.399848031096894,-22.63216420767804
4864,1,local,2,row_budget,0.9,0.9,0.75,3648,0.9935194840391554,True,pwl_j8_c8,"PWL DP (J=8, calls=8)",piecewise,0.9110779952870705,1994,23,0.7453256029851744,0.7342700268922892,0.9110779952870705,0.0110779952870704,True,True,True,4.233373500000001,4.3163961,False,False,False,,0,,True,8,False,0,8,0,1.4184237887444642,0.7009310951134634,48.233381820095,-4.756377910931309
4864,1,local,2,row_budget,0.9,0.9,0.75,3648,0.9935194840391554,True,paper_local64,Paper + local edits (64),local_edit,0.9821216993668967,3646,34,1.3157957612976108,1.3037439890869391,0.9821216993668967,0.0821216993668968,True,True,True,9.012487,9.5046599,False,False,False,,0,,True,0,False,64,0,0,1.4184237887444642,0.7009310951134634,8.085016661983325,-86.00173371904627
4864,1,local,2,row_budget,0.9,0.9,0.75,3648,0.9935194840391554,True,paper_local256,Paper + local edits (256),local_edit,0.976884972983132,3532,28,1.2150427403118516,1.2146768734504243,0.976884972983132,0.0768849729831319,True,True,True,27.6983105,28.06844335,False,False,False,,0,,True,0,False,256,0,0,1.4184237887444642,0.7009310951134634,14.3643188242344,-73.29476205557668
4864,1,local,2,row_budget,0.9,0.9,0.75,3648,0.9935194840391554,True,td_lookup_c2,TD lookup DP (2),lookup,1.0,4864,1,1.582354161848876,1.6163955622590918,1.0,0.0999999999999999,True,False,False,7.2037455,7.24687235,False,False,False,,0,,True,2,False,0,0,0,1.4184237887444642,0.7009310951134634,-13.957166756901685,-130.60691322268093
4864,1,local,2,row_budget,0.9,0.9,0.75,3648,0.9935194840391554,True,td_lookup_c4,TD lookup DP (4),lookup,0.9412792234362356,2398,25,0.8695358563484118,0.8510672922776756,0.9412792234362356,0.0412792234362354,True,True,True,11.3392365,11.4740989,False,False,False,,0,,True,4,False,0,0,0,1.4184237887444642,0.7009310951134634,39.9990821480082,-21.419537271336054
4864,1,local,2,row_budget,0.9,0.9,0.75,3648,0.9935194840391554,True,td_lookup_c8,TD lookup DP (8),lookup,0.907145957411563,1951,23,0.7339661624003615,0.7137581132636008,0.907145957411563,0.0071459574115629,True,True,True,20.3053865,20.51947095,False,False,False,,0,,True,8,False,0,0,0,1.4184237887444642,0.7009310951134634,49.67948796914969,-1.8299970196159032
4864,1,local,2,row_budget,0.9,0.9,0.75,3648,0.9935194840391554,True,predict_correct_c2,Lambda predict + correct (2),predict,0.9037496157246342,1927,22,0.7172259202699196,0.710589976565306,0.9037496157246342,0.0037496157246341,True,True,True,0.3739295,0.4840379999999999,True,True,False,,0,,True,2,False,0,0,0,1.4184237887444642,0.7009310951134634,49.902844114431154,-1.3780072704976831
4864,1,local,2,row_budget,0.9,0.9,0.75,3648,0.9935194840391554,True,predict_correct_c4,Lambda predict + correct (4),predict,0.9037496157246342,1927,22,0.7172259202699196,0.710589976565306,0.9037496157246342,0.0037496157246341,True,True,True,0.5362979999999999,0.554526,True,True,False,,0,,True,4,False,0,0,0,1.4184237887444642,0.7009310951134634,49.902844114431154,-1.3780072704976831
4864,1,local,2,row_budget,0.9,0.9,0.75,3648,0.9935194840391554,True,predict_correct_c8,Lambda predict + correct (8),predict,0.9037496157246342,1927,22,0.7172259202699196,0.710589976565306,0.9037496157246342,0.0037496157246341,True,True,True,0.786741,0.8282142,True,True,False,,0,,True,8,True,0,0,0,1.4184237887444642,0.7009310951134634,49.902844114431154,-1.3780072704976831
4864,1,local,2,row_budget,0.9,0.9,0.75,3648,0.9935194840391554,True,capped_label2,Capped-label DP (2),capped_label,0.8718783638418346,3648,2,1.189876175914518,1.2139754641776688,0.8718783638418346,-0.0281216361581654,False,True,False,10.505508,10.6598168,False,False,True,coverage_shortfall,0,,True,0,False,0,0,2,1.4184237887444642,0.7009310951134634,14.41376873323349,-73.1946938352273
4864,1,local,2,row_budget,0.9,0.9,0.75,3648,0.9935194840391554,True,capped_label4,Capped-label DP (4),capped_label,0.8718783638418346,3648,2,1.189876175914518,1.2139754641776688,0.8718783638418346,-0.0281216361581654,False,True,False,30.250171,31.30026635,False,False,True,coverage_shortfall,0,,True,0,False,0,0,4,1.4184237887444642,0.7009310951134634,14.41376873323349,-73.1946938352273
4864,1,local,2,row_budget,0.9,0.9,0.75,3648,0.9935194840391554,True,capped_label8,Capped-label DP (8),capped_label,0.8719021377380447,3648,3,1.186765621386657,1.2118077605689643,0.8719021377380447,-0.0280978622619553,False,True,False,103.37161,104.28090285,False,False,True,coverage_shortfall,0,,True,0,False,0,0,8,1.4184237887444642,0.7009310951134634,14.566593553707152,-72.88543324972659
4864,1,hot-cold,0,coverage,0.5,0.5,0.25,1216,0.8709500426313175,True,paper,Paper,paper,0.5011038494330011,570,7,0.2161620594886087,0.20607991521592,0.5011038494330011,0.0011038494330011,True,True,True,1.84834,2.41256175,False,False,False,,0,,True,0,False,0,0,0,0.20607991521592,0.1930768547846489,0.0,-6.7346551950902
4864,1,hot-cold,0,coverage,0.5,0.5,0.25,1216,0.8709500426313175,True,incumbent_td16_trim256,TD-2L (16) + trim 256,incumbent,0.5000370616682839,581,3,0.1890106430991359,0.1930768547846489,0.5000370616682839,3.706166828387758e-05,True,True,True,0.598203,0.8410876999999999,True,True,False,,0,,True,9,True,0,0,0,0.20607991521592,0.1930768547846489,6.309717479089205,0.0
4864,1,hot-cold,0,coverage,0.5,0.5,0.25,1216,0.8709500426313175,True,lambda_bank4,Lambda bank (4),lambda_bank,0.51168659713601,601,3,0.1955170335672645,0.1997232181163063,0.51168659713601,0.0116865971360099,True,True,True,0.465686,0.5524886999999999,True,True,False,,0,,True,4,True,0,0,0,0.20607991521592,0.1930768547846489,3.084578665976967,-3.442340791738352
4864,1,hot-cold,0,coverage,0.5,0.5,0.25,1216,0.8709500426313175,True,lambda_bank8,Lambda bank (8),lambda_bank,0.51168659713601,601,3,0.1955170335672645,0.1997232181163063,0.51168659713601,0.0116865971360099,True,True,True,0.7011505,0.76323315,True,True,False,,0,,True,8,True,0,0,0,0.20607991521592,0.1930768547846489,3.084578665976967,-3.442340791738352
4864,1,hot-cold,0,coverage,0.5,0.5,0.25,1216,0.8709500426313175,True,lambda_bank16,Lambda bank (16),lambda_bank,0.51168659713601,601,3,0.1955170335672645,0.1997232181163063,0.51168659713601,0.0116865971360099,True,True,True,1.1177045,1.1566012,True,True,False,,0,,True,16,True,0,0,0,0.20607991521592,0.1930768547846489,3.084578665976967,-3.442340791738352
4864,1,hot-cold,0,coverage,0.5,0.5,0.25,1216,0.8709500426313175,True,pwl_j4_c4,"PWL DP (J=4, calls=4)",piecewise,0.8198167720649311,1521,11,0.4984028052352386,0.5093154903569774,0.8198167720649311,0.3198167720649311,True,False,True,1.1121785,1.13987935,True,True,False,,0,,True,4,False,0,4,0,0.20607991521592,0.1930768547846489,-147.14465251179024,-163.78899269156312
4864,1,hot-cold,0,coverage,0.5,0.5,0.25,1216,0.8709500426313175,True,pwl_j4_c8,"PWL DP (J=4, calls=8)",piecewise,0.5141230373640591,602,4,0.1977086858073875,0.2014717844462148,0.5141230373640591,0.014123037364059,True,True,True,1.7789455,1.80405305,True,True,False,,0,,True,8,False,0,4,0,0.20607991521592,0.1930768547846489,2.2360892204740246,-4.347973075762668
4864,1,hot-cold,0,coverage,0.5,0.5,0.25,1216,0.8709500426313175,True,pwl_j8_c4,"PWL DP (J=8, calls=4)",piecewise,0.8182813740428736,1508,9,0.4953239697091828,0.504695202752292,0.8182813740428736,0.3182813740428736,True,False,True,2.343656,2.36469355,False,False,False,,0,,True,4,False,0,8,0,0.20607991521592,0.1930768547846489,-144.9026642035921,-161.39601420129367
4864,1,hot-cold,0,coverage,0.5,0.5,0.25,1216,0.8709500426313175,True,pwl_j8_c8,"PWL DP (J=8, calls=8)",piecewise,0.51168659713601,601,3,0.1955170335672645,0.1997232181163063,0.51168659713601,0.0116865971360099,True,True,True,3.65923,3.68941275,False,False,False,,0,,True,8,False,0,8,0,0.20607991521592,0.1930768547846489,3.084578665976967,-3.442340791738352
4864,1,hot-cold,0,coverage,0.5,0.5,0.25,1216,0.8709500426313175,True,paper_local64,Paper + local edits (64),local_edit,0.5008094340424554,574,4,0.1961589735517904,0.195895271589261,0.5008094340424554,0.0008094340424553,True,True,True,2.258893,3.01485045,False,False,False,,0,,True,0,False,21,0,0,0.20607991521592,0.1930768547846489,4.942084538412217,-1.4597383035660494
4864,1,hot-cold,0,coverage,0.5,0.5,0.25,1216,0.8709500426313175,True,paper_local256,Paper + local edits (256),local_edit,0.5008094340424554,574,4,0.1961589735517904,0.195895271589261,0.5008094340424554,0.0008094340424553,True,True,True,2.258857,3.01327075,False,False,False,,0,,True,0,False,21,0,0,0.20607991521592,0.1930768547846489,4.942084538412217,-1.4597383035660494
4864,1,hot-cold,0,coverage,0.5,0.5,0.25,1216,0.8709500426313175,True,td_lookup_c2,TD lookup DP (2),lookup,1.0,4864,1,1.582354161848876,1.6163955622590918,1.0,0.5,True,False,True,7.144645000000001,7.526093199999998,False,False,False,,0,,True,2,False,0,0,0,0.20607991521592,0.1930768547846489,-684.3537593488987,-737.1772805507746
4864,1,hot-cold,0,coverage,0.5,0.5,0.25,1216,0.8709500426313175,True,td_lookup_c4,TD lookup DP (4),lookup,0.8134874707777693,1483,11,0.4892333834649572,0.4942419151263584,0.8134874707777693,0.3134874707777693,True,False,True,11.1975265,11.2314842,False,False,False,,0,,True,4,False,0,0,0,0.20607991521592,0.1930768547846489,-139.8302205280495,-155.98195893423807
4864,1,hot-cold,0,coverage,0.5,0.5,0.25,1216,0.8709500426313175,True,td_lookup_c8,TD lookup DP (8),lookup,0.51168659713601,601,3,0.1955170335672645,0.1997232181163063,0.51168659713601,0.0116865971360099,True,True,True,19.6705395,19.7377006,False,False,False,,0,,True,8,False,0,0,0,0.20607991521592,0.1930768547846489,3.084578665976967,-3.442340791738352
4864,1,hot-cold,0,coverage,0.5,0.5,0.25,1216,0.8709500426313175,True,predict_correct_c2,Lambda predict + correct (2),predict,0.8290316456023212,1564,10,0.5124619723914025,0.5235802016489405,0.8290316456023212,0.3290316456023212,True,False,True,0.3442035,0.4685368499999999,True,True,False,,0,,True,2,False,0,0,0,0.20607991521592,0.1930768547846489,-154.0665843638182,-171.1770927866643
4864,1,hot-cold,0,coverage,0.5,0.5,0.25,1216,0.8709500426313175,True,predict_correct_c4,Lambda predict + correct (4),predict,0.5399547523489914,661,4,0.2154235570449311,0.2204207647808517,0.5399547523489914,0.0399547523489913,True,True,True,0.484516,0.516999,True,True,False,,0,,True,4,False,0,0,0,0.20607991521592,0.1930768547846489,-6.958877845958988,-14.162189469422026
4864,1,hot-cold,0,coverage,0.5,0.5,0.25,1216,0.8709500426313175,True,predict_correct_c8,Lambda predict + correct (8),predict,0.51168659713601,601,3,0.1955170335672645,0.1997232181163063,0.51168659713601,0.0116865971360099,True,True,True,0.7190345,0.7529262,True,True,False,,0,,True,8,True,0,0,0,0.20607991521592,0.1930768547846489,3.084578665976967,-3.442340791738352
4864,1,hot-cold,0,coverage,0.5,0.5,0.25,1216,0.8709500426313175,True,capped_label2,Capped-label DP (2),capped_label,0.5043875541671154,618,2,0.2010474654651738,0.2048837158228608,0.5043875541671154,0.0043875541671154,True,True,True,9.954097,10.03719855,False,False,False,,0,,True,0,False,0,0,2,0.20607991521592,0.1930768547846489,0.5804541368361393,-6.115109473572522
4864,1,hot-cold,0,coverage,0.5,0.5,0.25,1216,0.8709500426313175,True,capped_label4,Capped-label DP (4),capped_label,0.5043875541671154,618,2,0.2010474654651738,0.2048837158228608,0.5043875541671154,0.0043875541671154,True,True,True,28.541372,28.7603067,False,False,False,,0,,True,0,False,0,0,4,0.20607991521592,0.1930768547846489,0.5804541368361393,-6.115109473572522
4864,1,hot-cold,0,coverage,0.5,0.5,0.25,1216,0.8709500426313175,True,capped_label8,Capped-label DP (8),capped_label,0.5018363521739696,593,5,0.1996990076332344,0.1993421692703012,0.5018363521739696,0.0018363521739696,True,True,True,96.4671935,96.88940375,False,False,False,,0,,True,0,False,0,0,8,0.20607991521592,0.1930768547846489,3.2694821028819487,-3.2449847459139702
4864,1,hot-cold,0,row_budget,0.5,0.5,0.25,1216,0.8709500426313175,True,paper,Paper,paper,0.7340668073054017,1212,14,0.4498312020887373,0.4354892912411016,0.7340668073054017,0.2340668073054017,True,True,True,0.5925725,0.6222502999999999,True,True,False,,0,,True,0,False,0,0,0,0.4354892912411016,0.1930768547846489,0.0,-125.55230233413059
4864,1,hot-cold,0,row_budget,0.5,0.5,0.25,1216,0.8709500426313175,True,incumbent_td16_trim256,TD-2L (16) + trim 256,incumbent,0.5000370616682839,581,3,0.1890106430991359,0.1930768547846489,0.5000370616682839,3.706166828387758e-05,True,True,True,0.5945465,0.6571429,True,True,False,,0,,True,9,True,0,0,0,0.4354892912411016,0.1930768547846489,55.66438517135545,0.0
4864,1,hot-cold,0,row_budget,0.5,0.5,0.25,1216,0.8709500426313175,True,lambda_bank4,Lambda bank (4),lambda_bank,0.51168659713601,601,3,0.1955170335672645,0.1997232181163063,0.51168659713601,0.0116865971360099,True,True,True,0.4822915,0.5595647499999999,True,True,False,,0,,True,4,True,0,0,0,0.4354892912411016,0.1930768547846489,54.138202216841016,-3.442340791738352
4864,1,hot-cold,0,row_budget,0.5,0.5,0.25,1216,0.8709500426313175,True,lambda_bank8,Lambda bank (8),lambda_bank,0.51168659713601,601,3,0.1955170335672645,0.1997232181163063,0.51168659713601,0.0116865971360099,True,True,True,0.6954899999999999,0.7287625999999999,True,True,False,,0,,True,8,True,0,0,0,0.4354892912411016,0.1930768547846489,54.138202216841016,-3.442340791738352
4864,1,hot-cold,0,row_budget,0.5,0.5,0.25,1216,0.8709500426313175,True,lambda_bank16,Lambda bank (16),lambda_bank,0.51168659713601,601,3,0.1955170335672645,0.1997232181163063,0.51168659713601,0.0116865971360099,True,True,True,1.1066585,1.1302644,True,True,False,,0,,True,16,True,0,0,0,0.4354892912411016,0.1930768547846489,54.138202216841016,-3.442340791738352
4864,1,hot-cold,0,row_budget,0.5,0.5,0.25,1216,0.8709500426313175,True,pwl_j4_c4,"PWL DP (J=4, calls=4)",piecewise,0.8198167720649311,1521,11,0.4984028052352386,0.5093154903569774,0.8198167720649311,0.3198167720649311,True,False,False,1.1137725,1.1335434,True,False,False,,0,,True,4,False,0,4,0,0.4354892912411016,0.1930768547846489,-16.952471760092756,-163.78899269156312
4864,1,hot-cold,0,row_budget,0.5,0.5,0.25,1216,0.8709500426313175,True,pwl_j4_c8,"PWL DP (J=4, calls=8)",piecewise,0.5141230373640591,602,4,0.1977086858073875,0.2014717844462148,0.5141230373640591,0.014123037364059,True,True,True,1.7764259999999998,1.8088851,True,True,False,,0,,True,8,False,0,4,0,0.4354892912411016,0.1930768547846489,53.73668457563214,-4.347973075762668
4864,1,hot-cold,0,row_budget,0.5,0.5,0.25,1216,0.8709500426313175,True,pwl_j8_c4,"PWL DP (J=8, calls=4)",piecewise,0.8182813740428736,1508,9,0.4953239697091828,0.504695202752292,0.8182813740428736,0.3182813740428736,True,False,False,2.343681,2.37747255,False,False,False,,0,,True,4,False,0,8,0,0.4354892912411016,0.1930768547846489,-15.891530033714574,-161.39601420129367
4864,1,hot-cold,0,row_budget,0.5,0.5,0.25,1216,0.8709500426313175,True,pwl_j8_c8,"PWL DP (J=8, calls=8)",piecewise,0.51168659713601,601,3,0.1955170335672645,0.1997232181163063,0.51168659713601,0.0116865971360099,True,True,True,3.6562945,3.67527935,False,False,False,,0,,True,8,False,0,8,0,0.4354892912411016,0.1930768547846489,54.138202216841016,-3.442340791738352
4864,1,hot-cold,0,row_budget,0.5,0.5,0.25,1216,0.8709500426313175,True,paper_local64,Paper + local edits (64),local_edit,0.6965089307521333,1163,11,0.4141473276461159,0.4077955350838821,0.6965089307521333,0.1965089307521332,True,True,True,3.341757,3.507818,False,False,False,,0,,True,0,False,64,0,0,0.4354892912411016,0.1930768547846489,6.359227818965419,-111.20891757778159
4864,1,hot-cold,0,row_budget,0.5,0.5,0.25,1216,0.8709500426313175,True,paper_local256,Paper + local edits (256),local_edit,0.5928441099186634,1037,10,0.365210481223842,0.3604972426616427,0.5928441099186634,0.0928441099186634,True,True,True,9.614166,9.70449625,False,False,False,,0,,True,0,False,210,0,0,0.4354892912411016,0.1930768547846489,17.220182008549266,-86.71178534772
4864,1,hot-cold,0,row_budget,0.5,0.5,0.25,1216,0.8709500426313175,True,td_lookup_c2,TD lookup DP (2),lookup,1.0,4864,1,1.582354161848876,1.6163955622590918,1.0,0.5,True,False,False,7.10446,7.2990921,False,False,False,,0,,True,2,False,0,0,0,0.4354892912411016,0.1930768547846489,-271.16769453791244,-737.1772805507746
4864,1,hot-cold,0,row_budget,0.5,0.5,0.25,1216,0.8709500426313175,True,td_lookup_c4,TD lookup DP (4),lookup,0.8134874707777693,1483,11,0.4892333834649572,0.4942419151263584,0.8134874707777693,0.3134874707777693,True,False,False,11.1479885,11.16985255,False,False,False,,0,,True,4,False,0,0,0,0.4354892912411016,0.1930768547846489,-13.49117534390285,-155.98195893423807
4864,1,hot-cold,0,row_budget,0.5,0.5,0.25,1216,0.8709500426313175,True,td_lookup_c8,TD lookup DP (8),lookup,0.51168659713601,601,3,0.1955170335672645,0.1997232181163063,0.51168659713601,0.0116865971360099,True,True,True,19.6606465,20.0066755,False,False,False,,0,,True,8,False,0,0,0,0.4354892912411016,0.1930768547846489,54.138202216841016,-3.442340791738352
4864,1,hot-cold,0,row_budget,0.5,0.5,0.25,1216,0.8709500426313175,True,predict_correct_c2,Lambda predict + correct (2),predict,0.8290316456023212,1564,10,0.5124619723914025,0.5235802016489405,0.8290316456023212,0.3290316456023212,True,False,False,0.3999725,0.4737705999999999,True,False,False,,0,,True,2,False,0,0,0,0.4354892912411016,0.1930768547846489,-20.228031361411535,-171.1770927866643
4864,1,hot-cold,0,row_budget,0.5,0.5,0.25,1216,0.8709500426313175,True,predict_correct_c4,Lambda predict + correct (4),predict,0.5399547523489914,661,4,0.2154235570449311,0.2204207647808517,0.5399547523489914,0.0399547523489913,True,True,True,0.5277915,0.59620045,True,True,False,,0,,True,4,False,0,0,0,0.4354892912411016,0.1930768547846489,49.385491396889634,-14.162189469422026
4864,1,hot-cold,0,row_budget,0.5,0.5,0.25,1216,0.8709500426313175,True,predict_correct_c8,Lambda predict + correct (8),predict,0.51168659713601,601,3,0.1955170335672645,0.1997232181163063,0.51168659713601,0.0116865971360099,True,True,True,0.7673595,0.80601035,True,True,False,,0,,True,8,True,0,0,0,0.4354892912411016,0.1930768547846489,54.138202216841016,-3.442340791738352
4864,1,hot-cold,0,row_budget,0.5,0.5,0.25,1216,0.8709500426313175,True,capped_label2,Capped-label DP (2),capped_label,0.5043875541671154,618,2,0.2010474654651738,0.2048837158228608,0.5043875541671154,0.0043875541671154,True,True,True,10.23144,10.4292818,False,False,False,,0,,True,0,False,0,0,2,0.4354892912411016,0.1930768547846489,52.95321378880238,-6.115109473572522
4864,1,hot-cold,0,row_budget,0.5,0.5,0.25,1216,0.8709500426313175,True,capped_label4,Capped-label DP (4),capped_label,0.5043875541671154,618,2,0.2010474654651738,0.2048837158228608,0.5043875541671154,0.0043875541671154,True,True,True,28.7571905,29.0514414,False,False,False,,0,,True,0,False,0,0,4,0.4354892912411016,0.1930768547846489,52.95321378880238,-6.115109473572522
4864,1,hot-cold,0,row_budget,0.5,0.5,0.25,1216,0.8709500426313175,True,capped_label8,Capped-label DP (8),capped_label,0.5018363521739696,593,5,0.1996990076332344,0.1993421692703012,0.5018363521739696,0.0018363521739696,True,True,True,97.629461,98.6075921,False,False,False,,0,,True,0,False,0,0,8,0.4354892912411016,0.1930768547846489,54.225701233158766,-3.2449847459139702
4864,1,hot-cold,1,coverage,0.7,0.7,0.5,2432,0.9651091501248046,True,paper,Paper,paper,0.7075803079990689,1116,13,0.4154078077225571,0.4021345575132909,0.7075803079990689,0.0075803079990689,True,True,True,3.1844330000000003,3.5777631,False,False,False,,0,,True,0,False,0,0,0,0.4021345575132909,0.3528663356283555,0.0,-13.962290224484741
4864,1,hot-cold,1,coverage,0.7,0.7,0.5,2432,0.9651091501248046,True,incumbent_td16_trim256,TD-2L (16) + trim 256,incumbent,0.7000948785360235,1060,6,0.3450734536431073,0.3528663356283555,0.7000948785360235,9.48785360235238e-05,True,True,True,0.699533,0.8678649999999999,True,True,False,,0,,True,11,True,0,0,0,0.4021345575132909,0.3528663356283555,12.251675705166686,0.0
4864,1,hot-cold,1,coverage,0.7,0.7,0.5,2432,0.9651091501248046,True,lambda_bank4,Lambda bank (4),lambda_bank,0.8236566013385915,1533,10,0.503034391896219,0.513211336236277,0.8236566013385915,0.1236566013385915,True,True,True,0.53498,0.7022225499999998,True,True,False,,0,,True,4,True,0,0,0,0.4021345575132909,0.3528663356283555,-27.621793911435955,-45.44071916704444
4864,1,hot-cold,1,coverage,0.7,0.7,0.5,2432,0.9651091501248046,True,lambda_bank8,Lambda bank (8),lambda_bank,0.8236566013385915,1533,10,0.503034391896219,0.513211336236277,0.8236566013385915,0.1236566013385915,True,True,True,0.8097935,0.9288967,True,True,False,,0,,True,8,True,0,0,0,0.4021345575132909,0.3528663356283555,-27.621793911435955,-45.44071916704444
4864,1,hot-cold,1,coverage,0.7,0.7,0.5,2432,0.9651091501248046,True,lambda_bank16,Lambda bank (16),lambda_bank,0.7473880641122822,1218,8,0.3975303530866346,0.4063097680982668,0.7473880641122822,0.0473880641122822,True,True,True,1.28646,1.465384,True,True,False,,0,,True,16,True,0,0,0,0.4021345575132909,0.3528663356283555,-1.0382620709830093,-15.145517459109147
4864,1,hot-cold,1,coverage,0.7,0.7,0.5,2432,0.9651091501248046,True,pwl_j4_c4,"PWL DP (J=4, calls=4)",piecewise,0.8198167720649311,1521,11,0.4984028052352386,0.5093154903569774,0.8198167720649311,0.1198167720649311,True,True,True,1.1330675,1.6157592499999998,True,True,False,,0,,True,4,False,0,4,0,0.4021345575132909,0.3528663356283555,-26.653002295169337,-44.33666205364422
4864,1,hot-cold,1,coverage,0.7,0.7,0.5,2432,0.9651091501248046,True,pwl_j4_c8,"PWL DP (J=4, calls=8)",piecewise,0.7020732482714969,1055,8,0.3488463091687773,0.3552576976237572,0.7020732482714969,0.0020732482714969,True,True,True,1.88853,2.2103539,False,False,False,,0,,True,8,False,0,4,0,0.4021345575132909,0.3528663356283555,11.657008584243444,-0.6776962702161216
4864,1,hot-cold,1,coverage,0.7,0.7,0.5,2432,0.9651091501248046,True,pwl_j8_c4,"PWL DP (J=8, calls=4)",piecewise,0.8182813740428736,1508,9,0.4953239697091828,0.504695202752292,0.8182813740428736,0.1182813740428736,True,True,True,2.396725,2.83275215,False,False,False,,0,,True,4,False,0,8,0,0.4021345575132909,0.3528663356283555,-25.504061594012928,-43.02730291728509
4864,1,hot-cold,1,coverage,0.7,0.7,0.5,2432,0.9651091501248046,True,pwl_j8_c8,"PWL DP (J=8, calls=8)",piecewise,0.7044698943884196,1061,8,0.3507982263092158,0.3571144398236458,0.7044698943884196,0.0044698943884196,True,True,True,3.831131,4.0686604,False,False,False,,0,,True,8,False,0,8,0,0.4021345575132909,0.3528663356283555,11.195286962662276,-1.2038848046316497
4864,1,hot-cold,1,coverage,0.7,0.7,0.5,2432,0.9651091501248046,True,paper_local64,Paper + local edits (64),local_edit,0.7001199900600239,1101,10,0.3902096379366404,0.385417480605652,0.7001199900600239,0.0001199900600239,True,True,True,4.301461,4.56495565,False,False,False,,0,,True,0,False,44,0,0,0.4021345575132909,0.3528663356283555,4.1570853823191705,-9.224780516206543
4864,1,hot-cold,1,coverage,0.7,0.7,0.5,2432,0.9651091501248046,True,paper_local256,Paper + local edits (256),local_edit,0.7001199900600239,1101,10,0.3902096379366404,0.385417480605652,0.7001199900600239,0.0001199900600239,True,True,True,4.2964615,4.55659585,False,False,False,,0,,True,0,False,44,0,0,0.4021345575132909,0.3528663356283555,4.1570853823191705,-9.224780516206543
4864,1,hot-cold,1,coverage,0.7,0.7,0.5,2432,0.9651091501248046,True,td_lookup_c2,TD lookup DP (2),lookup,1.0,4864,1,1.582354161848876,1.6163955622590918,1.0,0.3,True,False,True,7.2448425,7.43254565,False,False,False,,0,,True,2,False,0,0,0,0.4021345575132909,0.3528663356283555,-301.9539062383785,-358.07587719603424
4864,1,hot-cold,1,coverage,0.7,0.7,0.5,2432,0.9651091501248046,True,td_lookup_c4,TD lookup DP (4),lookup,0.8134874707777693,1483,11,0.4892333834649572,0.4942419151263584,0.8134874707777693,0.1134874707777693,True,True,True,11.3796165,11.56971545,False,False,False,,0,,True,4,False,0,0,0,0.4021345575132909,0.3528663356283555,-22.904611377504725,-40.06490991730702
4864,1,hot-cold,1,coverage,0.7,0.7,0.5,2432,0.9651091501248046,True,td_lookup_c8,TD lookup DP (8),lookup,0.7034800900262657,1062,8,0.3506422902264249,0.3542297904483725,0.7034800900262657,0.0034800900262657,True,True,True,20.035196,20.36973795,False,False,False,,0,,True,8,False,0,0,0,0.4021345575132909,0.3528663356283555,11.912621327833817,-0.38639413351491125
4864,1,hot-cold,1,coverage,0.7,0.7,0.5,2432,0.9651091501248046,True,predict_correct_c2,Lambda predict + correct (2),predict,0.9153142750709862,2243,14,0.734269488230305,0.7488437425296215,0.9153142750709862,0.2153142750709862,True,True,True,0.4157969999999999,0.5115103,True,True,False,,0,,True,2,False,0,0,0,0.4021345575132909,0.3528663356283555,-86.21720728511913,-112.21739421419778
4864,1,hot-cold,1,coverage,0.7,0.7,0.5,2432,0.9651091501248046,True,predict_correct_c4,Lambda predict + correct (4),predict,0.7103310415434951,1091,7,0.355557448883602,0.3634895917731825,0.7103310415434951,0.0103310415434951,True,True,True,0.593925,0.62612035,True,True,False,,0,,True,4,False,0,0,0,0.4021345575132909,0.3528663356283555,9.609958910042483,-3.0105609609684114
4864,1,hot-cold,1,coverage,0.7,0.7,0.5,2432,0.9651091501248046,True,predict_correct_c8,Lambda predict + correct (8),predict,0.7010738427883226,1062,6,0.3457240926899202,0.3535309719615213,0.7010738427883226,0.0010738427883226,True,True,True,0.8225925000000001,0.84469015,True,True,False,,0,,True,8,False,0,0,0,0.4021345575132909,0.3528663356283555,12.086398605562076,-0.188353567926014
4864,1,hot-cold,1,coverage,0.7,0.7,0.5,2432,0.9651091501248046,True,capped_label2,Capped-label DP (2),capped_label,0.7000146205847925,1136,2,0.3695629785897046,0.3772311116418856,0.7000146205847925,1.4620584792512936e-05,True,True,True,10.126955,10.235682,False,False,False,,0,,True,0,False,0,0,2,0.4021345575132909,0.3528663356283555,6.192814172798922,-6.904817363816607
4864,1,hot-cold,1,coverage,0.7,0.7,0.5,2432,0.9651091501248046,True,capped_label4,Capped-label DP (4),capped_label,0.7000146205847925,1136,2,0.3695629785897046,0.3772311116418856,0.7000146205847925,1.4620584792512936e-05,True,True,True,28.795376,29.2801628,False,False,False,,0,,True,0,False,0,0,4,0.4021345575132909,0.3528663356283555,6.192814172798922,-6.904817363816607
4864,1,hot-cold,1,coverage,0.7,0.7,0.5,2432,0.9651091501248046,True,capped_label8,Capped-label DP (8),capped_label,0.7000146205847925,1136,2,0.3695629785897046,0.3772311116418856,0.7000146205847925,1.4620584792512936e-05,True,True,True,96.995837,97.27504235,False,False,False,,0,,True,0,False,0,0,8,0.4021345575132909,0.3528663356283555,6.192814172798922,-6.904817363816607
4864,1,hot-cold,1,row_budget,0.7,0.7,0.5,2432,0.9651091501248046,True,paper,Paper,paper,0.910704337329805,2430,29,0.9156763753721678,0.899644897174379,0.910704337329805,0.2107043373298051,True,True,True,0.623796,0.6748668499999999,True,True,False,,0,,True,0,False,0,0,0,0.899644897174379,0.3528663356283555,0.0,-154.95345017040657
4864,1,hot-cold,1,row_budget,0.7,0.7,0.5,2432,0.9651091501248046,True,incumbent_td16_trim256,TD-2L (16) + trim 256,incumbent,0.7000948785360235,1060,6,0.3450734536431073,0.3528663356283555,0.7000948785360235,9.48785360235238e-05,True,True,True,0.6833275,0.7555057499999999,True,True,False,,0,,True,11,True,0,0,0,0.899644897174379,0.3528663356283555,60.77715365955563,0.0
4864,1,hot-cold,1,row_budget,0.7,0.7,0.5,2432,0.9651091501248046,True,lambda_bank4,Lambda bank (4),lambda_bank,0.8236566013385915,1533,10,0.503034391896219,0.513211336236277,0.8236566013385915,0.1236566013385915,True,True,True,0.55362,0.5981282499999999,True,True,False,,0,,True,4,True,0,0,0,0.899644897174379,0.3528663356283555,42.95401020467292,-45.44071916704444
4864,1,hot-cold,1,row_budget,0.7,0.7,0.5,2432,0.9651091501248046,True,lambda_bank8,Lambda bank (8),lambda_bank,0.8236566013385915,1533,10,0.503034391896219,0.513211336236277,0.8236566013385915,0.1236566013385915,True,True,True,0.8060015,0.82646355,True,True,False,,0,,True,8,True,0,0,0,0.899644897174379,0.3528663356283555,42.95401020467292,-45.44071916704444
4864,1,hot-cold,1,row_budget,0.7,0.7,0.5,2432,0.9651091501248046,True,lambda_bank16,Lambda bank (16),lambda_bank,0.7473880641122822,1218,8,0.3975303530866346,0.4063097680982668,0.7473880641122822,0.0473880641122822,True,True,True,1.265075,1.29585005,True,True,False,,0,,True,16,True,0,0,0,0.899644897174379,0.3528663356283555,54.836650619104056,-15.145517459109147
4864,1,hot-cold,1,row_budget,0.7,0.7,0.5,2432,0.9651091501248046,True,pwl_j4_c4,"PWL DP (J=4, calls=4)",piecewise,0.8198167720649311,1521,11,0.4984028052352386,0.5093154903569774,0.8198167720649311,0.1198167720649311,True,True,True,1.122388,1.14420975,True,True,False,,0,,True,4,False,0,4,0,0.899644897174379,0.3528663356283555,43.38705282977264,-44.33666205364422
4864,1,hot-cold,1,row_budget,0.7,0.7,0.5,2432,0.9651091501248046,True,pwl_j4_c8,"PWL DP (J=4, calls=8)",piecewise,0.7020732482714969,1055,8,0.3488463091687773,0.3552576976237572,0.7020732482714969,0.0020732482714969,True,True,True,1.855539,1.8769233,True,True,False,,0,,True,8,False,0,4,0,0.899644897174379,0.3528663356283555,60.511341892833826,-0.6776962702161216
4864,1,hot-cold,1,row_budget,0.7,0.7,0.5,2432,0.9651091501248046,True,pwl_j8_c4,"PWL DP (J=8, calls=4)",piecewise,0.8182813740428736,1508,9,0.4953239697091828,0.504695202752292,0.8182813740428736,0.1182813740428736,True,True,True,2.35124,2.3851386,False,False,False,,0,,True,4,False,0,8,0,0.899644897174379,0.3528663356283555,43.900620751871344,-43.02730291728509
4864,1,hot-cold,1,row_budget,0.7,0.7,0.5,2432,0.9651091501248046,True,pwl_j8_c8,"PWL DP (J=8, calls=8)",piecewise,0.7044698943884196,1061,8,0.3507982263092158,0.3571144398236458,0.7044698943884196,0.0044698943884196,True,True,True,3.804652,3.851788,False,False,False,,0,,True,8,False,0,8,0,0.899644897174379,0.3528663356283555,60.30495577251899,-1.2038848046316497
4864,1,hot-cold,1,row_budget,0.7,0.7,0.5,2432,0.9651091501248046,True,paper_local64,Paper + local edits (64),local_edit,0.9143227686843926,2427,17,0.825668129655437,0.8269190472297712,0.9143227686843926,0.2143227686843926,True,True,True,5.2850395,5.36977565,False,False,False,,0,,True,0,False,64,0,0,0.899644897174379,0.3528663356283555,8.083839543027093,-134.3434223492194
4864,1,hot-cold,1,row_budget,0.7,0.7,0.5,2432,0.9651091501248046,True,paper_local256,Paper + local edits (256),local_edit,0.888355628411706,2259,15,0.7561776915223406,0.7621726955513831,0.888355628411706,0.188355628411706,True,True,True,16.2996735,16.3506526,False,False,False,,0,,True,0,False,256,0,0,0.899644897174379,0.3528663356283555,15.28071820945921,-115.99473188457274
4864,1,hot-cold,1,row_budget,0.7,0.7,0.5,2432,0.9651091501248046,True,td_lookup_c2,TD lookup DP (2),lookup,1.0,4864,1,1.582354161848876,1.6163955622590918,1.0,0.3,True,False,False,7.098048,7.14678315,False,False,False,,0,,True,2,False,0,0,0,0.899644897174379,0.3528663356283555,-79.6703974352432,-358.07587719603424
4864,1,hot-cold,1,row_budget,0.7,0.7,0.5,2432,0.9651091501248046,True,td_lookup_c4,TD lookup DP (4),lookup,0.8134874707777693,1483,11,0.4892333834649572,0.4942419151263584,0.8134874707777693,0.1134874707777693,True,True,True,11.152272,11.2064744,False,False,False,,0,,True,4,False,0,0,0,0.899644897174379,0.3528663356283555,45.06255560625283,-40.06490991730702
4864,1,hot-cold,1,row_budget,0.7,0.7,0.5,2432,0.9651091501248046,True,td_lookup_c8,TD lookup DP (8),lookup,0.7034800900262657,1062,8,0.3506422902264249,0.3542297904483725,0.7034800900262657,0.0034800900262657,True,True,True,19.698913,19.7959413,False,False,False,,0,,True,8,False,0,0,0,0.899644897174379,0.3528663356283555,60.62559888229857,-0.38639413351491125
4864,1,hot-cold,1,row_budget,0.7,0.7,0.5,2432,0.9651091501248046,True,predict_correct_c2,Lambda predict + correct (2),predict,0.9153142750709862,2243,14,0.734269488230305,0.7488437425296215,0.9153142750709862,0.2153142750709862,True,True,True,0.434808,0.5185847499999999,True,True,False,,0,,True,2,False,0,0,0,0.899644897174379,0.3528663356283555,16.762297559670102,-112.21739421419778
4864,1,hot-cold,1,row_budget,0.7,0.7,0.5,2432,0.9651091501248046,True,predict_correct_c4,Lambda predict + correct (4),predict,0.7103310415434951,1091,7,0.355557448883602,0.3634895917731825,0.7103310415434951,0.0103310415434951,True,True,True,0.568638,0.61835,True,True,False,,0,,True,4,False,0,0,0,0.899644897174379,0.3528663356283555,59.59632595984958,-3.0105609609684114
4864,1,hot-cold,1,row_budget,0.7,0.7,0.5,2432,0.9651091501248046,True,predict_correct_c8,Lambda predict + correct (8),predict,0.7010738427883226,1062,6,0.3457240926899202,0.3535309719615213,0.7010738427883226,0.0010738427883226,True,True,True,0.7940795,0.8274651,True,True,False,,0,,True,8,False,0,0,0,0.899644897174379,0.3528663356283555,60.70327602903126,-0.188353567926014
4864,1,hot-cold,1,row_budget,0.7,0.7,0.5,2432,0.9651091501248046,True,capped_label2,Capped-label DP (2),capped_label,0.7000146205847925,1136,2,0.3695629785897046,0.3772311116418856,0.7000146205847925,1.4620584792512936e-05,True,True,True,10.0726335,10.1601134,False,False,False,,0,,True,0,False,0,0,2,0.899644897174379,0.3528663356283555,58.0688877548575,-6.904817363816607
4864,1,hot-cold,1,row_budget,0.7,0.7,0.5,2432,0.9651091501248046,True,capped_label4,Capped-label DP (4),capped_label,0.7000146205847925,1136,2,0.3695629785897046,0.3772311116418856,0.7000146205847925,1.4620584792512936e-05,True,True,True,28.60185,28.9489089,False,False,False,,0,,True,0,False,0,0,4,0.899644897174379,0.3528663356283555,58.0688877548575,-6.904817363816607
4864,1,hot-cold,1,row_budget,0.7,0.7,0.5,2432,0.9651091501248046,True,capped_label8,Capped-label DP (8),capped_label,0.7000146205847925,1136,2,0.3695629785897046,0.3772311116418856,0.7000146205847925,1.4620584792512936e-05,True,True,True,96.9842605,97.77837,False,False,False,,0,,True,0,False,0,0,8,0.899644897174379,0.3528663356283555,58.0688877548575,-6.904817363816607
4864,1,hot-cold,2,coverage,0.9,0.9,0.75,3648,0.9935194840391552,True,paper,Paper,paper,0.9033448528689044,2340,27,0.8716312877144604,0.85660995128398,0.9033448528689044,0.0033448528689044,True,True,True,6.1069055,6.3366812,False,False,False,,0,,True,0,False,0,0,0,0.85660995128398,0.7058511131230357,0.0,-21.358447320981377
4864,1,hot-cold,2,coverage,0.9,0.9,0.75,3648,0.9935194840391552,True,incumbent_td16_trim256,TD-2L (16) + trim 256,incumbent,0.900008304790847,2111,13,0.6922193947033636,0.7058511131230357,0.900008304790847,8.304790847013521e-06,True,True,True,0.915737,1.0318366,True,True,False,,0,,True,10,True,0,0,0,0.85660995128398,0.7058511131230357,17.59947312484177,0.0
4864,1,hot-cold,2,coverage,0.9,0.9,0.75,3648,0.9935194840391552,True,lambda_bank4,Lambda bank (4),lambda_bank,0.9521491780079228,2793,18,0.9086174288741594,0.9294965839111208,0.9521491780079228,0.0521491780079228,True,True,True,0.6298524999999999,0.6805985,True,True,False,,0,,True,4,True,0,0,0,0.85660995128398,0.7058511131230357,-8.508730550922316,-31.68451060430668
4864,1,hot-cold,2,coverage,0.9,0.9,0.75,3648,0.9935194840391552,True,lambda_bank8,Lambda bank (8),lambda_bank,0.9521491780079228,2793,18,0.9086174288741594,0.9294965839111208,0.9521491780079228,0.0521491780079228,True,True,True,0.960605,1.0379698000000002,True,True,False,,0,,True,8,True,0,0,0,0.85660995128398,0.7058511131230357,-8.508730550922316,-31.68451060430668
4864,1,hot-cold,2,coverage,0.9,0.9,0.75,3648,0.9935194840391552,True,lambda_bank16,Lambda bank (16),lambda_bank,0.9335727359848932,2475,16,0.805236248080602,0.8240522031219459,0.9335727359848932,0.033572735984893,True,True,True,1.542759,1.6159932,True,True,False,,0,,True,16,True,0,0,0,0.85660995128398,0.7058511131230357,3.8007669783934883,-16.74589552971446
4864,1,hot-cold,2,coverage,0.9,0.9,0.75,3648,0.9935194840391552,True,pwl_j4_c4,"PWL DP (J=4, calls=4)",piecewise,0.9525820572879998,2812,19,0.9147984998188816,0.9336999298637068,0.9525820572879998,0.0525820572879998,True,True,True,1.3053595,1.3574251000000002,True,True,False,,0,,True,4,False,0,4,0,0.85660995128398,0.7058511131230357,-8.9994259889435,-32.28001096896409
4864,1,hot-cold,2,coverage,0.9,0.9,0.75,3648,0.9935194840391552,True,pwl_j4_c8,"PWL DP (J=4, calls=8)",piecewise,0.9071753178934328,2162,15,0.7094797530691219,0.7231213438242186,0.9071753178934328,0.0071753178934327,True,True,True,2.1834665,2.26910475,False,False,False,,0,,True,8,False,0,4,0,0.85660995128398,0.7058511131230357,15.583359411091857,-2.4467242992322724
4864,1,hot-cold,2,coverage,0.9,0.9,0.75,3648,0.9935194840391552,True,pwl_j8_c4,"PWL DP (J=8, calls=4)",piecewise,0.9498047754001244,2742,17,0.8964513371691243,0.9148744894885388,0.9498047754001244,0.0498047754001244,True,True,True,2.660393,2.80406885,False,False,False,,0,,True,4,False,0,8,0,0.85660995128398,0.7058511131230357,-6.801758270170177,-29.61295554818635
4864,1,hot-cold,2,coverage,0.9,0.9,0.75,3648,0.9935194840391552,True,pwl_j8_c8,"PWL DP (J=8, calls=8)",piecewise,0.9064391474163472,2147,14,0.7059850373285448,0.7195155445817787,0.9064391474163472,0.0064391474163473,True,True,True,4.444548,4.54303715,False,False,False,,0,,True,8,False,0,8,0,0.85660995128398,0.7058511131230357,16.004297696601512,-1.9358801317582053
4864,1,hot-cold,2,coverage,0.9,0.9,0.75,3648,0.9935194840391552,True,paper_local64,Paper + local edits (64),local_edit,0.906055254212866,2330,15,0.7828202360517972,0.7867847596766274,0.906055254212866,0.0060552542128661,True,True,True,8.0689535,8.4041877,False,False,False,,0,,True,0,False,64,0,0,0.85660995128398,0.7058511131230357,8.151340233987591,-11.466107377163581
4864,1,hot-cold,2,coverage,0.9,0.9,0.75,3648,0.9935194840391552,True,paper_local256,Paper + local edits (256),local_edit,0.9000939388310542,2259,15,0.7597225498899407,0.7631901698492435,0.9000939388310542,9.393883105413003e-05,True,True,True,10.4967815,10.71609455,False,False,False,,0,,True,0,False,142,0,0,0.85660995128398,0.7058511131230357,10.905754864826022,-8.123392548396113
4864,1,hot-cold,2,coverage,0.9,0.9,0.75,3648,0.9935194840391552,True,td_lookup_c2,TD lookup DP (2),lookup,1.0,4864,1,1.582354161848876,1.6163955622590918,1.0,0.0999999999999999,True,False,True,7.106078,7.16592665,False,False,False,,0,,True,2,False,0,0,0,0.85660995128398,0.7058511131230357,-88.69679949856555,-128.9995060158445
4864,1,hot-cold,2,coverage,0.9,0.9,0.75,3648,0.9935194840391552,True,td_lookup_c4,TD lookup DP (4),lookup,0.9504912800045224,2763,19,0.9023792256563374,0.915021960263694,0.9504912800045224,0.0504912800045224,True,True,True,12.4377445,12.5742247,False,False,False,,0,,True,4,False,0,0,0,0.85660995128398,0.7058511131230357,-6.818973897298264,-29.63384816596557
4864,1,hot-cold,2,coverage,0.9,0.9,0.75,3648,0.9935194840391552,True,td_lookup_c8,TD lookup DP (8),lookup,0.905671353047011,2151,15,0.707462384546389,0.7141138361876691,0.905671353047011,0.0056713530470109,True,True,True,21.7837445,22.01016915,False,False,False,,0,,True,8,False,0,0,0,0.85660995128398,0.7058511131230357,16.634889062720116,-1.1706042408965
4864,1,hot-cold,2,coverage,0.9,0.9,0.75,3648,0.9935194840391552,True,predict_correct_c2,Lambda predict + correct (2),predict,0.9668639651056024,3124,19,1.0162981911216875,1.038303547755713,0.9668639651056024,0.0668639651056023,True,True,True,0.485838,0.5711531999999999,True,True,False,,0,,True,2,False,0,0,0,0.85660995128398,0.7058511131230357,-21.210773491411228,-47.09951269492836
4864,1,hot-cold,2,coverage,0.9,0.9,0.75,3648,0.9935194840391552,True,predict_correct_c4,Lambda predict + correct (4),predict,0.9184621049075814,2288,14,0.7452114151750049,0.7613219089017463,0.9184621049075814,0.0184621049075813,True,True,True,0.6774519999999999,0.6999327,True,True,False,,0,,True,4,False,0,0,0,0.85660995128398,0.7058511131230357,11.123854239541064,-7.858710533625191
4864,1,hot-cold,2,coverage,0.9,0.9,0.75,3648,0.9935194840391552,True,predict_correct_c8,Lambda predict + correct (8),predict,0.9061950054032156,2150,13,0.7042495313857984,0.7185594102144223,0.9061950054032156,0.0061950054032156,True,True,True,0.8544769999999999,0.9009218999999998,True,True,False,,0,,True,7,True,0,0,0,0.85660995128398,0.7058511131230357,16.115916101912266,-1.80042176814863
4864,1,hot-cold,2,coverage,0.9,0.9,0.75,3648,0.9935194840391552,True,capped_label2,Capped-label DP (2),capped_label,0.9000154971311893,2212,2,0.7196067857750235,0.7348054588850563,0.9000154971311893,1.549713118931262e-05,True,True,True,10.073495,10.18619665,False,False,False,,0,,True,0,False,0,0,2,0.85660995128398,0.7058511131230357,14.219364626379816,-4.1020471914979595
4864,1,hot-cold,2,coverage,0.9,0.9,0.75,3648,0.9935194840391552,True,capped_label4,Capped-label DP (4),capped_label,0.9000154971311893,2212,2,0.7196067857750235,0.7348054588850563,0.9000154971311893,1.549713118931262e-05,True,True,True,28.915952,28.9851216,False,False,False,,0,,True,0,False,0,0,4,0.85660995128398,0.7058511131230357,14.219364626379816,-4.1020471914979595
4864,1,hot-cold,2,coverage,0.9,0.9,0.75,3648,0.9935194840391552,True,capped_label8,Capped-label DP (8),capped_label,0.9000154971311893,2212,2,0.7196067857750235,0.7348054588850563,0.9000154971311893,1.549713118931262e-05,True,True,True,98.2597395,98.8767539,False,False,False,,0,,True,0,False,0,0,8,0.85660995128398,0.7058511131230357,14.219364626379816,-4.1020471914979595
4864,1,hot-cold,2,row_budget,0.9,0.9,0.75,3648,0.9935194840391552,True,paper,Paper,paper,0.9662322026132312,3648,39,1.3473641385572004,1.335933510630261,0.9662322026132312,0.066232202613231,True,True,True,0.646503,0.7023805499999999,True,True,False,,0,,True,0,False,0,0,0,1.335933510630261,0.7058511131230357,0.0,-89.26562355613892
4864,1,hot-cold,2,row_budget,0.9,0.9,0.75,3648,0.9935194840391552,True,incumbent_td16_trim256,TD-2L (16) + trim 256,incumbent,0.900008304790847,2111,13,0.6922193947033636,0.7058511131230357,0.900008304790847,8.304790847013521e-06,True,True,True,0.934577,0.9969629,True,True,False,,0,,True,10,True,0,0,0,1.335933510630261,0.7058511131230357,47.164203344967945,0.0
4864,1,hot-cold,2,row_budget,0.9,0.9,0.75,3648,0.9935194840391552,True,lambda_bank4,Lambda bank (4),lambda_bank,0.9521491780079228,2793,18,0.9086174288741594,0.9294965839111208,0.9521491780079228,0.0521491780079228,True,True,True,0.6405675,0.6875920499999999,True,True,False,,0,,True,4,True,0,0,0,1.335933510630261,0.7058511131230357,30.4234397509344,-31.68451060430668
4864,1,hot-cold,2,row_budget,0.9,0.9,0.75,3648,0.9935194840391552,True,lambda_bank8,Lambda bank (8),lambda_bank,0.9521491780079228,2793,18,0.9086174288741594,0.9294965839111208,0.9521491780079228,0.0521491780079228,True,True,True,0.947802,0.975046,True,True,False,,0,,True,8,True,0,0,0,1.335933510630261,0.7058511131230357,30.4234397509344,-31.68451060430668
4864,1,hot-cold,2,row_budget,0.9,0.9,0.75,3648,0.9935194840391552,True,lambda_bank16,Lambda bank (16),lambda_bank,0.9335727359848932,2475,16,0.805236248080602,0.8240522031219459,0.9335727359848932,0.033572735984893,True,True,True,1.5360010000000002,1.56891515,True,True,False,,0,,True,16,True,0,0,0,1.335933510630261,0.7058511131230357,38.316376034823904,-16.74589552971446
4864,1,hot-cold,2,row_budget,0.9,0.9,0.75,3648,0.9935194840391552,True,pwl_j4_c4,"PWL DP (J=4, calls=4)",piecewise,0.9525820572879998,2812,19,0.9147984998188816,0.9336999298637068,0.9525820572879998,0.0525820572879998,True,True,True,1.3025395,1.3293593,True,True,False,,0,,True,4,False,0,4,0,1.335933510630261,0.7058511131230357,30.108802389184042,-32.28001096896409
4864,1,hot-cold,2,row_budget,0.9,0.9,0.75,3648,0.9935194840391552,True,pwl_j4_c8,"PWL DP (J=4, calls=8)",piecewise,0.9071753178934328,2162,15,0.7094797530691219,0.7231213438242186,0.9071753178934328,0.0071753178934327,True,True,True,2.183912,2.20547755,False,False,False,,0,,True,8,False,0,4,0,1.335933510630261,0.7058511131230357,45.87145706951632,-2.4467242992322724
4864,1,hot-cold,2,row_budget,0.9,0.9,0.75,3648,0.9935194840391552,True,pwl_j8_c4,"PWL DP (J=8, calls=4)",piecewise,0.9498047754001244,2742,17,0.8964513371691243,0.9148744894885388,0.9498047754001244,0.0498047754001244,True,True,True,2.639719,2.6715005,False,False,False,,0,,True,4,False,0,8,0,1.335933510630261,0.7058511131230357,31.517962367983177,-29.61295554818635
4864,1,hot-cold,2,row_budget,0.9,0.9,0.75,3648,0.9935194840391552,True,pwl_j8_c8,"PWL DP (J=8, calls=8)",piecewise,0.9064391474163472,2147,14,0.7059850373285448,0.7195155445817787,0.9064391474163472,0.0064391474163473,True,True,True,4.429104000000001,4.46452955,False,False,False,,0,,True,8,False,0,8,0,1.335933510630261,0.7058511131230357,46.14136565506701,-1.9358801317582053
4864,1,hot-cold,2,row_budget,0.9,0.9,0.75,3648,0.9935194840391552,True,paper_local64,Paper + local edits (64),local_edit,0.973859981620356,3646,24,1.2366820348154106,1.2414436081320772,0.973859981620356,0.0738599816203561,True,True,True,7.1496245,7.24117725,False,False,False,,0,,True,0,False,64,0,0,1.335933510630261,0.7058511131230357,7.07294949533871,-75.87896158997532
4864,1,hot-cold,2,row_budget,0.9,0.9,0.75,3648,0.9935194840391552,True,paper_local256,Paper + local edits (256),local_edit,0.9666814163866774,3482,20,1.1517545700335636,1.1659969375895889,0.9666814163866774,0.0666814163866773,True,True,True,21.4558115,21.7029168,False,False,False,,0,,True,0,False,256,0,0,1.335933510630261,0.7058511131230357,12.720436435530402,-65.19021021737001
4864,1,hot-cold,2,row_budget,0.9,0.9,0.75,3648,0.9935194840391552,True,td_lookup_c2,TD lookup DP (2),lookup,1.0,4864,1,1.582354161848876,1.6163955622590918,1.0,0.0999999999999999,True,False,False,7.095798500000001,7.1760166,False,False,False,,0,,True,2,False,0,0,0,1.335933510630261,0.7058511131230357,-20.993713339559505,-128.9995060158445
4864,1,hot-cold,2,row_budget,0.9,0.9,0.75,3648,0.9935194840391552,True,td_lookup_c4,TD lookup DP (4),lookup,0.9504912800045224,2763,19,0.9023792256563374,0.915021960263694,0.9504912800045224,0.0504912800045224,True,True,True,11.3507125,11.41450855,False,False,False,,0,,True,4,False,0,0,0,1.335933510630261,0.7058511131230357,31.50692358693743,-29.63384816596557
4864,1,hot-cold,2,row_budget,0.9,0.9,0.75,3648,0.9935194840391552,True,td_lookup_c8,TD lookup DP (8),lookup,0.905671353047011,2151,15,0.707462384546389,0.7141138361876691,0.905671353047011,0.0056713530470109,True,True,True,21.0574275,22.21959775,False,False,False,,0,,True,8,False,0,0,0,1.335933510630261,0.7058511131230357,46.54570526861269,-1.1706042408965
4864,1,hot-cold,2,row_budget,0.9,0.9,0.75,3648,0.9935194840391552,True,predict_correct_c2,Lambda predict + correct (2),predict,0.9668639651056024,3124,19,1.0162981911216875,1.038303547755713,0.9668639651056024,0.0668639651056023,True,True,True,0.506567,0.57871285,True,True,False,,0,,True,2,False,0,0,0,1.335933510630261,0.7058511131230357,22.278800591964597,-47.09951269492836
4864,1,hot-cold,2,row_budget,0.9,0.9,0.75,3648,0.9935194840391552,True,predict_correct_c4,Lambda predict + correct (4),predict,0.9184621049075814,2288,14,0.7452114151750049,0.7613219089017463,0.9184621049075814,0.0184621049075813,True,True,True,0.6864135,0.7162923499999999,True,True,False,,0,,True,4,False,0,0,0,1.335933510630261,0.7058511131230357,43.01199102771416,-7.858710533625191
4864,1,hot-cold,2,row_budget,0.9,0.9,0.75,3648,0.9935194840391552,True,predict_correct_c8,Lambda predict + correct (8),predict,0.9061950054032156,2150,13,0.7042495313857984,0.7185594102144223,0.9061950054032156,0.0061950054032156,True,True,True,0.8938605,0.93458155,True,True,False,,0,,True,7,True,0,0,0,1.335933510630261,0.7058511131230357,46.212936160616,-1.80042176814863
4864,1,hot-cold,2,row_budget,0.9,0.9,0.75,3648,0.9935194840391552,True,capped_label2,Capped-label DP (2),capped_label,0.9000154971311893,2212,2,0.7196067857750235,0.7348054588850563,0.9000154971311893,1.549713118931262e-05,True,True,True,10.070359,10.21031895,False,False,False,,0,,True,0,False,0,0,2,1.335933510630261,0.7058511131230357,44.996854032174625,-4.1020471914979595
4864,1,hot-cold,2,row_budget,0.9,0.9,0.75,3648,0.9935194840391552,True,capped_label4,Capped-label DP (4),capped_label,0.9000154971311893,2212,2,0.7196067857750235,0.7348054588850563,0.9000154971311893,1.549713118931262e-05,True,True,True,28.9761595,29.4967789,False,False,False,,0,,True,0,False,0,0,4,1.335933510630261,0.7058511131230357,44.996854032174625,-4.1020471914979595
4864,1,hot-cold,2,row_budget,0.9,0.9,0.75,3648,0.9935194840391552,True,capped_label8,Capped-label DP (8),capped_label,0.9000154971311893,2212,2,0.7196067857750235,0.7348054588850563,0.9000154971311893,1.549713118931262e-05,True,True,True,100.8776885,104.4638012,False,False,False,,0,,True,0,False,0,0,8,1.335933510630261,0.7058511131230357,44.996854032174625,-4.1020471914979595
4864,2,random,0,coverage,0.5,0.5,0.25,1216,0.7706942959119213,True,paper,Paper,paper,0.5069512655015939,1698,20,0.6344877143964192,0.6217126174388584,0.5069512655015939,0.0069512655015938,True,False,True,3.280958,4.25446685,False,False,False,,0,,True,0,False,0,0,0,0.6217126174388584,0.5737402436094613,0.0,-8.361340234318892
4864,2,random,0,coverage,0.5,0.5,0.25,1216,0.7706942959119213,True,incumbent_td16_trim256,TD-2L (16) + trim 256,incumbent,0.5000291844592839,1665,14,0.5688186033678205,0.5737402436094613,0.5000291844592839,2.918445928390412e-05,True,False,True,0.993362,1.0842651,True,True,False,,0,,True,12,True,0,0,0,0.6217126174388584,0.5737402436094613,7.716165392785346,0.0
4864,2,random,0,coverage,0.5,0.5,0.25,1216,0.7706942959119213,True,lambda_bank4,Lambda bank (4),lambda_bank,1.0,4864,1,1.582354161848876,1.6163955622590918,1.0,0.5,True,False,True,0.6133415,0.7008061999999999,True,True,False,,0,,True,4,True,0,0,0,0.6217126174388584,0.5737402436094613,-159.9907926781065,-181.72950743182565
4864,2,random,0,coverage,0.5,0.5,0.25,1216,0.7706942959119213,True,lambda_bank8,Lambda bank (8),lambda_bank,0.918579219514015,3969,26,1.2964283103602194,1.3255705696584623,0.918579219514015,0.418579219514015,True,False,True,0.9190925,1.0036034499999995,True,True,False,,0,,True,8,True,0,0,0,0.6217126174388584,0.5737402436094613,-113.21275014799323,-131.04019361081524
4864,2,random,0,coverage,0.5,0.5,0.25,1216,0.7706942959119213,True,lambda_bank16,Lambda bank (16),lambda_bank,0.6926881980840685,2579,20,0.8639187009129149,0.8771657087599759,0.6926881980840685,0.1926881980840684,True,False,True,1.4181005,1.460985,True,True,False,,0,,True,16,True,0,0,0,0.6217126174388584,0.5737402436094613,-41.0886129950933,-52.885511959494515
4864,2,random,0,coverage,0.5,0.5,0.25,1216,0.7706942959119213,True,pwl_j4_c4,"PWL DP (J=4, calls=4)",piecewise,0.65498637847209,2355,20,0.805003540249598,0.8150273736498701,0.65498637847209,0.1549863784720899,True,False,True,1.2896105,1.33072265,True,True,False,,0,,True,4,False,0,4,0,0.6217126174388584,0.5737402436094613,-31.093909113083583,-42.05511688049728
4864,2,random,0,coverage,0.5,0.5,0.25,1216,0.7706942959119213,True,pwl_j4_c8,"PWL DP (J=4, calls=8)",piecewise,0.5004458442901053,1641,15,0.5704247639809512,0.5733348064585672,0.5004458442901053,0.0004458442901053,True,False,True,2.2434685,2.3108876,False,False,False,,0,,True,8,False,0,4,0,0.6217126174388584,0.5737402436094613,7.781378344802359,0.07066562881200555
4864,2,random,0,coverage,0.5,0.5,0.25,1216,0.7706942959119213,True,pwl_j8_c4,"PWL DP (J=8, calls=4)",piecewise,0.6240341177227242,2181,20,0.7613566307193641,0.7619151580449504,0.6240341177227242,0.1240341177227242,True,False,True,2.708338,2.765163,False,False,False,,0,,True,4,False,0,8,0,0.6217126174388584,0.5737402436094613,-22.551020628092687,-32.79792842343785
4864,2,random,0,coverage,0.5,0.5,0.25,1216,0.7706942959119213,True,pwl_j8_c8,"PWL DP (J=8, calls=8)",piecewise,0.5115017810592418,1695,15,0.5857031196300573,0.5903639389734654,0.5115017810592418,0.0115017810592418,True,False,True,4.672299,4.72568065,False,False,False,,0,,True,8,False,0,8,0,0.6217126174388584,0.5737402436094613,5.042310158435215,-2.897425367867279
4864,2,random,0,coverage,0.5,0.5,0.25,1216,0.7706942959119213,True,paper_local64,Paper + local edits (64),local_edit,0.5001739056459196,1656,19,0.615753503635855,0.6034914539181572,0.5001739056459196,0.0001739056459195,True,False,True,5.455433,6.68651165,False,False,False,,0,,True,0,False,63,0,0,0.6217126174388584,0.5737402436094613,2.9308016291776817,-5.1854843093327
4864,2,random,0,coverage,0.5,0.5,0.25,1216,0.7706942959119213,True,paper_local256,Paper + local edits (256),local_edit,0.5001739056459196,1656,19,0.615753503635855,0.6034914539181572,0.5001739056459196,0.0001739056459195,True,False,True,5.463583,5.8200086,False,False,False,,0,,True,0,False,63,0,0,0.6217126174388584,0.5737402436094613,2.9308016291776817,-5.1854843093327
4864,2,random,0,coverage,0.5,0.5,0.25,1216,0.7706942959119213,True,td_lookup_c2,TD lookup DP (2),lookup,1.0,4864,1,1.582354161848876,1.6163955622590918,1.0,0.5,True,False,True,7.9478565,8.372846249999998,False,False,False,,0,,True,2,False,0,0,0,0.6217126174388584,0.5737402436094613,-159.9907926781065,-181.72950743182565
4864,2,random,0,coverage,0.5,0.5,0.25,1216,0.7706942959119213,True,td_lookup_c4,TD lookup DP (4),lookup,0.6364770880542964,2251,21,0.7850328188621362,0.7739978425299316,0.6364770880542964,0.1364770880542963,True,False,True,11.378244,12.46445165,False,False,False,,0,,True,4,False,0,0,0,0.6217126174388584,0.5737402436094613,-24.494472336497108,-34.90387874147163
4864,2,random,0,coverage,0.5,0.5,0.25,1216,0.7706942959119213,True,td_lookup_c8,TD lookup DP (8),lookup,0.5100909527238473,1700,15,0.5871771240061001,0.5806622987870996,0.5100909527238473,0.0100909527238473,True,False,True,20.1581315,22.01014285,False,False,False,,0,,True,8,False,0,0,0,0.6217126174388584,0.5737402436094613,6.602780368342098,-1.206478934454891
4864,2,random,0,coverage,0.5,0.5,0.25,1216,0.7706942959119213,True,predict_correct_c2,Lambda predict + correct (2),predict,0.6920927471638457,2576,20,0.8629427423426956,0.8761687542602272,0.6920927471638457,0.1920927471638457,True,False,True,0.429999,0.6144832499999998,True,True,False,,0,,True,2,False,0,0,0,0.6217126174388584,0.5737402436094613,-40.92825683184611,-52.711747871851514
4864,2,random,0,coverage,0.5,0.5,0.25,1216,0.7706942959119213,True,predict_correct_c4,Lambda predict + correct (4),predict,0.5000291844592839,1665,14,0.5688186033678205,0.5737402436094613,0.5000291844592839,2.918445928390412e-05,True,False,True,0.6449555,0.6954796,True,True,False,,0,,True,4,False,0,0,0,0.6217126174388584,0.5737402436094613,7.716165392785346,0.0
4864,2,random,0,coverage,0.5,0.5,0.25,1216,0.7706942959119213,True,predict_correct_c8,Lambda predict + correct (8),predict,0.5000291844592839,1665,14,0.5688186033678205,0.5737402436094613,0.5000291844592839,2.918445928390412e-05,True,False,True,0.937628,0.9607695,True,True,False,,0,,True,8,False,0,0,0,0.6217126174388584,0.5737402436094613,7.716165392785346,0.0
4864,2,random,0,coverage,0.5,0.5,0.25,1216,0.7706942959119213,True,capped_label2,Capped-label DP (2),capped_label,0.5000574043494423,2536,2,0.8250103113587068,0.842476544857907,0.5000574043494423,5.740434944234707e-05,True,False,True,10.2825655,10.6490552,False,False,False,,0,,True,0,False,0,0,2,0.6217126174388584,0.5737402436094613,-35.5089990498318,-46.83936750850819
4864,2,random,0,coverage,0.5,0.5,0.25,1216,0.7706942959119213,True,capped_label4,Capped-label DP (4),capped_label,0.5000574043494423,2536,2,0.8250103113587068,0.842476544857907,0.5000574043494423,5.740434944234707e-05,True,False,True,29.8090115,31.4541382,False,False,False,,0,,True,0,False,0,0,4,0.6217126174388584,0.5737402436094613,-35.5089990498318,-46.83936750850819
4864,2,random,0,coverage,0.5,0.5,0.25,1216,0.7706942959119213,True,capped_label8,Capped-label DP (8),capped_label,0.5000574043494423,2536,2,0.8250103113587068,0.842476544857907,0.5000574043494423,5.740434944234707e-05,True,False,True,103.138725,106.6693074,False,False,False,,0,,True,0,False,0,0,8,0.6217126174388584,0.5737402436094613,-35.5089990498318,-46.83936750850819
4864,2,random,0,row_budget,0.5,0.5,0.25,1216,0.7706942959119213,True,paper,Paper,paper,0.4191861769643156,1216,20,0.5172875191220782,0.5012178485326066,0.4191861769643156,-0.0808138230356844,False,True,False,0.958372,1.1924044499999995,True,False,True,coverage_shortfall,4,,True,0,False,0,0,0,0.5012178485326066,0.5737402436094613,0.0,12.640283801709373
4864,2,random,0,row_budget,0.5,0.5,0.25,1216,0.7706942959119213,True,incumbent_td16_trim256,TD-2L (16) + trim 256,incumbent,0.5000291844592839,1665,14,0.5688186033678205,0.5737402436094613,0.5000291844592839,2.918445928390412e-05,True,False,False,0.9290065,1.10888625,True,False,False,,0,,True,12,True,0,0,0,0.5012178485326066,0.5737402436094613,-14.46923633888444,0.0
4864,2,random,0,row_budget,0.5,0.5,0.25,1216,0.7706942959119213,True,lambda_bank4,Lambda bank (4),lambda_bank,1.0,4864,1,1.582354161848876,1.6163955622590918,1.0,0.5,True,False,False,0.596495,0.6386131999999999,True,False,False,,0,,True,4,True,0,0,0,0.5012178485326066,0.5737402436094613,-222.49361569851146,-181.72950743182565
4864,2,random,0,row_budget,0.5,0.5,0.25,1216,0.7706942959119213,True,lambda_bank8,Lambda bank (8),lambda_bank,0.918579219514015,3969,26,1.2964283103602194,1.3255705696584623,0.918579219514015,0.418579219514015,True,False,False,0.860208,0.9031347,True,False,False,,0,,True,8,True,0,0,0,0.5012178485326066,0.5737402436094613,-164.46994526218023,-131.04019361081524
4864,2,random,0,row_budget,0.5,0.5,0.25,1216,0.7706942959119213,True,lambda_bank16,Lambda bank (16),lambda_bank,0.6926881980840685,2579,20,0.8639187009129149,0.8771657087599759,0.6926881980840685,0.1926881980840684,True,False,False,1.359195,1.39884215,True,False,False,,0,,True,16,True,0,0,0,0.5012178485326066,0.5737402436094613,-75.0068780128272,-52.885511959494515
4864,2,random,0,row_budget,0.5,0.5,0.25,1216,0.7706942959119213,True,pwl_j4_c4,"PWL DP (J=4, calls=4)",piecewise,0.65498637847209,2355,20,0.805003540249598,0.8150273736498701,0.65498637847209,0.1549863784720899,True,False,False,1.2601455,1.3237545,True,False,False,,0,,True,4,False,0,4,0,0.5012178485326066,0.5737402436094613,-62.60940747341495,-42.05511688049728
4864,2,random,0,row_budget,0.5,0.5,0.25,1216,0.7706942959119213,True,pwl_j4_c8,"PWL DP (J=4, calls=8)",piecewise,0.5004458442901053,1641,15,0.5704247639809512,0.5733348064585672,0.5004458442901053,0.0004458442901053,True,False,False,2.1705125,2.23541795,False,False,False,,0,,True,8,False,0,4,0,0.5012178485326066,0.5737402436094613,-14.388345933229264,0.07066562881200555
4864,2,random,0,row_budget,0.5,0.5,0.25,1216,0.7706942959119213,True,pwl_j8_c4,"PWL DP (J=8, calls=4)",piecewise,0.6240341177227242,2181,20,0.7613566307193641,0.7619151580449504,0.6240341177227242,0.1240341177227242,True,False,False,2.6804355,2.7783083,False,False,False,,0,,True,4,False,0,8,0,0.5012178485326066,0.5737402436094613,-52.01277454016766,-32.79792842343785
4864,2,random,0,row_budget,0.5,0.5,0.25,1216,0.7706942959119213,True,pwl_j8_c8,"PWL DP (J=8, calls=8)",piecewise,0.5115017810592418,1695,15,0.5857031196300573,0.5903639389734654,0.5115017810592418,0.0115017810592418,True,False,False,4.6776335,4.9042212,False,False,False,,0,,True,8,False,0,8,0,0.5012178485326066,0.5737402436094613,-17.78589703097122,-2.897425367867279
4864,2,random,0,row_budget,0.5,0.5,0.25,1216,0.7706942959119213,True,paper_local64,Paper + local edits (64),local_edit,0.4098615117659908,1216,16,0.4779067250051966,0.4697001860634661,0.4098615117659908,-0.0901384882340091,False,True,False,2.0297795,2.2421654,False,False,True,coverage_shortfall,1,,True,0,False,15,0,0,0.5012178485326066,0.5737402436094613,6.28821630383144,18.13365171867116
4864,2,random,0,row_budget,0.5,0.5,0.25,1216,0.7706942959119213,True,paper_local256,Paper + local edits (256),local_edit,0.4098615117659908,1216,16,0.4779067250051966,0.4697001860634661,0.4098615117659908,-0.0901384882340091,False,True,False,2.021409,2.357394249999999,False,False,True,coverage_shortfall,1,,True,0,False,15,0,0,0.5012178485326066,0.5737402436094613,6.28821630383144,18.13365171867116
4864,2,random,0,row_budget,0.5,0.5,0.25,1216,0.7706942959119213,True,td_lookup_c2,TD lookup DP (2),lookup,1.0,4864,1,1.582354161848876,1.6163955622590918,1.0,0.5,True,False,False,7.289065000000001,7.44428545,False,False,False,,0,,True,2,False,0,0,0,0.5012178485326066,0.5737402436094613,-222.49361569851146,-181.72950743182565
4864,2,random,0,row_budget,0.5,0.5,0.25,1216,0.7706942959119213,True,td_lookup_c4,TD lookup DP (4),lookup,0.6364770880542964,2251,21,0.7850328188621362,0.7739978425299316,0.6364770880542964,0.1364770880542963,True,False,False,11.4266395,11.67223385,False,False,False,,0,,True,4,False,0,0,0,0.5012178485326066,0.5737402436094613,-54.423439786897234,-34.90387874147163
4864,2,random,0,row_budget,0.5,0.5,0.25,1216,0.7706942959119213,True,td_lookup_c8,TD lookup DP (8),lookup,0.5100909527238473,1700,15,0.5871771240061001,0.5806622987870996,0.5100909527238473,0.0100909527238473,True,False,False,20.096115,20.30209865,False,False,False,,0,,True,8,False,0,0,0,0.5012178485326066,0.5737402436094613,-15.85028356174445,-1.206478934454891
4864,2,random,0,row_budget,0.5,0.5,0.25,1216,0.7706942959119213,True,predict_correct_c2,Lambda predict + correct (2),predict,0.6920927471638457,2576,20,0.8629427423426956,0.8761687542602272,0.6920927471638457,0.1920927471638457,True,False,False,0.4192085,0.5365790999999999,True,False,False,,0,,True,2,False,0,0,0,0.5012178485326066,0.5737402436094613,-74.80797158867102,-52.711747871851514
4864,2,random,0,row_budget,0.5,0.5,0.25,1216,0.7706942959119213,True,predict_correct_c4,Lambda predict + correct (4),predict,0.5000291844592839,1665,14,0.5688186033678205,0.5737402436094613,0.5000291844592839,2.918445928390412e-05,True,False,False,0.6533215,0.679462,True,False,False,,0,,True,4,False,0,0,0,0.5012178485326066,0.5737402436094613,-14.46923633888444,0.0
4864,2,random,0,row_budget,0.5,0.5,0.25,1216,0.7706942959119213,True,predict_correct_c8,Lambda predict + correct (8),predict,0.5000291844592839,1665,14,0.5688186033678205,0.5737402436094613,0.5000291844592839,2.918445928390412e-05,True,False,False,0.947851,0.99961415,True,False,False,,0,,True,8,False,0,0,0,0.5012178485326066,0.5737402436094613,-14.46923633888444,0.0
4864,2,random,0,row_budget,0.5,0.5,0.25,1216,0.7706942959119213,True,capped_label2,Capped-label DP (2),capped_label,0.2870658262096923,1216,2,0.4015748906856496,0.4090302026053671,0.2870658262096923,-0.2129341737903077,False,True,False,10.9206885,11.1679614,False,False,True,coverage_shortfall,0,,True,0,False,0,0,2,0.5012178485326066,0.5737402436094613,18.392730066802944,28.70812058918609
4864,2,random,0,row_budget,0.5,0.5,0.25,1216,0.7706942959119213,True,capped_label4,Capped-label DP (4),capped_label,0.2944612033345423,1216,4,0.405847501433353,0.4154153723519476,0.2944612033345423,-0.2055387966654577,False,True,False,31.8879425,32.4634075,False,False,True,coverage_shortfall,0,,True,0,False,0,0,4,0.5012178485326066,0.5737402436094613,17.118799027580355,27.595218048759307
4864,2,random,0,row_budget,0.5,0.5,0.25,1216,0.7706942959119213,True,capped_label8,Capped-label DP (8),capped_label,0.29343889525658,1216,4,0.4063404949811649,0.4190658704478494,0.29343889525658,-0.20656110474342,False,True,False,109.6170995,112.01288745,False,False,True,coverage_shortfall,0,,True,0,False,0,0,8,0.5012178485326066,0.5737402436094613,16.390473389020364,26.958954837913907
4864,2,random,1,coverage,0.7,0.7,0.5,2432,0.9199311872085224,True,paper,Paper,paper,0.7112278542764452,2700,31,1.0000147400907622,0.980056892086654,0.7112278542764452,0.0112278542764452,True,False,True,5.9773335,6.601925,False,False,False,,0,,True,0,False,0,0,0,0.980056892086654,0.8927576354107758,0.0,-9.778606557166004
4864,2,random,1,coverage,0.7,0.7,0.5,2432,0.9199311872085224,True,incumbent_td16_trim256,TD-2L (16) + trim 256,incumbent,0.7000392822330128,2628,21,0.8846132239137308,0.8927576354107758,0.7000392822330128,3.92822330128606e-05,True,False,True,1.028482,1.1217644499999997,True,True,False,,0,,True,9,True,0,0,0,0.980056892086654,0.8927576354107758,8.907570303394131,0.0
4864,2,random,1,coverage,0.7,0.7,0.5,2432,0.9199311872085224,True,lambda_bank4,Lambda bank (4),lambda_bank,0.9510602065068936,4219,27,1.375985762028027,1.4068331511975556,0.9510602065068936,0.2510602065068936,True,False,True,0.6526099999999999,0.7161405499999999,True,True,False,,0,,True,4,True,0,0,0,0.980056892086654,0.8927576354107758,-43.54606988194796,-57.58287528397818
4864,2,random,1,coverage,0.7,0.7,0.5,2432,0.9199311872085224,True,lambda_bank8,Lambda bank (8),lambda_bank,0.9510602065068936,4219,27,1.375985762028027,1.4068331511975556,0.9510602065068936,0.2510602065068936,True,False,True,0.982727,1.0293288,True,True,False,,0,,True,8,True,0,0,0,0.980056892086654,0.8927576354107758,-43.54606988194796,-57.58287528397818
4864,2,random,1,coverage,0.7,0.7,0.5,2432,0.9199311872085224,True,lambda_bank16,Lambda bank (16),lambda_bank,0.758531683724204,2972,21,0.9773198674841066,0.9983280416897596,0.758531683724204,0.058531683724204,True,False,True,1.5466514999999998,1.6370695,True,True,False,,0,,True,16,True,0,0,0,0.980056892086654,0.8927576354107758,-1.8642947925404885,-11.825203402534745
4864,2,random,1,coverage,0.7,0.7,0.5,2432,0.9199311872085224,True,pwl_j4_c4,"PWL DP (J=4, calls=4)",piecewise,0.9200786967816544,3982,28,1.3026881280638236,1.3329369511013838,0.9200786967816544,0.2200786967816546,True,False,True,1.354151,1.4911179499999998,True,True,False,,0,,True,4,False,0,4,0,0.980056892086654,0.8927576354107758,-36.00607902092372,-49.305578382208125
4864,2,random,1,coverage,0.7,0.7,0.5,2432,0.9199311872085224,True,pwl_j4_c8,"PWL DP (J=4, calls=8)",piecewise,0.7230977190938626,2729,22,0.9164727707405418,0.9302381467337936,0.7230977190938626,0.0230977190938626,True,False,True,2.3283325,2.5693806,False,False,False,,0,,True,8,False,0,4,0,0.980056892086654,0.8927576354107758,5.083250345476431,-4.198285160089643
4864,2,random,1,coverage,0.7,0.7,0.5,2432,0.9199311872085224,True,pwl_j8_c4,"PWL DP (J=8, calls=4)",piecewise,0.9066102037590538,3880,25,1.2707967102539703,1.29666937591118,0.9066102037590538,0.2066102037590538,True,False,True,2.786183,2.96011955,False,False,False,,0,,True,4,False,0,8,0,0.980056892086654,0.8927576354107758,-32.305520871387536,-45.24315721080967
4864,2,random,1,coverage,0.7,0.7,0.5,2432,0.9199311872085224,True,pwl_j8_c8,"PWL DP (J=8, calls=8)",piecewise,0.7019266360355885,2593,22,0.8857044725307933,0.8896439839098861,0.7019266360355885,0.0019266360355885,True,False,True,4.912312,5.07211975,False,False,False,,0,,True,8,False,0,8,0,0.980056892086654,0.8927576354107758,9.22527140075189,0.34876783769618447
4864,2,random,1,coverage,0.7,0.7,0.5,2432,0.9199311872085224,True,paper_local64,Paper + local edits (64),local_edit,0.702954907312447,2681,27,0.9545585165036896,0.9356673809044602,0.702954907312447,0.002954907312447,True,False,True,9.073035,9.5930034,False,False,False,,0,,True,0,False,64,0,0,0.980056892086654,0.8927576354107758,4.529279018454069,-4.806427163621052
4864,2,random,1,coverage,0.7,0.7,0.5,2432,0.9199311872085224,True,paper_local256,Paper + local edits (256),local_edit,0.70408607827126,2681,27,0.9545585165036896,0.9356673809044602,0.70408607827126,0.00408607827126,True,False,True,10.087682,11.41028705,False,False,False,,0,,True,0,False,85,0,0,0.980056892086654,0.8927576354107758,4.529279018454069,-4.806427163621052
4864,2,random,1,coverage,0.7,0.7,0.5,2432,0.9199311872085224,True,td_lookup_c2,TD lookup DP (2),lookup,1.0,4864,1,1.582354161848876,1.6163955622590918,1.0,0.3,True,False,True,7.1945485,7.544555499999999,False,False,False,,0,,True,2,False,0,0,0,0.980056892086654,0.8927576354107758,-64.92874804620774,-81.05648141730599
4864,2,random,1,coverage,0.7,0.7,0.5,2432,0.9199311872085224,True,td_lookup_c4,TD lookup DP (4),lookup,0.90247432761748,3838,29,1.2713714134493734,1.2810881886232734,0.90247432761748,0.20247432761748,True,False,True,11.3154915,11.42730785,False,False,False,,0,,True,4,False,0,0,0,0.980056892086654,0.8927576354107758,-30.7156960955286,-43.49786972517116
4864,2,random,1,coverage,0.7,0.7,0.5,2432,0.9199311872085224,True,td_lookup_c8,TD lookup DP (8),lookup,0.7230545854266817,2714,23,0.9230139950804216,0.9214499234566612,0.7230545854266817,0.0230545854266817,True,False,True,19.944963,20.13840275,False,False,False,,0,,True,8,False,0,0,0,0.980056892086654,0.8927576354107758,5.97995576616086,-3.2138944443397044
4864,2,random,1,coverage,0.7,0.7,0.5,2432,0.9199311872085224,True,predict_correct_c2,Lambda predict + correct (2),predict,0.7865589935823735,3129,22,1.0276790182204274,1.0495274583286391,0.7865589935823735,0.0865589935823735,True,False,True,0.4621385,0.5670449999999999,True,True,False,,0,,True,2,False,0,0,0,0.980056892086654,0.8927576354107758,-7.088421784787857,-17.560177219400686
4864,2,random,1,coverage,0.7,0.7,0.5,2432,0.9199311872085224,True,predict_correct_c4,Lambda predict + correct (4),predict,0.7865589935823735,3129,22,1.0276790182204274,1.0495274583286391,0.7865589935823735,0.0865589935823735,True,False,True,0.6678035,0.7169295499999999,True,True,False,,0,,True,4,False,0,0,0,0.980056892086654,0.8927576354107758,-7.088421784787857,-17.560177219400686
4864,2,random,1,coverage,0.7,0.7,0.5,2432,0.9199311872085224,True,predict_correct_c8,Lambda predict + correct (8),predict,0.7165308667811215,2701,21,0.9040067727833948,0.9191451519928014,0.7165308667811215,0.0165308667811215,True,False,True,0.912716,0.9504281,True,True,False,,0,,True,7,True,0,0,0,0.980056892086654,0.8927576354107758,6.2151228755878085,-2.9557312685300374
4864,2,random,1,coverage,0.7,0.7,0.5,2432,0.9199311872085224,True,capped_label2,Capped-label DP (2),capped_label,0.7002885213051127,3460,2,1.1256055509862484,1.1493319452513844,0.7002885213051127,0.0002885213051126,True,False,True,10.3318335,10.52559365,False,False,False,,0,,True,0,False,0,0,2,0.980056892086654,0.8927576354107758,-17.271961916856093,-28.739525674575006
4864,2,random,1,coverage,0.7,0.7,0.5,2432,0.9199311872085224,True,capped_label4,Capped-label DP (4),capped_label,0.7002885213051127,3460,2,1.1256055509862484,1.1493319452513844,0.7002885213051127,0.0002885213051126,True,False,True,30.582267,31.15213525,False,False,False,,0,,True,0,False,0,0,4,0.980056892086654,0.8927576354107758,-17.271961916856093,-28.739525674575006
4864,2,random,1,coverage,0.7,0.7,0.5,2432,0.9199311872085224,True,capped_label8,Capped-label DP (8),capped_label,0.7002885213051127,3460,2,1.1256055509862484,1.1493319452513844,0.7002885213051127,0.0002885213051126,True,False,True,104.4553455,106.95563755,False,False,False,,0,,True,0,False,0,0,8,0.980056892086654,0.8927576354107758,-17.271961916856093,-28.739525674575006
4864,2,random,1,row_budget,0.7,0.7,0.5,2432,0.9199311872085224,True,paper,Paper,paper,0.6657714302451148,2432,30,0.923768869402618,0.907458598393574,0.6657714302451148,-0.0342285697548851,False,True,False,0.955972,1.0191036,True,False,True,coverage_shortfall,2,,True,0,False,0,0,0,0.907458598393574,0.8927576354107758,0.0,-1.646691375093523
4864,2,random,1,row_budget,0.7,0.7,0.5,2432,0.9199311872085224,True,incumbent_td16_trim256,TD-2L (16) + trim 256,incumbent,0.7000392822330128,2628,21,0.8846132239137308,0.8927576354107758,0.7000392822330128,3.92822330128606e-05,True,False,False,1.0646300000000002,1.2671768499999996,True,False,False,,0,,True,9,True,0,0,0,0.907458598393574,0.8927576354107758,1.6200147322227743,0.0
4864,2,random,1,row_budget,0.7,0.7,0.5,2432,0.9199311872085224,True,lambda_bank4,Lambda bank (4),lambda_bank,0.9510602065068936,4219,27,1.375985762028027,1.4068331511975556,0.9510602065068936,0.2510602065068936,True,False,False,0.6464785,0.7239615999999999,True,False,False,,0,,True,4,True,0,0,0,0.907458598393574,0.8927576354107758,-55.0300094889175,-57.58287528397818
4864,2,random,1,row_budget,0.7,0.7,0.5,2432,0.9199311872085224,True,lambda_bank8,Lambda bank (8),lambda_bank,0.9510602065068936,4219,27,1.375985762028027,1.4068331511975556,0.9510602065068936,0.2510602065068936,True,False,False,0.977748,1.00697895,True,False,False,,0,,True,8,True,0,0,0,0.907458598393574,0.8927576354107758,-55.0300094889175,-57.58287528397818
4864,2,random,1,row_budget,0.7,0.7,0.5,2432,0.9199311872085224,True,lambda_bank16,Lambda bank (16),lambda_bank,0.758531683724204,2972,21,0.9773198674841066,0.9983280416897596,0.758531683724204,0.058531683724204,True,False,False,1.5553325,1.5873,True,False,False,,0,,True,16,True,0,0,0,0.907458598393574,0.8927576354107758,-10.013618633075595,-11.825203402534745
4864,2,random,1,row_budget,0.7,0.7,0.5,2432,0.9199311872085224,True,pwl_j4_c4,"PWL DP (J=4, calls=4)",piecewise,0.9200786967816544,3982,28,1.3026881280638236,1.3329369511013838,0.9200786967816544,0.2200786967816546,True,False,False,1.340481,1.37614655,True,False,False,,0,,True,4,False,0,4,0,0.907458598393574,0.8927576354107758,-46.88680601638593,-49.305578382208125
4864,2,random,1,row_budget,0.7,0.7,0.5,2432,0.9199311872085224,True,pwl_j4_c8,"PWL DP (J=4, calls=8)",piecewise,0.7230977190938626,2729,22,0.9164727707405418,0.9302381467337936,0.7230977190938626,0.0230977190938626,True,False,False,2.3127180000000003,2.36427575,False,False,False,,0,,True,8,False,0,4,0,0.907458598393574,0.8927576354107758,-2.5102575897726798,-4.198285160089643
4864,2,random,1,row_budget,0.7,0.7,0.5,2432,0.9199311872085224,True,pwl_j8_c4,"PWL DP (J=8, calls=4)",piecewise,0.9066102037590538,3880,25,1.2707967102539703,1.29666937591118,0.9066102037590538,0.2066102037590538,True,False,False,2.8248455,2.9701263,False,False,False,,0,,True,4,False,0,8,0,0.907458598393574,0.8927576354107758,-42.890196666449064,-45.24315721080967
4864,2,random,1,row_budget,0.7,0.7,0.5,2432,0.9199311872085224,True,pwl_j8_c8,"PWL DP (J=8, calls=8)",piecewise,0.7019266360355885,2593,22,0.8857044725307933,0.8896439839098861,0.7019266360355885,0.0019266360355885,True,False,False,4.9031905,5.0119283,False,False,False,,0,,True,8,False,0,8,0,0.907458598393574,0.8927576354107758,1.9631324795670202,0.34876783769618447
4864,2,random,1,row_budget,0.7,0.7,0.5,2432,0.9199311872085224,True,paper_local64,Paper + local edits (64),local_edit,0.6699010307816351,2432,30,0.923768869402618,0.907458598393574,0.6699010307816351,-0.0300989692183648,False,True,False,4.121815,4.3209049,False,False,True,coverage_shortfall,2,,True,0,False,27,0,0,0.907458598393574,0.8927576354107758,0.0,-1.646691375093523
4864,2,random,1,row_budget,0.7,0.7,0.5,2432,0.9199311872085224,True,paper_local256,Paper + local edits (256),local_edit,0.6699010307816351,2432,30,0.923768869402618,0.907458598393574,0.6699010307816351,-0.0300989692183648,False,True,False,4.1163395000000005,4.2792362,False,False,True,coverage_shortfall,2,,True,0,False,27,0,0,0.907458598393574,0.8927576354107758,0.0,-1.646691375093523
4864,2,random,1,row_budget,0.7,0.7,0.5,2432,0.9199311872085224,True,td_lookup_c2,TD lookup DP (2),lookup,1.0,4864,1,1.582354161848876,1.6163955622590918,1.0,0.3,True,False,False,7.194178000000001,7.322183499999999,False,False,False,,0,,True,2,False,0,0,0,0.907458598393574,0.8927576354107758,-78.12333974470145,-81.05648141730599
4864,2,random,1,row_budget,0.7,0.7,0.5,2432,0.9199311872085224,True,td_lookup_c4,TD lookup DP (4),lookup,0.90247432761748,3838,29,1.2713714134493734,1.2810881886232734,0.90247432761748,0.20247432761748,True,False,False,11.3203605,11.43961435,False,False,False,,0,,True,4,False,0,0,0,0.907458598393574,0.8927576354107758,-41.17318309519753,-43.49786972517116
4864,2,random,1,row_budget,0.7,0.7,0.5,2432,0.9199311872085224,True,td_lookup_c8,TD lookup DP (8),lookup,0.7230545854266817,2714,23,0.9230139950804216,0.9214499234566612,0.7230545854266817,0.0230545854266817,True,False,False,20.069901,20.37955085,False,False,False,,0,,True,8,False,0,0,0,0.907458598393574,0.8927576354107758,-1.5418141486405412,-3.2138944443397044
4864,2,random,1,row_budget,0.7,0.7,0.5,2432,0.9199311872085224,True,predict_correct_c2,Lambda predict + correct (2),predict,0.7865589935823735,3129,22,1.0276790182204274,1.0495274583286391,0.7865589935823735,0.0865589935823735,True,False,False,0.495486,0.5827589499999999,True,False,False,,0,,True,2,False,0,0,0,0.907458598393574,0.8927576354107758,-15.65568502921919,-17.560177219400686
4864,2,random,1,row_budget,0.7,0.7,0.5,2432,0.9199311872085224,True,predict_correct_c4,Lambda predict + correct (4),predict,0.7865589935823735,3129,22,1.0276790182204274,1.0495274583286391,0.7865589935823735,0.0865589935823735,True,False,False,0.6738545,0.7260165999999999,True,False,False,,0,,True,4,False,0,0,0,0.907458598393574,0.8927576354107758,-15.65568502921919,-17.560177219400686
4864,2,random,1,row_budget,0.7,0.7,0.5,2432,0.9199311872085224,True,predict_correct_c8,Lambda predict + correct (8),predict,0.7165308667811215,2701,21,0.9040067727833948,0.9191451519928014,0.7165308667811215,0.0165308667811215,True,False,False,0.8935,0.94182175,True,False,False,,0,,True,7,True,0,0,0,0.907458598393574,0.8927576354107758,-1.287833254312165,-2.9557312685300374
4864,2,random,1,row_budget,0.7,0.7,0.5,2432,0.9199311872085224,True,capped_label2,Capped-label DP (2),capped_label,0.5252760627583941,2432,2,0.7991354053391164,0.815882641687828,0.5252760627583941,-0.1747239372416058,False,True,False,10.7679985,10.9835546,False,False,True,coverage_shortfall,0,,True,0,False,0,0,2,0.907458598393574,0.8927576354107758,10.091474902310482,8.610958974053029
4864,2,random,1,row_budget,0.7,0.7,0.5,2432,0.9199311872085224,True,capped_label4,Capped-label DP (4),capped_label,0.542667725199192,2432,5,0.801600373078176,0.8192988200785605,0.542667725199192,-0.1573322748008079,False,True,False,30.946027,31.35706295,False,False,True,coverage_shortfall,0,,True,0,False,0,0,4,0.907458598393574,0.8927576354107758,9.715019337640097,8.22830434806816
4864,2,random,1,row_budget,0.7,0.7,0.5,2432,0.9199311872085224,True,capped_label8,Capped-label DP (8),capped_label,0.5448478207983258,2432,4,0.801600373078176,0.8192988200785605,0.5448478207983258,-0.1551521792016741,False,True,False,106.600766,108.09240325,False,False,True,coverage_shortfall,0,,True,0,False,0,0,8,0.907458598393574,0.8927576354107758,9.715019337640097,8.22830434806816
4864,2,random,2,coverage,0.9,0.9,0.75,3648,0.9810446485433612,True,paper,Paper,paper,0.9054793735633528,3936,41,1.4335908304313858,1.4088167645599443,0.9054793735633528,0.0054793735633528,True,False,True,9.3338475,9.71166415,False,False,False,,0,,True,0,False,0,0,0,1.4088167645599443,1.290522163367858,0.0,-9.166413762579207
4864,2,random,2,coverage,0.9,0.9,0.75,3648,0.9810446485433612,True,incumbent_td16_trim256,TD-2L (16) + trim 256,incumbent,0.9000031163557245,3861,25,1.2608947118174296,1.290522163367858,0.9000031163557245,3.116355724475106e-06,True,False,True,0.980137,1.0641448999999998,True,True,False,,0,,True,9,True,0,0,0,1.4088167645599443,1.290522163367858,8.396734349554436,0.0
4864,2,random,2,coverage,0.9,0.9,0.75,3648,0.9810446485433612,True,lambda_bank4,Lambda bank (4),lambda_bank,0.9965041512754962,4712,30,1.5333046843059943,1.5697805377582863,0.9965041512754962,0.0965041512754961,True,False,True,0.7592495,0.7991936,True,True,False,,0,,True,4,True,0,0,0,1.4088167645599443,1.290522163367858,-11.425458388026799,-21.639176940723857
4864,2,random,2,coverage,0.9,0.9,0.75,3648,0.9810446485433612,True,lambda_bank8,Lambda bank (8),lambda_bank,0.9823711437837626,4504,28,1.4672228455554237,1.50029370738929,0.9823711437837626,0.0823711437837625,True,False,True,1.1131004999999998,1.1588684,True,True,False,,0,,True,8,True,0,0,0,1.4088167645599443,1.290522163367858,-6.493175346186275,-16.254780427326708
4864,2,random,2,coverage,0.9,0.9,0.75,3648,0.9810446485433612,True,lambda_bank16,Lambda bank (16),lambda_bank,0.9572579812341366,4266,28,1.3918392008256284,1.4245255756284934,0.9572579812341366,0.0572579812341366,True,False,True,1.791674,1.83866355,True,True,False,,0,,True,16,True,0,0,0,1.4088167645599443,1.290522163367858,-1.1150357849025072,-10.38365834112669
4864,2,random,2,coverage,0.9,0.9,0.75,3648,0.9810446485433612,True,pwl_j4_c4,"PWL DP (J=4, calls=4)",piecewise,0.9200786967816544,3982,28,1.3026881280638236,1.3329369511013838,0.9200786967816544,0.0200786967816545,True,False,True,1.33736,1.3576051999999998,True,True,False,,0,,True,4,False,0,4,0,1.4088167645599443,1.290522163367858,5.386066901486808,-3.286637683372784
4864,2,random,2,coverage,0.9,0.9,0.75,3648,0.9810446485433612,True,pwl_j4_c8,"PWL DP (J=4, calls=8)",piecewise,0.9070705668266827,3892,28,1.2746418548267746,1.3042868939546446,0.9070705668266827,0.0070705668266827,True,False,True,2.3963895,2.450244,False,False,False,,0,,True,8,False,0,4,0,1.4088167645599443,1.290522163367858,7.419692413864087,-1.0666016421496227
4864,2,random,2,coverage,0.9,0.9,0.75,3648,0.9810446485433612,True,pwl_j8_c4,"PWL DP (J=8, calls=4)",piecewise,0.9066102037590538,3880,25,1.2707967102539703,1.29666937591118,0.9066102037590538,0.0066102037590537,True,False,True,2.79494,2.85356135,False,False,False,,0,,True,4,False,0,8,0,1.4088167645599443,1.290522163367858,7.960395664640918,-0.47633529417887566
4864,2,random,2,coverage,0.9,0.9,0.75,3648,0.9810446485433612,True,pwl_j8_c8,"PWL DP (J=8, calls=8)",piecewise,0.9066102037590538,3880,25,1.2707967102539703,1.29666937591118,0.9066102037590538,0.0066102037590537,True,False,True,4.9764870000000005,5.03403695,False,False,False,,0,,True,8,False,0,8,0,1.4088167645599443,1.290522163367858,7.960395664640918,-0.47633529417887566
4864,2,random,2,coverage,0.9,0.9,0.75,3648,0.9810446485433612,True,paper_local64,Paper + local edits (64),local_edit,0.9068160348237804,3948,31,1.3579114205654803,1.35253950060783,0.9068160348237804,0.0068160348237803,True,False,True,12.2384425,14.565434649999997,False,False,False,,0,,True,0,False,64,0,0,1.4088167645599443,1.290522163367858,3.994647520374517,-4.805600322130554
4864,2,random,2,coverage,0.9,0.9,0.75,3648,0.9810446485433612,True,paper_local256,Paper + local edits (256),local_edit,0.9001572709716965,3886,31,1.3377416101142816,1.3314468631543377,0.9001572709716965,0.0001572709716964,True,False,True,16.323984000000003,16.648748349999998,False,False,False,,0,,True,0,False,140,0,0,1.4088167645599443,1.290522163367858,5.4918356561276305,-3.1711737270500695
4864,2,random,2,coverage,0.9,0.9,0.75,3648,0.9810446485433612,True,td_lookup_c2,TD lookup DP (2),lookup,1.0,4864,1,1.582354161848876,1.6163955622590918,1.0,0.0999999999999999,True,False,True,7.3116575,7.53552465,False,False,False,,0,,True,2,False,0,0,0,1.4088167645599443,1.290522163367858,-14.734265159315196,-25.251282631272787
4864,2,random,2,coverage,0.9,0.9,0.75,3648,0.9810446485433612,True,td_lookup_c4,TD lookup DP (4),lookup,0.90247432761748,3838,29,1.2713714134493734,1.2810881886232734,0.90247432761748,0.00247432761748,True,False,True,11.3854275,11.6364459,False,False,False,,0,,True,4,False,0,0,0,1.4088167645599443,1.290522163367858,9.066372515560461,0.7310199710142795
4864,2,random,2,coverage,0.9,0.9,0.75,3648,0.9810446485433612,True,td_lookup_c8,TD lookup DP (8),lookup,0.90247432761748,3838,29,1.2713714134493734,1.2810881886232734,0.90247432761748,0.00247432761748,True,False,True,20.0930395,20.2923575,False,False,False,,0,,True,8,False,0,0,0,1.4088167645599443,1.290522163367858,9.066372515560461,0.7310199710142795
4864,2,random,2,coverage,0.9,0.9,0.75,3648,0.9810446485433612,True,predict_correct_c2,Lambda predict + correct (2),predict,0.9823711437837626,4504,28,1.4672228455554237,1.50029370738929,0.9823711437837626,0.0823711437837625,True,False,True,0.5245005,0.6272443999999999,True,True,False,,0,,True,2,False,0,0,0,1.4088167645599443,1.290522163367858,-6.493175346186275,-16.254780427326708
4864,2,random,2,coverage,0.9,0.9,0.75,3648,0.9810446485433612,True,predict_correct_c4,Lambda predict + correct (4),predict,0.918579219514015,3969,26,1.2964283103602194,1.3255705696584623,0.918579219514015,0.0185792195140149,True,False,True,0.7283459999999999,0.7692764999999999,True,True,False,,0,,True,4,False,0,0,0,1.4088167645599443,1.290522163367858,5.908944086670109,-2.7158314119254623
4864,2,random,2,coverage,0.9,0.9,0.75,3648,0.9810446485433612,True,predict_correct_c8,Lambda predict + correct (8),predict,0.9077164110267067,3898,25,1.2719690229710727,1.299350497109964,0.9077164110267067,0.0077164110267068,True,False,True,1.050303,1.09556875,True,True,False,,0,,True,8,False,0,0,0,1.4088167645599443,1.290522163367858,7.7700855216734315,-0.6840900522829374
4864,2,random,2,coverage,0.9,0.9,0.75,3648,0.9810446485433612,True,capped_label2,Capped-label DP (2),capped_label,0.9002147963808442,4342,2,1.4125373706307198,1.4424365681774778,0.9002147963808442,0.0002147963808442,True,False,True,10.4089475,10.5143691,False,False,False,,0,,True,0,False,0,0,2,1.4088167645599443,1.290522163367858,-2.3863858283965644,-11.77154558997815
4864,2,random,2,coverage,0.9,0.9,0.75,3648,0.9810446485433612,True,capped_label4,Capped-label DP (4),capped_label,0.9002147963808442,4342,2,1.4125373706307198,1.4424365681774778,0.9002147963808442,0.0002147963808442,True,False,True,30.657602,31.10443865,False,False,False,,0,,True,0,False,0,0,4,1.4088167645599443,1.290522163367858,-2.3863858283965644,-11.77154558997815
4864,2,random,2,coverage,0.9,0.9,0.75,3648,0.9810446485433612,True,capped_label8,Capped-label DP (8),capped_label,0.9002147963808442,4342,2,1.4125373706307198,1.4424365681774778,0.9002147963808442,0.0002147963808442,True,False,True,106.426816,108.8016413,False,False,False,,0,,True,0,False,0,0,8,1.4088167645599443,1.290522163367858,-2.3863858283965644,-11.77154558997815
4864,2,random,2,row_budget,0.9,0.9,0.75,3648,0.9810446485433612,True,paper,Paper,paper,0.8656681126001666,3648,38,1.324404724759102,1.3041645530629782,0.8656681126001666,-0.0343318873998333,False,True,False,1.017973,1.2536013499999998,True,False,True,coverage_shortfall,0,,True,0,False,0,0,0,1.3041645530629782,1.290522163367858,0.0,-1.0571216893724422
4864,2,random,2,row_budget,0.9,0.9,0.75,3648,0.9810446485433612,True,incumbent_td16_trim256,TD-2L (16) + trim 256,incumbent,0.9000031163557245,3861,25,1.2608947118174296,1.290522163367858,0.9000031163557245,3.116355724475106e-06,True,False,False,0.9897755,1.2120523499999998,True,False,False,,0,,True,9,True,0,0,0,1.3041645530629782,1.290522163367858,1.0460635249654238,0.0
4864,2,random,2,row_budget,0.9,0.9,0.75,3648,0.9810446485433612,True,lambda_bank4,Lambda bank (4),lambda_bank,0.9965041512754962,4712,30,1.5333046843059943,1.5697805377582863,0.9965041512754962,0.0965041512754961,True,False,False,0.7676499999999999,0.7967305499999999,True,False,False,,0,,True,4,True,0,0,0,1.3041645530629782,1.290522163367858,-20.36675387867879,-21.639176940723857
4864,2,random,2,row_budget,0.9,0.9,0.75,3648,0.9810446485433612,True,lambda_bank8,Lambda bank (8),lambda_bank,0.9823711437837626,4504,28,1.4672228455554237,1.50029370738929,0.9823711437837626,0.0823711437837625,True,False,False,1.140512,1.2909484499999997,True,False,False,,0,,True,8,True,0,0,0,1.3041645530629782,1.290522163367858,-15.038681573247814,-16.254780427326708
4864,2,random,2,row_budget,0.9,0.9,0.75,3648,0.9810446485433612,True,lambda_bank16,Lambda bank (16),lambda_bank,0.9572579812341366,4266,28,1.3918392008256284,1.4245255756284934,0.9572579812341366,0.0572579812341366,True,False,False,1.864786,2.03495175,False,False,False,,0,,True,16,True,0,0,0,1.3041645530629782,1.290522163367858,-9.228975153697716,-10.38365834112669
4864,2,random,2,row_budget,0.9,0.9,0.75,3648,0.9810446485433612,True,pwl_j4_c4,"PWL DP (J=4, calls=4)",piecewise,0.9200786967816544,3982,28,1.3026881280638236,1.3329369511013838,0.9200786967816544,0.0200786967816545,True,False,False,1.369505,1.4096833999999998,True,False,False,,0,,True,4,False,0,4,0,1.3041645530629782,1.290522163367858,-2.206193840403836,-3.286637683372784
4864,2,random,2,row_budget,0.9,0.9,0.75,3648,0.9810446485433612,True,pwl_j4_c8,"PWL DP (J=4, calls=8)",piecewise,0.9070705668266827,3892,28,1.2746418548267746,1.3042868939546446,0.9070705668266827,0.0070705668266827,True,False,False,2.450536,2.5309526,False,False,False,,0,,True,8,False,0,4,0,1.3041645530629782,1.290522163367858,-0.009380786449009193,-1.0666016421496227
4864,2,random,2,row_budget,0.9,0.9,0.75,3648,0.9810446485433612,True,pwl_j8_c4,"PWL DP (J=8, calls=4)",piecewise,0.9066102037590538,3880,25,1.2707967102539703,1.29666937591118,0.9066102037590538,0.0066102037590537,True,False,False,2.818158,2.89735075,False,False,False,,0,,True,4,False,0,8,0,1.3041645530629782,1.290522163367858,0.5747110005554834,-0.47633529417887566
4864,2,random,2,row_budget,0.9,0.9,0.75,3648,0.9810446485433612,True,pwl_j8_c8,"PWL DP (J=8, calls=8)",piecewise,0.9066102037590538,3880,25,1.2707967102539703,1.29666937591118,0.9066102037590538,0.0066102037590537,True,False,False,5.0330785,5.23520335,False,False,False,,0,,True,8,False,0,8,0,1.3041645530629782,1.290522163367858,0.5747110005554834,-0.47633529417887566
4864,2,random,2,row_budget,0.9,0.9,0.75,3648,0.9810446485433612,True,paper_local64,Paper + local edits (64),local_edit,0.8700591432054968,3648,38,1.324404724759102,1.3041645530629782,0.8700591432054968,-0.0299408567945032,False,True,False,6.0628025,6.39477565,False,False,True,coverage_shortfall,0,,True,0,False,32,0,0,1.3041645530629782,1.290522163367858,0.0,-1.0571216893724422
4864,2,random,2,row_budget,0.9,0.9,0.75,3648,0.9810446485433612,True,paper_local256,Paper + local edits (256),local_edit,0.8700591432054968,3648,38,1.324404724759102,1.3041645530629782,0.8700591432054968,-0.0299408567945032,False,True,False,5.909211,6.1011589,False,False,True,coverage_shortfall,0,,True,0,False,32,0,0,1.3041645530629782,1.290522163367858,0.0,-1.0571216893724422
4864,2,random,2,row_budget,0.9,0.9,0.75,3648,0.9810446485433612,True,td_lookup_c2,TD lookup DP (2),lookup,1.0,4864,1,1.582354161848876,1.6163955622590918,1.0,0.0999999999999999,True,False,False,7.234237500000001,7.3080972,False,False,False,,0,,True,2,False,0,0,0,1.3041645530629782,1.290522163367858,-23.941074649115677,-25.251282631272787
4864,2,random,2,row_budget,0.9,0.9,0.75,3648,0.9810446485433612,True,td_lookup_c4,TD lookup DP (4),lookup,0.90247432761748,3838,29,1.2713714134493734,1.2810881886232734,0.90247432761748,0.00247432761748,True,False,False,11.295158,11.489367,False,False,False,,0,,True,4,False,0,0,0,1.3041645530629782,1.290522163367858,1.7694365627027087,0.7310199710142795
4864,2,random,2,row_budget,0.9,0.9,0.75,3648,0.9810446485433612,True,td_lookup_c8,TD lookup DP (8),lookup,0.90247432761748,3838,29,1.2713714134493734,1.2810881886232734,0.90247432761748,0.00247432761748,True,False,False,19.964409,20.3220934,False,False,False,,0,,True,8,False,0,0,0,1.3041645530629782,1.290522163367858,1.7694365627027087,0.7310199710142795
4864,2,random,2,row_budget,0.9,0.9,0.75,3648,0.9810446485433612,True,predict_correct_c2,Lambda predict + correct (2),predict,0.9823711437837626,4504,28,1.4672228455554237,1.50029370738929,0.9823711437837626,0.0823711437837625,True,False,False,0.5522119999999999,0.60811855,True,False,False,,0,,True,2,False,0,0,0,1.3041645530629782,1.290522163367858,-15.038681573247814,-16.254780427326708
4864,2,random,2,row_budget,0.9,0.9,0.75,3648,0.9810446485433612,True,predict_correct_c4,Lambda predict + correct (4),predict,0.918579219514015,3969,26,1.2964283103602194,1.3255705696584623,0.918579219514015,0.0185792195140149,True,False,False,0.7298344999999999,0.7721327,True,False,False,,0,,True,4,False,0,0,0,1.3041645530629782,1.290522163367858,-1.6413585651603224,-2.7158314119254623
4864,2,random,2,row_budget,0.9,0.9,0.75,3648,0.9810446485433612,True,predict_correct_c8,Lambda predict + correct (8),predict,0.9077164110267067,3898,25,1.2719690229710727,1.299350497109964,0.9077164110267067,0.0077164110267068,True,False,False,1.0376,1.06349545,True,False,False,,0,,True,8,False,0,0,0,1.3041645530629782,1.290522163367858,0.36912948919733957,-0.6840900522829374
4864,2,random,2,row_budget,0.9,0.9,0.75,3648,0.9810446485433612,True,capped_label2,Capped-label DP (2),capped_label,0.7306376872630074,3648,2,1.192176812470974,1.2154272248701654,0.7306376872630074,-0.1693623127369926,False,True,False,10.7968175,11.13607765,False,False,True,coverage_shortfall,0,,True,0,False,0,0,2,1.3041645530629782,1.290522163367858,6.804151208097409,5.8189576769234534
4864,2,random,2,row_budget,0.9,0.9,0.75,3648,0.9810446485433612,True,capped_label4,Capped-label DP (4),capped_label,0.7467348377446111,3648,4,1.196942416766489,1.223274012206918,0.7467348377446111,-0.1532651622553889,False,True,False,31.0341315,31.47604315,False,False,True,coverage_shortfall,0,,True,0,False,0,0,4,1.3041645530629782,1.290522163367858,6.202479638484249,5.210925706649128
4864,2,random,2,row_budget,0.9,0.9,0.75,3648,0.9810446485433612,True,capped_label8,Capped-label DP (8),capped_label,0.7490035633378374,3648,4,1.1946417802100335,1.2186564901050077,0.7490035633378374,-0.1509964366621626,False,True,False,107.122537,108.12785935,False,False,True,coverage_shortfall,0,,True,0,False,0,0,8,1.3041645530629782,1.290522163367858,6.556539414995233,5.568728325850958
4864,2,local,0,coverage,0.5,0.5,0.25,1216,0.7706942959119212,True,paper,Paper,paper,0.5131409616277569,582,14,0.2966442248629389,0.2941858413781902,0.5131409616277569,0.0131409616277569,True,True,True,2.3002405,2.6860881,False,False,False,,0,,True,0,False,0,0,0,0.2941858413781902,0.2644365236966225,0.0,-11.250078947376373
4864,2,local,0,coverage,0.5,0.5,0.25,1216,0.7706942959119212,True,incumbent_td16_trim256,TD-2L (16) + trim 256,incumbent,0.5002748165901587,530,12,0.2618389866252003,0.2644365236966225,0.5002748165901587,0.0002748165901587,True,True,True,0.7688675,0.8108198499999999,True,True,False,,0,,True,11,True,0,0,0,0.2941858413781902,0.2644365236966225,10.112423338322218,0.0
4864,2,local,0,coverage,0.5,0.5,0.25,1216,0.7706942959119212,True,lambda_bank4,Lambda bank (4),lambda_bank,0.6043554595910821,894,14,0.3735059767167632,0.3718159343957568,0.6043554595910821,0.104355459591082,True,True,True,0.5279715,0.7608501499999992,True,True,False,,0,,True,4,True,0,0,0,0.2941858413781902,0.2644365236966225,-26.388113259933977,-40.60687578177604
4864,2,local,0,coverage,0.5,0.5,0.25,1216,0.7706942959119212,True,lambda_bank8,Lambda bank (8),lambda_bank,0.6043554595910821,894,14,0.3735059767167632,0.3718159343957568,0.6043554595910821,0.104355459591082,True,True,True,0.7216944999999999,0.77694965,True,True,False,,0,,True,8,True,0,0,0,0.2941858413781902,0.2644365236966225,-26.388113259933977,-40.60687578177604
4864,2,local,0,coverage,0.5,0.5,0.25,1216,0.7706942959119212,True,lambda_bank16,Lambda bank (16),lambda_bank,0.6043554595910821,894,14,0.3735059767167632,0.3718159343957568,0.6043554595910821,0.104355459591082,True,True,True,1.1578195,1.2102766,True,True,False,,0,,True,16,True,0,0,0,0.2941858413781902,0.2644365236966225,-26.388113259933977,-40.60687578177604
4864,2,local,0,coverage,0.5,0.5,0.25,1216,0.7706942959119212,True,pwl_j4_c4,"PWL DP (J=4, calls=4)",piecewise,0.7087045458401254,1286,18,0.5129804544557158,0.509707797279183,0.7087045458401254,0.2087045458401254,True,False,True,1.1146980000000002,1.26325825,True,True,False,,0,,True,4,False,0,4,0,0.2941858413781902,0.2644365236966225,-73.26047878148184,-92.75241942900084
4864,2,local,0,coverage,0.5,0.5,0.25,1216,0.7706942959119212,True,pwl_j4_c8,"PWL DP (J=4, calls=8)",piecewise,0.5053064795218709,558,12,0.2686472967241246,0.2709226139758706,0.5053064795218709,0.0053064795218709,True,True,True,1.844418,2.07283885,False,False,False,,0,,True,8,False,0,4,0,0.2941858413781902,0.2644365236966225,7.9076638404271815,-2.452796682007996
4864,2,local,0,coverage,0.5,0.5,0.25,1216,0.7706942959119212,True,pwl_j8_c4,"PWL DP (J=8, calls=4)",piecewise,0.7185010908176022,1356,18,0.5303298920682348,0.5226686804701752,0.7185010908176022,0.2185010908176021,True,False,True,2.3236735,2.3880262,False,False,False,,0,,True,4,False,0,8,0,0.2941858413781902,0.2644365236966225,-77.66615756271533,-97.65374055129092
4864,2,local,0,coverage,0.5,0.5,0.25,1216,0.7706942959119212,True,pwl_j8_c8,"PWL DP (J=8, calls=8)",piecewise,0.5031059224327354,604,11,0.2687517607167751,0.2637873359120903,0.5031059224327354,0.0031059224327354,True,True,True,3.701208,3.76499655,False,False,False,,0,,True,8,False,0,8,0,0.2941858413781902,0.2644365236966225,10.333096019743904,0.2454985322969172
4864,2,local,0,coverage,0.5,0.5,0.25,1216,0.7706942959119212,True,paper_local64,Paper + local edits (64),local_edit,0.5140410611710968,565,14,0.2925106080171634,0.2899029806488776,0.5140410611710968,0.0140410611710968,True,True,True,3.6177225,4.628455299999999,False,False,False,,0,,True,0,False,37,0,0,0.2941858413781902,0.2644365236966225,1.455835097042213,-9.630461252573319
4864,2,local,0,coverage,0.5,0.5,0.25,1216,0.7706942959119212,True,paper_local256,Paper + local edits (256),local_edit,0.5140410611710968,565,14,0.2925106080171634,0.2899029806488776,0.5140410611710968,0.0140410611710968,True,True,True,3.5468745000000004,3.6888045,False,False,False,,0,,True,0,False,37,0,0,0.2941858413781902,0.2644365236966225,1.455835097042213,-9.630461252573319
4864,2,local,0,coverage,0.5,0.5,0.25,1216,0.7706942959119212,True,td_lookup_c2,TD lookup DP (2),lookup,1.0,4864,1,1.582354161848876,1.6163955622590918,1.0,0.5,True,False,True,7.364440999999999,7.5792385,False,False,False,,0,,True,2,False,0,0,0,0.2941858413781902,0.2644365236966225,-449.447095987579,-511.26032806024864
4864,2,local,0,coverage,0.5,0.5,0.25,1216,0.7706942959119212,True,td_lookup_c4,TD lookup DP (4),lookup,0.7182403852587995,1373,18,0.5344635089140103,0.5165157914505798,0.7182403852587995,0.2182403852587995,True,False,True,11.36527,12.336516399999995,False,False,False,,0,,True,4,False,0,0,0,0.2941858413781902,0.2644365236966225,-75.57466023205843,-95.32694811975284
4864,2,local,0,coverage,0.5,0.5,0.25,1216,0.7706942959119212,True,td_lookup_c8,TD lookup DP (8),lookup,0.5013923270327659,602,11,0.2682654528525662,0.2582852571045183,0.5013923270327659,0.0013923270327659,True,True,True,20.032386,20.4706932,False,False,False,,0,,True,8,False,0,0,0,0.2941858413781902,0.2644365236966225,12.20336917150271,2.32617889016018
4864,2,local,0,coverage,0.5,0.5,0.25,1216,0.7706942959119212,True,predict_correct_c2,Lambda predict + correct (2),predict,0.831256017965232,2055,20,0.7403560853397662,0.747468594926795,0.831256017965232,0.3312560179652319,True,False,True,0.3608345,0.4597569999999999,True,True,False,,0,,True,2,False,0,0,0,0.2941858413781902,0.2644365236966225,-154.08041101675173,-182.6646578459547
4864,2,local,0,coverage,0.5,0.5,0.25,1216,0.7706942959119212,True,predict_correct_c4,Lambda predict + correct (4),predict,0.6053878388105349,899,14,0.3747217463772854,0.3733946537551377,0.6053878388105349,0.1053878388105349,True,True,True,0.5217755,0.5602131499999999,True,True,False,,0,,True,4,False,0,0,0,0.2941858413781902,0.2644365236966225,-26.924753416368773,-41.203888379473064
4864,2,local,0,coverage,0.5,0.5,0.25,1216,0.7706942959119212,True,predict_correct_c8,Lambda predict + correct (8),predict,0.5013911396623029,534,12,0.262811602353618,0.2658338623125236,0.5013911396623029,0.0013911396623028,True,True,True,0.7438705000000001,0.7869007,True,True,False,,0,,True,8,False,0,0,0,0.2941858413781902,0.2644365236966225,9.637438339263504,-0.5284211864410082
4864,2,local,0,coverage,0.5,0.5,0.25,1216,0.7706942959119212,True,capped_label2,Capped-label DP (2),capped_label,0.5000518072486392,3044,2,0.9902726292491734,1.0110875879529095,0.5000518072486392,5.1807248639179626e-05,True,False,True,10.279991,11.674980299999996,False,False,False,,0,,True,0,False,0,0,2,0.2941858413781902,0.2644365236966225,-243.69009168361276,-282.3554983323295
4864,2,local,0,coverage,0.5,0.5,0.25,1216,0.7706942959119212,True,capped_label4,Capped-label DP (4),capped_label,0.5000518072486392,3044,2,0.9902726292491734,1.0110875879529095,0.5000518072486392,5.1807248639179626e-05,True,False,True,29.94236,30.86983625,False,False,False,,0,,True,0,False,0,0,4,0.2941858413781902,0.2644365236966225,-243.69009168361276,-282.3554983323295
4864,2,local,0,coverage,0.5,0.5,0.25,1216,0.7706942959119212,True,capped_label8,Capped-label DP (8),capped_label,0.5001035564073683,2327,4,0.7688269002310201,0.7814356927934015,0.5001035564073683,0.0001035564073682,True,False,True,103.8918125,105.80437135,False,False,False,,0,,True,0,False,0,0,8,0.2941858413781902,0.2644365236966225,-165.62654719634446,-195.5097434611232
4864,2,local,0,row_budget,0.5,0.5,0.25,1216,0.7706942959119212,True,paper,Paper,paper,0.6992072932835327,1212,27,0.5938792215827372,0.5809549945257908,0.6992072932835327,0.1992072932835327,True,True,True,0.6534610000000001,0.8465484999999994,True,True,False,,0,,True,0,False,0,0,0,0.5809549945257908,0.2644365236966225,0.0,-119.69544388365101
4864,2,local,0,row_budget,0.5,0.5,0.25,1216,0.7706942959119212,True,incumbent_td16_trim256,TD-2L (16) + trim 256,incumbent,0.5002748165901587,530,12,0.2618389866252003,0.2644365236966225,0.5002748165901587,0.0002748165901587,True,True,True,0.7278355000000001,0.8003191499999999,True,True,False,,0,,True,11,True,0,0,0,0.5809549945257908,0.2644365236966225,54.48244249755165,0.0
4864,2,local,0,row_budget,0.5,0.5,0.25,1216,0.7706942959119212,True,lambda_bank4,Lambda bank (4),lambda_bank,0.6043554595910821,894,14,0.3735059767167632,0.3718159343957568,0.6043554595910821,0.104355459591082,True,True,True,0.4788205,0.56396105,True,True,False,,0,,True,4,True,0,0,0,0.5809549945257908,0.2644365236966225,35.99918446363396,-40.60687578177604
4864,2,local,0,row_budget,0.5,0.5,0.25,1216,0.7706942959119212,True,lambda_bank8,Lambda bank (8),lambda_bank,0.6043554595910821,894,14,0.3735059767167632,0.3718159343957568,0.6043554595910821,0.104355459591082,True,True,True,0.711164,0.78768625,True,True,False,,0,,True,8,True,0,0,0,0.5809549945257908,0.2644365236966225,35.99918446363396,-40.60687578177604
4864,2,local,0,row_budget,0.5,0.5,0.25,1216,0.7706942959119212,True,lambda_bank16,Lambda bank (16),lambda_bank,0.6043554595910821,894,14,0.3735059767167632,0.3718159343957568,0.6043554595910821,0.104355459591082,True,True,True,1.095157,1.13104195,True,True,False,,0,,True,16,True,0,0,0,0.5809549945257908,0.2644365236966225,35.99918446363396,-40.60687578177604
4864,2,local,0,row_budget,0.5,0.5,0.25,1216,0.7706942959119212,True,pwl_j4_c4,"PWL DP (J=4, calls=4)",piecewise,0.7087045458401254,1286,18,0.5129804544557158,0.509707797279183,0.7087045458401254,0.2087045458401254,True,False,False,1.047939,1.08362105,True,False,False,,0,,True,4,False,0,4,0,0.5809549945257908,0.2644365236966225,12.263806649044106,-92.75241942900084
4864,2,local,0,row_budget,0.5,0.5,0.25,1216,0.7706942959119212,True,pwl_j4_c8,"PWL DP (J=4, calls=8)",piecewise,0.5053064795218709,558,12,0.2686472967241246,0.2709226139758706,0.5053064795218709,0.0053064795218709,True,True,True,1.684158,1.7117317,True,True,False,,0,,True,8,False,0,4,0,0.5809549945257908,0.2644365236966225,53.36598935740051,-2.452796682007996
4864,2,local,0,row_budget,0.5,0.5,0.25,1216,0.7706942959119212,True,pwl_j8_c4,"PWL DP (J=8, calls=4)",piecewise,0.7185010908176022,1356,18,0.5303298920682348,0.5226686804701752,0.7185010908176022,0.2185010908176021,True,False,False,2.2901455000000004,2.3451145,False,False,False,,0,,True,4,False,0,8,0,0.5809549945257908,0.2644365236966225,10.032844988826072,-97.65374055129092
4864,2,local,0,row_budget,0.5,0.5,0.25,1216,0.7706942959119212,True,pwl_j8_c8,"PWL DP (J=8, calls=8)",piecewise,0.5031059224327354,604,11,0.2687517607167751,0.2637873359120903,0.5031059224327354,0.0031059224327354,True,True,True,3.609848,3.65000925,False,False,False,,0,,True,8,False,0,8,0,0.5809549945257908,0.2644365236966225,54.59418743315756,0.2454985322969172
4864,2,local,0,row_budget,0.5,0.5,0.25,1216,0.7706942959119212,True,paper_local64,Paper + local edits (64),local_edit,0.7005034406385919,1210,25,0.5719829082135531,0.5645395616488067,0.7005034406385919,0.2005034406385919,True,True,True,6.027412,7.228935199999997,False,False,False,,0,,True,0,False,63,0,0,0.5809549945257908,0.2644365236966225,2.8255945867860732,-113.4877413138589
4864,2,local,0,row_budget,0.5,0.5,0.25,1216,0.7706942959119212,True,paper_local256,Paper + local edits (256),local_edit,0.7005034406385919,1210,25,0.5719829082135531,0.5645395616488067,0.7005034406385919,0.2005034406385919,True,True,True,6.1987625,6.41735865,False,False,False,,0,,True,0,False,63,0,0,0.5809549945257908,0.2644365236966225,2.8255945867860732,-113.4877413138589
4864,2,local,0,row_budget,0.5,0.5,0.25,1216,0.7706942959119212,True,td_lookup_c2,TD lookup DP (2),lookup,1.0,4864,1,1.582354161848876,1.6163955622590918,1.0,0.5,True,False,False,6.933816,7.322821849999999,False,False,False,,0,,True,2,False,0,0,0,0.5809549945257908,0.2644365236966225,-178.2307713144781,-511.26032806024864
4864,2,local,0,row_budget,0.5,0.5,0.25,1216,0.7706942959119212,True,td_lookup_c4,TD lookup DP (4),lookup,0.7182403852587995,1373,18,0.5344635089140103,0.5165157914505798,0.7182403852587995,0.2182403852587995,True,False,False,11.018181,11.35860725,False,False,False,,0,,True,4,False,0,0,0,0.5809549945257908,0.2644365236966225,11.09194407181403,-95.32694811975284
4864,2,local,0,row_budget,0.5,0.5,0.25,1216,0.7706942959119212,True,td_lookup_c8,TD lookup DP (8),lookup,0.5013923270327659,602,11,0.2682654528525662,0.2582852571045183,0.5013923270327659,0.0013923270327659,True,True,True,19.5465735,21.23728685,False,False,False,,0,,True,8,False,0,0,0,0.5809549945257908,0.2644365236966225,55.54126231149012,2.32617889016018
4864,2,local,0,row_budget,0.5,0.5,0.25,1216,0.7706942959119212,True,predict_correct_c2,Lambda predict + correct (2),predict,0.831256017965232,2055,20,0.7403560853397662,0.747468594926795,0.831256017965232,0.3312560179652319,True,False,False,0.303177,0.4483375999999999,True,False,False,,0,,True,2,False,0,0,0,0.5809549945257908,0.2644365236966225,-28.662048174131314,-182.6646578459547
4864,2,local,0,row_budget,0.5,0.5,0.25,1216,0.7706942959119212,True,predict_correct_c4,Lambda predict + correct (4),predict,0.6053878388105349,899,14,0.3747217463772854,0.3733946537551377,0.6053878388105349,0.1053878388105349,True,True,True,0.480884,0.5233553,True,True,False,,0,,True,4,False,0,0,0,0.5809549945257908,0.2644365236966225,35.72743891118036,-41.203888379473064
4864,2,local,0,row_budget,0.5,0.5,0.25,1216,0.7706942959119212,True,predict_correct_c8,Lambda predict + correct (8),predict,0.5013911396623029,534,12,0.262811602353618,0.2658338623125236,0.5013911396623029,0.0013911396623028,True,True,True,0.753298,0.788222,True,True,False,,0,,True,8,False,0,0,0,0.5809549945257908,0.2644365236966225,54.241918080158236,-0.5284211864410082
4864,2,local,0,row_budget,0.5,0.5,0.25,1216,0.7706942959119212,True,capped_label2,Capped-label DP (2),capped_label,0.3274120549155339,1216,2,0.4064226605724669,0.41799325979095,0.3274120549155339,-0.1725879450844661,False,True,False,10.1427345,10.682147,False,False,True,coverage_shortfall,0,,True,0,False,0,0,2,0.5809549945257908,0.2644365236966225,28.05066421158142,-58.06941263170475
4864,2,local,0,row_budget,0.5,0.5,0.25,1216,0.7706942959119212,True,capped_label4,Capped-label DP (4),capped_label,0.3243398617518446,1216,3,0.3955885404622191,0.4038165649685154,0.3243398617518446,-0.1756601382481554,False,True,False,31.6060655,32.525093899999995,False,False,True,coverage_shortfall,0,,True,0,False,0,0,4,0.5809549945257908,0.2644365236966225,30.490903981618413,-52.70831703709662
4864,2,local,0,row_budget,0.5,0.5,0.25,1216,0.7706942959119212,True,capped_label8,Capped-label DP (8),capped_label,0.4128938831199473,1216,7,0.4174915395150062,0.4223098238858105,0.4128938831199473,-0.0871061168800527,False,True,False,105.4522445,108.5283382,False,False,True,coverage_shortfall,0,,True,0,False,0,0,8,0.5809549945257908,0.2644365236966225,27.307652423140915,-59.70177567842698
4864,2,local,1,coverage,0.7,0.7,0.5,2432,0.9199311872085222,True,paper,Paper,paper,0.7029433224021127,1260,26,0.5944699934395966,0.5824967783456975,0.7029433224021127,0.0029433224021127,True,True,True,4.5726375,5.71359105,False,False,False,,0,,True,0,False,0,0,0,0.5824967783456975,0.4984007901080009,0.0,-16.873165112654288
4864,2,local,1,coverage,0.7,0.7,0.5,2432,0.9199311872085222,True,incumbent_td16_trim256,TD-2L (16) + trim 256,incumbent,0.7001602991142626,1233,18,0.5002576272367844,0.4984007901080009,0.7001602991142626,0.0001602991142626,True,True,True,0.8596515,0.9398904499999998,True,True,False,,0,,True,11,True,0,0,0,0.5824967783456975,0.4984007901080009,14.43715937391634,0.0
4864,2,local,1,coverage,0.7,0.7,0.5,2432,0.9199311872085222,True,lambda_bank4,Lambda bank (4),lambda_bank,0.8760395429143909,2294,24,0.8432031706058531,0.8464014127164443,0.8760395429143909,0.1760395429143909,True,True,True,0.508576,0.5827793499999999,True,True,False,,0,,True,4,True,0,0,0,0.5824967783456975,0.4984007901080009,-45.30576720445411,-69.82344922307074
4864,2,local,1,coverage,0.7,0.7,0.5,2432,0.9199311872085222,True,lambda_bank8,Lambda bank (8),lambda_bank,0.8760395429143909,2294,24,0.8432031706058531,0.8464014127164443,0.8760395429143909,0.1760395429143909,True,True,True,0.768937,0.8539036999999999,True,True,False,,0,,True,8,True,0,0,0,0.5824967783456975,0.4984007901080009,-45.30576720445411,-69.82344922307074
4864,2,local,1,coverage,0.7,0.7,0.5,2432,0.9199311872085222,True,lambda_bank16,Lambda bank (16),lambda_bank,0.7415769369091281,1539,17,0.5672208754771064,0.5694722785814106,0.7415769369091281,0.0415769369091281,True,True,True,1.208304,1.2342189,True,True,False,,0,,True,16,True,0,0,0,0.5824967783456975,0.4984007901080009,2.235977991376492,-14.259906862910231
4864,2,local,1,coverage,0.7,0.7,0.5,2432,0.9199311872085222,True,pwl_j4_c4,"PWL DP (J=4, calls=4)",piecewise,0.7087045458401254,1286,18,0.5129804544557158,0.509707797279183,0.7087045458401254,0.0087045458401254,True,True,True,1.111938,1.477297399999998,True,True,False,,0,,True,4,False,0,4,0,0.5824967783456975,0.4984007901080009,12.49603152711618,-2.268657553438458
4864,2,local,1,coverage,0.7,0.7,0.5,2432,0.9199311872085222,True,pwl_j4_c8,"PWL DP (J=4, calls=8)",piecewise,0.7087045458401254,1286,18,0.5129804544557158,0.509707797279183,0.7087045458401254,0.0087045458401254,True,True,True,1.858424,1.89604165,True,True,False,,0,,True,8,False,0,4,0,0.5824967783456975,0.4984007901080009,12.49603152711618,-2.268657553438458
4864,2,local,1,coverage,0.7,0.7,0.5,2432,0.9199311872085222,True,pwl_j8_c4,"PWL DP (J=8, calls=4)",piecewise,0.7185010908176022,1356,18,0.5303298920682348,0.5226686804701752,0.7185010908176022,0.0185010908176022,True,True,True,2.1878450000000003,2.2047009,False,False,False,,0,,True,4,False,0,8,0,0.5824967783456975,0.4984007901080009,10.270974896279295,-4.869151663446525
4864,2,local,1,coverage,0.7,0.7,0.5,2432,0.9199311872085222,True,pwl_j8_c8,"PWL DP (J=8, calls=8)",piecewise,0.7034792806367726,1301,17,0.5057936433270346,0.4984886414938523,0.7034792806367726,0.0034792806367726,True,True,True,3.821959,3.90017775,False,False,False,,0,,True,8,False,0,8,0,0.5824967783456975,0.4984007901080009,14.422077507523722,-0.01762665461111368
4864,2,local,1,coverage,0.7,0.7,0.5,2432,0.9199311872085222,True,paper_local64,Paper + local edits (64),local_edit,0.7062567644646625,1311,23,0.5743802215877941,0.5655434865295307,0.7062567644646625,0.0062567644646625,True,True,True,6.8485115,7.2789997,False,False,False,,0,,True,0,False,63,0,0,0.5824967783456975,0.4984007901080009,2.910452460237545,-13.471627203275549
4864,2,local,1,coverage,0.7,0.7,0.5,2432,0.9199311872085222,True,paper_local256,Paper + local edits (256),local_edit,0.7062567644646625,1311,23,0.5743802215877941,0.5655434865295307,0.7062567644646625,0.0062567644646625,True,True,True,8.147655,9.1128946,False,False,False,,0,,True,0,False,63,0,0,0.5824967783456975,0.4984007901080009,2.910452460237545,-13.471627203275549
4864,2,local,1,coverage,0.7,0.7,0.5,2432,0.9199311872085222,True,td_lookup_c2,TD lookup DP (2),lookup,1.0,4864,1,1.582354161848876,1.6163955622590918,1.0,0.3,True,False,True,7.397378,7.8594246,False,False,False,,0,,True,2,False,0,0,0,0.5824967783456975,0.4984007901080009,-177.49433513601355,-224.31641248177536
4864,2,local,1,coverage,0.7,0.7,0.5,2432,0.9199311872085222,True,td_lookup_c4,TD lookup DP (4),lookup,0.7182403852587995,1373,18,0.5344635089140103,0.5165157914505798,0.7182403852587995,0.0182403852587995,True,True,True,12.8637905,13.15834405,False,False,False,,0,,True,4,False,0,0,0,0.5824967783456975,0.4984007901080009,11.327270698819136,-3.6346253260660877
4864,2,local,1,coverage,0.7,0.7,0.5,2432,0.9199311872085222,True,td_lookup_c8,TD lookup DP (8),lookup,0.7182403852587995,1373,18,0.5344635089140103,0.5165157914505798,0.7182403852587995,0.0182403852587995,True,True,True,19.992697,22.98149435,False,False,False,,0,,True,8,False,0,0,0,0.5824967783456975,0.4984007901080009,11.327270698819136,-3.6346253260660877
4864,2,local,1,coverage,0.7,0.7,0.5,2432,0.9199311872085222,True,predict_correct_c2,Lambda predict + correct (2),predict,0.9374205789693206,2993,24,1.0253752284260105,1.0389143759860435,0.9374205789693206,0.2374205789693206,True,False,True,0.34798,0.4841482999999998,True,True,False,,0,,True,2,False,0,0,0,0.5824967783456975,0.4984007901080009,-78.35538574763987,-108.4495844721506
4864,2,local,1,coverage,0.7,0.7,0.5,2432,0.9199311872085222,True,predict_correct_c4,Lambda predict + correct (4),predict,0.7261742382303001,1429,17,0.5403800394127013,0.5416105611405571,0.7261742382303001,0.0261742382303001,True,True,True,0.550549,0.5799756,True,True,False,,0,,True,4,False,0,0,0,0.5824967783456975,0.4984007901080009,7.0191319034000665,-8.669683493718527
4864,2,local,1,coverage,0.7,0.7,0.5,2432,0.9199311872085222,True,predict_correct_c8,Lambda predict + correct (8),predict,0.7084907945418519,1279,18,0.5115248737048907,0.5092835088635352,0.7084907945418519,0.0084907945418519,True,True,True,0.7886195,0.8346478,True,True,False,,0,,True,8,False,0,0,0,0.5824967783456975,0.4984007901080009,12.568871142959692,-2.1835275889462435
4864,2,local,1,coverage,0.7,0.7,0.5,2432,0.9199311872085222,True,capped_label2,Capped-label DP (2),capped_label,0.7000514937131632,3500,2,1.1386183319225056,1.162624671914699,0.7000514937131632,5.149371316326423e-05,True,False,True,10.212866,10.4168907,False,False,False,,0,,True,0,False,0,0,2,0.5824967783456975,0.4984007901080009,-99.59332225262713,-133.27103307014508
4864,2,local,1,coverage,0.7,0.7,0.5,2432,0.9199311872085222,True,capped_label4,Capped-label DP (4),capped_label,0.7000514937131632,3500,2,1.1386183319225056,1.162624671914699,0.7000514937131632,5.149371316326423e-05,True,False,True,30.437987,31.78103765,False,False,False,,0,,True,0,False,0,0,4,0.5824967783456975,0.4984007901080009,-99.59332225262713,-133.27103307014508
4864,2,local,1,coverage,0.7,0.7,0.5,2432,0.9199311872085222,True,capped_label8,Capped-label DP (8),capped_label,0.7000810001531476,3317,4,1.079648280336628,1.1024480089292834,0.7000810001531476,8.100015314760345e-05,True,False,True,105.6530845,108.31431955,False,False,False,,0,,True,0,False,0,0,8,0.5824967783456975,0.4984007901080009,-89.26250752154507,-121.19708291200513
4864,2,local,1,row_budget,0.7,0.7,0.5,2432,0.9199311872085222,True,paper,Paper,paper,0.8878487558835134,2430,40,1.0420001030281674,1.01775203163535,0.8878487558835134,0.1878487558835134,True,True,True,0.6992425,0.74901025,True,True,False,,0,,True,0,False,0,0,0,1.01775203163535,0.4984007901080009,0.0,-104.20353495322678
4864,2,local,1,row_budget,0.7,0.7,0.5,2432,0.9199311872085222,True,incumbent_td16_trim256,TD-2L (16) + trim 256,incumbent,0.7001602991142626,1233,18,0.5002576272367844,0.4984007901080009,0.7001602991142626,0.0001602991142626,True,True,True,0.8359375,0.89691795,True,True,False,,0,,True,11,True,0,0,0,1.01775203163535,0.4984007901080009,51.02925126986406,0.0
4864,2,local,1,row_budget,0.7,0.7,0.5,2432,0.9199311872085222,True,lambda_bank4,Lambda bank (4),lambda_bank,0.8760395429143909,2294,24,0.8432031706058531,0.8464014127164443,0.8760395429143909,0.1760395429143909,True,True,True,0.5090064999999999,0.5736974499999999,True,True,False,,0,,True,4,True,0,0,0,1.01775203163535,0.4984007901080009,16.83618539612004,-69.82344922307074
4864,2,local,1,row_budget,0.7,0.7,0.5,2432,0.9199311872085222,True,lambda_bank8,Lambda bank (8),lambda_bank,0.8760395429143909,2294,24,0.8432031706058531,0.8464014127164443,0.8760395429143909,0.1760395429143909,True,True,True,0.771908,0.8265452,True,True,False,,0,,True,8,True,0,0,0,1.01775203163535,0.4984007901080009,16.83618539612004,-69.82344922307074
4864,2,local,1,row_budget,0.7,0.7,0.5,2432,0.9199311872085222,True,lambda_bank16,Lambda bank (16),lambda_bank,0.7415769369091281,1539,17,0.5672208754771064,0.5694722785814106,0.7415769369091281,0.0415769369091281,True,True,True,1.260305,1.3013357,True,True,False,,0,,True,16,True,0,0,0,1.01775203163535,0.4984007901080009,44.04606811087688,-14.259906862910231
4864,2,local,1,row_budget,0.7,0.7,0.5,2432,0.9199311872085222,True,pwl_j4_c4,"PWL DP (J=4, calls=4)",piecewise,0.7087045458401254,1286,18,0.5129804544557158,0.509707797279183,0.7087045458401254,0.0087045458401254,True,True,True,1.1063285,1.13268675,True,True,False,,0,,True,4,False,0,4,0,1.01775203163535,0.4984007901080009,49.918272679822465,-2.268657553438458
4864,2,local,1,row_budget,0.7,0.7,0.5,2432,0.9199311872085222,True,pwl_j4_c8,"PWL DP (J=4, calls=8)",piecewise,0.7087045458401254,1286,18,0.5129804544557158,0.509707797279183,0.7087045458401254,0.0087045458401254,True,True,True,1.7935625,1.89095905,True,True,False,,0,,True,8,False,0,4,0,1.01775203163535,0.4984007901080009,49.918272679822465,-2.268657553438458
4864,2,local,1,row_budget,0.7,0.7,0.5,2432,0.9199311872085222,True,pwl_j8_c4,"PWL DP (J=8, calls=4)",piecewise,0.7185010908176022,1356,18,0.5303298920682348,0.5226686804701752,0.7185010908176022,0.0185010908176022,True,True,True,2.1889715,2.212418,False,False,False,,0,,True,4,False,0,8,0,1.01775203163535,0.4984007901080009,48.64479124346843,-4.869151663446525
4864,2,local,1,row_budget,0.7,0.7,0.5,2432,0.9199311872085222,True,pwl_j8_c8,"PWL DP (J=8, calls=8)",piecewise,0.7034792806367726,1301,17,0.5057936433270346,0.4984886414938523,0.7034792806367726,0.0034792806367726,True,True,True,3.6923175,3.86589425,False,False,False,,0,,True,8,False,0,8,0,1.01775203163535,0.4984007901080009,51.02061936512492,-0.01762665461111368
4864,2,local,1,row_budget,0.7,0.7,0.5,2432,0.9199311872085222,True,paper_local64,Paper + local edits (64),local_edit,0.8887709725085987,2426,32,0.9664798201056172,0.9558415616770114,0.8887709725085987,0.1887709725085987,True,True,True,7.708614499999999,9.3645561,False,False,False,,0,,True,0,False,64,0,0,1.01775203163535,0.4984007901080009,6.083060316652911,-91.78171075328461
4864,2,local,1,row_budget,0.7,0.7,0.5,2432,0.9199311872085222,True,paper_local256,Paper + local edits (256),local_edit,0.8361616612452618,2357,28,0.8943930179025581,0.8886411943755043,0.8361616612452618,0.1361616612452618,True,True,True,25.8194995,26.7392945,False,False,False,,0,,True,0,False,256,0,0,1.01775203163535,0.4984007901080009,12.685883520407938,-78.29851236450492
4864,2,local,1,row_budget,0.7,0.7,0.5,2432,0.9199311872085222,True,td_lookup_c2,TD lookup DP (2),lookup,1.0,4864,1,1.582354161848876,1.6163955622590918,1.0,0.3,True,False,False,7.218212,7.31382105,False,False,False,,0,,True,2,False,0,0,0,1.01775203163535,0.4984007901080009,-58.820175447041436,-224.31641248177536
4864,2,local,1,row_budget,0.7,0.7,0.5,2432,0.9199311872085222,True,td_lookup_c4,TD lookup DP (4),lookup,0.7182403852587995,1373,18,0.5344635089140103,0.5165157914505798,0.7182403852587995,0.0182403852587995,True,True,True,11.1046725,12.027274799999995,False,False,False,,0,,True,4,False,0,0,0,1.01775203163535,0.4984007901080009,49.24934803415435,-3.6346253260660877
4864,2,local,1,row_budget,0.7,0.7,0.5,2432,0.9199311872085222,True,td_lookup_c8,TD lookup DP (8),lookup,0.7182403852587995,1373,18,0.5344635089140103,0.5165157914505798,0.7182403852587995,0.0182403852587995,True,True,True,19.79664,21.31737975,False,False,False,,0,,True,8,False,0,0,0,1.01775203163535,0.4984007901080009,49.24934803415435,-3.6346253260660877
4864,2,local,1,row_budget,0.7,0.7,0.5,2432,0.9199311872085222,True,predict_correct_c2,Lambda predict + correct (2),predict,0.9374205789693206,2993,24,1.0253752284260105,1.0389143759860435,0.9374205789693206,0.2374205789693206,True,False,False,0.3703525,0.5094814499999999,True,False,False,,0,,True,2,False,0,0,0,1.01775203163535,0.4984007901080009,-2.0793222408693524,-108.4495844721506
4864,2,local,1,row_budget,0.7,0.7,0.5,2432,0.9199311872085222,True,predict_correct_c4,Lambda predict + correct (4),predict,0.7261742382303001,1429,17,0.5403800394127013,0.5416105611405571,0.7261742382303001,0.0261742382303001,True,True,True,0.5310779999999999,0.56950615,True,True,False,,0,,True,4,False,0,0,0,1.01775203163535,0.4984007901080009,46.783642350457086,-8.669683493718527
4864,2,local,1,row_budget,0.7,0.7,0.5,2432,0.9199311872085222,True,predict_correct_c8,Lambda predict + correct (8),predict,0.7084907945418519,1279,18,0.5115248737048907,0.5092835088635352,0.7084907945418519,0.0084907945418519,True,True,True,0.8025,0.8387685500000001,True,True,False,,0,,True,8,False,0,0,0,1.01775203163535,0.4984007901080009,49.959961460828,-2.1835275889462435
4864,2,local,1,row_budget,0.7,0.7,0.5,2432,0.9199311872085222,True,capped_label2,Capped-label DP (2),capped_label,0.5686127276318184,2432,2,0.7919869988958435,0.8089770843762739,0.5686127276318184,-0.1313872723681816,False,True,False,10.5621385,10.7179752,False,False,True,coverage_shortfall,0,,True,0,False,0,0,2,1.01775203163535,0.4984007901080009,20.513341243211404,-62.3145669975709
4864,2,local,1,row_budget,0.7,0.7,0.5,2432,0.9199311872085222,True,capped_label4,Capped-label DP (4),capped_label,0.5236310525419116,2432,4,0.8008608827564582,0.8189929323121756,0.5236310525419116,-0.1763689474580884,False,True,False,31.523526500000003,32.9101954,False,False,True,coverage_shortfall,0,,True,0,False,0,0,4,1.01775203163535,0.4984007901080009,19.52922648592539,-64.32416411994532
4864,2,local,1,row_budget,0.7,0.7,0.5,2432,0.9199311872085222,True,capped_label8,Capped-label DP (8),capped_label,0.5830547669700878,2432,6,0.8018351319104675,0.8185974857265009,0.5830547669700878,-0.1169452330299121,False,True,False,107.9004055,109.7646569,False,False,True,coverage_shortfall,0,,True,0,False,0,0,8,1.01775203163535,0.4984007901080009,19.56808139098898,-64.24482103030273
4864,2,local,2,coverage,0.9,0.9,0.75,3648,0.981044648543361,True,paper,Paper,paper,0.9000376638617247,2568,40,1.0755553456585805,1.0479483733251007,0.9000376638617247,3.766386172465719e-05,True,True,True,8.181829,9.8851766,False,False,False,,0,,True,0,False,0,0,0,1.0479483733251007,0.9184635698811304,0.0,-14.097979243828739
4864,2,local,2,coverage,0.9,0.9,0.75,3648,0.981044648543361,True,incumbent_td16_trim256,TD-2L (16) + trim 256,incumbent,0.9000893060136197,2575,23,0.908043256867674,0.9184635698811304,0.9000893060136197,8.930601361967216e-05,True,True,True,0.977077,1.0596354,True,True,False,,0,,True,12,True,0,0,0,1.0479483733251007,0.9184635698811304,12.356028859811087,0.0
4864,2,local,2,coverage,0.9,0.9,0.75,3648,0.981044648543361,True,lambda_bank4,Lambda bank (4),lambda_bank,0.9753041329167936,3661,24,1.216278301428724,1.233087425496109,0.9753041329167936,0.0753041329167935,True,False,True,0.5998265,0.6841827499999998,True,True,False,,0,,True,4,True,0,0,0,1.0479483733251007,0.9184635698811304,-17.666810396734434,-34.25545290334138
4864,2,local,2,coverage,0.9,0.9,0.75,3648,0.981044648543361,True,lambda_bank8,Lambda bank (8),lambda_bank,0.9387579133651088,3012,24,1.030077318727297,1.0426460103077797,0.9387579133651088,0.0387579133651089,True,True,True,0.9033985,0.92724055,True,True,False,,0,,True,8,True,0,0,0,1.0479483733251007,0.9184635698811304,0.5059755950092115,-13.52067131445629
4864,2,local,2,coverage,0.9,0.9,0.75,3648,0.981044648543361,True,lambda_bank16,Lambda bank (16),lambda_bank,0.9387579133651088,3012,24,1.030077318727297,1.0426460103077797,0.9387579133651088,0.0387579133651089,True,True,True,1.4446955,1.4792370499999998,True,True,False,,0,,True,16,True,0,0,0,1.0479483733251007,0.9184635698811304,0.5059755950092115,-13.52067131445629
4864,2,local,2,coverage,0.9,0.9,0.75,3648,0.981044648543361,True,pwl_j4_c4,"PWL DP (J=4, calls=4)",piecewise,0.939835225670989,2978,26,1.037621092390571,1.0434223771487698,0.939835225670989,0.0398352256709889,True,True,True,1.2697435,1.28571225,True,True,False,,0,,True,4,False,0,4,0,1.0479483733251007,0.9184635698811304,0.4318911400158054,-13.605200180537569
4864,2,local,2,coverage,0.9,0.9,0.75,3648,0.981044648543361,True,pwl_j4_c8,"PWL DP (J=4, calls=8)",piecewise,0.9172195810672796,2686,26,0.9644838388422228,0.9692892630715282,0.9172195810672796,0.0172195810672796,True,True,True,2.158179,2.18904305,False,False,False,,0,,True,8,False,0,4,0,1.0479483733251007,0.9184635698811304,7.506010053147005,-5.5337734513493775
4864,2,local,2,coverage,0.9,0.9,0.75,3648,0.981044648543361,True,pwl_j8_c4,"PWL DP (J=8, calls=4)",piecewise,0.9415164063189242,2985,27,1.0473401840380536,1.0461551158421638,0.9415164063189242,0.0415164063189241,True,True,True,2.599484,2.63182705,False,False,False,,0,,True,4,False,0,8,0,1.0479483733251007,0.9184635698811304,0.1711207850103258,-13.902733886065777
4864,2,local,2,coverage,0.9,0.9,0.75,3648,0.981044648543361,True,pwl_j8_c8,"PWL DP (J=8, calls=8)",piecewise,0.9125281165961489,2652,26,0.9537985891780704,0.9466341675532494,0.9125281165961489,0.0125281165961488,True,True,True,4.513927499999999,5.558097349999997,False,False,False,,0,,True,8,False,0,8,0,1.0479483733251007,0.9184635698811304,9.667862306077657,-3.067143716518328
4864,2,local,2,coverage,0.9,0.9,0.75,3648,0.981044648543361,True,paper_local64,Paper + local edits (64),local_edit,0.9080433638541824,2702,28,0.9929887653216464,0.9833505214423832,0.9080433638541824,0.0080433638541824,True,True,True,11.168983,11.935476149999998,False,False,False,,0,,True,0,False,64,0,0,1.0479483733251007,0.9184635698811304,6.1642208268095295,-7.064727844311847
4864,2,local,2,coverage,0.9,0.9,0.75,3648,0.981044648543361,True,paper_local256,Paper + local edits (256),local_edit,0.9000970767095291,2652,28,0.976804954742627,0.9658500340397655,0.9000970767095291,9.707670952907588e-05,True,True,True,16.1975425,17.1080109,False,False,False,,0,,True,0,False,166,0,0,1.0479483733251007,0.9184635698811304,7.834196929457526,-5.159318857335626
4864,2,local,2,coverage,0.9,0.9,0.75,3648,0.981044648543361,True,td_lookup_c2,TD lookup DP (2),lookup,1.0,4864,1,1.582354161848876,1.6163955622590918,1.0,0.0999999999999999,True,False,True,8.424989,8.6915845,False,False,False,,0,,True,2,False,0,0,0,1.0479483733251007,0.9184635698811304,-54.24381614624101,-75.98907733142744
4864,2,local,2,coverage,0.9,0.9,0.75,3648,0.981044648543361,True,td_lookup_c4,TD lookup DP (4),lookup,0.9431180547533542,3016,27,1.0552887838898013,1.0429242177688371,0.9431180547533542,0.0431180547533541,True,True,True,11.3247185,12.82249505,False,False,False,,0,,True,4,False,0,0,0,1.0479483733251007,0.9184635698811304,0.4794277737482533,-13.550961842048315
4864,2,local,2,coverage,0.9,0.9,0.75,3648,0.981044648543361,True,td_lookup_c8,TD lookup DP (8),lookup,0.9122833064743644,2657,26,0.9541927029255726,0.9367281014665868,0.9122833064743644,0.0122833064743643,True,True,True,20.0797495,21.1492335,False,False,False,,0,,True,8,False,0,0,0,1.0479483733251007,0.9184635698811304,10.613144186255685,-1.988596193077119
4864,2,local,2,coverage,0.9,0.9,0.75,3648,0.981044648543361,True,predict_correct_c2,Lambda predict + correct (2),predict,0.9387579133651088,3012,24,1.030077318727297,1.0426460103077797,0.9387579133651088,0.0387579133651089,True,True,True,0.402833,0.5064847499999999,True,True,False,,0,,True,2,False,0,0,0,1.0479483733251007,0.9184635698811304,0.5059755950092115,-13.52067131445629
4864,2,local,2,coverage,0.9,0.9,0.75,3648,0.981044648543361,True,predict_correct_c4,Lambda predict + correct (4),predict,0.9387579133651088,3012,24,1.030077318727297,1.0426460103077797,0.9387579133651088,0.0387579133651089,True,True,True,0.581582,0.6149019499999999,True,True,False,,0,,True,4,False,0,0,0,1.0479483733251007,0.9184635698811304,0.5059755950092115,-13.52067131445629
4864,2,local,2,coverage,0.9,0.9,0.75,3648,0.981044648543361,True,predict_correct_c8,Lambda predict + correct (8),predict,0.9033145408847856,2608,23,0.9168889925401406,0.9301333368101984,0.9033145408847856,0.0033145408847855,True,True,True,0.848556,0.8830973,True,True,False,,0,,True,8,False,0,0,0,1.0479483733251007,0.9184635698811304,11.242446623690029,-1.270574828632376
4864,2,local,2,coverage,0.9,0.9,0.75,3648,0.981044648543361,True,capped_label2,Capped-label DP (2),capped_label,0.9008401315452168,4495,2,1.4623112577119035,1.4932812476646573,0.9008401315452168,0.0008401315452167,True,False,True,10.3513095,11.54796235,False,False,False,,0,,True,0,False,0,0,2,1.0479483733251007,0.9184635698811304,-42.49568830633632,-62.58470086711452
4864,2,local,2,coverage,0.9,0.9,0.75,3648,0.981044648543361,True,capped_label4,Capped-label DP (4),capped_label,0.9008401315452168,4495,2,1.4623112577119035,1.4932812476646573,0.9008401315452168,0.0008401315452167,True,False,True,31.2992615,32.8983359,False,False,False,,0,,True,0,False,0,0,4,1.0479483733251007,0.9184635698811304,-42.49568830633632,-62.58470086711452
4864,2,local,2,coverage,0.9,0.9,0.75,3648,0.981044648543361,True,capped_label8,Capped-label DP (8),capped_label,0.9008401315452168,4495,2,1.4623112577119035,1.4932812476646573,0.9008401315452168,0.0008401315452167,True,False,True,107.047045,108.6858595,False,False,False,,0,,True,0,False,0,0,8,1.0479483733251007,0.9184635698811304,-42.49568830633632,-62.58470086711452
4864,2,local,2,row_budget,0.9,0.9,0.75,3648,0.981044648543361,True,paper,Paper,paper,0.9608676841228728,3648,43,1.3864749600169468,1.377807520590212,0.9608676841228728,0.0608676841228728,True,True,True,0.74103,0.7940625499999999,True,True,False,,0,,True,0,False,0,0,0,1.377807520590212,0.9184635698811304,0.0,-50.01221232634527
4864,2,local,2,row_budget,0.9,0.9,0.75,3648,0.981044648543361,True,incumbent_td16_trim256,TD-2L (16) + trim 256,incumbent,0.9000893060136197,2575,23,0.908043256867674,0.9184635698811304,0.9000893060136197,8.930601361967216e-05,True,True,True,0.950702,1.0638143999999998,True,True,False,,0,,True,12,True,0,0,0,1.377807520590212,0.9184635698811304,33.338760592068205,0.0
4864,2,local,2,row_budget,0.9,0.9,0.75,3648,0.981044648543361,True,lambda_bank4,Lambda bank (4),lambda_bank,0.9753041329167936,3661,24,1.216278301428724,1.233087425496109,0.9753041329167936,0.0753041329167935,True,False,False,0.5952025000000001,0.6592562999999999,True,False,False,,0,,True,4,True,0,0,0,1.377807520590212,0.9184635698811304,10.503651121900482,-34.25545290334138
4864,2,local,2,row_budget,0.9,0.9,0.75,3648,0.981044648543361,True,lambda_bank8,Lambda bank (8),lambda_bank,0.9387579133651088,3012,24,1.030077318727297,1.0426460103077797,0.9387579133651088,0.0387579133651089,True,True,True,0.902727,0.93071105,True,True,False,,0,,True,8,True,0,0,0,1.377807520590212,0.9184635698811304,24.32571351757893,-13.52067131445629
4864,2,local,2,row_budget,0.9,0.9,0.75,3648,0.981044648543361,True,lambda_bank16,Lambda bank (16),lambda_bank,0.9387579133651088,3012,24,1.030077318727297,1.0426460103077797,0.9387579133651088,0.0387579133651089,True,True,True,1.599605,1.81069805,True,True,False,,0,,True,16,True,0,0,0,1.377807520590212,0.9184635698811304,24.32571351757893,-13.52067131445629
4864,2,local,2,row_budget,0.9,0.9,0.75,3648,0.981044648543361,True,pwl_j4_c4,"PWL DP (J=4, calls=4)",piecewise,0.939835225670989,2978,26,1.037621092390571,1.0434223771487698,0.939835225670989,0.0398352256709889,True,True,True,1.3023695,1.3737328,True,True,False,,0,,True,4,False,0,4,0,1.377807520590212,0.9184635698811304,24.269365527791685,-13.605200180537569
4864,2,local,2,row_budget,0.9,0.9,0.75,3648,0.981044648543361,True,pwl_j4_c8,"PWL DP (J=4, calls=8)",piecewise,0.9172195810672796,2686,26,0.9644838388422228,0.9692892630715282,0.9172195810672796,0.0172195810672796,True,True,True,2.2021065,2.2465564,False,False,False,,0,,True,8,False,0,4,0,1.377807520590212,0.9184635698811304,29.649878623371627,-5.5337734513493775
4864,2,local,2,row_budget,0.9,0.9,0.75,3648,0.981044648543361,True,pwl_j8_c4,"PWL DP (J=8, calls=4)",piecewise,0.9415164063189242,2985,27,1.0473401840380536,1.0461551158421638,0.9415164063189242,0.0415164063189241,True,True,True,2.6366735,2.77693705,False,False,False,,0,,True,4,False,0,8,0,1.377807520590212,0.9184635698811304,24.071025872030237,-13.902733886065777
4864,2,local,2,row_budget,0.9,0.9,0.75,3648,0.981044648543361,True,pwl_j8_c8,"PWL DP (J=8, calls=8)",piecewise,0.9125281165961489,2652,26,0.9537985891780704,0.9466341675532494,0.9125281165961489,0.0125281165961488,True,True,True,4.529497,4.61646525,False,False,False,,0,,True,8,False,0,8,0,1.377807520590212,0.9184635698811304,31.29416457621459,-3.067143716518328
4864,2,local,2,row_budget,0.9,0.9,0.75,3648,0.981044648543361,True,paper_local64,Paper + local edits (64),local_edit,0.9641146367803096,3646,32,1.2893384408983706,1.296640166614465,0.9641146367803096,0.0641146367803097,True,True,True,8.299133,9.73839935,False,False,False,,0,,True,0,False,64,0,0,1.377807520590212,0.9184635698811304,5.8910517443668375,-41.17491527533084
4864,2,local,2,row_budget,0.9,0.9,0.75,3648,0.981044648543361,True,paper_local256,Paper + local edits (256),local_edit,0.9607156404241048,3549,28,1.2123213992547182,1.2180982509180904,0.9607156404241048,0.0607156404241048,True,True,True,27.089593,27.6668041,False,False,False,,0,,True,0,False,256,0,0,1.377807520590212,0.9184635698811304,11.59155159812939,-32.62346933104156
4864,2,local,2,row_budget,0.9,0.9,0.75,3648,0.981044648543361,True,td_lookup_c2,TD lookup DP (2),lookup,1.0,4864,1,1.582354161848876,1.6163955622590918,1.0,0.0999999999999999,True,False,False,7.2298645,7.2793441,False,False,False,,0,,True,2,False,0,0,0,1.377807520590212,0.9184635698811304,-17.316500171713066,-75.98907733142744
4864,2,local,2,row_budget,0.9,0.9,0.75,3648,0.981044648543361,True,td_lookup_c4,TD lookup DP (4),lookup,0.9431180547533542,3016,27,1.0552887838898013,1.0429242177688371,0.9431180547533542,0.0431180547533541,True,True,True,11.3319225,11.38238865,False,False,False,,0,,True,4,False,0,0,0,1.377807520590212,0.9184635698811304,24.3055214764629,-13.550961842048315
4864,2,local,2,row_budget,0.9,0.9,0.75,3648,0.981044648543361,True,td_lookup_c8,TD lookup DP (8),lookup,0.9122833064743644,2657,26,0.9541927029255726,0.9367281014665868,0.9122833064743644,0.0122833064743643,True,True,True,20.0630385,20.2010133,False,False,False,,0,,True,8,False,0,0,0,1.377807520590212,0.9184635698811304,32.01313772294405,-1.988596193077119
4864,2,local,2,row_budget,0.9,0.9,0.75,3648,0.981044648543361,True,predict_correct_c2,Lambda predict + correct (2),predict,0.9387579133651088,3012,24,1.030077318727297,1.0426460103077797,0.9387579133651088,0.0387579133651089,True,True,True,0.354492,0.4873607999999999,True,True,False,,0,,True,2,False,0,0,0,1.377807520590212,0.9184635698811304,24.32571351757893,-13.52067131445629
4864,2,local,2,row_budget,0.9,0.9,0.75,3648,0.981044648543361,True,predict_correct_c4,Lambda predict + correct (4),predict,0.9387579133651088,3012,24,1.030077318727297,1.0426460103077797,0.9387579133651088,0.0387579133651089,True,True,True,0.5496274999999999,0.5784511,True,True,False,,0,,True,4,False,0,0,0,1.377807520590212,0.9184635698811304,24.32571351757893,-13.52067131445629
4864,2,local,2,row_budget,0.9,0.9,0.75,3648,0.981044648543361,True,predict_correct_c8,Lambda predict + correct (8),predict,0.9033145408847856,2608,23,0.9168889925401406,0.9301333368101984,0.9033145408847856,0.0033145408847855,True,True,True,0.8566469999999999,0.88269215,True,True,False,,0,,True,8,False,0,0,0,1.377807520590212,0.9184635698811304,32.49177966369666,-1.270574828632376
4864,2,local,2,row_budget,0.9,0.9,0.75,3648,0.981044648543361,True,capped_label2,Capped-label DP (2),capped_label,0.7265389058025891,3648,2,1.1939022898883156,1.2181143186172598,0.7265389058025891,-0.1734610941974109,False,True,False,10.5327285,10.7310501,False,False,True,coverage_shortfall,0,,True,0,False,0,0,2,1.377807520590212,0.9184635698811304,11.590385419332328,-32.62521874165469
4864,2,local,2,row_budget,0.9,0.9,0.75,3648,0.981044648543361,True,capped_label4,Capped-label DP (4),capped_label,0.7265389058025891,3648,2,1.1939022898883156,1.2181143186172598,0.7265389058025891,-0.1734610941974109,False,True,False,30.8814055,31.2566278,False,False,True,coverage_shortfall,0,,True,0,False,0,0,4,1.377807520590212,0.9184635698811304,11.590385419332328,-32.62521874165469
4864,2,local,2,row_budget,0.9,0.9,0.75,3648,0.981044648543361,True,capped_label8,Capped-label DP (8),capped_label,0.7602402803785919,3648,4,1.1955456017143553,1.221052445400579,0.7602402803785919,-0.1397597196214081,False,True,False,107.681301,108.1261323,False,False,True,coverage_shortfall,0,,True,0,False,0,0,8,1.377807520590212,0.9184635698811304,11.377138885298288,-32.94511458506844
4864,2,hot-cold,0,coverage,0.5,0.5,0.25,1216,0.7706942959119212,True,paper,Paper,paper,0.5173880021222059,822,10,0.3106787010313896,0.3005704418993189,0.5173880021222059,0.0173880021222059,True,True,True,2.3445275,2.6158928999999995,False,False,False,,0,,True,0,False,0,0,0,0.3005704418993189,0.2658218668204861,0.0,-13.07212814899803
4864,2,hot-cold,0,coverage,0.5,0.5,0.25,1216,0.7706942959119212,True,incumbent_td16_trim256,TD-2L (16) + trim 256,incumbent,0.5004874109577389,784,6,0.2632201137143818,0.2658218668204861,0.5004874109577389,0.0004874109577388,True,True,True,0.7058445,0.8447738999999999,True,True,False,,0,,True,8,True,0,0,0,0.3005704418993189,0.2658218668204861,11.560875666700598,0.0
4864,2,hot-cold,0,coverage,0.5,0.5,0.25,1216,0.7706942959119212,True,lambda_bank4,Lambda bank (4),lambda_bank,0.6538364919790742,1204,7,0.3917551338310293,0.3999861290693999,0.6538364919790742,0.1538364919790742,True,True,True,0.5621655000000001,0.6590380499999998,True,True,False,,0,,True,4,True,0,0,0,0.3005704418993189,0.2658218668204861,-33.075669896836345,-50.47149200088838
4864,2,hot-cold,0,coverage,0.5,0.5,0.25,1216,0.7706942959119212,True,lambda_bank8,Lambda bank (8),lambda_bank,0.6538364919790742,1204,7,0.3917551338310293,0.3999861290693999,0.6538364919790742,0.1538364919790742,True,True,True,0.8118225,0.9451803,True,True,False,,0,,True,8,True,0,0,0,0.3005704418993189,0.2658218668204861,-33.075669896836345,-50.47149200088838
4864,2,hot-cold,0,coverage,0.5,0.5,0.25,1216,0.7706942959119212,True,lambda_bank16,Lambda bank (16),lambda_bank,0.561941614065985,929,6,0.3026091893178544,0.3103885481785126,0.561941614065985,0.0619416140659849,True,True,True,1.266447,1.3577341499999998,True,True,False,,0,,True,16,True,0,0,0,0.3005704418993189,0.2658218668204861,-3.266490948728218,-16.765618980519427
4864,2,hot-cold,0,coverage,0.5,0.5,0.25,1216,0.7706942959119212,True,pwl_j4_c4,"PWL DP (J=4, calls=4)",piecewise,0.7593914477021133,1644,11,0.5348252964801712,0.5466009200335533,0.7593914477021133,0.2593914477021133,True,False,True,1.213799,1.2848524,True,True,False,,0,,True,4,False,0,4,0,0.3005704418993189,0.2658218668204861,-81.85451522763054,-105.62677050292555
4864,2,hot-cold,0,coverage,0.5,0.5,0.25,1216,0.7706942959119212,True,pwl_j4_c8,"PWL DP (J=4, calls=8)",piecewise,0.5307910944336187,846,6,0.2795398793160015,0.2856958047932572,0.5307910944336187,0.0307910944336187,True,True,True,1.9144385,2.18654405,False,False,False,,0,,True,8,False,0,4,0,0.3005704418993189,0.2658218668204861,4.948802354638804,-7.4764120087202235
4864,2,hot-cold,0,coverage,0.5,0.5,0.25,1216,0.7706942959119212,True,pwl_j8_c4,"PWL DP (J=8, calls=4)",piecewise,0.5160786344003051,805,6,0.2703804860711247,0.2732783643233974,0.5160786344003051,0.0160786344003051,True,True,True,2.334098,2.388023,False,False,False,,0,,True,4,False,0,8,0,0.3005704418993189,0.2658218668204861,9.080093639102227,-2.8050730333433416
4864,2,hot-cold,0,coverage,0.5,0.5,0.25,1216,0.7706942959119212,True,pwl_j8_c8,"PWL DP (J=8, calls=8)",piecewise,0.5160786344003051,805,6,0.2703804860711247,0.2732783643233974,0.5160786344003051,0.0160786344003051,True,True,True,3.741043,3.82503265,False,False,False,,0,,True,8,False,0,8,0,0.3005704418993189,0.2658218668204861,9.080093639102227,-2.8050730333433416
4864,2,hot-cold,0,coverage,0.5,0.5,0.25,1216,0.7706942959119212,True,paper_local64,Paper + local edits (64),local_edit,0.5082483759188248,809,7,0.2757783057882353,0.2747601582834455,0.5082483759188248,0.0082483759188247,True,True,True,3.656144,4.1352293,False,False,False,,0,,True,0,False,47,0,0,0.3005704418993189,0.2658218668204861,8.587099733685388,-3.362511733843032
4864,2,hot-cold,0,coverage,0.5,0.5,0.25,1216,0.7706942959119212,True,paper_local256,Paper + local edits (256),local_edit,0.5082483759188248,809,7,0.2757783057882353,0.2747601582834455,0.5082483759188248,0.0082483759188247,True,True,True,3.5640375000000004,3.85190045,False,False,False,,0,,True,0,False,47,0,0,0.3005704418993189,0.2658218668204861,8.587099733685388,-3.362511733843032
4864,2,hot-cold,0,coverage,0.5,0.5,0.25,1216,0.7706942959119212,True,td_lookup_c2,TD lookup DP (2),lookup,1.0,4864,1,1.582354161848876,1.6163955622590918,1.0,0.5,True,False,True,8.0498525,8.56392075,False,False,False,,0,,True,2,False,0,0,0,0.3005704418993189,0.2658218668204861,-437.7759542971063,-508.07471619732115
4864,2,hot-cold,0,coverage,0.5,0.5,0.25,1216,0.7706942959119212,True,td_lookup_c4,TD lookup DP (4),lookup,0.7501494476275944,1594,11,0.5208482189246908,0.5274384117111635,0.7501494476275944,0.2501494476275944,True,False,True,12.4598605,12.6015597,False,False,False,,0,,True,4,False,0,0,0,0.3005704418993189,0.2658218668204861,-75.47913506672681,-98.41799247740268
4864,2,hot-cold,0,coverage,0.5,0.5,0.25,1216,0.7706942959119212,True,td_lookup_c8,TD lookup DP (8),lookup,0.5115795167883359,788,7,0.2709889976376354,0.2688725259373585,0.5115795167883359,0.0115795167883359,True,True,True,21.2974855,22.0892055,False,False,False,,0,,True,8,False,0,0,0,0.3005704418993189,0.2658218668204861,10.54591920671234,-1.1476328690944726
4864,2,hot-cold,0,coverage,0.5,0.5,0.25,1216,0.7706942959119212,True,predict_correct_c2,Lambda predict + correct (2),predict,0.8280972286558677,2043,13,0.6650151383926176,0.6803434558424841,0.8280972286558677,0.3280972286558676,True,False,True,0.4370425,0.5131355499999999,True,True,False,,0,,True,2,False,0,0,0,0.3005704418993189,0.2658218668204861,-126.35075210435245,-155.9396124856543
4864,2,hot-cold,0,coverage,0.5,0.5,0.25,1216,0.7706942959119212,True,predict_correct_c4,Lambda predict + correct (4),predict,0.5352531367548736,860,6,0.2822867096350478,0.2890816601632991,0.5352531367548736,0.0352531367548736,True,True,True,0.5671895,0.5850871,True,True,False,,0,,True,4,False,0,0,0,0.3005704418993189,0.2658218668204861,3.822325862590359,-8.75014295137757
4864,2,hot-cold,0,coverage,0.5,0.5,0.25,1216,0.7706942959119212,True,predict_correct_c8,Lambda predict + correct (8),predict,0.524519318926684,830,6,0.2747338569563941,0.2812232524610611,0.524519318926684,0.024519318926684,True,True,True,0.795096,0.83405665,True,True,False,,0,,True,8,True,0,0,0,0.3005704418993189,0.2658218668204861,6.4368236996299455,-5.793874606627392
4864,2,hot-cold,0,coverage,0.5,0.5,0.25,1216,0.7706942959119212,True,capped_label2,Capped-label DP (2),capped_label,0.5000438699623652,850,2,0.2765215948954656,0.2821881159991841,0.5000438699623652,4.386996236516172e-05,True,True,True,10.0013805,10.1149347,False,False,False,,0,,True,0,False,0,0,2,0.3005704418993189,0.2658218668204861,6.1158129135972406,-6.156848333982401
4864,2,hot-cold,0,coverage,0.5,0.5,0.25,1216,0.7706942959119212,True,capped_label4,Capped-label DP (4),capped_label,0.5000438699623652,850,2,0.2765215948954656,0.2821881159991841,0.5000438699623652,4.386996236516172e-05,True,True,True,28.6480515,29.06375355,False,False,False,,0,,True,0,False,0,0,4,0.3005704418993189,0.2658218668204861,6.1158129135972406,-6.156848333982401
4864,2,hot-cold,0,coverage,0.5,0.5,0.25,1216,0.7706942959119212,True,capped_label8,Capped-label DP (8),capped_label,0.5000438699623652,850,2,0.2765215948954656,0.2821881159991841,0.5000438699623652,4.386996236516172e-05,True,True,True,97.297556,98.87979065,False,False,False,,0,,True,0,False,0,0,8,0.3005704418993189,0.2658218668204861,6.1158129135972406,-6.156848333982401
4864,2,hot-cold,0,row_budget,0.5,0.5,0.25,1216,0.7706942959119212,True,paper,Paper,paper,0.652850110669449,1212,13,0.4493616844241546,0.4405595276433731,0.652850110669449,0.1528501106694489,True,True,True,0.5957490000000001,0.6221931999999999,True,True,False,,0,,True,0,False,0,0,0,0.4405595276433731,0.2658218668204861,0.0,-65.7348708414911
4864,2,hot-cold,0,row_budget,0.5,0.5,0.25,1216,0.7706942959119212,True,incumbent_td16_trim256,TD-2L (16) + trim 256,incumbent,0.5004874109577389,784,6,0.2632201137143818,0.2658218668204861,0.5004874109577389,0.0004874109577388,True,True,True,0.6479710000000001,0.7313661499999999,True,True,False,,0,,True,8,True,0,0,0,0.4405595276433731,0.2658218668204861,39.662667553142725,0.0
4864,2,hot-cold,0,row_budget,0.5,0.5,0.25,1216,0.7706942959119212,True,lambda_bank4,Lambda bank (4),lambda_bank,0.6538364919790742,1204,7,0.3917551338310293,0.3999861290693999,0.6538364919790742,0.1538364919790742,True,True,True,0.5483994999999999,0.6186094999999999,True,True,False,,0,,True,4,True,0,0,0,0.4405595276433731,0.2658218668204861,9.209515633677723,-50.47149200088838
4864,2,hot-cold,0,row_budget,0.5,0.5,0.25,1216,0.7706942959119212,True,lambda_bank8,Lambda bank (8),lambda_bank,0.6538364919790742,1204,7,0.3917551338310293,0.3999861290693999,0.6538364919790742,0.1538364919790742,True,True,True,0.7964789999999999,0.8180963,True,True,False,,0,,True,8,True,0,0,0,0.4405595276433731,0.2658218668204861,9.209515633677723,-50.47149200088838
4864,2,hot-cold,0,row_budget,0.5,0.5,0.25,1216,0.7706942959119212,True,lambda_bank16,Lambda bank (16),lambda_bank,0.561941614065985,929,6,0.3026091893178544,0.3103885481785126,0.561941614065985,0.0619416140659849,True,True,True,1.2454525,1.2702504,True,True,False,,0,,True,16,True,0,0,0,0.4405595276433731,0.2658218668204861,29.54674029209332,-16.765618980519427
4864,2,hot-cold,0,row_budget,0.5,0.5,0.25,1216,0.7706942959119212,True,pwl_j4_c4,"PWL DP (J=4, calls=4)",piecewise,0.7593914477021133,1644,11,0.5348252964801712,0.5466009200335533,0.7593914477021133,0.2593914477021133,True,False,False,1.16083,1.2203821,True,False,False,,0,,True,4,False,0,4,0,0.4405595276433731,0.2658218668204861,-24.069708118086442,-105.62677050292555
4864,2,hot-cold,0,row_budget,0.5,0.5,0.25,1216,0.7706942959119212,True,pwl_j4_c8,"PWL DP (J=4, calls=8)",piecewise,0.5307910944336187,846,6,0.2795398793160015,0.2856958047932572,0.5307910944336187,0.0307910944336187,True,True,True,1.8526375,1.90430105,True,True,False,,0,,True,8,False,0,4,0,0.4405595276433731,0.2658218668204861,35.15159998434445,-7.4764120087202235
4864,2,hot-cold,0,row_budget,0.5,0.5,0.25,1216,0.7706942959119212,True,pwl_j8_c4,"PWL DP (J=8, calls=4)",piecewise,0.5160786344003051,805,6,0.2703804860711247,0.2732783643233974,0.5160786344003051,0.0160786344003051,True,True,True,2.3023235,2.32166765,False,False,False,,0,,True,4,False,0,8,0,0.4405595276433731,0.2658218668204861,37.970161311637206,-2.8050730333433416
4864,2,hot-cold,0,row_budget,0.5,0.5,0.25,1216,0.7706942959119212,True,pwl_j8_c8,"PWL DP (J=8, calls=8)",piecewise,0.5160786344003051,805,6,0.2703804860711247,0.2732783643233974,0.5160786344003051,0.0160786344003051,True,True,True,3.669675,3.70220975,False,False,False,,0,,True,8,False,0,8,0,0.4405595276433731,0.2658218668204861,37.970161311637206,-2.8050730333433416
4864,2,hot-cold,0,row_budget,0.5,0.5,0.25,1216,0.7706942959119212,True,paper_local64,Paper + local edits (64),local_edit,0.6309661742810526,1179,10,0.4124622682928664,0.4108650557161118,0.6309661742810526,0.1309661742810526,True,True,True,3.1894575,3.25716715,False,False,False,,0,,True,0,False,64,0,0,0.4405595276433731,0.2658218668204861,6.740172454356397,-54.56405472976977
4864,2,hot-cold,0,row_budget,0.5,0.5,0.25,1216,0.7706942959119212,True,paper_local256,Paper + local edits (256),local_edit,0.5445210644187537,1014,10,0.3588667125221074,0.3558460592304989,0.5445210644187537,0.0445210644187537,True,True,True,10.143586,11.65944315,False,False,False,,0,,True,0,False,237,0,0,0.4405595276433731,0.2658218668204861,19.22860887063793,-33.866360765123815
4864,2,hot-cold,0,row_budget,0.5,0.5,0.25,1216,0.7706942959119212,True,td_lookup_c2,TD lookup DP (2),lookup,1.0,4864,1,1.582354161848876,1.6163955622590918,1.0,0.5,True,False,False,6.8165165000000005,7.2840605,False,False,False,,0,,True,2,False,0,0,0,0.4405595276433731,0.2658218668204861,-266.8960630372615,-508.07471619732115
4864,2,hot-cold,0,row_budget,0.5,0.5,0.25,1216,0.7706942959119212,True,td_lookup_c4,TD lookup DP (4),lookup,0.7501494476275944,1594,11,0.5208482189246908,0.5274384117111635,0.7501494476275944,0.2501494476275944,True,False,False,10.7564515,11.934071749999998,False,False,False,,0,,True,4,False,0,0,0,0.4405595276433731,0.2658218668204861,-19.72012375547072,-98.41799247740268
4864,2,hot-cold,0,row_budget,0.5,0.5,0.25,1216,0.7706942959119212,True,td_lookup_c8,TD lookup DP (8),lookup,0.5115795167883359,788,7,0.2709889976376354,0.2688725259373585,0.5115795167883359,0.0115795167883359,True,True,True,19.9255365,20.95010335,False,False,False,,0,,True,8,False,0,0,0,0.4405595276433731,0.2658218668204861,38.97021649364779,-1.1476328690944726
4864,2,hot-cold,0,row_budget,0.5,0.5,0.25,1216,0.7706942959119212,True,predict_correct_c2,Lambda predict + correct (2),predict,0.8280972286558677,2043,13,0.6650151383926176,0.6803434558424841,0.8280972286558677,0.3280972286558676,True,False,False,0.4257005,0.5036904999999999,True,False,False,,0,,True,2,False,0,0,0,0.4405595276433731,0.2658218668204861,-54.42713484866746,-155.9396124856543
4864,2,hot-cold,0,row_budget,0.5,0.5,0.25,1216,0.7706942959119212,True,predict_correct_c4,Lambda predict + correct (4),predict,0.5352531367548736,860,6,0.2822867096350478,0.2890816601632991,0.5352531367548736,0.0352531367548736,True,True,True,0.5605825,0.5839796,True,True,False,,0,,True,4,False,0,0,0,0.4405595276433731,0.2658218668204861,34.383064710994795,-8.75014295137757
4864,2,hot-cold,0,row_budget,0.5,0.5,0.25,1216,0.7706942959119212,True,predict_correct_c8,Lambda predict + correct (8),predict,0.524519318926684,830,6,0.2747338569563941,0.2812232524610611,0.524519318926684,0.024519318926684,True,True,True,0.8009725,0.8259738,True,True,False,,0,,True,8,True,0,0,0,0.4405595276433731,0.2658218668204861,36.16679817018791,-5.793874606627392
4864,2,hot-cold,0,row_budget,0.5,0.5,0.25,1216,0.7706942959119212,True,capped_label2,Capped-label DP (2),capped_label,0.5000438699623652,850,2,0.2765215948954656,0.2821881159991841,0.5000438699623652,4.386996236516172e-05,True,True,True,9.8824535,9.9700673,False,False,False,,0,,True,0,False,0,0,2,0.4405595276433731,0.2658218668204861,35.94778950561898,-6.156848333982401
4864,2,hot-cold,0,row_budget,0.5,0.5,0.25,1216,0.7706942959119212,True,capped_label4,Capped-label DP (4),capped_label,0.5000438699623652,850,2,0.2765215948954656,0.2821881159991841,0.5000438699623652,4.386996236516172e-05,True,True,True,28.5808955,29.7675094,False,False,False,,0,,True,0,False,0,0,4,0.4405595276433731,0.2658218668204861,35.94778950561898,-6.156848333982401
4864,2,hot-cold,0,row_budget,0.5,0.5,0.25,1216,0.7706942959119212,True,capped_label8,Capped-label DP (8),capped_label,0.5000438699623652,850,2,0.2765215948954656,0.2821881159991841,0.5000438699623652,4.386996236516172e-05,True,True,True,97.1616465,99.4497266,False,False,False,,0,,True,0,False,0,0,8,0.4405595276433731,0.2658218668204861,35.94778950561898,-6.156848333982401
4864,2,hot-cold,1,coverage,0.7,0.7,0.5,2432,0.9199311872085224,True,paper,Paper,paper,0.7071491490760886,1464,15,0.5327977090827816,0.5219613866192627,0.7071491490760886,0.0071491490760886,True,True,True,4.0138125,5.5445083499999965,False,False,False,,0,,True,0,False,0,0,0,0.5219613866192627,0.4626870396667194,0.0,-12.810894161902509
4864,2,hot-cold,1,coverage,0.7,0.7,0.5,2432,0.9199311872085224,True,incumbent_td16_trim256,TD-2L (16) + trim 256,incumbent,0.700292968170396,1388,8,0.4531633344309356,0.4626870396667194,0.700292968170396,0.000292968170396,True,True,True,0.7142904999999999,0.8111954999999998,True,True,False,,0,,True,9,True,0,0,0,0.5219613866192627,0.4626870396667194,11.356078911595835,0.0
4864,2,hot-cold,1,coverage,0.7,0.7,0.5,2432,0.9199311872085224,True,lambda_bank4,Lambda bank (4),lambda_bank,0.8584903782609267,2261,14,0.7359347944952194,0.7537521311848293,0.8584903782609267,0.1584903782609267,True,True,True,0.6077015,0.6450978999999999,True,True,False,,0,,True,4,True,0,0,0,0.5219613866192627,0.4626870396667194,-44.40764211829391,-62.907552311767475
4864,2,hot-cold,1,coverage,0.7,0.7,0.5,2432,0.9199311872085224,True,lambda_bank8,Lambda bank (8),lambda_bank,0.8584903782609267,2261,14,0.7359347944952194,0.7537521311848293,0.8584903782609267,0.1584903782609267,True,True,True,0.8756175,0.92024565,True,True,False,,0,,True,8,True,0,0,0,0.5219613866192627,0.4626870396667194,-44.40764211829391,-62.907552311767475
4864,2,hot-cold,1,coverage,0.7,0.7,0.5,2432,0.9199311872085224,True,lambda_bank16,Lambda bank (16),lambda_bank,0.7654545941705191,1670,10,0.5432836040887383,0.556509301301043,0.7654545941705191,0.0654545941705191,True,True,True,1.3784465,1.40946435,True,True,False,,0,,True,16,True,0,0,0,0.5219613866192627,0.4626870396667194,-6.618864070682839,-20.277693903400706
4864,2,hot-cold,1,coverage,0.7,0.7,0.5,2432,0.9199311872085224,True,pwl_j4_c4,"PWL DP (J=4, calls=4)",piecewise,0.7593914477021133,1644,11,0.5348252964801712,0.5466009200335533,0.7593914477021133,0.0593914477021133,True,True,True,1.1598635,1.2250889,True,True,False,,0,,True,4,False,0,4,0,0.5219613866192627,0.4626870396667194,-4.720566318876673,-18.136207235732904
4864,2,hot-cold,1,coverage,0.7,0.7,0.5,2432,0.9199311872085224,True,pwl_j4_c8,"PWL DP (J=4, calls=8)",piecewise,0.7029603704073413,1386,10,0.4564566437666182,0.4636571375033094,0.7029603704073413,0.0029603704073413,True,True,True,1.943233,1.9699485,True,True,False,,0,,True,8,False,0,4,0,0.5219613866192627,0.4626870396667194,11.170222666007767,-0.20966609250363533
4864,2,hot-cold,1,coverage,0.7,0.7,0.5,2432,0.9199311872085224,True,pwl_j8_c4,"PWL DP (J=8, calls=4)",piecewise,0.7563758522046413,1622,9,0.5276682669652297,0.539356347618085,0.7563758522046413,0.0563758522046413,True,True,True,2.3686075,2.44467905,False,False,False,,0,,True,4,False,0,8,0,0.5219613866192627,0.4626870396667194,-3.332614527578226,-16.57044640943297
4864,2,hot-cold,1,coverage,0.7,0.7,0.5,2432,0.9199311872085224,True,pwl_j8_c8,"PWL DP (J=8, calls=8)",piecewise,0.7165392858628589,1427,9,0.4743138517478912,0.4797050602850666,0.7165392858628589,0.0165392858628589,True,True,True,4.031521,5.016339649999996,False,False,False,,0,,True,8,False,0,8,0,0.5219613866192627,0.4626870396667194,8.095680526846982,-3.678084571075413
4864,2,hot-cold,1,coverage,0.7,0.7,0.5,2432,0.9199311872085224,True,paper_local64,Paper + local edits (64),local_edit,0.7007102294588239,1452,12,0.5027300029430285,0.5000754582823103,0.7007102294588239,0.0007102294588239,True,True,True,5.363581,5.89843705,False,False,False,,0,,True,0,False,49,0,0,0.5219613866192627,0.4626870396667194,4.193016743768608,-8.080714480898866
4864,2,hot-cold,1,coverage,0.7,0.7,0.5,2432,0.9199311872085224,True,paper_local256,Paper + local edits (256),local_edit,0.7007102294588239,1452,12,0.5027300029430285,0.5000754582823103,0.7007102294588239,0.0007102294588239,True,True,True,5.5057265,6.052111099999999,False,False,False,,0,,True,0,False,49,0,0,0.5219613866192627,0.4626870396667194,4.193016743768608,-8.080714480898866
4864,2,hot-cold,1,coverage,0.7,0.7,0.5,2432,0.9199311872085224,True,td_lookup_c2,TD lookup DP (2),lookup,1.0,4864,1,1.582354161848876,1.6163955622590918,1.0,0.3,True,False,True,7.2879085,7.70718665,False,False,False,,0,,True,2,False,0,0,0,0.5219613866192627,0.4626870396667194,-209.67722971395744,-249.34965185612424
4864,2,hot-cold,1,coverage,0.7,0.7,0.5,2432,0.9199311872085224,True,td_lookup_c4,TD lookup DP (4),lookup,0.7501494476275944,1594,11,0.5208482189246908,0.5274384117111635,0.7501494476275944,0.0501494476275944,True,True,True,11.7834715,12.523331449999995,False,False,False,,0,,True,4,False,0,0,0,0.5219613866192627,0.4626870396667194,-1.0493161433598353,-13.994637085811924
4864,2,hot-cold,1,coverage,0.7,0.7,0.5,2432,0.9199311872085224,True,td_lookup_c8,TD lookup DP (8),lookup,0.7190026696236022,1438,11,0.480345596302807,0.4816440963590958,0.7190026696236022,0.0190026696236021,True,True,True,20.017714,21.72448025,False,False,False,,0,,True,8,False,0,0,0,0.5219613866192627,0.4626870396667194,7.724190197535785,-4.097166133296359
4864,2,hot-cold,1,coverage,0.7,0.7,0.5,2432,0.9199311872085224,True,predict_correct_c2,Lambda predict + correct (2),predict,0.903625884933231,2693,16,0.8763084974241933,0.8970293071533696,0.903625884933231,0.203625884933231,True,False,True,0.4920095,0.5551961,True,True,False,,0,,True,2,False,0,0,0,0.5219613866192627,0.4626870396667194,-71.85740749204017,-93.87387807523496
4864,2,hot-cold,1,coverage,0.7,0.7,0.5,2432,0.9199311872085224,True,predict_correct_c4,Lambda predict + correct (4),predict,0.7553547739835673,1617,9,0.5260416693481975,0.5370761497682472,0.7553547739835673,0.0553547739835673,True,True,True,0.6443495,0.67249385,True,True,False,,0,,True,4,False,0,0,0,0.5219613866192627,0.4626870396667194,-2.895762701314486,-16.077629958062232
4864,2,hot-cold,1,coverage,0.7,0.7,0.5,2432,0.9199311872085224,True,predict_correct_c8,Lambda predict + correct (8),predict,0.7067083373118495,1408,8,0.4593528004754709,0.4683840676575519,0.7067083373118495,0.0067083373118494,True,True,True,0.8272315,0.85956575,True,True,False,,0,,True,7,True,0,0,0,0.5219613866192627,0.4626870396667194,10.264613501150045,-1.2312918889917812
4864,2,hot-cold,1,coverage,0.7,0.7,0.5,2432,0.9199311872085224,True,capped_label2,Capped-label DP (2),capped_label,0.7001085053429834,1414,2,0.4600018060966922,0.4694089764228272,0.7001085053429834,0.0001085053429834,True,True,True,9.4914475,10.813752349999996,False,False,False,,0,,True,0,False,0,0,2,0.5219613866192627,0.4626870396667194,10.068256300876355,-1.4528042023717935
4864,2,hot-cold,1,coverage,0.7,0.7,0.5,2432,0.9199311872085224,True,capped_label4,Capped-label DP (4),capped_label,0.7001085053429834,1414,2,0.4600018060966922,0.4694089764228272,0.7001085053429834,0.0001085053429834,True,True,True,29.820518,31.588021,False,False,False,,0,,True,0,False,0,0,4,0.5219613866192627,0.4626870396667194,10.068256300876355,-1.4528042023717935
4864,2,hot-cold,1,coverage,0.7,0.7,0.5,2432,0.9199311872085224,True,capped_label8,Capped-label DP (8),capped_label,0.7001085053429834,1414,2,0.4600018060966922,0.4694089764228272,0.7001085053429834,0.0001085053429834,True,True,True,100.4168675,103.8470159,False,False,False,,0,,True,0,False,0,0,8,0.5219613866192627,0.4626870396667194,10.068256300876355,-1.4528042023717935
4864,2,hot-cold,1,row_budget,0.7,0.7,0.5,2432,0.9199311872085224,True,paper,Paper,paper,0.8629259962915662,2430,24,0.8807442611272083,0.8770624322244402,0.8629259962915662,0.1629259962915662,True,True,True,0.6111275,0.8412005499999999,True,True,False,,0,,True,0,False,0,0,0,0.8770624322244402,0.4626870396667194,0.0,-89.55846112659688
4864,2,hot-cold,1,row_budget,0.7,0.7,0.5,2432,0.9199311872085224,True,incumbent_td16_trim256,TD-2L (16) + trim 256,incumbent,0.700292968170396,1388,8,0.4531633344309356,0.4626870396667194,0.700292968170396,0.000292968170396,True,True,True,0.7296834999999999,1.0097553999999995,True,True,False,,0,,True,9,True,0,0,0,0.8770624322244402,0.4626870396667194,47.24582621863824,0.0
4864,2,hot-cold,1,row_budget,0.7,0.7,0.5,2432,0.9199311872085224,True,lambda_bank4,Lambda bank (4),lambda_bank,0.8584903782609267,2261,14,0.7359347944952194,0.7537521311848293,0.8584903782609267,0.1584903782609267,True,True,True,0.605422,0.7601051499999999,True,True,False,,0,,True,4,True,0,0,0,0.8770624322244402,0.4626870396667194,14.05946675048736,-62.907552311767475
4864,2,hot-cold,1,row_budget,0.7,0.7,0.5,2432,0.9199311872085224,True,lambda_bank8,Lambda bank (8),lambda_bank,0.8584903782609267,2261,14,0.7359347944952194,0.7537521311848293,0.8584903782609267,0.1584903782609267,True,True,True,0.913848,1.1823494,True,True,False,,0,,True,8,True,0,0,0,0.8770624322244402,0.4626870396667194,14.05946675048736,-62.907552311767475
4864,2,hot-cold,1,row_budget,0.7,0.7,0.5,2432,0.9199311872085224,True,lambda_bank16,Lambda bank (16),lambda_bank,0.7654545941705191,1670,10,0.5432836040887383,0.556509301301043,0.7654545941705191,0.0654545941705191,True,True,True,1.4028025,1.5657772,True,True,False,,0,,True,16,True,0,0,0,0.8770624322244402,0.4626870396667194,36.548496337985625,-20.277693903400706
4864,2,hot-cold,1,row_budget,0.7,0.7,0.5,2432,0.9199311872085224,True,pwl_j4_c4,"PWL DP (J=4, calls=4)",piecewise,0.7593914477021133,1644,11,0.5348252964801712,0.5466009200335533,0.7593914477021133,0.0593914477021133,True,True,True,1.1566265,1.17259805,True,True,False,,0,,True,4,False,0,4,0,0.8770624322244402,0.4626870396667194,37.678219936151805,-18.136207235732904
4864,2,hot-cold,1,row_budget,0.7,0.7,0.5,2432,0.9199311872085224,True,pwl_j4_c8,"PWL DP (J=4, calls=8)",piecewise,0.7029603704073413,1386,10,0.4564566437666182,0.4636571375033094,0.7029603704073413,0.0029603704073413,True,True,True,1.947175,2.0499057,False,False,False,,0,,True,8,False,0,4,0,0.8770624322244402,0.4626870396667194,47.13521860383828,-0.20966609250363533
4864,2,hot-cold,1,row_budget,0.7,0.7,0.5,2432,0.9199311872085224,True,pwl_j8_c4,"PWL DP (J=8, calls=4)",piecewise,0.7563758522046413,1622,9,0.5276682669652297,0.539356347618085,0.7563758522046413,0.0563758522046413,True,True,True,2.3862255,2.45640905,False,False,False,,0,,True,4,False,0,8,0,0.8770624322244402,0.4626870396667194,38.504224123458556,-16.57044640943297
4864,2,hot-cold,1,row_budget,0.7,0.7,0.5,2432,0.9199311872085224,True,pwl_j8_c8,"PWL DP (J=8, calls=8)",piecewise,0.7165392858628589,1427,9,0.4743138517478912,0.4797050602850666,0.7165392858628589,0.0165392858628589,True,True,True,4.012706,4.07845755,False,False,False,,0,,True,8,False,0,8,0,0.8770624322244402,0.4626870396667194,45.30548309218766,-3.678084571075413
4864,2,hot-cold,1,row_budget,0.7,0.7,0.5,2432,0.9199311872085224,True,paper_local64,Paper + local edits (64),local_edit,0.8644058766317864,2428,13,0.8047125610316286,0.819065970354498,0.8644058766317864,0.1644058766317864,True,True,True,4.5004225,5.594135649999997,False,False,False,,0,,True,0,False,64,0,0,0.8770624322244402,0.4626870396667194,6.6125807854806045,-77.0237547488868
4864,2,hot-cold,1,row_budget,0.7,0.7,0.5,2432,0.9199311872085224,True,paper_local256,Paper + local edits (256),local_edit,0.8352619347477482,2251,12,0.7378580315131803,0.7498439841179267,0.8352619347477482,0.1352619347477482,True,True,True,13.97062,15.88364075,False,False,False,,0,,True,0,False,256,0,0,0.8770624322244402,0.4626870396667194,14.505061832811272,-62.06288913085849
4864,2,hot-cold,1,row_budget,0.7,0.7,0.5,2432,0.9199311872085224,True,td_lookup_c2,TD lookup DP (2),lookup,1.0,4864,1,1.582354161848876,1.6163955622590918,1.0,0.3,True,False,False,7.191663500000001,7.725320249999999,False,False,False,,0,,True,2,False,0,0,0,0.8770624322244402,0.4626870396667194,-84.29652244476209,-249.34965185612424
4864,2,hot-cold,1,row_budget,0.7,0.7,0.5,2432,0.9199311872085224,True,td_lookup_c4,TD lookup DP (4),lookup,0.7501494476275944,1594,11,0.5208482189246908,0.5274384117111635,0.7501494476275944,0.0501494476275944,True,True,True,11.6396475,12.634539549999996,False,False,False,,0,,True,4,False,0,0,0,0.8770624322244402,0.4626870396667194,39.86307105031812,-13.994637085811924
4864,2,hot-cold,1,row_budget,0.7,0.7,0.5,2432,0.9199311872085224,True,td_lookup_c8,TD lookup DP (8),lookup,0.7190026696236022,1438,11,0.480345596302807,0.4816440963590958,0.7190026696236022,0.0190026696236021,True,True,True,20.3046095,22.1993627,False,False,False,,0,,True,8,False,0,0,0,0.8770624322244402,0.4626870396667194,45.084400076567974,-4.097166133296359
4864,2,hot-cold,1,row_budget,0.7,0.7,0.5,2432,0.9199311872085224,True,predict_correct_c2,Lambda predict + correct (2),predict,0.903625884933231,2693,16,0.8763084974241933,0.8970293071533696,0.903625884933231,0.203625884933231,True,False,False,0.451063,0.5565176999999999,True,False,False,,0,,True,2,False,0,0,0,0.8770624322244402,0.4626870396667194,-2.2765625564748593,-93.87387807523496
4864,2,hot-cold,1,row_budget,0.7,0.7,0.5,2432,0.9199311872085224,True,predict_correct_c4,Lambda predict + correct (4),predict,0.7553547739835673,1617,9,0.5260416693481975,0.5370761497682472,0.7553547739835673,0.0553547739835673,True,True,True,0.648993,0.71193425,True,True,False,,0,,True,4,False,0,0,0,0.8770624322244402,0.4626870396667194,38.764205370637804,-16.077629958062232
4864,2,hot-cold,1,row_budget,0.7,0.7,0.5,2432,0.9199311872085224,True,predict_correct_c8,Lambda predict + correct (8),predict,0.7067083373118495,1408,8,0.4593528004754709,0.4683840676575519,0.7067083373118495,0.0067083373118494,True,True,True,0.837115,0.90366555,True,True,False,,0,,True,7,True,0,0,0,0.8770624322244402,0.4626870396667194,46.596268355763705,-1.2312918889917812
4864,2,hot-cold,1,row_budget,0.7,0.7,0.5,2432,0.9199311872085224,True,capped_label2,Capped-label DP (2),capped_label,0.7001085053429834,1414,2,0.4600018060966922,0.4694089764228272,0.7001085053429834,0.0001085053429834,True,True,True,10.199526,11.82966405,False,False,False,,0,,True,0,False,0,0,2,0.8770624322244402,0.4626870396667194,46.4794113650161,-1.4528042023717935
4864,2,hot-cold,1,row_budget,0.7,0.7,0.5,2432,0.9199311872085224,True,capped_label4,Capped-label DP (4),capped_label,0.7001085053429834,1414,2,0.4600018060966922,0.4694089764228272,0.7001085053429834,0.0001085053429834,True,True,True,29.6717695,31.32450525,False,False,False,,0,,True,0,False,0,0,4,0.8770624322244402,0.4626870396667194,46.4794113650161,-1.4528042023717935
4864,2,hot-cold,1,row_budget,0.7,0.7,0.5,2432,0.9199311872085224,True,capped_label8,Capped-label DP (8),capped_label,0.7001085053429834,1414,2,0.4600018060966922,0.4694089764228272,0.7001085053429834,0.0001085053429834,True,True,True,98.522065,100.2262378,False,False,False,,0,,True,0,False,0,0,8,0.8770624322244402,0.4626870396667194,46.4794113650161,-1.4528042023717935
4864,2,hot-cold,2,coverage,0.9,0.9,0.75,3648,0.9810446485433608,True,paper,Paper,paper,0.9065983380424916,2940,26,1.0444270091577197,1.044830453126836,0.9065983380424916,0.0065983380424916,True,True,True,7.5170515,8.3885642,False,False,False,,0,,True,0,False,0,0,0,1.044830453126836,0.8819562900935304,0.0,-18.46737359467474
4864,2,hot-cold,2,coverage,0.9,0.9,0.75,3648,0.9810446485433608,True,incumbent_td16_trim256,TD-2L (16) + trim 256,incumbent,0.9000503866688655,2655,15,0.863723334644072,0.8819562900935304,0.9000503866688655,5.038666886547638e-05,True,True,True,1.0889555,1.23453635,True,True,False,,0,,True,12,True,0,0,0,1.044830453126836,0.8819562900935304,15.588573490165459,0.0
4864,2,hot-cold,2,coverage,0.9,0.9,0.75,3648,0.9810446485433608,True,lambda_bank4,Lambda bank (4),lambda_bank,0.9663518092965176,3698,21,1.2030315975569787,1.2299393116097777,0.9663518092965176,0.0663518092965175,True,False,True,0.7281655,0.8306277499999999,True,True,False,,0,,True,4,True,0,0,0,1.044830453126836,0.8819562900935304,-17.716640812772198,-39.45581265476821
4864,2,hot-cold,2,coverage,0.9,0.9,0.75,3648,0.9810446485433608,True,lambda_bank8,Lambda bank (8),lambda_bank,0.903625884933231,2693,16,0.8763084974241933,0.8970293071533696,0.903625884933231,0.003625884933231,True,True,True,1.053279,1.14374545,True,True,False,,0,,True,8,True,0,0,0,1.044830453126836,0.8819562900935304,14.145945452790532,-1.7090435466184717
4864,2,hot-cold,2,coverage,0.9,0.9,0.75,3648,0.9810446485433608,True,lambda_bank16,Lambda bank (16),lambda_bank,0.903625884933231,2693,16,0.8763084974241933,0.8970293071533696,0.903625884933231,0.003625884933231,True,True,True,1.685961,1.7926516,True,True,False,,0,,True,16,True,0,0,0,1.044830453126836,0.8819562900935304,14.145945452790532,-1.7090435466184717
4864,2,hot-cold,2,coverage,0.9,0.9,0.75,3648,0.9810446485433608,True,pwl_j4_c4,"PWL DP (J=4, calls=4)",piecewise,0.9125855094204112,2809,19,0.9139751344896516,0.933931420260858,0.9125855094204112,0.0125855094204112,True,True,True,1.3505699999999998,1.38857115,True,True,False,,0,,True,4,False,0,4,0,1.044830453126836,0.8819562900935304,10.614069731035636,-5.893163952809455
4864,2,hot-cold,2,coverage,0.9,0.9,0.75,3648,0.9810446485433608,True,pwl_j4_c8,"PWL DP (J=4, calls=8)",piecewise,0.9038001994428586,2702,19,0.8794007043174551,0.8997779877114893,0.9038001994428586,0.0038001994428585,True,True,True,2.339503,2.38448965,False,False,False,,0,,True,8,False,0,4,0,1.044830453126836,0.8819562900935304,13.882871137728813,-2.020700778274276
4864,2,hot-cold,2,coverage,0.9,0.9,0.75,3648,0.9810446485433608,True,pwl_j8_c4,"PWL DP (J=8, calls=4)",piecewise,0.9130590100203028,2807,15,0.9131719022018494,0.93319534077778,0.9130590100203028,0.0130590100203028,True,True,True,2.739967,2.8385310500000003,False,False,False,,0,,True,4,False,0,8,0,1.044830453126836,0.8819562900935304,10.684519389243352,-5.809704093024348
4864,2,hot-cold,2,coverage,0.9,0.9,0.75,3648,0.9810446485433608,True,pwl_j8_c8,"PWL DP (J=8, calls=8)",piecewise,0.9013471171311792,2669,15,0.868277807971762,0.8865132557996279,0.9013471171311792,0.0013471171311791,True,True,True,4.808984000000001,4.9132596,False,False,False,,0,,True,8,False,0,8,0,1.044830453126836,0.8819562900935304,15.1524294543116,-0.5166883843658931
4864,2,hot-cold,2,coverage,0.9,0.9,0.75,3648,0.9810446485433608,True,paper_local64,Paper + local edits (64),local_edit,0.9081524923023632,2937,13,0.9590435124371292,0.9781185935940498,0.9081524923023632,0.0081524923023631,True,True,True,9.18792,9.7050584,False,False,False,,0,,True,0,False,64,0,0,1.044830453126836,0.8819562900935304,6.384945933872754,-10.903295841375726
4864,2,hot-cold,2,coverage,0.9,0.9,0.75,3648,0.9810446485433608,True,paper_local256,Paper + local edits (256),local_edit,0.9000931980511886,2886,13,0.9425343823347032,0.9608032937587504,0.9000931980511886,9.319805118856994e-05,True,True,True,10.419061,10.9190782,False,False,False,,0,,True,0,False,120,0,0,1.044830453126836,0.8819562900935304,8.0421813047868,-8.940012623171878
4864,2,hot-cold,2,coverage,0.9,0.9,0.75,3648,0.9810446485433608,True,td_lookup_c2,TD lookup DP (2),lookup,1.0,4864,1,1.582354161848876,1.6163955622590918,1.0,0.0999999999999999,True,False,True,7.2511095,7.544050249999999,False,False,False,,0,,True,2,False,0,0,0,1.044830453126836,0.8819562900935304,-54.70410126559273,-83.27388561259367
4864,2,hot-cold,2,coverage,0.9,0.9,0.75,3648,0.9810446485433608,True,td_lookup_c4,TD lookup DP (4),lookup,0.9131185876679422,2813,18,0.915123819342288,0.9292307546910116,0.9131185876679422,0.0131185876679421,True,True,True,11.454036,11.5749887,False,False,False,,0,,True,4,False,0,0,0,1.044830453126836,0.8819562900935304,11.063967181457269,-5.360182259425561
4864,2,hot-cold,2,coverage,0.9,0.9,0.75,3648,0.9810446485433608,True,td_lookup_c8,TD lookup DP (8),lookup,0.9005691371258111,2666,17,0.8673018494015428,0.8800932986056857,0.9005691371258111,0.000569137125811,True,True,True,20.461072,21.21788735,False,False,False,,0,,True,8,False,0,0,0,1.044830453126836,0.8819562900935304,15.766879116907994,0.21123399297340306
4864,2,hot-cold,2,coverage,0.9,0.9,0.75,3648,0.9810446485433608,True,predict_correct_c2,Lambda predict + correct (2),predict,0.903625884933231,2693,16,0.8763084974241933,0.8970293071533696,0.903625884933231,0.003625884933231,True,True,True,0.498011,0.5603184999999998,True,True,False,,0,,True,2,False,0,0,0,1.044830453126836,0.8819562900935304,14.145945452790532,-1.7090435466184717
4864,2,hot-cold,2,coverage,0.9,0.9,0.75,3648,0.9810446485433608,True,predict_correct_c4,Lambda predict + correct (4),predict,0.903625884933231,2693,16,0.8763084974241933,0.8970293071533696,0.903625884933231,0.003625884933231,True,True,True,0.6769255000000001,0.717982,True,True,False,,0,,True,4,False,0,0,0,1.044830453126836,0.8819562900935304,14.145945452790532,-1.7090435466184717
4864,2,hot-cold,2,coverage,0.9,0.9,0.75,3648,0.9810446485433608,True,predict_correct_c8,Lambda predict + correct (8),predict,0.9003524839115663,2658,15,0.8646992932142913,0.883067551927332,0.9003524839115663,0.0003524839115662,True,True,True,0.9853415,1.03104785,True,True,False,,0,,True,8,False,0,0,0,1.044830453126836,0.8819562900935304,15.482215388669085,-0.12599964944790543
4864,2,hot-cold,2,coverage,0.9,0.9,0.75,3648,0.9810446485433608,True,capped_label2,Capped-label DP (2),capped_label,0.9000100396345974,2704,2,0.879663991290987,0.8980994113147328,0.9000100396345974,1.0039634597336368e-05,True,True,True,10.308198999999998,10.6048632,False,False,False,,0,,True,0,False,0,0,2,1.044830453126836,0.8819562900935304,14.04352652365608,-1.830376562027869
4864,2,hot-cold,2,coverage,0.9,0.9,0.75,3648,0.9810446485433608,True,capped_label4,Capped-label DP (4),capped_label,0.9000100396345974,2704,2,0.879663991290987,0.8980994113147328,0.9000100396345974,1.0039634597336368e-05,True,True,True,30.0526415,30.39191495,False,False,False,,0,,True,0,False,0,0,4,1.044830453126836,0.8819562900935304,14.04352652365608,-1.830376562027869
4864,2,hot-cold,2,coverage,0.9,0.9,0.75,3648,0.9810446485433608,True,capped_label8,Capped-label DP (8),capped_label,0.9000100396345974,2704,2,0.879663991290987,0.8980994113147328,0.9000100396345974,1.0039634597336368e-05,True,True,True,101.043979,102.04168815,False,False,False,,0,,True,0,False,0,0,8,1.044830453126836,0.8819562900935304,14.04352652365608,-1.830376562027869
4864,2,hot-cold,2,row_budget,0.9,0.9,0.75,3648,0.9810446485433608,True,paper,Paper,paper,0.951132967603165,3648,32,1.2889796169663306,1.289011999725249,0.951132967603165,0.0511329676031649,True,True,True,0.634476,0.6882057999999999,True,True,False,,0,,True,0,False,0,0,0,1.289011999725249,0.8819562900935304,0.0,-46.15372827473691
4864,2,hot-cold,2,row_budget,0.9,0.9,0.75,3648,0.9810446485433608,True,incumbent_td16_trim256,TD-2L (16) + trim 256,incumbent,0.9000503866688655,2655,15,0.863723334644072,0.8819562900935304,0.9000503866688655,5.038666886547638e-05,True,True,True,0.987305,1.0470965,True,True,False,,0,,True,12,True,0,0,0,1.289011999725249,0.8819562900935304,31.578892183973608,0.0
4864,2,hot-cold,2,row_budget,0.9,0.9,0.75,3648,0.9810446485433608,True,lambda_bank4,Lambda bank (4),lambda_bank,0.9663518092965176,3698,21,1.2030315975569787,1.2299393116097777,0.9663518092965176,0.0663518092965175,True,False,False,0.671295,0.70594275,True,False,False,,0,,True,4,True,0,0,0,1.289011999725249,0.8819562900935304,4.582788067765275,-39.45581265476821
4864,2,hot-cold,2,row_budget,0.9,0.9,0.75,3648,0.9810446485433608,True,lambda_bank8,Lambda bank (8),lambda_bank,0.903625884933231,2693,16,0.8763084974241933,0.8970293071533696,0.903625884933231,0.003625884933231,True,True,True,1.007628,1.0323873,True,True,False,,0,,True,8,True,0,0,0,1.289011999725249,0.8819562900935304,30.409545656318937,-1.7090435466184717
4864,2,hot-cold,2,row_budget,0.9,0.9,0.75,3648,0.9810446485433608,True,lambda_bank16,Lambda bank (16),lambda_bank,0.903625884933231,2693,16,0.8763084974241933,0.8970293071533696,0.903625884933231,0.003625884933231,True,True,True,1.628579,1.6501847,True,True,False,,0,,True,16,True,0,0,0,1.289011999725249,0.8819562900935304,30.409545656318937,-1.7090435466184717
4864,2,hot-cold,2,row_budget,0.9,0.9,0.75,3648,0.9810446485433608,True,pwl_j4_c4,"PWL DP (J=4, calls=4)",piecewise,0.9125855094204112,2809,19,0.9139751344896516,0.933931420260858,0.9125855094204112,0.0125855094204112,True,True,True,1.329405,1.36025425,True,True,False,,0,,True,4,False,0,4,0,1.289011999725249,0.8819562900935304,27.54672412204664,-5.893163952809455
4864,2,hot-cold,2,row_budget,0.9,0.9,0.75,3648,0.9810446485433608,True,pwl_j4_c8,"PWL DP (J=4, calls=8)",piecewise,0.9038001994428586,2702,19,0.8794007043174551,0.8997779877114893,0.9038001994428586,0.0038001994428585,True,True,True,2.310308,2.3498268,False,False,False,,0,,True,8,False,0,4,0,1.289011999725249,0.8819562900935304,30.19630632583128,-2.020700778274276
4864,2,hot-cold,2,row_budget,0.9,0.9,0.75,3648,0.9810446485433608,True,pwl_j8_c4,"PWL DP (J=8, calls=4)",piecewise,0.9130590100203028,2807,15,0.9131719022018494,0.93319534077778,0.9130590100203028,0.0130590100203028,True,True,True,2.7035035,2.7260607,False,False,False,,0,,True,4,False,0,8,0,1.289011999725249,0.8819562900935304,27.60382828269331,-5.809704093024348
4864,2,hot-cold,2,row_budget,0.9,0.9,0.75,3648,0.9810446485433608,True,pwl_j8_c8,"PWL DP (J=8, calls=8)",piecewise,0.9013471171311792,2669,15,0.868277807971762,0.8865132557996279,0.9013471171311792,0.0013471171311791,True,True,True,4.763319,4.7957604,False,False,False,,0,,True,8,False,0,8,0,1.289011999725249,0.8819562900935304,31.22536826743374,-0.5166883843658931
4864,2,hot-cold,2,row_budget,0.9,0.9,0.75,3648,0.9810446485433608,True,paper_local64,Paper + local edits (64),local_edit,0.9537662470841548,3643,20,1.2068190019317353,1.2213988714105586,0.9537662470841548,0.0537662470841546,True,True,True,5.961709,6.2685602,False,False,False,,0,,True,0,False,64,0,0,1.289011999725249,0.8819562900935304,5.245345142566704,-38.487460787997875
4864,2,hot-cold,2,row_budget,0.9,0.9,0.75,3648,0.9810446485433608,True,paper_local256,Paper + local edits (256),local_edit,0.9294980686772428,3451,20,1.144357653437701,1.1566159611759383,0.9294980686772428,0.0294980686772426,True,True,True,20.157816,20.5297918,False,False,False,,0,,True,0,False,256,0,0,1.289011999725249,0.8819562900935304,10.271125371798762,-31.14209560808061
4864,2,hot-cold,2,row_budget,0.9,0.9,0.75,3648,0.9810446485433608,True,td_lookup_c2,TD lookup DP (2),lookup,1.0,4864,1,1.582354161848876,1.6163955622590918,1.0,0.0999999999999999,True,False,False,7.1273935,7.346542149999999,False,False,False,,0,,True,2,False,0,0,0,1.289011999725249,0.8819562900935304,-25.398022873613613,-83.27388561259367
4864,2,hot-cold,2,row_budget,0.9,0.9,0.75,3648,0.9810446485433608,True,td_lookup_c4,TD lookup DP (4),lookup,0.9131185876679422,2813,18,0.915123819342288,0.9292307546910116,0.9131185876679422,0.0131185876679421,True,True,True,11.945439,13.7613857,False,False,False,,0,,True,4,False,0,0,0,1.289011999725249,0.8819562900935304,27.911396101116527,-5.360182259425561
4864,2,hot-cold,2,row_budget,0.9,0.9,0.75,3648,0.9810446485433608,True,td_lookup_c8,TD lookup DP (8),lookup,0.9005691371258111,2666,17,0.8673018494015428,0.8800932986056857,0.9005691371258111,0.000569137125811,True,True,True,20.557628,21.129542,False,False,False,,0,,True,8,False,0,0,0,1.289011999725249,0.8819562900935304,31.72342082205004,0.21123399297340306
4864,2,hot-cold,2,row_budget,0.9,0.9,0.75,3648,0.9810446485433608,True,predict_correct_c2,Lambda predict + correct (2),predict,0.903625884933231,2693,16,0.8763084974241933,0.8970293071533696,0.903625884933231,0.003625884933231,True,True,True,0.475444,0.5735658499999999,True,True,False,,0,,True,2,False,0,0,0,1.289011999725249,0.8819562900935304,30.409545656318937,-1.7090435466184717
4864,2,hot-cold,2,row_budget,0.9,0.9,0.75,3648,0.9810446485433608,True,predict_correct_c4,Lambda predict + correct (4),predict,0.903625884933231,2693,16,0.8763084974241933,0.8970293071533696,0.903625884933231,0.003625884933231,True,True,True,0.6846945,0.7475608499999999,True,True,False,,0,,True,4,False,0,0,0,1.289011999725249,0.8819562900935304,30.409545656318937,-1.7090435466184717
4864,2,hot-cold,2,row_budget,0.9,0.9,0.75,3648,0.9810446485433608,True,predict_correct_c8,Lambda predict + correct (8),predict,0.9003524839115663,2658,15,0.8646992932142913,0.883067551927332,0.9003524839115663,0.0003524839115662,True,True,True,0.985643,1.01324915,True,True,False,,0,,True,8,False,0,0,0,1.289011999725249,0.8819562900935304,31.492681827977044,-0.12599964944790543
4864,2,hot-cold,2,row_budget,0.9,0.9,0.75,3648,0.9810446485433608,True,capped_label2,Capped-label DP (2),capped_label,0.9000100396345974,2704,2,0.879663991290987,0.8980994113147328,0.9000100396345974,1.0039634597336368e-05,True,True,True,10.5122855,11.0608967,False,False,False,,0,,True,0,False,0,0,2,1.289011999725249,0.8819562900935304,30.32652826302925,-1.830376562027869
4864,2,hot-cold,2,row_budget,0.9,0.9,0.75,3648,0.9810446485433608,True,capped_label4,Capped-label DP (4),capped_label,0.9000100396345974,2704,2,0.879663991290987,0.8980994113147328,0.9000100396345974,1.0039634597336368e-05,True,True,True,30.716738,31.3978467,False,False,False,,0,,True,0,False,0,0,4,1.289011999725249,0.8819562900935304,30.32652826302925,-1.830376562027869
4864,2,hot-cold,2,row_budget,0.9,0.9,0.75,3648,0.9810446485433608,True,capped_label8,Capped-label DP (8),capped_label,0.9000100396345974,2704,2,0.879663991290987,0.8980994113147328,0.9000100396345974,1.0039634597336368e-05,True,True,True,101.1185685,103.65577025,False,False,False,,0,,True,0,False,0,0,8,1.289011999725249,0.8819562900935304,30.32652826302925,-1.830376562027869
