case_key,score_kind,repetition,runtime_ms
qwen05|cal_short_factual|model.layers.0.self_attn.q_proj,abs,0,0.0624639987945556
qwen05|cal_short_factual|model.layers.0.self_attn.q_proj,abs,1,0.0358400009572505
qwen05|cal_short_factual|model.layers.0.self_attn.q_proj,abs,2,0.0267200004309415
qwen05|cal_short_factual|model.layers.0.self_attn.q_proj,x2,0,0.0389119982719421
qwen05|cal_short_factual|model.layers.0.self_attn.q_proj,x2,1,0.0266239996999502
qwen05|cal_short_factual|model.layers.0.self_attn.q_proj,x2,2,0.0245760008692741
qwen05|cal_short_factual|model.layers.0.self_attn.q_proj,weighted,0,0.0359360016882419
qwen05|cal_short_factual|model.layers.0.self_attn.q_proj,weighted,1,0.0358400009572505
qwen05|cal_short_factual|model.layers.0.self_attn.q_proj,weighted,2,0.0317439995706081
qwen05|cal_short_factual|model.layers.0.self_attn.k_proj,abs,0,0.0368640013039112
qwen05|cal_short_factual|model.layers.0.self_attn.k_proj,abs,1,0.0255999993532896
qwen05|cal_short_factual|model.layers.0.self_attn.k_proj,abs,2,0.0225280001759529
qwen05|cal_short_factual|model.layers.0.self_attn.k_proj,x2,0,0.0348160006105899
qwen05|cal_short_factual|model.layers.0.self_attn.k_proj,x2,1,0.0233280006796121
qwen05|cal_short_factual|model.layers.0.self_attn.k_proj,x2,2,0.0215039998292922
qwen05|cal_short_factual|model.layers.0.self_attn.k_proj,weighted,0,0.0319360010325908
qwen05|cal_short_factual|model.layers.0.self_attn.k_proj,weighted,1,0.0276480000466108
qwen05|cal_short_factual|model.layers.0.self_attn.k_proj,weighted,2,0.0266239996999502
qwen05|cal_short_factual|model.layers.0.self_attn.v_proj,abs,0,0.0378880016505718
qwen05|cal_short_factual|model.layers.0.self_attn.v_proj,abs,1,0.0368640013039112
qwen05|cal_short_factual|model.layers.0.self_attn.v_proj,abs,2,0.036031998693943
qwen05|cal_short_factual|model.layers.0.self_attn.v_proj,x2,0,0.0327679999172687
qwen05|cal_short_factual|model.layers.0.self_attn.v_proj,x2,1,0.0287040006369352
qwen05|cal_short_factual|model.layers.0.self_attn.v_proj,x2,2,0.0286720003932714
qwen05|cal_short_factual|model.layers.0.self_attn.v_proj,weighted,0,0.0368640013039112
qwen05|cal_short_factual|model.layers.0.self_attn.v_proj,weighted,1,0.0349760018289089
qwen05|cal_short_factual|model.layers.0.self_attn.v_proj,weighted,2,0.0348160006105899
qwen05|cal_short_factual|model.layers.0.self_attn.o_proj,abs,0,0.0348160006105899
qwen05|cal_short_factual|model.layers.0.self_attn.o_proj,abs,1,0.0276480000466108
qwen05|cal_short_factual|model.layers.0.self_attn.o_proj,abs,2,0.029696000739932
qwen05|cal_short_factual|model.layers.0.self_attn.o_proj,x2,0,0.029696000739932
qwen05|cal_short_factual|model.layers.0.self_attn.o_proj,x2,1,0.0255999993532896
qwen05|cal_short_factual|model.layers.0.self_attn.o_proj,x2,2,0.0255999993532896
qwen05|cal_short_factual|model.layers.0.self_attn.o_proj,weighted,0,0.0317439995706081
qwen05|cal_short_factual|model.layers.0.self_attn.o_proj,weighted,1,0.0307199992239475
qwen05|cal_short_factual|model.layers.0.self_attn.o_proj,weighted,2,0.0573440007865428
qwen05|cal_short_factual|model.layers.0.mlp.gate_proj,abs,0,0.0532479993999004
qwen05|cal_short_factual|model.layers.0.mlp.gate_proj,abs,1,0.0317439995706081
qwen05|cal_short_factual|model.layers.0.mlp.gate_proj,abs,2,0.0266880001872777
qwen05|cal_short_factual|model.layers.0.mlp.gate_proj,x2,0,0.0286720003932714
qwen05|cal_short_factual|model.layers.0.mlp.gate_proj,x2,1,0.026655999943614
qwen05|cal_short_factual|model.layers.0.mlp.gate_proj,x2,2,0.0256960000842809
qwen05|cal_short_factual|model.layers.0.mlp.gate_proj,weighted,0,0.0338880009949207
qwen05|cal_short_factual|model.layers.0.mlp.gate_proj,weighted,1,0.0316159985959529
qwen05|cal_short_factual|model.layers.0.mlp.gate_proj,weighted,2,0.0307199992239475
qwen05|cal_short_factual|model.layers.0.mlp.up_proj,abs,0,0.0317439995706081
qwen05|cal_short_factual|model.layers.0.mlp.up_proj,abs,1,0.0243519991636276
qwen05|cal_short_factual|model.layers.0.mlp.up_proj,abs,2,0.029696000739932
qwen05|cal_short_factual|model.layers.0.mlp.up_proj,x2,0,0.0368000008165836
qwen05|cal_short_factual|model.layers.0.mlp.up_proj,x2,1,0.0255999993532896
qwen05|cal_short_factual|model.layers.0.mlp.up_proj,x2,2,0.0234559997916221
qwen05|cal_short_factual|model.layers.0.mlp.up_proj,weighted,0,0.0275839995592832
qwen05|cal_short_factual|model.layers.0.mlp.up_proj,weighted,1,0.0266239996999502
qwen05|cal_short_factual|model.layers.0.mlp.up_proj,weighted,2,0.0266239996999502
qwen05|cal_short_factual|model.layers.0.mlp.down_proj,abs,0,0.0337920002639293
qwen05|cal_short_factual|model.layers.0.mlp.down_proj,abs,1,0.029696000739932
qwen05|cal_short_factual|model.layers.0.mlp.down_proj,abs,2,0.0266239996999502
qwen05|cal_short_factual|model.layers.0.mlp.down_proj,x2,0,0.029696000739932
qwen05|cal_short_factual|model.layers.0.mlp.down_proj,x2,1,0.0265599992126226
qwen05|cal_short_factual|model.layers.0.mlp.down_proj,x2,2,0.0258239991962909
qwen05|cal_short_factual|model.layers.0.mlp.down_proj,weighted,0,0.0368640013039112
qwen05|cal_short_factual|model.layers.0.mlp.down_proj,weighted,1,0.0317759998142719
qwen05|cal_short_factual|model.layers.0.mlp.down_proj,weighted,2,0.0307199992239475
qwen05|cal_short_factual|model.layers.12.self_attn.q_proj,abs,0,0.029696000739932
qwen05|cal_short_factual|model.layers.12.self_attn.q_proj,abs,1,0.0245760008692741
qwen05|cal_short_factual|model.layers.12.self_attn.q_proj,abs,2,0.0223360005766153
qwen05|cal_short_factual|model.layers.12.self_attn.q_proj,x2,0,0.0235520005226135
qwen05|cal_short_factual|model.layers.12.self_attn.q_proj,x2,1,0.0234559997916221
qwen05|cal_short_factual|model.layers.12.self_attn.q_proj,x2,2,0.0225280001759529
qwen05|cal_short_factual|model.layers.12.self_attn.q_proj,weighted,0,0.0276480000466108
qwen05|cal_short_factual|model.layers.12.self_attn.q_proj,weighted,1,0.0266239996999502
qwen05|cal_short_factual|model.layers.12.self_attn.q_proj,weighted,2,0.0266239996999502
qwen05|cal_short_factual|model.layers.12.self_attn.k_proj,abs,0,0.0450560003519058
qwen05|cal_short_factual|model.layers.12.self_attn.k_proj,abs,1,0.0348160006105899
qwen05|cal_short_factual|model.layers.12.self_attn.k_proj,abs,2,0.0299200005829334
qwen05|cal_short_factual|model.layers.12.self_attn.k_proj,x2,0,0.0327679999172687
qwen05|cal_short_factual|model.layers.12.self_attn.k_proj,x2,1,0.0377920009195804
qwen05|cal_short_factual|model.layers.12.self_attn.k_proj,x2,2,0.0358400009572505
qwen05|cal_short_factual|model.layers.12.self_attn.k_proj,weighted,0,0.0360639989376068
qwen05|cal_short_factual|model.layers.12.self_attn.k_proj,weighted,1,0.0419839993119239
qwen05|cal_short_factual|model.layers.12.self_attn.k_proj,weighted,2,0.0266239996999502
qwen05|cal_short_factual|model.layers.12.self_attn.v_proj,abs,0,0.0276480000466108
qwen05|cal_short_factual|model.layers.12.self_attn.v_proj,abs,1,0.0245120003819465
qwen05|cal_short_factual|model.layers.12.self_attn.v_proj,abs,2,0.0225280001759529
qwen05|cal_short_factual|model.layers.12.self_attn.v_proj,x2,0,0.0235520005226135
qwen05|cal_short_factual|model.layers.12.self_attn.v_proj,x2,1,0.0215039998292922
qwen05|cal_short_factual|model.layers.12.self_attn.v_proj,x2,2,0.0215039998292922
qwen05|cal_short_factual|model.layers.12.self_attn.v_proj,weighted,0,0.0266239996999502
qwen05|cal_short_factual|model.layers.12.self_attn.v_proj,weighted,1,0.0255999993532896
qwen05|cal_short_factual|model.layers.12.self_attn.v_proj,weighted,2,0.0255999993532896
qwen05|cal_short_factual|model.layers.12.self_attn.o_proj,abs,0,0.0370239987969398
qwen05|cal_short_factual|model.layers.12.self_attn.o_proj,abs,1,0.0296000000089406
qwen05|cal_short_factual|model.layers.12.self_attn.o_proj,abs,2,0.0206400007009506
qwen05|cal_short_factual|model.layers.12.self_attn.o_proj,x2,0,0.0235520005226135
qwen05|cal_short_factual|model.layers.12.self_attn.o_proj,x2,1,0.0225280001759529
qwen05|cal_short_factual|model.layers.12.self_attn.o_proj,x2,2,0.0215039998292922
qwen05|cal_short_factual|model.layers.12.self_attn.o_proj,weighted,0,0.0284800007939338
qwen05|cal_short_factual|model.layers.12.self_attn.o_proj,weighted,1,0.0273919999599456
qwen05|cal_short_factual|model.layers.12.self_attn.o_proj,weighted,2,0.0256639998406171
qwen05|cal_short_factual|model.layers.12.mlp.gate_proj,abs,0,0.0327679999172687
qwen05|cal_short_factual|model.layers.12.mlp.gate_proj,abs,1,0.0295679997652769
qwen05|cal_short_factual|model.layers.12.mlp.gate_proj,abs,2,0.0275839995592832
qwen05|cal_short_factual|model.layers.12.mlp.gate_proj,x2,0,0.0327679999172687
qwen05|cal_short_factual|model.layers.12.mlp.gate_proj,x2,1,0.0264640003442764
qwen05|cal_short_factual|model.layers.12.mlp.gate_proj,x2,2,0.0255999993532896
qwen05|cal_short_factual|model.layers.12.mlp.gate_proj,weighted,0,0.0337920002639293
qwen05|cal_short_factual|model.layers.12.mlp.gate_proj,weighted,1,0.0317439995706081
qwen05|cal_short_factual|model.layers.12.mlp.gate_proj,weighted,2,0.0307199992239475
qwen05|cal_short_factual|model.layers.12.mlp.up_proj,abs,0,0.0358400009572505
qwen05|cal_short_factual|model.layers.12.mlp.up_proj,abs,1,0.028736000880599
qwen05|cal_short_factual|model.layers.12.mlp.up_proj,abs,2,0.0266239996999502
qwen05|cal_short_factual|model.layers.12.mlp.up_proj,x2,0,0.0429759994149208
qwen05|cal_short_factual|model.layers.12.mlp.up_proj,x2,1,0.0286720003932714
qwen05|cal_short_factual|model.layers.12.mlp.up_proj,x2,2,0.0266239996999502
qwen05|cal_short_factual|model.layers.12.mlp.up_proj,weighted,0,0.0317439995706081
qwen05|cal_short_factual|model.layers.12.mlp.up_proj,weighted,1,0.0317439995706081
qwen05|cal_short_factual|model.layers.12.mlp.up_proj,weighted,2,0.0317439995706081
qwen05|cal_short_factual|model.layers.12.mlp.down_proj,abs,0,0.0337920002639293
qwen05|cal_short_factual|model.layers.12.mlp.down_proj,abs,1,0.0327679999172687
qwen05|cal_short_factual|model.layers.12.mlp.down_proj,abs,2,0.0266880001872777
qwen05|cal_short_factual|model.layers.12.mlp.down_proj,x2,0,0.0277440007776021
qwen05|cal_short_factual|model.layers.12.mlp.down_proj,x2,1,0.0266239996999502
qwen05|cal_short_factual|model.layers.12.mlp.down_proj,x2,2,0.0268159992992877
qwen05|cal_short_factual|model.layers.12.mlp.down_proj,weighted,0,0.0327679999172687
qwen05|cal_short_factual|model.layers.12.mlp.down_proj,weighted,1,0.0317439995706081
qwen05|cal_short_factual|model.layers.12.mlp.down_proj,weighted,2,0.0308480001986026
qwen05|cal_short_factual|model.layers.23.self_attn.q_proj,abs,0,0.0273599997162818
qwen05|cal_short_factual|model.layers.23.self_attn.q_proj,abs,1,0.0237760003656148
qwen05|cal_short_factual|model.layers.23.self_attn.q_proj,abs,2,0.0216959994286298
qwen05|cal_short_factual|model.layers.23.self_attn.q_proj,x2,0,0.0225280001759529
qwen05|cal_short_factual|model.layers.23.self_attn.q_proj,x2,1,0.0225280001759529
qwen05|cal_short_factual|model.layers.23.self_attn.q_proj,x2,2,0.0225280001759529
qwen05|cal_short_factual|model.layers.23.self_attn.q_proj,weighted,0,0.0276480000466108
qwen05|cal_short_factual|model.layers.23.self_attn.q_proj,weighted,1,0.0266239996999502
qwen05|cal_short_factual|model.layers.23.self_attn.q_proj,weighted,2,0.0255999993532896
qwen05|cal_short_factual|model.layers.23.self_attn.k_proj,abs,0,0.0310079995542764
qwen05|cal_short_factual|model.layers.23.self_attn.k_proj,abs,1,0.0245760008692741
qwen05|cal_short_factual|model.layers.23.self_attn.k_proj,abs,2,0.0223360005766153
qwen05|cal_short_factual|model.layers.23.self_attn.k_proj,x2,0,0.0225920006632804
qwen05|cal_short_factual|model.layers.23.self_attn.k_proj,x2,1,0.0222720000892877
qwen05|cal_short_factual|model.layers.23.self_attn.k_proj,x2,2,0.0215039998292922
qwen05|cal_short_factual|model.layers.23.self_attn.k_proj,weighted,0,0.026528000831604
qwen05|cal_short_factual|model.layers.23.self_attn.k_proj,weighted,1,0.0258239991962909
qwen05|cal_short_factual|model.layers.23.self_attn.k_proj,weighted,2,0.0348160006105899
qwen05|cal_short_factual|model.layers.23.self_attn.v_proj,abs,0,0.0348160006105899
qwen05|cal_short_factual|model.layers.23.self_attn.v_proj,abs,1,0.0295679997652769
qwen05|cal_short_factual|model.layers.23.self_attn.v_proj,abs,2,0.0317439995706081
qwen05|cal_short_factual|model.layers.23.self_attn.v_proj,x2,0,0.0277759991586208
qwen05|cal_short_factual|model.layers.23.self_attn.v_proj,x2,1,0.0266239996999502
qwen05|cal_short_factual|model.layers.23.self_attn.v_proj,x2,2,0.0264320001006126
qwen05|cal_short_factual|model.layers.23.self_attn.v_proj,weighted,0,0.0337600000202655
qwen05|cal_short_factual|model.layers.23.self_attn.v_proj,weighted,1,0.0317439995706081
qwen05|cal_short_factual|model.layers.23.self_attn.v_proj,weighted,2,0.0317439995706081
qwen05|cal_short_factual|model.layers.23.self_attn.o_proj,abs,0,0.0389119982719421
qwen05|cal_short_factual|model.layers.23.self_attn.o_proj,abs,1,0.040863998234272
qwen05|cal_short_factual|model.layers.23.self_attn.o_proj,abs,2,0.030944000929594
qwen05|cal_short_factual|model.layers.23.self_attn.o_proj,x2,0,0.0286720003932714
qwen05|cal_short_factual|model.layers.23.self_attn.o_proj,x2,1,0.0234239995479583
qwen05|cal_short_factual|model.layers.23.self_attn.o_proj,x2,2,0.0245760008692741
qwen05|cal_short_factual|model.layers.23.self_attn.o_proj,weighted,0,0.0266239996999502
qwen05|cal_short_factual|model.layers.23.self_attn.o_proj,weighted,1,0.0416320003569126
qwen05|cal_short_factual|model.layers.23.self_attn.o_proj,weighted,2,0.0399359986186027
qwen05|cal_short_factual|model.layers.23.mlp.gate_proj,abs,0,0.0318720005452632
qwen05|cal_short_factual|model.layers.23.mlp.gate_proj,abs,1,0.0276480000466108
qwen05|cal_short_factual|model.layers.23.mlp.gate_proj,abs,2,0.0255999993532896
qwen05|cal_short_factual|model.layers.23.mlp.gate_proj,x2,0,0.0266880001872777
qwen05|cal_short_factual|model.layers.23.mlp.gate_proj,x2,1,0.0266239996999502
qwen05|cal_short_factual|model.layers.23.mlp.gate_proj,x2,2,0.0255999993532896
qwen05|cal_short_factual|model.layers.23.mlp.gate_proj,weighted,0,0.0327679999172687
qwen05|cal_short_factual|model.layers.23.mlp.gate_proj,weighted,1,0.0450560003519058
qwen05|cal_short_factual|model.layers.23.mlp.gate_proj,weighted,2,0.0327359996736049
qwen05|cal_short_factual|model.layers.23.mlp.up_proj,abs,0,0.0337920002639293
qwen05|cal_short_factual|model.layers.23.mlp.up_proj,abs,1,0.0317759998142719
qwen05|cal_short_factual|model.layers.23.mlp.up_proj,abs,2,0.0258879996836185
qwen05|cal_short_factual|model.layers.23.mlp.up_proj,x2,0,0.0419839993119239
qwen05|cal_short_factual|model.layers.23.mlp.up_proj,x2,1,0.02857599966228
qwen05|cal_short_factual|model.layers.23.mlp.up_proj,x2,2,0.0266239996999502
qwen05|cal_short_factual|model.layers.23.mlp.up_proj,weighted,0,0.0327679999172687
qwen05|cal_short_factual|model.layers.23.mlp.up_proj,weighted,1,0.0307199992239475
qwen05|cal_short_factual|model.layers.23.mlp.up_proj,weighted,2,0.0307199992239475
qwen05|cal_short_factual|model.layers.23.mlp.down_proj,abs,0,0.0399359986186027
qwen05|cal_short_factual|model.layers.23.mlp.down_proj,abs,1,0.0339200012385845
qwen05|cal_short_factual|model.layers.23.mlp.down_proj,abs,2,0.0305920001119375
qwen05|cal_short_factual|model.layers.23.mlp.down_proj,x2,0,0.0328320004045963
qwen05|cal_short_factual|model.layers.23.mlp.down_proj,x2,1,0.0307199992239475
qwen05|cal_short_factual|model.layers.23.mlp.down_proj,x2,2,0.0299520008265972
qwen05|cal_short_factual|model.layers.23.mlp.down_proj,weighted,0,0.0367040000855922
qwen05|cal_short_factual|model.layers.23.mlp.down_proj,weighted,1,0.0358400009572505
qwen05|cal_short_factual|model.layers.23.mlp.down_proj,weighted,2,0.0348160006105899
qwen05|cal_medium_reasoning|model.layers.0.self_attn.q_proj,abs,0,0.0277120005339384
qwen05|cal_medium_reasoning|model.layers.0.self_attn.q_proj,abs,1,0.0235520005226135
qwen05|cal_medium_reasoning|model.layers.0.self_attn.q_proj,abs,2,0.0225280001759529
qwen05|cal_medium_reasoning|model.layers.0.self_attn.q_proj,x2,0,0.0236159991472959
qwen05|cal_medium_reasoning|model.layers.0.self_attn.q_proj,x2,1,0.0223680008202791
qwen05|cal_medium_reasoning|model.layers.0.self_attn.q_proj,x2,2,0.0215680003166198
qwen05|cal_medium_reasoning|model.layers.0.self_attn.q_proj,weighted,0,0.0276480000466108
qwen05|cal_medium_reasoning|model.layers.0.self_attn.q_proj,weighted,1,0.0389119982719421
qwen05|cal_medium_reasoning|model.layers.0.self_attn.q_proj,weighted,2,0.0286720003932714
qwen05|cal_medium_reasoning|model.layers.0.self_attn.k_proj,abs,0,0.0337920002639293
qwen05|cal_medium_reasoning|model.layers.0.self_attn.k_proj,abs,1,0.0286720003932714
qwen05|cal_medium_reasoning|model.layers.0.self_attn.k_proj,abs,2,0.0267520006746053
qwen05|cal_medium_reasoning|model.layers.0.self_attn.k_proj,x2,0,0.0327359996736049
qwen05|cal_medium_reasoning|model.layers.0.self_attn.k_proj,x2,1,0.029696000739932
qwen05|cal_medium_reasoning|model.layers.0.self_attn.k_proj,x2,2,0.0299520008265972
qwen05|cal_medium_reasoning|model.layers.0.self_attn.k_proj,weighted,0,0.0390079990029335
qwen05|cal_medium_reasoning|model.layers.0.self_attn.k_proj,weighted,1,0.0358400009572505
qwen05|cal_medium_reasoning|model.layers.0.self_attn.k_proj,weighted,2,0.0358400009572505
qwen05|cal_medium_reasoning|model.layers.0.self_attn.v_proj,abs,0,0.0348160006105899
qwen05|cal_medium_reasoning|model.layers.0.self_attn.v_proj,abs,1,0.061439998447895
qwen05|cal_medium_reasoning|model.layers.0.self_attn.v_proj,abs,2,0.0552960000932216
qwen05|cal_medium_reasoning|model.layers.0.self_attn.v_proj,x2,0,0.0317439995706081
qwen05|cal_medium_reasoning|model.layers.0.self_attn.v_proj,x2,1,0.0319360010325908
qwen05|cal_medium_reasoning|model.layers.0.self_attn.v_proj,x2,2,0.0304320007562637
qwen05|cal_medium_reasoning|model.layers.0.self_attn.v_proj,weighted,0,0.0368640013039112
qwen05|cal_medium_reasoning|model.layers.0.self_attn.v_proj,weighted,1,0.0358400009572505
qwen05|cal_medium_reasoning|model.layers.0.self_attn.v_proj,weighted,2,0.0378880016505718
qwen05|cal_medium_reasoning|model.layers.0.self_attn.o_proj,abs,0,0.0368640013039112
qwen05|cal_medium_reasoning|model.layers.0.self_attn.o_proj,abs,1,0.031904000788927
qwen05|cal_medium_reasoning|model.layers.0.self_attn.o_proj,abs,2,0.0297599993646144
qwen05|cal_medium_reasoning|model.layers.0.self_attn.o_proj,x2,0,0.0317439995706081
qwen05|cal_medium_reasoning|model.layers.0.self_attn.o_proj,x2,1,0.029696000739932
qwen05|cal_medium_reasoning|model.layers.0.self_attn.o_proj,x2,2,0.029696000739932
qwen05|cal_medium_reasoning|model.layers.0.self_attn.o_proj,weighted,0,0.0451520010828971
qwen05|cal_medium_reasoning|model.layers.0.self_attn.o_proj,weighted,1,0.0368000008165836
qwen05|cal_medium_reasoning|model.layers.0.self_attn.o_proj,weighted,2,0.0358400009572505
qwen05|cal_medium_reasoning|model.layers.0.mlp.gate_proj,abs,0,0.0327679999172687
qwen05|cal_medium_reasoning|model.layers.0.mlp.gate_proj,abs,1,0.0286720003932714
qwen05|cal_medium_reasoning|model.layers.0.mlp.gate_proj,abs,2,0.0256319995969533
qwen05|cal_medium_reasoning|model.layers.0.mlp.gate_proj,x2,0,0.0266239996999502
qwen05|cal_medium_reasoning|model.layers.0.mlp.gate_proj,x2,1,0.0257280003279447
qwen05|cal_medium_reasoning|model.layers.0.mlp.gate_proj,x2,2,0.0255999993532896
qwen05|cal_medium_reasoning|model.layers.0.mlp.gate_proj,weighted,0,0.0368640013039112
qwen05|cal_medium_reasoning|model.layers.0.mlp.gate_proj,weighted,1,0.0316479988396167
qwen05|cal_medium_reasoning|model.layers.0.mlp.gate_proj,weighted,2,0.029696000739932
qwen05|cal_medium_reasoning|model.layers.0.mlp.up_proj,abs,0,0.0440320000052452
qwen05|cal_medium_reasoning|model.layers.0.mlp.up_proj,abs,1,0.0348160006105899
qwen05|cal_medium_reasoning|model.layers.0.mlp.up_proj,abs,2,0.029696000739932
qwen05|cal_medium_reasoning|model.layers.0.mlp.up_proj,x2,0,0.0337600000202655
qwen05|cal_medium_reasoning|model.layers.0.mlp.up_proj,x2,1,0.029696000739932
qwen05|cal_medium_reasoning|model.layers.0.mlp.up_proj,x2,2,0.0286720003932714
qwen05|cal_medium_reasoning|model.layers.0.mlp.up_proj,weighted,0,0.0696320012211799
qwen05|cal_medium_reasoning|model.layers.0.mlp.up_proj,weighted,1,0.0696320012211799
qwen05|cal_medium_reasoning|model.layers.0.mlp.up_proj,weighted,2,0.0460800006985664
qwen05|cal_medium_reasoning|model.layers.0.mlp.down_proj,abs,0,0.0337920002639293
qwen05|cal_medium_reasoning|model.layers.0.mlp.down_proj,abs,1,0.0237440001219511
qwen05|cal_medium_reasoning|model.layers.0.mlp.down_proj,abs,2,0.0224319994449615
qwen05|cal_medium_reasoning|model.layers.0.mlp.down_proj,x2,0,0.0491520017385482
qwen05|cal_medium_reasoning|model.layers.0.mlp.down_proj,x2,1,0.0501759983599185
qwen05|cal_medium_reasoning|model.layers.0.mlp.down_proj,x2,2,0.0491520017385482
qwen05|cal_medium_reasoning|model.layers.0.mlp.down_proj,weighted,0,0.0522239990532398
qwen05|cal_medium_reasoning|model.layers.0.mlp.down_proj,weighted,1,0.0522239990532398
qwen05|cal_medium_reasoning|model.layers.0.mlp.down_proj,weighted,2,0.0511999987065792
qwen05|cal_medium_reasoning|model.layers.12.self_attn.q_proj,abs,0,0.0428799986839294
qwen05|cal_medium_reasoning|model.layers.12.self_attn.q_proj,abs,1,0.0245760008692741
qwen05|cal_medium_reasoning|model.layers.12.self_attn.q_proj,abs,2,0.0215039998292922
qwen05|cal_medium_reasoning|model.layers.12.self_attn.q_proj,x2,0,0.0204799994826316
qwen05|cal_medium_reasoning|model.layers.12.self_attn.q_proj,x2,1,0.0215680003166198
qwen05|cal_medium_reasoning|model.layers.12.self_attn.q_proj,x2,2,0.0215039998292922
qwen05|cal_medium_reasoning|model.layers.12.self_attn.q_proj,weighted,0,0.0277759991586208
qwen05|cal_medium_reasoning|model.layers.12.self_attn.q_proj,weighted,1,0.0255999993532896
qwen05|cal_medium_reasoning|model.layers.12.self_attn.q_proj,weighted,2,0.0253439992666244
qwen05|cal_medium_reasoning|model.layers.12.self_attn.k_proj,abs,0,0.0337920002639293
qwen05|cal_medium_reasoning|model.layers.12.self_attn.k_proj,abs,1,0.0317439995706081
qwen05|cal_medium_reasoning|model.layers.12.self_attn.k_proj,abs,2,0.0377920009195804
qwen05|cal_medium_reasoning|model.layers.12.self_attn.k_proj,x2,0,0.0308800004422664
qwen05|cal_medium_reasoning|model.layers.12.self_attn.k_proj,x2,1,0.0307839997112751
qwen05|cal_medium_reasoning|model.layers.12.self_attn.k_proj,x2,2,0.0287999995052814
qwen05|cal_medium_reasoning|model.layers.12.self_attn.k_proj,weighted,0,0.0358400009572505
qwen05|cal_medium_reasoning|model.layers.12.self_attn.k_proj,weighted,1,0.0348160006105899
qwen05|cal_medium_reasoning|model.layers.12.self_attn.k_proj,weighted,2,0.0337920002639293
qwen05|cal_medium_reasoning|model.layers.12.self_attn.v_proj,abs,0,0.0348160006105899
qwen05|cal_medium_reasoning|model.layers.12.self_attn.v_proj,abs,1,0.0286720003932714
qwen05|cal_medium_reasoning|model.layers.12.self_attn.v_proj,abs,2,0.0266239996999502
qwen05|cal_medium_reasoning|model.layers.12.self_attn.v_proj,x2,0,0.0286720003932714
qwen05|cal_medium_reasoning|model.layers.12.self_attn.v_proj,x2,1,0.0256960000842809
qwen05|cal_medium_reasoning|model.layers.12.self_attn.v_proj,x2,2,0.0255999993532896
qwen05|cal_medium_reasoning|model.layers.12.self_attn.v_proj,weighted,0,0.0337600000202655
qwen05|cal_medium_reasoning|model.layers.12.self_attn.v_proj,weighted,1,0.0317439995706081
qwen05|cal_medium_reasoning|model.layers.12.self_attn.v_proj,weighted,2,0.029696000739932
qwen05|cal_medium_reasoning|model.layers.12.self_attn.o_proj,abs,0,0.0327679999172687
qwen05|cal_medium_reasoning|model.layers.12.self_attn.o_proj,abs,1,0.0286720003932714
qwen05|cal_medium_reasoning|model.layers.12.self_attn.o_proj,abs,2,0.0266239996999502
qwen05|cal_medium_reasoning|model.layers.12.self_attn.o_proj,x2,0,0.0419839993119239
qwen05|cal_medium_reasoning|model.layers.12.self_attn.o_proj,x2,1,0.0276480000466108
qwen05|cal_medium_reasoning|model.layers.12.self_attn.o_proj,x2,2,0.0266239996999502
qwen05|cal_medium_reasoning|model.layers.12.self_attn.o_proj,weighted,0,0.0257920008152723
qwen05|cal_medium_reasoning|model.layers.12.self_attn.o_proj,weighted,1,0.0258559994399547
qwen05|cal_medium_reasoning|model.layers.12.self_attn.o_proj,weighted,2,0.0265599992126226
qwen05|cal_medium_reasoning|model.layers.12.mlp.gate_proj,abs,0,0.0368640013039112
qwen05|cal_medium_reasoning|model.layers.12.mlp.gate_proj,abs,1,0.0327039994299411
qwen05|cal_medium_reasoning|model.layers.12.mlp.gate_proj,abs,2,0.0306880008429288
qwen05|cal_medium_reasoning|model.layers.12.mlp.gate_proj,x2,0,0.0307199992239475
qwen05|cal_medium_reasoning|model.layers.12.mlp.gate_proj,x2,1,0.0307199992239475
qwen05|cal_medium_reasoning|model.layers.12.mlp.gate_proj,x2,2,0.0286720003932714
qwen05|cal_medium_reasoning|model.layers.12.mlp.gate_proj,weighted,0,0.0378880016505718
qwen05|cal_medium_reasoning|model.layers.12.mlp.gate_proj,weighted,1,0.0350399985909462
qwen05|cal_medium_reasoning|model.layers.12.mlp.gate_proj,weighted,2,0.0338560007512569
qwen05|cal_medium_reasoning|model.layers.12.mlp.up_proj,abs,0,0.0336319990456104
qwen05|cal_medium_reasoning|model.layers.12.mlp.up_proj,abs,1,0.0327679999172687
qwen05|cal_medium_reasoning|model.layers.12.mlp.up_proj,abs,2,0.0269120000302791
qwen05|cal_medium_reasoning|model.layers.12.mlp.up_proj,x2,0,0.0279360003769397
qwen05|cal_medium_reasoning|model.layers.12.mlp.up_proj,x2,1,0.0266239996999502
qwen05|cal_medium_reasoning|model.layers.12.mlp.up_proj,x2,2,0.0255999993532896
qwen05|cal_medium_reasoning|model.layers.12.mlp.up_proj,weighted,0,0.0327679999172687
qwen05|cal_medium_reasoning|model.layers.12.mlp.up_proj,weighted,1,0.0307199992239475
qwen05|cal_medium_reasoning|model.layers.12.mlp.up_proj,weighted,2,0.0308159999549388
qwen05|cal_medium_reasoning|model.layers.12.mlp.down_proj,abs,0,0.0367680005729198
qwen05|cal_medium_reasoning|model.layers.12.mlp.down_proj,abs,1,0.029696000739932
qwen05|cal_medium_reasoning|model.layers.12.mlp.down_proj,abs,2,0.0276480000466108
qwen05|cal_medium_reasoning|model.layers.12.mlp.down_proj,x2,0,0.0512319989502429
qwen05|cal_medium_reasoning|model.layers.12.mlp.down_proj,x2,1,0.0511999987065792
qwen05|cal_medium_reasoning|model.layers.12.mlp.down_proj,x2,2,0.0512959994375705
qwen05|cal_medium_reasoning|model.layers.12.mlp.down_proj,weighted,0,0.0532479993999004
qwen05|cal_medium_reasoning|model.layers.12.mlp.down_proj,weighted,1,0.0532479993999004
qwen05|cal_medium_reasoning|model.layers.12.mlp.down_proj,weighted,2,0.0532479993999004
qwen05|cal_medium_reasoning|model.layers.23.self_attn.q_proj,abs,0,0.0317439995706081
qwen05|cal_medium_reasoning|model.layers.23.self_attn.q_proj,abs,1,0.0266239996999502
qwen05|cal_medium_reasoning|model.layers.23.self_attn.q_proj,abs,2,0.0255999993532896
qwen05|cal_medium_reasoning|model.layers.23.self_attn.q_proj,x2,0,0.0245760008692741
qwen05|cal_medium_reasoning|model.layers.23.self_attn.q_proj,x2,1,0.0245760008692741
qwen05|cal_medium_reasoning|model.layers.23.self_attn.q_proj,x2,2,0.0255999993532896
qwen05|cal_medium_reasoning|model.layers.23.self_attn.q_proj,weighted,0,0.029696000739932
qwen05|cal_medium_reasoning|model.layers.23.self_attn.q_proj,weighted,1,0.0348160006105899
qwen05|cal_medium_reasoning|model.layers.23.self_attn.q_proj,weighted,2,0.029696000739932
qwen05|cal_medium_reasoning|model.layers.23.self_attn.k_proj,abs,0,0.0277759991586208
qwen05|cal_medium_reasoning|model.layers.23.self_attn.k_proj,abs,1,0.0266239996999502
qwen05|cal_medium_reasoning|model.layers.23.self_attn.k_proj,abs,2,0.0215039998292922
qwen05|cal_medium_reasoning|model.layers.23.self_attn.k_proj,x2,0,0.0246079992502927
qwen05|cal_medium_reasoning|model.layers.23.self_attn.k_proj,x2,1,0.0215039998292922
qwen05|cal_medium_reasoning|model.layers.23.self_attn.k_proj,x2,2,0.0215039998292922
qwen05|cal_medium_reasoning|model.layers.23.self_attn.k_proj,weighted,0,0.0283840000629425
qwen05|cal_medium_reasoning|model.layers.23.self_attn.k_proj,weighted,1,0.0255999993532896
qwen05|cal_medium_reasoning|model.layers.23.self_attn.k_proj,weighted,2,0.0245760008692741
qwen05|cal_medium_reasoning|model.layers.23.self_attn.v_proj,abs,0,0.0338560007512569
qwen05|cal_medium_reasoning|model.layers.23.self_attn.v_proj,abs,1,0.0306560005992651
qwen05|cal_medium_reasoning|model.layers.23.self_attn.v_proj,abs,2,0.0276480000466108
qwen05|cal_medium_reasoning|model.layers.23.self_attn.v_proj,x2,0,0.029696000739932
qwen05|cal_medium_reasoning|model.layers.23.self_attn.v_proj,x2,1,0.0255999993532896
qwen05|cal_medium_reasoning|model.layers.23.self_attn.v_proj,x2,2,0.0245760008692741
qwen05|cal_medium_reasoning|model.layers.23.self_attn.v_proj,weighted,0,0.0317439995706081
qwen05|cal_medium_reasoning|model.layers.23.self_attn.v_proj,weighted,1,0.0307199992239475
qwen05|cal_medium_reasoning|model.layers.23.self_attn.v_proj,weighted,2,0.0297599993646144
qwen05|cal_medium_reasoning|model.layers.23.self_attn.o_proj,abs,0,0.0337920002639293
qwen05|cal_medium_reasoning|model.layers.23.self_attn.o_proj,abs,1,0.029696000739932
qwen05|cal_medium_reasoning|model.layers.23.self_attn.o_proj,abs,2,0.0266239996999502
qwen05|cal_medium_reasoning|model.layers.23.self_attn.o_proj,x2,0,0.0401280000805854
qwen05|cal_medium_reasoning|model.layers.23.self_attn.o_proj,x2,1,0.0357119999825954
qwen05|cal_medium_reasoning|model.layers.23.self_attn.o_proj,x2,2,0.0276480000466108
qwen05|cal_medium_reasoning|model.layers.23.self_attn.o_proj,weighted,0,0.0355839990079402
qwen05|cal_medium_reasoning|model.layers.23.self_attn.o_proj,weighted,1,0.0317439995706081
qwen05|cal_medium_reasoning|model.layers.23.self_attn.o_proj,weighted,2,0.0317439995706081
qwen05|cal_medium_reasoning|model.layers.23.mlp.gate_proj,abs,0,0.0347520001232624
qwen05|cal_medium_reasoning|model.layers.23.mlp.gate_proj,abs,1,0.029696000739932
qwen05|cal_medium_reasoning|model.layers.23.mlp.gate_proj,abs,2,0.0276480000466108
qwen05|cal_medium_reasoning|model.layers.23.mlp.gate_proj,x2,0,0.0276480000466108
qwen05|cal_medium_reasoning|model.layers.23.mlp.gate_proj,x2,1,0.0215039998292922
qwen05|cal_medium_reasoning|model.layers.23.mlp.gate_proj,x2,2,0.0225280001759529
qwen05|cal_medium_reasoning|model.layers.23.mlp.gate_proj,weighted,0,0.0317439995706081
qwen05|cal_medium_reasoning|model.layers.23.mlp.gate_proj,weighted,1,0.0266239996999502
qwen05|cal_medium_reasoning|model.layers.23.mlp.gate_proj,weighted,2,0.0317439995706081
qwen05|cal_medium_reasoning|model.layers.23.mlp.up_proj,abs,0,0.0358400009572505
qwen05|cal_medium_reasoning|model.layers.23.mlp.up_proj,abs,1,0.0327679999172687
qwen05|cal_medium_reasoning|model.layers.23.mlp.up_proj,abs,2,0.028863999992609
qwen05|cal_medium_reasoning|model.layers.23.mlp.up_proj,x2,0,0.0316159985959529
qwen05|cal_medium_reasoning|model.layers.23.mlp.up_proj,x2,1,0.028736000880599
qwen05|cal_medium_reasoning|model.layers.23.mlp.up_proj,x2,2,0.0277120005339384
qwen05|cal_medium_reasoning|model.layers.23.mlp.up_proj,weighted,0,0.0358400009572505
qwen05|cal_medium_reasoning|model.layers.23.mlp.up_proj,weighted,1,0.0349760018289089
qwen05|cal_medium_reasoning|model.layers.23.mlp.up_proj,weighted,2,0.0348160006105899
qwen05|cal_medium_reasoning|model.layers.23.mlp.down_proj,abs,0,0.0399359986186027
qwen05|cal_medium_reasoning|model.layers.23.mlp.down_proj,abs,1,0.0297279991209507
qwen05|cal_medium_reasoning|model.layers.23.mlp.down_proj,abs,2,0.0286400001496076
qwen05|cal_medium_reasoning|model.layers.23.mlp.down_proj,x2,0,0.0501759983599185
qwen05|cal_medium_reasoning|model.layers.23.mlp.down_proj,x2,1,0.0522879995405674
qwen05|cal_medium_reasoning|model.layers.23.mlp.down_proj,x2,2,0.0522239990532398
qwen05|cal_medium_reasoning|model.layers.23.mlp.down_proj,weighted,0,0.054271999746561
qwen05|cal_medium_reasoning|model.layers.23.mlp.down_proj,weighted,1,0.054271999746561
qwen05|cal_medium_reasoning|model.layers.23.mlp.down_proj,weighted,2,0.0532479993999004
qwen05|cal_long_context|model.layers.0.self_attn.q_proj,abs,0,0.029696000739932
qwen05|cal_long_context|model.layers.0.self_attn.q_proj,abs,1,0.0245760008692741
qwen05|cal_long_context|model.layers.0.self_attn.q_proj,abs,2,0.0232640001922845
qwen05|cal_long_context|model.layers.0.self_attn.q_proj,x2,0,0.0368640013039112
qwen05|cal_long_context|model.layers.0.self_attn.q_proj,x2,1,0.0245760008692741
qwen05|cal_long_context|model.layers.0.self_attn.q_proj,x2,2,0.0227520000189542
qwen05|cal_long_context|model.layers.0.self_attn.q_proj,weighted,0,0.0278079994022846
qwen05|cal_long_context|model.layers.0.self_attn.q_proj,weighted,1,0.0286720003932714
qwen05|cal_long_context|model.layers.0.self_attn.q_proj,weighted,2,0.0276480000466108
qwen05|cal_long_context|model.layers.0.self_attn.k_proj,abs,0,0.0552960000932216
qwen05|cal_long_context|model.layers.0.self_attn.k_proj,abs,1,0.0348160006105899
qwen05|cal_long_context|model.layers.0.self_attn.k_proj,abs,2,0.0255999993532896
qwen05|cal_long_context|model.layers.0.self_attn.k_proj,x2,0,0.0555200017988681
qwen05|cal_long_context|model.layers.0.self_attn.k_proj,x2,1,0.029823999851942
qwen05|cal_long_context|model.layers.0.self_attn.k_proj,x2,2,0.0225280001759529
qwen05|cal_long_context|model.layers.0.self_attn.k_proj,weighted,0,0.0286720003932714
qwen05|cal_long_context|model.layers.0.self_attn.k_proj,weighted,1,0.0266239996999502
qwen05|cal_long_context|model.layers.0.self_attn.k_proj,weighted,2,0.0257920008152723
qwen05|cal_long_context|model.layers.0.self_attn.v_proj,abs,0,0.0288319997489452
qwen05|cal_long_context|model.layers.0.self_attn.v_proj,abs,1,0.0235520005226135
qwen05|cal_long_context|model.layers.0.self_attn.v_proj,abs,2,0.021663999184966
qwen05|cal_long_context|model.layers.0.self_attn.v_proj,x2,0,0.0327679999172687
qwen05|cal_long_context|model.layers.0.self_attn.v_proj,x2,1,0.0245760008692741
qwen05|cal_long_context|model.layers.0.self_attn.v_proj,x2,2,0.021663999184966
qwen05|cal_long_context|model.layers.0.self_attn.v_proj,weighted,0,0.0276480000466108
qwen05|cal_long_context|model.layers.0.self_attn.v_proj,weighted,1,0.0266239996999502
qwen05|cal_long_context|model.layers.0.self_attn.v_proj,weighted,2,0.0255040004849433
qwen05|cal_long_context|model.layers.0.self_attn.o_proj,abs,0,0.0335679985582828
qwen05|cal_long_context|model.layers.0.self_attn.o_proj,abs,1,0.0308480001986026
qwen05|cal_long_context|model.layers.0.self_attn.o_proj,abs,2,0.021663999184966
qwen05|cal_long_context|model.layers.0.self_attn.o_proj,x2,0,0.0255999993532896
qwen05|cal_long_context|model.layers.0.self_attn.o_proj,x2,1,0.0225280001759529
qwen05|cal_long_context|model.layers.0.self_attn.o_proj,x2,2,0.0225280001759529
qwen05|cal_long_context|model.layers.0.self_attn.o_proj,weighted,0,0.0266239996999502
qwen05|cal_long_context|model.layers.0.self_attn.o_proj,weighted,1,0.0350079983472824
qwen05|cal_long_context|model.layers.0.self_attn.o_proj,weighted,2,0.0258239991962909
qwen05|cal_long_context|model.layers.0.mlp.gate_proj,abs,0,0.0274240002036094
qwen05|cal_long_context|model.layers.0.mlp.gate_proj,abs,1,0.0235520005226135
qwen05|cal_long_context|model.layers.0.mlp.gate_proj,abs,2,0.0225280001759529
qwen05|cal_long_context|model.layers.0.mlp.gate_proj,x2,0,0.0235520005226135
qwen05|cal_long_context|model.layers.0.mlp.gate_proj,x2,1,0.0225280001759529
qwen05|cal_long_context|model.layers.0.mlp.gate_proj,x2,2,0.0215039998292922
qwen05|cal_long_context|model.layers.0.mlp.gate_proj,weighted,0,0.0267520006746053
qwen05|cal_long_context|model.layers.0.mlp.gate_proj,weighted,1,0.0266239996999502
qwen05|cal_long_context|model.layers.0.mlp.gate_proj,weighted,2,0.025407999753952
qwen05|cal_long_context|model.layers.0.mlp.up_proj,abs,0,0.0378880016505718
qwen05|cal_long_context|model.layers.0.mlp.up_proj,abs,1,0.0327679999172687
qwen05|cal_long_context|model.layers.0.mlp.up_proj,abs,2,0.029696000739932
qwen05|cal_long_context|model.layers.0.mlp.up_proj,x2,0,0.061439998447895
qwen05|cal_long_context|model.layers.0.mlp.up_proj,x2,1,0.0349760018289089
qwen05|cal_long_context|model.layers.0.mlp.up_proj,x2,2,0.0307199992239475
qwen05|cal_long_context|model.layers.0.mlp.up_proj,weighted,0,0.0359040014445781
qwen05|cal_long_context|model.layers.0.mlp.up_proj,weighted,1,0.0449919998645782
qwen05|cal_long_context|model.layers.0.mlp.up_proj,weighted,2,0.0378880016505718
qwen05|cal_long_context|model.layers.0.mlp.down_proj,abs,0,0.0409919992089271
qwen05|cal_long_context|model.layers.0.mlp.down_proj,abs,1,0.0345919989049434
qwen05|cal_long_context|model.layers.0.mlp.down_proj,abs,2,0.0327679999172687
qwen05|cal_long_context|model.layers.0.mlp.down_proj,x2,0,0.089088000357151
qwen05|cal_long_context|model.layers.0.mlp.down_proj,x2,1,0.0880640000104904
qwen05|cal_long_context|model.layers.0.mlp.down_proj,x2,2,0.0870399996638298
qwen05|cal_long_context|model.layers.0.mlp.down_proj,weighted,0,0.0912320017814636
qwen05|cal_long_context|model.layers.0.mlp.down_proj,weighted,1,0.0901120007038116
qwen05|cal_long_context|model.layers.0.mlp.down_proj,weighted,2,0.0921600013971328
qwen05|cal_long_context|model.layers.12.self_attn.q_proj,abs,0,0.0655359998345375
qwen05|cal_long_context|model.layers.12.self_attn.q_proj,abs,1,0.0348160006105899
qwen05|cal_long_context|model.layers.12.self_attn.q_proj,abs,2,0.0450560003519058
qwen05|cal_long_context|model.layers.12.self_attn.q_proj,x2,0,0.0286720003932714
qwen05|cal_long_context|model.layers.12.self_attn.q_proj,x2,1,0.0266239996999502
qwen05|cal_long_context|model.layers.12.self_attn.q_proj,x2,2,0.0337920002639293
qwen05|cal_long_context|model.layers.12.self_attn.q_proj,weighted,0,0.0276480000466108
qwen05|cal_long_context|model.layers.12.self_attn.q_proj,weighted,1,0.026367999613285
qwen05|cal_long_context|model.layers.12.self_attn.q_proj,weighted,2,0.0255999993532896
qwen05|cal_long_context|model.layers.12.self_attn.k_proj,abs,0,0.0399359986186027
qwen05|cal_long_context|model.layers.12.self_attn.k_proj,abs,1,0.0346879996359348
qwen05|cal_long_context|model.layers.12.self_attn.k_proj,abs,2,0.0299839992076158
qwen05|cal_long_context|model.layers.12.self_attn.k_proj,x2,0,0.0408000014722347
qwen05|cal_long_context|model.layers.12.self_attn.k_proj,x2,1,0.0327679999172687
qwen05|cal_long_context|model.layers.12.self_attn.k_proj,x2,2,0.0298880003392696
qwen05|cal_long_context|model.layers.12.self_attn.k_proj,weighted,0,0.0378880016505718
qwen05|cal_long_context|model.layers.12.self_attn.k_proj,weighted,1,0.0368640013039112
qwen05|cal_long_context|model.layers.12.self_attn.k_proj,weighted,2,0.0317439995706081
qwen05|cal_long_context|model.layers.12.self_attn.v_proj,abs,0,0.0399359986186027
qwen05|cal_long_context|model.layers.12.self_attn.v_proj,abs,1,0.0604160018265247
qwen05|cal_long_context|model.layers.12.self_attn.v_proj,abs,2,0.0617280006408691
qwen05|cal_long_context|model.layers.12.self_attn.v_proj,x2,0,0.0346239991486072
qwen05|cal_long_context|model.layers.12.self_attn.v_proj,x2,1,0.029696000739932
qwen05|cal_long_context|model.layers.12.self_attn.v_proj,x2,2,0.0266239996999502
qwen05|cal_long_context|model.layers.12.self_attn.v_proj,weighted,0,0.0327679999172687
qwen05|cal_long_context|model.layers.12.self_attn.v_proj,weighted,1,0.0573440007865428
qwen05|cal_long_context|model.layers.12.self_attn.v_proj,weighted,2,0.0296000000089406
qwen05|cal_long_context|model.layers.12.self_attn.o_proj,abs,0,0.0409599989652633
qwen05|cal_long_context|model.layers.12.self_attn.o_proj,abs,1,0.0337920002639293
qwen05|cal_long_context|model.layers.12.self_attn.o_proj,abs,2,0.0286720003932714
qwen05|cal_long_context|model.layers.12.self_attn.o_proj,x2,0,0.0278719998896121
qwen05|cal_long_context|model.layers.12.self_attn.o_proj,x2,1,0.0235520005226135
qwen05|cal_long_context|model.layers.12.self_attn.o_proj,x2,2,0.0224959999322891
qwen05|cal_long_context|model.layers.12.self_attn.o_proj,weighted,0,0.0266239996999502
qwen05|cal_long_context|model.layers.12.self_attn.o_proj,weighted,1,0.0266239996999502
qwen05|cal_long_context|model.layers.12.self_attn.o_proj,weighted,2,0.0266239996999502
qwen05|cal_long_context|model.layers.12.mlp.gate_proj,abs,0,0.0378880016505718
qwen05|cal_long_context|model.layers.12.mlp.gate_proj,abs,1,0.0389119982719421
qwen05|cal_long_context|model.layers.12.mlp.gate_proj,abs,2,0.0358400009572505
qwen05|cal_long_context|model.layers.12.mlp.gate_proj,x2,0,0.0368640013039112
qwen05|cal_long_context|model.layers.12.mlp.gate_proj,x2,1,0.0255999993532896
qwen05|cal_long_context|model.layers.12.mlp.gate_proj,x2,2,0.0242240000516176
qwen05|cal_long_context|model.layers.12.mlp.gate_proj,weighted,0,0.0327679999172687
qwen05|cal_long_context|model.layers.12.mlp.gate_proj,weighted,1,0.029696000739932
qwen05|cal_long_context|model.layers.12.mlp.gate_proj,weighted,2,0.0286720003932714
qwen05|cal_long_context|model.layers.12.mlp.up_proj,abs,0,0.0440320000052452
qwen05|cal_long_context|model.layers.12.mlp.up_proj,abs,1,0.0337600000202655
qwen05|cal_long_context|model.layers.12.mlp.up_proj,abs,2,0.0307199992239475
qwen05|cal_long_context|model.layers.12.mlp.up_proj,x2,0,0.0327679999172687
qwen05|cal_long_context|model.layers.12.mlp.up_proj,x2,1,0.0317439995706081
qwen05|cal_long_context|model.layers.12.mlp.up_proj,x2,2,0.0297599993646144
qwen05|cal_long_context|model.layers.12.mlp.up_proj,weighted,0,0.0378880016505718
qwen05|cal_long_context|model.layers.12.mlp.up_proj,weighted,1,0.0369280017912387
qwen05|cal_long_context|model.layers.12.mlp.up_proj,weighted,2,0.0359040014445781
qwen05|cal_long_context|model.layers.12.mlp.down_proj,abs,0,0.0358400009572505
qwen05|cal_long_context|model.layers.12.mlp.down_proj,abs,1,0.0358080007135868
qwen05|cal_long_context|model.layers.12.mlp.down_proj,abs,2,0.0348160006105899
qwen05|cal_long_context|model.layers.12.mlp.down_proj,x2,0,0.0911360010504722
qwen05|cal_long_context|model.layers.12.mlp.down_proj,x2,1,0.0911360010504722
qwen05|cal_long_context|model.layers.12.mlp.down_proj,x2,2,0.089088000357151
qwen05|cal_long_context|model.layers.12.mlp.down_proj,weighted,0,0.0919359996914863
qwen05|cal_long_context|model.layers.12.mlp.down_proj,weighted,1,0.0931840017437934
qwen05|cal_long_context|model.layers.12.mlp.down_proj,weighted,2,0.0901120007038116
qwen05|cal_long_context|model.layers.23.self_attn.q_proj,abs,0,0.0337920002639293
qwen05|cal_long_context|model.layers.23.self_attn.q_proj,abs,1,0.0276480000466108
qwen05|cal_long_context|model.layers.23.self_attn.q_proj,abs,2,0.0255999993532896
qwen05|cal_long_context|model.layers.23.self_attn.q_proj,x2,0,0.0266239996999502
qwen05|cal_long_context|model.layers.23.self_attn.q_proj,x2,1,0.0255999993532896
qwen05|cal_long_context|model.layers.23.self_attn.q_proj,x2,2,0.0245760008692741
qwen05|cal_long_context|model.layers.23.self_attn.q_proj,weighted,0,0.0307199992239475
qwen05|cal_long_context|model.layers.23.self_attn.q_proj,weighted,1,0.0307199992239475
qwen05|cal_long_context|model.layers.23.self_attn.q_proj,weighted,2,0.029696000739932
qwen05|cal_long_context|model.layers.23.self_attn.k_proj,abs,0,0.0432000011205673
qwen05|cal_long_context|model.layers.23.self_attn.k_proj,abs,1,0.0348160006105899
qwen05|cal_long_context|model.layers.23.self_attn.k_proj,abs,2,0.0307199992239475
qwen05|cal_long_context|model.layers.23.self_attn.k_proj,x2,0,0.0286079999059438
qwen05|cal_long_context|model.layers.23.self_attn.k_proj,x2,1,0.0233280006796121
qwen05|cal_long_context|model.layers.23.self_attn.k_proj,x2,2,0.0225280001759529
qwen05|cal_long_context|model.layers.23.self_attn.k_proj,weighted,0,0.0274240002036094
qwen05|cal_long_context|model.layers.23.self_attn.k_proj,weighted,1,0.0257280003279447
qwen05|cal_long_context|model.layers.23.self_attn.k_proj,weighted,2,0.0258879996836185
qwen05|cal_long_context|model.layers.23.self_attn.v_proj,abs,0,0.0360639989376068
qwen05|cal_long_context|model.layers.23.self_attn.v_proj,abs,1,0.0501759983599185
qwen05|cal_long_context|model.layers.23.self_attn.v_proj,abs,2,0.0551039986312389
qwen05|cal_long_context|model.layers.23.self_attn.v_proj,x2,0,0.0337920002639293
qwen05|cal_long_context|model.layers.23.self_attn.v_proj,x2,1,0.0235520005226135
qwen05|cal_long_context|model.layers.23.self_attn.v_proj,x2,2,0.0233919993042945
qwen05|cal_long_context|model.layers.23.self_attn.v_proj,weighted,0,0.0266239996999502
qwen05|cal_long_context|model.layers.23.self_attn.v_proj,weighted,1,0.0274560004472732
qwen05|cal_long_context|model.layers.23.self_attn.v_proj,weighted,2,0.026367999613285
qwen05|cal_long_context|model.layers.23.self_attn.o_proj,abs,0,0.0349120013415813
qwen05|cal_long_context|model.layers.23.self_attn.o_proj,abs,1,0.029696000739932
qwen05|cal_long_context|model.layers.23.self_attn.o_proj,abs,2,0.0276480000466108
qwen05|cal_long_context|model.layers.23.self_attn.o_proj,x2,0,0.0308800004422664
qwen05|cal_long_context|model.layers.23.self_attn.o_proj,x2,1,0.0276480000466108
qwen05|cal_long_context|model.layers.23.self_attn.o_proj,x2,2,0.0266239996999502
qwen05|cal_long_context|model.layers.23.self_attn.o_proj,weighted,0,0.0326079986989498
qwen05|cal_long_context|model.layers.23.self_attn.o_proj,weighted,1,0.0317439995706081
qwen05|cal_long_context|model.layers.23.self_attn.o_proj,weighted,2,0.0420159995555877
qwen05|cal_long_context|model.layers.23.mlp.gate_proj,abs,0,0.037151999771595
qwen05|cal_long_context|model.layers.23.mlp.gate_proj,abs,1,0.0441920012235641
qwen05|cal_long_context|model.layers.23.mlp.gate_proj,abs,2,0.0317439995706081
qwen05|cal_long_context|model.layers.23.mlp.gate_proj,x2,0,0.038111999630928
qwen05|cal_long_context|model.layers.23.mlp.gate_proj,x2,1,0.0297919996082782
qwen05|cal_long_context|model.layers.23.mlp.gate_proj,x2,2,0.028863999992609
qwen05|cal_long_context|model.layers.23.mlp.gate_proj,weighted,0,0.0386239998042583
qwen05|cal_long_context|model.layers.23.mlp.gate_proj,weighted,1,0.0368640013039112
qwen05|cal_long_context|model.layers.23.mlp.gate_proj,weighted,2,0.0366719998419284
qwen05|cal_long_context|model.layers.23.mlp.up_proj,abs,0,0.0481280013918876
qwen05|cal_long_context|model.layers.23.mlp.up_proj,abs,1,0.0348160006105899
qwen05|cal_long_context|model.layers.23.mlp.up_proj,abs,2,0.0307839997112751
qwen05|cal_long_context|model.layers.23.mlp.up_proj,x2,0,0.0327679999172687
qwen05|cal_long_context|model.layers.23.mlp.up_proj,x2,1,0.0358400009572505
qwen05|cal_long_context|model.layers.23.mlp.up_proj,x2,2,0.0304959993809461
qwen05|cal_long_context|model.layers.23.mlp.up_proj,weighted,0,0.0368000008165836
qwen05|cal_long_context|model.layers.23.mlp.up_proj,weighted,1,0.0349120013415813
qwen05|cal_long_context|model.layers.23.mlp.up_proj,weighted,2,0.0337920002639293
qwen05|cal_long_context|model.layers.23.mlp.down_proj,abs,0,0.0345599986612796
qwen05|cal_long_context|model.layers.23.mlp.down_proj,abs,1,0.0337920002639293
qwen05|cal_long_context|model.layers.23.mlp.down_proj,abs,2,0.0337920002639293
qwen05|cal_long_context|model.layers.23.mlp.down_proj,x2,0,0.0880640000104904
qwen05|cal_long_context|model.layers.23.mlp.down_proj,x2,1,0.0921600013971328
qwen05|cal_long_context|model.layers.23.mlp.down_proj,x2,2,0.0889599993824958
qwen05|cal_long_context|model.layers.23.mlp.down_proj,weighted,0,0.0911360010504722
qwen05|cal_long_context|model.layers.23.mlp.down_proj,weighted,1,0.0908799991011619
qwen05|cal_long_context|model.layers.23.mlp.down_proj,weighted,2,0.0911360010504722
qwen05|test_short_korean|model.layers.0.self_attn.q_proj,abs,0,0.0337920002639293
qwen05|test_short_korean|model.layers.0.self_attn.q_proj,abs,1,0.042943999171257
qwen05|test_short_korean|model.layers.0.self_attn.q_proj,abs,2,0.0276480000466108
qwen05|test_short_korean|model.layers.0.self_attn.q_proj,x2,0,0.0348160006105899
qwen05|test_short_korean|model.layers.0.self_attn.q_proj,x2,1,0.0235520005226135
qwen05|test_short_korean|model.layers.0.self_attn.q_proj,x2,2,0.0215039998292922
qwen05|test_short_korean|model.layers.0.self_attn.q_proj,weighted,0,0.0286400001496076
qwen05|test_short_korean|model.layers.0.self_attn.q_proj,weighted,1,0.026528000831604
qwen05|test_short_korean|model.layers.0.self_attn.q_proj,weighted,2,0.0245760008692741
qwen05|test_short_korean|model.layers.0.self_attn.k_proj,abs,0,0.0378880016505718
qwen05|test_short_korean|model.layers.0.self_attn.k_proj,abs,1,0.0286720003932714
qwen05|test_short_korean|model.layers.0.self_attn.k_proj,abs,2,0.0285119991749525
qwen05|test_short_korean|model.layers.0.self_attn.k_proj,x2,0,0.0276480000466108
qwen05|test_short_korean|model.layers.0.self_attn.k_proj,x2,1,0.0255999993532896
qwen05|test_short_korean|model.layers.0.self_attn.k_proj,x2,2,0.0257920008152723
qwen05|test_short_korean|model.layers.0.self_attn.k_proj,weighted,0,0.0327679999172687
qwen05|test_short_korean|model.layers.0.self_attn.k_proj,weighted,1,0.0317439995706081
qwen05|test_short_korean|model.layers.0.self_attn.k_proj,weighted,2,0.0307199992239475
qwen05|test_short_korean|model.layers.0.self_attn.v_proj,abs,0,0.0338240005075931
qwen05|test_short_korean|model.layers.0.self_attn.v_proj,abs,1,0.0276800002902746
qwen05|test_short_korean|model.layers.0.self_attn.v_proj,abs,2,0.0255679991096258
qwen05|test_short_korean|model.layers.0.self_attn.v_proj,x2,0,0.0255999993532896
qwen05|test_short_korean|model.layers.0.self_attn.v_proj,x2,1,0.0401600003242492
qwen05|test_short_korean|model.layers.0.self_attn.v_proj,x2,2,0.025280000641942
qwen05|test_short_korean|model.layers.0.self_attn.v_proj,weighted,0,0.0299839992076158
qwen05|test_short_korean|model.layers.0.self_attn.v_proj,weighted,1,0.029696000739932
qwen05|test_short_korean|model.layers.0.self_attn.v_proj,weighted,2,0.0228799991309642
qwen05|test_short_korean|model.layers.0.self_attn.o_proj,abs,0,0.0360639989376068
qwen05|test_short_korean|model.layers.0.self_attn.o_proj,abs,1,0.0317439995706081
qwen05|test_short_korean|model.layers.0.self_attn.o_proj,abs,2,0.0289600007236003
qwen05|test_short_korean|model.layers.0.self_attn.o_proj,x2,0,0.0304320007562637
qwen05|test_short_korean|model.layers.0.self_attn.o_proj,x2,1,0.0287040006369352
qwen05|test_short_korean|model.layers.0.self_attn.o_proj,x2,2,0.0276480000466108
qwen05|test_short_korean|model.layers.0.self_attn.o_proj,weighted,0,0.0370239987969398
qwen05|test_short_korean|model.layers.0.self_attn.o_proj,weighted,1,0.0349440015852451
qwen05|test_short_korean|model.layers.0.self_attn.o_proj,weighted,2,0.0359679982066154
qwen05|test_short_korean|model.layers.0.mlp.gate_proj,abs,0,0.0345919989049434
qwen05|test_short_korean|model.layers.0.mlp.gate_proj,abs,1,0.0289280004799366
qwen05|test_short_korean|model.layers.0.mlp.gate_proj,abs,2,0.0266239996999502
qwen05|test_short_korean|model.layers.0.mlp.gate_proj,x2,0,0.0269120000302791
qwen05|test_short_korean|model.layers.0.mlp.gate_proj,x2,1,0.0266239996999502
qwen05|test_short_korean|model.layers.0.mlp.gate_proj,x2,2,0.0248319990932941
qwen05|test_short_korean|model.layers.0.mlp.gate_proj,weighted,0,0.0337920002639293
qwen05|test_short_korean|model.layers.0.mlp.gate_proj,weighted,1,0.0315520018339157
qwen05|test_short_korean|model.layers.0.mlp.gate_proj,weighted,2,0.0307519994676113
qwen05|test_short_korean|model.layers.0.mlp.up_proj,abs,0,0.0399999991059303
qwen05|test_short_korean|model.layers.0.mlp.up_proj,abs,1,0.026528000831604
qwen05|test_short_korean|model.layers.0.mlp.up_proj,abs,2,0.0235520005226135
qwen05|test_short_korean|model.layers.0.mlp.up_proj,x2,0,0.0255999993532896
qwen05|test_short_korean|model.layers.0.mlp.up_proj,x2,1,0.0234559997916221
qwen05|test_short_korean|model.layers.0.mlp.up_proj,x2,2,0.0225280001759529
qwen05|test_short_korean|model.layers.0.mlp.up_proj,weighted,0,0.0491520017385482
qwen05|test_short_korean|model.layers.0.mlp.up_proj,weighted,1,0.0307199992239475
qwen05|test_short_korean|model.layers.0.mlp.up_proj,weighted,2,0.0266239996999502
qwen05|test_short_korean|model.layers.0.mlp.down_proj,abs,0,0.0489920005202293
qwen05|test_short_korean|model.layers.0.mlp.down_proj,abs,1,0.0341119989752769
qwen05|test_short_korean|model.layers.0.mlp.down_proj,abs,2,0.0308159999549388
qwen05|test_short_korean|model.layers.0.mlp.down_proj,x2,0,0.0460800006985664
qwen05|test_short_korean|model.layers.0.mlp.down_proj,x2,1,0.0563200004398822
qwen05|test_short_korean|model.layers.0.mlp.down_proj,x2,2,0.054016001522541
qwen05|test_short_korean|model.layers.0.mlp.down_proj,weighted,0,0.0359679982066154
qwen05|test_short_korean|model.layers.0.mlp.down_proj,weighted,1,0.0347199998795986
qwen05|test_short_korean|model.layers.0.mlp.down_proj,weighted,2,0.0337920002639293
qwen05|test_short_korean|model.layers.12.self_attn.q_proj,abs,0,0.0296000000089406
qwen05|test_short_korean|model.layers.12.self_attn.q_proj,abs,1,0.0276480000466108
qwen05|test_short_korean|model.layers.12.self_attn.q_proj,abs,2,0.0255999993532896
qwen05|test_short_korean|model.layers.12.self_attn.q_proj,x2,0,0.0255999993532896
qwen05|test_short_korean|model.layers.12.self_attn.q_proj,x2,1,0.0255360007286071
qwen05|test_short_korean|model.layers.12.self_attn.q_proj,x2,2,0.0245760008692741
qwen05|test_short_korean|model.layers.12.self_attn.q_proj,weighted,0,0.029696000739932
qwen05|test_short_korean|model.layers.12.self_attn.q_proj,weighted,1,0.0307199992239475
qwen05|test_short_korean|model.layers.12.self_attn.q_proj,weighted,2,0.029696000739932
qwen05|test_short_korean|model.layers.12.self_attn.k_proj,abs,0,0.0430079996585845
qwen05|test_short_korean|model.layers.12.self_attn.k_proj,abs,1,0.0265919994562864
qwen05|test_short_korean|model.layers.12.self_attn.k_proj,abs,2,0.0256319995969533
qwen05|test_short_korean|model.layers.12.self_attn.k_proj,x2,0,0.0286720003932714
qwen05|test_short_korean|model.layers.12.self_attn.k_proj,x2,1,0.0255999993532896
qwen05|test_short_korean|model.layers.12.self_attn.k_proj,x2,2,0.0245760008692741
qwen05|test_short_korean|model.layers.12.self_attn.k_proj,weighted,0,0.0327679999172687
qwen05|test_short_korean|model.layers.12.self_attn.k_proj,weighted,1,0.0317119993269443
qwen05|test_short_korean|model.layers.12.self_attn.k_proj,weighted,2,0.029696000739932
qwen05|test_short_korean|model.layers.12.self_attn.v_proj,abs,0,0.0389119982719421
qwen05|test_short_korean|model.layers.12.self_attn.v_proj,abs,1,0.0285119991749525
qwen05|test_short_korean|model.layers.12.self_attn.v_proj,abs,2,0.0265919994562864
qwen05|test_short_korean|model.layers.12.self_attn.v_proj,x2,0,0.0255999993532896
qwen05|test_short_korean|model.layers.12.self_attn.v_proj,x2,1,0.0253120008856058
qwen05|test_short_korean|model.layers.12.self_attn.v_proj,x2,2,0.0246399994939565
qwen05|test_short_korean|model.layers.12.self_attn.v_proj,weighted,0,0.0304959993809461
qwen05|test_short_korean|model.layers.12.self_attn.v_proj,weighted,1,0.0275199990719556
qwen05|test_short_korean|model.layers.12.self_attn.v_proj,weighted,2,0.0235200002789497
qwen05|test_short_korean|model.layers.12.self_attn.o_proj,abs,0,0.0378880016505718
qwen05|test_short_korean|model.layers.12.self_attn.o_proj,abs,1,0.0349760018289089
qwen05|test_short_korean|model.layers.12.self_attn.o_proj,abs,2,0.0307519994676113
qwen05|test_short_korean|model.layers.12.self_attn.o_proj,x2,0,0.0317439995706081
qwen05|test_short_korean|model.layers.12.self_attn.o_proj,x2,1,0.0289600007236003
qwen05|test_short_korean|model.layers.12.self_attn.o_proj,x2,2,0.0286720003932714
qwen05|test_short_korean|model.layers.12.self_attn.o_proj,weighted,0,0.0389119982719421
qwen05|test_short_korean|model.layers.12.self_attn.o_proj,weighted,1,0.0348160006105899
qwen05|test_short_korean|model.layers.12.self_attn.o_proj,weighted,2,0.0348160006105899
qwen05|test_short_korean|model.layers.12.mlp.gate_proj,abs,0,0.0378880016505718
qwen05|test_short_korean|model.layers.12.mlp.gate_proj,abs,1,0.0317439995706081
qwen05|test_short_korean|model.layers.12.mlp.gate_proj,abs,2,0.0389119982719421
qwen05|test_short_korean|model.layers.12.mlp.gate_proj,x2,0,0.0368640013039112
qwen05|test_short_korean|model.layers.12.mlp.gate_proj,x2,1,0.0276480000466108
qwen05|test_short_korean|model.layers.12.mlp.gate_proj,x2,2,0.0255999993532896
qwen05|test_short_korean|model.layers.12.mlp.gate_proj,weighted,0,0.0491520017385482
qwen05|test_short_korean|model.layers.12.mlp.gate_proj,weighted,1,0.0327679999172687
qwen05|test_short_korean|model.layers.12.mlp.gate_proj,weighted,2,0.029696000739932
qwen05|test_short_korean|model.layers.12.mlp.up_proj,abs,0,0.0348160006105899
qwen05|test_short_korean|model.layers.12.mlp.up_proj,abs,1,0.0266239996999502
qwen05|test_short_korean|model.layers.12.mlp.up_proj,abs,2,0.0245760008692741
qwen05|test_short_korean|model.layers.12.mlp.up_proj,x2,0,0.0276480000466108
qwen05|test_short_korean|model.layers.12.mlp.up_proj,x2,1,0.0245760008692741
qwen05|test_short_korean|model.layers.12.mlp.up_proj,x2,2,0.0245760008692741
qwen05|test_short_korean|model.layers.12.mlp.up_proj,weighted,0,0.0307199992239475
qwen05|test_short_korean|model.layers.12.mlp.up_proj,weighted,1,0.0358400009572505
qwen05|test_short_korean|model.layers.12.mlp.up_proj,weighted,2,0.0317439995706081
qwen05|test_short_korean|model.layers.12.mlp.down_proj,abs,0,0.0409599989652633
qwen05|test_short_korean|model.layers.12.mlp.down_proj,abs,1,0.0318720005452632
qwen05|test_short_korean|model.layers.12.mlp.down_proj,abs,2,0.0304639991372823
qwen05|test_short_korean|model.layers.12.mlp.down_proj,x2,0,0.0368640013039112
qwen05|test_short_korean|model.layers.12.mlp.down_proj,x2,1,0.0327679999172687
qwen05|test_short_korean|model.layers.12.mlp.down_proj,x2,2,0.0317439995706081
qwen05|test_short_korean|model.layers.12.mlp.down_proj,weighted,0,0.0358400009572505
qwen05|test_short_korean|model.layers.12.mlp.down_proj,weighted,1,0.0358400009572505
qwen05|test_short_korean|model.layers.12.mlp.down_proj,weighted,2,0.0357119999825954
qwen05|test_short_korean|model.layers.23.self_attn.q_proj,abs,0,0.029696000739932
qwen05|test_short_korean|model.layers.23.self_attn.q_proj,abs,1,0.0266239996999502
qwen05|test_short_korean|model.layers.23.self_attn.q_proj,abs,2,0.0265919994562864
qwen05|test_short_korean|model.layers.23.self_attn.q_proj,x2,0,0.0255999993532896
qwen05|test_short_korean|model.layers.23.self_attn.q_proj,x2,1,0.0246399994939565
qwen05|test_short_korean|model.layers.23.self_attn.q_proj,x2,2,0.0255999993532896
qwen05|test_short_korean|model.layers.23.self_attn.q_proj,weighted,0,0.0307199992239475
qwen05|test_short_korean|model.layers.23.self_attn.q_proj,weighted,1,0.029696000739932
qwen05|test_short_korean|model.layers.23.self_attn.q_proj,weighted,2,0.0286720003932714
qwen05|test_short_korean|model.layers.23.self_attn.k_proj,abs,0,0.0327039994299411
qwen05|test_short_korean|model.layers.23.self_attn.k_proj,abs,1,0.0255679991096258
qwen05|test_short_korean|model.layers.23.self_attn.k_proj,abs,2,0.0227199997752904
qwen05|test_short_korean|model.layers.23.self_attn.k_proj,x2,0,0.0375999994575977
qwen05|test_short_korean|model.layers.23.self_attn.k_proj,x2,1,0.0255999993532896
qwen05|test_short_korean|model.layers.23.self_attn.k_proj,x2,2,0.0216000005602836
qwen05|test_short_korean|model.layers.23.self_attn.k_proj,weighted,0,0.0273919999599456
qwen05|test_short_korean|model.layers.23.self_attn.k_proj,weighted,1,0.0276480000466108
qwen05|test_short_korean|model.layers.23.self_attn.k_proj,weighted,2,0.026367999613285
qwen05|test_short_korean|model.layers.23.self_attn.v_proj,abs,0,0.0337920002639293
qwen05|test_short_korean|model.layers.23.self_attn.v_proj,abs,1,0.029696000739932
qwen05|test_short_korean|model.layers.23.self_attn.v_proj,abs,2,0.0258559994399547
qwen05|test_short_korean|model.layers.23.self_attn.v_proj,x2,0,0.0276480000466108
qwen05|test_short_korean|model.layers.23.self_attn.v_proj,x2,1,0.026367999613285
qwen05|test_short_korean|model.layers.23.self_attn.v_proj,x2,2,0.0255999993532896
qwen05|test_short_korean|model.layers.23.self_attn.v_proj,weighted,0,0.0327359996736049
qwen05|test_short_korean|model.layers.23.self_attn.v_proj,weighted,1,0.0317439995706081
qwen05|test_short_korean|model.layers.23.self_attn.v_proj,weighted,2,0.0316799990832805
qwen05|test_short_korean|model.layers.23.self_attn.o_proj,abs,0,0.0419839993119239
qwen05|test_short_korean|model.layers.23.self_attn.o_proj,abs,1,0.0348160006105899
qwen05|test_short_korean|model.layers.23.self_attn.o_proj,abs,2,0.0337920002639293
qwen05|test_short_korean|model.layers.23.self_attn.o_proj,x2,0,0.0358400009572505
qwen05|test_short_korean|model.layers.23.self_attn.o_proj,x2,1,0.0337920002639293
qwen05|test_short_korean|model.layers.23.self_attn.o_proj,x2,2,0.0317439995706081
qwen05|test_short_korean|model.layers.23.self_attn.o_proj,weighted,0,0.0358400009572505
qwen05|test_short_korean|model.layers.23.self_attn.o_proj,weighted,1,0.0307199992239475
qwen05|test_short_korean|model.layers.23.self_attn.o_proj,weighted,2,0.0338240005075931
qwen05|test_short_korean|model.layers.23.mlp.gate_proj,abs,0,0.0317439995706081
qwen05|test_short_korean|model.layers.23.mlp.gate_proj,abs,1,0.0266239996999502
qwen05|test_short_korean|model.layers.23.mlp.gate_proj,abs,2,0.0246719997376203
qwen05|test_short_korean|model.layers.23.mlp.gate_proj,x2,0,0.0375999994575977
qwen05|test_short_korean|model.layers.23.mlp.gate_proj,x2,1,0.0276480000466108
qwen05|test_short_korean|model.layers.23.mlp.gate_proj,x2,2,0.0245760008692741
qwen05|test_short_korean|model.layers.23.mlp.gate_proj,weighted,0,0.0310399997979402
qwen05|test_short_korean|model.layers.23.mlp.gate_proj,weighted,1,0.0307519994676113
qwen05|test_short_korean|model.layers.23.mlp.gate_proj,weighted,2,0.029696000739932
qwen05|test_short_korean|model.layers.23.mlp.up_proj,abs,0,0.0317439995706081
qwen05|test_short_korean|model.layers.23.mlp.up_proj,abs,1,0.02857599966228
qwen05|test_short_korean|model.layers.23.mlp.up_proj,abs,2,0.0255999993532896
qwen05|test_short_korean|model.layers.23.mlp.up_proj,x2,0,0.0276480000466108
qwen05|test_short_korean|model.layers.23.mlp.up_proj,x2,1,0.026367999613285
qwen05|test_short_korean|model.layers.23.mlp.up_proj,x2,2,0.0254720002412796
qwen05|test_short_korean|model.layers.23.mlp.up_proj,weighted,0,0.0317439995706081
qwen05|test_short_korean|model.layers.23.mlp.up_proj,weighted,1,0.0307199992239475
qwen05|test_short_korean|model.layers.23.mlp.up_proj,weighted,2,0.0307199992239475
qwen05|test_short_korean|model.layers.23.mlp.down_proj,abs,0,0.0389119982719421
qwen05|test_short_korean|model.layers.23.mlp.down_proj,abs,1,0.0327679999172687
qwen05|test_short_korean|model.layers.23.mlp.down_proj,abs,2,0.0307199992239475
qwen05|test_short_korean|model.layers.23.mlp.down_proj,x2,0,0.0328320004045963
qwen05|test_short_korean|model.layers.23.mlp.down_proj,x2,1,0.0327679999172687
qwen05|test_short_korean|model.layers.23.mlp.down_proj,x2,2,0.0316479988396167
qwen05|test_short_korean|model.layers.23.mlp.down_proj,weighted,0,0.0378880016505718
qwen05|test_short_korean|model.layers.23.mlp.down_proj,weighted,1,0.0366079993546009
qwen05|test_short_korean|model.layers.23.mlp.down_proj,weighted,2,0.0349760018289089
qwen05|test_medium_code|model.layers.0.self_attn.q_proj,abs,0,0.0266239996999502
qwen05|test_medium_code|model.layers.0.self_attn.q_proj,abs,1,0.0235520005226135
qwen05|test_medium_code|model.layers.0.self_attn.q_proj,abs,2,0.0225280001759529
qwen05|test_medium_code|model.layers.0.self_attn.q_proj,x2,0,0.0226240009069442
qwen05|test_medium_code|model.layers.0.self_attn.q_proj,x2,1,0.0215039998292922
qwen05|test_medium_code|model.layers.0.self_attn.q_proj,x2,2,0.0215039998292922
qwen05|test_medium_code|model.layers.0.self_attn.q_proj,weighted,0,0.0274240002036094
qwen05|test_medium_code|model.layers.0.self_attn.q_proj,weighted,1,0.0266239996999502
qwen05|test_medium_code|model.layers.0.self_attn.q_proj,weighted,2,0.0256960000842809
qwen05|test_medium_code|model.layers.0.self_attn.k_proj,abs,0,0.0348480008542537
qwen05|test_medium_code|model.layers.0.self_attn.k_proj,abs,1,0.029696000739932
qwen05|test_medium_code|model.layers.0.self_attn.k_proj,abs,2,0.038816001266241
qwen05|test_medium_code|model.layers.0.self_attn.k_proj,x2,0,0.0276480000466108
qwen05|test_medium_code|model.layers.0.self_attn.k_proj,x2,1,0.0255679991096258
qwen05|test_medium_code|model.layers.0.self_attn.k_proj,x2,2,0.0255999993532896
qwen05|test_medium_code|model.layers.0.self_attn.k_proj,weighted,0,0.0317439995706081
qwen05|test_medium_code|model.layers.0.self_attn.k_proj,weighted,1,0.0317439995706081
qwen05|test_medium_code|model.layers.0.self_attn.k_proj,weighted,2,0.0245760008692741
qwen05|test_medium_code|model.layers.0.self_attn.v_proj,abs,0,0.0409599989652633
qwen05|test_medium_code|model.layers.0.self_attn.v_proj,abs,1,0.0348160006105899
qwen05|test_medium_code|model.layers.0.self_attn.v_proj,abs,2,0.0440320000052452
qwen05|test_medium_code|model.layers.0.self_attn.v_proj,x2,0,0.0317439995706081
qwen05|test_medium_code|model.layers.0.self_attn.v_proj,x2,1,0.0307199992239475
qwen05|test_medium_code|model.layers.0.self_attn.v_proj,x2,2,0.029696000739932
qwen05|test_medium_code|model.layers.0.self_attn.v_proj,weighted,0,0.0379519984126091
qwen05|test_medium_code|model.layers.0.self_attn.v_proj,weighted,1,0.0358400009572505
qwen05|test_medium_code|model.layers.0.self_attn.v_proj,weighted,2,0.0368640013039112
qwen05|test_medium_code|model.layers.0.self_attn.o_proj,abs,0,0.0368640013039112
qwen05|test_medium_code|model.layers.0.self_attn.o_proj,abs,1,0.0325120016932487
qwen05|test_medium_code|model.layers.0.self_attn.o_proj,abs,2,0.029696000739932
qwen05|test_medium_code|model.layers.0.self_attn.o_proj,x2,0,0.0308480001986026
qwen05|test_medium_code|model.layers.0.self_attn.o_proj,x2,1,0.029696000739932
qwen05|test_medium_code|model.layers.0.self_attn.o_proj,x2,2,0.0286720003932714
qwen05|test_medium_code|model.layers.0.self_attn.o_proj,weighted,0,0.0378880016505718
qwen05|test_medium_code|model.layers.0.self_attn.o_proj,weighted,1,0.0349120013415813
qwen05|test_medium_code|model.layers.0.self_attn.o_proj,weighted,2,0.0348160006105899
qwen05|test_medium_code|model.layers.0.mlp.gate_proj,abs,0,0.0378880016505718
qwen05|test_medium_code|model.layers.0.mlp.gate_proj,abs,1,0.0706560015678405
qwen05|test_medium_code|model.layers.0.mlp.gate_proj,abs,2,0.0432320013642311
qwen05|test_medium_code|model.layers.0.mlp.gate_proj,x2,0,0.0276480000466108
qwen05|test_medium_code|model.layers.0.mlp.gate_proj,x2,1,0.0276480000466108
qwen05|test_medium_code|model.layers.0.mlp.gate_proj,x2,2,0.0255999993532896
qwen05|test_medium_code|model.layers.0.mlp.gate_proj,weighted,0,0.0378880016505718
qwen05|test_medium_code|model.layers.0.mlp.gate_proj,weighted,1,0.0307199992239475
qwen05|test_medium_code|model.layers.0.mlp.gate_proj,weighted,2,0.029696000739932
qwen05|test_medium_code|model.layers.0.mlp.up_proj,abs,0,0.0380479991436004
qwen05|test_medium_code|model.layers.0.mlp.up_proj,abs,1,0.0327039994299411
qwen05|test_medium_code|model.layers.0.mlp.up_proj,abs,2,0.0307199992239475
qwen05|test_medium_code|model.layers.0.mlp.up_proj,x2,0,0.030944000929594
qwen05|test_medium_code|model.layers.0.mlp.up_proj,x2,1,0.0288960002362728
qwen05|test_medium_code|model.layers.0.mlp.up_proj,x2,2,0.0278079994022846
qwen05|test_medium_code|model.layers.0.mlp.up_proj,weighted,0,0.0358400009572505
qwen05|test_medium_code|model.layers.0.mlp.up_proj,weighted,1,0.0349120013415813
qwen05|test_medium_code|model.layers.0.mlp.up_proj,weighted,2,0.0479680001735687
qwen05|test_medium_code|model.layers.0.mlp.down_proj,abs,0,0.0349440015852451
qwen05|test_medium_code|model.layers.0.mlp.down_proj,abs,1,0.029696000739932
qwen05|test_medium_code|model.layers.0.mlp.down_proj,abs,2,0.0268799997866153
qwen05|test_medium_code|model.layers.0.mlp.down_proj,x2,0,0.0491520017385482
qwen05|test_medium_code|model.layers.0.mlp.down_proj,x2,1,0.0501759983599185
qwen05|test_medium_code|model.layers.0.mlp.down_proj,x2,2,0.0479039996862411
qwen05|test_medium_code|model.layers.0.mlp.down_proj,weighted,0,0.067391999065876
qwen05|test_medium_code|model.layers.0.mlp.down_proj,weighted,1,0.056352000683546
qwen05|test_medium_code|model.layers.0.mlp.down_proj,weighted,2,0.0563200004398822
qwen05|test_medium_code|model.layers.12.self_attn.q_proj,abs,0,0.0511999987065792
qwen05|test_medium_code|model.layers.12.self_attn.q_proj,abs,1,0.0286720003932714
qwen05|test_medium_code|model.layers.12.self_attn.q_proj,abs,2,0.0337279997766017
qwen05|test_medium_code|model.layers.12.self_attn.q_proj,x2,0,0.0255999993532896
qwen05|test_medium_code|model.layers.12.self_attn.q_proj,x2,1,0.0255999993532896
qwen05|test_medium_code|model.layers.12.self_attn.q_proj,x2,2,0.0245760008692741
qwen05|test_medium_code|model.layers.12.self_attn.q_proj,weighted,0,0.0481280013918876
qwen05|test_medium_code|model.layers.12.self_attn.q_proj,weighted,1,0.0409599989652633
qwen05|test_medium_code|model.layers.12.self_attn.q_proj,weighted,2,0.0399359986186027
qwen05|test_medium_code|model.layers.12.self_attn.k_proj,abs,0,0.0460800006985664
qwen05|test_medium_code|model.layers.12.self_attn.k_proj,abs,1,0.0348160006105899
qwen05|test_medium_code|model.layers.12.self_attn.k_proj,abs,2,0.0317439995706081
qwen05|test_medium_code|model.layers.12.self_attn.k_proj,x2,0,0.0317439995706081
qwen05|test_medium_code|model.layers.12.self_attn.k_proj,x2,1,0.029696000739932
qwen05|test_medium_code|model.layers.12.self_attn.k_proj,x2,2,0.0227520000189542
qwen05|test_medium_code|model.layers.12.self_attn.k_proj,weighted,0,0.0268159992992877
qwen05|test_medium_code|model.layers.12.self_attn.k_proj,weighted,1,0.0255999993532896
qwen05|test_medium_code|model.layers.12.self_attn.k_proj,weighted,2,0.0247360002249479
qwen05|test_medium_code|model.layers.12.self_attn.v_proj,abs,0,0.0450560003519058
qwen05|test_medium_code|model.layers.12.self_attn.v_proj,abs,1,0.0317439995706081
qwen05|test_medium_code|model.layers.12.self_attn.v_proj,abs,2,0.0266239996999502
qwen05|test_medium_code|model.layers.12.self_attn.v_proj,x2,0,0.0368640013039112
qwen05|test_medium_code|model.layers.12.self_attn.v_proj,x2,1,0.0275839995592832
qwen05|test_medium_code|model.layers.12.self_attn.v_proj,x2,2,0.0266239996999502
qwen05|test_medium_code|model.layers.12.self_attn.v_proj,weighted,0,0.0336319990456104
qwen05|test_medium_code|model.layers.12.self_attn.v_proj,weighted,1,0.029696000739932
qwen05|test_medium_code|model.layers.12.self_attn.v_proj,weighted,2,0.0337920002639293
qwen05|test_medium_code|model.layers.12.self_attn.o_proj,abs,0,0.0361279994249343
qwen05|test_medium_code|model.layers.12.self_attn.o_proj,abs,1,0.0295679997652769
qwen05|test_medium_code|model.layers.12.self_attn.o_proj,abs,2,0.0266239996999502
qwen05|test_medium_code|model.layers.12.self_attn.o_proj,x2,0,0.0397440008819103
qwen05|test_medium_code|model.layers.12.self_attn.o_proj,x2,1,0.027615999802947
qwen05|test_medium_code|model.layers.12.self_attn.o_proj,x2,2,0.025280000641942
qwen05|test_medium_code|model.layers.12.self_attn.o_proj,weighted,0,0.0337920002639293
qwen05|test_medium_code|model.layers.12.self_attn.o_proj,weighted,1,0.029696000739932
qwen05|test_medium_code|model.layers.12.self_attn.o_proj,weighted,2,0.0295359995216131
qwen05|test_medium_code|model.layers.12.mlp.gate_proj,abs,0,0.0307199992239475
qwen05|test_medium_code|model.layers.12.mlp.gate_proj,abs,1,0.0225280001759529
qwen05|test_medium_code|model.layers.12.mlp.gate_proj,abs,2,0.0215039998292922
qwen05|test_medium_code|model.layers.12.mlp.gate_proj,x2,0,0.0225280001759529
qwen05|test_medium_code|model.layers.12.mlp.gate_proj,x2,1,0.0215039998292922
qwen05|test_medium_code|model.layers.12.mlp.gate_proj,x2,2,0.0213120002299547
qwen05|test_medium_code|model.layers.12.mlp.gate_proj,weighted,0,0.0307199992239475
qwen05|test_medium_code|model.layers.12.mlp.gate_proj,weighted,1,0.0315200015902519
qwen05|test_medium_code|model.layers.12.mlp.gate_proj,weighted,2,0.0255679991096258
qwen05|test_medium_code|model.layers.12.mlp.up_proj,abs,0,0.074752002954483
qwen05|test_medium_code|model.layers.12.mlp.up_proj,abs,1,0.0348160006105899
qwen05|test_medium_code|model.layers.12.mlp.up_proj,abs,2,0.029696000739932
qwen05|test_medium_code|model.layers.12.mlp.up_proj,x2,0,0.0348160006105899
qwen05|test_medium_code|model.layers.12.mlp.up_proj,x2,1,0.029696000739932
qwen05|test_medium_code|model.layers.12.mlp.up_proj,x2,2,0.029696000739932
qwen05|test_medium_code|model.layers.12.mlp.up_proj,weighted,0,0.0368640013039112
qwen05|test_medium_code|model.layers.12.mlp.up_proj,weighted,1,0.0358400009572505
qwen05|test_medium_code|model.layers.12.mlp.up_proj,weighted,2,0.0348160006105899
qwen05|test_medium_code|model.layers.12.mlp.down_proj,abs,0,0.0330559983849525
qwen05|test_medium_code|model.layers.12.mlp.down_proj,abs,1,0.0276480000466108
qwen05|test_medium_code|model.layers.12.mlp.down_proj,abs,2,0.0256319995969533
qwen05|test_medium_code|model.layers.12.mlp.down_proj,x2,0,0.0491520017385482
qwen05|test_medium_code|model.layers.12.mlp.down_proj,x2,1,0.0490240007638931
qwen05|test_medium_code|model.layers.12.mlp.down_proj,x2,2,0.0481280013918876
qwen05|test_medium_code|model.layers.12.mlp.down_proj,weighted,0,0.0511040017008781
qwen05|test_medium_code|model.layers.12.mlp.down_proj,weighted,1,0.0491520017385482
qwen05|test_medium_code|model.layers.12.mlp.down_proj,weighted,2,0.0501759983599185
qwen05|test_medium_code|model.layers.23.self_attn.q_proj,abs,0,0.0307839997112751
qwen05|test_medium_code|model.layers.23.self_attn.q_proj,abs,1,0.0286079999059438
qwen05|test_medium_code|model.layers.23.self_attn.q_proj,abs,2,0.0286720003932714
qwen05|test_medium_code|model.layers.23.self_attn.q_proj,x2,0,0.0255999993532896
qwen05|test_medium_code|model.layers.23.self_attn.q_proj,x2,1,0.0245760008692741
qwen05|test_medium_code|model.layers.23.self_attn.q_proj,x2,2,0.0245760008692741
qwen05|test_medium_code|model.layers.23.self_attn.q_proj,weighted,0,0.0317439995706081
qwen05|test_medium_code|model.layers.23.self_attn.q_proj,weighted,1,0.029696000739932
qwen05|test_medium_code|model.layers.23.self_attn.q_proj,weighted,2,0.0283519998192787
qwen05|test_medium_code|model.layers.23.self_attn.k_proj,abs,0,0.0368640013039112
qwen05|test_medium_code|model.layers.23.self_attn.k_proj,abs,1,0.029696000739932
qwen05|test_medium_code|model.layers.23.self_attn.k_proj,abs,2,0.0276480000466108
qwen05|test_medium_code|model.layers.23.self_attn.k_proj,x2,0,0.02844800055027
qwen05|test_medium_code|model.layers.23.self_attn.k_proj,x2,1,0.0378880016505718
qwen05|test_medium_code|model.layers.23.self_attn.k_proj,x2,2,0.0296640004962682
qwen05|test_medium_code|model.layers.23.self_attn.k_proj,weighted,0,0.0317439995706081
qwen05|test_medium_code|model.layers.23.self_attn.k_proj,weighted,1,0.0317439995706081
qwen05|test_medium_code|model.layers.23.self_attn.k_proj,weighted,2,0.0299200005829334
qwen05|test_medium_code|model.layers.23.self_attn.v_proj,abs,0,0.0327679999172687
qwen05|test_medium_code|model.layers.23.self_attn.v_proj,abs,1,0.0286720003932714
qwen05|test_medium_code|model.layers.23.self_attn.v_proj,abs,2,0.0266239996999502
qwen05|test_medium_code|model.layers.23.self_attn.v_proj,x2,0,0.0279360003769397
qwen05|test_medium_code|model.layers.23.self_attn.v_proj,x2,1,0.0266239996999502
qwen05|test_medium_code|model.layers.23.self_attn.v_proj,x2,2,0.0255999993532896
qwen05|test_medium_code|model.layers.23.self_attn.v_proj,weighted,0,0.0327679999172687
qwen05|test_medium_code|model.layers.23.self_attn.v_proj,weighted,1,0.0299520008265972
qwen05|test_medium_code|model.layers.23.self_attn.v_proj,weighted,2,0.0307199992239475
qwen05|test_medium_code|model.layers.23.self_attn.o_proj,abs,0,0.0327679999172687
qwen05|test_medium_code|model.layers.23.self_attn.o_proj,abs,1,0.0288319997489452
qwen05|test_medium_code|model.layers.23.self_attn.o_proj,abs,2,0.0266239996999502
qwen05|test_medium_code|model.layers.23.self_attn.o_proj,x2,0,0.0399359986186027
qwen05|test_medium_code|model.layers.23.self_attn.o_proj,x2,1,0.0286720003932714
qwen05|test_medium_code|model.layers.23.self_attn.o_proj,x2,2,0.026655999943614
qwen05|test_medium_code|model.layers.23.self_attn.o_proj,weighted,0,0.0355839990079402
qwen05|test_medium_code|model.layers.23.self_attn.o_proj,weighted,1,0.0307199992239475
qwen05|test_medium_code|model.layers.23.self_attn.o_proj,weighted,2,0.0315200015902519
qwen05|test_medium_code|model.layers.23.mlp.gate_proj,abs,0,0.0367680005729198
qwen05|test_medium_code|model.layers.23.mlp.gate_proj,abs,1,0.0309759993106126
qwen05|test_medium_code|model.layers.23.mlp.gate_proj,abs,2,0.0288960002362728
qwen05|test_medium_code|model.layers.23.mlp.gate_proj,x2,0,0.0329600013792514
qwen05|test_medium_code|model.layers.23.mlp.gate_proj,x2,1,0.0294720008969306
qwen05|test_medium_code|model.layers.23.mlp.gate_proj,x2,2,0.0285119991749525
qwen05|test_medium_code|model.layers.23.mlp.gate_proj,weighted,0,0.0348480008542537
qwen05|test_medium_code|model.layers.23.mlp.gate_proj,weighted,1,0.0337920002639293
qwen05|test_medium_code|model.layers.23.mlp.gate_proj,weighted,2,0.0330879986286163
qwen05|test_medium_code|model.layers.23.mlp.up_proj,abs,0,0.0358400009572505
qwen05|test_medium_code|model.layers.23.mlp.up_proj,abs,1,0.0286720003932714
qwen05|test_medium_code|model.layers.23.mlp.up_proj,abs,2,0.0255999993532896
qwen05|test_medium_code|model.layers.23.mlp.up_proj,x2,0,0.027615999802947
qwen05|test_medium_code|model.layers.23.mlp.up_proj,x2,1,0.0256319995969533
qwen05|test_medium_code|model.layers.23.mlp.up_proj,x2,2,0.0255999993532896
qwen05|test_medium_code|model.layers.23.mlp.up_proj,weighted,0,0.0318400003015995
qwen05|test_medium_code|model.layers.23.mlp.up_proj,weighted,1,0.0327679999172687
qwen05|test_medium_code|model.layers.23.mlp.up_proj,weighted,2,0.0257280003279447
qwen05|test_medium_code|model.layers.23.mlp.down_proj,abs,0,0.0348800010979175
qwen05|test_medium_code|model.layers.23.mlp.down_proj,abs,1,0.029696000739932
qwen05|test_medium_code|model.layers.23.mlp.down_proj,abs,2,0.0267200004309415
qwen05|test_medium_code|model.layers.23.mlp.down_proj,x2,0,0.0500160008668899
qwen05|test_medium_code|model.layers.23.mlp.down_proj,x2,1,0.0491520017385482
qwen05|test_medium_code|model.layers.23.mlp.down_proj,x2,2,0.0491520017385482
qwen05|test_medium_code|model.layers.23.mlp.down_proj,weighted,0,0.0501440018415451
qwen05|test_medium_code|model.layers.23.mlp.down_proj,weighted,1,0.0511999987065792
qwen05|test_medium_code|model.layers.23.mlp.down_proj,weighted,2,0.0511999987065792
qwen05|test_long_structured|model.layers.0.self_attn.q_proj,abs,0,0.0368640013039112
qwen05|test_long_structured|model.layers.0.self_attn.q_proj,abs,1,0.029696000739932
qwen05|test_long_structured|model.layers.0.self_attn.q_proj,abs,2,0.0295679997652769
qwen05|test_long_structured|model.layers.0.self_attn.q_proj,x2,0,0.0286720003932714
qwen05|test_long_structured|model.layers.0.self_attn.q_proj,x2,1,0.0276480000466108
qwen05|test_long_structured|model.layers.0.self_attn.q_proj,x2,2,0.0255999993532896
qwen05|test_long_structured|model.layers.0.self_attn.q_proj,weighted,0,0.0305279996246099
qwen05|test_long_structured|model.layers.0.self_attn.q_proj,weighted,1,0.029696000739932
qwen05|test_long_structured|model.layers.0.self_attn.q_proj,weighted,2,0.0277120005339384
qwen05|test_long_structured|model.layers.0.self_attn.k_proj,abs,0,0.0378880016505718
qwen05|test_long_structured|model.layers.0.self_attn.k_proj,abs,1,0.0306240003556013
qwen05|test_long_structured|model.layers.0.self_attn.k_proj,abs,2,0.0266239996999502
qwen05|test_long_structured|model.layers.0.self_attn.k_proj,x2,0,0.0356799997389316
qwen05|test_long_structured|model.layers.0.self_attn.k_proj,x2,1,0.0295679997652769
qwen05|test_long_structured|model.layers.0.self_attn.k_proj,x2,2,0.0378880016505718
qwen05|test_long_structured|model.layers.0.self_attn.k_proj,weighted,0,0.0329280011355876
qwen05|test_long_structured|model.layers.0.self_attn.k_proj,weighted,1,0.0327679999172687
qwen05|test_long_structured|model.layers.0.self_attn.k_proj,weighted,2,0.0308480001986026
qwen05|test_long_structured|model.layers.0.self_attn.v_proj,abs,0,0.0378880016505718
qwen05|test_long_structured|model.layers.0.self_attn.v_proj,abs,1,0.032575998455286
qwen05|test_long_structured|model.layers.0.self_attn.v_proj,abs,2,0.0286720003932714
qwen05|test_long_structured|model.layers.0.self_attn.v_proj,x2,0,0.0391359999775886
qwen05|test_long_structured|model.layers.0.self_attn.v_proj,x2,1,0.0389119982719421
qwen05|test_long_structured|model.layers.0.self_attn.v_proj,x2,2,0.0296640004962682
qwen05|test_long_structured|model.layers.0.self_attn.v_proj,weighted,0,0.0361919999122619
qwen05|test_long_structured|model.layers.0.self_attn.v_proj,weighted,1,0.0286720003932714
qwen05|test_long_structured|model.layers.0.self_attn.v_proj,weighted,2,0.0243519991636276
qwen05|test_long_structured|model.layers.0.self_attn.o_proj,abs,0,0.0389119982719421
qwen05|test_long_structured|model.layers.0.self_attn.o_proj,abs,1,0.0417920015752315
qwen05|test_long_structured|model.layers.0.self_attn.o_proj,abs,2,0.029696000739932
qwen05|test_long_structured|model.layers.0.self_attn.o_proj,x2,0,0.0307199992239475
qwen05|test_long_structured|model.layers.0.self_attn.o_proj,x2,1,0.0215039998292922
qwen05|test_long_structured|model.layers.0.self_attn.o_proj,x2,2,0.0214399993419647
qwen05|test_long_structured|model.layers.0.self_attn.o_proj,weighted,0,0.0263999998569488
qwen05|test_long_structured|model.layers.0.self_attn.o_proj,weighted,1,0.0255999993532896
qwen05|test_long_structured|model.layers.0.self_attn.o_proj,weighted,2,0.0255360007286071
qwen05|test_long_structured|model.layers.0.mlp.gate_proj,abs,0,0.0337920002639293
qwen05|test_long_structured|model.layers.0.mlp.gate_proj,abs,1,0.0286720003932714
qwen05|test_long_structured|model.layers.0.mlp.gate_proj,abs,2,0.0266239996999502
qwen05|test_long_structured|model.layers.0.mlp.gate_proj,x2,0,0.027615999802947
qwen05|test_long_structured|model.layers.0.mlp.gate_proj,x2,1,0.0258559994399547
qwen05|test_long_structured|model.layers.0.mlp.gate_proj,x2,2,0.0255999993532896
qwen05|test_long_structured|model.layers.0.mlp.gate_proj,weighted,0,0.0358400009572505
qwen05|test_long_structured|model.layers.0.mlp.gate_proj,weighted,1,0.0315839983522892
qwen05|test_long_structured|model.layers.0.mlp.gate_proj,weighted,2,0.0306880008429288
qwen05|test_long_structured|model.layers.0.mlp.up_proj,abs,0,0.0419839993119239
qwen05|test_long_structured|model.layers.0.mlp.up_proj,abs,1,0.0368640013039112
qwen05|test_long_structured|model.layers.0.mlp.up_proj,abs,2,0.0358400009572505
qwen05|test_long_structured|model.layers.0.mlp.up_proj,x2,0,0.0348160006105899
qwen05|test_long_structured|model.layers.0.mlp.up_proj,x2,1,0.0276480000466108
qwen05|test_long_structured|model.layers.0.mlp.up_proj,x2,2,0.0255999993532896
qwen05|test_long_structured|model.layers.0.mlp.up_proj,weighted,0,0.0399359986186027
qwen05|test_long_structured|model.layers.0.mlp.up_proj,weighted,1,0.0334080010652542
qwen05|test_long_structured|model.layers.0.mlp.up_proj,weighted,2,0.0295679997652769
qwen05|test_long_structured|model.layers.0.mlp.down_proj,abs,0,0.041152000427246
qwen05|test_long_structured|model.layers.0.mlp.down_proj,abs,1,0.0411840006709098
qwen05|test_long_structured|model.layers.0.mlp.down_proj,abs,2,0.0408320017158985
qwen05|test_long_structured|model.layers.0.mlp.down_proj,x2,0,0.1044479981064796
qwen05|test_long_structured|model.layers.0.mlp.down_proj,x2,1,0.1044479981064796
qwen05|test_long_structured|model.layers.0.mlp.down_proj,x2,2,0.1044479981064796
qwen05|test_long_structured|model.layers.0.mlp.down_proj,weighted,0,0.1075199991464614
qwen05|test_long_structured|model.layers.0.mlp.down_proj,weighted,1,0.118656001985073
qwen05|test_long_structured|model.layers.0.mlp.down_proj,weighted,2,0.1085439994931221
qwen05|test_long_structured|model.layers.12.self_attn.q_proj,abs,0,0.053151998668909
qwen05|test_long_structured|model.layers.12.self_attn.q_proj,abs,1,0.0286720003932714
qwen05|test_long_structured|model.layers.12.self_attn.q_proj,abs,2,0.0255999993532896
qwen05|test_long_structured|model.layers.12.self_attn.q_proj,x2,0,0.0266239996999502
qwen05|test_long_structured|model.layers.12.self_attn.q_proj,x2,1,0.0275519993156194
qwen05|test_long_structured|model.layers.12.self_attn.q_proj,x2,2,0.0255999993532896
qwen05|test_long_structured|model.layers.12.self_attn.q_proj,weighted,0,0.0348160006105899
qwen05|test_long_structured|model.layers.12.self_attn.q_proj,weighted,1,0.0307199992239475
qwen05|test_long_structured|model.layers.12.self_attn.q_proj,weighted,2,0.0307199992239475
qwen05|test_long_structured|model.layers.12.self_attn.k_proj,abs,0,0.0378880016505718
qwen05|test_long_structured|model.layers.12.self_attn.k_proj,abs,1,0.0319360010325908
qwen05|test_long_structured|model.layers.12.self_attn.k_proj,abs,2,0.0305279996246099
qwen05|test_long_structured|model.layers.12.self_attn.k_proj,x2,0,0.0314880013465881
qwen05|test_long_structured|model.layers.12.self_attn.k_proj,x2,1,0.0290239993482828
qwen05|test_long_structured|model.layers.12.self_attn.k_proj,x2,2,0.0307199992239475
qwen05|test_long_structured|model.layers.12.self_attn.k_proj,weighted,0,0.0348160006105899
qwen05|test_long_structured|model.layers.12.self_attn.k_proj,weighted,1,0.0276480000466108
qwen05|test_long_structured|model.layers.12.self_attn.k_proj,weighted,2,0.0258559994399547
qwen05|test_long_structured|model.layers.12.self_attn.v_proj,abs,0,0.0337920002639293
qwen05|test_long_structured|model.layers.12.self_attn.v_proj,abs,1,0.029696000739932
qwen05|test_long_structured|model.layers.12.self_attn.v_proj,abs,2,0.0256960000842809
qwen05|test_long_structured|model.layers.12.self_attn.v_proj,x2,0,0.0275199990719556
qwen05|test_long_structured|model.layers.12.self_attn.v_proj,x2,1,0.026655999943614
qwen05|test_long_structured|model.layers.12.self_attn.v_proj,x2,2,0.0255999993532896
qwen05|test_long_structured|model.layers.12.self_attn.v_proj,weighted,0,0.0317439995706081
qwen05|test_long_structured|model.layers.12.self_attn.v_proj,weighted,1,0.0317439995706081
qwen05|test_long_structured|model.layers.12.self_attn.v_proj,weighted,2,0.0430079996585845
qwen05|test_long_structured|model.layers.12.self_attn.o_proj,abs,0,0.0419839993119239
qwen05|test_long_structured|model.layers.12.self_attn.o_proj,abs,1,0.0368640013039112
qwen05|test_long_structured|model.layers.12.self_attn.o_proj,abs,2,0.0337920002639293
qwen05|test_long_structured|model.layers.12.self_attn.o_proj,x2,0,0.0358400009572505
qwen05|test_long_structured|model.layers.12.self_attn.o_proj,x2,1,0.0337920002639293
qwen05|test_long_structured|model.layers.12.self_attn.o_proj,x2,2,0.0317439995706081
qwen05|test_long_structured|model.layers.12.self_attn.o_proj,weighted,0,0.047104001045227
qwen05|test_long_structured|model.layers.12.self_attn.o_proj,weighted,1,0.0409599989652633
qwen05|test_long_structured|model.layers.12.self_attn.o_proj,weighted,2,0.047104001045227
qwen05|test_long_structured|model.layers.12.mlp.gate_proj,abs,0,0.033695999532938
qwen05|test_long_structured|model.layers.12.mlp.gate_proj,abs,1,0.0276480000466108
qwen05|test_long_structured|model.layers.12.mlp.gate_proj,abs,2,0.0249279998242855
qwen05|test_long_structured|model.layers.12.mlp.gate_proj,x2,0,0.0259840004146099
qwen05|test_long_structured|model.layers.12.mlp.gate_proj,x2,1,0.0255999993532896
qwen05|test_long_structured|model.layers.12.mlp.gate_proj,x2,2,0.0247680004686117
qwen05|test_long_structured|model.layers.12.mlp.gate_proj,weighted,0,0.0339520014822483
qwen05|test_long_structured|model.layers.12.mlp.gate_proj,weighted,1,0.0309120006859302
qwen05|test_long_structured|model.layers.12.mlp.gate_proj,weighted,2,0.0298560000956058
qwen05|test_long_structured|model.layers.12.mlp.up_proj,abs,0,0.0460800006985664
qwen05|test_long_structured|model.layers.12.mlp.up_proj,abs,1,0.0307199992239475
qwen05|test_long_structured|model.layers.12.mlp.up_proj,abs,2,0.0286720003932714
qwen05|test_long_structured|model.layers.12.mlp.up_proj,x2,0,0.0278079994022846
qwen05|test_long_structured|model.layers.12.mlp.up_proj,x2,1,0.0266239996999502
qwen05|test_long_structured|model.layers.12.mlp.up_proj,x2,2,0.0255999993532896
qwen05|test_long_structured|model.layers.12.mlp.up_proj,weighted,0,0.0325439982116222
qwen05|test_long_structured|model.layers.12.mlp.up_proj,weighted,1,0.0359360016882419
qwen05|test_long_structured|model.layers.12.mlp.up_proj,weighted,2,0.0308480001986026
qwen05|test_long_structured|model.layers.12.mlp.down_proj,abs,0,0.0460800006985664
qwen05|test_long_structured|model.layers.12.mlp.down_proj,abs,1,0.0428479984402656
qwen05|test_long_structured|model.layers.12.mlp.down_proj,abs,2,0.0399359986186027
qwen05|test_long_structured|model.layers.12.mlp.down_proj,x2,0,0.1064959987998008
qwen05|test_long_structured|model.layers.12.mlp.down_proj,x2,1,0.1064959987998008
qwen05|test_long_structured|model.layers.12.mlp.down_proj,x2,2,0.104383997619152
qwen05|test_long_structured|model.layers.12.mlp.down_proj,weighted,0,0.1074559986591339
qwen05|test_long_structured|model.layers.12.mlp.down_proj,weighted,1,0.1075199991464614
qwen05|test_long_structured|model.layers.12.mlp.down_proj,weighted,2,0.1085119992494583
qwen05|test_long_structured|model.layers.23.self_attn.q_proj,abs,0,0.029696000739932
qwen05|test_long_structured|model.layers.23.self_attn.q_proj,abs,1,0.0225280001759529
qwen05|test_long_structured|model.layers.23.self_attn.q_proj,abs,2,0.0215039998292922
qwen05|test_long_structured|model.layers.23.self_attn.q_proj,x2,0,0.0215039998292922
qwen05|test_long_structured|model.layers.23.self_attn.q_proj,x2,1,0.0212479997426271
qwen05|test_long_structured|model.layers.23.self_attn.q_proj,x2,2,0.0206400007009506
qwen05|test_long_structured|model.layers.23.self_attn.q_proj,weighted,0,0.0252480003982782
qwen05|test_long_structured|model.layers.23.self_attn.q_proj,weighted,1,0.0247039999812841
qwen05|test_long_structured|model.layers.23.self_attn.q_proj,weighted,2,0.0243839994072914
qwen05|test_long_structured|model.layers.23.self_attn.k_proj,abs,0,0.0440320000052452
qwen05|test_long_structured|model.layers.23.self_attn.k_proj,abs,1,0.0338560007512569
qwen05|test_long_structured|model.layers.23.self_attn.k_proj,abs,2,0.0307199992239475
qwen05|test_long_structured|model.layers.23.self_attn.k_proj,x2,0,0.0327679999172687
qwen05|test_long_structured|model.layers.23.self_attn.k_proj,x2,1,0.0307199992239475
qwen05|test_long_structured|model.layers.23.self_attn.k_proj,x2,2,0.029696000739932
qwen05|test_long_structured|model.layers.23.self_attn.k_proj,weighted,0,0.0368640013039112
qwen05|test_long_structured|model.layers.23.self_attn.k_proj,weighted,1,0.0472000017762184
qwen05|test_long_structured|model.layers.23.self_attn.k_proj,weighted,2,0.0378880016505718
qwen05|test_long_structured|model.layers.23.self_attn.v_proj,abs,0,0.0399679988622665
qwen05|test_long_structured|model.layers.23.self_attn.v_proj,abs,1,0.028736000880599
qwen05|test_long_structured|model.layers.23.self_attn.v_proj,abs,2,0.0266239996999502
qwen05|test_long_structured|model.layers.23.self_attn.v_proj,x2,0,0.0276480000466108
qwen05|test_long_structured|model.layers.23.self_attn.v_proj,x2,1,0.0255999993532896
qwen05|test_long_structured|model.layers.23.self_attn.v_proj,x2,2,0.0245760008692741
qwen05|test_long_structured|model.layers.23.self_attn.v_proj,weighted,0,0.0305599998682737
qwen05|test_long_structured|model.layers.23.self_attn.v_proj,weighted,1,0.0350399985909462
qwen05|test_long_structured|model.layers.23.self_attn.v_proj,weighted,2,0.0266239996999502
qwen05|test_long_structured|model.layers.23.self_attn.o_proj,abs,0,0.0378880016505718
qwen05|test_long_structured|model.layers.23.self_attn.o_proj,abs,1,0.0329920016229152
qwen05|test_long_structured|model.layers.23.self_attn.o_proj,abs,2,0.0317439995706081
qwen05|test_long_structured|model.layers.23.self_attn.o_proj,x2,0,0.0358400009572505
qwen05|test_long_structured|model.layers.23.self_attn.o_proj,x2,1,0.0298880003392696
qwen05|test_long_structured|model.layers.23.self_attn.o_proj,x2,2,0.0247680004686117
qwen05|test_long_structured|model.layers.23.self_attn.o_proj,weighted,0,0.0268479995429515
qwen05|test_long_structured|model.layers.23.self_attn.o_proj,weighted,1,0.0265919994562864
qwen05|test_long_structured|model.layers.23.self_attn.o_proj,weighted,2,0.0265599992126226
qwen05|test_long_structured|model.layers.23.mlp.gate_proj,abs,0,0.0378880016505718
qwen05|test_long_structured|model.layers.23.mlp.gate_proj,abs,1,0.0337920002639293
qwen05|test_long_structured|model.layers.23.mlp.gate_proj,abs,2,0.0317439995706081
qwen05|test_long_structured|model.layers.23.mlp.gate_proj,x2,0,0.0327679999172687
qwen05|test_long_structured|model.layers.23.mlp.gate_proj,x2,1,0.0440320000052452
qwen05|test_long_structured|model.layers.23.mlp.gate_proj,x2,2,0.0337920002639293
qwen05|test_long_structured|model.layers.23.mlp.gate_proj,weighted,0,0.0399359986186027
qwen05|test_long_structured|model.layers.23.mlp.gate_proj,weighted,1,0.0358400009572505
qwen05|test_long_structured|model.layers.23.mlp.gate_proj,weighted,2,0.0348800010979175
qwen05|test_long_structured|model.layers.23.mlp.up_proj,abs,0,0.0358400009572505
qwen05|test_long_structured|model.layers.23.mlp.up_proj,abs,1,0.029696000739932
qwen05|test_long_structured|model.layers.23.mlp.up_proj,abs,2,0.0273599997162818
qwen05|test_long_structured|model.layers.23.mlp.up_proj,x2,0,0.0279360003769397
qwen05|test_long_structured|model.layers.23.mlp.up_proj,x2,1,0.0266239996999502
qwen05|test_long_structured|model.layers.23.mlp.up_proj,x2,2,0.0257600005716085
qwen05|test_long_structured|model.layers.23.mlp.up_proj,weighted,0,0.0460160002112388
qwen05|test_long_structured|model.layers.23.mlp.up_proj,weighted,1,0.0368640013039112
qwen05|test_long_structured|model.layers.23.mlp.up_proj,weighted,2,0.0317439995706081
qwen05|test_long_structured|model.layers.23.mlp.down_proj,abs,0,0.0419839993119239
qwen05|test_long_structured|model.layers.23.mlp.down_proj,abs,1,0.0410879999399185
qwen05|test_long_structured|model.layers.23.mlp.down_proj,abs,2,0.0401600003242492
qwen05|test_long_structured|model.layers.23.mlp.down_proj,x2,0,0.1054399982094764
qwen05|test_long_structured|model.layers.23.mlp.down_proj,x2,1,0.1054719984531402
qwen05|test_long_structured|model.layers.23.mlp.down_proj,x2,2,0.1054719984531402
qwen05|test_long_structured|model.layers.23.mlp.down_proj,weighted,0,0.108255997300148
qwen05|test_long_structured|model.layers.23.mlp.down_proj,weighted,1,0.1067520007491111
qwen05|test_long_structured|model.layers.23.mlp.down_proj,weighted,2,0.1104319989681243
smol360|cal_short_factual|model.layers.0.self_attn.q_proj,abs,0,0.0737280026078224
smol360|cal_short_factual|model.layers.0.self_attn.q_proj,abs,1,0.0430079996585845
smol360|cal_short_factual|model.layers.0.self_attn.q_proj,abs,2,0.047104001045227
smol360|cal_short_factual|model.layers.0.self_attn.q_proj,x2,0,0.0440320000052452
smol360|cal_short_factual|model.layers.0.self_attn.q_proj,x2,1,0.0348160006105899
smol360|cal_short_factual|model.layers.0.self_attn.q_proj,x2,2,0.0337920002639293
smol360|cal_short_factual|model.layers.0.self_attn.q_proj,weighted,0,0.0481280013918876
smol360|cal_short_factual|model.layers.0.self_attn.q_proj,weighted,1,0.0409599989652633
smol360|cal_short_factual|model.layers.0.self_attn.q_proj,weighted,2,0.0409599989652633
smol360|cal_short_factual|model.layers.0.self_attn.k_proj,abs,0,0.0358400009572505
smol360|cal_short_factual|model.layers.0.self_attn.k_proj,abs,1,0.0296640004962682
smol360|cal_short_factual|model.layers.0.self_attn.k_proj,abs,2,0.0266239996999502
smol360|cal_short_factual|model.layers.0.self_attn.k_proj,x2,0,0.0288319997489452
smol360|cal_short_factual|model.layers.0.self_attn.k_proj,x2,1,0.0307199992239475
smol360|cal_short_factual|model.layers.0.self_attn.k_proj,x2,2,0.0266239996999502
smol360|cal_short_factual|model.layers.0.self_attn.k_proj,weighted,0,0.0337279997766017
smol360|cal_short_factual|model.layers.0.self_attn.k_proj,weighted,1,0.0325439982116222
smol360|cal_short_factual|model.layers.0.self_attn.k_proj,weighted,2,0.0317119993269443
smol360|cal_short_factual|model.layers.0.self_attn.v_proj,abs,0,0.0358400009572505
smol360|cal_short_factual|model.layers.0.self_attn.v_proj,abs,1,0.0307199992239475
smol360|cal_short_factual|model.layers.0.self_attn.v_proj,abs,2,0.0268159992992877
smol360|cal_short_factual|model.layers.0.self_attn.v_proj,x2,0,0.0285119991749525
smol360|cal_short_factual|model.layers.0.self_attn.v_proj,x2,1,0.0277120005339384
smol360|cal_short_factual|model.layers.0.self_attn.v_proj,x2,2,0.0266239996999502
smol360|cal_short_factual|model.layers.0.self_attn.v_proj,weighted,0,0.0317439995706081
smol360|cal_short_factual|model.layers.0.self_attn.v_proj,weighted,1,0.0317439995706081
smol360|cal_short_factual|model.layers.0.self_attn.v_proj,weighted,2,0.0307519994676113
smol360|cal_short_factual|model.layers.0.self_attn.o_proj,abs,0,0.026528000831604
smol360|cal_short_factual|model.layers.0.self_attn.o_proj,abs,1,0.0217599999159574
smol360|cal_short_factual|model.layers.0.self_attn.o_proj,abs,2,0.0204799994826316
smol360|cal_short_factual|model.layers.0.self_attn.o_proj,x2,0,0.0225280001759529
smol360|cal_short_factual|model.layers.0.self_attn.o_proj,x2,1,0.0214719995856285
smol360|cal_short_factual|model.layers.0.self_attn.o_proj,x2,2,0.0214079990983009
smol360|cal_short_factual|model.layers.0.self_attn.o_proj,weighted,0,0.0266239996999502
smol360|cal_short_factual|model.layers.0.self_attn.o_proj,weighted,1,0.0247680004686117
smol360|cal_short_factual|model.layers.0.self_attn.o_proj,weighted,2,0.0337920002639293
smol360|cal_short_factual|model.layers.0.mlp.gate_proj,abs,0,0.0367040000855922
smol360|cal_short_factual|model.layers.0.mlp.gate_proj,abs,1,0.0286720003932714
smol360|cal_short_factual|model.layers.0.mlp.gate_proj,abs,2,0.0266239996999502
smol360|cal_short_factual|model.layers.0.mlp.gate_proj,x2,0,0.0276480000466108
smol360|cal_short_factual|model.layers.0.mlp.gate_proj,x2,1,0.0245760008692741
smol360|cal_short_factual|model.layers.0.mlp.gate_proj,x2,2,0.0275839995592832
smol360|cal_short_factual|model.layers.0.mlp.gate_proj,weighted,0,0.0327679999172687
smol360|cal_short_factual|model.layers.0.mlp.gate_proj,weighted,1,0.0327679999172687
smol360|cal_short_factual|model.layers.0.mlp.gate_proj,weighted,2,0.0286720003932714
smol360|cal_short_factual|model.layers.0.mlp.up_proj,abs,0,0.0307199992239475
smol360|cal_short_factual|model.layers.0.mlp.up_proj,abs,1,0.0237119998782873
smol360|cal_short_factual|model.layers.0.mlp.up_proj,abs,2,0.0225920006632804
smol360|cal_short_factual|model.layers.0.mlp.up_proj,x2,0,0.0245760008692741
smol360|cal_short_factual|model.layers.0.mlp.up_proj,x2,1,0.0225280001759529
smol360|cal_short_factual|model.layers.0.mlp.up_proj,x2,2,0.0215039998292922
smol360|cal_short_factual|model.layers.0.mlp.up_proj,weighted,0,0.027615999802947
smol360|cal_short_factual|model.layers.0.mlp.up_proj,weighted,1,0.0266239996999502
smol360|cal_short_factual|model.layers.0.mlp.up_proj,weighted,2,0.0490880012512207
smol360|cal_short_factual|model.layers.0.mlp.down_proj,abs,0,0.0337920002639293
smol360|cal_short_factual|model.layers.0.mlp.down_proj,abs,1,0.029696000739932
smol360|cal_short_factual|model.layers.0.mlp.down_proj,abs,2,0.0275519993156194
smol360|cal_short_factual|model.layers.0.mlp.down_proj,x2,0,0.0296640004962682
smol360|cal_short_factual|model.layers.0.mlp.down_proj,x2,1,0.0276480000466108
smol360|cal_short_factual|model.layers.0.mlp.down_proj,x2,2,0.0255999993532896
smol360|cal_short_factual|model.layers.0.mlp.down_proj,weighted,0,0.0318400003015995
smol360|cal_short_factual|model.layers.0.mlp.down_proj,weighted,1,0.0326079986989498
smol360|cal_short_factual|model.layers.0.mlp.down_proj,weighted,2,0.0307199992239475
smol360|cal_short_factual|model.layers.16.self_attn.q_proj,abs,0,0.0255999993532896
smol360|cal_short_factual|model.layers.16.self_attn.q_proj,abs,1,0.0225280001759529
smol360|cal_short_factual|model.layers.16.self_attn.q_proj,abs,2,0.0213760007172822
smol360|cal_short_factual|model.layers.16.self_attn.q_proj,x2,0,0.0225600004196167
smol360|cal_short_factual|model.layers.16.self_attn.q_proj,x2,1,0.0216000005602836
smol360|cal_short_factual|model.layers.16.self_attn.q_proj,x2,2,0.0206719990819692
smol360|cal_short_factual|model.layers.16.self_attn.q_proj,weighted,0,0.0257920008152723
smol360|cal_short_factual|model.layers.16.self_attn.q_proj,weighted,1,0.0266239996999502
smol360|cal_short_factual|model.layers.16.self_attn.q_proj,weighted,2,0.0266239996999502
smol360|cal_short_factual|model.layers.16.self_attn.k_proj,abs,0,0.0389119982719421
smol360|cal_short_factual|model.layers.16.self_attn.k_proj,abs,1,0.0276480000466108
smol360|cal_short_factual|model.layers.16.self_attn.k_proj,abs,2,0.0348160006105899
smol360|cal_short_factual|model.layers.16.self_attn.k_proj,x2,0,0.0286720003932714
smol360|cal_short_factual|model.layers.16.self_attn.k_proj,x2,1,0.0255999993532896
smol360|cal_short_factual|model.layers.16.self_attn.k_proj,x2,2,0.0245760008692741
smol360|cal_short_factual|model.layers.16.self_attn.k_proj,weighted,0,0.0327679999172687
smol360|cal_short_factual|model.layers.16.self_attn.k_proj,weighted,1,0.0317439995706081
smol360|cal_short_factual|model.layers.16.self_attn.k_proj,weighted,2,0.029696000739932
smol360|cal_short_factual|model.layers.16.self_attn.v_proj,abs,0,0.0285439994186162
smol360|cal_short_factual|model.layers.16.self_attn.v_proj,abs,1,0.0224639996886253
smol360|cal_short_factual|model.layers.16.self_attn.v_proj,abs,2,0.0198079999536275
smol360|cal_short_factual|model.layers.16.self_attn.v_proj,x2,0,0.0225280001759529
smol360|cal_short_factual|model.layers.16.self_attn.v_proj,x2,1,0.0215039998292922
smol360|cal_short_factual|model.layers.16.self_attn.v_proj,x2,2,0.0196800008416175
smol360|cal_short_factual|model.layers.16.self_attn.v_proj,weighted,0,0.0255999993532896
smol360|cal_short_factual|model.layers.16.self_attn.v_proj,weighted,1,0.0327679999172687
smol360|cal_short_factual|model.layers.16.self_attn.v_proj,weighted,2,0.0255999993532896
smol360|cal_short_factual|model.layers.16.self_attn.o_proj,abs,0,0.0348160006105899
smol360|cal_short_factual|model.layers.16.self_attn.o_proj,abs,1,0.0244800001382827
smol360|cal_short_factual|model.layers.16.self_attn.o_proj,abs,2,0.0234239995479583
smol360|cal_short_factual|model.layers.16.self_attn.o_proj,x2,0,0.0245760008692741
smol360|cal_short_factual|model.layers.16.self_attn.o_proj,x2,1,0.0234559997916221
smol360|cal_short_factual|model.layers.16.self_attn.o_proj,x2,2,0.0215039998292922
smol360|cal_short_factual|model.layers.16.self_attn.o_proj,weighted,0,0.0295679997652769
smol360|cal_short_factual|model.layers.16.self_attn.o_proj,weighted,1,0.0266239996999502
smol360|cal_short_factual|model.layers.16.self_attn.o_proj,weighted,2,0.0266239996999502
smol360|cal_short_factual|model.layers.16.mlp.gate_proj,abs,0,0.0327679999172687
smol360|cal_short_factual|model.layers.16.mlp.gate_proj,abs,1,0.0286720003932714
smol360|cal_short_factual|model.layers.16.mlp.gate_proj,abs,2,0.0266880001872777
smol360|cal_short_factual|model.layers.16.mlp.gate_proj,x2,0,0.0286720003932714
smol360|cal_short_factual|model.layers.16.mlp.gate_proj,x2,1,0.0266239996999502
smol360|cal_short_factual|model.layers.16.mlp.gate_proj,x2,2,0.0268479995429515
smol360|cal_short_factual|model.layers.16.mlp.gate_proj,weighted,0,0.0327679999172687
smol360|cal_short_factual|model.layers.16.mlp.gate_proj,weighted,1,0.0307199992239475
smol360|cal_short_factual|model.layers.16.mlp.gate_proj,weighted,2,0.0317119993269443
smol360|cal_short_factual|model.layers.16.mlp.up_proj,abs,0,0.0337920002639293
smol360|cal_short_factual|model.layers.16.mlp.up_proj,abs,1,0.0268159992992877
smol360|cal_short_factual|model.layers.16.mlp.up_proj,abs,2,0.0255040004849433
smol360|cal_short_factual|model.layers.16.mlp.up_proj,x2,0,0.0276480000466108
smol360|cal_short_factual|model.layers.16.mlp.up_proj,x2,1,0.0263359993696212
smol360|cal_short_factual|model.layers.16.mlp.up_proj,x2,2,0.0245760008692741
smol360|cal_short_factual|model.layers.16.mlp.up_proj,weighted,0,0.0318720005452632
smol360|cal_short_factual|model.layers.16.mlp.up_proj,weighted,1,0.0305599998682737
smol360|cal_short_factual|model.layers.16.mlp.up_proj,weighted,2,0.0299200005829334
smol360|cal_short_factual|model.layers.16.mlp.down_proj,abs,0,0.0409599989652633
smol360|cal_short_factual|model.layers.16.mlp.down_proj,abs,1,0.0370559990406036
smol360|cal_short_factual|model.layers.16.mlp.down_proj,abs,2,0.0307199992239475
smol360|cal_short_factual|model.layers.16.mlp.down_proj,x2,0,0.0348160006105899
smol360|cal_short_factual|model.layers.16.mlp.down_proj,x2,1,0.0327679999172687
smol360|cal_short_factual|model.layers.16.mlp.down_proj,x2,2,0.0307199992239475
smol360|cal_short_factual|model.layers.16.mlp.down_proj,weighted,0,0.0380799993872642
smol360|cal_short_factual|model.layers.16.mlp.down_proj,weighted,1,0.037696000188589
smol360|cal_short_factual|model.layers.16.mlp.down_proj,weighted,2,0.0266239996999502
smol360|cal_short_factual|model.layers.31.self_attn.q_proj,abs,0,0.0275839995592832
smol360|cal_short_factual|model.layers.31.self_attn.q_proj,abs,1,0.0235520005226135
smol360|cal_short_factual|model.layers.31.self_attn.q_proj,abs,2,0.0235520005226135
smol360|cal_short_factual|model.layers.31.self_attn.q_proj,x2,0,0.0225280001759529
smol360|cal_short_factual|model.layers.31.self_attn.q_proj,x2,1,0.0207679998129606
smol360|cal_short_factual|model.layers.31.self_attn.q_proj,x2,2,0.0215039998292922
smol360|cal_short_factual|model.layers.31.self_attn.q_proj,weighted,0,0.0255360007286071
smol360|cal_short_factual|model.layers.31.self_attn.q_proj,weighted,1,0.0255999993532896
smol360|cal_short_factual|model.layers.31.self_attn.q_proj,weighted,2,0.0248639993369579
smol360|cal_short_factual|model.layers.31.self_attn.k_proj,abs,0,0.0337920002639293
smol360|cal_short_factual|model.layers.31.self_attn.k_proj,abs,1,0.0278079994022846
smol360|cal_short_factual|model.layers.31.self_attn.k_proj,abs,2,0.0255999993532896
smol360|cal_short_factual|model.layers.31.self_attn.k_proj,x2,0,0.0286720003932714
smol360|cal_short_factual|model.layers.31.self_attn.k_proj,x2,1,0.0276480000466108
smol360|cal_short_factual|model.layers.31.self_attn.k_proj,x2,2,0.0266239996999502
smol360|cal_short_factual|model.layers.31.self_attn.k_proj,weighted,0,0.0327679999172687
smol360|cal_short_factual|model.layers.31.self_attn.k_proj,weighted,1,0.0459519997239112
smol360|cal_short_factual|model.layers.31.self_attn.k_proj,weighted,2,0.0348160006105899
smol360|cal_short_factual|model.layers.31.self_attn.v_proj,abs,0,0.028736000880599
smol360|cal_short_factual|model.layers.31.self_attn.v_proj,abs,1,0.0235520005226135
smol360|cal_short_factual|model.layers.31.self_attn.v_proj,abs,2,0.0225280001759529
smol360|cal_short_factual|model.layers.31.self_attn.v_proj,x2,0,0.0266239996999502
smol360|cal_short_factual|model.layers.31.self_attn.v_proj,x2,1,0.0225280001759529
smol360|cal_short_factual|model.layers.31.self_attn.v_proj,x2,2,0.021663999184966
smol360|cal_short_factual|model.layers.31.self_attn.v_proj,weighted,0,0.0276800002902746
smol360|cal_short_factual|model.layers.31.self_attn.v_proj,weighted,1,0.0266239996999502
smol360|cal_short_factual|model.layers.31.self_attn.v_proj,weighted,2,0.0266239996999502
smol360|cal_short_factual|model.layers.31.self_attn.o_proj,abs,0,0.0336319990456104
smol360|cal_short_factual|model.layers.31.self_attn.o_proj,abs,1,0.029696000739932
smol360|cal_short_factual|model.layers.31.self_attn.o_proj,abs,2,0.0389119982719421
smol360|cal_short_factual|model.layers.31.self_attn.o_proj,x2,0,0.0294720008969306
smol360|cal_short_factual|model.layers.31.self_attn.o_proj,x2,1,0.0266239996999502
smol360|cal_short_factual|model.layers.31.self_attn.o_proj,x2,2,0.026528000831604
smol360|cal_short_factual|model.layers.31.self_attn.o_proj,weighted,0,0.0337920002639293
smol360|cal_short_factual|model.layers.31.self_attn.o_proj,weighted,1,0.0399359986186027
smol360|cal_short_factual|model.layers.31.self_attn.o_proj,weighted,2,0.0317439995706081
smol360|cal_short_factual|model.layers.31.mlp.gate_proj,abs,0,0.0317759998142719
smol360|cal_short_factual|model.layers.31.mlp.gate_proj,abs,1,0.0286720003932714
smol360|cal_short_factual|model.layers.31.mlp.gate_proj,abs,2,0.0266239996999502
smol360|cal_short_factual|model.layers.31.mlp.gate_proj,x2,0,0.0286720003932714
smol360|cal_short_factual|model.layers.31.mlp.gate_proj,x2,1,0.0276480000466108
smol360|cal_short_factual|model.layers.31.mlp.gate_proj,x2,2,0.0255999993532896
smol360|cal_short_factual|model.layers.31.mlp.gate_proj,weighted,0,0.0327679999172687
smol360|cal_short_factual|model.layers.31.mlp.gate_proj,weighted,1,0.0317439995706081
smol360|cal_short_factual|model.layers.31.mlp.gate_proj,weighted,2,0.0307199992239475
smol360|cal_short_factual|model.layers.31.mlp.up_proj,abs,0,0.0286720003932714
smol360|cal_short_factual|model.layers.31.mlp.up_proj,abs,1,0.0237440001219511
smol360|cal_short_factual|model.layers.31.mlp.up_proj,abs,2,0.0255999993532896
smol360|cal_short_factual|model.layers.31.mlp.up_proj,x2,0,0.0225280001759529
smol360|cal_short_factual|model.layers.31.mlp.up_proj,x2,1,0.0212479997426271
smol360|cal_short_factual|model.layers.31.mlp.up_proj,x2,2,0.0203520003706216
smol360|cal_short_factual|model.layers.31.mlp.up_proj,weighted,0,0.0275199990719556
smol360|cal_short_factual|model.layers.31.mlp.up_proj,weighted,1,0.0255999993532896
smol360|cal_short_factual|model.layers.31.mlp.up_proj,weighted,2,0.0255999993532896
smol360|cal_short_factual|model.layers.31.mlp.down_proj,abs,0,0.0849919989705085
smol360|cal_short_factual|model.layers.31.mlp.down_proj,abs,1,0.0686080008745193
smol360|cal_short_factual|model.layers.31.mlp.down_proj,abs,2,0.0675840005278587
smol360|cal_short_factual|model.layers.31.mlp.down_proj,x2,0,0.0696000009775161
smol360|cal_short_factual|model.layers.31.mlp.down_proj,x2,1,0.0663679987192154
smol360|cal_short_factual|model.layers.31.mlp.down_proj,x2,2,0.061439998447895
smol360|cal_short_factual|model.layers.31.mlp.down_proj,weighted,0,0.0768000036478042
smol360|cal_short_factual|model.layers.31.mlp.down_proj,weighted,1,0.0409599989652633
smol360|cal_short_factual|model.layers.31.mlp.down_proj,weighted,2,0.0532479993999004
smol360|cal_medium_reasoning|model.layers.0.self_attn.q_proj,abs,0,0.0461120009422302
smol360|cal_medium_reasoning|model.layers.0.self_attn.q_proj,abs,1,0.0430079996585845
smol360|cal_medium_reasoning|model.layers.0.self_attn.q_proj,abs,2,0.0327679999172687
smol360|cal_medium_reasoning|model.layers.0.self_attn.q_proj,x2,0,0.0337920002639293
smol360|cal_medium_reasoning|model.layers.0.self_attn.q_proj,x2,1,0.0307199992239475
smol360|cal_medium_reasoning|model.layers.0.self_attn.q_proj,x2,2,0.0307199992239475
smol360|cal_medium_reasoning|model.layers.0.self_attn.q_proj,weighted,0,0.0387520007789135
smol360|cal_medium_reasoning|model.layers.0.self_attn.q_proj,weighted,1,0.0358400009572505
smol360|cal_medium_reasoning|model.layers.0.self_attn.q_proj,weighted,2,0.0348160006105899
smol360|cal_medium_reasoning|model.layers.0.self_attn.k_proj,abs,0,0.0400639995932579
smol360|cal_medium_reasoning|model.layers.0.self_attn.k_proj,abs,1,0.0337920002639293
smol360|cal_medium_reasoning|model.layers.0.self_attn.k_proj,abs,2,0.0307199992239475
smol360|cal_medium_reasoning|model.layers.0.self_attn.k_proj,x2,0,0.0327679999172687
smol360|cal_medium_reasoning|model.layers.0.self_attn.k_proj,x2,1,0.0419839993119239
smol360|cal_medium_reasoning|model.layers.0.self_attn.k_proj,x2,2,0.0337920002639293
smol360|cal_medium_reasoning|model.layers.0.self_attn.k_proj,weighted,0,0.0378880016505718
smol360|cal_medium_reasoning|model.layers.0.self_attn.k_proj,weighted,1,0.0357119999825954
smol360|cal_medium_reasoning|model.layers.0.self_attn.k_proj,weighted,2,0.0358400009572505
smol360|cal_medium_reasoning|model.layers.0.self_attn.v_proj,abs,0,0.0368640013039112
smol360|cal_medium_reasoning|model.layers.0.self_attn.v_proj,abs,1,0.0286720003932714
smol360|cal_medium_reasoning|model.layers.0.self_attn.v_proj,abs,2,0.0276480000466108
smol360|cal_medium_reasoning|model.layers.0.self_attn.v_proj,x2,0,0.0286720003932714
smol360|cal_medium_reasoning|model.layers.0.self_attn.v_proj,x2,1,0.0266239996999502
smol360|cal_medium_reasoning|model.layers.0.self_attn.v_proj,x2,2,0.0276480000466108
smol360|cal_medium_reasoning|model.layers.0.self_attn.v_proj,weighted,0,0.0327679999172687
smol360|cal_medium_reasoning|model.layers.0.self_attn.v_proj,weighted,1,0.0317439995706081
smol360|cal_medium_reasoning|model.layers.0.self_attn.v_proj,weighted,2,0.0317439995706081
smol360|cal_medium_reasoning|model.layers.0.self_attn.o_proj,abs,0,0.0337920002639293
smol360|cal_medium_reasoning|model.layers.0.self_attn.o_proj,abs,1,0.0296320002526044
smol360|cal_medium_reasoning|model.layers.0.self_attn.o_proj,abs,2,0.0255999993532896
smol360|cal_medium_reasoning|model.layers.0.self_attn.o_proj,x2,0,0.02844800055027
smol360|cal_medium_reasoning|model.layers.0.self_attn.o_proj,x2,1,0.0266239996999502
smol360|cal_medium_reasoning|model.layers.0.self_attn.o_proj,x2,2,0.0255999993532896
smol360|cal_medium_reasoning|model.layers.0.self_attn.o_proj,weighted,0,0.054271999746561
smol360|cal_medium_reasoning|model.layers.0.self_attn.o_proj,weighted,1,0.0327679999172687
smol360|cal_medium_reasoning|model.layers.0.self_attn.o_proj,weighted,2,0.0307199992239475
smol360|cal_medium_reasoning|model.layers.0.mlp.gate_proj,abs,0,0.0563200004398822
smol360|cal_medium_reasoning|model.layers.0.mlp.gate_proj,abs,1,0.0481280013918876
smol360|cal_medium_reasoning|model.layers.0.mlp.gate_proj,abs,2,0.0399359986186027
smol360|cal_medium_reasoning|model.layers.0.mlp.gate_proj,x2,0,0.0523520000278949
smol360|cal_medium_reasoning|model.layers.0.mlp.gate_proj,x2,1,0.0440320000052452
smol360|cal_medium_reasoning|model.layers.0.mlp.gate_proj,x2,2,0.0419839993119239
smol360|cal_medium_reasoning|model.layers.0.mlp.gate_proj,weighted,0,0.0522239990532398
smol360|cal_medium_reasoning|model.layers.0.mlp.gate_proj,weighted,1,0.0522239990532398
smol360|cal_medium_reasoning|model.layers.0.mlp.gate_proj,weighted,2,0.0419839993119239
smol360|cal_medium_reasoning|model.layers.0.mlp.up_proj,abs,0,0.0358400009572505
smol360|cal_medium_reasoning|model.layers.0.mlp.up_proj,abs,1,0.0348160006105899
smol360|cal_medium_reasoning|model.layers.0.mlp.up_proj,abs,2,0.0275199990719556
smol360|cal_medium_reasoning|model.layers.0.mlp.up_proj,x2,0,0.0286720003932714
smol360|cal_medium_reasoning|model.layers.0.mlp.up_proj,x2,1,0.0266239996999502
smol360|cal_medium_reasoning|model.layers.0.mlp.up_proj,x2,2,0.0266239996999502
smol360|cal_medium_reasoning|model.layers.0.mlp.up_proj,weighted,0,0.0317439995706081
smol360|cal_medium_reasoning|model.layers.0.mlp.up_proj,weighted,1,0.0317439995706081
smol360|cal_medium_reasoning|model.layers.0.mlp.up_proj,weighted,2,0.029823999851942
smol360|cal_medium_reasoning|model.layers.0.mlp.down_proj,abs,0,0.038816001266241
smol360|cal_medium_reasoning|model.layers.0.mlp.down_proj,abs,1,0.0418559983372688
smol360|cal_medium_reasoning|model.layers.0.mlp.down_proj,abs,2,0.04390399903059
smol360|cal_medium_reasoning|model.layers.0.mlp.down_proj,x2,0,0.0307199992239475
smol360|cal_medium_reasoning|model.layers.0.mlp.down_proj,x2,1,0.0266239996999502
smol360|cal_medium_reasoning|model.layers.0.mlp.down_proj,x2,2,0.0245760008692741
smol360|cal_medium_reasoning|model.layers.0.mlp.down_proj,weighted,0,0.027488000690937
smol360|cal_medium_reasoning|model.layers.0.mlp.down_proj,weighted,1,0.0276480000466108
smol360|cal_medium_reasoning|model.layers.0.mlp.down_proj,weighted,2,0.0276480000466108
smol360|cal_medium_reasoning|model.layers.16.self_attn.q_proj,abs,0,0.0418240018188953
smol360|cal_medium_reasoning|model.layers.16.self_attn.q_proj,abs,1,0.0255999993532896
smol360|cal_medium_reasoning|model.layers.16.self_attn.q_proj,abs,2,0.0225280001759529
smol360|cal_medium_reasoning|model.layers.16.self_attn.q_proj,x2,0,0.0255999993532896
smol360|cal_medium_reasoning|model.layers.16.self_attn.q_proj,x2,1,0.0225280001759529
smol360|cal_medium_reasoning|model.layers.16.self_attn.q_proj,x2,2,0.0223360005766153
smol360|cal_medium_reasoning|model.layers.16.self_attn.q_proj,weighted,0,0.0256319995969533
smol360|cal_medium_reasoning|model.layers.16.self_attn.q_proj,weighted,1,0.0255999993532896
smol360|cal_medium_reasoning|model.layers.16.self_attn.q_proj,weighted,2,0.0255999993532896
smol360|cal_medium_reasoning|model.layers.16.self_attn.k_proj,abs,0,0.0348160006105899
smol360|cal_medium_reasoning|model.layers.16.self_attn.k_proj,abs,1,0.029696000739932
smol360|cal_medium_reasoning|model.layers.16.self_attn.k_proj,abs,2,0.0274560004472732
smol360|cal_medium_reasoning|model.layers.16.self_attn.k_proj,x2,0,0.0286720003932714
smol360|cal_medium_reasoning|model.layers.16.self_attn.k_proj,x2,1,0.0266239996999502
smol360|cal_medium_reasoning|model.layers.16.self_attn.k_proj,x2,2,0.0255999993532896
smol360|cal_medium_reasoning|model.layers.16.self_attn.k_proj,weighted,0,0.0327039994299411
smol360|cal_medium_reasoning|model.layers.16.self_attn.k_proj,weighted,1,0.0317759998142719
smol360|cal_medium_reasoning|model.layers.16.self_attn.k_proj,weighted,2,0.0317439995706081
smol360|cal_medium_reasoning|model.layers.16.self_attn.v_proj,abs,0,0.0409599989652633
smol360|cal_medium_reasoning|model.layers.16.self_attn.v_proj,abs,1,0.0327679999172687
smol360|cal_medium_reasoning|model.layers.16.self_attn.v_proj,abs,2,0.029696000739932
smol360|cal_medium_reasoning|model.layers.16.self_attn.v_proj,x2,0,0.0327679999172687
smol360|cal_medium_reasoning|model.layers.16.self_attn.v_proj,x2,1,0.0307199992239475
smol360|cal_medium_reasoning|model.layers.16.self_attn.v_proj,x2,2,0.0327679999172687
smol360|cal_medium_reasoning|model.layers.16.self_attn.v_proj,weighted,0,0.0378880016505718
smol360|cal_medium_reasoning|model.layers.16.self_attn.v_proj,weighted,1,0.0368640013039112
smol360|cal_medium_reasoning|model.layers.16.self_attn.v_proj,weighted,2,0.0286720003932714
smol360|cal_medium_reasoning|model.layers.16.self_attn.o_proj,abs,0,0.0337920002639293
smol360|cal_medium_reasoning|model.layers.16.self_attn.o_proj,abs,1,0.0286720003932714
smol360|cal_medium_reasoning|model.layers.16.self_attn.o_proj,abs,2,0.0266239996999502
smol360|cal_medium_reasoning|model.layers.16.self_attn.o_proj,x2,0,0.0286079999059438
smol360|cal_medium_reasoning|model.layers.16.self_attn.o_proj,x2,1,0.0276480000466108
smol360|cal_medium_reasoning|model.layers.16.self_attn.o_proj,x2,2,0.0266239996999502
smol360|cal_medium_reasoning|model.layers.16.self_attn.o_proj,weighted,0,0.0337279997766017
smol360|cal_medium_reasoning|model.layers.16.self_attn.o_proj,weighted,1,0.0317439995706081
smol360|cal_medium_reasoning|model.layers.16.self_attn.o_proj,weighted,2,0.0246399994939565
smol360|cal_medium_reasoning|model.layers.16.mlp.gate_proj,abs,0,0.0328640006482601
smol360|cal_medium_reasoning|model.layers.16.mlp.gate_proj,abs,1,0.0349120013415813
smol360|cal_medium_reasoning|model.layers.16.mlp.gate_proj,abs,2,0.0285439994186162
smol360|cal_medium_reasoning|model.layers.16.mlp.gate_proj,x2,0,0.0278399996459484
smol360|cal_medium_reasoning|model.layers.16.mlp.gate_proj,x2,1,0.0276480000466108
smol360|cal_medium_reasoning|model.layers.16.mlp.gate_proj,x2,2,0.0266239996999502
smol360|cal_medium_reasoning|model.layers.16.mlp.gate_proj,weighted,0,0.0329280011355876
smol360|cal_medium_reasoning|model.layers.16.mlp.gate_proj,weighted,1,0.0349760018289089
smol360|cal_medium_reasoning|model.layers.16.mlp.gate_proj,weighted,2,0.0481280013918876
smol360|cal_medium_reasoning|model.layers.16.mlp.up_proj,abs,0,0.0399359986186027
smol360|cal_medium_reasoning|model.layers.16.mlp.up_proj,abs,1,0.029696000739932
smol360|cal_medium_reasoning|model.layers.16.mlp.up_proj,abs,2,0.0276480000466108
smol360|cal_medium_reasoning|model.layers.16.mlp.up_proj,x2,0,0.0276480000466108
smol360|cal_medium_reasoning|model.layers.16.mlp.up_proj,x2,1,0.0266239996999502
smol360|cal_medium_reasoning|model.layers.16.mlp.up_proj,x2,2,0.0255999993532896
smol360|cal_medium_reasoning|model.layers.16.mlp.up_proj,weighted,0,0.0327679999172687
smol360|cal_medium_reasoning|model.layers.16.mlp.up_proj,weighted,1,0.0307199992239475
smol360|cal_medium_reasoning|model.layers.16.mlp.up_proj,weighted,2,0.0255679991096258
smol360|cal_medium_reasoning|model.layers.16.mlp.down_proj,abs,0,0.0348800010979175
smol360|cal_medium_reasoning|model.layers.16.mlp.down_proj,abs,1,0.0286720003932714
smol360|cal_medium_reasoning|model.layers.16.mlp.down_proj,abs,2,0.0255999993532896
smol360|cal_medium_reasoning|model.layers.16.mlp.down_proj,x2,0,0.0386880002915859
smol360|cal_medium_reasoning|model.layers.16.mlp.down_proj,x2,1,0.0286720003932714
smol360|cal_medium_reasoning|model.layers.16.mlp.down_proj,x2,2,0.0257600005716085
smol360|cal_medium_reasoning|model.layers.16.mlp.down_proj,weighted,0,0.0266239996999502
smol360|cal_medium_reasoning|model.layers.16.mlp.down_proj,weighted,1,0.0266239996999502
smol360|cal_medium_reasoning|model.layers.16.mlp.down_proj,weighted,2,0.0286720003932714
smol360|cal_medium_reasoning|model.layers.31.self_attn.q_proj,abs,0,0.0286400001496076
smol360|cal_medium_reasoning|model.layers.31.self_attn.q_proj,abs,1,0.0235520005226135
smol360|cal_medium_reasoning|model.layers.31.self_attn.q_proj,abs,2,0.0223360005766153
smol360|cal_medium_reasoning|model.layers.31.self_attn.q_proj,x2,0,0.0235520005226135
smol360|cal_medium_reasoning|model.layers.31.self_attn.q_proj,x2,1,0.0225280001759529
smol360|cal_medium_reasoning|model.layers.31.self_attn.q_proj,x2,2,0.0206080004572868
smol360|cal_medium_reasoning|model.layers.31.self_attn.q_proj,weighted,0,0.0255999993532896
smol360|cal_medium_reasoning|model.layers.31.self_attn.q_proj,weighted,1,0.0266239996999502
smol360|cal_medium_reasoning|model.layers.31.self_attn.q_proj,weighted,2,0.0255999993532896
smol360|cal_medium_reasoning|model.layers.31.self_attn.k_proj,abs,0,0.0348160006105899
smol360|cal_medium_reasoning|model.layers.31.self_attn.k_proj,abs,1,0.029696000739932
smol360|cal_medium_reasoning|model.layers.31.self_attn.k_proj,abs,2,0.0266880001872777
smol360|cal_medium_reasoning|model.layers.31.self_attn.k_proj,x2,0,0.0358400009572505
smol360|cal_medium_reasoning|model.layers.31.self_attn.k_proj,x2,1,0.0278399996459484
smol360|cal_medium_reasoning|model.layers.31.self_attn.k_proj,x2,2,0.0266239996999502
smol360|cal_medium_reasoning|model.layers.31.self_attn.k_proj,weighted,0,0.0328960008919239
smol360|cal_medium_reasoning|model.layers.31.self_attn.k_proj,weighted,1,0.0327679999172687
smol360|cal_medium_reasoning|model.layers.31.self_attn.k_proj,weighted,2,0.0306240003556013
smol360|cal_medium_reasoning|model.layers.31.self_attn.v_proj,abs,0,0.0440320000052452
smol360|cal_medium_reasoning|model.layers.31.self_attn.v_proj,abs,1,0.0791679993271827
smol360|cal_medium_reasoning|model.layers.31.self_attn.v_proj,abs,2,0.0727040022611618
smol360|cal_medium_reasoning|model.layers.31.self_attn.v_proj,x2,0,0.0327679999172687
smol360|cal_medium_reasoning|model.layers.31.self_attn.v_proj,x2,1,0.0288319997489452
smol360|cal_medium_reasoning|model.layers.31.self_attn.v_proj,x2,2,0.0276480000466108
smol360|cal_medium_reasoning|model.layers.31.self_attn.v_proj,weighted,0,0.0390399992465972
smol360|cal_medium_reasoning|model.layers.31.self_attn.v_proj,weighted,1,0.037856001406908
smol360|cal_medium_reasoning|model.layers.31.self_attn.v_proj,weighted,2,0.0345599986612796
smol360|cal_medium_reasoning|model.layers.31.self_attn.o_proj,abs,0,0.0295039992779493
smol360|cal_medium_reasoning|model.layers.31.self_attn.o_proj,abs,1,0.0348160006105899
smol360|cal_medium_reasoning|model.layers.31.self_attn.o_proj,abs,2,0.0266239996999502
smol360|cal_medium_reasoning|model.layers.31.self_attn.o_proj,x2,0,0.0264640003442764
smol360|cal_medium_reasoning|model.layers.31.self_attn.o_proj,x2,1,0.0226240009069442
smol360|cal_medium_reasoning|model.layers.31.self_attn.o_proj,x2,2,0.0225280001759529
smol360|cal_medium_reasoning|model.layers.31.self_attn.o_proj,weighted,0,0.029696000739932
smol360|cal_medium_reasoning|model.layers.31.self_attn.o_proj,weighted,1,0.0276480000466108
smol360|cal_medium_reasoning|model.layers.31.self_attn.o_proj,weighted,2,0.026528000831604
smol360|cal_medium_reasoning|model.layers.31.mlp.gate_proj,abs,0,0.0326719991862773
smol360|cal_medium_reasoning|model.layers.31.mlp.gate_proj,abs,1,0.0286720003932714
smol360|cal_medium_reasoning|model.layers.31.mlp.gate_proj,abs,2,0.0266239996999502
smol360|cal_medium_reasoning|model.layers.31.mlp.gate_proj,x2,0,0.0286720003932714
smol360|cal_medium_reasoning|model.layers.31.mlp.gate_proj,x2,1,0.0215039998292922
smol360|cal_medium_reasoning|model.layers.31.mlp.gate_proj,x2,2,0.0215039998292922
smol360|cal_medium_reasoning|model.layers.31.mlp.gate_proj,weighted,0,0.0265919994562864
smol360|cal_medium_reasoning|model.layers.31.mlp.gate_proj,weighted,1,0.0266239996999502
smol360|cal_medium_reasoning|model.layers.31.mlp.gate_proj,weighted,2,0.0288960002362728
smol360|cal_medium_reasoning|model.layers.31.mlp.up_proj,abs,0,0.0327679999172687
smol360|cal_medium_reasoning|model.layers.31.mlp.up_proj,abs,1,0.0286720003932714
smol360|cal_medium_reasoning|model.layers.31.mlp.up_proj,abs,2,0.0255999993532896
smol360|cal_medium_reasoning|model.layers.31.mlp.up_proj,x2,0,0.0273599997162818
smol360|cal_medium_reasoning|model.layers.31.mlp.up_proj,x2,1,0.0248000007122755
smol360|cal_medium_reasoning|model.layers.31.mlp.up_proj,x2,2,0.0245760008692741
smol360|cal_medium_reasoning|model.layers.31.mlp.up_proj,weighted,0,0.0317119993269443
smol360|cal_medium_reasoning|model.layers.31.mlp.up_proj,weighted,1,0.0307199992239475
smol360|cal_medium_reasoning|model.layers.31.mlp.up_proj,weighted,2,0.0298560000956058
smol360|cal_medium_reasoning|model.layers.31.mlp.down_proj,abs,0,0.0348160006105899
smol360|cal_medium_reasoning|model.layers.31.mlp.down_proj,abs,1,0.0277120005339384
smol360|cal_medium_reasoning|model.layers.31.mlp.down_proj,abs,2,0.0255999993532896
smol360|cal_medium_reasoning|model.layers.31.mlp.down_proj,x2,0,0.0389119982719421
smol360|cal_medium_reasoning|model.layers.31.mlp.down_proj,x2,1,0.0276480000466108
smol360|cal_medium_reasoning|model.layers.31.mlp.down_proj,x2,2,0.0266239996999502
smol360|cal_medium_reasoning|model.layers.31.mlp.down_proj,weighted,0,0.0326399989426136
smol360|cal_medium_reasoning|model.layers.31.mlp.down_proj,weighted,1,0.0286720003932714
smol360|cal_medium_reasoning|model.layers.31.mlp.down_proj,weighted,2,0.0266239996999502
smol360|cal_long_context|model.layers.0.self_attn.q_proj,abs,0,0.0276480000466108
smol360|cal_long_context|model.layers.0.self_attn.q_proj,abs,1,0.0347840003669261
smol360|cal_long_context|model.layers.0.self_attn.q_proj,abs,2,0.0440320000052452
smol360|cal_long_context|model.layers.0.self_attn.q_proj,x2,0,0.0286720003932714
smol360|cal_long_context|model.layers.0.self_attn.q_proj,x2,1,0.0236479993909597
smol360|cal_long_context|model.layers.0.self_attn.q_proj,x2,2,0.0215039998292922
smol360|cal_long_context|model.layers.0.self_attn.q_proj,weighted,0,0.0276480000466108
smol360|cal_long_context|model.layers.0.self_attn.q_proj,weighted,1,0.0266239996999502
smol360|cal_long_context|model.layers.0.self_attn.q_proj,weighted,2,0.0491520017385482
smol360|cal_long_context|model.layers.0.self_attn.k_proj,abs,0,0.0347199998795986
smol360|cal_long_context|model.layers.0.self_attn.k_proj,abs,1,0.029696000739932
smol360|cal_long_context|model.layers.0.self_attn.k_proj,abs,2,0.0276480000466108
smol360|cal_long_context|model.layers.0.self_attn.k_proj,x2,0,0.0286720003932714
smol360|cal_long_context|model.layers.0.self_attn.k_proj,x2,1,0.0266239996999502
smol360|cal_long_context|model.layers.0.self_attn.k_proj,x2,2,0.0255999993532896
smol360|cal_long_context|model.layers.0.self_attn.k_proj,weighted,0,0.0317759998142719
smol360|cal_long_context|model.layers.0.self_attn.k_proj,weighted,1,0.0327679999172687
smol360|cal_long_context|model.layers.0.self_attn.k_proj,weighted,2,0.0315200015902519
smol360|cal_long_context|model.layers.0.self_attn.v_proj,abs,0,0.0520000010728836
smol360|cal_long_context|model.layers.0.self_attn.v_proj,abs,1,0.029696000739932
smol360|cal_long_context|model.layers.0.self_attn.v_proj,abs,2,0.0265919994562864
smol360|cal_long_context|model.layers.0.self_attn.v_proj,x2,0,0.027615999802947
smol360|cal_long_context|model.layers.0.self_attn.v_proj,x2,1,0.0256960000842809
smol360|cal_long_context|model.layers.0.self_attn.v_proj,x2,2,0.0248319990932941
smol360|cal_long_context|model.layers.0.self_attn.v_proj,weighted,0,0.0317439995706081
smol360|cal_long_context|model.layers.0.self_attn.v_proj,weighted,1,0.0306240003556013
smol360|cal_long_context|model.layers.0.self_attn.v_proj,weighted,2,0.0286720003932714
smol360|cal_long_context|model.layers.0.self_attn.o_proj,abs,0,0.0310399997979402
smol360|cal_long_context|model.layers.0.self_attn.o_proj,abs,1,0.0276480000466108
smol360|cal_long_context|model.layers.0.self_attn.o_proj,abs,2,0.0246399994939565
smol360|cal_long_context|model.layers.0.self_attn.o_proj,x2,0,0.0286720003932714
smol360|cal_long_context|model.layers.0.self_attn.o_proj,x2,1,0.0255999993532896
smol360|cal_long_context|model.layers.0.self_attn.o_proj,x2,2,0.0253759995102882
smol360|cal_long_context|model.layers.0.self_attn.o_proj,weighted,0,0.0307199992239475
smol360|cal_long_context|model.layers.0.self_attn.o_proj,weighted,1,0.0324160009622573
smol360|cal_long_context|model.layers.0.self_attn.o_proj,weighted,2,0.029696000739932
smol360|cal_long_context|model.layers.0.mlp.gate_proj,abs,0,0.0307839997112751
smol360|cal_long_context|model.layers.0.mlp.gate_proj,abs,1,0.0286079999059438
smol360|cal_long_context|model.layers.0.mlp.gate_proj,abs,2,0.0255360007286071
smol360|cal_long_context|model.layers.0.mlp.gate_proj,x2,0,0.0275519993156194
smol360|cal_long_context|model.layers.0.mlp.gate_proj,x2,1,0.0265599992126226
smol360|cal_long_context|model.layers.0.mlp.gate_proj,x2,2,0.0253120008856058
smol360|cal_long_context|model.layers.0.mlp.gate_proj,weighted,0,0.0359360016882419
smol360|cal_long_context|model.layers.0.mlp.gate_proj,weighted,1,0.0307199992239475
smol360|cal_long_context|model.layers.0.mlp.gate_proj,weighted,2,0.029696000739932
smol360|cal_long_context|model.layers.0.mlp.up_proj,abs,0,0.0337920002639293
smol360|cal_long_context|model.layers.0.mlp.up_proj,abs,1,0.029696000739932
smol360|cal_long_context|model.layers.0.mlp.up_proj,abs,2,0.0266239996999502
smol360|cal_long_context|model.layers.0.mlp.up_proj,x2,0,0.0378880016505718
smol360|cal_long_context|model.layers.0.mlp.up_proj,x2,1,0.0286720003932714
smol360|cal_long_context|model.layers.0.mlp.up_proj,x2,2,0.0266239996999502
smol360|cal_long_context|model.layers.0.mlp.up_proj,weighted,0,0.0318720005452632
smol360|cal_long_context|model.layers.0.mlp.up_proj,weighted,1,0.0315200015902519
smol360|cal_long_context|model.layers.0.mlp.up_proj,weighted,2,0.029696000739932
smol360|cal_long_context|model.layers.0.mlp.down_proj,abs,0,0.0389119982719421
smol360|cal_long_context|model.layers.0.mlp.down_proj,abs,1,0.0328960008919239
smol360|cal_long_context|model.layers.0.mlp.down_proj,abs,2,0.0317439995706081
smol360|cal_long_context|model.layers.0.mlp.down_proj,x2,0,0.0481280013918876
smol360|cal_long_context|model.layers.0.mlp.down_proj,x2,1,0.0491520017385482
smol360|cal_long_context|model.layers.0.mlp.down_proj,x2,2,0.0491520017385482
smol360|cal_long_context|model.layers.0.mlp.down_proj,weighted,0,0.0511999987065792
smol360|cal_long_context|model.layers.0.mlp.down_proj,weighted,1,0.0510720014572143
smol360|cal_long_context|model.layers.0.mlp.down_proj,weighted,2,0.0511999987065792
smol360|cal_long_context|model.layers.16.self_attn.q_proj,abs,0,0.0326079986989498
smol360|cal_long_context|model.layers.16.self_attn.q_proj,abs,1,0.0236159991472959
smol360|cal_long_context|model.layers.16.self_attn.q_proj,abs,2,0.0225280001759529
smol360|cal_long_context|model.layers.16.self_attn.q_proj,x2,0,0.0234239995479583
smol360|cal_long_context|model.layers.16.self_attn.q_proj,x2,1,0.0225280001759529
smol360|cal_long_context|model.layers.16.self_attn.q_proj,x2,2,0.0216000005602836
smol360|cal_long_context|model.layers.16.self_attn.q_proj,weighted,0,0.0255999993532896
smol360|cal_long_context|model.layers.16.self_attn.q_proj,weighted,1,0.027488000690937
smol360|cal_long_context|model.layers.16.self_attn.q_proj,weighted,2,0.0266239996999502
smol360|cal_long_context|model.layers.16.self_attn.k_proj,abs,0,0.0491520017385482
smol360|cal_long_context|model.layers.16.self_attn.k_proj,abs,1,0.029696000739932
smol360|cal_long_context|model.layers.16.self_attn.k_proj,abs,2,0.0266239996999502
smol360|cal_long_context|model.layers.16.self_attn.k_proj,x2,0,0.0327679999172687
smol360|cal_long_context|model.layers.16.self_attn.k_proj,x2,1,0.0276480000466108
smol360|cal_long_context|model.layers.16.self_attn.k_proj,x2,2,0.0264320001006126
smol360|cal_long_context|model.layers.16.self_attn.k_proj,weighted,0,0.0337920002639293
smol360|cal_long_context|model.layers.16.self_attn.k_proj,weighted,1,0.0307199992239475
smol360|cal_long_context|model.layers.16.self_attn.k_proj,weighted,2,0.0305599998682737
smol360|cal_long_context|model.layers.16.self_attn.v_proj,abs,0,0.0440320000052452
smol360|cal_long_context|model.layers.16.self_attn.v_proj,abs,1,0.054271999746561
smol360|cal_long_context|model.layers.16.self_attn.v_proj,abs,2,0.0439999997615814
smol360|cal_long_context|model.layers.16.self_attn.v_proj,x2,0,0.0430079996585845
smol360|cal_long_context|model.layers.16.self_attn.v_proj,x2,1,0.0327679999172687
smol360|cal_long_context|model.layers.16.self_attn.v_proj,x2,2,0.0307199992239475
smol360|cal_long_context|model.layers.16.self_attn.v_proj,weighted,0,0.0349120013415813
smol360|cal_long_context|model.layers.16.self_attn.v_proj,weighted,1,0.0327679999172687
smol360|cal_long_context|model.layers.16.self_attn.v_proj,weighted,2,0.0248319990932941
smol360|cal_long_context|model.layers.16.self_attn.o_proj,abs,0,0.0398080013692379
smol360|cal_long_context|model.layers.16.self_attn.o_proj,abs,1,0.0348160006105899
smol360|cal_long_context|model.layers.16.self_attn.o_proj,abs,2,0.0337920002639293
smol360|cal_long_context|model.layers.16.self_attn.o_proj,x2,0,0.0350399985909462
smol360|cal_long_context|model.layers.16.self_attn.o_proj,x2,1,0.0317439995706081
smol360|cal_long_context|model.layers.16.self_attn.o_proj,x2,2,0.029696000739932
smol360|cal_long_context|model.layers.16.self_attn.o_proj,weighted,0,0.038816001266241
smol360|cal_long_context|model.layers.16.self_attn.o_proj,weighted,1,0.0359040014445781
smol360|cal_long_context|model.layers.16.self_attn.o_proj,weighted,2,0.0266239996999502
smol360|cal_long_context|model.layers.16.mlp.gate_proj,abs,0,0.0295359995216131
smol360|cal_long_context|model.layers.16.mlp.gate_proj,abs,1,0.0264640003442764
smol360|cal_long_context|model.layers.16.mlp.gate_proj,abs,2,0.0235520005226135
smol360|cal_long_context|model.layers.16.mlp.gate_proj,x2,0,0.0255999993532896
smol360|cal_long_context|model.layers.16.mlp.gate_proj,x2,1,0.0225280001759529
smol360|cal_long_context|model.layers.16.mlp.gate_proj,x2,2,0.0225280001759529
smol360|cal_long_context|model.layers.16.mlp.gate_proj,weighted,0,0.0285439994186162
smol360|cal_long_context|model.layers.16.mlp.gate_proj,weighted,1,0.0319680012762546
smol360|cal_long_context|model.layers.16.mlp.gate_proj,weighted,2,0.029696000739932
smol360|cal_long_context|model.layers.16.mlp.up_proj,abs,0,0.0421440005302429
smol360|cal_long_context|model.layers.16.mlp.up_proj,abs,1,0.0338240005075931
smol360|cal_long_context|model.layers.16.mlp.up_proj,abs,2,0.0316479988396167
smol360|cal_long_context|model.layers.16.mlp.up_proj,x2,0,0.0440320000052452
smol360|cal_long_context|model.layers.16.mlp.up_proj,x2,1,0.0337920002639293
smol360|cal_long_context|model.layers.16.mlp.up_proj,x2,2,0.0317439995706081
smol360|cal_long_context|model.layers.16.mlp.up_proj,weighted,0,0.0389119982719421
smol360|cal_long_context|model.layers.16.mlp.up_proj,weighted,1,0.0378880016505718
smol360|cal_long_context|model.layers.16.mlp.up_proj,weighted,2,0.0409599989652633
smol360|cal_long_context|model.layers.16.mlp.down_proj,abs,0,0.0952320024371147
smol360|cal_long_context|model.layers.16.mlp.down_proj,abs,1,0.0594559982419014
smol360|cal_long_context|model.layers.16.mlp.down_proj,abs,2,0.0511999987065792
smol360|cal_long_context|model.layers.16.mlp.down_proj,x2,0,0.0511999987065792
smol360|cal_long_context|model.layers.16.mlp.down_proj,x2,1,0.0511999987065792
smol360|cal_long_context|model.layers.16.mlp.down_proj,x2,2,0.0501759983599185
smol360|cal_long_context|model.layers.16.mlp.down_proj,weighted,0,0.0532479993999004
smol360|cal_long_context|model.layers.16.mlp.down_proj,weighted,1,0.0532479993999004
smol360|cal_long_context|model.layers.16.mlp.down_proj,weighted,2,0.0532479993999004
smol360|cal_long_context|model.layers.31.self_attn.q_proj,abs,0,0.0880640000104904
smol360|cal_long_context|model.layers.31.self_attn.q_proj,abs,1,0.0307199992239475
smol360|cal_long_context|model.layers.31.self_attn.q_proj,abs,2,0.026655999943614
smol360|cal_long_context|model.layers.31.self_attn.q_proj,x2,0,0.0276480000466108
smol360|cal_long_context|model.layers.31.self_attn.q_proj,x2,1,0.0266239996999502
smol360|cal_long_context|model.layers.31.self_attn.q_proj,x2,2,0.0255999993532896
smol360|cal_long_context|model.layers.31.self_attn.q_proj,weighted,0,0.0317439995706081
smol360|cal_long_context|model.layers.31.self_attn.q_proj,weighted,1,0.0307199992239475
smol360|cal_long_context|model.layers.31.self_attn.q_proj,weighted,2,0.029696000739932
smol360|cal_long_context|model.layers.31.self_attn.k_proj,abs,0,0.047104001045227
smol360|cal_long_context|model.layers.31.self_attn.k_proj,abs,1,0.0307199992239475
smol360|cal_long_context|model.layers.31.self_attn.k_proj,abs,2,0.0276480000466108
smol360|cal_long_context|model.layers.31.self_attn.k_proj,x2,0,0.0398400016129016
smol360|cal_long_context|model.layers.31.self_attn.k_proj,x2,1,0.0247680004686117
smol360|cal_long_context|model.layers.31.self_attn.k_proj,x2,2,0.0234239995479583
smol360|cal_long_context|model.layers.31.self_attn.k_proj,weighted,0,0.0337920002639293
smol360|cal_long_context|model.layers.31.self_attn.k_proj,weighted,1,0.0286720003932714
smol360|cal_long_context|model.layers.31.self_attn.k_proj,weighted,2,0.027488000690937
smol360|cal_long_context|model.layers.31.self_attn.v_proj,abs,0,0.0358400009572505
smol360|cal_long_context|model.layers.31.self_attn.v_proj,abs,1,0.030944000929594
smol360|cal_long_context|model.layers.31.self_attn.v_proj,abs,2,0.0266239996999502
smol360|cal_long_context|model.layers.31.self_attn.v_proj,x2,0,0.0409599989652633
smol360|cal_long_context|model.layers.31.self_attn.v_proj,x2,1,0.0255040004849433
smol360|cal_long_context|model.layers.31.self_attn.v_proj,x2,2,0.0225280001759529
smol360|cal_long_context|model.layers.31.self_attn.v_proj,weighted,0,0.0287040006369352
smol360|cal_long_context|model.layers.31.self_attn.v_proj,weighted,1,0.0276480000466108
smol360|cal_long_context|model.layers.31.self_attn.v_proj,weighted,2,0.027488000690937
smol360|cal_long_context|model.layers.31.self_attn.o_proj,abs,0,0.061439998447895
smol360|cal_long_context|model.layers.31.self_attn.o_proj,abs,1,0.0726080015301704
smol360|cal_long_context|model.layers.31.self_attn.o_proj,abs,2,0.0583680011332035
smol360|cal_long_context|model.layers.31.self_attn.o_proj,x2,0,0.0757760033011436
smol360|cal_long_context|model.layers.31.self_attn.o_proj,x2,1,0.0655359998345375
smol360|cal_long_context|model.layers.31.self_attn.o_proj,x2,2,0.0634879991412162
smol360|cal_long_context|model.layers.31.self_attn.o_proj,weighted,0,0.0666880011558532
smol360|cal_long_context|model.layers.31.self_attn.o_proj,weighted,1,0.0593920014798641
smol360|cal_long_context|model.layers.31.self_attn.o_proj,weighted,2,0.0593920014798641
smol360|cal_long_context|model.layers.31.mlp.gate_proj,abs,0,0.0286720003932714
smol360|cal_long_context|model.layers.31.mlp.gate_proj,abs,1,0.0244800001382827
smol360|cal_long_context|model.layers.31.mlp.gate_proj,abs,2,0.0224959999322891
smol360|cal_long_context|model.layers.31.mlp.gate_proj,x2,0,0.0236159991472959
smol360|cal_long_context|model.layers.31.mlp.gate_proj,x2,1,0.0215039998292922
smol360|cal_long_context|model.layers.31.mlp.gate_proj,x2,2,0.0215039998292922
smol360|cal_long_context|model.layers.31.mlp.gate_proj,weighted,0,0.0286720003932714
smol360|cal_long_context|model.layers.31.mlp.gate_proj,weighted,1,0.02857599966228
smol360|cal_long_context|model.layers.31.mlp.gate_proj,weighted,2,0.0255999993532896
smol360|cal_long_context|model.layers.31.mlp.up_proj,abs,0,0.0377920009195804
smol360|cal_long_context|model.layers.31.mlp.up_proj,abs,1,0.0327679999172687
smol360|cal_long_context|model.layers.31.mlp.up_proj,abs,2,0.0358400009572505
smol360|cal_long_context|model.layers.31.mlp.up_proj,x2,0,0.0409599989652633
smol360|cal_long_context|model.layers.31.mlp.up_proj,x2,1,0.0316479988396167
smol360|cal_long_context|model.layers.31.mlp.up_proj,x2,2,0.0286720003932714
smol360|cal_long_context|model.layers.31.mlp.up_proj,weighted,0,0.0359360016882419
smol360|cal_long_context|model.layers.31.mlp.up_proj,weighted,1,0.0350079983472824
smol360|cal_long_context|model.layers.31.mlp.up_proj,weighted,2,0.0348160006105899
smol360|cal_long_context|model.layers.31.mlp.down_proj,abs,0,0.0439359992742538
smol360|cal_long_context|model.layers.31.mlp.down_proj,abs,1,0.0358400009572505
smol360|cal_long_context|model.layers.31.mlp.down_proj,abs,2,0.0337920002639293
smol360|cal_long_context|model.layers.31.mlp.down_proj,x2,0,0.0511999987065792
smol360|cal_long_context|model.layers.31.mlp.down_proj,x2,1,0.0511999987065792
smol360|cal_long_context|model.layers.31.mlp.down_proj,x2,2,0.0511999987065792
smol360|cal_long_context|model.layers.31.mlp.down_proj,weighted,0,0.0645119994878768
smol360|cal_long_context|model.layers.31.mlp.down_proj,weighted,1,0.0583680011332035
smol360|cal_long_context|model.layers.31.mlp.down_proj,weighted,2,0.0522239990532398
smol360|test_short_korean|model.layers.0.self_attn.q_proj,abs,0,0.0257600005716085
smol360|test_short_korean|model.layers.0.self_attn.q_proj,abs,1,0.0235520005226135
smol360|test_short_korean|model.layers.0.self_attn.q_proj,abs,2,0.0222399998456239
smol360|test_short_korean|model.layers.0.self_attn.q_proj,x2,0,0.0235520005226135
smol360|test_short_korean|model.layers.0.self_attn.q_proj,x2,1,0.020703999325633
smol360|test_short_korean|model.layers.0.self_attn.q_proj,x2,2,0.0215039998292922
smol360|test_short_korean|model.layers.0.self_attn.q_proj,weighted,0,0.0286720003932714
smol360|test_short_korean|model.layers.0.self_attn.q_proj,weighted,1,0.0255999993532896
smol360|test_short_korean|model.layers.0.self_attn.q_proj,weighted,2,0.0286720003932714
smol360|test_short_korean|model.layers.0.self_attn.k_proj,abs,0,0.0583680011332035
smol360|test_short_korean|model.layers.0.self_attn.k_proj,abs,1,0.0571519993245601
smol360|test_short_korean|model.layers.0.self_attn.k_proj,abs,2,0.0340159982442855
smol360|test_short_korean|model.layers.0.self_attn.k_proj,x2,0,0.0368640013039112
smol360|test_short_korean|model.layers.0.self_attn.k_proj,x2,1,0.0347199998795986
smol360|test_short_korean|model.layers.0.self_attn.k_proj,x2,2,0.0307199992239475
smol360|test_short_korean|model.layers.0.self_attn.k_proj,weighted,0,0.0494079999625682
smol360|test_short_korean|model.layers.0.self_attn.k_proj,weighted,1,0.0463679991662502
smol360|test_short_korean|model.layers.0.self_attn.k_proj,weighted,2,0.047104001045227
smol360|test_short_korean|model.layers.0.self_attn.v_proj,abs,0,0.0306240003556013
smol360|test_short_korean|model.layers.0.self_attn.v_proj,abs,1,0.0235520005226135
smol360|test_short_korean|model.layers.0.self_attn.v_proj,abs,2,0.0234559997916221
smol360|test_short_korean|model.layers.0.self_attn.v_proj,x2,0,0.0235520005226135
smol360|test_short_korean|model.layers.0.self_attn.v_proj,x2,1,0.0215039998292922
smol360|test_short_korean|model.layers.0.self_attn.v_proj,x2,2,0.0207679998129606
smol360|test_short_korean|model.layers.0.self_attn.v_proj,weighted,0,0.0276480000466108
smol360|test_short_korean|model.layers.0.self_attn.v_proj,weighted,1,0.0267520006746053
smol360|test_short_korean|model.layers.0.self_attn.v_proj,weighted,2,0.0265599992126226
smol360|test_short_korean|model.layers.0.self_attn.o_proj,abs,0,0.0461760014295578
smol360|test_short_korean|model.layers.0.self_attn.o_proj,abs,1,0.0378880016505718
smol360|test_short_korean|model.layers.0.self_attn.o_proj,abs,2,0.0347840003669261
smol360|test_short_korean|model.layers.0.self_attn.o_proj,x2,0,0.036031998693943
smol360|test_short_korean|model.layers.0.self_attn.o_proj,x2,1,0.0337600000202655
smol360|test_short_korean|model.layers.0.self_attn.o_proj,x2,2,0.0326079986989498
smol360|test_short_korean|model.layers.0.self_attn.o_proj,weighted,0,0.0441280007362365
smol360|test_short_korean|model.layers.0.self_attn.o_proj,weighted,1,0.0532479993999004
smol360|test_short_korean|model.layers.0.self_attn.o_proj,weighted,2,0.0489600002765655
smol360|test_short_korean|model.layers.0.mlp.gate_proj,abs,0,0.0439359992742538
smol360|test_short_korean|model.layers.0.mlp.gate_proj,abs,1,0.0358400009572505
smol360|test_short_korean|model.layers.0.mlp.gate_proj,abs,2,0.0317759998142719
smol360|test_short_korean|model.layers.0.mlp.gate_proj,x2,0,0.047104001045227
smol360|test_short_korean|model.layers.0.mlp.gate_proj,x2,1,0.0319360010325908
smol360|test_short_korean|model.layers.0.mlp.gate_proj,x2,2,0.0307839997112751
smol360|test_short_korean|model.layers.0.mlp.gate_proj,weighted,0,0.0501759983599185
smol360|test_short_korean|model.layers.0.mlp.gate_proj,weighted,1,0.0430079996585845
smol360|test_short_korean|model.layers.0.mlp.gate_proj,weighted,2,0.047104001045227
smol360|test_short_korean|model.layers.0.mlp.up_proj,abs,0,0.0583680011332035
smol360|test_short_korean|model.layers.0.mlp.up_proj,abs,1,0.0449599996209144
smol360|test_short_korean|model.layers.0.mlp.up_proj,abs,2,0.0378880016505718
smol360|test_short_korean|model.layers.0.mlp.up_proj,x2,0,0.0534400008618831
smol360|test_short_korean|model.layers.0.mlp.up_proj,x2,1,0.0286720003932714
smol360|test_short_korean|model.layers.0.mlp.up_proj,x2,2,0.0266880001872777
smol360|test_short_korean|model.layers.0.mlp.up_proj,weighted,0,0.0286720003932714
smol360|test_short_korean|model.layers.0.mlp.up_proj,weighted,1,0.0277440007776021
smol360|test_short_korean|model.layers.0.mlp.up_proj,weighted,2,0.0257600005716085
smol360|test_short_korean|model.layers.0.mlp.down_proj,abs,0,0.0819199979305267
smol360|test_short_korean|model.layers.0.mlp.down_proj,abs,1,0.0582400001585483
smol360|test_short_korean|model.layers.0.mlp.down_proj,abs,2,0.0440320000052452
smol360|test_short_korean|model.layers.0.mlp.down_proj,x2,0,0.0431040003895759
smol360|test_short_korean|model.layers.0.mlp.down_proj,x2,1,0.0419839993119239
smol360|test_short_korean|model.layers.0.mlp.down_proj,x2,2,0.0378880016505718
smol360|test_short_korean|model.layers.0.mlp.down_proj,weighted,0,0.044064000248909
smol360|test_short_korean|model.layers.0.mlp.down_proj,weighted,1,0.0431360006332397
smol360|test_short_korean|model.layers.0.mlp.down_proj,weighted,2,0.0440320000052452
smol360|test_short_korean|model.layers.16.self_attn.q_proj,abs,0,0.036031998693943
smol360|test_short_korean|model.layers.16.self_attn.q_proj,abs,1,0.0237440001219511
smol360|test_short_korean|model.layers.16.self_attn.q_proj,abs,2,0.0225280001759529
smol360|test_short_korean|model.layers.16.self_attn.q_proj,x2,0,0.0236479993909597
smol360|test_short_korean|model.layers.16.self_attn.q_proj,x2,1,0.0225280001759529
smol360|test_short_korean|model.layers.16.self_attn.q_proj,x2,2,0.0215039998292922
smol360|test_short_korean|model.layers.16.self_attn.q_proj,weighted,0,0.0274240002036094
smol360|test_short_korean|model.layers.16.self_attn.q_proj,weighted,1,0.0273919999599456
smol360|test_short_korean|model.layers.16.self_attn.q_proj,weighted,2,0.0256319995969533
smol360|test_short_korean|model.layers.16.self_attn.k_proj,abs,0,0.0634879991412162
smol360|test_short_korean|model.layers.16.self_attn.k_proj,abs,1,0.0440320000052452
smol360|test_short_korean|model.layers.16.self_attn.k_proj,abs,2,0.0368640013039112
smol360|test_short_korean|model.layers.16.self_attn.k_proj,x2,0,0.0358400009572505
smol360|test_short_korean|model.layers.16.self_attn.k_proj,x2,1,0.0348160006105899
smol360|test_short_korean|model.layers.16.self_attn.k_proj,x2,2,0.031904000788927
smol360|test_short_korean|model.layers.16.self_attn.k_proj,weighted,0,0.0481280013918876
smol360|test_short_korean|model.layers.16.self_attn.k_proj,weighted,1,0.0409599989652633
smol360|test_short_korean|model.layers.16.self_attn.k_proj,weighted,2,0.0389119982719421
smol360|test_short_korean|model.layers.16.self_attn.v_proj,abs,0,0.0453759990632534
smol360|test_short_korean|model.layers.16.self_attn.v_proj,abs,1,0.0368640013039112
smol360|test_short_korean|model.layers.16.self_attn.v_proj,abs,2,0.0348160006105899
smol360|test_short_korean|model.layers.16.self_attn.v_proj,x2,0,0.0348160006105899
smol360|test_short_korean|model.layers.16.self_attn.v_proj,x2,1,0.0327679999172687
smol360|test_short_korean|model.layers.16.self_attn.v_proj,x2,2,0.0327679999172687
smol360|test_short_korean|model.layers.16.self_attn.v_proj,weighted,0,0.0430079996585845
smol360|test_short_korean|model.layers.16.self_attn.v_proj,weighted,1,0.0389119982719421
smol360|test_short_korean|model.layers.16.self_attn.v_proj,weighted,2,0.0368640013039112
smol360|test_short_korean|model.layers.16.self_attn.o_proj,abs,0,0.0674559995532035
smol360|test_short_korean|model.layers.16.self_attn.o_proj,abs,1,0.0564480014145374
smol360|test_short_korean|model.layers.16.self_attn.o_proj,abs,2,0.0460800006985664
smol360|test_short_korean|model.layers.16.self_attn.o_proj,x2,0,0.0573440007865428
smol360|test_short_korean|model.layers.16.self_attn.o_proj,x2,1,0.047104001045227
smol360|test_short_korean|model.layers.16.self_attn.o_proj,x2,2,0.0419839993119239
smol360|test_short_korean|model.layers.16.self_attn.o_proj,weighted,0,0.0490560010075569
smol360|test_short_korean|model.layers.16.self_attn.o_proj,weighted,1,0.0337920002639293
smol360|test_short_korean|model.layers.16.self_attn.o_proj,weighted,2,0.0276480000466108
smol360|test_short_korean|model.layers.16.mlp.gate_proj,abs,0,0.0327679999172687
smol360|test_short_korean|model.layers.16.mlp.gate_proj,abs,1,0.0307199992239475
smol360|test_short_korean|model.layers.16.mlp.gate_proj,abs,2,0.0277759991586208
smol360|test_short_korean|model.layers.16.mlp.gate_proj,x2,0,0.0421120002865791
smol360|test_short_korean|model.layers.16.mlp.gate_proj,x2,1,0.0307199992239475
smol360|test_short_korean|model.layers.16.mlp.gate_proj,x2,2,0.026528000831604
smol360|test_short_korean|model.layers.16.mlp.gate_proj,weighted,0,0.0267840009182691
smol360|test_short_korean|model.layers.16.mlp.gate_proj,weighted,1,0.0266239996999502
smol360|test_short_korean|model.layers.16.mlp.gate_proj,weighted,2,0.0255999993532896
smol360|test_short_korean|model.layers.16.mlp.up_proj,abs,0,0.0337920002639293
smol360|test_short_korean|model.layers.16.mlp.up_proj,abs,1,0.0287040006369352
smol360|test_short_korean|model.layers.16.mlp.up_proj,abs,2,0.0266239996999502
smol360|test_short_korean|model.layers.16.mlp.up_proj,x2,0,0.0430079996585845
smol360|test_short_korean|model.layers.16.mlp.up_proj,x2,1,0.0317439995706081
smol360|test_short_korean|model.layers.16.mlp.up_proj,x2,2,0.047104001045227
smol360|test_short_korean|model.layers.16.mlp.up_proj,weighted,0,0.0419839993119239
smol360|test_short_korean|model.layers.16.mlp.up_proj,weighted,1,0.0358400009572505
smol360|test_short_korean|model.layers.16.mlp.up_proj,weighted,2,0.0450560003519058
smol360|test_short_korean|model.layers.16.mlp.down_proj,abs,0,0.036991998553276
smol360|test_short_korean|model.layers.16.mlp.down_proj,abs,1,0.0286720003932714
smol360|test_short_korean|model.layers.16.mlp.down_proj,abs,2,0.0275199990719556
smol360|test_short_korean|model.layers.16.mlp.down_proj,x2,0,0.0337920002639293
smol360|test_short_korean|model.layers.16.mlp.down_proj,x2,1,0.0359040014445781
smol360|test_short_korean|model.layers.16.mlp.down_proj,x2,2,0.0337920002639293
smol360|test_short_korean|model.layers.16.mlp.down_proj,weighted,0,0.0337920002639293
smol360|test_short_korean|model.layers.16.mlp.down_proj,weighted,1,0.0358400009572505
smol360|test_short_korean|model.layers.16.mlp.down_proj,weighted,2,0.0358400009572505
smol360|test_short_korean|model.layers.31.self_attn.q_proj,abs,0,0.0288319997489452
smol360|test_short_korean|model.layers.31.self_attn.q_proj,abs,1,0.0245760008692741
smol360|test_short_korean|model.layers.31.self_attn.q_proj,abs,2,0.0225280001759529
smol360|test_short_korean|model.layers.31.self_attn.q_proj,x2,0,0.0226240009069442
smol360|test_short_korean|model.layers.31.self_attn.q_proj,x2,1,0.0225280001759529
smol360|test_short_korean|model.layers.31.self_attn.q_proj,x2,2,0.0215039998292922
smol360|test_short_korean|model.layers.31.self_attn.q_proj,weighted,0,0.026528000831604
smol360|test_short_korean|model.layers.31.self_attn.q_proj,weighted,1,0.0256639998406171
smol360|test_short_korean|model.layers.31.self_attn.q_proj,weighted,2,0.0266239996999502
smol360|test_short_korean|model.layers.31.self_attn.k_proj,abs,0,0.0378880016505718
smol360|test_short_korean|model.layers.31.self_attn.k_proj,abs,1,0.0317439995706081
smol360|test_short_korean|model.layers.31.self_attn.k_proj,abs,2,0.028736000880599
smol360|test_short_korean|model.layers.31.self_attn.k_proj,x2,0,0.0317439995706081
smol360|test_short_korean|model.layers.31.self_attn.k_proj,x2,1,0.029696000739932
smol360|test_short_korean|model.layers.31.self_attn.k_proj,x2,2,0.0326399989426136
smol360|test_short_korean|model.layers.31.self_attn.k_proj,weighted,0,0.0265599992126226
smol360|test_short_korean|model.layers.31.self_attn.k_proj,weighted,1,0.0276480000466108
smol360|test_short_korean|model.layers.31.self_attn.k_proj,weighted,2,0.0245760008692741
smol360|test_short_korean|model.layers.31.self_attn.v_proj,abs,0,0.0390079990029335
smol360|test_short_korean|model.layers.31.self_attn.v_proj,abs,1,0.033695999532938
smol360|test_short_korean|model.layers.31.self_attn.v_proj,abs,2,0.029696000739932
smol360|test_short_korean|model.layers.31.self_attn.v_proj,x2,0,0.0309120006859302
smol360|test_short_korean|model.layers.31.self_attn.v_proj,x2,1,0.0286720003932714
smol360|test_short_korean|model.layers.31.self_attn.v_proj,x2,2,0.0286720003932714
smol360|test_short_korean|model.layers.31.self_attn.v_proj,weighted,0,0.0348160006105899
smol360|test_short_korean|model.layers.31.self_attn.v_proj,weighted,1,0.0346239991486072
smol360|test_short_korean|model.layers.31.self_attn.v_proj,weighted,2,0.0337920002639293
smol360|test_short_korean|model.layers.31.self_attn.o_proj,abs,0,0.036991998553276
smol360|test_short_korean|model.layers.31.self_attn.o_proj,abs,1,0.029696000739932
smol360|test_short_korean|model.layers.31.self_attn.o_proj,abs,2,0.0276480000466108
smol360|test_short_korean|model.layers.31.self_attn.o_proj,x2,0,0.0286720003932714
smol360|test_short_korean|model.layers.31.self_attn.o_proj,x2,1,0.0266239996999502
smol360|test_short_korean|model.layers.31.self_attn.o_proj,x2,2,0.0255999993532896
smol360|test_short_korean|model.layers.31.self_attn.o_proj,weighted,0,0.0317439995706081
smol360|test_short_korean|model.layers.31.self_attn.o_proj,weighted,1,0.0317439995706081
smol360|test_short_korean|model.layers.31.self_attn.o_proj,weighted,2,0.029696000739932
smol360|test_short_korean|model.layers.31.mlp.gate_proj,abs,0,0.0327679999172687
smol360|test_short_korean|model.layers.31.mlp.gate_proj,abs,1,0.0307199992239475
smol360|test_short_korean|model.layers.31.mlp.gate_proj,abs,2,0.0266239996999502
smol360|test_short_korean|model.layers.31.mlp.gate_proj,x2,0,0.0294720008969306
smol360|test_short_korean|model.layers.31.mlp.gate_proj,x2,1,0.0276480000466108
smol360|test_short_korean|model.layers.31.mlp.gate_proj,x2,2,0.0430079996585845
smol360|test_short_korean|model.layers.31.mlp.gate_proj,weighted,0,0.0369599983096122
smol360|test_short_korean|model.layers.31.mlp.gate_proj,weighted,1,0.0460480004549026
smol360|test_short_korean|model.layers.31.mlp.gate_proj,weighted,2,0.0278399996459484
smol360|test_short_korean|model.layers.31.mlp.up_proj,abs,0,0.0399359986186027
smol360|test_short_korean|model.layers.31.mlp.up_proj,abs,1,0.0286720003932714
smol360|test_short_korean|model.layers.31.mlp.up_proj,abs,2,0.0266239996999502
smol360|test_short_korean|model.layers.31.mlp.up_proj,x2,0,0.0409599989652633
smol360|test_short_korean|model.layers.31.mlp.up_proj,x2,1,0.0286720003932714
smol360|test_short_korean|model.layers.31.mlp.up_proj,x2,2,0.0276480000466108
smol360|test_short_korean|model.layers.31.mlp.up_proj,weighted,0,0.0348160006105899
smol360|test_short_korean|model.layers.31.mlp.up_proj,weighted,1,0.0328000001609325
smol360|test_short_korean|model.layers.31.mlp.up_proj,weighted,2,0.0326719991862773
smol360|test_short_korean|model.layers.31.mlp.down_proj,abs,0,0.0450560003519058
smol360|test_short_korean|model.layers.31.mlp.down_proj,abs,1,0.0297599993646144
smol360|test_short_korean|model.layers.31.mlp.down_proj,abs,2,0.029696000739932
smol360|test_short_korean|model.layers.31.mlp.down_proj,x2,0,0.0389119982719421
smol360|test_short_korean|model.layers.31.mlp.down_proj,x2,1,0.0348160006105899
smol360|test_short_korean|model.layers.31.mlp.down_proj,x2,2,0.033695999532938
smol360|test_short_korean|model.layers.31.mlp.down_proj,weighted,0,0.0357119999825954
smol360|test_short_korean|model.layers.31.mlp.down_proj,weighted,1,0.0440320000052452
smol360|test_short_korean|model.layers.31.mlp.down_proj,weighted,2,0.0520960018038749
smol360|test_medium_code|model.layers.0.self_attn.q_proj,abs,0,0.0253759995102882
smol360|test_medium_code|model.layers.0.self_attn.q_proj,abs,1,0.0225600004196167
smol360|test_medium_code|model.layers.0.self_attn.q_proj,abs,2,0.0214399993419647
smol360|test_medium_code|model.layers.0.self_attn.q_proj,x2,0,0.0225280001759529
smol360|test_medium_code|model.layers.0.self_attn.q_proj,x2,1,0.0204799994826316
smol360|test_medium_code|model.layers.0.self_attn.q_proj,x2,2,0.0204479992389678
smol360|test_medium_code|model.layers.0.self_attn.q_proj,weighted,0,0.0276480000466108
smol360|test_medium_code|model.layers.0.self_attn.q_proj,weighted,1,0.0247680004686117
smol360|test_medium_code|model.layers.0.self_attn.q_proj,weighted,2,0.0246079992502927
smol360|test_medium_code|model.layers.0.self_attn.k_proj,abs,0,0.0389119982719421
smol360|test_medium_code|model.layers.0.self_attn.k_proj,abs,1,0.0296000000089406
smol360|test_medium_code|model.layers.0.self_attn.k_proj,abs,2,0.0257280003279447
smol360|test_medium_code|model.layers.0.self_attn.k_proj,x2,0,0.02857599966228
smol360|test_medium_code|model.layers.0.self_attn.k_proj,x2,1,0.0266239996999502
smol360|test_medium_code|model.layers.0.self_attn.k_proj,x2,2,0.0255999993532896
smol360|test_medium_code|model.layers.0.self_attn.k_proj,weighted,0,0.0317439995706081
smol360|test_medium_code|model.layers.0.self_attn.k_proj,weighted,1,0.029823999851942
smol360|test_medium_code|model.layers.0.self_attn.k_proj,weighted,2,0.0307199992239475
smol360|test_medium_code|model.layers.0.self_attn.v_proj,abs,0,0.0327679999172687
smol360|test_medium_code|model.layers.0.self_attn.v_proj,abs,1,0.0337920002639293
smol360|test_medium_code|model.layers.0.self_attn.v_proj,abs,2,0.0255999993532896
smol360|test_medium_code|model.layers.0.self_attn.v_proj,x2,0,0.0389119982719421
smol360|test_medium_code|model.layers.0.self_attn.v_proj,x2,1,0.0277440007776021
smol360|test_medium_code|model.layers.0.self_attn.v_proj,x2,2,0.0245760008692741
smol360|test_medium_code|model.layers.0.self_attn.v_proj,weighted,0,0.0307199992239475
smol360|test_medium_code|model.layers.0.self_attn.v_proj,weighted,1,0.029696000739932
smol360|test_medium_code|model.layers.0.self_attn.v_proj,weighted,2,0.0286720003932714
smol360|test_medium_code|model.layers.0.self_attn.o_proj,abs,0,0.0320639982819557
smol360|test_medium_code|model.layers.0.self_attn.o_proj,abs,1,0.0276480000466108
smol360|test_medium_code|model.layers.0.self_attn.o_proj,abs,2,0.0248000007122755
smol360|test_medium_code|model.layers.0.self_attn.o_proj,x2,0,0.0228160005062818
smol360|test_medium_code|model.layers.0.self_attn.o_proj,x2,1,0.0204799994826316
smol360|test_medium_code|model.layers.0.self_attn.o_proj,x2,2,0.0194879993796348
smol360|test_medium_code|model.layers.0.self_attn.o_proj,weighted,0,0.0248319990932941
smol360|test_medium_code|model.layers.0.self_attn.o_proj,weighted,1,0.0245760008692741
smol360|test_medium_code|model.layers.0.self_attn.o_proj,weighted,2,0.0245120003819465
smol360|test_medium_code|model.layers.0.mlp.gate_proj,abs,0,0.0368640013039112
smol360|test_medium_code|model.layers.0.mlp.gate_proj,abs,1,0.0460800006985664
smol360|test_medium_code|model.layers.0.mlp.gate_proj,abs,2,0.047104001045227
smol360|test_medium_code|model.layers.0.mlp.gate_proj,x2,0,0.0379519984126091
smol360|test_medium_code|model.layers.0.mlp.gate_proj,x2,1,0.0481919981539249
smol360|test_medium_code|model.layers.0.mlp.gate_proj,x2,2,0.0368640013039112
smol360|test_medium_code|model.layers.0.mlp.gate_proj,weighted,0,0.0368640013039112
smol360|test_medium_code|model.layers.0.mlp.gate_proj,weighted,1,0.0357119999825954
smol360|test_medium_code|model.layers.0.mlp.gate_proj,weighted,2,0.0338880009949207
smol360|test_medium_code|model.layers.0.mlp.up_proj,abs,0,0.0329280011355876
smol360|test_medium_code|model.layers.0.mlp.up_proj,abs,1,0.0276480000466108
smol360|test_medium_code|model.layers.0.mlp.up_proj,abs,2,0.0266239996999502
smol360|test_medium_code|model.layers.0.mlp.up_proj,x2,0,0.0286720003932714
smol360|test_medium_code|model.layers.0.mlp.up_proj,x2,1,0.0307199992239475
smol360|test_medium_code|model.layers.0.mlp.up_proj,x2,2,0.0358400009572505
smol360|test_medium_code|model.layers.0.mlp.up_proj,weighted,0,0.0542399995028972
smol360|test_medium_code|model.layers.0.mlp.up_proj,weighted,1,0.0359999984502792
smol360|test_medium_code|model.layers.0.mlp.up_proj,weighted,2,0.0315839983522892
smol360|test_medium_code|model.layers.0.mlp.down_proj,abs,0,0.040863998234272
smol360|test_medium_code|model.layers.0.mlp.down_proj,abs,1,0.0348160006105899
smol360|test_medium_code|model.layers.0.mlp.down_proj,abs,2,0.0305599998682737
smol360|test_medium_code|model.layers.0.mlp.down_proj,x2,0,0.0460800006985664
smol360|test_medium_code|model.layers.0.mlp.down_proj,x2,1,0.0327679999172687
smol360|test_medium_code|model.layers.0.mlp.down_proj,x2,2,0.0317439995706081
smol360|test_medium_code|model.layers.0.mlp.down_proj,weighted,0,0.029696000739932
smol360|test_medium_code|model.layers.0.mlp.down_proj,weighted,1,0.0277120005339384
smol360|test_medium_code|model.layers.0.mlp.down_proj,weighted,2,0.0275199990719556
smol360|test_medium_code|model.layers.16.self_attn.q_proj,abs,0,0.0348160006105899
smol360|test_medium_code|model.layers.16.self_attn.q_proj,abs,1,0.0245760008692741
smol360|test_medium_code|model.layers.16.self_attn.q_proj,abs,2,0.0225280001759529
smol360|test_medium_code|model.layers.16.self_attn.q_proj,x2,0,0.0235520005226135
smol360|test_medium_code|model.layers.16.self_attn.q_proj,x2,1,0.0235520005226135
smol360|test_medium_code|model.layers.16.self_attn.q_proj,x2,2,0.0225280001759529
smol360|test_medium_code|model.layers.16.self_attn.q_proj,weighted,0,0.0255999993532896
smol360|test_medium_code|model.layers.16.self_attn.q_proj,weighted,1,0.0246079992502927
smol360|test_medium_code|model.layers.16.self_attn.q_proj,weighted,2,0.0255999993532896
smol360|test_medium_code|model.layers.16.self_attn.k_proj,abs,0,0.0389119982719421
smol360|test_medium_code|model.layers.16.self_attn.k_proj,abs,1,0.031904000788927
smol360|test_medium_code|model.layers.16.self_attn.k_proj,abs,2,0.0304959993809461
smol360|test_medium_code|model.layers.16.self_attn.k_proj,x2,0,0.0278079994022846
smol360|test_medium_code|model.layers.16.self_attn.k_proj,x2,1,0.0215039998292922
smol360|test_medium_code|model.layers.16.self_attn.k_proj,x2,2,0.0205439999699592
smol360|test_medium_code|model.layers.16.self_attn.k_proj,weighted,0,0.0276480000466108
smol360|test_medium_code|model.layers.16.self_attn.k_proj,weighted,1,0.0255999993532896
smol360|test_medium_code|model.layers.16.self_attn.k_proj,weighted,2,0.0276800002902746
smol360|test_medium_code|model.layers.16.self_attn.v_proj,abs,0,0.0348160006105899
smol360|test_medium_code|model.layers.16.self_attn.v_proj,abs,1,0.0286720003932714
smol360|test_medium_code|model.layers.16.self_attn.v_proj,abs,2,0.0255999993532896
smol360|test_medium_code|model.layers.16.self_attn.v_proj,x2,0,0.0276480000466108
smol360|test_medium_code|model.layers.16.self_attn.v_proj,x2,1,0.0266239996999502
smol360|test_medium_code|model.layers.16.self_attn.v_proj,x2,2,0.0255999993532896
smol360|test_medium_code|model.layers.16.self_attn.v_proj,weighted,0,0.0327679999172687
smol360|test_medium_code|model.layers.16.self_attn.v_proj,weighted,1,0.0299200005829334
smol360|test_medium_code|model.layers.16.self_attn.v_proj,weighted,2,0.0368640013039112
smol360|test_medium_code|model.layers.16.self_attn.o_proj,abs,0,0.0327679999172687
smol360|test_medium_code|model.layers.16.self_attn.o_proj,abs,1,0.0245760008692741
smol360|test_medium_code|model.layers.16.self_attn.o_proj,abs,2,0.0522239990532398
smol360|test_medium_code|model.layers.16.self_attn.o_proj,x2,0,0.0245760008692741
smol360|test_medium_code|model.layers.16.self_attn.o_proj,x2,1,0.0225280001759529
smol360|test_medium_code|model.layers.16.self_attn.o_proj,x2,2,0.0214399993419647
smol360|test_medium_code|model.layers.16.self_attn.o_proj,weighted,0,0.0266239996999502
smol360|test_medium_code|model.layers.16.self_attn.o_proj,weighted,1,0.029696000739932
smol360|test_medium_code|model.layers.16.self_attn.o_proj,weighted,2,0.0255999993532896
smol360|test_medium_code|model.layers.16.mlp.gate_proj,abs,0,0.0328960008919239
smol360|test_medium_code|model.layers.16.mlp.gate_proj,abs,1,0.0216959994286298
smol360|test_medium_code|model.layers.16.mlp.gate_proj,abs,2,0.0216000005602836
smol360|test_medium_code|model.layers.16.mlp.gate_proj,x2,0,0.0235520005226135
smol360|test_medium_code|model.layers.16.mlp.gate_proj,x2,1,0.0225280001759529
smol360|test_medium_code|model.layers.16.mlp.gate_proj,x2,2,0.021536000072956
smol360|test_medium_code|model.layers.16.mlp.gate_proj,weighted,0,0.0274560004472732
smol360|test_medium_code|model.layers.16.mlp.gate_proj,weighted,1,0.0264320001006126
smol360|test_medium_code|model.layers.16.mlp.gate_proj,weighted,2,0.0255999993532896
smol360|test_medium_code|model.layers.16.mlp.up_proj,abs,0,0.0409599989652633
smol360|test_medium_code|model.layers.16.mlp.up_proj,abs,1,0.0299200005829334
smol360|test_medium_code|model.layers.16.mlp.up_proj,abs,2,0.0276480000466108
smol360|test_medium_code|model.layers.16.mlp.up_proj,x2,0,0.0286720003932714
smol360|test_medium_code|model.layers.16.mlp.up_proj,x2,1,0.0266239996999502
smol360|test_medium_code|model.layers.16.mlp.up_proj,x2,2,0.0267840009182691
smol360|test_medium_code|model.layers.16.mlp.up_proj,weighted,0,0.0317439995706081
smol360|test_medium_code|model.layers.16.mlp.up_proj,weighted,1,0.0327679999172687
smol360|test_medium_code|model.layers.16.mlp.up_proj,weighted,2,0.0307199992239475
smol360|test_medium_code|model.layers.16.mlp.down_proj,abs,0,0.0409599989652633
smol360|test_medium_code|model.layers.16.mlp.down_proj,abs,1,0.0328320004045963
smol360|test_medium_code|model.layers.16.mlp.down_proj,abs,2,0.0306240003556013
smol360|test_medium_code|model.layers.16.mlp.down_proj,x2,0,0.0328960008919239
smol360|test_medium_code|model.layers.16.mlp.down_proj,x2,1,0.0255999993532896
smol360|test_medium_code|model.layers.16.mlp.down_proj,x2,2,0.0266239996999502
smol360|test_medium_code|model.layers.16.mlp.down_proj,weighted,0,0.0286720003932714
smol360|test_medium_code|model.layers.16.mlp.down_proj,weighted,1,0.0286720003932714
smol360|test_medium_code|model.layers.16.mlp.down_proj,weighted,2,0.0276480000466108
smol360|test_medium_code|model.layers.31.self_attn.q_proj,abs,0,0.0286720003932714
smol360|test_medium_code|model.layers.31.self_attn.q_proj,abs,1,0.0235520005226135
smol360|test_medium_code|model.layers.31.self_attn.q_proj,abs,2,0.0215039998292922
smol360|test_medium_code|model.layers.31.self_attn.q_proj,x2,0,0.0223040003329515
smol360|test_medium_code|model.layers.31.self_attn.q_proj,x2,1,0.0215039998292922
smol360|test_medium_code|model.layers.31.self_attn.q_proj,x2,2,0.0213440004736185
smol360|test_medium_code|model.layers.31.self_attn.q_proj,weighted,0,0.0255679991096258
smol360|test_medium_code|model.layers.31.self_attn.q_proj,weighted,1,0.0255999993532896
smol360|test_medium_code|model.layers.31.self_attn.q_proj,weighted,2,0.0255360007286071
smol360|test_medium_code|model.layers.31.self_attn.k_proj,abs,0,0.0452480018138885
smol360|test_medium_code|model.layers.31.self_attn.k_proj,abs,1,0.0287040006369352
smol360|test_medium_code|model.layers.31.self_attn.k_proj,abs,2,0.0317439995706081
smol360|test_medium_code|model.layers.31.self_attn.k_proj,x2,0,0.0276480000466108
smol360|test_medium_code|model.layers.31.self_attn.k_proj,x2,1,0.0255999993532896
smol360|test_medium_code|model.layers.31.self_attn.k_proj,x2,2,0.0255999993532896
smol360|test_medium_code|model.layers.31.self_attn.k_proj,weighted,0,0.0337920002639293
smol360|test_medium_code|model.layers.31.self_attn.k_proj,weighted,1,0.0295039992779493
smol360|test_medium_code|model.layers.31.self_attn.k_proj,weighted,2,0.0245760008692741
smol360|test_medium_code|model.layers.31.self_attn.v_proj,abs,0,0.0491520017385482
smol360|test_medium_code|model.layers.31.self_attn.v_proj,abs,1,0.0358400009572505
smol360|test_medium_code|model.layers.31.self_attn.v_proj,abs,2,0.0317759998142719
smol360|test_medium_code|model.layers.31.self_attn.v_proj,x2,0,0.029696000739932
smol360|test_medium_code|model.layers.31.self_attn.v_proj,x2,1,0.0255999993532896
smol360|test_medium_code|model.layers.31.self_attn.v_proj,x2,2,0.0235520005226135
smol360|test_medium_code|model.layers.31.self_attn.v_proj,weighted,0,0.0409599989652633
smol360|test_medium_code|model.layers.31.self_attn.v_proj,weighted,1,0.0348160006105899
smol360|test_medium_code|model.layers.31.self_attn.v_proj,weighted,2,0.029696000739932
smol360|test_medium_code|model.layers.31.self_attn.o_proj,abs,0,0.0335999988019466
smol360|test_medium_code|model.layers.31.self_attn.o_proj,abs,1,0.0268159992992877
smol360|test_medium_code|model.layers.31.self_attn.o_proj,abs,2,0.0246719997376203
smol360|test_medium_code|model.layers.31.self_attn.o_proj,x2,0,0.0237119998782873
smol360|test_medium_code|model.layers.31.self_attn.o_proj,x2,1,0.0223999992012977
smol360|test_medium_code|model.layers.31.self_attn.o_proj,x2,2,0.020576000213623
smol360|test_medium_code|model.layers.31.self_attn.o_proj,weighted,0,0.0296000000089406
smol360|test_medium_code|model.layers.31.self_attn.o_proj,weighted,1,0.0286720003932714
smol360|test_medium_code|model.layers.31.self_attn.o_proj,weighted,2,0.0317119993269443
smol360|test_medium_code|model.layers.31.mlp.gate_proj,abs,0,0.0337920002639293
smol360|test_medium_code|model.layers.31.mlp.gate_proj,abs,1,0.0286720003932714
smol360|test_medium_code|model.layers.31.mlp.gate_proj,abs,2,0.0264320001006126
smol360|test_medium_code|model.layers.31.mlp.gate_proj,x2,0,0.0278079994022846
smol360|test_medium_code|model.layers.31.mlp.gate_proj,x2,1,0.0265599992126226
smol360|test_medium_code|model.layers.31.mlp.gate_proj,x2,2,0.0255999993532896
smol360|test_medium_code|model.layers.31.mlp.gate_proj,weighted,0,0.0317439995706081
smol360|test_medium_code|model.layers.31.mlp.gate_proj,weighted,1,0.0317439995706081
smol360|test_medium_code|model.layers.31.mlp.gate_proj,weighted,2,0.0307199992239475
smol360|test_medium_code|model.layers.31.mlp.up_proj,abs,0,0.0358400009572505
smol360|test_medium_code|model.layers.31.mlp.up_proj,abs,1,0.029696000739932
smol360|test_medium_code|model.layers.31.mlp.up_proj,abs,2,0.0266239996999502
smol360|test_medium_code|model.layers.31.mlp.up_proj,x2,0,0.0276480000466108
smol360|test_medium_code|model.layers.31.mlp.up_proj,x2,1,0.0265919994562864
smol360|test_medium_code|model.layers.31.mlp.up_proj,x2,2,0.0256639998406171
smol360|test_medium_code|model.layers.31.mlp.up_proj,weighted,0,0.032575998455286
smol360|test_medium_code|model.layers.31.mlp.up_proj,weighted,1,0.0307199992239475
smol360|test_medium_code|model.layers.31.mlp.up_proj,weighted,2,0.0469439998269081
smol360|test_medium_code|model.layers.31.mlp.down_proj,abs,0,0.0450560003519058
smol360|test_medium_code|model.layers.31.mlp.down_proj,abs,1,0.0368640013039112
smol360|test_medium_code|model.layers.31.mlp.down_proj,abs,2,0.0327679999172687
smol360|test_medium_code|model.layers.31.mlp.down_proj,x2,0,0.0563200004398822
smol360|test_medium_code|model.layers.31.mlp.down_proj,x2,1,0.0532159991562366
smol360|test_medium_code|model.layers.31.mlp.down_proj,x2,2,0.0358400009572505
smol360|test_medium_code|model.layers.31.mlp.down_proj,weighted,0,0.0430079996585845
smol360|test_medium_code|model.layers.31.mlp.down_proj,weighted,1,0.0440320000052452
smol360|test_medium_code|model.layers.31.mlp.down_proj,weighted,2,0.0419839993119239
smol360|test_long_structured|model.layers.0.self_attn.q_proj,abs,0,0.0245760008692741
smol360|test_long_structured|model.layers.0.self_attn.q_proj,abs,1,0.0235200002789497
smol360|test_long_structured|model.layers.0.self_attn.q_proj,abs,2,0.0215039998292922
smol360|test_long_structured|model.layers.0.self_attn.q_proj,x2,0,0.0235520005226135
smol360|test_long_structured|model.layers.0.self_attn.q_proj,x2,1,0.0245440006256103
smol360|test_long_structured|model.layers.0.self_attn.q_proj,x2,2,0.0235520005226135
smol360|test_long_structured|model.layers.0.self_attn.q_proj,weighted,0,0.0255999993532896
smol360|test_long_structured|model.layers.0.self_attn.q_proj,weighted,1,0.0255999993532896
smol360|test_long_structured|model.layers.0.self_attn.q_proj,weighted,2,0.0266239996999502
smol360|test_long_structured|model.layers.0.self_attn.k_proj,abs,0,0.0480000004172325
smol360|test_long_structured|model.layers.0.self_attn.k_proj,abs,1,0.0400959998369216
smol360|test_long_structured|model.layers.0.self_attn.k_proj,abs,2,0.0368640013039112
smol360|test_long_structured|model.layers.0.self_attn.k_proj,x2,0,0.0440320000052452
smol360|test_long_structured|model.layers.0.self_attn.k_proj,x2,1,0.0409919992089271
smol360|test_long_structured|model.layers.0.self_attn.k_proj,x2,2,0.0408320017158985
smol360|test_long_structured|model.layers.0.self_attn.k_proj,weighted,0,0.0482559986412525
smol360|test_long_structured|model.layers.0.self_attn.k_proj,weighted,1,0.0481280013918876
smol360|test_long_structured|model.layers.0.self_attn.k_proj,weighted,2,0.0430079996585845
smol360|test_long_structured|model.layers.0.self_attn.v_proj,abs,0,0.0399359986186027
smol360|test_long_structured|model.layers.0.self_attn.v_proj,abs,1,0.0337920002639293
smol360|test_long_structured|model.layers.0.self_attn.v_proj,abs,2,0.029696000739932
smol360|test_long_structured|model.layers.0.self_attn.v_proj,x2,0,0.0389119982719421
smol360|test_long_structured|model.layers.0.self_attn.v_proj,x2,1,0.0317439995706081
smol360|test_long_structured|model.layers.0.self_attn.v_proj,x2,2,0.029696000739932
smol360|test_long_structured|model.layers.0.self_attn.v_proj,weighted,0,0.0378880016505718
smol360|test_long_structured|model.layers.0.self_attn.v_proj,weighted,1,0.0358400009572505
smol360|test_long_structured|model.layers.0.self_attn.v_proj,weighted,2,0.0368640013039112
smol360|test_long_structured|model.layers.0.self_attn.o_proj,abs,0,0.037856001406908
smol360|test_long_structured|model.layers.0.self_attn.o_proj,abs,1,0.0317759998142719
smol360|test_long_structured|model.layers.0.self_attn.o_proj,abs,2,0.029696000739932
smol360|test_long_structured|model.layers.0.self_attn.o_proj,x2,0,0.0317439995706081
smol360|test_long_structured|model.layers.0.self_attn.o_proj,x2,1,0.029696000739932
smol360|test_long_structured|model.layers.0.self_attn.o_proj,x2,2,0.029696000739932
smol360|test_long_structured|model.layers.0.self_attn.o_proj,weighted,0,0.0378880016505718
smol360|test_long_structured|model.layers.0.self_attn.o_proj,weighted,1,0.035776000469923
smol360|test_long_structured|model.layers.0.self_attn.o_proj,weighted,2,0.0358400009572505
smol360|test_long_structured|model.layers.0.mlp.gate_proj,abs,0,0.0430079996585845
smol360|test_long_structured|model.layers.0.mlp.gate_proj,abs,1,0.0378880016505718
smol360|test_long_structured|model.layers.0.mlp.gate_proj,abs,2,0.0337920002639293
smol360|test_long_structured|model.layers.0.mlp.gate_proj,x2,0,0.0450560003519058
smol360|test_long_structured|model.layers.0.mlp.gate_proj,x2,1,0.0307199992239475
smol360|test_long_structured|model.layers.0.mlp.gate_proj,x2,2,0.0255999993532896
smol360|test_long_structured|model.layers.0.mlp.gate_proj,weighted,0,0.0348160006105899
smol360|test_long_structured|model.layers.0.mlp.gate_proj,weighted,1,0.0317439995706081
smol360|test_long_structured|model.layers.0.mlp.gate_proj,weighted,2,0.0286720003932714
smol360|test_long_structured|model.layers.0.mlp.up_proj,abs,0,0.0337920002639293
smol360|test_long_structured|model.layers.0.mlp.up_proj,abs,1,0.028991999104619
smol360|test_long_structured|model.layers.0.mlp.up_proj,abs,2,0.0276480000466108
smol360|test_long_structured|model.layers.0.mlp.up_proj,x2,0,0.0348160006105899
smol360|test_long_structured|model.layers.0.mlp.up_proj,x2,1,0.0287679992616176
smol360|test_long_structured|model.layers.0.mlp.up_proj,x2,2,0.0276480000466108
smol360|test_long_structured|model.layers.0.mlp.up_proj,weighted,0,0.0330239981412887
smol360|test_long_structured|model.layers.0.mlp.up_proj,weighted,1,0.0326399989426136
smol360|test_long_structured|model.layers.0.mlp.up_proj,weighted,2,0.0318400003015995
smol360|test_long_structured|model.layers.0.mlp.down_proj,abs,0,0.0345919989049434
smol360|test_long_structured|model.layers.0.mlp.down_proj,abs,1,0.0286720003932714
smol360|test_long_structured|model.layers.0.mlp.down_proj,abs,2,0.0266239996999502
smol360|test_long_structured|model.layers.0.mlp.down_proj,x2,0,0.0624639987945556
smol360|test_long_structured|model.layers.0.mlp.down_proj,x2,1,0.0643839985132217
smol360|test_long_structured|model.layers.0.mlp.down_proj,x2,2,0.061439998447895
smol360|test_long_structured|model.layers.0.mlp.down_proj,weighted,0,0.0634239986538887
smol360|test_long_structured|model.layers.0.mlp.down_proj,weighted,1,0.0634879991412162
smol360|test_long_structured|model.layers.0.mlp.down_proj,weighted,2,0.0634879991412162
smol360|test_long_structured|model.layers.16.self_attn.q_proj,abs,0,0.0368640013039112
smol360|test_long_structured|model.layers.16.self_attn.q_proj,abs,1,0.029696000739932
smol360|test_long_structured|model.layers.16.self_attn.q_proj,abs,2,0.0255999993532896
smol360|test_long_structured|model.layers.16.self_attn.q_proj,x2,0,0.0255999993532896
smol360|test_long_structured|model.layers.16.self_attn.q_proj,x2,1,0.0245760008692741
smol360|test_long_structured|model.layers.16.self_attn.q_proj,x2,2,0.0245760008692741
smol360|test_long_structured|model.layers.16.self_attn.q_proj,weighted,0,0.0307199992239475
smol360|test_long_structured|model.layers.16.self_attn.q_proj,weighted,1,0.029696000739932
smol360|test_long_structured|model.layers.16.self_attn.q_proj,weighted,2,0.029696000739932
smol360|test_long_structured|model.layers.16.self_attn.k_proj,abs,0,0.0378880016505718
smol360|test_long_structured|model.layers.16.self_attn.k_proj,abs,1,0.0337920002639293
smol360|test_long_structured|model.layers.16.self_attn.k_proj,abs,2,0.0307199992239475
smol360|test_long_structured|model.layers.16.self_attn.k_proj,x2,0,0.0327679999172687
smol360|test_long_structured|model.layers.16.self_attn.k_proj,x2,1,0.0317439995706081
smol360|test_long_structured|model.layers.16.self_attn.k_proj,x2,2,0.029696000739932
smol360|test_long_structured|model.layers.16.self_attn.k_proj,weighted,0,0.0368640013039112
smol360|test_long_structured|model.layers.16.self_attn.k_proj,weighted,1,0.0348160006105899
smol360|test_long_structured|model.layers.16.self_attn.k_proj,weighted,2,0.0348160006105899
smol360|test_long_structured|model.layers.16.self_attn.v_proj,abs,0,0.0276480000466108
smol360|test_long_structured|model.layers.16.self_attn.v_proj,abs,1,0.0335679985582828
smol360|test_long_structured|model.layers.16.self_attn.v_proj,abs,2,0.0227199997752904
smol360|test_long_structured|model.layers.16.self_attn.v_proj,x2,0,0.0266239996999502
smol360|test_long_structured|model.layers.16.self_attn.v_proj,x2,1,0.0244479998946189
smol360|test_long_structured|model.layers.16.self_attn.v_proj,x2,2,0.0225280001759529
smol360|test_long_structured|model.layers.16.self_attn.v_proj,weighted,0,0.0266239996999502
smol360|test_long_structured|model.layers.16.self_attn.v_proj,weighted,1,0.0266239996999502
smol360|test_long_structured|model.layers.16.self_attn.v_proj,weighted,2,0.0256639998406171
smol360|test_long_structured|model.layers.16.self_attn.o_proj,abs,0,0.0368640013039112
smol360|test_long_structured|model.layers.16.self_attn.o_proj,abs,1,0.0286720003932714
smol360|test_long_structured|model.layers.16.self_attn.o_proj,abs,2,0.0276480000466108
smol360|test_long_structured|model.layers.16.self_attn.o_proj,x2,0,0.0491520017385482
smol360|test_long_structured|model.layers.16.self_attn.o_proj,x2,1,0.0337920002639293
smol360|test_long_structured|model.layers.16.self_attn.o_proj,x2,2,0.0266239996999502
smol360|test_long_structured|model.layers.16.self_attn.o_proj,weighted,0,0.0368640013039112
smol360|test_long_structured|model.layers.16.self_attn.o_proj,weighted,1,0.0307199992239475
smol360|test_long_structured|model.layers.16.self_attn.o_proj,weighted,2,0.029696000739932
smol360|test_long_structured|model.layers.16.mlp.gate_proj,abs,0,0.0337920002639293
smol360|test_long_structured|model.layers.16.mlp.gate_proj,abs,1,0.0296640004962682
smol360|test_long_structured|model.layers.16.mlp.gate_proj,abs,2,0.027488000690937
smol360|test_long_structured|model.layers.16.mlp.gate_proj,x2,0,0.045983999967575
smol360|test_long_structured|model.layers.16.mlp.gate_proj,x2,1,0.0297599993646144
smol360|test_long_structured|model.layers.16.mlp.gate_proj,x2,2,0.0266239996999502
smol360|test_long_structured|model.layers.16.mlp.gate_proj,weighted,0,0.0368640013039112
smol360|test_long_structured|model.layers.16.mlp.gate_proj,weighted,1,0.0327679999172687
smol360|test_long_structured|model.layers.16.mlp.gate_proj,weighted,2,0.0255999993532896
smol360|test_long_structured|model.layers.16.mlp.up_proj,abs,0,0.0337920002639293
smol360|test_long_structured|model.layers.16.mlp.up_proj,abs,1,0.0276480000466108
smol360|test_long_structured|model.layers.16.mlp.up_proj,abs,2,0.0255999993532896
smol360|test_long_structured|model.layers.16.mlp.up_proj,x2,0,0.0286720003932714
smol360|test_long_structured|model.layers.16.mlp.up_proj,x2,1,0.0245760008692741
smol360|test_long_structured|model.layers.16.mlp.up_proj,x2,2,0.0245760008692741
smol360|test_long_structured|model.layers.16.mlp.up_proj,weighted,0,0.0327679999172687
smol360|test_long_structured|model.layers.16.mlp.up_proj,weighted,1,0.0511999987065792
smol360|test_long_structured|model.layers.16.mlp.up_proj,weighted,2,0.0399359986186027
smol360|test_long_structured|model.layers.16.mlp.down_proj,abs,0,0.0337920002639293
smol360|test_long_structured|model.layers.16.mlp.down_proj,abs,1,0.0287679992616176
smol360|test_long_structured|model.layers.16.mlp.down_proj,abs,2,0.0276480000466108
smol360|test_long_structured|model.layers.16.mlp.down_proj,x2,0,0.0655359998345375
smol360|test_long_structured|model.layers.16.mlp.down_proj,x2,1,0.0624639987945556
smol360|test_long_structured|model.layers.16.mlp.down_proj,x2,2,0.0604160018265247
smol360|test_long_structured|model.layers.16.mlp.down_proj,weighted,0,0.0645119994878768
smol360|test_long_structured|model.layers.16.mlp.down_proj,weighted,1,0.0633919984102249
smol360|test_long_structured|model.layers.16.mlp.down_proj,weighted,2,0.0634879991412162
smol360|test_long_structured|model.layers.31.self_attn.q_proj,abs,0,0.0931840017437934
smol360|test_long_structured|model.layers.31.self_attn.q_proj,abs,1,0.0440320000052452
smol360|test_long_structured|model.layers.31.self_attn.q_proj,abs,2,0.0368640013039112
smol360|test_long_structured|model.layers.31.self_attn.q_proj,x2,0,0.0390399992465972
smol360|test_long_structured|model.layers.31.self_attn.q_proj,x2,1,0.0358400009572505
smol360|test_long_structured|model.layers.31.self_attn.q_proj,x2,2,0.0348160006105899
smol360|test_long_structured|model.layers.31.self_attn.q_proj,weighted,0,0.0432000011205673
smol360|test_long_structured|model.layers.31.self_attn.q_proj,weighted,1,0.04390399903059
smol360|test_long_structured|model.layers.31.self_attn.q_proj,weighted,2,0.0409599989652633
smol360|test_long_structured|model.layers.31.self_attn.k_proj,abs,0,0.0430079996585845
smol360|test_long_structured|model.layers.31.self_attn.k_proj,abs,1,0.0378880016505718
smol360|test_long_structured|model.layers.31.self_attn.k_proj,abs,2,0.0307199992239475
smol360|test_long_structured|model.layers.31.self_attn.k_proj,x2,0,0.0399359986186027
smol360|test_long_structured|model.layers.31.self_attn.k_proj,x2,1,0.0327679999172687
smol360|test_long_structured|model.layers.31.self_attn.k_proj,x2,2,0.0309120006859302
smol360|test_long_structured|model.layers.31.self_attn.k_proj,weighted,0,0.0389119982719421
smol360|test_long_structured|model.layers.31.self_attn.k_proj,weighted,1,0.0368640013039112
smol360|test_long_structured|model.layers.31.self_attn.k_proj,weighted,2,0.0369599983096122
smol360|test_long_structured|model.layers.31.self_attn.v_proj,abs,0,0.0296000000089406
smol360|test_long_structured|model.layers.31.self_attn.v_proj,abs,1,0.0276480000466108
smol360|test_long_structured|model.layers.31.self_attn.v_proj,abs,2,0.027488000690937
smol360|test_long_structured|model.layers.31.self_attn.v_proj,x2,0,0.0276480000466108
smol360|test_long_structured|model.layers.31.self_attn.v_proj,x2,1,0.0275839995592832
smol360|test_long_structured|model.layers.31.self_attn.v_proj,x2,2,0.0266239996999502
smol360|test_long_structured|model.layers.31.self_attn.v_proj,weighted,0,0.0327679999172687
smol360|test_long_structured|model.layers.31.self_attn.v_proj,weighted,1,0.0317439995706081
smol360|test_long_structured|model.layers.31.self_attn.v_proj,weighted,2,0.0307199992239475
smol360|test_long_structured|model.layers.31.self_attn.o_proj,abs,0,0.0348160006105899
smol360|test_long_structured|model.layers.31.self_attn.o_proj,abs,1,0.0317439995706081
smol360|test_long_structured|model.layers.31.self_attn.o_proj,abs,2,0.0275839995592832
smol360|test_long_structured|model.layers.31.self_attn.o_proj,x2,0,0.0348160006105899
smol360|test_long_structured|model.layers.31.self_attn.o_proj,x2,1,0.0245760008692741
smol360|test_long_structured|model.layers.31.self_attn.o_proj,x2,2,0.0225280001759529
smol360|test_long_structured|model.layers.31.self_attn.o_proj,weighted,0,0.0286720003932714
smol360|test_long_structured|model.layers.31.self_attn.o_proj,weighted,1,0.0265919994562864
smol360|test_long_structured|model.layers.31.self_attn.o_proj,weighted,2,0.0255999993532896
smol360|test_long_structured|model.layers.31.mlp.gate_proj,abs,0,0.0409599989652633
smol360|test_long_structured|model.layers.31.mlp.gate_proj,abs,1,0.0358080007135868
smol360|test_long_structured|model.layers.31.mlp.gate_proj,abs,2,0.0337920002639293
smol360|test_long_structured|model.layers.31.mlp.gate_proj,x2,0,0.0430079996585845
smol360|test_long_structured|model.layers.31.mlp.gate_proj,x2,1,0.0245760008692741
smol360|test_long_structured|model.layers.31.mlp.gate_proj,x2,2,0.0245760008692741
smol360|test_long_structured|model.layers.31.mlp.gate_proj,weighted,0,0.0328000001609325
smol360|test_long_structured|model.layers.31.mlp.gate_proj,weighted,1,0.0317439995706081
smol360|test_long_structured|model.layers.31.mlp.gate_proj,weighted,2,0.0276480000466108
smol360|test_long_structured|model.layers.31.mlp.up_proj,abs,0,0.0337920002639293
smol360|test_long_structured|model.layers.31.mlp.up_proj,abs,1,0.029696000739932
smol360|test_long_structured|model.layers.31.mlp.up_proj,abs,2,0.0267520006746053
smol360|test_long_structured|model.layers.31.mlp.up_proj,x2,0,0.0419839993119239
smol360|test_long_structured|model.layers.31.mlp.up_proj,x2,1,0.0287040006369352
smol360|test_long_structured|model.layers.31.mlp.up_proj,x2,2,0.0266239996999502
smol360|test_long_structured|model.layers.31.mlp.up_proj,weighted,0,0.0317439995706081
smol360|test_long_structured|model.layers.31.mlp.up_proj,weighted,1,0.0318400003015995
smol360|test_long_structured|model.layers.31.mlp.up_proj,weighted,2,0.0306560005992651
smol360|test_long_structured|model.layers.31.mlp.down_proj,abs,0,0.0348160006105899
smol360|test_long_structured|model.layers.31.mlp.down_proj,abs,1,0.0287999995052814
smol360|test_long_structured|model.layers.31.mlp.down_proj,abs,2,0.0266239996999502
smol360|test_long_structured|model.layers.31.mlp.down_proj,x2,0,0.061439998447895
smol360|test_long_structured|model.layers.31.mlp.down_proj,x2,1,0.061439998447895
smol360|test_long_structured|model.layers.31.mlp.down_proj,x2,2,0.061439998447895
smol360|test_long_structured|model.layers.31.mlp.down_proj,weighted,0,0.0634879991412162
smol360|test_long_structured|model.layers.31.mlp.down_proj,weighted,1,0.0624639987945556
smol360|test_long_structured|model.layers.31.mlp.down_proj,weighted,2,0.0634879991412162
tiny11|cal_short_factual|model.layers.0.self_attn.q_proj,abs,0,0.0983040034770965
tiny11|cal_short_factual|model.layers.0.self_attn.q_proj,abs,1,0.0522239990532398
tiny11|cal_short_factual|model.layers.0.self_attn.q_proj,abs,2,0.0491520017385482
tiny11|cal_short_factual|model.layers.0.self_attn.q_proj,x2,0,0.0645119994878768
tiny11|cal_short_factual|model.layers.0.self_attn.q_proj,x2,1,0.0460800006985664
tiny11|cal_short_factual|model.layers.0.self_attn.q_proj,x2,2,0.0369599983096122
tiny11|cal_short_factual|model.layers.0.self_attn.q_proj,weighted,0,0.0647680014371872
tiny11|cal_short_factual|model.layers.0.self_attn.q_proj,weighted,1,0.0554560013115406
tiny11|cal_short_factual|model.layers.0.self_attn.q_proj,weighted,2,0.0593920014798641
tiny11|cal_short_factual|model.layers.0.self_attn.k_proj,abs,0,0.0501759983599185
tiny11|cal_short_factual|model.layers.0.self_attn.k_proj,abs,1,0.0636160001158714
tiny11|cal_short_factual|model.layers.0.self_attn.k_proj,abs,2,0.0378880016505718
tiny11|cal_short_factual|model.layers.0.self_attn.k_proj,x2,0,0.0337920002639293
tiny11|cal_short_factual|model.layers.0.self_attn.k_proj,x2,1,0.0255999993532896
tiny11|cal_short_factual|model.layers.0.self_attn.k_proj,x2,2,0.0358400009572505
tiny11|cal_short_factual|model.layers.0.self_attn.k_proj,weighted,0,0.0493119992315769
tiny11|cal_short_factual|model.layers.0.self_attn.k_proj,weighted,1,0.0479680001735687
tiny11|cal_short_factual|model.layers.0.self_attn.k_proj,weighted,2,0.0327679999172687
tiny11|cal_short_factual|model.layers.0.self_attn.v_proj,abs,0,0.0348800010979175
tiny11|cal_short_factual|model.layers.0.self_attn.v_proj,abs,1,0.0307199992239475
tiny11|cal_short_factual|model.layers.0.self_attn.v_proj,abs,2,0.0276480000466108
tiny11|cal_short_factual|model.layers.0.self_attn.v_proj,x2,0,0.0295039992779493
tiny11|cal_short_factual|model.layers.0.self_attn.v_proj,x2,1,0.026655999943614
tiny11|cal_short_factual|model.layers.0.self_attn.v_proj,x2,2,0.0266239996999502
tiny11|cal_short_factual|model.layers.0.self_attn.v_proj,weighted,0,0.074752002954483
tiny11|cal_short_factual|model.layers.0.self_attn.v_proj,weighted,1,0.0747840031981468
tiny11|cal_short_factual|model.layers.0.self_attn.v_proj,weighted,2,0.0613760016858577
tiny11|cal_short_factual|model.layers.0.self_attn.o_proj,abs,0,0.029696000739932
tiny11|cal_short_factual|model.layers.0.self_attn.o_proj,abs,1,0.0368640013039112
tiny11|cal_short_factual|model.layers.0.self_attn.o_proj,abs,2,0.0237119998782873
tiny11|cal_short_factual|model.layers.0.self_attn.o_proj,x2,0,0.0245760008692741
tiny11|cal_short_factual|model.layers.0.self_attn.o_proj,x2,1,0.0235520005226135
tiny11|cal_short_factual|model.layers.0.self_attn.o_proj,x2,2,0.0245760008692741
tiny11|cal_short_factual|model.layers.0.self_attn.o_proj,weighted,0,0.0297919996082782
tiny11|cal_short_factual|model.layers.0.self_attn.o_proj,weighted,1,0.0276480000466108
tiny11|cal_short_factual|model.layers.0.self_attn.o_proj,weighted,2,0.0276800002902746
tiny11|cal_short_factual|model.layers.0.mlp.gate_proj,abs,0,0.0309120006859302
tiny11|cal_short_factual|model.layers.0.mlp.gate_proj,abs,1,0.0245760008692741
tiny11|cal_short_factual|model.layers.0.mlp.gate_proj,abs,2,0.0225280001759529
tiny11|cal_short_factual|model.layers.0.mlp.gate_proj,x2,0,0.0255999993532896
tiny11|cal_short_factual|model.layers.0.mlp.gate_proj,x2,1,0.0236479993909597
tiny11|cal_short_factual|model.layers.0.mlp.gate_proj,x2,2,0.0235520005226135
tiny11|cal_short_factual|model.layers.0.mlp.gate_proj,weighted,0,0.0421760007739067
tiny11|cal_short_factual|model.layers.0.mlp.gate_proj,weighted,1,0.029696000739932
tiny11|cal_short_factual|model.layers.0.mlp.gate_proj,weighted,2,0.0266239996999502
tiny11|cal_short_factual|model.layers.0.mlp.up_proj,abs,0,0.0378880016505718
tiny11|cal_short_factual|model.layers.0.mlp.up_proj,abs,1,0.029696000739932
tiny11|cal_short_factual|model.layers.0.mlp.up_proj,abs,2,0.0266239996999502
tiny11|cal_short_factual|model.layers.0.mlp.up_proj,x2,0,0.0294720008969306
tiny11|cal_short_factual|model.layers.0.mlp.up_proj,x2,1,0.0273919999599456
tiny11|cal_short_factual|model.layers.0.mlp.up_proj,x2,2,0.0258559994399547
tiny11|cal_short_factual|model.layers.0.mlp.up_proj,weighted,0,0.0345919989049434
tiny11|cal_short_factual|model.layers.0.mlp.up_proj,weighted,1,0.0327679999172687
tiny11|cal_short_factual|model.layers.0.mlp.up_proj,weighted,2,0.0440320000052452
tiny11|cal_short_factual|model.layers.0.mlp.down_proj,abs,0,0.0452160015702247
tiny11|cal_short_factual|model.layers.0.mlp.down_proj,abs,1,0.0360959991812706
tiny11|cal_short_factual|model.layers.0.mlp.down_proj,abs,2,0.0327679999172687
tiny11|cal_short_factual|model.layers.0.mlp.down_proj,x2,0,0.0389119982719421
tiny11|cal_short_factual|model.layers.0.mlp.down_proj,x2,1,0.0265599992126226
tiny11|cal_short_factual|model.layers.0.mlp.down_proj,x2,2,0.0308800004422664
tiny11|cal_short_factual|model.layers.0.mlp.down_proj,weighted,0,0.0347520001232624
tiny11|cal_short_factual|model.layers.0.mlp.down_proj,weighted,1,0.029696000739932
tiny11|cal_short_factual|model.layers.0.mlp.down_proj,weighted,2,0.0447999984025955
tiny11|cal_short_factual|model.layers.10.self_attn.q_proj,abs,0,0.0552960000932216
tiny11|cal_short_factual|model.layers.10.self_attn.q_proj,abs,1,0.0245760008692741
tiny11|cal_short_factual|model.layers.10.self_attn.q_proj,abs,2,0.0225280001759529
tiny11|cal_short_factual|model.layers.10.self_attn.q_proj,x2,0,0.0234559997916221
tiny11|cal_short_factual|model.layers.10.self_attn.q_proj,x2,1,0.0225280001759529
tiny11|cal_short_factual|model.layers.10.self_attn.q_proj,x2,2,0.0217279996722936
tiny11|cal_short_factual|model.layers.10.self_attn.q_proj,weighted,0,0.0704960003495216
tiny11|cal_short_factual|model.layers.10.self_attn.q_proj,weighted,1,0.0327679999172687
tiny11|cal_short_factual|model.layers.10.self_attn.q_proj,weighted,2,0.0277440007776021
tiny11|cal_short_factual|model.layers.10.self_attn.k_proj,abs,0,0.029696000739932
tiny11|cal_short_factual|model.layers.10.self_attn.k_proj,abs,1,0.0245760008692741
tiny11|cal_short_factual|model.layers.10.self_attn.k_proj,abs,2,0.0217599999159574
tiny11|cal_short_factual|model.layers.10.self_attn.k_proj,x2,0,0.0235520005226135
tiny11|cal_short_factual|model.layers.10.self_attn.k_proj,x2,1,0.0215039998292922
tiny11|cal_short_factual|model.layers.10.self_attn.k_proj,x2,2,0.0204799994826316
tiny11|cal_short_factual|model.layers.10.self_attn.k_proj,weighted,0,0.0307519994676113
tiny11|cal_short_factual|model.layers.10.self_attn.k_proj,weighted,1,0.0266239996999502
tiny11|cal_short_factual|model.layers.10.self_attn.k_proj,weighted,2,0.0275519993156194
tiny11|cal_short_factual|model.layers.10.self_attn.v_proj,abs,0,0.0347199998795986
tiny11|cal_short_factual|model.layers.10.self_attn.v_proj,abs,1,0.0307199992239475
tiny11|cal_short_factual|model.layers.10.self_attn.v_proj,abs,2,0.0273919999599456
tiny11|cal_short_factual|model.layers.10.self_attn.v_proj,x2,0,0.0286720003932714
tiny11|cal_short_factual|model.layers.10.self_attn.v_proj,x2,1,0.0266239996999502
tiny11|cal_short_factual|model.layers.10.self_attn.v_proj,x2,2,0.0257280003279447
tiny11|cal_short_factual|model.layers.10.self_attn.v_proj,weighted,0,0.034655999392271
tiny11|cal_short_factual|model.layers.10.self_attn.v_proj,weighted,1,0.0329280011355876
tiny11|cal_short_factual|model.layers.10.self_attn.v_proj,weighted,2,0.0327679999172687
tiny11|cal_short_factual|model.layers.10.self_attn.o_proj,abs,0,0.061439998447895
tiny11|cal_short_factual|model.layers.10.self_attn.o_proj,abs,1,0.054271999746561
tiny11|cal_short_factual|model.layers.10.self_attn.o_proj,abs,2,0.0511359982192516
tiny11|cal_short_factual|model.layers.10.self_attn.o_proj,x2,0,0.0563200004398822
tiny11|cal_short_factual|model.layers.10.self_attn.o_proj,x2,1,0.0491520017385482
tiny11|cal_short_factual|model.layers.10.self_attn.o_proj,x2,2,0.0477439984679222
tiny11|cal_short_factual|model.layers.10.self_attn.o_proj,weighted,0,0.0561599992215633
tiny11|cal_short_factual|model.layers.10.self_attn.o_proj,weighted,1,0.0683839991688728
tiny11|cal_short_factual|model.layers.10.self_attn.o_proj,weighted,2,0.060224000364542
tiny11|cal_short_factual|model.layers.10.mlp.gate_proj,abs,0,0.0327679999172687
tiny11|cal_short_factual|model.layers.10.mlp.gate_proj,abs,1,0.029696000739932
tiny11|cal_short_factual|model.layers.10.mlp.gate_proj,abs,2,0.0268799997866153
tiny11|cal_short_factual|model.layers.10.mlp.gate_proj,x2,0,0.0246399994939565
tiny11|cal_short_factual|model.layers.10.mlp.gate_proj,x2,1,0.0227520000189542
tiny11|cal_short_factual|model.layers.10.mlp.gate_proj,x2,2,0.0225280001759529
tiny11|cal_short_factual|model.layers.10.mlp.gate_proj,weighted,0,0.0286720003932714
tiny11|cal_short_factual|model.layers.10.mlp.gate_proj,weighted,1,0.0286720003932714
tiny11|cal_short_factual|model.layers.10.mlp.gate_proj,weighted,2,0.02844800055027
tiny11|cal_short_factual|model.layers.10.mlp.up_proj,abs,0,0.0307199992239475
tiny11|cal_short_factual|model.layers.10.mlp.up_proj,abs,1,0.0256639998406171
tiny11|cal_short_factual|model.layers.10.mlp.up_proj,abs,2,0.0225280001759529
tiny11|cal_short_factual|model.layers.10.mlp.up_proj,x2,0,0.0266239996999502
tiny11|cal_short_factual|model.layers.10.mlp.up_proj,x2,1,0.0243839994072914
tiny11|cal_short_factual|model.layers.10.mlp.up_proj,x2,2,0.0225920006632804
tiny11|cal_short_factual|model.layers.10.mlp.up_proj,weighted,0,0.0307519994676113
tiny11|cal_short_factual|model.layers.10.mlp.up_proj,weighted,1,0.0276480000466108
tiny11|cal_short_factual|model.layers.10.mlp.up_proj,weighted,2,0.0276480000466108
tiny11|cal_short_factual|model.layers.10.mlp.down_proj,abs,0,0.0387840010225772
tiny11|cal_short_factual|model.layers.10.mlp.down_proj,abs,1,0.0317439995706081
tiny11|cal_short_factual|model.layers.10.mlp.down_proj,abs,2,0.0285119991749525
tiny11|cal_short_factual|model.layers.10.mlp.down_proj,x2,0,0.0724480003118515
tiny11|cal_short_factual|model.layers.10.mlp.down_proj,x2,1,0.0593920014798641
tiny11|cal_short_factual|model.layers.10.mlp.down_proj,x2,2,0.0604160018265247
tiny11|cal_short_factual|model.layers.10.mlp.down_proj,weighted,0,0.0317439995706081
tiny11|cal_short_factual|model.layers.10.mlp.down_proj,weighted,1,0.0287040006369352
tiny11|cal_short_factual|model.layers.10.mlp.down_proj,weighted,2,0.027615999802947
tiny11|cal_short_factual|model.layers.21.self_attn.q_proj,abs,0,0.1474560052156448
tiny11|cal_short_factual|model.layers.21.self_attn.q_proj,abs,1,0.0358400009572505
tiny11|cal_short_factual|model.layers.21.self_attn.q_proj,abs,2,0.0255999993532896
tiny11|cal_short_factual|model.layers.21.self_attn.q_proj,x2,0,0.0460800006985664
tiny11|cal_short_factual|model.layers.21.self_attn.q_proj,x2,1,0.0430079996585845
tiny11|cal_short_factual|model.layers.21.self_attn.q_proj,x2,2,0.0440320000052452
tiny11|cal_short_factual|model.layers.21.self_attn.q_proj,weighted,0,0.02857599966228
tiny11|cal_short_factual|model.layers.21.self_attn.q_proj,weighted,1,0.0276480000466108
tiny11|cal_short_factual|model.layers.21.self_attn.q_proj,weighted,2,0.0255999993532896
tiny11|cal_short_factual|model.layers.21.self_attn.k_proj,abs,0,0.0368640013039112
tiny11|cal_short_factual|model.layers.21.self_attn.k_proj,abs,1,0.0307199992239475
tiny11|cal_short_factual|model.layers.21.self_attn.k_proj,abs,2,0.0266239996999502
tiny11|cal_short_factual|model.layers.21.self_attn.k_proj,x2,0,0.0288960002362728
tiny11|cal_short_factual|model.layers.21.self_attn.k_proj,x2,1,0.0277440007776021
tiny11|cal_short_factual|model.layers.21.self_attn.k_proj,x2,2,0.0266239996999502
tiny11|cal_short_factual|model.layers.21.self_attn.k_proj,weighted,0,0.0337279997766017
tiny11|cal_short_factual|model.layers.21.self_attn.k_proj,weighted,1,0.0328320004045963
tiny11|cal_short_factual|model.layers.21.self_attn.k_proj,weighted,2,0.0267200004309415
tiny11|cal_short_factual|model.layers.21.self_attn.v_proj,abs,0,0.0523520000278949
tiny11|cal_short_factual|model.layers.21.self_attn.v_proj,abs,1,0.0399359986186027
tiny11|cal_short_factual|model.layers.21.self_attn.v_proj,abs,2,0.0449599996209144
tiny11|cal_short_factual|model.layers.21.self_attn.v_proj,x2,0,0.1401920020580291
tiny11|cal_short_factual|model.layers.21.self_attn.v_proj,x2,1,0.0491520017385482
tiny11|cal_short_factual|model.layers.21.self_attn.v_proj,x2,2,0.0378880016505718
tiny11|cal_short_factual|model.layers.21.self_attn.v_proj,weighted,0,0.0389119982719421
tiny11|cal_short_factual|model.layers.21.self_attn.v_proj,weighted,1,0.0348160006105899
tiny11|cal_short_factual|model.layers.21.self_attn.v_proj,weighted,2,0.0338240005075931
tiny11|cal_short_factual|model.layers.21.self_attn.o_proj,abs,0,0.0563200004398822
tiny11|cal_short_factual|model.layers.21.self_attn.o_proj,abs,1,0.0521599985659122
tiny11|cal_short_factual|model.layers.21.self_attn.o_proj,abs,2,0.0378880016505718
tiny11|cal_short_factual|model.layers.21.self_attn.o_proj,x2,0,0.0450560003519058
tiny11|cal_short_factual|model.layers.21.self_attn.o_proj,x2,1,0.0368640013039112
tiny11|cal_short_factual|model.layers.21.self_attn.o_proj,x2,2,0.0348160006105899
tiny11|cal_short_factual|model.layers.21.self_attn.o_proj,weighted,0,0.054271999746561
tiny11|cal_short_factual|model.layers.21.self_attn.o_proj,weighted,1,0.0511679984629154
tiny11|cal_short_factual|model.layers.21.self_attn.o_proj,weighted,2,0.0416320003569126
tiny11|cal_short_factual|model.layers.21.mlp.gate_proj,abs,0,0.0819199979305267
tiny11|cal_short_factual|model.layers.21.mlp.gate_proj,abs,1,0.0624639987945556
tiny11|cal_short_factual|model.layers.21.mlp.gate_proj,abs,2,0.0327679999172687
tiny11|cal_short_factual|model.layers.21.mlp.gate_proj,x2,0,0.0286720003932714
tiny11|cal_short_factual|model.layers.21.mlp.gate_proj,x2,1,0.0266239996999502
tiny11|cal_short_factual|model.layers.21.mlp.gate_proj,x2,2,0.0258559994399547
tiny11|cal_short_factual|model.layers.21.mlp.gate_proj,weighted,0,0.0340799987316131
tiny11|cal_short_factual|model.layers.21.mlp.gate_proj,weighted,1,0.0320000015199184
tiny11|cal_short_factual|model.layers.21.mlp.gate_proj,weighted,2,0.0318080000579357
tiny11|cal_short_factual|model.layers.21.mlp.up_proj,abs,0,0.0450560003519058
tiny11|cal_short_factual|model.layers.21.mlp.up_proj,abs,1,0.0258879996836185
tiny11|cal_short_factual|model.layers.21.mlp.up_proj,abs,2,0.0215039998292922
tiny11|cal_short_factual|model.layers.21.mlp.up_proj,x2,0,0.0348160006105899
tiny11|cal_short_factual|model.layers.21.mlp.up_proj,x2,1,0.0244479998946189
tiny11|cal_short_factual|model.layers.21.mlp.up_proj,x2,2,0.0225280001759529
tiny11|cal_short_factual|model.layers.21.mlp.up_proj,weighted,0,0.0276480000466108
tiny11|cal_short_factual|model.layers.21.mlp.up_proj,weighted,1,0.027615999802947
tiny11|cal_short_factual|model.layers.21.mlp.up_proj,weighted,2,0.0266239996999502
tiny11|cal_short_factual|model.layers.21.mlp.down_proj,abs,0,0.0327679999172687
tiny11|cal_short_factual|model.layers.21.mlp.down_proj,abs,1,0.0285119991749525
tiny11|cal_short_factual|model.layers.21.mlp.down_proj,abs,2,0.0255999993532896
tiny11|cal_short_factual|model.layers.21.mlp.down_proj,x2,0,0.036896001547575
tiny11|cal_short_factual|model.layers.21.mlp.down_proj,x2,1,0.0266239996999502
tiny11|cal_short_factual|model.layers.21.mlp.down_proj,x2,2,0.0233280006796121
tiny11|cal_short_factual|model.layers.21.mlp.down_proj,weighted,0,0.026367999613285
tiny11|cal_short_factual|model.layers.21.mlp.down_proj,weighted,1,0.0247360002249479
tiny11|cal_short_factual|model.layers.21.mlp.down_proj,weighted,2,0.0245760008692741
tiny11|cal_medium_reasoning|model.layers.0.self_attn.q_proj,abs,0,0.0297599993646144
tiny11|cal_medium_reasoning|model.layers.0.self_attn.q_proj,abs,1,0.0264640003442764
tiny11|cal_medium_reasoning|model.layers.0.self_attn.q_proj,abs,2,0.0235520005226135
tiny11|cal_medium_reasoning|model.layers.0.self_attn.q_proj,x2,0,0.0255999993532896
tiny11|cal_medium_reasoning|model.layers.0.self_attn.q_proj,x2,1,0.0235520005226135
tiny11|cal_medium_reasoning|model.layers.0.self_attn.q_proj,x2,2,0.0245120003819465
tiny11|cal_medium_reasoning|model.layers.0.self_attn.q_proj,weighted,0,0.0337920002639293
tiny11|cal_medium_reasoning|model.layers.0.self_attn.q_proj,weighted,1,0.0308800004422664
tiny11|cal_medium_reasoning|model.layers.0.self_attn.q_proj,weighted,2,0.0297919996082782
tiny11|cal_medium_reasoning|model.layers.0.self_attn.k_proj,abs,0,0.0389439985156059
tiny11|cal_medium_reasoning|model.layers.0.self_attn.k_proj,abs,1,0.0327679999172687
tiny11|cal_medium_reasoning|model.layers.0.self_attn.k_proj,abs,2,0.0324800014495849
tiny11|cal_medium_reasoning|model.layers.0.self_attn.k_proj,x2,0,0.0276480000466108
tiny11|cal_medium_reasoning|model.layers.0.self_attn.k_proj,x2,1,0.0234239995479583
tiny11|cal_medium_reasoning|model.layers.0.self_attn.k_proj,x2,2,0.0226240009069442
tiny11|cal_medium_reasoning|model.layers.0.self_attn.k_proj,weighted,0,0.0277120005339384
tiny11|cal_medium_reasoning|model.layers.0.self_attn.k_proj,weighted,1,0.0276480000466108
tiny11|cal_medium_reasoning|model.layers.0.self_attn.k_proj,weighted,2,0.0258559994399547
tiny11|cal_medium_reasoning|model.layers.0.self_attn.v_proj,abs,0,0.0348160006105899
tiny11|cal_medium_reasoning|model.layers.0.self_attn.v_proj,abs,1,0.0307199992239475
tiny11|cal_medium_reasoning|model.layers.0.self_attn.v_proj,abs,2,0.0285119991749525
tiny11|cal_medium_reasoning|model.layers.0.self_attn.v_proj,x2,0,0.0286720003932714
tiny11|cal_medium_reasoning|model.layers.0.self_attn.v_proj,x2,1,0.0278719998896121
tiny11|cal_medium_reasoning|model.layers.0.self_attn.v_proj,x2,2,0.0274240002036094
tiny11|cal_medium_reasoning|model.layers.0.self_attn.v_proj,weighted,0,0.0337600000202655
tiny11|cal_medium_reasoning|model.layers.0.self_attn.v_proj,weighted,1,0.0328960008919239
tiny11|cal_medium_reasoning|model.layers.0.self_attn.v_proj,weighted,2,0.0317439995706081
tiny11|cal_medium_reasoning|model.layers.0.self_attn.o_proj,abs,0,0.0879359990358352
tiny11|cal_medium_reasoning|model.layers.0.self_attn.o_proj,abs,1,0.0562239997088909
tiny11|cal_medium_reasoning|model.layers.0.self_attn.o_proj,abs,2,0.0491520017385482
tiny11|cal_medium_reasoning|model.layers.0.self_attn.o_proj,x2,0,0.0604160018265247
tiny11|cal_medium_reasoning|model.layers.0.self_attn.o_proj,x2,1,0.0484159998595714
tiny11|cal_medium_reasoning|model.layers.0.self_attn.o_proj,x2,2,0.0440320000052452
tiny11|cal_medium_reasoning|model.layers.0.self_attn.o_proj,weighted,0,0.0522879995405674
tiny11|cal_medium_reasoning|model.layers.0.self_attn.o_proj,weighted,1,0.0560319982469081
tiny11|cal_medium_reasoning|model.layers.0.self_attn.o_proj,weighted,2,0.0539840012788772
tiny11|cal_medium_reasoning|model.layers.0.mlp.gate_proj,abs,0,0.029696000739932
tiny11|cal_medium_reasoning|model.layers.0.mlp.gate_proj,abs,1,0.0245760008692741
tiny11|cal_medium_reasoning|model.layers.0.mlp.gate_proj,abs,2,0.0225280001759529
tiny11|cal_medium_reasoning|model.layers.0.mlp.gate_proj,x2,0,0.0284800007939338
tiny11|cal_medium_reasoning|model.layers.0.mlp.gate_proj,x2,1,0.0245760008692741
tiny11|cal_medium_reasoning|model.layers.0.mlp.gate_proj,x2,2,0.0225280001759529
tiny11|cal_medium_reasoning|model.layers.0.mlp.gate_proj,weighted,0,0.0318400003015995
tiny11|cal_medium_reasoning|model.layers.0.mlp.gate_proj,weighted,1,0.0276480000466108
tiny11|cal_medium_reasoning|model.layers.0.mlp.gate_proj,weighted,2,0.0276480000466108
tiny11|cal_medium_reasoning|model.layers.0.mlp.up_proj,abs,0,0.0337920002639293
tiny11|cal_medium_reasoning|model.layers.0.mlp.up_proj,abs,1,0.0286720003932714
tiny11|cal_medium_reasoning|model.layers.0.mlp.up_proj,abs,2,0.0266239996999502
tiny11|cal_medium_reasoning|model.layers.0.mlp.up_proj,x2,0,0.0295359995216131
tiny11|cal_medium_reasoning|model.layers.0.mlp.up_proj,x2,1,0.0266239996999502
tiny11|cal_medium_reasoning|model.layers.0.mlp.up_proj,x2,2,0.0257600005716085
tiny11|cal_medium_reasoning|model.layers.0.mlp.up_proj,weighted,0,0.0327679999172687
tiny11|cal_medium_reasoning|model.layers.0.mlp.up_proj,weighted,1,0.0276480000466108
tiny11|cal_medium_reasoning|model.layers.0.mlp.up_proj,weighted,2,0.0268799997866153
tiny11|cal_medium_reasoning|model.layers.0.mlp.down_proj,abs,0,0.0386880002915859
tiny11|cal_medium_reasoning|model.layers.0.mlp.down_proj,abs,1,0.0345599986612796
tiny11|cal_medium_reasoning|model.layers.0.mlp.down_proj,abs,2,0.0317439995706081
tiny11|cal_medium_reasoning|model.layers.0.mlp.down_proj,x2,0,0.0540799982845783
tiny11|cal_medium_reasoning|model.layers.0.mlp.down_proj,x2,1,0.0541439987719059
tiny11|cal_medium_reasoning|model.layers.0.mlp.down_proj,x2,2,0.0522239990532398
tiny11|cal_medium_reasoning|model.layers.0.mlp.down_proj,weighted,0,0.055231999605894
tiny11|cal_medium_reasoning|model.layers.0.mlp.down_proj,weighted,1,0.054271999746561
tiny11|cal_medium_reasoning|model.layers.0.mlp.down_proj,weighted,2,0.0552960000932216
tiny11|cal_medium_reasoning|model.layers.10.self_attn.q_proj,abs,0,0.074752002954483
tiny11|cal_medium_reasoning|model.layers.10.self_attn.q_proj,abs,1,0.0277759991586208
tiny11|cal_medium_reasoning|model.layers.10.self_attn.q_proj,abs,2,0.0235520005226135
tiny11|cal_medium_reasoning|model.layers.10.self_attn.q_proj,x2,0,0.0245440006256103
tiny11|cal_medium_reasoning|model.layers.10.self_attn.q_proj,x2,1,0.0225280001759529
tiny11|cal_medium_reasoning|model.layers.10.self_attn.q_proj,x2,2,0.0224319994449615
tiny11|cal_medium_reasoning|model.layers.10.self_attn.q_proj,weighted,0,0.0276480000466108
tiny11|cal_medium_reasoning|model.layers.10.self_attn.q_proj,weighted,1,0.0287679992616176
tiny11|cal_medium_reasoning|model.layers.10.self_attn.q_proj,weighted,2,0.026655999943614
tiny11|cal_medium_reasoning|model.layers.10.self_attn.k_proj,abs,0,0.0317439995706081
tiny11|cal_medium_reasoning|model.layers.10.self_attn.k_proj,abs,1,0.0245760008692741
tiny11|cal_medium_reasoning|model.layers.10.self_attn.k_proj,abs,2,0.0225280001759529
tiny11|cal_medium_reasoning|model.layers.10.self_attn.k_proj,x2,0,0.0255999993532896
tiny11|cal_medium_reasoning|model.layers.10.self_attn.k_proj,x2,1,0.0348800010979175
tiny11|cal_medium_reasoning|model.layers.10.self_attn.k_proj,x2,2,0.0491520017385482
tiny11|cal_medium_reasoning|model.layers.10.self_attn.k_proj,weighted,0,0.0317439995706081
tiny11|cal_medium_reasoning|model.layers.10.self_attn.k_proj,weighted,1,0.0294720008969306
tiny11|cal_medium_reasoning|model.layers.10.self_attn.k_proj,weighted,2,0.0257920008152723
tiny11|cal_medium_reasoning|model.layers.10.self_attn.v_proj,abs,0,0.0449919998645782
tiny11|cal_medium_reasoning|model.layers.10.self_attn.v_proj,abs,1,0.0409599989652633
tiny11|cal_medium_reasoning|model.layers.10.self_attn.v_proj,abs,2,0.0337920002639293
tiny11|cal_medium_reasoning|model.layers.10.self_attn.v_proj,x2,0,0.0370559990406036
tiny11|cal_medium_reasoning|model.layers.10.self_attn.v_proj,x2,1,0.0358400009572505
tiny11|cal_medium_reasoning|model.layers.10.self_attn.v_proj,x2,2,0.0368640013039112
tiny11|cal_medium_reasoning|model.layers.10.self_attn.v_proj,weighted,0,0.0399359986186027
tiny11|cal_medium_reasoning|model.layers.10.self_attn.v_proj,weighted,1,0.4383360147476196
tiny11|cal_medium_reasoning|model.layers.10.self_attn.v_proj,weighted,2,0.0593920014798641
tiny11|cal_medium_reasoning|model.layers.10.self_attn.o_proj,abs,0,0.0350079983472824
tiny11|cal_medium_reasoning|model.layers.10.self_attn.o_proj,abs,1,0.0266239996999502
tiny11|cal_medium_reasoning|model.layers.10.self_attn.o_proj,abs,2,0.0225280001759529
tiny11|cal_medium_reasoning|model.layers.10.self_attn.o_proj,x2,0,0.0329920016229152
tiny11|cal_medium_reasoning|model.layers.10.self_attn.o_proj,x2,1,0.0245760008692741
tiny11|cal_medium_reasoning|model.layers.10.self_attn.o_proj,x2,2,0.0225280001759529
tiny11|cal_medium_reasoning|model.layers.10.self_attn.o_proj,weighted,0,0.0279040001332759
tiny11|cal_medium_reasoning|model.layers.10.self_attn.o_proj,weighted,1,0.0274240002036094
tiny11|cal_medium_reasoning|model.layers.10.self_attn.o_proj,weighted,2,0.0381760001182556
tiny11|cal_medium_reasoning|model.layers.10.mlp.gate_proj,abs,0,0.0520640015602111
tiny11|cal_medium_reasoning|model.layers.10.mlp.gate_proj,abs,1,0.0368640013039112
tiny11|cal_medium_reasoning|model.layers.10.mlp.gate_proj,abs,2,0.029696000739932
tiny11|cal_medium_reasoning|model.layers.10.mlp.gate_proj,x2,0,0.0409599989652633
tiny11|cal_medium_reasoning|model.layers.10.mlp.gate_proj,x2,1,0.028736000880599
tiny11|cal_medium_reasoning|model.layers.10.mlp.gate_proj,x2,2,0.0329920016229152
tiny11|cal_medium_reasoning|model.layers.10.mlp.gate_proj,weighted,0,0.0483519993722438
tiny11|cal_medium_reasoning|model.layers.10.mlp.gate_proj,weighted,1,0.0309759993106126
tiny11|cal_medium_reasoning|model.layers.10.mlp.gate_proj,weighted,2,0.040863998234272
tiny11|cal_medium_reasoning|model.layers.10.mlp.up_proj,abs,0,0.0450560003519058
tiny11|cal_medium_reasoning|model.layers.10.mlp.up_proj,abs,1,0.0378880016505718
tiny11|cal_medium_reasoning|model.layers.10.mlp.up_proj,abs,2,0.0377280004322528
tiny11|cal_medium_reasoning|model.layers.10.mlp.up_proj,x2,0,0.0440320000052452
tiny11|cal_medium_reasoning|model.layers.10.mlp.up_proj,x2,1,0.0399359986186027
tiny11|cal_medium_reasoning|model.layers.10.mlp.up_proj,x2,2,0.0399039983749389
tiny11|cal_medium_reasoning|model.layers.10.mlp.up_proj,weighted,0,0.054271999746561
tiny11|cal_medium_reasoning|model.layers.10.mlp.up_proj,weighted,1,0.0511679984629154
tiny11|cal_medium_reasoning|model.layers.10.mlp.up_proj,weighted,2,0.074752002954483
tiny11|cal_medium_reasoning|model.layers.10.mlp.down_proj,abs,0,0.0379199981689453
tiny11|cal_medium_reasoning|model.layers.10.mlp.down_proj,abs,1,0.029696000739932
tiny11|cal_medium_reasoning|model.layers.10.mlp.down_proj,abs,2,0.0285439994186162
tiny11|cal_medium_reasoning|model.layers.10.mlp.down_proj,x2,0,0.0532479993999004
tiny11|cal_medium_reasoning|model.layers.10.mlp.down_proj,x2,1,0.053151998668909
tiny11|cal_medium_reasoning|model.layers.10.mlp.down_proj,x2,2,0.0532479993999004
tiny11|cal_medium_reasoning|model.layers.10.mlp.down_proj,weighted,0,0.0563200004398822
tiny11|cal_medium_reasoning|model.layers.10.mlp.down_proj,weighted,1,0.0532479993999004
tiny11|cal_medium_reasoning|model.layers.10.mlp.down_proj,weighted,2,0.054271999746561
tiny11|cal_medium_reasoning|model.layers.21.self_attn.q_proj,abs,0,0.1853439956903457
tiny11|cal_medium_reasoning|model.layers.21.self_attn.q_proj,abs,1,0.0337920002639293
tiny11|cal_medium_reasoning|model.layers.21.self_attn.q_proj,abs,2,0.0573440007865428
tiny11|cal_medium_reasoning|model.layers.21.self_attn.q_proj,x2,0,0.0255999993532896
tiny11|cal_medium_reasoning|model.layers.21.self_attn.q_proj,x2,1,0.0235520005226135
tiny11|cal_medium_reasoning|model.layers.21.self_attn.q_proj,x2,2,0.0225280001759529
tiny11|cal_medium_reasoning|model.layers.21.self_attn.q_proj,weighted,0,0.0286720003932714
tiny11|cal_medium_reasoning|model.layers.21.self_attn.q_proj,weighted,1,0.0269120000302791
tiny11|cal_medium_reasoning|model.layers.21.self_attn.q_proj,weighted,2,0.0273279994726181
tiny11|cal_medium_reasoning|model.layers.21.self_attn.k_proj,abs,0,0.0346879996359348
tiny11|cal_medium_reasoning|model.layers.21.self_attn.k_proj,abs,1,0.0305599998682737
tiny11|cal_medium_reasoning|model.layers.21.self_attn.k_proj,abs,2,0.0284800007939338
tiny11|cal_medium_reasoning|model.layers.21.self_attn.k_proj,x2,0,0.0276480000466108
tiny11|cal_medium_reasoning|model.layers.21.self_attn.k_proj,x2,1,0.0266239996999502
tiny11|cal_medium_reasoning|model.layers.21.self_attn.k_proj,x2,2,0.0255999993532896
tiny11|cal_medium_reasoning|model.layers.21.self_attn.k_proj,weighted,0,0.033695999532938
tiny11|cal_medium_reasoning|model.layers.21.self_attn.k_proj,weighted,1,0.0317439995706081
tiny11|cal_medium_reasoning|model.layers.21.self_attn.k_proj,weighted,2,0.0317439995706081
tiny11|cal_medium_reasoning|model.layers.21.self_attn.v_proj,abs,0,0.0410879999399185
tiny11|cal_medium_reasoning|model.layers.21.self_attn.v_proj,abs,1,0.0307199992239475
tiny11|cal_medium_reasoning|model.layers.21.self_attn.v_proj,abs,2,0.0243519991636276
tiny11|cal_medium_reasoning|model.layers.21.self_attn.v_proj,x2,0,0.0245760008692741
tiny11|cal_medium_reasoning|model.layers.21.self_attn.v_proj,x2,1,0.0235520005226135
tiny11|cal_medium_reasoning|model.layers.21.self_attn.v_proj,x2,2,0.0217599999159574
tiny11|cal_medium_reasoning|model.layers.21.self_attn.v_proj,weighted,0,0.0307199992239475
tiny11|cal_medium_reasoning|model.layers.21.self_attn.v_proj,weighted,1,0.3131200075149536
tiny11|cal_medium_reasoning|model.layers.21.self_attn.v_proj,weighted,2,0.047104001045227
tiny11|cal_medium_reasoning|model.layers.21.self_attn.o_proj,abs,0,0.0450560003519058
tiny11|cal_medium_reasoning|model.layers.21.self_attn.o_proj,abs,1,0.0317439995706081
tiny11|cal_medium_reasoning|model.layers.21.self_attn.o_proj,abs,2,0.0286720003932714
tiny11|cal_medium_reasoning|model.layers.21.self_attn.o_proj,x2,0,0.029696000739932
tiny11|cal_medium_reasoning|model.layers.21.self_attn.o_proj,x2,1,0.0236479993909597
tiny11|cal_medium_reasoning|model.layers.21.self_attn.o_proj,x2,2,0.0225280001759529
tiny11|cal_medium_reasoning|model.layers.21.self_attn.o_proj,weighted,0,0.0399359986186027
tiny11|cal_medium_reasoning|model.layers.21.self_attn.o_proj,weighted,1,0.0307199992239475
tiny11|cal_medium_reasoning|model.layers.21.self_attn.o_proj,weighted,2,0.028863999992609
tiny11|cal_medium_reasoning|model.layers.21.mlp.gate_proj,abs,0,0.029696000739932
tiny11|cal_medium_reasoning|model.layers.21.mlp.gate_proj,abs,1,0.0241919998079538
tiny11|cal_medium_reasoning|model.layers.21.mlp.gate_proj,abs,2,0.0222720000892877
tiny11|cal_medium_reasoning|model.layers.21.mlp.gate_proj,x2,0,0.029696000739932
tiny11|cal_medium_reasoning|model.layers.21.mlp.gate_proj,x2,1,0.0235520005226135
tiny11|cal_medium_reasoning|model.layers.21.mlp.gate_proj,x2,2,0.0223680008202791
tiny11|cal_medium_reasoning|model.layers.21.mlp.gate_proj,weighted,0,0.0317439995706081
tiny11|cal_medium_reasoning|model.layers.21.mlp.gate_proj,weighted,1,0.0266239996999502
tiny11|cal_medium_reasoning|model.layers.21.mlp.gate_proj,weighted,2,0.0358400009572505
tiny11|cal_medium_reasoning|model.layers.21.mlp.up_proj,abs,0,0.0279040001332759
tiny11|cal_medium_reasoning|model.layers.21.mlp.up_proj,abs,1,0.0307199992239475
tiny11|cal_medium_reasoning|model.layers.21.mlp.up_proj,abs,2,0.0307839997112751
tiny11|cal_medium_reasoning|model.layers.21.mlp.up_proj,x2,0,0.0225280001759529
tiny11|cal_medium_reasoning|model.layers.21.mlp.up_proj,x2,1,0.0208000000566244
tiny11|cal_medium_reasoning|model.layers.21.mlp.up_proj,x2,2,0.022784000262618
tiny11|cal_medium_reasoning|model.layers.21.mlp.up_proj,weighted,0,0.0266239996999502
tiny11|cal_medium_reasoning|model.layers.21.mlp.up_proj,weighted,1,0.0264320001006126
tiny11|cal_medium_reasoning|model.layers.21.mlp.up_proj,weighted,2,0.025280000641942
tiny11|cal_medium_reasoning|model.layers.21.mlp.down_proj,abs,0,0.0829759985208511
tiny11|cal_medium_reasoning|model.layers.21.mlp.down_proj,abs,1,0.0491520017385482
tiny11|cal_medium_reasoning|model.layers.21.mlp.down_proj,abs,2,0.0256960000842809
tiny11|cal_medium_reasoning|model.layers.21.mlp.down_proj,x2,0,0.1290239989757537
tiny11|cal_medium_reasoning|model.layers.21.mlp.down_proj,x2,1,0.0563200004398822
tiny11|cal_medium_reasoning|model.layers.21.mlp.down_proj,x2,2,0.0565119981765747
tiny11|cal_medium_reasoning|model.layers.21.mlp.down_proj,weighted,0,0.0655359998345375
tiny11|cal_medium_reasoning|model.layers.21.mlp.down_proj,weighted,1,0.0604160018265247
tiny11|cal_medium_reasoning|model.layers.21.mlp.down_proj,weighted,2,0.0561279989778995
tiny11|cal_long_context|model.layers.0.self_attn.q_proj,abs,0,673.0209350585938
tiny11|cal_long_context|model.layers.0.self_attn.q_proj,abs,1,475.7985229492188
tiny11|cal_long_context|model.layers.0.self_attn.q_proj,abs,2,548.054931640625
tiny11|cal_long_context|model.layers.0.self_attn.q_proj,x2,0,996.622314453125
tiny11|cal_long_context|model.layers.0.self_attn.q_proj,x2,1,252.23373413085935
tiny11|cal_long_context|model.layers.0.self_attn.q_proj,x2,2,107.23225402832033
tiny11|cal_long_context|model.layers.0.self_attn.q_proj,weighted,0,0.2969599962234497
tiny11|cal_long_context|model.layers.0.self_attn.q_proj,weighted,1,0.0860159993171691
tiny11|cal_long_context|model.layers.0.self_attn.q_proj,weighted,2,3.580928087234497
tiny11|cal_long_context|model.layers.0.self_attn.k_proj,abs,0,0.0900800004601478
tiny11|cal_long_context|model.layers.0.self_attn.k_proj,abs,1,0.0491520017385482
tiny11|cal_long_context|model.layers.0.self_attn.k_proj,abs,2,0.0401600003242492
tiny11|cal_long_context|model.layers.0.self_attn.k_proj,x2,0,0.0870399996638298
tiny11|cal_long_context|model.layers.0.self_attn.k_proj,x2,1,0.0593920014798641
tiny11|cal_long_context|model.layers.0.self_attn.k_proj,x2,2,0.0522239990532398
tiny11|cal_long_context|model.layers.0.self_attn.k_proj,weighted,0,0.0552960000932216
tiny11|cal_long_context|model.layers.0.self_attn.k_proj,weighted,1,0.0511999987065792
tiny11|cal_long_context|model.layers.0.self_attn.k_proj,weighted,2,0.054271999746561
tiny11|cal_long_context|model.layers.0.self_attn.v_proj,abs,0,0.0745600014925003
tiny11|cal_long_context|model.layers.0.self_attn.v_proj,abs,1,0.0337920002639293
tiny11|cal_long_context|model.layers.0.self_attn.v_proj,abs,2,0.0255999993532896
tiny11|cal_long_context|model.layers.0.self_attn.v_proj,x2,0,0.0366719998419284
tiny11|cal_long_context|model.layers.0.self_attn.v_proj,x2,1,0.0368640013039112
tiny11|cal_long_context|model.layers.0.self_attn.v_proj,x2,2,0.0368640013039112
tiny11|cal_long_context|model.layers.0.self_attn.v_proj,weighted,0,0.0389119982719421
tiny11|cal_long_context|model.layers.0.self_attn.v_proj,weighted,1,0.0389119982719421
tiny11|cal_long_context|model.layers.0.self_attn.v_proj,weighted,2,0.0399359986186027
tiny11|cal_long_context|model.layers.0.self_attn.o_proj,abs,0,0.0757760033011436
tiny11|cal_long_context|model.layers.0.self_attn.o_proj,abs,1,0.0572159998118877
tiny11|cal_long_context|model.layers.0.self_attn.o_proj,abs,2,0.0511999987065792
tiny11|cal_long_context|model.layers.0.self_attn.o_proj,x2,0,0.0511999987065792
tiny11|cal_long_context|model.layers.0.self_attn.o_proj,x2,1,0.0511999987065792
tiny11|cal_long_context|model.layers.0.self_attn.o_proj,x2,2,0.0491520017385482
tiny11|cal_long_context|model.layers.0.self_attn.o_proj,weighted,0,0.0595199987292289
tiny11|cal_long_context|model.layers.0.self_attn.o_proj,weighted,1,0.0591679997742176
tiny11|cal_long_context|model.layers.0.self_attn.o_proj,weighted,2,0.054271999746561
tiny11|cal_long_context|model.layers.0.mlp.gate_proj,abs,0,0.0419839993119239
tiny11|cal_long_context|model.layers.0.mlp.gate_proj,abs,1,0.0378880016505718
tiny11|cal_long_context|model.layers.0.mlp.gate_proj,abs,2,0.0378880016505718
tiny11|cal_long_context|model.layers.0.mlp.gate_proj,x2,0,0.0399359986186027
tiny11|cal_long_context|model.layers.0.mlp.gate_proj,x2,1,0.0419839993119239
tiny11|cal_long_context|model.layers.0.mlp.gate_proj,x2,2,0.0327039994299411
tiny11|cal_long_context|model.layers.0.mlp.gate_proj,weighted,0,0.047104001045227
tiny11|cal_long_context|model.layers.0.mlp.gate_proj,weighted,1,0.0460800006985664
tiny11|cal_long_context|model.layers.0.mlp.gate_proj,weighted,2,0.047104001045227
tiny11|cal_long_context|model.layers.0.mlp.up_proj,abs,0,0.0399359986186027
tiny11|cal_long_context|model.layers.0.mlp.up_proj,abs,1,0.0337279997766017
tiny11|cal_long_context|model.layers.0.mlp.up_proj,abs,2,0.0307199992239475
tiny11|cal_long_context|model.layers.0.mlp.up_proj,x2,0,0.0345279984176158
tiny11|cal_long_context|model.layers.0.mlp.up_proj,x2,1,0.0335679985582828
tiny11|cal_long_context|model.layers.0.mlp.up_proj,x2,2,0.0348160006105899
tiny11|cal_long_context|model.layers.0.mlp.up_proj,weighted,0,0.0409599989652633
tiny11|cal_long_context|model.layers.0.mlp.up_proj,weighted,1,0.0337920002639293
tiny11|cal_long_context|model.layers.0.mlp.up_proj,weighted,2,0.0337920002639293
tiny11|cal_long_context|model.layers.0.mlp.down_proj,abs,0,0.0419839993119239
tiny11|cal_long_context|model.layers.0.mlp.down_proj,abs,1,0.0389119982719421
tiny11|cal_long_context|model.layers.0.mlp.down_proj,abs,2,0.0409599989652633
tiny11|cal_long_context|model.layers.0.mlp.down_proj,x2,0,0.103423997759819
tiny11|cal_long_context|model.layers.0.mlp.down_proj,x2,1,0.1095679998397827
tiny11|cal_long_context|model.layers.0.mlp.down_proj,x2,2,0.1054719984531402
tiny11|cal_long_context|model.layers.0.mlp.down_proj,weighted,0,0.1067200005054473
tiny11|cal_long_context|model.layers.0.mlp.down_proj,weighted,1,0.106175996363163
tiny11|cal_long_context|model.layers.0.mlp.down_proj,weighted,2,0.1054719984531402
tiny11|cal_long_context|model.layers.10.self_attn.q_proj,abs,0,0.2405119985342025
tiny11|cal_long_context|model.layers.10.self_attn.q_proj,abs,1,0.0337920002639293
tiny11|cal_long_context|model.layers.10.self_attn.q_proj,abs,2,0.0245760008692741
tiny11|cal_long_context|model.layers.10.self_attn.q_proj,x2,0,0.0378880016505718
tiny11|cal_long_context|model.layers.10.self_attn.q_proj,x2,1,0.0359360016882419
tiny11|cal_long_context|model.layers.10.self_attn.q_proj,x2,2,0.0348160006105899
tiny11|cal_long_context|model.layers.10.self_attn.q_proj,weighted,0,0.0447999984025955
tiny11|cal_long_context|model.layers.10.self_attn.q_proj,weighted,1,0.0409599989652633
tiny11|cal_long_context|model.layers.10.self_attn.q_proj,weighted,2,0.0409599989652633
tiny11|cal_long_context|model.layers.10.self_attn.k_proj,abs,0,0.0295359995216131
tiny11|cal_long_context|model.layers.10.self_attn.k_proj,abs,1,0.0235520005226135
tiny11|cal_long_context|model.layers.10.self_attn.k_proj,abs,2,0.0222079996019601
tiny11|cal_long_context|model.layers.10.self_attn.k_proj,x2,0,0.0334720015525817
tiny11|cal_long_context|model.layers.10.self_attn.k_proj,x2,1,0.0335040017962455
tiny11|cal_long_context|model.layers.10.self_attn.k_proj,x2,2,0.0326719991862773
tiny11|cal_long_context|model.layers.10.self_attn.k_proj,weighted,0,0.0348160006105899
tiny11|cal_long_context|model.layers.10.self_attn.k_proj,weighted,1,0.0347840003669261
tiny11|cal_long_context|model.layers.10.self_attn.k_proj,weighted,2,0.0337279997766017
tiny11|cal_long_context|model.layers.10.self_attn.v_proj,abs,0,0.0358400009572505
tiny11|cal_long_context|model.layers.10.self_attn.v_proj,abs,1,0.0288319997489452
tiny11|cal_long_context|model.layers.10.self_attn.v_proj,abs,2,0.0266239996999502
tiny11|cal_long_context|model.layers.10.self_attn.v_proj,x2,0,0.0327679999172687
tiny11|cal_long_context|model.layers.10.self_attn.v_proj,x2,1,0.0335999988019466
tiny11|cal_long_context|model.layers.10.self_attn.v_proj,x2,2,0.0337920002639293
tiny11|cal_long_context|model.layers.10.self_attn.v_proj,weighted,0,0.0419839993119239
tiny11|cal_long_context|model.layers.10.self_attn.v_proj,weighted,1,0.0348160006105899
tiny11|cal_long_context|model.layers.10.self_attn.v_proj,weighted,2,0.0337920002639293
tiny11|cal_long_context|model.layers.10.self_attn.o_proj,abs,0,0.0368000008165836
tiny11|cal_long_context|model.layers.10.self_attn.o_proj,abs,1,0.0267200004309415
tiny11|cal_long_context|model.layers.10.self_attn.o_proj,abs,2,0.0296320002526044
tiny11|cal_long_context|model.layers.10.self_attn.o_proj,x2,0,0.0337920002639293
tiny11|cal_long_context|model.layers.10.self_attn.o_proj,x2,1,0.0337920002639293
tiny11|cal_long_context|model.layers.10.self_attn.o_proj,x2,2,0.0337920002639293
tiny11|cal_long_context|model.layers.10.self_attn.o_proj,weighted,0,0.034655999392271
tiny11|cal_long_context|model.layers.10.self_attn.o_proj,weighted,1,0.0335999988019466
tiny11|cal_long_context|model.layers.10.self_attn.o_proj,weighted,2,0.0337920002639293
tiny11|cal_long_context|model.layers.10.mlp.gate_proj,abs,0,0.0458559989929199
tiny11|cal_long_context|model.layers.10.mlp.gate_proj,abs,1,0.0358400009572505
tiny11|cal_long_context|model.layers.10.mlp.gate_proj,abs,2,0.0304639991372823
tiny11|cal_long_context|model.layers.10.mlp.gate_proj,x2,0,0.0337920002639293
tiny11|cal_long_context|model.layers.10.mlp.gate_proj,x2,1,0.0368640013039112
tiny11|cal_long_context|model.layers.10.mlp.gate_proj,x2,2,0.0440320000052452
tiny11|cal_long_context|model.layers.10.mlp.gate_proj,weighted,0,0.0419839993119239
tiny11|cal_long_context|model.layers.10.mlp.gate_proj,weighted,1,0.0367680005729198
tiny11|cal_long_context|model.layers.10.mlp.gate_proj,weighted,2,0.0637440010905265
tiny11|cal_long_context|model.layers.10.mlp.up_proj,abs,0,0.0463039986789226
tiny11|cal_long_context|model.layers.10.mlp.up_proj,abs,1,0.0346239991486072
tiny11|cal_long_context|model.layers.10.mlp.up_proj,abs,2,0.0267520006746053
tiny11|cal_long_context|model.layers.10.mlp.up_proj,x2,0,0.0327679999172687
tiny11|cal_long_context|model.layers.10.mlp.up_proj,x2,1,0.0337920002639293
tiny11|cal_long_context|model.layers.10.mlp.up_proj,x2,2,0.0327679999172687
tiny11|cal_long_context|model.layers.10.mlp.up_proj,weighted,0,0.0348160006105899
tiny11|cal_long_context|model.layers.10.mlp.up_proj,weighted,1,0.0348160006105899
tiny11|cal_long_context|model.layers.10.mlp.up_proj,weighted,2,0.0358400009572505
tiny11|cal_long_context|model.layers.10.mlp.down_proj,abs,0,0.0409599989652633
tiny11|cal_long_context|model.layers.10.mlp.down_proj,abs,1,0.0389119982719421
tiny11|cal_long_context|model.layers.10.mlp.down_proj,abs,2,0.038816001266241
tiny11|cal_long_context|model.layers.10.mlp.down_proj,x2,0,0.103423997759819
tiny11|cal_long_context|model.layers.10.mlp.down_proj,x2,1,0.1044479981064796
tiny11|cal_long_context|model.layers.10.mlp.down_proj,x2,2,0.103423997759819
tiny11|cal_long_context|model.layers.10.mlp.down_proj,weighted,0,0.1054719984531402
tiny11|cal_long_context|model.layers.10.mlp.down_proj,weighted,1,0.1075199991464614
tiny11|cal_long_context|model.layers.10.mlp.down_proj,weighted,2,0.1104639992117881
tiny11|cal_long_context|model.layers.21.self_attn.q_proj,abs,0,0.1894720047712326
tiny11|cal_long_context|model.layers.21.self_attn.q_proj,abs,1,0.0295679997652769
tiny11|cal_long_context|model.layers.21.self_attn.q_proj,abs,2,0.0225280001759529
tiny11|cal_long_context|model.layers.21.self_attn.q_proj,x2,0,0.0399359986186027
tiny11|cal_long_context|model.layers.21.self_attn.q_proj,x2,1,0.0319680012762546
tiny11|cal_long_context|model.layers.21.self_attn.q_proj,x2,2,0.0317439995706081
tiny11|cal_long_context|model.layers.21.self_attn.q_proj,weighted,0,0.0345919989049434
tiny11|cal_long_context|model.layers.21.self_attn.q_proj,weighted,1,0.0334720015525817
tiny11|cal_long_context|model.layers.21.self_attn.q_proj,weighted,2,0.0348160006105899
tiny11|cal_long_context|model.layers.21.self_attn.k_proj,abs,0,0.0389119982719421
tiny11|cal_long_context|model.layers.21.self_attn.k_proj,abs,1,0.0307519994676113
tiny11|cal_long_context|model.layers.21.self_attn.k_proj,abs,2,0.0276480000466108
tiny11|cal_long_context|model.layers.21.self_attn.k_proj,x2,0,0.0337600000202655
tiny11|cal_long_context|model.layers.21.self_attn.k_proj,x2,1,0.0336319990456104
tiny11|cal_long_context|model.layers.21.self_attn.k_proj,x2,2,0.0337920002639293
tiny11|cal_long_context|model.layers.21.self_attn.k_proj,weighted,0,0.0337920002639293
tiny11|cal_long_context|model.layers.21.self_attn.k_proj,weighted,1,0.0348160006105899
tiny11|cal_long_context|model.layers.21.self_attn.k_proj,weighted,2,0.0348160006105899
tiny11|cal_long_context|model.layers.21.self_attn.v_proj,abs,0,0.0328320004045963
tiny11|cal_long_context|model.layers.21.self_attn.v_proj,abs,1,0.0276480000466108
tiny11|cal_long_context|model.layers.21.self_attn.v_proj,abs,2,0.0265599992126226
tiny11|cal_long_context|model.layers.21.self_attn.v_proj,x2,0,0.0327679999172687
tiny11|cal_long_context|model.layers.21.self_attn.v_proj,x2,1,0.0327679999172687
tiny11|cal_long_context|model.layers.21.self_attn.v_proj,x2,2,0.0317439995706081
tiny11|cal_long_context|model.layers.21.self_attn.v_proj,weighted,0,0.0337920002639293
tiny11|cal_long_context|model.layers.21.self_attn.v_proj,weighted,1,0.034655999392271
tiny11|cal_long_context|model.layers.21.self_attn.v_proj,weighted,2,0.0337920002639293
tiny11|cal_long_context|model.layers.21.self_attn.o_proj,abs,0,0.0377280004322528
tiny11|cal_long_context|model.layers.21.self_attn.o_proj,abs,1,0.0318720005452632
tiny11|cal_long_context|model.layers.21.self_attn.o_proj,abs,2,0.0307199992239475
tiny11|cal_long_context|model.layers.21.self_attn.o_proj,x2,0,0.0348160006105899
tiny11|cal_long_context|model.layers.21.self_attn.o_proj,x2,1,0.0327679999172687
tiny11|cal_long_context|model.layers.21.self_attn.o_proj,x2,2,0.0459519997239112
tiny11|cal_long_context|model.layers.21.self_attn.o_proj,weighted,0,0.0368640013039112
tiny11|cal_long_context|model.layers.21.self_attn.o_proj,weighted,1,0.0348160006105899
tiny11|cal_long_context|model.layers.21.self_attn.o_proj,weighted,2,0.0337920002639293
tiny11|cal_long_context|model.layers.21.mlp.gate_proj,abs,0,0.0686080008745193
tiny11|cal_long_context|model.layers.21.mlp.gate_proj,abs,1,0.0932800024747848
tiny11|cal_long_context|model.layers.21.mlp.gate_proj,abs,2,0.0478399991989135
tiny11|cal_long_context|model.layers.21.mlp.gate_proj,x2,0,0.0337920002639293
tiny11|cal_long_context|model.layers.21.mlp.gate_proj,x2,1,0.0358400009572505
tiny11|cal_long_context|model.layers.21.mlp.gate_proj,x2,2,0.0348160006105899
tiny11|cal_long_context|model.layers.21.mlp.gate_proj,weighted,0,0.0450560003519058
tiny11|cal_long_context|model.layers.21.mlp.gate_proj,weighted,1,0.0358400009572505
tiny11|cal_long_context|model.layers.21.mlp.gate_proj,weighted,2,0.0378880016505718
tiny11|cal_long_context|model.layers.21.mlp.up_proj,abs,0,0.0327679999172687
tiny11|cal_long_context|model.layers.21.mlp.up_proj,abs,1,0.0276480000466108
tiny11|cal_long_context|model.layers.21.mlp.up_proj,abs,2,0.0255999993532896
tiny11|cal_long_context|model.layers.21.mlp.up_proj,x2,0,0.0337279997766017
tiny11|cal_long_context|model.layers.21.mlp.up_proj,x2,1,0.0337920002639293
tiny11|cal_long_context|model.layers.21.mlp.up_proj,x2,2,0.0337920002639293
tiny11|cal_long_context|model.layers.21.mlp.up_proj,weighted,0,0.035776000469923
tiny11|cal_long_context|model.layers.21.mlp.up_proj,weighted,1,0.0338240005075931
tiny11|cal_long_context|model.layers.21.mlp.up_proj,weighted,2,0.0337920002639293
tiny11|cal_long_context|model.layers.21.mlp.down_proj,abs,0,0.0400319993495941
tiny11|cal_long_context|model.layers.21.mlp.down_proj,abs,1,0.0389119982719421
tiny11|cal_long_context|model.layers.21.mlp.down_proj,abs,2,0.0389119982719421
tiny11|cal_long_context|model.layers.21.mlp.down_proj,x2,0,0.1044479981064796
tiny11|cal_long_context|model.layers.21.mlp.down_proj,x2,1,0.1053759977221489
tiny11|cal_long_context|model.layers.21.mlp.down_proj,x2,2,0.1044479981064796
tiny11|cal_long_context|model.layers.21.mlp.down_proj,weighted,0,0.1064959987998008
tiny11|cal_long_context|model.layers.21.mlp.down_proj,weighted,1,0.1054719984531402
tiny11|cal_long_context|model.layers.21.mlp.down_proj,weighted,2,0.1044479981064796
tiny11|test_short_korean|model.layers.0.self_attn.q_proj,abs,0,0.029696000739932
tiny11|test_short_korean|model.layers.0.self_attn.q_proj,abs,1,0.029696000739932
tiny11|test_short_korean|model.layers.0.self_attn.q_proj,abs,2,0.0227520000189542
tiny11|test_short_korean|model.layers.0.self_attn.q_proj,x2,0,0.0245760008692741
tiny11|test_short_korean|model.layers.0.self_attn.q_proj,x2,1,0.0225600004196167
tiny11|test_short_korean|model.layers.0.self_attn.q_proj,x2,2,0.0225280001759529
tiny11|test_short_korean|model.layers.0.self_attn.q_proj,weighted,0,0.0307199992239475
tiny11|test_short_korean|model.layers.0.self_attn.q_proj,weighted,1,0.0279040001332759
tiny11|test_short_korean|model.layers.0.self_attn.q_proj,weighted,2,0.0399359986186027
tiny11|test_short_korean|model.layers.0.self_attn.k_proj,abs,0,0.0378880016505718
tiny11|test_short_korean|model.layers.0.self_attn.k_proj,abs,1,0.0307199992239475
tiny11|test_short_korean|model.layers.0.self_attn.k_proj,abs,2,0.029696000739932
tiny11|test_short_korean|model.layers.0.self_attn.k_proj,x2,0,0.0309120006859302
tiny11|test_short_korean|model.layers.0.self_attn.k_proj,x2,1,0.065600000321865
tiny11|test_short_korean|model.layers.0.self_attn.k_proj,x2,2,0.0522239990532398
tiny11|test_short_korean|model.layers.0.self_attn.k_proj,weighted,0,0.0519680008292198
tiny11|test_short_korean|model.layers.0.self_attn.k_proj,weighted,1,0.0491520017385482
tiny11|test_short_korean|model.layers.0.self_attn.k_proj,weighted,2,0.054271999746561
tiny11|test_short_korean|model.layers.0.self_attn.v_proj,abs,0,0.0276480000466108
tiny11|test_short_korean|model.layers.0.self_attn.v_proj,abs,1,0.0245760008692741
tiny11|test_short_korean|model.layers.0.self_attn.v_proj,abs,2,0.0215039998292922
tiny11|test_short_korean|model.layers.0.self_attn.v_proj,x2,0,0.0245760008692741
tiny11|test_short_korean|model.layers.0.self_attn.v_proj,x2,1,0.0225280001759529
tiny11|test_short_korean|model.layers.0.self_attn.v_proj,x2,2,0.0215039998292922
tiny11|test_short_korean|model.layers.0.self_attn.v_proj,weighted,0,0.0299200005829334
tiny11|test_short_korean|model.layers.0.self_attn.v_proj,weighted,1,0.0430079996585845
tiny11|test_short_korean|model.layers.0.self_attn.v_proj,weighted,2,0.0276480000466108
tiny11|test_short_korean|model.layers.0.self_attn.o_proj,abs,0,0.0327679999172687
tiny11|test_short_korean|model.layers.0.self_attn.o_proj,abs,1,0.0296320002526044
tiny11|test_short_korean|model.layers.0.self_attn.o_proj,abs,2,0.0276480000466108
tiny11|test_short_korean|model.layers.0.self_attn.o_proj,x2,0,0.0410559996962547
tiny11|test_short_korean|model.layers.0.self_attn.o_proj,x2,1,0.0289280004799366
tiny11|test_short_korean|model.layers.0.self_attn.o_proj,x2,2,0.0266239996999502
tiny11|test_short_korean|model.layers.0.self_attn.o_proj,weighted,0,0.0326719991862773
tiny11|test_short_korean|model.layers.0.self_attn.o_proj,weighted,1,0.0317439995706081
tiny11|test_short_korean|model.layers.0.self_attn.o_proj,weighted,2,0.0317439995706081
tiny11|test_short_korean|model.layers.0.mlp.gate_proj,abs,0,0.0430079996585845
tiny11|test_short_korean|model.layers.0.mlp.gate_proj,abs,1,0.0389119982719421
tiny11|test_short_korean|model.layers.0.mlp.gate_proj,abs,2,0.0337920002639293
tiny11|test_short_korean|model.layers.0.mlp.gate_proj,x2,0,0.0462080016732215
tiny11|test_short_korean|model.layers.0.mlp.gate_proj,x2,1,0.025407999753952
tiny11|test_short_korean|model.layers.0.mlp.gate_proj,x2,2,0.021663999184966
tiny11|test_short_korean|model.layers.0.mlp.gate_proj,weighted,0,0.0269760005176067
tiny11|test_short_korean|model.layers.0.mlp.gate_proj,weighted,1,0.0571519993245601
tiny11|test_short_korean|model.layers.0.mlp.gate_proj,weighted,2,0.0399359986186027
tiny11|test_short_korean|model.layers.0.mlp.up_proj,abs,0,0.0358400009572505
tiny11|test_short_korean|model.layers.0.mlp.up_proj,abs,1,0.047104001045227
tiny11|test_short_korean|model.layers.0.mlp.up_proj,abs,2,0.0296640004962682
tiny11|test_short_korean|model.layers.0.mlp.up_proj,x2,0,0.0286720003932714
tiny11|test_short_korean|model.layers.0.mlp.up_proj,x2,1,0.0817919969558715
tiny11|test_short_korean|model.layers.0.mlp.up_proj,x2,2,0.0696320012211799
tiny11|test_short_korean|model.layers.0.mlp.up_proj,weighted,0,0.0409599989652633
tiny11|test_short_korean|model.layers.0.mlp.up_proj,weighted,1,0.0348160006105899
tiny11|test_short_korean|model.layers.0.mlp.up_proj,weighted,2,0.0328000001609325
tiny11|test_short_korean|model.layers.0.mlp.down_proj,abs,0,0.0327679999172687
tiny11|test_short_korean|model.layers.0.mlp.down_proj,abs,1,0.0294720008969306
tiny11|test_short_korean|model.layers.0.mlp.down_proj,abs,2,0.029696000739932
tiny11|test_short_korean|model.layers.0.mlp.down_proj,x2,0,0.0522239990532398
tiny11|test_short_korean|model.layers.0.mlp.down_proj,x2,1,0.0501759983599185
tiny11|test_short_korean|model.layers.0.mlp.down_proj,x2,2,0.0511999987065792
tiny11|test_short_korean|model.layers.0.mlp.down_proj,weighted,0,0.054271999746561
tiny11|test_short_korean|model.layers.0.mlp.down_proj,weighted,1,0.0532479993999004
tiny11|test_short_korean|model.layers.0.mlp.down_proj,weighted,2,0.0521599985659122
tiny11|test_short_korean|model.layers.10.self_attn.q_proj,abs,0,0.187391996383667
tiny11|test_short_korean|model.layers.10.self_attn.q_proj,abs,1,0.0308480001986026
tiny11|test_short_korean|model.layers.10.self_attn.q_proj,abs,2,0.0232640001922845
tiny11|test_short_korean|model.layers.10.self_attn.q_proj,x2,0,0.0225280001759529
tiny11|test_short_korean|model.layers.10.self_attn.q_proj,x2,1,0.0223040003329515
tiny11|test_short_korean|model.layers.10.self_attn.q_proj,x2,2,0.0212479997426271
tiny11|test_short_korean|model.layers.10.self_attn.q_proj,weighted,0,0.029696000739932
tiny11|test_short_korean|model.layers.10.self_attn.q_proj,weighted,1,0.0266239996999502
tiny11|test_short_korean|model.layers.10.self_attn.q_proj,weighted,2,0.0255999993532896
tiny11|test_short_korean|model.layers.10.self_attn.k_proj,abs,0,0.0358400009572505
tiny11|test_short_korean|model.layers.10.self_attn.k_proj,abs,1,0.0307199992239475
tiny11|test_short_korean|model.layers.10.self_attn.k_proj,abs,2,0.0286720003932714
tiny11|test_short_korean|model.layers.10.self_attn.k_proj,x2,0,0.0297919996082782
tiny11|test_short_korean|model.layers.10.self_attn.k_proj,x2,1,0.0256960000842809
tiny11|test_short_korean|model.layers.10.self_attn.k_proj,x2,2,0.0232960004359483
tiny11|test_short_korean|model.layers.10.self_attn.k_proj,weighted,0,0.029696000739932
tiny11|test_short_korean|model.layers.10.self_attn.k_proj,weighted,1,0.0276480000466108
tiny11|test_short_korean|model.layers.10.self_attn.k_proj,weighted,2,0.0276480000466108
tiny11|test_short_korean|model.layers.10.self_attn.v_proj,abs,0,0.0337920002639293
tiny11|test_short_korean|model.layers.10.self_attn.v_proj,abs,1,0.0297279991209507
tiny11|test_short_korean|model.layers.10.self_attn.v_proj,abs,2,0.0266239996999502
tiny11|test_short_korean|model.layers.10.self_attn.v_proj,x2,0,0.0286720003932714
tiny11|test_short_korean|model.layers.10.self_attn.v_proj,x2,1,0.0276480000466108
tiny11|test_short_korean|model.layers.10.self_attn.v_proj,x2,2,0.0378240011632442
tiny11|test_short_korean|model.layers.10.self_attn.v_proj,weighted,0,0.0327679999172687
tiny11|test_short_korean|model.layers.10.self_attn.v_proj,weighted,1,0.0327679999172687
tiny11|test_short_korean|model.layers.10.self_attn.v_proj,weighted,2,0.0327359996736049
tiny11|test_short_korean|model.layers.10.self_attn.o_proj,abs,0,0.053056001663208
tiny11|test_short_korean|model.layers.10.self_attn.o_proj,abs,1,0.0430079996585845
tiny11|test_short_korean|model.layers.10.self_attn.o_proj,abs,2,0.040863998234272
tiny11|test_short_korean|model.layers.10.self_attn.o_proj,x2,0,0.0430079996585845
tiny11|test_short_korean|model.layers.10.self_attn.o_proj,x2,1,0.0390399992465972
tiny11|test_short_korean|model.layers.10.self_attn.o_proj,x2,2,0.0358400009572505
tiny11|test_short_korean|model.layers.10.self_attn.o_proj,weighted,0,0.0440320000052452
tiny11|test_short_korean|model.layers.10.self_attn.o_proj,weighted,1,0.0430079996585845
tiny11|test_short_korean|model.layers.10.self_attn.o_proj,weighted,2,0.0550719983875751
tiny11|test_short_korean|model.layers.10.mlp.gate_proj,abs,0,0.0327679999172687
tiny11|test_short_korean|model.layers.10.mlp.gate_proj,abs,1,0.0289280004799366
tiny11|test_short_korean|model.layers.10.mlp.gate_proj,abs,2,0.026528000831604
tiny11|test_short_korean|model.layers.10.mlp.gate_proj,x2,0,0.0399359986186027
tiny11|test_short_korean|model.layers.10.mlp.gate_proj,x2,1,0.0254399999976158
tiny11|test_short_korean|model.layers.10.mlp.gate_proj,x2,2,0.0246399994939565
tiny11|test_short_korean|model.layers.10.mlp.gate_proj,weighted,0,0.0389119982719421
tiny11|test_short_korean|model.layers.10.mlp.gate_proj,weighted,1,0.0307199992239475
tiny11|test_short_korean|model.layers.10.mlp.gate_proj,weighted,2,0.0267200004309415
tiny11|test_short_korean|model.layers.10.mlp.up_proj,abs,0,0.0348160006105899
tiny11|test_short_korean|model.layers.10.mlp.up_proj,abs,1,0.0307199992239475
tiny11|test_short_korean|model.layers.10.mlp.up_proj,abs,2,0.0227520000189542
tiny11|test_short_korean|model.layers.10.mlp.up_proj,x2,0,0.0255999993532896
tiny11|test_short_korean|model.layers.10.mlp.up_proj,x2,1,0.0245760008692741
tiny11|test_short_korean|model.layers.10.mlp.up_proj,x2,2,0.0235520005226135
tiny11|test_short_korean|model.layers.10.mlp.up_proj,weighted,0,0.029696000739932
tiny11|test_short_korean|model.layers.10.mlp.up_proj,weighted,1,0.02857599966228
tiny11|test_short_korean|model.layers.10.mlp.up_proj,weighted,2,0.0285439994186162
tiny11|test_short_korean|model.layers.10.mlp.down_proj,abs,0,0.0368640013039112
tiny11|test_short_korean|model.layers.10.mlp.down_proj,abs,1,0.0286720003932714
tiny11|test_short_korean|model.layers.10.mlp.down_proj,abs,2,0.0276480000466108
tiny11|test_short_korean|model.layers.10.mlp.down_proj,x2,0,0.0532479993999004
tiny11|test_short_korean|model.layers.10.mlp.down_proj,x2,1,0.0511999987065792
tiny11|test_short_korean|model.layers.10.mlp.down_proj,x2,2,0.0511999987065792
tiny11|test_short_korean|model.layers.10.mlp.down_proj,weighted,0,0.0604479983448982
tiny11|test_short_korean|model.layers.10.mlp.down_proj,weighted,1,0.0583680011332035
tiny11|test_short_korean|model.layers.10.mlp.down_proj,weighted,2,0.0532479993999004
tiny11|test_short_korean|model.layers.21.self_attn.q_proj,abs,0,0.1863680034875869
tiny11|test_short_korean|model.layers.21.self_attn.q_proj,abs,1,0.053151998668909
tiny11|test_short_korean|model.layers.21.self_attn.q_proj,abs,2,0.0376639999449253
tiny11|test_short_korean|model.layers.21.self_attn.q_proj,x2,0,0.0243839994072914
tiny11|test_short_korean|model.layers.21.self_attn.q_proj,x2,1,0.0217920001596212
tiny11|test_short_korean|model.layers.21.self_attn.q_proj,x2,2,0.0255040004849433
tiny11|test_short_korean|model.layers.21.self_attn.q_proj,weighted,0,0.0264960005879402
tiny11|test_short_korean|model.layers.21.self_attn.q_proj,weighted,1,0.0255999993532896
tiny11|test_short_korean|model.layers.21.self_attn.q_proj,weighted,2,0.0238400008529424
tiny11|test_short_korean|model.layers.21.self_attn.k_proj,abs,0,0.0430079996585845
tiny11|test_short_korean|model.layers.21.self_attn.k_proj,abs,1,0.0286720003932714
tiny11|test_short_korean|model.layers.21.self_attn.k_proj,abs,2,0.0236799996346235
tiny11|test_short_korean|model.layers.21.self_attn.k_proj,x2,0,0.0236799996346235
tiny11|test_short_korean|model.layers.21.self_attn.k_proj,x2,1,0.0224959999322891
tiny11|test_short_korean|model.layers.21.self_attn.k_proj,x2,2,0.0215039998292922
tiny11|test_short_korean|model.layers.21.self_attn.k_proj,weighted,0,0.0286720003932714
tiny11|test_short_korean|model.layers.21.self_attn.k_proj,weighted,1,0.0276480000466108
tiny11|test_short_korean|model.layers.21.self_attn.k_proj,weighted,2,0.0263999998569488
tiny11|test_short_korean|model.layers.21.self_attn.v_proj,abs,0,0.0336639992892742
tiny11|test_short_korean|model.layers.21.self_attn.v_proj,abs,1,0.0304639991372823
tiny11|test_short_korean|model.layers.21.self_attn.v_proj,abs,2,0.0263999998569488
tiny11|test_short_korean|model.layers.21.self_attn.v_proj,x2,0,0.0276480000466108
tiny11|test_short_korean|model.layers.21.self_attn.v_proj,x2,1,0.0309759993106126
tiny11|test_short_korean|model.layers.21.self_attn.v_proj,x2,2,0.0255999993532896
tiny11|test_short_korean|model.layers.21.self_attn.v_proj,weighted,0,0.0501759983599185
tiny11|test_short_korean|model.layers.21.self_attn.v_proj,weighted,1,0.0552960000932216
tiny11|test_short_korean|model.layers.21.self_attn.v_proj,weighted,2,0.0735680013895034
tiny11|test_short_korean|model.layers.21.self_attn.o_proj,abs,0,0.0317439995706081
tiny11|test_short_korean|model.layers.21.self_attn.o_proj,abs,1,0.0255999993532896
tiny11|test_short_korean|model.layers.21.self_attn.o_proj,abs,2,0.0225280001759529
tiny11|test_short_korean|model.layers.21.self_attn.o_proj,x2,0,0.0276480000466108
tiny11|test_short_korean|model.layers.21.self_attn.o_proj,x2,1,0.0234880000352859
tiny11|test_short_korean|model.layers.21.self_attn.o_proj,x2,2,0.0224959999322891
tiny11|test_short_korean|model.layers.21.self_attn.o_proj,weighted,0,0.0277120005339384
tiny11|test_short_korean|model.layers.21.self_attn.o_proj,weighted,1,0.0266239996999502
tiny11|test_short_korean|model.layers.21.self_attn.o_proj,weighted,2,0.0267520006746053
tiny11|test_short_korean|model.layers.21.mlp.gate_proj,abs,0,0.0419839993119239
tiny11|test_short_korean|model.layers.21.mlp.gate_proj,abs,1,0.0370559990406036
tiny11|test_short_korean|model.layers.21.mlp.gate_proj,abs,2,0.036031998693943
tiny11|test_short_korean|model.layers.21.mlp.gate_proj,x2,0,0.0430079996585845
tiny11|test_short_korean|model.layers.21.mlp.gate_proj,x2,1,0.0389119982719421
tiny11|test_short_korean|model.layers.21.mlp.gate_proj,x2,2,0.0335679985582828
tiny11|test_short_korean|model.layers.21.mlp.gate_proj,weighted,0,0.047104001045227
tiny11|test_short_korean|model.layers.21.mlp.gate_proj,weighted,1,0.047104001045227
tiny11|test_short_korean|model.layers.21.mlp.gate_proj,weighted,2,0.0522239990532398
tiny11|test_short_korean|model.layers.21.mlp.up_proj,abs,0,0.0351679995656013
tiny11|test_short_korean|model.layers.21.mlp.up_proj,abs,1,0.0249279998242855
tiny11|test_short_korean|model.layers.21.mlp.up_proj,abs,2,0.0215039998292922
tiny11|test_short_korean|model.layers.21.mlp.up_proj,x2,0,0.0235520005226135
tiny11|test_short_korean|model.layers.21.mlp.up_proj,x2,1,0.0224639996886253
tiny11|test_short_korean|model.layers.21.mlp.up_proj,x2,2,0.0214399993419647
tiny11|test_short_korean|model.layers.21.mlp.up_proj,weighted,0,0.0264960005879402
tiny11|test_short_korean|model.layers.21.mlp.up_proj,weighted,1,0.0266239996999502
tiny11|test_short_korean|model.layers.21.mlp.up_proj,weighted,2,0.0255999993532896
tiny11|test_short_korean|model.layers.21.mlp.down_proj,abs,0,0.037151999771595
tiny11|test_short_korean|model.layers.21.mlp.down_proj,abs,1,0.029696000739932
tiny11|test_short_korean|model.layers.21.mlp.down_proj,abs,2,0.0276480000466108
tiny11|test_short_korean|model.layers.21.mlp.down_proj,x2,0,0.0511999987065792
tiny11|test_short_korean|model.layers.21.mlp.down_proj,x2,1,0.0522239990532398
tiny11|test_short_korean|model.layers.21.mlp.down_proj,x2,2,0.0541439987719059
tiny11|test_short_korean|model.layers.21.mlp.down_proj,weighted,0,0.0530879981815815
tiny11|test_short_korean|model.layers.21.mlp.down_proj,weighted,1,0.0522239990532398
tiny11|test_short_korean|model.layers.21.mlp.down_proj,weighted,2,0.0532479993999004
tiny11|test_medium_code|model.layers.0.self_attn.q_proj,abs,0,0.0286400001496076
tiny11|test_medium_code|model.layers.0.self_attn.q_proj,abs,1,0.027488000690937
tiny11|test_medium_code|model.layers.0.self_attn.q_proj,abs,2,0.0242880005389451
tiny11|test_medium_code|model.layers.0.self_attn.q_proj,x2,0,0.0255999993532896
tiny11|test_medium_code|model.layers.0.self_attn.q_proj,x2,1,0.0243839994072914
tiny11|test_medium_code|model.layers.0.self_attn.q_proj,x2,2,0.0235520005226135
tiny11|test_medium_code|model.layers.0.self_attn.q_proj,weighted,0,0.0327679999172687
tiny11|test_medium_code|model.layers.0.self_attn.q_proj,weighted,1,0.0286720003932714
tiny11|test_medium_code|model.layers.0.self_attn.q_proj,weighted,2,0.0285439994186162
tiny11|test_medium_code|model.layers.0.self_attn.k_proj,abs,0,0.0319680012762546
tiny11|test_medium_code|model.layers.0.self_attn.k_proj,abs,1,0.0265599992126226
tiny11|test_medium_code|model.layers.0.self_attn.k_proj,abs,2,0.0234239995479583
tiny11|test_medium_code|model.layers.0.self_attn.k_proj,x2,0,0.0265919994562864
tiny11|test_medium_code|model.layers.0.self_attn.k_proj,x2,1,0.0237760003656148
tiny11|test_medium_code|model.layers.0.self_attn.k_proj,x2,2,0.0244479998946189
tiny11|test_medium_code|model.layers.0.self_attn.k_proj,weighted,0,0.0328000001609325
tiny11|test_medium_code|model.layers.0.self_attn.k_proj,weighted,1,0.0268479995429515
tiny11|test_medium_code|model.layers.0.self_attn.k_proj,weighted,2,0.0276480000466108
tiny11|test_medium_code|model.layers.0.self_attn.v_proj,abs,0,0.0337920002639293
tiny11|test_medium_code|model.layers.0.self_attn.v_proj,abs,1,0.029696000739932
tiny11|test_medium_code|model.layers.0.self_attn.v_proj,abs,2,0.0273599997162818
tiny11|test_medium_code|model.layers.0.self_attn.v_proj,x2,0,0.0247039999812841
tiny11|test_medium_code|model.layers.0.self_attn.v_proj,x2,1,0.0234880000352859
tiny11|test_medium_code|model.layers.0.self_attn.v_proj,x2,2,0.021536000072956
tiny11|test_medium_code|model.layers.0.self_attn.v_proj,weighted,0,0.0276480000466108
tiny11|test_medium_code|model.layers.0.self_attn.v_proj,weighted,1,0.0265919994562864
tiny11|test_medium_code|model.layers.0.self_attn.v_proj,weighted,2,0.0255999993532896
tiny11|test_medium_code|model.layers.0.self_attn.o_proj,abs,0,0.0285439994186162
tiny11|test_medium_code|model.layers.0.self_attn.o_proj,abs,1,0.0255040004849433
tiny11|test_medium_code|model.layers.0.self_attn.o_proj,abs,2,0.0225280001759529
tiny11|test_medium_code|model.layers.0.self_attn.o_proj,x2,0,0.0450560003519058
tiny11|test_medium_code|model.layers.0.self_attn.o_proj,x2,1,0.0358400009572505
tiny11|test_medium_code|model.layers.0.self_attn.o_proj,x2,2,0.0235520005226135
tiny11|test_medium_code|model.layers.0.self_attn.o_proj,weighted,0,0.0348160006105899
tiny11|test_medium_code|model.layers.0.self_attn.o_proj,weighted,1,0.0277759991586208
tiny11|test_medium_code|model.layers.0.self_attn.o_proj,weighted,2,0.0276480000466108
tiny11|test_medium_code|model.layers.0.mlp.gate_proj,abs,0,0.0337279997766017
tiny11|test_medium_code|model.layers.0.mlp.gate_proj,abs,1,0.0707840025424957
tiny11|test_medium_code|model.layers.0.mlp.gate_proj,abs,2,0.045983999967575
tiny11|test_medium_code|model.layers.0.mlp.gate_proj,x2,0,0.036031998693943
tiny11|test_medium_code|model.layers.0.mlp.gate_proj,x2,1,0.029696000739932
tiny11|test_medium_code|model.layers.0.mlp.gate_proj,x2,2,0.0347840003669261
tiny11|test_medium_code|model.layers.0.mlp.gate_proj,weighted,0,0.0358400009572505
tiny11|test_medium_code|model.layers.0.mlp.gate_proj,weighted,1,0.0327679999172687
tiny11|test_medium_code|model.layers.0.mlp.gate_proj,weighted,2,0.0326399989426136
tiny11|test_medium_code|model.layers.0.mlp.up_proj,abs,0,0.0348160006105899
tiny11|test_medium_code|model.layers.0.mlp.up_proj,abs,1,0.038111999630928
tiny11|test_medium_code|model.layers.0.mlp.up_proj,abs,2,0.0287040006369352
tiny11|test_medium_code|model.layers.0.mlp.up_proj,x2,0,0.0294080004096031
tiny11|test_medium_code|model.layers.0.mlp.up_proj,x2,1,0.0266239996999502
tiny11|test_medium_code|model.layers.0.mlp.up_proj,x2,2,0.0255999993532896
tiny11|test_medium_code|model.layers.0.mlp.up_proj,weighted,0,0.0337920002639293
tiny11|test_medium_code|model.layers.0.mlp.up_proj,weighted,1,0.0317759998142719
tiny11|test_medium_code|model.layers.0.mlp.up_proj,weighted,2,0.0337920002639293
tiny11|test_medium_code|model.layers.0.mlp.down_proj,abs,0,0.0355839990079402
tiny11|test_medium_code|model.layers.0.mlp.down_proj,abs,1,0.0266239996999502
tiny11|test_medium_code|model.layers.0.mlp.down_proj,abs,2,0.0243839994072914
tiny11|test_medium_code|model.layers.0.mlp.down_proj,x2,0,0.054271999746561
tiny11|test_medium_code|model.layers.0.mlp.down_proj,x2,1,0.0530879981815815
tiny11|test_medium_code|model.layers.0.mlp.down_proj,x2,2,0.0519680008292198
tiny11|test_medium_code|model.layers.0.mlp.down_proj,weighted,0,0.054271999746561
tiny11|test_medium_code|model.layers.0.mlp.down_proj,weighted,1,0.054271999746561
tiny11|test_medium_code|model.layers.0.mlp.down_proj,weighted,2,0.054271999746561
tiny11|test_medium_code|model.layers.10.self_attn.q_proj,abs,0,0.132095992565155
tiny11|test_medium_code|model.layers.10.self_attn.q_proj,abs,1,0.0348800010979175
tiny11|test_medium_code|model.layers.10.self_attn.q_proj,abs,2,0.0279040001332759
tiny11|test_medium_code|model.layers.10.self_attn.q_proj,x2,0,0.0245760008692741
tiny11|test_medium_code|model.layers.10.self_attn.q_proj,x2,1,0.0245760008692741
tiny11|test_medium_code|model.layers.10.self_attn.q_proj,x2,2,0.0215039998292922
tiny11|test_medium_code|model.layers.10.self_attn.q_proj,weighted,0,0.0276480000466108
tiny11|test_medium_code|model.layers.10.self_attn.q_proj,weighted,1,0.0263039991259574
tiny11|test_medium_code|model.layers.10.self_attn.q_proj,weighted,2,0.0255999993532896
tiny11|test_medium_code|model.layers.10.self_attn.k_proj,abs,0,0.0304639991372823
tiny11|test_medium_code|model.layers.10.self_attn.k_proj,abs,1,0.025407999753952
tiny11|test_medium_code|model.layers.10.self_attn.k_proj,abs,2,0.0215680003166198
tiny11|test_medium_code|model.layers.10.self_attn.k_proj,x2,0,0.0245440006256103
tiny11|test_medium_code|model.layers.10.self_attn.k_proj,x2,1,0.0225280001759529
tiny11|test_medium_code|model.layers.10.self_attn.k_proj,x2,2,0.0307199992239475
tiny11|test_medium_code|model.layers.10.self_attn.k_proj,weighted,0,0.2436159998178482
tiny11|test_medium_code|model.layers.10.self_attn.k_proj,weighted,1,0.0378880016505718
tiny11|test_medium_code|model.layers.10.self_attn.k_proj,weighted,2,0.0267840009182691
tiny11|test_medium_code|model.layers.10.self_attn.v_proj,abs,0,0.029696000739932
tiny11|test_medium_code|model.layers.10.self_attn.v_proj,abs,1,0.0277759991586208
tiny11|test_medium_code|model.layers.10.self_attn.v_proj,abs,2,0.0235520005226135
tiny11|test_medium_code|model.layers.10.self_attn.v_proj,x2,0,0.0327679999172687
tiny11|test_medium_code|model.layers.10.self_attn.v_proj,x2,1,0.0235520005226135
tiny11|test_medium_code|model.layers.10.self_attn.v_proj,x2,2,0.0215039998292922
tiny11|test_medium_code|model.layers.10.self_attn.v_proj,weighted,0,0.0266880001872777
tiny11|test_medium_code|model.layers.10.self_attn.v_proj,weighted,1,0.0388800017535686
tiny11|test_medium_code|model.layers.10.self_attn.v_proj,weighted,2,0.0286720003932714
tiny11|test_medium_code|model.layers.10.self_attn.o_proj,abs,0,0.0375359989702701
tiny11|test_medium_code|model.layers.10.self_attn.o_proj,abs,1,0.029696000739932
tiny11|test_medium_code|model.layers.10.self_attn.o_proj,abs,2,0.0269440002739429
tiny11|test_medium_code|model.layers.10.self_attn.o_proj,x2,0,0.0276480000466108
tiny11|test_medium_code|model.layers.10.self_attn.o_proj,x2,1,0.0268159992992877
tiny11|test_medium_code|model.layers.10.self_attn.o_proj,x2,2,0.0253759995102882
tiny11|test_medium_code|model.layers.10.self_attn.o_proj,weighted,0,0.029696000739932
tiny11|test_medium_code|model.layers.10.self_attn.o_proj,weighted,1,0.0256319995969533
tiny11|test_medium_code|model.layers.10.self_attn.o_proj,weighted,2,0.0259840004146099
tiny11|test_medium_code|model.layers.10.mlp.gate_proj,abs,0,0.029696000739932
tiny11|test_medium_code|model.layers.10.mlp.gate_proj,abs,1,0.029696000739932
tiny11|test_medium_code|model.layers.10.mlp.gate_proj,abs,2,0.0245440006256103
tiny11|test_medium_code|model.layers.10.mlp.gate_proj,x2,0,0.037856001406908
tiny11|test_medium_code|model.layers.10.mlp.gate_proj,x2,1,0.0389119982719421
tiny11|test_medium_code|model.layers.10.mlp.gate_proj,x2,2,0.0419839993119239
tiny11|test_medium_code|model.layers.10.mlp.gate_proj,weighted,0,0.0912000015377998
tiny11|test_medium_code|model.layers.10.mlp.gate_proj,weighted,1,0.0786240026354789
tiny11|test_medium_code|model.layers.10.mlp.gate_proj,weighted,2,0.0737280026078224
tiny11|test_medium_code|model.layers.10.mlp.up_proj,abs,0,0.0389119982719421
tiny11|test_medium_code|model.layers.10.mlp.up_proj,abs,1,0.0255999993532896
tiny11|test_medium_code|model.layers.10.mlp.up_proj,abs,2,0.0226879995316267
tiny11|test_medium_code|model.layers.10.mlp.up_proj,x2,0,0.0245760008692741
tiny11|test_medium_code|model.layers.10.mlp.up_proj,x2,1,0.0225280001759529
tiny11|test_medium_code|model.layers.10.mlp.up_proj,x2,2,0.0216320008039474
tiny11|test_medium_code|model.layers.10.mlp.up_proj,weighted,0,0.0286720003932714
tiny11|test_medium_code|model.layers.10.mlp.up_proj,weighted,1,0.0275839995592832
tiny11|test_medium_code|model.layers.10.mlp.up_proj,weighted,2,0.0275519993156194
tiny11|test_medium_code|model.layers.10.mlp.down_proj,abs,0,0.0338560007512569
tiny11|test_medium_code|model.layers.10.mlp.down_proj,abs,1,0.029696000739932
tiny11|test_medium_code|model.layers.10.mlp.down_proj,abs,2,0.0284160003066062
tiny11|test_medium_code|model.layers.10.mlp.down_proj,x2,0,0.054271999746561
tiny11|test_medium_code|model.layers.10.mlp.down_proj,x2,1,0.0539840012788772
tiny11|test_medium_code|model.layers.10.mlp.down_proj,x2,2,0.0532479993999004
tiny11|test_medium_code|model.layers.10.mlp.down_proj,weighted,0,0.0573440007865428
tiny11|test_medium_code|model.layers.10.mlp.down_proj,weighted,1,0.0573120005428791
tiny11|test_medium_code|model.layers.10.mlp.down_proj,weighted,2,0.0552960000932216
tiny11|test_medium_code|model.layers.21.self_attn.q_proj,abs,0,0.0665920004248619
tiny11|test_medium_code|model.layers.21.self_attn.q_proj,abs,1,0.0286720003932714
tiny11|test_medium_code|model.layers.21.self_attn.q_proj,abs,2,0.0225280001759529
tiny11|test_medium_code|model.layers.21.self_attn.q_proj,x2,0,0.0236479993909597
tiny11|test_medium_code|model.layers.21.self_attn.q_proj,x2,1,0.0225280001759529
tiny11|test_medium_code|model.layers.21.self_attn.q_proj,x2,2,0.0225280001759529
tiny11|test_medium_code|model.layers.21.self_attn.q_proj,weighted,0,0.0273599997162818
tiny11|test_medium_code|model.layers.21.self_attn.q_proj,weighted,1,0.0266239996999502
tiny11|test_medium_code|model.layers.21.self_attn.q_proj,weighted,2,0.0266239996999502
tiny11|test_medium_code|model.layers.21.self_attn.k_proj,abs,0,0.033984001725912
tiny11|test_medium_code|model.layers.21.self_attn.k_proj,abs,1,0.0287040006369352
tiny11|test_medium_code|model.layers.21.self_attn.k_proj,abs,2,0.0368640013039112
tiny11|test_medium_code|model.layers.21.self_attn.k_proj,x2,0,0.0286720003932714
tiny11|test_medium_code|model.layers.21.self_attn.k_proj,x2,1,0.0276480000466108
tiny11|test_medium_code|model.layers.21.self_attn.k_proj,x2,2,0.0264320001006126
tiny11|test_medium_code|model.layers.21.self_attn.k_proj,weighted,0,0.0327679999172687
tiny11|test_medium_code|model.layers.21.self_attn.k_proj,weighted,1,0.2509120106697082
tiny11|test_medium_code|model.layers.21.self_attn.k_proj,weighted,2,0.0419199988245964
tiny11|test_medium_code|model.layers.21.self_attn.v_proj,abs,0,0.029696000739932
tiny11|test_medium_code|model.layers.21.self_attn.v_proj,abs,1,0.0245760008692741
tiny11|test_medium_code|model.layers.21.self_attn.v_proj,abs,2,0.0225280001759529
tiny11|test_medium_code|model.layers.21.self_attn.v_proj,x2,0,0.0307199992239475
tiny11|test_medium_code|model.layers.21.self_attn.v_proj,x2,1,0.0228160005062818
tiny11|test_medium_code|model.layers.21.self_attn.v_proj,x2,2,0.0215680003166198
tiny11|test_medium_code|model.layers.21.self_attn.v_proj,weighted,0,0.0263039991259574
tiny11|test_medium_code|model.layers.21.self_attn.v_proj,weighted,1,0.0248639993369579
tiny11|test_medium_code|model.layers.21.self_attn.v_proj,weighted,2,0.0247039999812841
tiny11|test_medium_code|model.layers.21.self_attn.o_proj,abs,0,0.0358400009572505
tiny11|test_medium_code|model.layers.21.self_attn.o_proj,abs,1,0.0346239991486072
tiny11|test_medium_code|model.layers.21.self_attn.o_proj,abs,2,0.0276480000466108
tiny11|test_medium_code|model.layers.21.self_attn.o_proj,x2,0,0.029696000739932
tiny11|test_medium_code|model.layers.21.self_attn.o_proj,x2,1,0.0283840000629425
tiny11|test_medium_code|model.layers.21.self_attn.o_proj,x2,2,0.0255999993532896
tiny11|test_medium_code|model.layers.21.self_attn.o_proj,weighted,0,0.0327679999172687
tiny11|test_medium_code|model.layers.21.self_attn.o_proj,weighted,1,0.0335999988019466
tiny11|test_medium_code|model.layers.21.self_attn.o_proj,weighted,2,0.0317439995706081
tiny11|test_medium_code|model.layers.21.mlp.gate_proj,abs,0,0.0350399985909462
tiny11|test_medium_code|model.layers.21.mlp.gate_proj,abs,1,0.029696000739932
tiny11|test_medium_code|model.layers.21.mlp.gate_proj,abs,2,0.0368640013039112
tiny11|test_medium_code|model.layers.21.mlp.gate_proj,x2,0,0.0349440015852451
tiny11|test_medium_code|model.layers.21.mlp.gate_proj,x2,1,0.0277759991586208
tiny11|test_medium_code|model.layers.21.mlp.gate_proj,x2,2,0.0276480000466108
tiny11|test_medium_code|model.layers.21.mlp.gate_proj,weighted,0,0.0359040014445781
tiny11|test_medium_code|model.layers.21.mlp.gate_proj,weighted,1,0.0276480000466108
tiny11|test_medium_code|model.layers.21.mlp.gate_proj,weighted,2,0.0276480000466108
tiny11|test_medium_code|model.layers.21.mlp.up_proj,abs,0,0.034655999392271
tiny11|test_medium_code|model.layers.21.mlp.up_proj,abs,1,0.029696000739932
tiny11|test_medium_code|model.layers.21.mlp.up_proj,abs,2,0.026655999943614
tiny11|test_medium_code|model.layers.21.mlp.up_proj,x2,0,0.0286720003932714
tiny11|test_medium_code|model.layers.21.mlp.up_proj,x2,1,0.0266239996999502
tiny11|test_medium_code|model.layers.21.mlp.up_proj,x2,2,0.0255999993532896
tiny11|test_medium_code|model.layers.21.mlp.up_proj,weighted,0,0.0286720003932714
tiny11|test_medium_code|model.layers.21.mlp.up_proj,weighted,1,0.0266239996999502
tiny11|test_medium_code|model.layers.21.mlp.up_proj,weighted,2,0.0296000000089406
tiny11|test_medium_code|model.layers.21.mlp.down_proj,abs,0,0.0419839993119239
tiny11|test_medium_code|model.layers.21.mlp.down_proj,abs,1,0.0299200005829334
tiny11|test_medium_code|model.layers.21.mlp.down_proj,abs,2,0.0276480000466108
tiny11|test_medium_code|model.layers.21.mlp.down_proj,x2,0,0.054271999746561
tiny11|test_medium_code|model.layers.21.mlp.down_proj,x2,1,0.054271999746561
tiny11|test_medium_code|model.layers.21.mlp.down_proj,x2,2,0.0532479993999004
tiny11|test_medium_code|model.layers.21.mlp.down_proj,weighted,0,0.054271999746561
tiny11|test_medium_code|model.layers.21.mlp.down_proj,weighted,1,0.0532479993999004
tiny11|test_medium_code|model.layers.21.mlp.down_proj,weighted,2,0.0532479993999004
tiny11|test_long_structured|model.layers.0.self_attn.q_proj,abs,0,0.0319360010325908
tiny11|test_long_structured|model.layers.0.self_attn.q_proj,abs,1,0.0276480000466108
tiny11|test_long_structured|model.layers.0.self_attn.q_proj,abs,2,0.0243200007826089
tiny11|test_long_structured|model.layers.0.self_attn.q_proj,x2,0,0.0511999987065792
tiny11|test_long_structured|model.layers.0.self_attn.q_proj,x2,1,0.0451200008392334
tiny11|test_long_structured|model.layers.0.self_attn.q_proj,x2,2,0.0460800006985664
tiny11|test_long_structured|model.layers.0.self_attn.q_proj,weighted,0,0.0488639995455741
tiny11|test_long_structured|model.layers.0.self_attn.q_proj,weighted,1,0.0490560010075569
tiny11|test_long_structured|model.layers.0.self_attn.q_proj,weighted,2,0.0501759983599185
tiny11|test_long_structured|model.layers.0.self_attn.k_proj,abs,0,0.0348160006105899
tiny11|test_long_structured|model.layers.0.self_attn.k_proj,abs,1,0.0277120005339384
tiny11|test_long_structured|model.layers.0.self_attn.k_proj,abs,2,0.0258559994399547
tiny11|test_long_structured|model.layers.0.self_attn.k_proj,x2,0,0.0460800006985664
tiny11|test_long_structured|model.layers.0.self_attn.k_proj,x2,1,0.047104001045227
tiny11|test_long_structured|model.layers.0.self_attn.k_proj,x2,2,0.047104001045227
tiny11|test_long_structured|model.layers.0.self_attn.k_proj,weighted,0,0.054271999746561
tiny11|test_long_structured|model.layers.0.self_attn.k_proj,weighted,1,0.0491520017385482
tiny11|test_long_structured|model.layers.0.self_attn.k_proj,weighted,2,0.0491520017385482
tiny11|test_long_structured|model.layers.0.self_attn.v_proj,abs,0,0.0316159985959529
tiny11|test_long_structured|model.layers.0.self_attn.v_proj,abs,1,0.0255999993532896
tiny11|test_long_structured|model.layers.0.self_attn.v_proj,abs,2,0.0225280001759529
tiny11|test_long_structured|model.layers.0.self_attn.v_proj,x2,0,0.0501759983599185
tiny11|test_long_structured|model.layers.0.self_attn.v_proj,x2,1,0.0468799993395805
tiny11|test_long_structured|model.layers.0.self_attn.v_proj,x2,2,0.0472639985382556
tiny11|test_long_structured|model.layers.0.self_attn.v_proj,weighted,0,0.0482559986412525
tiny11|test_long_structured|model.layers.0.self_attn.v_proj,weighted,1,0.0490880012512207
tiny11|test_long_structured|model.layers.0.self_attn.v_proj,weighted,2,0.0511999987065792
tiny11|test_long_structured|model.layers.0.self_attn.o_proj,abs,0,0.0276480000466108
tiny11|test_long_structured|model.layers.0.self_attn.o_proj,abs,1,0.0245760008692741
tiny11|test_long_structured|model.layers.0.self_attn.o_proj,abs,2,0.0226879995316267
tiny11|test_long_structured|model.layers.0.self_attn.o_proj,x2,0,0.047104001045227
tiny11|test_long_structured|model.layers.0.self_attn.o_proj,x2,1,0.0450560003519058
tiny11|test_long_structured|model.layers.0.self_attn.o_proj,x2,2,0.047104001045227
tiny11|test_long_structured|model.layers.0.self_attn.o_proj,weighted,0,0.0481280013918876
tiny11|test_long_structured|model.layers.0.self_attn.o_proj,weighted,1,0.0481280013918876
tiny11|test_long_structured|model.layers.0.self_attn.o_proj,weighted,2,0.0490880012512207
tiny11|test_long_structured|model.layers.0.mlp.gate_proj,abs,0,0.0285439994186162
tiny11|test_long_structured|model.layers.0.mlp.gate_proj,abs,1,0.0245760008692741
tiny11|test_long_structured|model.layers.0.mlp.gate_proj,abs,2,0.0215039998292922
tiny11|test_long_structured|model.layers.0.mlp.gate_proj,x2,0,0.0449919998645782
tiny11|test_long_structured|model.layers.0.mlp.gate_proj,x2,1,0.0460800006985664
tiny11|test_long_structured|model.layers.0.mlp.gate_proj,x2,2,0.0460800006985664
tiny11|test_long_structured|model.layers.0.mlp.gate_proj,weighted,0,0.0491520017385482
tiny11|test_long_structured|model.layers.0.mlp.gate_proj,weighted,1,0.0489280000329017
tiny11|test_long_structured|model.layers.0.mlp.gate_proj,weighted,2,0.0481280013918876
tiny11|test_long_structured|model.layers.0.mlp.up_proj,abs,0,0.0779199972748756
tiny11|test_long_structured|model.layers.0.mlp.up_proj,abs,1,0.0564480014145374
tiny11|test_long_structured|model.layers.0.mlp.up_proj,abs,2,0.0511040017008781
tiny11|test_long_structured|model.layers.0.mlp.up_proj,x2,0,0.0532479993999004
tiny11|test_long_structured|model.layers.0.mlp.up_proj,x2,1,0.0522239990532398
tiny11|test_long_structured|model.layers.0.mlp.up_proj,x2,2,0.0511999987065792
tiny11|test_long_structured|model.layers.0.mlp.up_proj,weighted,0,0.0583680011332035
tiny11|test_long_structured|model.layers.0.mlp.up_proj,weighted,1,0.0645119994878768
tiny11|test_long_structured|model.layers.0.mlp.up_proj,weighted,2,0.0543680004775524
tiny11|test_long_structured|model.layers.0.mlp.down_proj,abs,0,0.0494079999625682
tiny11|test_long_structured|model.layers.0.mlp.down_proj,abs,1,0.0522239990532398
tiny11|test_long_structured|model.layers.0.mlp.down_proj,abs,2,0.0501759983599185
tiny11|test_long_structured|model.layers.0.mlp.down_proj,x2,0,0.132095992565155
tiny11|test_long_structured|model.layers.0.mlp.down_proj,x2,1,0.1280000060796737
tiny11|test_long_structured|model.layers.0.mlp.down_proj,x2,2,0.131071999669075
tiny11|test_long_structured|model.layers.0.mlp.down_proj,weighted,0,0.1331200003623962
tiny11|test_long_structured|model.layers.0.mlp.down_proj,weighted,1,0.1302720010280609
tiny11|test_long_structured|model.layers.0.mlp.down_proj,weighted,2,0.1369919925928115
tiny11|test_long_structured|model.layers.10.self_attn.q_proj,abs,0,0.0757440030574798
tiny11|test_long_structured|model.layers.10.self_attn.q_proj,abs,1,0.0266239996999502
tiny11|test_long_structured|model.layers.10.self_attn.q_proj,abs,2,0.0235520005226135
tiny11|test_long_structured|model.layers.10.self_attn.q_proj,x2,0,0.0460800006985664
tiny11|test_long_structured|model.layers.10.self_attn.q_proj,x2,1,0.0460800006985664
tiny11|test_long_structured|model.layers.10.self_attn.q_proj,x2,2,0.045983999967575
tiny11|test_long_structured|model.layers.10.self_attn.q_proj,weighted,0,0.0489280000329017
tiny11|test_long_structured|model.layers.10.self_attn.q_proj,weighted,1,0.0481280013918876
tiny11|test_long_structured|model.layers.10.self_attn.q_proj,weighted,2,0.0511999987065792
tiny11|test_long_structured|model.layers.10.self_attn.k_proj,abs,0,0.036896001547575
tiny11|test_long_structured|model.layers.10.self_attn.k_proj,abs,1,0.0288319997489452
tiny11|test_long_structured|model.layers.10.self_attn.k_proj,abs,2,0.0274240002036094
tiny11|test_long_structured|model.layers.10.self_attn.k_proj,x2,0,0.047104001045227
tiny11|test_long_structured|model.layers.10.self_attn.k_proj,x2,1,0.0469119995832443
tiny11|test_long_structured|model.layers.10.self_attn.k_proj,x2,2,0.0460800006985664
tiny11|test_long_structured|model.layers.10.self_attn.k_proj,weighted,0,0.0481280013918876
tiny11|test_long_structured|model.layers.10.self_attn.k_proj,weighted,1,0.0503679998219013
tiny11|test_long_structured|model.layers.10.self_attn.k_proj,weighted,2,0.0480000004172325
tiny11|test_long_structured|model.layers.10.self_attn.v_proj,abs,0,0.0386880002915859
tiny11|test_long_structured|model.layers.10.self_attn.v_proj,abs,1,0.0294720008969306
tiny11|test_long_structured|model.layers.10.self_attn.v_proj,abs,2,0.0266239996999502
tiny11|test_long_structured|model.layers.10.self_attn.v_proj,x2,0,0.0450560003519058
tiny11|test_long_structured|model.layers.10.self_attn.v_proj,x2,1,0.0460800006985664
tiny11|test_long_structured|model.layers.10.self_attn.v_proj,x2,2,0.046239998191595
tiny11|test_long_structured|model.layers.10.self_attn.v_proj,weighted,0,0.0501759983599185
tiny11|test_long_structured|model.layers.10.self_attn.v_proj,weighted,1,0.0481280013918876
tiny11|test_long_structured|model.layers.10.self_attn.v_proj,weighted,2,0.0481280013918876
tiny11|test_long_structured|model.layers.10.self_attn.o_proj,abs,0,0.0501759983599185
tiny11|test_long_structured|model.layers.10.self_attn.o_proj,abs,1,0.0399359986186027
tiny11|test_long_structured|model.layers.10.self_attn.o_proj,abs,2,0.0358400009572505
tiny11|test_long_structured|model.layers.10.self_attn.o_proj,x2,0,0.0460480004549026
tiny11|test_long_structured|model.layers.10.self_attn.o_proj,x2,1,0.0460800006985664
tiny11|test_long_structured|model.layers.10.self_attn.o_proj,x2,2,0.047104001045227
tiny11|test_long_structured|model.layers.10.self_attn.o_proj,weighted,0,0.0491520017385482
tiny11|test_long_structured|model.layers.10.self_attn.o_proj,weighted,1,0.0481280013918876
tiny11|test_long_structured|model.layers.10.self_attn.o_proj,weighted,2,0.0501759983599185
tiny11|test_long_structured|model.layers.10.mlp.gate_proj,abs,0,0.0348160006105899
tiny11|test_long_structured|model.layers.10.mlp.gate_proj,abs,1,0.0288319997489452
tiny11|test_long_structured|model.layers.10.mlp.gate_proj,abs,2,0.0263039991259574
tiny11|test_long_structured|model.layers.10.mlp.gate_proj,x2,0,0.0457919985055923
tiny11|test_long_structured|model.layers.10.mlp.gate_proj,x2,1,0.047104001045227
tiny11|test_long_structured|model.layers.10.mlp.gate_proj,x2,2,0.0480000004172325
tiny11|test_long_structured|model.layers.10.mlp.gate_proj,weighted,0,0.0481280013918876
tiny11|test_long_structured|model.layers.10.mlp.gate_proj,weighted,1,0.047104001045227
tiny11|test_long_structured|model.layers.10.mlp.gate_proj,weighted,2,0.0498879998922348
tiny11|test_long_structured|model.layers.10.mlp.up_proj,abs,0,0.0439679995179176
tiny11|test_long_structured|model.layers.10.mlp.up_proj,abs,1,0.033695999532938
tiny11|test_long_structured|model.layers.10.mlp.up_proj,abs,2,0.0307199992239475
tiny11|test_long_structured|model.layers.10.mlp.up_proj,x2,0,0.047104001045227
tiny11|test_long_structured|model.layers.10.mlp.up_proj,x2,1,0.0491520017385482
tiny11|test_long_structured|model.layers.10.mlp.up_proj,x2,2,0.0481280013918876
tiny11|test_long_structured|model.layers.10.mlp.up_proj,weighted,0,0.0501759983599185
tiny11|test_long_structured|model.layers.10.mlp.up_proj,weighted,1,0.0511679984629154
tiny11|test_long_structured|model.layers.10.mlp.up_proj,weighted,2,0.0491520017385482
tiny11|test_long_structured|model.layers.10.mlp.down_proj,abs,0,0.0501759983599185
tiny11|test_long_structured|model.layers.10.mlp.down_proj,abs,1,0.0501759983599185
tiny11|test_long_structured|model.layers.10.mlp.down_proj,abs,2,0.0491520017385482
tiny11|test_long_structured|model.layers.10.mlp.down_proj,x2,0,0.1546240001916885
tiny11|test_long_structured|model.layers.10.mlp.down_proj,x2,1,0.1402879953384399
tiny11|test_long_structured|model.layers.10.mlp.down_proj,x2,2,0.1351680010557174
tiny11|test_long_structured|model.layers.10.mlp.down_proj,weighted,0,0.1371520012617111
tiny11|test_long_structured|model.layers.10.mlp.down_proj,weighted,1,0.1341439932584762
tiny11|test_long_structured|model.layers.10.mlp.down_proj,weighted,2,0.1361919939517974
tiny11|test_long_structured|model.layers.21.self_attn.q_proj,abs,0,0.2080000042915344
tiny11|test_long_structured|model.layers.21.self_attn.q_proj,abs,1,0.0327679999172687
tiny11|test_long_structured|model.layers.21.self_attn.q_proj,abs,2,0.026528000831604
tiny11|test_long_structured|model.layers.21.self_attn.q_proj,x2,0,0.0460800006985664
tiny11|test_long_structured|model.layers.21.self_attn.q_proj,x2,1,0.0450560003519058
tiny11|test_long_structured|model.layers.21.self_attn.q_proj,x2,2,0.0460800006985664
tiny11|test_long_structured|model.layers.21.self_attn.q_proj,weighted,0,0.047104001045227
tiny11|test_long_structured|model.layers.21.self_attn.q_proj,weighted,1,0.0481280013918876
tiny11|test_long_structured|model.layers.21.self_attn.q_proj,weighted,2,0.0481280013918876
tiny11|test_long_structured|model.layers.21.self_attn.k_proj,abs,0,0.0472000017762184
tiny11|test_long_structured|model.layers.21.self_attn.k_proj,abs,1,0.0276480000466108
tiny11|test_long_structured|model.layers.21.self_attn.k_proj,abs,2,0.0255999993532896
tiny11|test_long_structured|model.layers.21.self_attn.k_proj,x2,0,0.047104001045227
tiny11|test_long_structured|model.layers.21.self_attn.k_proj,x2,1,0.0493759997189044
tiny11|test_long_structured|model.layers.21.self_attn.k_proj,x2,2,0.047104001045227
tiny11|test_long_structured|model.layers.21.self_attn.k_proj,weighted,0,0.0491520017385482
tiny11|test_long_structured|model.layers.21.self_attn.k_proj,weighted,1,0.0491520017385482
tiny11|test_long_structured|model.layers.21.self_attn.k_proj,weighted,2,0.0481280013918876
tiny11|test_long_structured|model.layers.21.self_attn.v_proj,abs,0,0.0470080003142356
tiny11|test_long_structured|model.layers.21.self_attn.v_proj,abs,1,0.031072000041604
tiny11|test_long_structured|model.layers.21.self_attn.v_proj,abs,2,0.0257600005716085
tiny11|test_long_structured|model.layers.21.self_attn.v_proj,x2,0,0.0450560003519058
tiny11|test_long_structured|model.layers.21.self_attn.v_proj,x2,1,0.047104001045227
tiny11|test_long_structured|model.layers.21.self_attn.v_proj,x2,2,0.0460800006985664
tiny11|test_long_structured|model.layers.21.self_attn.v_proj,weighted,0,0.0481280013918876
tiny11|test_long_structured|model.layers.21.self_attn.v_proj,weighted,1,0.0460800006985664
tiny11|test_long_structured|model.layers.21.self_attn.v_proj,weighted,2,0.0468159988522529
tiny11|test_long_structured|model.layers.21.self_attn.o_proj,abs,0,0.0317439995706081
tiny11|test_long_structured|model.layers.21.self_attn.o_proj,abs,1,0.0286400001496076
tiny11|test_long_structured|model.layers.21.self_attn.o_proj,abs,2,0.0225280001759529
tiny11|test_long_structured|model.layers.21.self_attn.o_proj,x2,0,0.0450560003519058
tiny11|test_long_structured|model.layers.21.self_attn.o_proj,x2,1,0.0460800006985664
tiny11|test_long_structured|model.layers.21.self_attn.o_proj,x2,2,0.0462719984352588
tiny11|test_long_structured|model.layers.21.self_attn.o_proj,weighted,0,0.0479680001735687
tiny11|test_long_structured|model.layers.21.self_attn.o_proj,weighted,1,0.0490240007638931
tiny11|test_long_structured|model.layers.21.self_attn.o_proj,weighted,2,0.0488319993019104
tiny11|test_long_structured|model.layers.21.mlp.gate_proj,abs,0,0.0348160006105899
tiny11|test_long_structured|model.layers.21.mlp.gate_proj,abs,1,0.026528000831604
tiny11|test_long_structured|model.layers.21.mlp.gate_proj,abs,2,0.0225280001759529
tiny11|test_long_structured|model.layers.21.mlp.gate_proj,x2,0,0.047104001045227
tiny11|test_long_structured|model.layers.21.mlp.gate_proj,x2,1,0.0460800006985664
tiny11|test_long_structured|model.layers.21.mlp.gate_proj,x2,2,0.0460800006985664
tiny11|test_long_structured|model.layers.21.mlp.gate_proj,weighted,0,0.0481280013918876
tiny11|test_long_structured|model.layers.21.mlp.gate_proj,weighted,1,0.0481280013918876
tiny11|test_long_structured|model.layers.21.mlp.gate_proj,weighted,2,0.0480960011482238
tiny11|test_long_structured|model.layers.21.mlp.up_proj,abs,0,0.0337920002639293
tiny11|test_long_structured|model.layers.21.mlp.up_proj,abs,1,0.0286720003932714
tiny11|test_long_structured|model.layers.21.mlp.up_proj,abs,2,0.0256639998406171
tiny11|test_long_structured|model.layers.21.mlp.up_proj,x2,0,0.047104001045227
tiny11|test_long_structured|model.layers.21.mlp.up_proj,x2,1,0.0478719994425773
tiny11|test_long_structured|model.layers.21.mlp.up_proj,x2,2,0.047104001045227
tiny11|test_long_structured|model.layers.21.mlp.up_proj,weighted,0,0.0491520017385482
tiny11|test_long_structured|model.layers.21.mlp.up_proj,weighted,1,0.0481280013918876
tiny11|test_long_structured|model.layers.21.mlp.up_proj,weighted,2,0.0481280013918876
tiny11|test_long_structured|model.layers.21.mlp.down_proj,abs,0,0.0511999987065792
tiny11|test_long_structured|model.layers.21.mlp.down_proj,abs,1,0.0490560010075569
tiny11|test_long_structured|model.layers.21.mlp.down_proj,abs,2,0.0482879988849163
tiny11|test_long_structured|model.layers.21.mlp.down_proj,x2,0,0.130048006772995
tiny11|test_long_structured|model.layers.21.mlp.down_proj,x2,1,0.1269759982824325
tiny11|test_long_structured|model.layers.21.mlp.down_proj,x2,2,0.1269759982824325
tiny11|test_long_structured|model.layers.21.mlp.down_proj,weighted,0,0.132095992565155
tiny11|test_long_structured|model.layers.21.mlp.down_proj,weighted,1,0.1299840062856674
tiny11|test_long_structured|model.layers.21.mlp.down_proj,weighted,2,0.1361919939517974
