trace_id,input_index,prompt_sha256,num_tokens,module,projection,module_call_index,activation_cv,shape,shape_index,n,d,row_size_kib,scenario,target_fraction,target_importance,row_budget_fraction,row_budget,row_budget_intrinsically_feasible,paper_fixed_valid,paper_fixed_importance,paper_fixed_rows,paper_fixed_lookup_ms,paper_coverage_importance,paper_coverage_rows,paper_coverage_chunks,paper_coverage_lookup_ms,paper_coverage_two_line_ms,method,method_label,tile_length,importance,rows,chunks,two_line_ms,lookup_ms,importance_overshoot,coverage_met,row_budget_met,coverage_and_row_budget_met,deterministic,chosen_offset,gpu_predicted_two_line_ms,gpu_predicted_importance,runtime_wall_median_ms,runtime_wall_p95_ms,runtime_event_median_ms,runtime_event_p95_ms,runtime_cpu_legacy_median_ms,runtime_cpu_legacy_p95_ms,gpu_wall_over_cpu_median_ratio,deadline_met,valid_and_deadline_met,row_budget_valid_and_deadline_met,lookup_saving_vs_paper_pct,two_line_saving_vs_paper_pct,legacy_mask_match,legacy_chosen_offset,legacy_lookup_delta_ms,legacy_two_line_delta_ms
0,0,bdf33cf528fe573c3eaeabbb0701e56e4903474747408b891ca6a4fda87bd4d8,42,model.layers.0.self_attn.q_proj,q_proj,0,1.3532536250432672,896x896,0,896,896,1.75,0,0.5,0.49999999911960913,0.25,224,True,False,0.3416058463335503,224,0.0993381240390939,0.5416220270562917,404,4,0.14049817604103482,0.1425566561068099,tiles_half_s,Tiles (s/2),68,0.5139984392881161,408,5,0.15470379225229805,0.15112926651172315,0.013998440168506932,True,False,False,True,0,0.1547037959098816,0.51399827003479,0.6096794999999999,0.7155746999999998,0.5995519757270813,0.7056911826133726,0.041868,0.04765965,14.561944683290339,True,True,False,-7.56671066504333,-8.520918263112854,True,0,0.0,0.0
0,0,bdf33cf528fe573c3eaeabbb0701e56e4903474747408b891ca6a4fda87bd4d8,42,model.layers.0.self_attn.q_proj,q_proj,0,1.3532536250432672,896x896,0,896,896,1.75,0,0.5,0.49999999911960913,0.25,224,True,False,0.3416058463335503,224,0.0993381240390939,0.5416220270562917,404,4,0.14049817604103482,0.1425566561068099,tiles_s,Tiles (s),135,0.5629435720620677,472,2,0.15912633731475567,0.16055957195145457,0.06294357294245856,True,False,False,True,67,0.15912634134292603,0.5629435181617737,0.599545,0.6249965,0.5898240208625793,0.606486389040947,0.036823999999999996,0.040584049999999997,16.281365413860527,True,True,False,-14.278758967348072,-11.623225221789024,True,67,0.0,0.0
0,0,bdf33cf528fe573c3eaeabbb0701e56e4903474747408b891ca6a4fda87bd4d8,42,model.layers.0.self_attn.q_proj,q_proj,0,1.3532536250432672,896x896,0,896,896,1.75,0,0.5,0.49999999911960913,0.25,224,True,False,0.3416058463335503,224,0.0993381240390939,0.5416220270562917,404,4,0.14049817604103482,0.1425566561068099,tiles_2s,Tiles (2s),270,0.6162248989567161,540,1,0.17567254263947227,0.17945180995475113,0.11622489983710693,True,False,False,True,0,0.17567254602909088,0.6162248253822327,0.623661,1.5623706999999996,0.6134720146656036,1.5402496397495264,0.035311,0.04065405,17.6619467021608,True,True,False,-27.72536627261215,-23.22998268691885,True,0,0.0,0.0
0,0,bdf33cf528fe573c3eaeabbb0701e56e4903474747408b891ca6a4fda87bd4d8,42,model.layers.0.self_attn.q_proj,q_proj,0,1.3532536250432672,896x896,0,896,896,1.75,1,0.7,0.6999999987674528,0.5,448,True,False,0.6008725541178137,448,0.16159500646892705,0.7763820743566612,624,6,0.21557878777254233,0.2182117549380948,tiles_half_s,Tiles (s/2),68,0.7280448395031272,612,4,0.2045889050003539,0.20737505630458614,0.02804484073567437,True,False,False,True,0,0.2045889049768448,0.7280446887016296,0.820368,1.4727403,0.8078559935092926,1.4538239717483519,0.048816,0.06215129999999996,16.805309734513276,True,True,False,3.805444660265911,6.242949625516559,True,0,0.0,0.0
0,0,bdf33cf528fe573c3eaeabbb0701e56e4903474747408b891ca6a4fda87bd4d8,42,model.layers.0.self_attn.q_proj,q_proj,0,1.3532536250432672,896x896,0,896,896,1.75,1,0.7,0.6999999987674528,0.5,448,True,False,0.6008725541178137,448,0.16159500646892705,0.7763820743566612,624,6,0.21557878777254233,0.2182117549380948,tiles_s,Tiles (s),135,0.7049492920050398,607,2,0.20304447297462372,0.20542252444014236,0.004949293237586971,True,False,False,True,67,0.20304447412490845,0.7049492001533508,0.7905275,0.8682639,0.7782399952411652,0.8554495841264724,0.0417235,0.05156079999999999,18.94681654223639,True,True,False,4.711160795242931,6.950717191094469,True,67,0.0,0.0
0,0,bdf33cf528fe573c3eaeabbb0701e56e4903474747408b891ca6a4fda87bd4d8,42,model.layers.0.self_attn.q_proj,q_proj,0,1.3532536250432672,896x896,0,896,896,1.75,1,0.7,0.6999999987674528,0.5,448,True,False,0.6008725541178137,448,0.16159500646892705,0.7763820743566612,624,6,0.21557878777254233,0.2182117549380948,tiles_2s,Tiles (2s),270,0.72798243125726,626,2,0.20365002165242527,0.20774884668462065,0.027982432489807252,True,False,False,True,135,0.20365002751350403,0.7279825210571289,0.938785,1.4103751499999997,0.9220319986343384,1.3942415893077846,0.041297,0.05469529999999999,22.73252294355522,True,True,False,3.6320554396024662,6.673212123609296,True,135,0.0,0.0
0,0,bdf33cf528fe573c3eaeabbb0701e56e4903474747408b891ca6a4fda87bd4d8,42,model.layers.0.self_attn.q_proj,q_proj,0,1.3532536250432672,896x896,0,896,896,1.75,2,0.9,0.8999999984152964,0.75,672,True,False,0.8226725598942721,672,0.2302219234991185,0.9039969935984118,772,5,0.2602152101273456,0.25842419587079735,tiles_half_s,Tiles (s/2),68,0.9081910359527683,794,2,0.25830370158470556,0.26386062426680074,0.008191037537471857,True,False,False,True,34,0.258303701877594,0.9081911444664001,0.6769695,0.8063351999999999,0.6656320095062256,0.7842815876007079,0.0477195,0.05446684999999999,14.186433219124257,True,True,False,-1.4009227737575847,0.04662654968733415,True,34,0.0,0.0
0,0,bdf33cf528fe573c3eaeabbb0701e56e4903474747408b891ca6a4fda87bd4d8,42,model.layers.0.self_attn.q_proj,q_proj,0,1.3532536250432672,896x896,0,896,896,1.75,2,0.9,0.8999999984152964,0.75,672,True,False,0.8226725598942721,672,0.2302219234991185,0.9039969935984118,772,5,0.2602152101273456,0.25842419587079735,tiles_s,Tiles (s),135,0.9076455445610918,810,1,0.26350881395920844,0.26917771493212667,0.007645546145795379,True,False,False,True,0,0.2635088264942169,0.907645583152771,0.6816635,0.85430125,0.6712160110473633,0.8387584090232849,0.0423945,0.07633859999999995,16.079055066105273,True,True,False,-3.4442663057224543,-1.9675472226111657,True,0,0.0,0.0
0,0,bdf33cf528fe573c3eaeabbb0701e56e4903474747408b891ca6a4fda87bd4d8,42,model.layers.0.self_attn.q_proj,q_proj,0,1.3532536250432672,896x896,0,896,896,1.75,2,0.9,0.8999999984152964,0.75,672,True,False,0.8226725598942721,672,0.2302219234991185,0.9039969935984118,772,5,0.2602152101273456,0.25842419587079735,tiles_2s,Tiles (2s),270,0.9076455445610918,810,1,0.26350881395920844,0.26917771493212667,0.007645546145795379,True,False,False,True,0,0.2635088264942169,0.907645583152771,0.746219,1.1715671499999998,0.7311360239982605,1.1557536125183103,0.0367035,0.03959409999999999,20.331003855218167,True,True,False,-3.4442663057224543,-1.9675472226111657,True,0,0.0,0.0
1,0,bdf33cf528fe573c3eaeabbb0701e56e4903474747408b891ca6a4fda87bd4d8,42,model.layers.0.self_attn.k_proj,k_proj,0,1.3532536250432672,896x128,1,896,128,0.25,0,0.5,0.49999999911960913,0.25,224,True,False,0.2721758981642779,224,0.018949429657794677,0.8276547904824838,736,1,0.03559616,0.03664651603113517,tiles_half_s,Tiles (s/2),472,0.5287347950797994,472,1,0.02747613916319621,0.02632202643171806,0.02873479596019024,True,False,False,True,236,0.02747613936662674,0.5287348031997681,0.6865479999999999,0.7465714999999999,0.6752319931983948,0.7354879915714263,0.0348105,0.03647855,19.722440068370172,True,True,False,26.05374728139761,25.023870918991953,True,236,0.0,0.0
1,0,bdf33cf528fe573c3eaeabbb0701e56e4903474747408b891ca6a4fda87bd4d8,42,model.layers.0.self_attn.k_proj,k_proj,0,1.3532536250432672,896x128,1,896,128,0.25,0,0.5,0.49999999911960913,0.25,224,True,False,0.2721758981642779,224,0.018949429657794677,0.8276547904824838,736,1,0.03559616,0.03664651603113517,tiles_s,Tiles (s),896,0.5137649868993321,448,1,0.026642468538838122,0.025773178458289338,0.013764987779723015,True,False,False,True,448,0.026642467826604843,0.5137650370597839,0.6667455,0.8157343999999999,0.6553919911384583,0.8026784002780912,0.033277,0.03930744999999999,20.03622622231571,True,True,False,27.59562138643793,27.298768275263953,True,448,0.0,0.0
1,0,bdf33cf528fe573c3eaeabbb0701e56e4903474747408b891ca6a4fda87bd4d8,42,model.layers.0.self_attn.k_proj,k_proj,0,1.3532536250432672,896x128,1,896,128,0.25,0,0.5,0.49999999911960913,0.25,224,True,False,0.2721758981642779,224,0.018949429657794677,0.8276547904824838,736,1,0.03559616,0.03664651603113517,tiles_2s,Tiles (2s),896,0.5137649868993321,448,1,0.026642468538838122,0.025773178458289338,0.013764987779723015,True,False,False,True,448,0.026642467826604843,0.5137650370597839,0.657324,0.7287724999999999,0.6461119949817657,0.7160016119480133,0.0324005,0.038266399999999985,20.287464699618834,True,True,False,27.59562138643793,27.298768275263953,True,448,0.0,0.0
1,0,bdf33cf528fe573c3eaeabbb0701e56e4903474747408b891ca6a4fda87bd4d8,42,model.layers.0.self_attn.k_proj,k_proj,0,1.3532536250432672,896x128,1,896,128,0.25,1,0.7,0.6999999987674528,0.5,448,True,False,0.5444558074668748,448,0.03634124909539145,0.8276547904824838,736,1,0.03559616,0.03664651603113517,tiles_half_s,Tiles (s/2),472,0.7879471830965485,708,1,0.0356739003027174,0.03657105263157895,0.08794718432909576,True,False,False,True,236,0.035673901438713074,0.7879471778869629,0.6255085,0.6835597999999999,0.6154240071773529,0.6733983933925629,0.034294500000000006,0.041182199999999995,18.239324089868635,True,True,False,-2.7387578648341515,2.654046915650654,True,236,0.0,0.0
1,0,bdf33cf528fe573c3eaeabbb0701e56e4903474747408b891ca6a4fda87bd4d8,42,model.layers.0.self_attn.k_proj,k_proj,0,1.3532536250432672,896x128,1,896,128,0.25,1,0.7,0.6999999987674528,0.5,448,True,False,0.5444558074668748,448,0.03634124909539145,0.8276547904824838,736,1,0.03559616,0.03664651603113517,tiles_s,Tiles (s),896,0.9999999982392183,896,1,0.04220432019352241,0.043105703422053235,0.2999999994717655,True,False,False,True,0,0.042204320430755615,1.0000001192092896,0.7085395,0.78218925,0.696832001209259,0.7597567856311797,0.032119999999999996,0.03398105,22.059137608966378,True,True,False,-21.09649867304011,-15.165982375146637,True,0,0.0,0.0
1,0,bdf33cf528fe573c3eaeabbb0701e56e4903474747408b891ca6a4fda87bd4d8,42,model.layers.0.self_attn.k_proj,k_proj,0,1.3532536250432672,896x128,1,896,128,0.25,1,0.7,0.6999999987674528,0.5,448,True,False,0.5444558074668748,448,0.03634124909539145,0.8276547904824838,736,1,0.03559616,0.03664651603113517,tiles_2s,Tiles (2s),896,0.9999999982392183,896,1,0.04220432019352241,0.043105703422053235,0.2999999994717655,True,False,False,True,0,0.042204320430755615,1.0000001192092896,0.7152525000000001,0.7975746999999999,0.7024639844894409,0.7855616092681884,0.032276,0.03946464999999998,22.160506258520265,True,True,False,-21.09649867304011,-15.165982375146637,True,0,0.0,0.0
1,0,bdf33cf528fe573c3eaeabbb0701e56e4903474747408b891ca6a4fda87bd4d8,42,model.layers.0.self_attn.k_proj,k_proj,0,1.3532536250432672,896x128,1,896,128,0.25,2,0.9,0.8999999984152964,0.75,672,True,False,0.7780601531849243,672,0.04411609029795707,0.968479383373051,864,1,0.04185874769797422,0.041092759361044964,tiles_half_s,Tiles (s/2),472,0.9999999982392183,896,1,0.04220432019352241,0.043105703422053235,0.09999999982392183,True,False,False,True,0,0.042204320430755615,1.0000001192092896,0.7193095,0.7756203499999998,0.7065600156784058,0.7641087979078293,0.033738000000000004,0.038147799999999996,21.320454680182582,True,True,False,-2.9789608926579447,-2.70500411693253,True,0,0.0,0.0
1,0,bdf33cf528fe573c3eaeabbb0701e56e4903474747408b891ca6a4fda87bd4d8,42,model.layers.0.self_attn.k_proj,k_proj,0,1.3532536250432672,896x128,1,896,128,0.25,2,0.9,0.8999999984152964,0.75,672,True,False,0.7780601531849243,672,0.04411609029795707,0.968479383373051,864,1,0.04185874769797422,0.041092759361044964,tiles_s,Tiles (s),896,0.9999999982392183,896,1,0.04220432019352241,0.043105703422053235,0.09999999982392183,True,False,False,True,0,0.042204320430755615,1.0000001192092896,0.6512020000000001,0.73505965,0.637935996055603,0.7230976164340972,0.0319495,0.0338105,20.382228203884257,True,True,False,-2.9789608926579447,-2.70500411693253,True,0,0.0,0.0
1,0,bdf33cf528fe573c3eaeabbb0701e56e4903474747408b891ca6a4fda87bd4d8,42,model.layers.0.self_attn.k_proj,k_proj,0,1.3532536250432672,896x128,1,896,128,0.25,2,0.9,0.8999999984152964,0.75,672,True,False,0.7780601531849243,672,0.04411609029795707,0.968479383373051,864,1,0.04185874769797422,0.041092759361044964,tiles_2s,Tiles (2s),896,0.9999999982392183,896,1,0.04220432019352241,0.043105703422053235,0.09999999982392183,True,False,False,True,0,0.042204320430755615,1.0000001192092896,0.7070810000000001,0.8228065499999998,0.6952959895133972,0.8075775861740111,0.0324555,0.036765,21.786168754140288,True,True,False,-2.9789608926579447,-2.70500411693253,True,0,0.0,0.0
4,0,bdf33cf528fe573c3eaeabbb0701e56e4903474747408b891ca6a4fda87bd4d8,42,model.layers.0.mlp.gate_proj,gate_proj,0,0.711958807772396,896x4864,2,896,4864,9.5,0,0.5,0.4999999994179234,0.25,224,False,False,0.30784284439869225,224,0.4462128737670909,0.5030642045312561,401,21,0.7581165388443505,0.762004328482586,tiles_half_s,Tiles (s/2),12,0.5016124164685607,408,18,0.7632623776046473,0.7729646808393413,0.0016124170506373048,True,False,False,True,6,0.7632623910903931,0.5016123056411743,0.712827,0.8366395999999999,0.7014399766921997,0.8240639984607695,0.105642,0.11224805,6.747571988413699,True,True,False,-1.9585566643388175,-0.16509737215884002,True,6,0.0,0.0
4,0,bdf33cf528fe573c3eaeabbb0701e56e4903474747408b891ca6a4fda87bd4d8,42,model.layers.0.mlp.gate_proj,gate_proj,0,0.711958807772396,896x4864,2,896,4864,9.5,0,0.5,0.4999999994179234,0.25,224,False,False,0.30784284439869225,224,0.4462128737670909,0.5030642045312561,401,21,0.7581165388443505,0.762004328482586,tiles_s,Tiles (s),25,0.5099332222016528,425,7,0.7505586147162641,0.7682674719291444,0.009933222783729434,True,False,False,True,0,0.750558614730835,0.5099332332611084,0.7092305,0.84521325,0.6978560090065002,0.8320512175559998,0.064225,0.06786365,11.042903853639547,True,True,False,-1.338967370408195,1.5020536417574393,True,0,0.0,0.0
4,0,bdf33cf528fe573c3eaeabbb0701e56e4903474747408b891ca6a4fda87bd4d8,42,model.layers.0.mlp.gate_proj,gate_proj,0,0.711958807772396,896x4864,2,896,4864,9.5,0,0.5,0.4999999994179234,0.25,224,False,False,0.30784284439869225,224,0.4462128737670909,0.5030642045312561,401,21,0.7581165388443505,0.762004328482586,tiles_2s,Tiles (2s),50,0.5298781426390633,450,5,0.7947091214642796,0.8118058069381598,0.029878143221139908,True,False,False,True,25,0.7947090864181519,0.5298782587051392,0.690716,0.7478246,0.680512011051178,0.7278079986572266,0.048530500000000004,0.05194279999999999,14.232616601930744,True,True,False,-7.081928086630529,-4.291943202845072,True,25,0.0,0.0
4,0,bdf33cf528fe573c3eaeabbb0701e56e4903474747408b891ca6a4fda87bd4d8,42,model.layers.0.mlp.gate_proj,gate_proj,0,0.711958807772396,896x4864,2,896,4864,9.5,1,0.7,0.6999999991850927,0.5,448,False,False,0.5559220447321422,448,0.8522610686801502,0.7085657949210145,596,29,1.1150674129162572,1.1161442485404292,tiles_half_s,Tiles (s/2),12,0.704418879293371,600,16,1.072946463626524,1.0977816658882915,0.004418880108278289,True,False,False,True,6,1.072946548461914,0.7044187188148499,0.7206319999999999,0.7572285999999999,0.7080959975719452,0.7346176177263259,0.1137475,0.13000784999999995,6.335365612431042,True,True,False,1.5501974883077252,3.870269006035232,True,6,0.0,0.0
4,0,bdf33cf528fe573c3eaeabbb0701e56e4903474747408b891ca6a4fda87bd4d8,42,model.layers.0.mlp.gate_proj,gate_proj,0,0.711958807772396,896x4864,2,896,4864,9.5,1,0.7,0.6999999991850927,0.5,448,False,False,0.5559220447321422,448,0.8522610686801502,0.7085657949210145,596,29,1.1150674129162572,1.1161442485404292,tiles_s,Tiles (s),25,0.72214933228679,625,8,1.1037626687003883,1.1295907153234355,0.02214933310169731,True,False,False,True,0,1.1037626266479492,0.7221493721008301,0.737338,0.80148005,0.722432017326355,0.7889920145273208,0.0719895,0.08796099999999998,10.242299224192418,True,True,False,-1.30245958575681,1.1093171743913999,True,0,0.0,0.0
4,0,bdf33cf528fe573c3eaeabbb0701e56e4903474747408b891ca6a4fda87bd4d8,42,model.layers.0.mlp.gate_proj,gate_proj,0,0.711958807772396,896x4864,2,896,4864,9.5,1,0.7,0.6999999991850927,0.5,448,False,False,0.5559220447321422,448,0.8522610686801502,0.7085657949210145,596,29,1.1150674129162572,1.1161442485404292,tiles_2s,Tiles (2s),50,0.7439629395958036,650,4,1.1479131754484038,1.1726083877995643,0.043962940410710916,True,False,False,True,25,1.1479132175445557,0.7439630031585693,0.669672,0.7170725,0.6574079990386963,0.7067791968584061,0.051185499999999995,0.055834749999999995,13.083236463451566,True,True,False,-5.1603135574394665,-2.8463101386329237,True,25,0.0,0.0
4,0,bdf33cf528fe573c3eaeabbb0701e56e4903474747408b891ca6a4fda87bd4d8,42,model.layers.0.mlp.gate_proj,gate_proj,0,0.711958807772396,896x4864,2,896,4864,9.5,2,0.9,0.8999999989522621,0.75,672,False,False,0.7865748835611157,672,1.2473444545230543,0.9093024788307957,799,23,1.457214559106476,1.4411462779663333,tiles_half_s,Tiles (s/2),12,0.900037519808393,792,9,1.404416169285042,1.4324458209864868,3.752085613084599e-05,True,False,False,True,0,1.4044162034988403,0.9000375270843506,0.649764,0.6866017,0.6385439932346344,0.6753040105104446,0.116382,0.13077539999999999,5.583028303345879,True,True,False,1.699731722086062,2.548673180707428,True,0,0.0,0.0
4,0,bdf33cf528fe573c3eaeabbb0701e56e4903474747408b891ca6a4fda87bd4d8,42,model.layers.0.mlp.gate_proj,gate_proj,0,0.711958807772396,896x4864,2,896,4864,9.5,2,0.9,0.8999999989522621,0.75,672,False,False,0.7865748835611157,672,1.2473444545230543,0.9093024788307957,799,23,1.457214559106476,1.4411462779663333,tiles_s,Tiles (s),25,0.9039563668775372,800,4,1.412816215936497,1.4432103234456175,0.003956367925275095,True,False,False,True,0,1.4128162860870361,0.9039563536643982,0.7312970000000001,0.9020070499999999,0.7188479900360107,0.8555519998073576,0.071514,0.09219719999999998,10.225927790362729,True,True,False,0.9610277068220818,1.9658005896399433,True,0,0.0,0.0
4,0,bdf33cf528fe573c3eaeabbb0701e56e4903474747408b891ca6a4fda87bd4d8,42,model.layers.0.mlp.gate_proj,gate_proj,0,0.711958807772396,896x4864,2,896,4864,9.5,2,0.9,0.8999999989522621,0.75,672,False,False,0.7865748835611157,672,1.2473444545230543,0.9093024788307957,799,23,1.457214559106476,1.4411462779663333,tiles_2s,Tiles (2s),50,0.901788494316861,800,2,1.412816215936497,1.4432103234456175,0.0017884953645989077,True,False,False,True,0,1.4128162860870361,0.9017884731292725,0.734047,0.88434395,0.7208960056304932,0.8707071810960769,0.051155000000000006,0.055985599999999996,14.349467305248751,True,True,False,0.9610277068220818,1.9658005896399433,True,0,0.0,0.0
6,0,bdf33cf528fe573c3eaeabbb0701e56e4903474747408b891ca6a4fda87bd4d8,42,model.layers.0.mlp.down_proj,down_proj,0,0.6053668747588001,4864x896,3,4864,896,1.75,0,0.5,0.4999999995870894,0.25,1216,False,False,0.276644500598195,1212,0.4172127177933851,0.5196653382226941,2364,20,0.8035151924482402,0.7964282331779775,tiles_half_s,Tiles (s/2),68,0.501102164038457,2312,17,0.8070723048718529,0.8071045876914522,0.001102164451367571,True,False,False,True,0,0.8070722818374634,0.501102089881897,0.6648425,0.86375415,0.6538399755954742,0.8475135773420334,0.1200745,0.12440105,5.536916664237619,True,True,False,-0.4467115590279569,-1.3364759372482826,True,0,0.0,0.0
6,0,bdf33cf528fe573c3eaeabbb0701e56e4903474747408b891ca6a4fda87bd4d8,42,model.layers.0.mlp.down_proj,down_proj,0,0.6053668747588001,4864x896,3,4864,896,1.75,0,0.5,0.4999999995870894,0.25,1216,False,False,0.276644500598195,1212,0.4172127177933851,0.5196653382226941,2364,20,0.8035151924482402,0.7964282331779775,tiles_s,Tiles (s),135,0.5172175836851238,2430,10,0.7905264418776252,0.8058391912188351,0.017217584098034422,True,False,False,True,0,0.7905264496803284,0.5172176361083984,0.6463125000000001,0.7760079999999999,0.6360159814357758,0.7617392092943192,0.0822985,0.0889806,7.853271930837137,True,True,False,-0.2892289769299561,0.7410324062473883,True,0,0.0,0.0
6,0,bdf33cf528fe573c3eaeabbb0701e56e4903474747408b891ca6a4fda87bd4d8,42,model.layers.0.mlp.down_proj,down_proj,0,0.6053668747588001,4864x896,3,4864,896,1.75,0,0.5,0.4999999995870894,0.25,1216,False,False,0.276644500598195,1212,0.4172127177933851,0.5196653382226941,2364,20,0.8035151924482402,0.7964282331779775,tiles_2s,Tiles (2s),270,0.5138477690925356,2430,3,0.7905264418776252,0.80753314479638,0.013847769505446195,True,False,False,True,0,0.7905265092849731,0.5138477087020874,0.722505,0.9023436999999997,0.7106559872627258,0.8843775957822797,0.0640545,0.06950875,11.27953539563965,True,True,False,-0.5000468424122051,0.7410324062473883,True,0,0.0,0.0
6,0,bdf33cf528fe573c3eaeabbb0701e56e4903474747408b891ca6a4fda87bd4d8,42,model.layers.0.mlp.down_proj,down_proj,0,0.6053668747588001,4864x896,3,4864,896,1.75,1,0.7,0.6999999994219251,0.5,2432,False,False,0.5340160500927595,2430,0.8288279102499381,0.7071194039526745,3276,27,1.1123307412918657,1.1038950689268168,tiles_half_s,Tiles (s/2),68,0.7067213061418443,3332,16,1.1169247920439371,1.1309675619376325,0.006721306719919107,True,False,False,True,34,1.11692476272583,0.7067210674285889,0.7199855,0.8372841999999999,0.707584023475647,0.8224255919456481,0.12655149999999998,0.13710135,5.689268795707677,True,True,False,-1.6754747445100637,-1.1803407301916424,True,34,0.0,0.0
6,0,bdf33cf528fe573c3eaeabbb0701e56e4903474747408b891ca6a4fda87bd4d8,42,model.layers.0.mlp.down_proj,down_proj,0,0.6053668747588001,4864x896,3,4864,896,1.75,1,0.7,0.6999999994219251,0.5,2432,False,False,0.5340160500927595,2430,0.8288279102499381,0.7071194039526745,3276,27,1.1123307412918657,1.1038950689268168,tiles_s,Tiles (s),135,0.7091239046094415,3375,8,1.0979533914967017,1.120162184235907,0.009123905187516379,True,False,False,True,67,1.09795343875885,0.7091237902641296,0.7221245000000001,0.8141640499999998,0.709632009267807,0.7977472037076948,0.08555499999999999,0.09428425,8.440471042019755,True,True,False,-0.7040570446651406,0.5382465777197032,True,67,0.0,0.0
6,0,bdf33cf528fe573c3eaeabbb0701e56e4903474747408b891ca6a4fda87bd4d8,42,model.layers.0.mlp.down_proj,down_proj,0,0.6053668747588001,4864x896,3,4864,896,1.75,1,0.7,0.6999999994219251,0.5,2432,False,False,0.5340160500927595,2430,0.8288279102499381,0.7071194039526745,3276,27,1.1123307412918657,1.1038950689268168,tiles_2s,Tiles (2s),270,0.706216028855124,3375,5,1.0979533914967017,1.1215738122171945,0.0062160294331988775,True,False,False,True,135,1.09795343875885,0.7062163949012756,0.717571,0.7886582999999998,0.7055360078811646,0.7735807985067366,0.068092,0.0730922,10.538257063972273,True,True,False,-0.8309642610968337,0.5382465777197032,True,135,0.0,0.0
6,0,bdf33cf528fe573c3eaeabbb0701e56e4903474747408b891ca6a4fda87bd4d8,42,model.layers.0.mlp.down_proj,down_proj,0,0.6053668747588001,4864x896,3,4864,896,1.75,2,0.9,0.899999999256761,0.75,3648,False,False,0.7792637944075977,3648,1.2379577020024999,0.9015754684369313,4296,34,1.4755060212213928,1.4633051455956145,tiles_half_s,Tiles (s/2),68,0.9040260774454509,4352,7,1.4212839225404026,1.4502449993245292,0.004026078188689941,True,False,False,True,34,1.4212839603424072,0.9040260910987854,0.720602,0.8340197499999998,0.7080959975719452,0.8217088133096694,0.130358,0.13801805,5.5278694057902085,True,True,False,1.7120243179999384,2.8716650919796916,True,34,0.0,0.0
6,0,bdf33cf528fe573c3eaeabbb0701e56e4903474747408b891ca6a4fda87bd4d8,42,model.layers.0.mlp.down_proj,down_proj,0,0.6053668747588001,4864x896,3,4864,896,1.75,2,0.9,0.899999999256761,0.75,3648,False,False,0.7792637944075977,3648,1.2379577020024999,0.9015754684369313,4296,34,1.4755060212213928,1.4633051455956145,tiles_s,Tiles (s),135,0.9222404624561023,4455,3,1.4492984767756463,1.480477432126697,0.022240463199341254,True,False,False,True,67,1.4492985010147095,0.9222403764724731,0.71956,0.8231548499999999,0.7065600156784058,0.8088576138019561,0.087974,0.09781109999999998,8.179234773910474,True,True,False,-0.3369292184378203,0.9571939839155719,True,67,0.0,0.0
6,0,bdf33cf528fe573c3eaeabbb0701e56e4903474747408b891ca6a4fda87bd4d8,42,model.layers.0.mlp.down_proj,down_proj,0,0.6053668747588001,4864x896,3,4864,896,1.75,2,0.9,0.899999999256761,0.75,3648,False,False,0.7792637944075977,3648,1.2379577020024999,0.9015754684369313,4296,34,1.4755060212213928,1.4633051455956145,tiles_2s,Tiles (2s),270,0.9206280899925332,4455,2,1.4492984767756463,1.4804774321266967,0.02062809073577221,True,False,False,True,135,1.4492985010147095,0.9206283092498779,0.7105635,0.841585,0.6988800168037415,0.8263168007135391,0.0692295,0.07369884999999998,10.263883171191472,True,True,False,-0.3369292184377981,0.9571939839155719,True,135,0.0,0.0
14,0,bdf33cf528fe573c3eaeabbb0701e56e4903474747408b891ca6a4fda87bd4d8,42,model.layers.2.self_attn.q_proj,q_proj,0,0.9100916514890511,896x896,0,896,896,1.75,0,0.5,0.49999999935971573,0.25,224,False,False,0.2962633464485407,224,0.0840864758342145,0.5681579433148727,452,5,0.15909245218627063,0.16530866173197695,tiles_half_s,Tiles (s/2),68,0.5632712458609603,476,3,0.16034544981707938,0.16217978564931548,0.0632712465012446,True,False,False,True,0,0.16034545004367828,0.5632711052894592,0.727194,0.8077905999999999,0.7106559872627258,0.7941631823778151,0.043787,0.05292259999999999,16.60753191586544,True,True,False,-1.9405907826664848,3.002390717399106,True,0,0.0,0.0
14,0,bdf33cf528fe573c3eaeabbb0701e56e4903474747408b891ca6a4fda87bd4d8,42,model.layers.2.self_attn.q_proj,q_proj,0,0.9100916514890511,896x896,0,896,896,1.75,0,0.5,0.49999999935971573,0.25,224,False,False,0.2962633464485407,224,0.0840864758342145,0.5681579433148727,452,5,0.15909245218627063,0.16530866173197695,tiles_s,Tiles (s),135,0.623256502149161,540,3,0.17567254263947227,0.17888715876223615,0.12325650278944522,True,False,False,True,67,0.17567254602909088,0.6232564449310303,0.720907,0.8029415,0.7086080014705658,0.7902719974517822,0.039023,0.046498649999999996,18.47390000768777,True,True,False,-12.442266307385363,-6.269411898269905,True,67,0.0,0.0
14,0,bdf33cf528fe573c3eaeabbb0701e56e4903474747408b891ca6a4fda87bd4d8,42,model.layers.2.self_attn.q_proj,q_proj,0,0.9100916514890511,896x896,0,896,896,1.75,0,0.5,0.49999999935971573,0.25,224,False,False,0.2962633464485407,224,0.0840864758342145,0.5681579433148727,452,5,0.15909245218627063,0.16530866173197695,tiles_2s,Tiles (2s),270,0.6270426498958841,540,2,0.17567254263947227,0.17945180995475113,0.12704265053616837,True,False,False,True,0,0.17567254602909088,0.6270424127578735,0.701596,0.7991189999999999,0.6896640062332153,0.7844352006912231,0.033863000000000004,0.039594349999999987,20.718660484895015,True,True,False,-12.79718647157635,-6.269411898269905,True,0,0.0,0.0
14,0,bdf33cf528fe573c3eaeabbb0701e56e4903474747408b891ca6a4fda87bd4d8,42,model.layers.2.self_attn.q_proj,q_proj,0,0.9100916514890511,896x896,0,896,896,1.75,1,0.7,0.699999999103602,0.5,448,False,False,0.5630874724593014,448,0.15795540747415185,0.7095923349261284,580,6,0.20219815560832385,0.20751298192549936,tiles_half_s,Tiles (s/2),68,0.7102125695091672,612,3,0.2045889050003539,0.2072277566787323,0.010212570405565224,True,False,False,True,0,0.2045889049768448,0.7102124691009521,0.7045265,0.7436105,0.6927359998226166,0.7239680290222168,0.04500899999999999,0.051033849999999985,15.653013841676113,True,True,False,-2.487461399079849,1.4091055402959074,True,0,0.0,0.0
14,0,bdf33cf528fe573c3eaeabbb0701e56e4903474747408b891ca6a4fda87bd4d8,42,model.layers.2.self_attn.q_proj,q_proj,0,0.9100916514890511,896x896,0,896,896,1.75,1,0.7,0.699999999103602,0.5,448,False,False,0.5630874724593014,448,0.15795540747415185,0.7095923349261284,580,6,0.20219815560832385,0.20751298192549936,tiles_s,Tiles (s),135,0.7698407208081335,675,2,0.21959067829934034,0.2240324368471814,0.06984072170453148,True,False,False,True,67,0.2195906788110733,0.769840657711029,0.6285145000000001,0.8041423999999998,0.6185600161552429,0.7917567849159239,0.038737499999999994,0.041673049999999996,16.22496289125525,True,True,False,-10.79845717344352,-5.820212432867011,True,67,0.0,0.0
14,0,bdf33cf528fe573c3eaeabbb0701e56e4903474747408b891ca6a4fda87bd4d8,42,model.layers.2.self_attn.q_proj,q_proj,0,0.9100916514890511,896x896,0,896,896,1.75,1,0.7,0.699999999103602,0.5,448,False,False,0.5630874724593014,448,0.15795540747415185,0.7095923349261284,580,6,0.20219815560832385,0.20751298192549936,tiles_2s,Tiles (2s),270,0.7648120165104046,675,1,0.21959067829934034,0.22431476244343893,0.06481201740680265,True,False,False,True,135,0.2195906788110733,0.7648120522499084,0.707612,0.7874885499999998,0.6952959895133972,0.7752703845500944,0.03487,0.039928649999999996,20.292859191281906,True,True,False,-10.938085349283266,-5.820212432867011,True,135,0.0,0.0
14,0,bdf33cf528fe573c3eaeabbb0701e56e4903474747408b891ca6a4fda87bd4d8,42,model.layers.2.self_attn.q_proj,q_proj,0,0.9100916514890511,896x896,0,896,896,1.75,2,0.9,0.8999999988474884,0.75,672,False,False,0.8062591483467259,672,0.23441584462401574,0.9001630977727473,776,6,0.2642673465232514,0.2652188306400417,tiles_half_s,Tiles (s/2),68,0.9236902484553866,816,1,0.265460731099647,0.2711716239316239,0.02369024960789823,True,False,False,True,34,0.265460729598999,0.9236901998519897,0.7150015,0.7796721999999998,0.7029599845409393,0.761292791366577,0.046120999999999995,0.053287549999999996,15.502731944233647,True,True,False,-2.612610865173637,-0.0912078750296752,True,34,0.0,0.0
14,0,bdf33cf528fe573c3eaeabbb0701e56e4903474747408b891ca6a4fda87bd4d8,42,model.layers.2.self_attn.q_proj,q_proj,0,0.9100916514890511,896x896,0,896,896,1.75,2,0.9,0.8999999988474884,0.75,672,False,False,0.8062591483467259,672,0.23441584462401574,0.9001630977727473,776,6,0.2642673465232514,0.2652188306400417,tiles_s,Tiles (s),135,0.9100242021377198,810,1,0.26350881395920844,0.26917771493212667,0.01002420329023146,True,False,False,True,67,0.2635088264942169,0.9100241661071777,0.7101625,0.7850454,0.6978560090065002,0.7725568026304245,0.038612,0.04280774999999999,18.39227442245934,True,True,False,-1.8581063735179315,0.6447568887573141,True,67,0.0,0.0
14,0,bdf33cf528fe573c3eaeabbb0701e56e4903474747408b891ca6a4fda87bd4d8,42,model.layers.2.self_attn.q_proj,q_proj,0,0.9100916514890511,896x896,0,896,896,1.75,2,0.9,0.8999999988474884,0.75,672,False,False,0.8062591483467259,672,0.23441584462401574,0.9001630977727473,776,6,0.2642673465232514,0.2652188306400417,tiles_2s,Tiles (2s),270,0.9135033638449386,810,1,0.26350881395920844,0.26917771493212667,0.013503364997450196,True,False,False,True,0,0.2635088264942169,0.9135032892227173,0.7063999999999999,0.76069915,0.6937599778175354,0.730419185757637,0.034134,0.03670364999999999,20.694908302572216,True,True,False,-1.8581063735179315,0.6447568887573141,True,0,0.0,0.0
15,0,bdf33cf528fe573c3eaeabbb0701e56e4903474747408b891ca6a4fda87bd4d8,42,model.layers.2.self_attn.k_proj,k_proj,0,0.9100916514890511,896x128,1,896,128,0.25,0,0.5,0.49999999935971573,0.25,224,False,False,0.27074810265912674,224,0.018949429657794677,0.8305005088332109,736,1,0.03559616,0.03664651603113517,tiles_half_s,Tiles (s/2),472,0.5153711684397422,472,1,0.02747613916319621,0.02632202643171806,0.015371169080026448,True,False,False,True,236,0.02747613936662674,0.5153710842132568,0.7182625,0.85222675,0.7039999961853027,0.8186880230903625,0.0323605,0.0354252,22.195655196922175,True,True,False,26.05374728139761,25.023870918991953,True,236,0.0,0.0
15,0,bdf33cf528fe573c3eaeabbb0701e56e4903474747408b891ca6a4fda87bd4d8,42,model.layers.2.self_attn.k_proj,k_proj,0,0.9100916514890511,896x128,1,896,128,0.25,0,0.5,0.49999999935971573,0.25,224,False,False,0.27074810265912674,224,0.018949429657794677,0.8305005088332109,736,1,0.03559616,0.03664651603113517,tiles_s,Tiles (s),896,0.5032400460622739,448,1,0.026642468538838122,0.025773178458289338,0.0032400467025581747,True,False,False,True,448,0.026642467826604843,0.5032400488853455,0.72758,0.8662285499999997,0.7152639925479889,0.8532992124557491,0.03226,0.0354351,22.55362678239306,True,True,False,27.59562138643793,27.298768275263953,True,448,0.0,0.0
15,0,bdf33cf528fe573c3eaeabbb0701e56e4903474747408b891ca6a4fda87bd4d8,42,model.layers.2.self_attn.k_proj,k_proj,0,0.9100916514890511,896x128,1,896,128,0.25,0,0.5,0.49999999935971573,0.25,224,False,False,0.27074810265912674,224,0.018949429657794677,0.8305005088332109,736,1,0.03559616,0.03664651603113517,tiles_2s,Tiles (2s),896,0.5032400460622739,448,1,0.026642468538838122,0.025773178458289338,0.0032400467025581747,True,False,False,True,448,0.026642467826604843,0.5032400488853455,0.704326,0.76881695,0.6922240257263184,0.7564800053834915,0.032075,0.03628255,21.95872174590803,True,True,False,27.59562138643793,27.298768275263953,True,448,0.0,0.0
15,0,bdf33cf528fe573c3eaeabbb0701e56e4903474747408b891ca6a4fda87bd4d8,42,model.layers.2.self_attn.k_proj,k_proj,0,0.9100916514890511,896x128,1,896,128,0.25,1,0.7,0.699999999103602,0.5,448,False,False,0.5155465874413494,448,0.03634124909539145,0.8305005088332109,736,1,0.03559616,0.03664651603113517,tiles_half_s,Tiles (s/2),472,0.7977053385984618,708,1,0.0356739003027174,0.03657105263157895,0.09770533949485982,True,False,False,True,236,0.035673901438713074,0.7977052927017212,0.7048325,0.789486,0.681984007358551,0.777238404750824,0.034374,0.0363891,20.504814685518124,True,True,False,-2.7387578648341515,2.654046915650654,True,236,0.0,0.0
15,0,bdf33cf528fe573c3eaeabbb0701e56e4903474747408b891ca6a4fda87bd4d8,42,model.layers.2.self_attn.k_proj,k_proj,0,0.9100916514890511,896x128,1,896,128,0.25,1,0.7,0.699999999103602,0.5,448,False,False,0.5155465874413494,448,0.03634124909539145,0.8305005088332109,736,1,0.03559616,0.03664651603113517,tiles_s,Tiles (s),896,0.9999999987194315,896,1,0.04220432019352241,0.043105703422053235,0.29999999961582946,True,False,False,True,0,0.042204320430755615,1.0,0.748128,1.0665027499999995,0.7357439994812012,1.0439679682254788,0.0360325,0.05484694999999999,20.762589329077915,True,True,False,-21.09649867304011,-15.165982375146637,True,0,0.0,0.0
15,0,bdf33cf528fe573c3eaeabbb0701e56e4903474747408b891ca6a4fda87bd4d8,42,model.layers.2.self_attn.k_proj,k_proj,0,0.9100916514890511,896x128,1,896,128,0.25,1,0.7,0.699999999103602,0.5,448,False,False,0.5155465874413494,448,0.03634124909539145,0.8305005088332109,736,1,0.03559616,0.03664651603113517,tiles_2s,Tiles (2s),896,0.9999999987194315,896,1,0.04220432019352241,0.043105703422053235,0.29999999961582946,True,False,False,True,0,0.042204320430755615,1.0,0.825302,1.5577455499999993,0.8140639960765839,1.5422319769859305,0.033367,0.045390549999999995,24.734078580633557,True,True,False,-21.09649867304011,-15.165982375146637,True,0,0.0,0.0
15,0,bdf33cf528fe573c3eaeabbb0701e56e4903474747408b891ca6a4fda87bd4d8,42,model.layers.2.self_attn.k_proj,k_proj,0,0.9100916514890511,896x128,1,896,128,0.25,2,0.9,0.8999999988474884,0.75,672,False,False,0.7685522198444232,672,0.04411609029795707,0.9684828879544511,864,1,0.04185874769797422,0.041092759361044964,tiles_half_s,Tiles (s/2),472,0.9999999987194315,896,1,0.04220432019352241,0.043105703422053235,0.09999999987194308,True,False,False,True,0,0.042204320430755615,1.0,0.74356,0.8598044499999998,0.7326720058917999,0.8433519989252088,0.034099000000000004,0.0377801,21.805918062113257,True,True,False,-2.9789608926579447,-2.70500411693253,True,0,0.0,0.0
15,0,bdf33cf528fe573c3eaeabbb0701e56e4903474747408b891ca6a4fda87bd4d8,42,model.layers.2.self_attn.k_proj,k_proj,0,0.9100916514890511,896x128,1,896,128,0.25,2,0.9,0.8999999988474884,0.75,672,False,False,0.7685522198444232,672,0.04411609029795707,0.9684828879544511,864,1,0.04185874769797422,0.041092759361044964,tiles_s,Tiles (s),896,0.9999999987194315,896,1,0.04220432019352241,0.043105703422053235,0.09999999987194308,True,False,False,True,0,0.042204320430755615,1.0,0.7429885,0.8607882499999999,0.7316479980945587,0.8476160049438476,0.032886,0.036842,22.59285106124187,True,True,False,-2.9789608926579447,-2.70500411693253,True,0,0.0,0.0
15,0,bdf33cf528fe573c3eaeabbb0701e56e4903474747408b891ca6a4fda87bd4d8,42,model.layers.2.self_attn.k_proj,k_proj,0,0.9100916514890511,896x128,1,896,128,0.25,2,0.9,0.8999999988474884,0.75,672,False,False,0.7685522198444232,672,0.04411609029795707,0.9684828879544511,864,1,0.04185874769797422,0.041092759361044964,tiles_2s,Tiles (2s),896,0.9999999987194315,896,1,0.04220432019352241,0.043105703422053235,0.09999999987194308,True,False,False,True,0,0.042204320430755615,1.0,0.6750065000000001,0.74840675,0.6635519862174988,0.7363584041595459,0.032886,0.0368381,20.525649212430825,True,True,False,-2.9789608926579447,-2.70500411693253,True,0,0.0,0.0
18,0,bdf33cf528fe573c3eaeabbb0701e56e4903474747408b891ca6a4fda87bd4d8,42,model.layers.2.mlp.gate_proj,gate_proj,0,0.5352794499765172,896x4864,2,896,4864,9.5,0,0.5,0.4999999866357392,0.25,224,False,False,0.3025162075064145,224,0.44373920335501293,0.501386430405546,404,20,0.7567302357948132,0.7643209521222472,tiles_half_s,Tiles (s/2),12,0.5110173622961156,420,16,0.7837033925803624,0.7913973469896545,0.011017375660376416,True,False,False,True,0,0.7837034463882446,0.5110178589820862,0.667933,0.768542,0.6568959951400757,0.7519232034683228,0.1067295,0.11500054999999999,6.258185412655357,True,True,False,-4.58117167188774,-2.535903327561151,True,0,0.0,0.0
18,0,bdf33cf528fe573c3eaeabbb0701e56e4903474747408b891ca6a4fda87bd4d8,42,model.layers.2.mlp.gate_proj,gate_proj,0,0.5352794499765172,896x4864,2,896,4864,9.5,0,0.5,0.4999999866357392,0.25,224,False,False,0.3025162075064145,224,0.44373920335501293,0.501386430405546,404,20,0.7567302357948132,0.7643209521222472,tiles_s,Tiles (s),25,0.5098188145202585,425,8,0.7505586147162641,0.7682674719291444,0.009818827884519266,True,False,False,True,12,0.750558614730835,0.509818971157074,0.6483415,0.6843681,0.6374399960041046,0.6738944053649902,0.06627849999999999,0.07228119999999999,9.782078652956843,True,True,False,-1.5246167773662833,1.8005966430424292,True,12,0.0,0.0
18,0,bdf33cf528fe573c3eaeabbb0701e56e4903474747408b891ca6a4fda87bd4d8,42,model.layers.2.mlp.gate_proj,gate_proj,0,0.5352794499765172,896x4864,2,896,4864,9.5,0,0.5,0.4999999866357392,0.25,224,False,False,0.3025162075064145,224,0.44373920335501293,0.501386430405546,404,20,0.7567302357948132,0.7643209521222472,tiles_2s,Tiles (2s),50,0.5305416280170903,450,5,0.7947091214642796,0.8118058069381598,0.03054164138135107,True,False,False,True,25,0.7947092056274414,0.5305415987968445,0.696897,0.8319092499999999,0.6845919787883759,0.8205807983875274,0.049863,0.06287729999999998,13.976234883581013,True,True,False,-7.278098394667598,-3.9758388485433116,False,0,0.0,1.1102230246251565e-16
18,0,bdf33cf528fe573c3eaeabbb0701e56e4903474747408b891ca6a4fda87bd4d8,42,model.layers.2.mlp.gate_proj,gate_proj,0,0.5352794499765172,896x4864,2,896,4864,9.5,1,0.7,0.6999999812900348,0.5,448,False,False,0.5499276012997143,448,0.8424968322195714,0.7023842522758059,593,28,1.099564512297557,1.1051884998724446,tiles_half_s,Tiles (s/2),12,0.7016147713293321,600,18,1.1015870411660742,1.1161196697649185,0.0016147900392973202,True,False,False,True,6,1.1015870571136475,0.7016150951385498,0.645867,0.7111868,0.6344000101089478,0.6996991842985153,0.11479,0.12057319999999999,5.626509277811656,True,True,False,-1.5056103832206347,0.3258682755734488,True,6,0.0,0.0
18,0,bdf33cf528fe573c3eaeabbb0701e56e4903474747408b891ca6a4fda87bd4d8,42,model.layers.2.mlp.gate_proj,gate_proj,0,0.5352794499765172,896x4864,2,896,4864,9.5,1,0.7,0.6999999812900348,0.5,448,False,False,0.5499276012997143,448,0.8424968322195714,0.7023842522758059,593,28,1.099564512297557,1.1051884998724446,tiles_s,Tiles (s),25,0.7229192121191588,625,8,1.1037626687003883,1.1285493902576622,0.02291923082912395,True,False,False,True,0,1.1037626266479492,0.722919225692749,0.687655,0.8457359999999997,0.6764160096645355,0.8320512086153028,0.06783700000000001,0.0737351,10.136872208381856,True,True,False,-2.6360325052270817,0.1290124872110887,True,0,0.0,0.0
18,0,bdf33cf528fe573c3eaeabbb0701e56e4903474747408b891ca6a4fda87bd4d8,42,model.layers.2.mlp.gate_proj,gate_proj,0,0.5352794499765172,896x4864,2,896,4864,9.5,1,0.7,0.6999999812900348,0.5,448,False,False,0.5499276012997143,448,0.8424968322195714,0.7023842522758059,593,28,1.099564512297557,1.1051884998724446,tiles_2s,Tiles (2s),50,0.7449753210418564,650,4,1.1479131754484038,1.1726083877995643,0.04497533975182155,True,False,False,True,25,1.1479132175445557,0.7449751496315002,0.7345275,0.8324018,0.7183519899845123,0.8162816107273101,0.050298999999999996,0.05854055,14.603222728086047,True,True,False,-6.642982261166375,-3.8658270133004713,True,25,0.0,0.0
18,0,bdf33cf528fe573c3eaeabbb0701e56e4903474747408b891ca6a4fda87bd4d8,42,model.layers.2.mlp.gate_proj,gate_proj,0,0.5352794499765172,896x4864,2,896,4864,9.5,2,0.9,0.8999999759443306,0.75,672,False,False,0.7842861756798811,672,1.2537858774286659,0.9038182323565707,791,30,1.450690473911254,1.4460805329890296,tiles_half_s,Tiles (s/2),12,0.9101904739397284,804,7,1.4256084125240895,1.454093975838171,0.01019049799539784,True,False,False,True,6,1.4256083965301514,0.9101905822753906,0.6713644999999999,0.7422327999999999,0.6600320041179657,0.7294975787401199,0.119844,0.1430571499999999,5.601986749440939,True,True,False,-0.23461255092829258,1.4156971204518198,True,6,0.0,0.0
18,0,bdf33cf528fe573c3eaeabbb0701e56e4903474747408b891ca6a4fda87bd4d8,42,model.layers.2.mlp.gate_proj,gate_proj,0,0.5352794499765172,896x4864,2,896,4864,9.5,2,0.9,0.8999999759443306,0.75,672,False,False,0.7842861756798811,672,1.2537858774286659,0.9038182323565707,791,30,1.450690473911254,1.4460805329890296,tiles_s,Tiles (s),25,0.9026552280299072,800,3,1.412816215936497,1.4432103234456175,0.002655252085576598,True,False,False,True,0,1.4128162860870361,0.9026550650596619,0.6662600000000001,0.75390675,0.6533119976520538,0.7394495785236358,0.0730165,0.08054474999999998,9.12478686324324,True,True,False,0.5156269100926147,2.300308751392688,True,0,0.0,0.0
18,0,bdf33cf528fe573c3eaeabbb0701e56e4903474747408b891ca6a4fda87bd4d8,42,model.layers.2.mlp.gate_proj,gate_proj,0,0.5352794499765172,896x4864,2,896,4864,9.5,2,0.9,0.8999999759443306,0.75,672,False,False,0.7842861756798811,672,1.2537858774286659,0.9038182323565707,791,30,1.450690473911254,1.4460805329890296,tiles_2s,Tiles (2s),50,0.9016233423496303,800,2,1.412816215936497,1.4432103234456175,0.0016233664052996977,True,False,False,True,25,1.4128162860870361,0.9016234278678894,0.6509515,0.69684415,0.6400319933891296,0.6853120267391204,0.052708500000000005,0.05887119999999999,12.350028932714837,True,True,False,0.5156269100926147,2.300308751392688,True,25,0.0,0.0
20,0,bdf33cf528fe573c3eaeabbb0701e56e4903474747408b891ca6a4fda87bd4d8,42,model.layers.2.mlp.down_proj,down_proj,0,8.331585202637806,4864x896,3,4864,896,1.75,0,0.5,0.4999999993997335,0.25,1216,False,False,0.35852490879187826,1212,0.4283068526886738,0.5107099833257962,2028,18,0.6996900196590897,0.6925672782225774,tiles_half_s,Tiles (s/2),68,0.5055514873456559,2040,16,0.7075986811540667,0.7093105681725899,0.0055514879459224176,True,False,False,True,34,0.7075986862182617,0.5055515170097351,0.660104,0.7921521499999997,0.650160014629364,0.7590400069952009,0.122474,0.14472465,5.389748028152915,True,True,False,-1.3749729513345965,-2.1703888422315076,True,34,0.0,0.0
20,0,bdf33cf528fe573c3eaeabbb0701e56e4903474747408b891ca6a4fda87bd4d8,42,model.layers.2.mlp.down_proj,down_proj,0,8.331585202637806,4864x896,3,4864,896,1.75,0,0.5,0.4999999993997335,0.25,1216,False,False,0.35852490879187826,1212,0.4283068526886738,0.5107099833257962,2028,18,0.6996900196590897,0.6925672782225774,tiles_s,Tiles (s),135,0.5002334329037694,2025,13,0.658772034898021,0.6698387057714843,0.00023343350403592922,True,False,False,True,67,0.6587720513343811,0.5002332925796509,0.6809575,0.7606419499999999,0.669183999300003,0.7353343963623047,0.083516,0.09408615,8.153617270942094,True,True,False,4.266362681884461,4.879705465047279,True,67,0.0,0.0
20,0,bdf33cf528fe573c3eaeabbb0701e56e4903474747408b891ca6a4fda87bd4d8,42,model.layers.2.mlp.down_proj,down_proj,0,8.331585202637806,4864x896,3,4864,896,1.75,0,0.5,0.4999999993997335,0.25,1216,False,False,0.35852490879187826,1212,0.4283068526886738,0.5107099833257962,2028,18,0.6996900196590897,0.6925672782225774,tiles_2s,Tiles (2s),270,0.5153813700890169,2160,7,0.7026901705578891,0.7178072398190045,0.015381370689283358,True,False,False,True,0,0.7026901841163635,0.5153816938400269,0.7265824999999999,0.9194693499999999,0.7162880003452301,0.9035776078701018,0.0667045,0.07251055000000001,10.892555974484479,True,True,False,-2.5893209351109503,-1.4616475039495702,True,0,0.0,0.0
20,0,bdf33cf528fe573c3eaeabbb0701e56e4903474747408b891ca6a4fda87bd4d8,42,model.layers.2.mlp.down_proj,down_proj,0,8.331585202637806,4864x896,3,4864,896,1.75,1,0.7,0.6999999991596269,0.5,2432,False,False,0.5838994330115383,2430,0.8442440751185339,0.7085814124075114,3138,23,1.0700658114570327,1.0551274539639215,tiles_half_s,Tiles (s/2),68,0.701210686689592,3128,14,1.0395728959177881,1.055329278868844,0.0012106875299651154,True,False,False,True,34,1.039572834968567,0.7012105584144592,0.648968,0.68924555,0.6388959884643555,0.6777776122093201,0.126366,0.1328115,5.135621923618695,True,True,False,1.3771613325467391,1.4741875957921202,True,34,0.0,0.0
20,0,bdf33cf528fe573c3eaeabbb0701e56e4903474747408b891ca6a4fda87bd4d8,42,model.layers.2.mlp.down_proj,down_proj,0,8.331585202637806,4864x896,3,4864,896,1.75,1,0.7,0.6999999991596269,0.5,2432,False,False,0.5838994330115383,2430,0.8442440751185339,0.7085814124075114,3138,23,1.0700658114570327,1.0551274539639215,tiles_s,Tiles (s),135,0.7172937110080966,3240,11,1.0540352558368336,1.0758638829397342,0.01729371184846973,True,False,False,True,0,1.0540353059768677,0.7172938585281372,0.643999,0.7042896999999999,0.6312959790229797,0.6928383976221084,0.08676700000000001,0.09725415,7.422165108854748,True,True,False,-0.5418425129204651,0.10351338342915462,True,0,0.0,0.0
20,0,bdf33cf528fe573c3eaeabbb0701e56e4903474747408b891ca6a4fda87bd4d8,42,model.layers.2.mlp.down_proj,down_proj,0,8.331585202637806,4864x896,3,4864,896,1.75,1,0.7,0.6999999991596269,0.5,2432,False,False,0.5838994330115383,2430,0.8442440751185339,0.7085814124075114,3138,23,1.0700658114570327,1.0551274539639215,tiles_2s,Tiles (2s),270,0.7101048078329768,3240,5,1.0540352558368338,1.0767108597285069,0.010104808673349952,True,False,False,True,0,1.0540353059768677,0.7101049423217773,0.7082935,0.8166899999999999,0.696832001209259,0.8039776116609573,0.06737599999999999,0.07698355,10.51254897886488,True,True,False,-0.620994353835691,0.10351338342913241,True,0,0.0,0.0
20,0,bdf33cf528fe573c3eaeabbb0701e56e4903474747408b891ca6a4fda87bd4d8,42,model.layers.2.mlp.down_proj,down_proj,0,8.331585202637806,4864x896,3,4864,896,1.75,2,0.9,0.8999999989195203,0.75,3648,False,False,0.797906510415487,3648,1.2503673179706882,0.9039734439284075,4278,28,1.4547045677439465,1.4355698710047406,tiles_half_s,Tiles (s/2),68,0.9024392533101491,4284,8,1.3936688382731468,1.4236510256410257,0.0024392543906287534,True,False,False,True,34,1.3936688899993896,0.902439296245575,0.716254,0.7797183,0.7014400064945221,0.7660031795501708,0.1323275,0.13974799999999998,5.412737337288168,True,True,False,2.1346975043242455,2.918773483471604,True,34,0.0,0.0
20,0,bdf33cf528fe573c3eaeabbb0701e56e4903474747408b891ca6a4fda87bd4d8,42,model.layers.2.mlp.down_proj,down_proj,0,8.331585202637806,4864x896,3,4864,896,1.75,2,0.9,0.8999999989195203,0.75,3648,False,False,0.797906510415487,3648,1.2503673179706882,0.9039734439284075,4278,28,1.4547045677439465,1.4355698710047406,tiles_s,Tiles (s),135,0.9074978986900533,4320,4,1.4053803411157781,1.435614479638009,0.007497899770532945,True,False,False,True,67,1.405380368232727,0.9074978828430176,0.731457,0.8716206,0.7193439900875092,0.8581119775772095,0.087213,0.0933451,8.387017990437206,True,True,False,1.3123000043605892,2.1029648572822968,False,0,0.0002823255962574045,0.0
20,0,bdf33cf528fe573c3eaeabbb0701e56e4903474747408b891ca6a4fda87bd4d8,42,model.layers.2.mlp.down_proj,down_proj,0,8.331585202637806,4864x896,3,4864,896,1.75,2,0.9,0.8999999989195203,0.75,3648,False,False,0.797906510415487,3648,1.2503673179706882,0.9039734439284075,4278,28,1.4547045677439465,1.4355698710047406,tiles_2s,Tiles (2s),270,0.9032879831356695,4320,3,1.4053803411157781,1.435614479638009,0.0032879842161491757,True,False,False,True,0,1.405380368232727,0.9032880067825317,0.7290220000000001,0.8224502499999999,0.7157759964466095,0.8101375967264175,0.071739,0.07837519999999999,10.162143325109078,True,True,False,1.3123000043605892,2.1029648572822968,True,0,0.0,0.0
30,0,bdf33cf528fe573c3eaeabbb0701e56e4903474747408b891ca6a4fda87bd4d8,42,model.layers.4.self_attn.v_proj,v_proj,0,1.132125389960853,896x128,1,896,128,0.25,0,0.5,0.5000000003929017,0.25,224,False,False,0.2725106534198858,224,0.018949429657794677,0.835123823970207,736,1,0.03559616,0.03664651603113517,tiles_half_s,Tiles (s/2),472,0.5235705102677457,472,1,0.02747613916319621,0.02632202643171806,0.023570509874843992,True,False,False,True,236,0.02747613936662674,0.5235704183578491,0.654979,0.74091925,0.6363199949264526,0.7291904091835022,0.0339535,0.04929154999999997,19.290470790934663,True,True,False,26.05374728139761,25.023870918991953,True,236,0.0,0.0
30,0,bdf33cf528fe573c3eaeabbb0701e56e4903474747408b891ca6a4fda87bd4d8,42,model.layers.4.self_attn.v_proj,v_proj,0,1.132125389960853,896x128,1,896,128,0.25,0,0.5,0.5000000003929017,0.25,224,False,False,0.2725106534198858,224,0.018949429657794677,0.835123823970207,736,1,0.03559616,0.03664651603113517,tiles_s,Tiles (s),896,0.5070499698049389,448,1,0.026642468538838122,0.025773178458289338,0.007049969412037171,True,False,False,True,448,0.026642467826604843,0.5070499181747437,0.6401365,0.7918256499999998,0.6292479932308197,0.7776767969131468,0.033978499999999995,0.047577799999999976,18.83945730388334,True,True,False,27.59562138643793,27.298768275263953,True,448,0.0,0.0
30,0,bdf33cf528fe573c3eaeabbb0701e56e4903474747408b891ca6a4fda87bd4d8,42,model.layers.4.self_attn.v_proj,v_proj,0,1.132125389960853,896x128,1,896,128,0.25,0,0.5,0.5000000003929017,0.25,224,False,False,0.2725106534198858,224,0.018949429657794677,0.835123823970207,736,1,0.03559616,0.03664651603113517,tiles_2s,Tiles (2s),896,0.5070499698049389,448,1,0.026642468538838122,0.025773178458289338,0.007049969412037171,True,False,False,True,448,0.026642467826604843,0.5070499181747437,0.6493230000000001,0.833782,0.6383840143680573,0.8166399866342544,0.0327515,0.03662429999999999,19.825748439002794,True,True,False,27.59562138643793,27.298768275263953,True,448,0.0,0.0
30,0,bdf33cf528fe573c3eaeabbb0701e56e4903474747408b891ca6a4fda87bd4d8,42,model.layers.4.self_attn.v_proj,v_proj,0,1.132125389960853,896x128,1,896,128,0.25,1,0.7,0.7000000005500624,0.5,448,True,False,0.5344942511728732,448,0.03634124909539145,0.835123823970207,736,1,0.03559616,0.03664651603113517,tiles_half_s,Tiles (s/2),472,0.8006219274393516,708,1,0.0356739003027174,0.03657105263157895,0.10062192688928917,True,False,False,True,236,0.035673901438713074,0.8006218671798706,0.6505559999999999,0.7854047499999999,0.6404479742050171,0.7725392132997511,0.033672999999999995,0.03625005,19.31981112463992,True,True,False,-2.7387578648341515,2.654046915650654,True,236,0.0,0.0
30,0,bdf33cf528fe573c3eaeabbb0701e56e4903474747408b891ca6a4fda87bd4d8,42,model.layers.4.self_attn.v_proj,v_proj,0,1.132125389960853,896x128,1,896,128,0.25,1,0.7,0.7000000005500624,0.5,448,True,False,0.5344942511728732,448,0.03634124909539145,0.835123823970207,736,1,0.03559616,0.03664651603113517,tiles_s,Tiles (s),896,1.0000000007858034,896,1,0.04220432019352241,0.043105703422053235,0.300000000235741,True,False,False,True,0,0.042204320430755615,0.9999999403953552,0.64744,0.7666855999999999,0.6328319907188416,0.7518719971179961,0.032265,0.03707484999999999,20.066325739965908,True,True,False,-21.09649867304011,-15.165982375146637,True,0,0.0,0.0
30,0,bdf33cf528fe573c3eaeabbb0701e56e4903474747408b891ca6a4fda87bd4d8,42,model.layers.4.self_attn.v_proj,v_proj,0,1.132125389960853,896x128,1,896,128,0.25,1,0.7,0.7000000005500624,0.5,448,True,False,0.5344942511728732,448,0.03634124909539145,0.835123823970207,736,1,0.03559616,0.03664651603113517,tiles_2s,Tiles (2s),896,1.0000000007858034,896,1,0.04220432019352241,0.043105703422053235,0.300000000235741,True,False,False,True,0,0.042204320430755615,0.9999999403953552,0.7123115,0.7913689999999998,0.6993920207023621,0.7787007987499235,0.0324505,0.0363785,21.95070954222585,True,True,False,-21.09649867304011,-15.165982375146637,True,0,0.0,0.0
30,0,bdf33cf528fe573c3eaeabbb0701e56e4903474747408b891ca6a4fda87bd4d8,42,model.layers.4.self_attn.v_proj,v_proj,0,1.132125389960853,896x128,1,896,128,0.25,2,0.9,0.9000000007072231,0.75,672,False,False,0.7722160613629967,672,0.04411609029795707,1.0000000007858034,896,1,0.043105703422053235,0.04220432019352241,tiles_half_s,Tiles (s/2),472,1.0000000007858034,896,1,0.04220432019352241,0.043105703422053235,0.10000000007858034,True,False,False,True,0,0.042204320430755615,0.9999999403953552,0.7363865,0.8813968,0.7152640223503113,0.8676176071166991,0.0338385,0.03708015,21.761794996823145,True,True,False,0.0,0.0,True,0,0.0,0.0
30,0,bdf33cf528fe573c3eaeabbb0701e56e4903474747408b891ca6a4fda87bd4d8,42,model.layers.4.self_attn.v_proj,v_proj,0,1.132125389960853,896x128,1,896,128,0.25,2,0.9,0.9000000007072231,0.75,672,False,False,0.7722160613629967,672,0.04411609029795707,1.0000000007858034,896,1,0.043105703422053235,0.04220432019352241,tiles_s,Tiles (s),896,1.0000000007858034,896,1,0.04220432019352241,0.043105703422053235,0.10000000007858034,True,False,False,True,0,0.042204320430755615,0.9999999403953552,0.7108285,0.7737951,0.6963199973106384,0.7617248058319092,0.032671000000000006,0.045134649999999964,21.757169967249236,True,True,False,0.0,0.0,True,0,0.0,0.0
30,0,bdf33cf528fe573c3eaeabbb0701e56e4903474747408b891ca6a4fda87bd4d8,42,model.layers.4.self_attn.v_proj,v_proj,0,1.132125389960853,896x128,1,896,128,0.25,2,0.9,0.9000000007072231,0.75,672,False,False,0.7722160613629967,672,0.04411609029795707,1.0000000007858034,896,1,0.043105703422053235,0.04220432019352241,tiles_2s,Tiles (2s),896,1.0000000007858034,896,1,0.04220432019352241,0.043105703422053235,0.10000000007858034,True,False,False,True,0,0.042204320430755615,0.9999999403953552,0.657629,0.78754695,0.6465440094470978,0.7756448239088058,0.0322955,0.03681474999999999,20.362867891811554,True,True,False,0.0,0.0,True,0,0.0,0.0
31,0,bdf33cf528fe573c3eaeabbb0701e56e4903474747408b891ca6a4fda87bd4d8,42,model.layers.4.self_attn.o_proj,o_proj,0,0.6570399276620038,896x896,0,896,896,1.75,0,0.5,0.5000000000291038,0.25,224,False,False,0.40062260077684186,224,0.08385216500399659,0.5259412061714102,316,3,0.11276914996214754,0.11411634511287716,tiles_half_s,Tiles (s/2),68,0.5078861769288778,318,2,0.10894496511886342,0.10952621570336778,0.007886176899774,True,False,False,True,34,0.10894496738910675,0.5078861117362976,0.7283105000000001,0.8342544,0.7168000042438507,0.8207712084054946,0.044102,0.046839599999999995,16.514228379665322,True,True,False,2.8757282110118743,4.5316733452149265,True,34,0.0,0.0
31,0,bdf33cf528fe573c3eaeabbb0701e56e4903474747408b891ca6a4fda87bd4d8,42,model.layers.4.self_attn.o_proj,o_proj,0,0.6570399276620038,896x896,0,896,896,1.75,0,0.5,0.5000000000291038,0.25,224,False,False,0.40062260077684186,224,0.08385216500399659,0.5259412061714102,316,3,0.11276914996214754,0.11411634511287716,tiles_s,Tiles (s),135,0.5305036633217242,356,2,0.11581375033268912,0.11802294170724509,0.03050366329262033,True,False,False,True,0,0.11581374704837799,0.5305037498474121,0.670764,0.7289672999999999,0.6604799926280975,0.7098383992910384,0.037610000000000005,0.047252199999999994,17.834724807232117,True,True,False,-4.658890970501295,-1.4874339150390714,True,0,0.0,0.0
31,0,bdf33cf528fe573c3eaeabbb0701e56e4903474747408b891ca6a4fda87bd4d8,42,model.layers.4.self_attn.o_proj,o_proj,0,0.6570399276620038,896x896,0,896,896,1.75,0,0.5,0.5000000000291038,0.25,224,False,False,0.40062260077684186,224,0.08385216500399659,0.5259412061714102,316,3,0.11276914996214754,0.11411634511287716,tiles_2s,Tiles (2s),270,0.6559727112180553,491,2,0.1597318859925572,0.16316821979219037,0.1559727111889515,True,False,False,True,135,0.1597318947315216,0.6559726595878601,0.6390845,0.7088977,0.6287200152873993,0.6969343960285186,0.035000500000000004,0.038723099999999996,18.259296295767204,True,True,False,-44.69224947333552,-39.97283722551737,True,135,0.0,0.0
31,0,bdf33cf528fe573c3eaeabbb0701e56e4903474747408b891ca6a4fda87bd4d8,42,model.layers.4.self_attn.o_proj,o_proj,0,0.6570399276620038,896x896,0,896,896,1.75,1,0.7,0.7000000000407454,0.5,448,True,False,0.661468685750151,448,0.16463793678067018,0.7071819905831944,496,5,0.1762237515895619,0.18004528665998437,tiles_half_s,Tiles (s/2),68,0.703300380759174,522,3,0.1753101478937752,0.17731912168627376,0.0033003807184286416,True,False,False,True,34,0.1753101497888565,0.7033002972602844,0.708329,0.7549758999999999,0.6963199973106384,0.7401472270488738,0.044463,0.047408599999999995,15.930751411285787,True,True,False,-0.621579149706819,2.6299709667776505,True,34,0.0,0.0
31,0,bdf33cf528fe573c3eaeabbb0701e56e4903474747408b891ca6a4fda87bd4d8,42,model.layers.4.self_attn.o_proj,o_proj,0,0.6570399276620038,896x896,0,896,896,1.75,1,0.7,0.7000000000407454,0.5,448,True,False,0.661468685750151,448,0.16463793678067018,0.7071819905831944,496,5,0.1762237515895619,0.18004528665998437,tiles_s,Tiles (s),135,0.7026638938696124,540,3,0.17567254263947227,0.17888715876223615,0.0026638938288670033,True,False,False,True,67,0.17567254602909088,0.702663779258728,0.737153,0.8097188999999999,0.7249920070171356,0.796979209780693,0.039153,0.04272655,18.827497254361095,True,True,False,-1.5113780910064323,2.428691192994148,True,67,0.0,0.0
31,0,bdf33cf528fe573c3eaeabbb0701e56e4903474747408b891ca6a4fda87bd4d8,42,model.layers.4.self_attn.o_proj,o_proj,0,0.6570399276620038,896x896,0,896,896,1.75,1,0.7,0.7000000000407454,0.5,448,True,False,0.661468685750151,448,0.16463793678067018,0.7071819905831944,496,5,0.1762237515895619,0.18004528665998437,tiles_2s,Tiles (2s),270,0.7722946628782665,626,2,0.20365002165242527,0.20803117228087817,0.07229466283752117,True,False,False,True,0,0.20365002751350403,0.7722947001457214,0.705624,0.7415635,0.6906880140304565,0.7302144169807434,0.035366,0.0386532,19.952044336368264,True,True,False,-18.049451566210028,-13.110443172566043,True,0,0.0,0.0
31,0,bdf33cf528fe573c3eaeabbb0701e56e4903474747408b891ca6a4fda87bd4d8,42,model.layers.4.self_attn.o_proj,o_proj,0,0.6570399276620038,896x896,0,896,896,1.75,2,0.9,0.9000000000523869,0.75,672,True,False,0.8545365651370957,672,0.2516817212284303,0.9364361135812942,808,6,0.28135920929927305,0.28473769808195354,tiles_half_s,Tiles (s/2),68,0.9111521293816622,760,2,0.2472428377888869,0.25256180660298305,0.01115212932927534,True,False,False,True,34,0.24724283814430237,0.9111520051956177,0.6429819999999999,0.7253085,0.6322720050811768,0.7065600156784058,0.045649999999999996,0.05130354999999998,14.085038335158817,True,True,False,10.235102226797599,13.168210793877677,True,34,0.0,0.0
31,0,bdf33cf528fe573c3eaeabbb0701e56e4903474747408b891ca6a4fda87bd4d8,42,model.layers.4.self_attn.o_proj,o_proj,0,0.6570399276620038,896x896,0,896,896,1.75,2,0.9,0.9000000000523869,0.75,672,True,False,0.8545365651370957,672,0.2516817212284303,0.9364361135812942,808,6,0.28135920929927305,0.28473769808195354,tiles_s,Tiles (s),135,0.977873379655648,877,1,0.28530522202743924,0.2914430320931792,0.07787337960326113,True,False,False,True,67,0.2853052318096161,0.9778733849525452,0.6469290000000001,0.7447109,0.6349280178546906,0.7279104262590408,0.0389375,0.048005499999999986,16.61454895666132,True,True,False,-3.583967561971746,-0.19931464969642487,True,67,0.0,0.0
31,0,bdf33cf528fe573c3eaeabbb0701e56e4903474747408b891ca6a4fda87bd4d8,42,model.layers.4.self_attn.o_proj,o_proj,0,0.6570399276620038,896x896,0,896,896,1.75,2,0.9,0.9000000000523869,0.75,672,True,False,0.8545365651370957,672,0.2516817212284303,0.9364361135812942,808,6,0.28135920929927305,0.28473769808195354,tiles_2s,Tiles (2s),270,1.0000000000582077,896,1,0.2914862929721614,0.29775707725825373,0.10000000000582077,True,False,False,True,0,0.29148629307746887,0.9999999403953552,0.7159979999999999,0.74060205,0.7045120000839233,0.7283712029457092,0.0355665,0.038555049999999993,20.131247100501874,True,True,False,-5.8280900063018,-2.370109379849472,True,0,0.0,0.0
33,0,bdf33cf528fe573c3eaeabbb0701e56e4903474747408b891ca6a4fda87bd4d8,42,model.layers.4.mlp.up_proj,up_proj,0,0.5406462357083643,896x4864,2,896,4864,9.5,0,0.5,0.5000000187086755,0.25,224,False,False,0.3058732952340506,224,0.426765756598948,0.5051613377290778,402,20,0.7490406295319256,0.7554364102061621,tiles_half_s,Tiles (s/2),12,0.5016113718156703,408,19,0.779695495865045,0.7807519944639464,0.001611353106994784,True,False,False,True,0,0.7796955108642578,0.5016112327575684,0.6499,0.6852251500000001,0.6394400000572205,0.6690815955400466,0.10717499999999999,0.1135811,6.063914159085608,True,True,False,-4.233597442082293,-3.211267729637557,True,0,0.0,0.0
33,0,bdf33cf528fe573c3eaeabbb0701e56e4903474747408b891ca6a4fda87bd4d8,42,model.layers.4.mlp.up_proj,up_proj,0,0.5406462357083643,896x4864,2,896,4864,9.5,0,0.5,0.5000000187086755,0.25,224,False,False,0.3058732952340506,224,0.426765756598948,0.5051613377290778,402,20,0.7490406295319256,0.7554364102061621,tiles_s,Tiles (s),25,0.5141410247888416,425,11,0.7505586147162641,0.7708707845935779,0.014141006080166107,True,False,False,True,0,0.750558614730835,0.5141412019729614,0.6854055,0.72910405,0.6747680008411407,0.717363178730011,0.066379,0.0724065,10.325637626357734,True,True,False,-2.914415346907684,0.6456924003129361,False,12,0.0005206625328867398,0.0
33,0,bdf33cf528fe573c3eaeabbb0701e56e4903474747408b891ca6a4fda87bd4d8,42,model.layers.4.mlp.up_proj,up_proj,0,0.5406462357083643,896x4864,2,896,4864,9.5,0,0.5,0.5000000187086755,0.25,224,False,False,0.3058732952340506,224,0.426765756598948,0.5051613377290778,402,20,0.7490406295319256,0.7554364102061621,tiles_2s,Tiles (2s),50,0.5303901300067082,450,6,0.7947091214642795,0.8118058069381598,0.030390111298032707,True,False,False,True,25,0.7947091460227966,0.530390202999115,0.714726,0.7617767999999999,0.7019519805908203,0.7485952049493789,0.048771999999999996,0.051882,14.65443287131961,True,True,False,-8.379408930788724,-5.19867863496275,True,25,0.0,0.0
33,0,bdf33cf528fe573c3eaeabbb0701e56e4903474747408b891ca6a4fda87bd4d8,42,model.layers.4.mlp.up_proj,up_proj,0,0.5406462357083643,896x4864,2,896,4864,9.5,1,0.7,0.7000000261921456,0.5,448,False,False,0.5546882884227671,448,0.8318551326348564,0.7113859885721467,597,26,1.1028194685488497,1.102275330579743,tiles_half_s,Tiles (s/2),12,0.7039285948849283,600,17,1.0886283536235892,1.1023534908115256,0.003928568692782686,True,False,False,True,0,1.0886284112930298,0.703928530216217,0.7192689999999999,0.7767651999999999,0.7070720195770264,0.755251196026802,0.11283599999999999,0.12038919999999999,6.3744638236023965,True,True,False,0.04225331077418737,1.2380733359038443,True,0,0.0,0.0
33,0,bdf33cf528fe573c3eaeabbb0701e56e4903474747408b891ca6a4fda87bd4d8,42,model.layers.4.mlp.up_proj,up_proj,0,0.5406462357083643,896x4864,2,896,4864,9.5,1,0.7,0.7000000261921456,0.5,448,False,False,0.5546882884227671,448,0.8318551326348564,0.7113859885721467,597,26,1.1028194685488497,1.102275330579743,tiles_s,Tiles (s),25,0.7009000290898371,600,10,1.0596121619523728,1.0834490676499866,0.000900002897691432,True,False,False,True,0,1.0596122741699219,0.7009003162384033,0.720216,0.74866195,0.707584023475647,0.7299583822488784,0.0692795,0.07502484999999999,10.395802510122042,True,True,False,1.7564435024303382,3.8704638889932697,True,0,0.0,0.0
33,0,bdf33cf528fe573c3eaeabbb0701e56e4903474747408b891ca6a4fda87bd4d8,42,model.layers.4.mlp.up_proj,up_proj,0,0.5406462357083643,896x4864,2,896,4864,9.5,1,0.7,0.7000000261921456,0.5,448,False,False,0.5546882884227671,448,0.8318551326348564,0.7113859885721467,597,26,1.1028194685488497,1.102275330579743,tiles_2s,Tiles (2s),50,0.7187355267815292,625,5,1.1037626687003883,1.1275080651918887,0.018735500589383558,True,False,False,True,25,1.1037626266479492,0.7187355160713196,0.7282005,0.7774033499999999,0.7152800261974335,0.7611391812562942,0.050324,0.05476905,14.470242826484382,True,True,False,-2.2386797972949957,-0.13493344896533532,True,25,0.0,0.0
33,0,bdf33cf528fe573c3eaeabbb0701e56e4903474747408b891ca6a4fda87bd4d8,42,model.layers.4.mlp.up_proj,up_proj,0,0.5406462357083643,896x4864,2,896,4864,9.5,2,0.9,0.9000000336756159,0.75,672,False,False,0.7868843883043155,672,1.236619464091981,0.9022028021863662,789,21,1.4336237879868405,1.4131332107630765,tiles_half_s,Tiles (s/2),12,0.9118425590466472,804,8,1.4198802970161795,1.4504263750628457,0.011842525371031365,True,False,False,True,0,1.4198803901672363,0.9118426442146301,0.6457665,0.7525275,0.6343680024147034,0.7405568033456802,0.1189125,0.12785164999999998,5.430602333648691,True,True,False,-1.1720360122930318,-0.4774557841903393,True,0,0.0,0.0
33,0,bdf33cf528fe573c3eaeabbb0701e56e4903474747408b891ca6a4fda87bd4d8,42,model.layers.4.mlp.up_proj,up_proj,0,0.5406462357083643,896x4864,2,896,4864,9.5,2,0.9,0.9000000336756159,0.75,672,False,False,0.7868843883043155,672,1.236619464091981,0.9022028021863662,789,21,1.4336237879868405,1.4131332107630765,tiles_s,Tiles (s),25,0.904724137905589,800,4,1.412816215936497,1.4432103234456175,0.004724104229973158,True,False,False,True,0,1.4128162860870361,0.9047242403030396,0.666345,0.7170516,0.6549120247364044,0.7074447900056839,0.07256,0.0906245,9.183365490628445,True,True,False,-0.6686925495452911,0.022432055532006778,True,0,0.0,0.0
33,0,bdf33cf528fe573c3eaeabbb0701e56e4903474747408b891ca6a4fda87bd4d8,42,model.layers.4.mlp.up_proj,up_proj,0,0.5406462357083643,896x4864,2,896,4864,9.5,2,0.9,0.9000000336756159,0.75,672,False,False,0.7868843883043155,672,1.236619464091981,0.9022028021863662,789,21,1.4336237879868405,1.4131332107630765,tiles_2s,Tiles (2s),50,0.9276972222622248,825,2,1.4569667226845127,1.488310646053293,0.027697188586608967,True,False,False,True,25,1.456966757774353,0.9276972413063049,0.670177,0.72812445,0.6594559848308563,0.7163903981447219,0.053114,0.05826119999999999,12.617709078585683,True,True,False,-3.814589191718576,-3.101866942732623,True,25,0.0,0.0
34,0,bdf33cf528fe573c3eaeabbb0701e56e4903474747408b891ca6a4fda87bd4d8,42,model.layers.4.mlp.down_proj,down_proj,0,0.45154299077696763,4864x896,3,4864,896,1.75,0,0.5,0.5000000001346052,0.25,1216,False,False,0.2709480995981721,1212,0.42237187315203834,0.5092529608446057,2352,19,0.7952202715965898,0.7824297691085703,tiles_half_s,Tiles (s/2),68,0.5108372190152295,2380,16,0.8182073191122529,0.8224460444366204,0.010837218880624278,True,False,False,True,34,0.818207323551178,0.5108374953269958,0.67719,0.7304698,0.6666240096092224,0.7181823790073394,0.123085,0.12888105,5.50180769387009,True,True,False,-3.4236769122306887,-4.5726212647103415,True,34,0.0,0.0
34,0,bdf33cf528fe573c3eaeabbb0701e56e4903474747408b891ca6a4fda87bd4d8,42,model.layers.4.mlp.down_proj,down_proj,0,0.45154299077696763,4864x896,3,4864,896,1.75,0,0.5,0.5000000001346052,0.25,1216,False,False,0.2709480995981721,1212,0.42237187315203834,0.5092529608446057,2352,19,0.7952202715965898,0.7824297691085703,tiles_s,Tiles (s),135,0.5145203110951115,2430,11,0.7905264418776252,0.8052745400263202,0.014520310960506322,True,False,False,True,0,0.7905264496803284,0.5145199298858643,0.7012955000000001,0.9110691499999998,0.6891519725322723,0.8972800076007841,0.083586,0.0893813,8.390107194984807,True,True,False,-1.264337541288274,-1.0348114410676734,False,67,0.0002823255962575155,0.0
34,0,bdf33cf528fe573c3eaeabbb0701e56e4903474747408b891ca6a4fda87bd4d8,42,model.layers.4.mlp.down_proj,down_proj,0,0.45154299077696763,4864x896,3,4864,896,1.75,0,0.5,0.5000000001346052,0.25,1216,False,False,0.2709480995981721,1212,0.42237187315203834,0.5092529608446057,2352,19,0.7952202715965898,0.7824297691085703,tiles_2s,Tiles (2s),270,0.5101035377228982,2430,6,0.7905264418776252,0.80753314479638,0.010103537588292966,True,False,False,True,0,0.7905264496803284,0.5101033449172974,0.7420515000000001,0.8832282499999997,0.7290880084037781,0.8533504098653791,0.065412,0.07165219999999999,11.344271693267292,True,True,False,-1.5483600757648208,-1.0348114410676734,True,0,0.0,0.0
34,0,bdf33cf528fe573c3eaeabbb0701e56e4903474747408b891ca6a4fda87bd4d8,42,model.layers.4.mlp.down_proj,down_proj,0,0.45154299077696763,4864x896,3,4864,896,1.75,1,0.7,0.7000000001884472,0.5,2432,False,False,0.5255478526232764,2430,0.8236240574460651,0.7080347799274023,3336,26,1.126643931725728,1.1083896750645534,tiles_half_s,Tiles (s/2),68,0.7016677889041603,3332,14,1.1059380786926998,1.1226802859741885,0.0016677887157130478,True,False,False,True,0,1.1059379577636719,0.7016676664352417,0.654814,0.7757028,0.6446079909801483,0.7621631890535354,0.12520350000000002,0.14006749999999998,5.2299975639658625,True,True,False,0.3518099765085658,0.22118542124734963,True,0,0.0,0.0
34,0,bdf33cf528fe573c3eaeabbb0701e56e4903474747408b891ca6a4fda87bd4d8,42,model.layers.4.mlp.down_proj,down_proj,0,0.45154299077696763,4864x896,3,4864,896,1.75,1,0.7,0.7000000001884472,0.5,2432,False,False,0.5255478526232764,2430,0.8236240574460651,0.7080347799274023,3336,26,1.126643931725728,1.1083896750645534,tiles_s,Tiles (s),135,0.7053902373518213,3375,8,1.0979533914967017,1.1204445098321647,0.0053902371633740565,True,False,False,True,67,1.09795343875885,0.705390453338623,0.7780945,1.3923670499999998,0.7654400169849396,1.3691840291023254,0.0902885,0.09772675,8.617869385359155,True,True,False,0.5502556503426348,0.9415717055686113,True,67,0.0,0.0
34,0,bdf33cf528fe573c3eaeabbb0701e56e4903474747408b891ca6a4fda87bd4d8,42,model.layers.4.mlp.down_proj,down_proj,0,0.45154299077696763,4864x896,3,4864,896,1.75,1,0.7,0.7000000001884472,0.5,2432,False,False,0.5255478526232764,2430,0.8236240574460651,0.7080347799274023,3336,26,1.126643931725728,1.1083896750645534,tiles_2s,Tiles (2s),270,0.729483650669863,3510,4,1.1418715271565698,1.1664367647058824,0.02948365048141577,True,False,False,True,0,1.1418715715408325,0.7294835448265076,0.7816905000000001,1.0865384,0.7562240064144135,1.0671471774578094,0.0689885,0.08432755,11.33073628213398,True,True,False,-3.5319795242852114,-3.020765426208638,True,0,0.0,0.0
34,0,bdf33cf528fe573c3eaeabbb0701e56e4903474747408b891ca6a4fda87bd4d8,42,model.layers.4.mlp.down_proj,down_proj,0,0.45154299077696763,4864x896,3,4864,896,1.75,2,0.9,0.9000000002422894,0.75,3648,False,False,0.7697256891187862,3648,1.2350927510676621,0.9065839823233546,4356,29,1.4625461086043108,1.4375628141342194,tiles_half_s,Tiles (s/2),68,0.9029831285224645,4352,8,1.415790565864784,1.446395960594515,0.002983128280175107,True,False,False,True,0,1.4157905578613281,0.9029831886291504,0.6712045,0.88363595,0.6574560105800629,0.8692224025726318,0.13500250000000003,0.17835724999999983,4.971793114942315,True,True,False,1.1042488106722148,1.5145250040811464,True,0,0.0,0.0
34,0,bdf33cf528fe573c3eaeabbb0701e56e4903474747408b891ca6a4fda87bd4d8,42,model.layers.4.mlp.down_proj,down_proj,0,0.45154299077696763,4864x896,3,4864,896,1.75,2,0.9,0.9000000002422894,0.75,3648,False,False,0.7697256891187862,3648,1.2350927510676621,0.9065839823233546,4356,29,1.4625461086043108,1.4375628141342194,tiles_s,Tiles (s),135,0.9182406451727729,4455,3,1.4492984767756463,1.4804774321266967,0.018240644930483496,True,False,False,True,67,1.4492985010147095,0.9182406663894653,0.727545,0.7784918499999999,0.7152640223503113,0.7645840048789977,0.0895875,0.09801454999999999,8.121054834658853,True,True,False,-1.2260347497349944,-0.8163582506476308,True,67,0.0,0.0
34,0,bdf33cf528fe573c3eaeabbb0701e56e4903474747408b891ca6a4fda87bd4d8,42,model.layers.4.mlp.down_proj,down_proj,0,0.45154299077696763,4864x896,3,4864,896,1.75,2,0.9,0.9000000002422894,0.75,3648,False,False,0.7697256891187862,3648,1.2350927510676621,0.9065839823233546,4356,29,1.4625461086043108,1.4375628141342194,tiles_2s,Tiles (2s),270,0.9455201972959912,4590,2,1.4932166124355142,1.5253403846153848,0.045520197053701805,True,False,False,True,0,1.493216633796692,0.9455200433731079,0.7657259999999999,1.0391495,0.7480320036411285,1.0241024255752562,0.06844800000000001,0.09112944999999997,11.18697405329593,True,True,False,-4.293490348211848,-3.8713994097581583,True,0,0.0,0.0
44,0,bdf33cf528fe573c3eaeabbb0701e56e4903474747408b891ca6a4fda87bd4d8,42,model.layers.6.self_attn.v_proj,v_proj,0,1.0534875465908777,896x128,1,896,128,0.25,0,0.5,0.5000000006693881,0.25,224,False,False,0.2724291156628169,224,0.018949429657794677,0.8391352852631826,736,1,0.03559616,0.03664651603113517,tiles_half_s,Tiles (s/2),472,0.5188836433808319,472,1,0.02747613916319621,0.02632202643171806,0.018883642711443827,True,False,False,True,236,0.02747613936662674,0.5188835859298706,0.673173,0.7670386999999999,0.6634079813957214,0.7535104036331176,0.032671000000000006,0.0365271,20.604603470968133,True,True,False,26.05374728139761,25.023870918991953,True,236,0.0,0.0
44,0,bdf33cf528fe573c3eaeabbb0701e56e4903474747408b891ca6a4fda87bd4d8,42,model.layers.6.self_attn.v_proj,v_proj,0,1.0534875465908777,896x128,1,896,128,0.25,0,0.5,0.5000000006693881,0.25,224,False,False,0.2724291156628169,224,0.018949429657794677,0.8391352852631826,736,1,0.03559616,0.03664651603113517,tiles_s,Tiles (s),896,0.5022672227933072,448,1,0.026642468538838122,0.025773178458289338,0.002267222123919055,True,False,False,True,448,0.026642467826604843,0.5022672414779663,0.725115,0.7649033,0.7080959975719452,0.7527424097061157,0.032656000000000004,0.03797465,22.2046484566389,True,True,False,27.59562138643793,27.298768275263953,True,448,0.0,0.0
44,0,bdf33cf528fe573c3eaeabbb0701e56e4903474747408b891ca6a4fda87bd4d8,42,model.layers.6.self_attn.v_proj,v_proj,0,1.0534875465908777,896x128,1,896,128,0.25,0,0.5,0.5000000006693881,0.25,224,False,False,0.2724291156628169,224,0.018949429657794677,0.8391352852631826,736,1,0.03559616,0.03664651603113517,tiles_2s,Tiles (2s),896,0.5022672227933072,448,1,0.026642468538838122,0.025773178458289338,0.002267222123919055,True,False,False,True,448,0.026642467826604843,0.5022672414779663,0.706776,0.9362917499999999,0.694271981716156,0.9213440239429472,0.032551,0.04016614999999998,21.712881324690485,True,True,False,27.59562138643793,27.298768275263953,True,448,0.0,0.0
44,0,bdf33cf528fe573c3eaeabbb0701e56e4903474747408b891ca6a4fda87bd4d8,42,model.layers.6.self_attn.v_proj,v_proj,0,1.0534875465908777,896x128,1,896,128,0.25,1,0.7,0.7000000009371433,0.5,448,False,False,0.5331526766822208,448,0.03634124909539145,0.8391352852631826,736,1,0.03559616,0.03664651603113517,tiles_half_s,Tiles (s/2),472,0.8021870598895475,708,1,0.0356739003027174,0.03657105263157895,0.10218705895240421,True,False,False,True,236,0.035673901438713074,0.8021870255470276,0.7222345,0.8116607999999998,0.7106560170650482,0.7984127879142761,0.033518,0.043224499999999985,21.54766095829107,True,True,False,-2.7387578648341515,2.654046915650654,True,236,0.0,0.0
44,0,bdf33cf528fe573c3eaeabbb0701e56e4903474747408b891ca6a4fda87bd4d8,42,model.layers.6.self_attn.v_proj,v_proj,0,1.0534875465908777,896x128,1,896,128,0.25,1,0.7,0.7000000009371433,0.5,448,False,False,0.5331526766822208,448,0.03634124909539145,0.8391352852631826,736,1,0.03559616,0.03664651603113517,tiles_s,Tiles (s),896,1.0000000013387762,896,1,0.04220432019352241,0.043105703422053235,0.3000000004016329,True,False,False,True,0,0.042204320430755615,1.0,0.7342815,0.88164885,0.7208960056304932,0.8697471976280212,0.03216,0.033813,22.83213619402985,True,True,False,-21.09649867304011,-15.165982375146637,True,0,0.0,0.0
44,0,bdf33cf528fe573c3eaeabbb0701e56e4903474747408b891ca6a4fda87bd4d8,42,model.layers.6.self_attn.v_proj,v_proj,0,1.0534875465908777,896x128,1,896,128,0.25,1,0.7,0.7000000009371433,0.5,448,False,False,0.5331526766822208,448,0.03634124909539145,0.8391352852631826,736,1,0.03559616,0.03664651603113517,tiles_2s,Tiles (2s),896,1.0000000013387762,896,1,0.04220432019352241,0.043105703422053235,0.3000000004016329,True,False,False,True,0,0.042204320430755615,1.0,0.6229089999999999,0.65808135,0.611840009689331,0.6469264090061188,0.0323605,0.03520705,19.249053630197306,True,True,False,-21.09649867304011,-15.165982375146637,True,0,0.0,0.0
44,0,bdf33cf528fe573c3eaeabbb0701e56e4903474747408b891ca6a4fda87bd4d8,42,model.layers.6.self_attn.v_proj,v_proj,0,1.0534875465908777,896x128,1,896,128,0.25,2,0.9,0.9000000012048986,0.75,672,False,False,0.7738546273321845,672,0.04411609029795707,0.9676385006168857,864,1,0.04185874769797422,0.041092759361044964,tiles_half_s,Tiles (s/2),472,1.0000000013387762,896,1,0.04220432019352241,0.043105703422053235,0.10000000013387755,True,False,False,True,0,0.042204320430755615,1.0,0.7109084999999999,0.7953317999999999,0.6999039947986603,0.7832064032554626,0.0341035,0.03603505,20.84561701878106,True,True,False,-2.9789608926579447,-2.70500411693253,True,0,0.0,0.0
44,0,bdf33cf528fe573c3eaeabbb0701e56e4903474747408b891ca6a4fda87bd4d8,42,model.layers.6.self_attn.v_proj,v_proj,0,1.0534875465908777,896x128,1,896,128,0.25,2,0.9,0.9000000012048986,0.75,672,False,False,0.7738546273321845,672,0.04411609029795707,0.9676385006168857,864,1,0.04185874769797422,0.041092759361044964,tiles_s,Tiles (s),896,1.0000000013387762,896,1,0.04220432019352241,0.043105703422053235,0.10000000013387755,True,False,False,True,0,0.042204320430755615,1.0,0.6432375,0.7425821499999999,0.6307840049266815,0.7312383860349655,0.032776,0.041083999999999975,19.625259336099585,True,True,False,-2.9789608926579447,-2.70500411693253,True,0,0.0,0.0
44,0,bdf33cf528fe573c3eaeabbb0701e56e4903474747408b891ca6a4fda87bd4d8,42,model.layers.6.self_attn.v_proj,v_proj,0,1.0534875465908777,896x128,1,896,128,0.25,2,0.9,0.9000000012048986,0.75,672,False,False,0.7738546273321845,672,0.04411609029795707,0.9676385006168857,864,1,0.04185874769797422,0.041092759361044964,tiles_2s,Tiles (2s),896,1.0000000013387762,896,1,0.04220432019352241,0.043105703422053235,0.10000000013387755,True,False,False,True,0,0.042204320430755615,1.0,0.698305,0.7815886,0.6855680048465729,0.7693311840295791,0.031688999999999995,0.03393569999999999,22.036195525261135,True,True,False,-2.9789608926579447,-2.70500411693253,True,0,0.0,0.0
45,0,bdf33cf528fe573c3eaeabbb0701e56e4903474747408b891ca6a4fda87bd4d8,42,model.layers.6.self_attn.o_proj,o_proj,0,0.7656712569538714,896x896,0,896,896,1.75,0,0.5,0.4999999998944986,0.25,224,False,False,0.36166403887909837,224,0.08384029632659089,0.5212060095800553,372,4,0.1311937252790389,0.13477573027946776,tiles_half_s,Tiles (s/2),68,0.551102787052514,408,2,0.13822372222544213,0.1394348506958263,0.05110278715801542,True,False,False,True,34,0.13822372257709503,0.5511028170585632,0.718007,0.8436291499999999,0.705024003982544,0.8281088024377822,0.0435515,0.04620455,16.486389676589784,True,True,False,-6.281646015660569,-2.5583181325188775,True,34,0.0,0.0
45,0,bdf33cf528fe573c3eaeabbb0701e56e4903474747408b891ca6a4fda87bd4d8,42,model.layers.6.self_attn.o_proj,o_proj,0,0.7656712569538714,896x896,0,896,896,1.75,0,0.5,0.4999999998944986,0.25,224,False,False,0.36166403887909837,224,0.08384029632659089,0.5212060095800553,372,4,0.1311937252790389,0.13477573027946776,tiles_s,Tiles (s),135,0.5221344468300231,405,1,0.13175440697960422,0.13458885746606333,0.022134446935524466,True,False,False,True,67,0.13175441324710846,0.5221344232559204,0.7020975,0.80088615,0.6906880140304565,0.7854879945516586,0.036904,0.0423731,19.02497019293302,True,True,False,-2.5878769581420658,2.241741368122141,True,67,0.0,0.0
45,0,bdf33cf528fe573c3eaeabbb0701e56e4903474747408b891ca6a4fda87bd4d8,42,model.layers.6.self_attn.o_proj,o_proj,0,0.7656712569538714,896x896,0,896,896,1.75,0,0.5,0.4999999998944986,0.25,224,False,False,0.36166403887909837,224,0.08384029632659089,0.5212060095800553,372,4,0.1311937252790389,0.13477573027946776,tiles_2s,Tiles (2s),270,0.6186301260895561,491,1,0.1597318859925572,0.16316821979219037,0.11863012619505753,True,False,False,True,135,0.1597318947315216,0.6186301708221436,0.681789,0.7679987,0.6711199879646301,0.7521711826324463,0.035176,0.042150299999999974,19.382220832385716,True,True,False,-24.371969349253717,-18.516802440128455,True,135,0.0,0.0
45,0,bdf33cf528fe573c3eaeabbb0701e56e4903474747408b891ca6a4fda87bd4d8,42,model.layers.6.self_attn.o_proj,o_proj,0,0.7656712569538714,896x896,0,896,896,1.75,1,0.7,0.699999999852298,0.5,448,True,False,0.6093777601781767,448,0.16819350345633413,0.7282541355525609,580,5,0.19789738014815825,0.1991555674959257,tiles_half_s,Tiles (s/2),68,0.7583696836081799,612,1,0.19909554832473525,0.20337871794871795,0.05836968375588192,True,False,False,True,0,0.19909554719924927,0.7583698034286499,0.6580895,0.7237005,0.6475679874420166,0.7125359892845153,0.045555,0.049561049999999995,14.446043244429811,True,True,False,-2.7697879559881233,0.030136828181659414,True,0,0.0,0.0
45,0,bdf33cf528fe573c3eaeabbb0701e56e4903474747408b891ca6a4fda87bd4d8,42,model.layers.6.self_attn.o_proj,o_proj,0,0.7656712569538714,896x896,0,896,896,1.75,1,0.7,0.699999999852298,0.5,448,True,False,0.6093777601781767,448,0.16819350345633413,0.7282541355525609,580,5,0.19789738014815825,0.1991555674959257,tiles_s,Tiles (s),135,0.7733591586293187,626,1,0.20365002165242527,0.20803117228087817,0.0733591587770207,True,False,False,True,0,0.20365002751350403,0.7733591794967651,0.6654735,0.7333396499999999,0.6538240015506744,0.7217679858207702,0.038703,0.043702949999999983,17.194364777924193,True,True,False,-5.1207308177264155,-2.2567554665984924,True,0,0.0,0.0
45,0,bdf33cf528fe573c3eaeabbb0701e56e4903474747408b891ca6a4fda87bd4d8,42,model.layers.6.self_attn.o_proj,o_proj,0,0.7656712569538714,896x896,0,896,896,1.75,1,0.7,0.699999999852298,0.5,448,True,False,0.6093777601781767,448,0.16819350345633413,0.7282541355525609,580,5,0.19789738014815825,0.1991555674959257,tiles_2s,Tiles (2s),270,0.7733591586293187,626,1,0.20365002165242527,0.20803117228087817,0.0733591587770207,True,False,False,True,0,0.20365002751350403,0.7733591794967651,0.6582749999999999,0.8675707999999999,0.6477439999580383,0.8538447886705398,0.03465,0.0377601,18.997835497835496,True,True,False,-5.1207308177264155,-2.2567554665984924,True,0,0.0,0.0
45,0,bdf33cf528fe573c3eaeabbb0701e56e4903474747408b891ca6a4fda87bd4d8,42,model.layers.6.self_attn.o_proj,o_proj,0,0.7656712569538714,896x896,0,896,896,1.75,2,0.9,0.8999999998100975,0.75,672,True,False,0.8265405265847221,672,0.2373520062940646,0.9340168554263073,804,3,0.26770223128005016,0.2624489803814771,tiles_half_s,Tiles (s/2),68,0.92083036461554,794,2,0.25830370158470556,0.2640079238926546,0.020830364805442536,True,False,False,True,34,0.258303701877594,0.9208303689956665,0.628966,0.72582075,0.6190080046653748,0.7127551972866059,0.045995999999999995,0.050513199999999994,13.674362988085923,True,True,False,1.3800061993248236,1.579460812058131,True,34,0.0,0.0
45,0,bdf33cf528fe573c3eaeabbb0701e56e4903474747408b891ca6a4fda87bd4d8,42,model.layers.6.self_attn.o_proj,o_proj,0,0.7656712569538714,896x896,0,896,896,1.75,2,0.9,0.8999999998100975,0.75,672,True,False,0.8265405265847221,672,0.2373520062940646,0.9340168554263073,804,3,0.26770223128005016,0.2624489803814771,tiles_s,Tiles (s),135,0.9338919963993249,810,1,0.26350881395920844,0.26917771493212667,0.03389199658922737,True,False,False,True,67,0.2635088264942169,0.9338920712471008,0.6375770000000001,0.71253505,0.6271679997444153,0.6999552249908447,0.0391685,0.04422405,16.277799762564307,True,True,False,-0.5511659895478971,-0.40382461238401834,True,67,0.0,0.0
45,0,bdf33cf528fe573c3eaeabbb0701e56e4903474747408b891ca6a4fda87bd4d8,42,model.layers.6.self_attn.o_proj,o_proj,0,0.7656712569538714,896x896,0,896,896,1.75,2,0.9,0.8999999998100975,0.75,672,True,False,0.8265405265847221,672,0.2373520062940646,0.9340168554263073,804,3,0.26770223128005016,0.2624489803814771,tiles_2s,Tiles (2s),270,0.9999999997889972,896,1,0.2914862929721614,0.29775707725825373,0.09999999997889975,True,False,False,True,0,0.29148629307746887,1.0,0.71157,0.7542393,0.6988800168037415,0.7374848127365112,0.0349,0.038027599999999995,20.388825214899715,True,True,False,-11.22696879831473,-11.063983768760588,True,0,0.0,0.0
47,0,bdf33cf528fe573c3eaeabbb0701e56e4903474747408b891ca6a4fda87bd4d8,42,model.layers.6.mlp.up_proj,up_proj,0,0.5791914940271433,896x4864,2,896,4864,9.5,0,0.5,0.4999999989605044,0.25,224,False,False,0.3084551899228245,224,0.4294464875381307,0.5132401051397437,408,21,0.762575553438681,0.7712441779025548,tiles_half_s,Tiles (s/2),12,0.5080461523029953,408,20,0.7957529999937765,0.786931563737866,0.008046153342490925,True,False,False,True,6,0.795753002166748,0.5080462098121643,0.6564270000000001,0.7834091,0.6451199948787689,0.7681536018848418,0.10925399999999999,0.1220715,6.008265143610304,True,True,False,-3.19391438518537,-3.1778291225322164,True,6,0.0,0.0
47,0,bdf33cf528fe573c3eaeabbb0701e56e4903474747408b891ca6a4fda87bd4d8,42,model.layers.6.mlp.up_proj,up_proj,0,0.5791914940271433,896x4864,2,896,4864,9.5,0,0.5,0.4999999989605044,0.25,224,False,False,0.3084551899228245,224,0.4294464875381307,0.5132401051397437,408,21,0.762575553438681,0.7712441779025548,tiles_s,Tiles (s),25,0.5141141334315762,425,8,0.7505586147162641,0.7677468093962577,0.014114134471071793,True,False,False,True,12,0.750558614730835,0.514114260673523,0.7040155,0.7261031,0.6911999881267548,0.7137280106544495,0.064541,0.0701285,10.908035202429463,True,True,False,-0.6781303090897639,2.6821029939631313,True,12,0.0,0.0
47,0,bdf33cf528fe573c3eaeabbb0701e56e4903474747408b891ca6a4fda87bd4d8,42,model.layers.6.mlp.up_proj,up_proj,0,0.5791914940271433,896x4864,2,896,4864,9.5,0,0.5,0.4999999989605044,0.25,224,False,False,0.3084551899228245,224,0.4294464875381307,0.5132401051397437,408,21,0.762575553438681,0.7712441779025548,tiles_2s,Tiles (2s),50,0.5307414275011979,450,6,0.7947091214642796,0.8118058069381598,0.030741428540693505,True,False,False,True,25,0.7947091460227966,0.5307416915893555,0.7296235,0.8929820499999997,0.7178239822387695,0.8750591844320295,0.0479045,0.0512306,15.230792514273189,True,True,False,-6.455787007265701,-3.0424791828625786,True,25,0.0,0.0
47,0,bdf33cf528fe573c3eaeabbb0701e56e4903474747408b891ca6a4fda87bd4d8,42,model.layers.6.mlp.up_proj,up_proj,0,0.5791914940271433,896x4864,2,896,4864,9.5,1,0.7,0.6999999985447061,0.5,448,False,False,0.5567610291346909,448,0.8369328099564478,0.7001453930444086,586,26,1.0856861730823855,1.0880607536874851,tiles_half_s,Tiles (s/2),12,0.7105246154824272,600,17,1.099708970507743,1.1080809480114908,0.01052461693772111,True,False,False,True,6,1.0997090339660645,0.7105250358581543,0.714901,0.74273985,0.7024639844894409,0.7306239873170852,0.112841,0.12095705,6.335472035873486,True,True,False,-2.0627300489168165,-1.0705483844336339,True,6,0.0,0.0
47,0,bdf33cf528fe573c3eaeabbb0701e56e4903474747408b891ca6a4fda87bd4d8,42,model.layers.6.mlp.up_proj,up_proj,0,0.5791914940271433,896x4864,2,896,4864,9.5,1,0.7,0.6999999985447061,0.5,448,False,False,0.5567610291346909,448,0.8369328099564478,0.7001453930444086,586,26,1.0856861730823855,1.0880607536874851,tiles_s,Tiles (s),25,0.7019515914890917,600,9,1.0596121619523728,1.0834490676499866,0.0019515929443856272,True,False,False,True,0,1.0596121549606323,0.7019515633583069,0.6587265,0.7525767,0.6477439999580383,0.7397887915372848,0.0687085,0.07376205,9.587263584563772,True,True,False,0.2060545199767505,2.6146142702692665,True,0,0.0,0.0
47,0,bdf33cf528fe573c3eaeabbb0701e56e4903474747408b891ca6a4fda87bd4d8,42,model.layers.6.mlp.up_proj,up_proj,0,0.5791914940271433,896x4864,2,896,4864,9.5,1,0.7,0.6999999985447061,0.5,448,False,False,0.5567610291346909,448,0.8369328099564478,0.7001453930444086,586,26,1.0856861730823855,1.0880607536874851,tiles_2s,Tiles (2s),50,0.7459387895651162,650,4,1.1479131754484038,1.1726083877995643,0.0459387910204101,True,False,False,True,25,1.1479132175445557,0.7459390163421631,0.711129,0.7768683999999999,0.6988800168037415,0.7612927973270415,0.050053,0.05536899999999999,14.207520028769505,True,True,False,-8.006200767059312,-5.5008345405416215,True,25,0.0,0.0
47,0,bdf33cf528fe573c3eaeabbb0701e56e4903474747408b891ca6a4fda87bd4d8,42,model.layers.6.mlp.up_proj,up_proj,0,0.5791914940271433,896x4864,2,896,4864,9.5,2,0.9,0.899999998128908,0.75,672,False,False,0.7878728713423016,672,1.2587668799762657,0.9028473659583369,790,24,1.4446987565584628,1.4314966804759988,tiles_half_s,Tiles (s/2),12,0.9011030853308739,792,8,1.398688053777132,1.4287782202111614,0.0011030872019659466,True,False,False,True,0,1.3986879587173462,0.9011030197143555,0.7188635000000001,0.7626568,0.7060480117797852,0.7448575764894485,0.116973,0.12154214999999999,6.145550682636165,True,True,False,1.101996957845175,2.291910777463857,True,0,0.0,0.0
47,0,bdf33cf528fe573c3eaeabbb0701e56e4903474747408b891ca6a4fda87bd4d8,42,model.layers.6.mlp.up_proj,up_proj,0,0.5791914940271433,896x4864,2,896,4864,9.5,2,0.9,0.899999998128908,0.75,672,False,False,0.7878728713423016,672,1.2587668799762657,0.9028473659583369,790,24,1.4446987565584628,1.4314966804759988,tiles_s,Tiles (s),25,0.903197731781006,796,4,1.4057521348568145,1.4365149343612762,0.003197733652098078,True,False,False,True,0,1.405752182006836,0.903197705745697,0.7190835,0.80933265,0.7065600156784058,0.7886848121881485,0.069084,0.07420465,10.408828382838283,True,True,False,0.5664725715333163,1.798435579370239,True,0,0.0,0.0
47,0,bdf33cf528fe573c3eaeabbb0701e56e4903474747408b891ca6a4fda87bd4d8,42,model.layers.6.mlp.up_proj,up_proj,0,0.5791914940271433,896x4864,2,896,4864,9.5,2,0.9,0.899999998128908,0.75,672,False,False,0.7878728713423016,672,1.2587668799762657,0.9028473659583369,790,24,1.4446987565584628,1.4314966804759988,tiles_2s,Tiles (2s),50,0.9018340220956134,800,2,1.4128162159364972,1.4432103234456175,0.0018340239667054004,True,False,False,True,25,1.4128162860870361,0.9018340706825256,0.7155225000000001,0.78258555,0.7014400064945221,0.7693312048912048,0.05092,0.05486455,14.051895129615083,True,True,False,0.10302723014664616,1.3049603812766097,True,25,0.0,0.0
48,0,bdf33cf528fe573c3eaeabbb0701e56e4903474747408b891ca6a4fda87bd4d8,42,model.layers.6.mlp.down_proj,down_proj,0,0.4224654462298419,4864x896,3,4864,896,1.75,0,0.5,0.5000000003929017,0.25,1216,False,False,0.2686803089964087,1212,0.4221456613692677,0.5069308894671849,2352,19,0.7953032274688909,0.7824297691085703,tiles_half_s,Tiles (s/2),68,0.5080664399429224,2380,15,0.8017272490853969,0.8108989282465774,0.008066439550020732,True,False,False,True,34,0.801727294921875,0.5080661177635193,0.7025675,0.7631230999999999,0.6901760101318359,0.7352320164442062,0.12011949999999999,0.12635865,5.848904632470166,True,True,False,-1.9609754165490934,-2.4663529863916622,True,34,0.0,0.0
48,0,bdf33cf528fe573c3eaeabbb0701e56e4903474747408b891ca6a4fda87bd4d8,42,model.layers.6.mlp.down_proj,down_proj,0,0.4224654462298419,4864x896,3,4864,896,1.75,0,0.5,0.5000000003929017,0.25,1216,False,False,0.2686803089964087,1212,0.4221456613692677,0.5069308894671849,2352,19,0.7953032274688909,0.7824297691085703,tiles_s,Tiles (s),135,0.512141654980951,2430,8,0.7905264418776253,0.806968493603865,0.012141654588049278,True,False,False,True,67,0.7905265092849731,0.5121419429779053,0.6609404999999999,0.74133565,0.6503520011901855,0.728678399324417,0.0816375,0.0884189,8.096040422599907,True,True,False,-1.466769620953201,-1.0348114410676956,False,0,0.0002823255962574045,1.1102230246251565e-16
48,0,bdf33cf528fe573c3eaeabbb0701e56e4903474747408b891ca6a4fda87bd4d8,42,model.layers.6.mlp.down_proj,down_proj,0,0.4224654462298419,4864x896,3,4864,896,1.75,0,0.5,0.5000000003929017,0.25,1216,False,False,0.2686803089964087,1212,0.4221456613692677,0.5069308894671849,2352,19,0.7953032274688909,0.7824297691085703,tiles_2s,Tiles (2s),270,0.5092047903526691,2430,4,0.7905264418776252,0.80753314479638,0.009204789959767368,True,False,False,True,0,0.7905264496803284,0.5092051029205322,0.730831,0.7820450999999999,0.7173119783401489,0.7675392031669617,0.065708,0.0770871,11.122405186583064,True,True,False,-1.5377678481717894,-1.0348114410676734,True,0,0.0,0.0
48,0,bdf33cf528fe573c3eaeabbb0701e56e4903474747408b891ca6a4fda87bd4d8,42,model.layers.6.mlp.down_proj,down_proj,0,0.4224654462298419,4864x896,3,4864,896,1.75,1,0.7,0.7000000005500624,0.5,2432,False,False,0.5233414974063635,2430,0.8237070133183663,0.7058364384356537,3330,27,1.1263590619185295,1.1088792497799453,tiles_half_s,Tiles (s/2),68,0.7003860203039949,3332,13,1.1004447220170812,1.1192731461217356,0.0003860197539324872,True,False,False,True,34,1.1004446744918823,0.700385570526123,0.714345,0.75367895,0.7024639844894409,0.7303167849779129,0.125985,0.13680014999999998,5.670079771401356,True,True,False,0.629099195484295,0.7606353680563505,True,34,0.0,0.0
48,0,bdf33cf528fe573c3eaeabbb0701e56e4903474747408b891ca6a4fda87bd4d8,42,model.layers.6.mlp.down_proj,down_proj,0,0.4224654462298419,4864x896,3,4864,896,1.75,1,0.7,0.7000000005500624,0.5,2432,False,False,0.5233414974063635,2430,0.8237070133183663,0.7058364384356537,3330,27,1.1263590619185295,1.1088792497799453,tiles_s,Tiles (s),135,0.7041935862071114,3375,5,1.0979533914967017,1.1212914866209371,0.0041935856570489705,True,False,False,True,67,1.09795343875885,0.7041937112808228,0.7114495000000001,0.7508374,0.6993920207023621,0.7372800052165984,0.087539,0.11875274999999995,8.12722900649996,True,True,False,0.44990762439117704,0.9853064060322048,True,67,0.0,0.0
48,0,bdf33cf528fe573c3eaeabbb0701e56e4903474747408b891ca6a4fda87bd4d8,42,model.layers.6.mlp.down_proj,down_proj,0,0.4224654462298419,4864x896,3,4864,896,1.75,1,0.7,0.7000000005500624,0.5,2432,False,False,0.5233414974063635,2430,0.8237070133183663,0.7058364384356537,3330,27,1.1263590619185295,1.1088792497799453,tiles_2s,Tiles (2s),270,0.7042092644187505,3379,3,1.0992546695903274,1.123125058970139,0.00420926386868814,True,False,False,True,135,1.0992546081542969,0.7042092084884644,0.714315,0.7538437499999999,0.7009280025959015,0.7417856127023696,0.06643399999999999,0.07562955,10.752250353734535,True,True,False,0.287120071896263,0.8679556580689862,True,135,0.0,0.0
48,0,bdf33cf528fe573c3eaeabbb0701e56e4903474747408b891ca6a4fda87bd4d8,42,model.layers.6.mlp.down_proj,down_proj,0,0.4224654462298419,4864x896,3,4864,896,1.75,2,0.9,0.9000000007072231,0.75,3648,False,False,0.7684972100832965,3648,1.2347971875181554,0.9043265150321531,4356,24,1.4605425267108738,1.4356377917094298,tiles_half_s,Tiles (s/2),68,0.9017004146662657,4352,7,1.4212839225404026,1.450392298950383,0.0017004139590426348,True,False,False,True,34,1.4212839603424072,0.9017001390457153,0.714931,0.7648889,0.7019519805908203,0.7511552184820175,0.1325225,0.14143765,5.394789564036296,True,True,False,0.6949628357175608,0.9998252520181938,True,34,0.0,0.0
48,0,bdf33cf528fe573c3eaeabbb0701e56e4903474747408b891ca6a4fda87bd4d8,42,model.layers.6.mlp.down_proj,down_proj,0,0.4224654462298419,4864x896,3,4864,896,1.75,2,0.9,0.9000000007072231,0.75,3648,False,False,0.7684972100832965,3648,1.2347971875181554,0.9043265150321531,4356,24,1.4605425267108738,1.4356377917094298,tiles_s,Tiles (s),135,0.9191278665821301,4455,2,1.4492984767756463,1.4801951065304393,0.019127865874907002,True,False,False,True,67,1.4492985010147095,0.919127881526947,0.716629,0.8139468999999999,0.7040160000324249,0.8012799888849258,0.088265,0.093134,8.119061915821673,True,True,False,-1.3455671067533315,-0.9515411996747769,True,67,0.0,0.0
48,0,bdf33cf528fe573c3eaeabbb0701e56e4903474747408b891ca6a4fda87bd4d8,42,model.layers.6.mlp.down_proj,down_proj,0,0.4224654462298419,4864x896,3,4864,896,1.75,2,0.9,0.9000000007072231,0.75,3648,False,False,0.7684972100832965,3648,1.2347971875181554,0.9043265150321531,4356,24,1.4605425267108738,1.4356377917094298,tiles_2s,Tiles (2s),270,0.920229260904307,4459,2,1.450599754869272,1.4818067047930281,0.02022926019708393,True,False,False,True,135,1.4505997896194458,0.9202291965484619,0.7158475,0.76417425,0.7034879922866821,0.7409152001142502,0.0704465,0.07726415,10.161576515511772,True,True,False,-1.4559095468477112,-1.0421823141077091,True,135,0.0,0.0
63,0,bdf33cf528fe573c3eaeabbb0701e56e4903474747408b891ca6a4fda87bd4d8,42,model.layers.9.self_attn.q_proj,q_proj,0,1.2650674392185386,896x896,0,896,896,1.75,0,0.5,0.49999999868305167,0.25,224,True,False,0.3232256565534044,224,0.08722209014672958,0.5515841146552702,416,4,0.14322694186836485,0.14547450329206318,tiles_half_s,Tiles (s/2),68,0.518877401118516,408,3,0.13822372222544216,0.13958215032168014,0.01887740243546432,True,False,False,True,34,0.13822372257709503,0.5188775062561035,0.713122,0.7505769,0.7004320025444031,0.7327231764793396,0.044208,0.05100809999999999,16.13106225117626,True,True,False,2.5447667171687005,4.984228096702237,True,34,0.0,0.0
63,0,bdf33cf528fe573c3eaeabbb0701e56e4903474747408b891ca6a4fda87bd4d8,42,model.layers.9.self_attn.q_proj,q_proj,0,1.2650674392185386,896x896,0,896,896,1.75,0,0.5,0.49999999868305167,0.25,224,True,False,0.3232256565534044,224,0.08722209014672958,0.5515841146552702,416,4,0.14322694186836485,0.14547450329206318,tiles_s,Tiles (s),135,0.6329476660612272,540,3,0.17567254263947227,0.17888715876223615,0.13294766737817554,True,False,False,True,0,0.17567254602909088,0.6329476833343506,0.716188,0.8315323499999996,0.7034879922866821,0.8196607947349545,0.0382515,0.04277484999999999,18.72313504045593,True,True,False,-24.89770180714006,-20.758303801719613,True,0,0.0,0.0
63,0,bdf33cf528fe573c3eaeabbb0701e56e4903474747408b891ca6a4fda87bd4d8,42,model.layers.9.self_attn.q_proj,q_proj,0,1.2650674392185386,896x896,0,896,896,1.75,0,0.5,0.49999999868305167,0.25,224,True,False,0.3232256565534044,224,0.08722209014672958,0.5515841146552702,416,4,0.14322694186836485,0.14547450329206318,tiles_2s,Tiles (2s),270,0.5737138425029116,491,1,0.1597318859925572,0.16316821979219037,0.0737138438198599,True,False,False,True,135,0.1597318947315216,0.5737137794494629,0.7063855,0.7403599,0.6937279999256134,0.7287296056747437,0.034289,0.0368141,20.60093616028464,True,True,False,-13.922853943326462,-9.800605864156164,True,135,0.0,0.0
63,0,bdf33cf528fe573c3eaeabbb0701e56e4903474747408b891ca6a4fda87bd4d8,42,model.layers.9.self_attn.q_proj,q_proj,0,1.2650674392185386,896x896,0,896,896,1.75,1,0.7,0.6999999981562723,0.5,448,True,False,0.6043970094469842,448,0.16217637152615952,0.7085083727870369,544,5,0.1895339722649633,0.1917166754009976,tiles_half_s,Tiles (s/2),68,0.7192491125897504,612,3,0.2045889050003539,0.20737505630458614,0.0192491144334781,True,False,False,True,0,0.2045889049768448,0.7192490696907043,0.722085,0.74596255,0.7096319794654846,0.7327231764793396,0.044898999999999994,0.048016,16.082429452771777,True,True,False,-9.413132551604786,-6.714194043075561,True,0,0.0,0.0
63,0,bdf33cf528fe573c3eaeabbb0701e56e4903474747408b891ca6a4fda87bd4d8,42,model.layers.9.self_attn.q_proj,q_proj,0,1.2650674392185386,896x896,0,896,896,1.75,1,0.7,0.6999999981562723,0.5,448,True,False,0.6043970094469842,448,0.16217637152615952,0.7085083727870369,544,5,0.1895339722649633,0.1917166754009976,tiles_s,Tiles (s),135,0.7790345311514102,675,1,0.21959067829934034,0.22431476244343893,0.07903453299513785,True,False,False,True,67,0.2195906788110733,0.7790346145629883,0.7094914999999999,0.7355217,0.6983680129051208,0.7214592099189758,0.038562,0.04219255,18.398721539339245,True,True,False,-18.35068919985121,-14.539164545828399,True,67,0.0,0.0
63,0,bdf33cf528fe573c3eaeabbb0701e56e4903474747408b891ca6a4fda87bd4d8,42,model.layers.9.self_attn.q_proj,q_proj,0,1.2650674392185386,896x896,0,896,896,1.75,1,0.7,0.6999999981562723,0.5,448,True,False,0.6043970094469842,448,0.16217637152615952,0.7085083727870369,544,5,0.1895339722649633,0.1917166754009976,tiles_2s,Tiles (2s),270,0.7200986695970641,626,2,0.20365002165242527,0.20774884668462065,0.020098671440791804,True,False,False,True,135,0.20365002751350403,0.720098614692688,0.7093054999999999,0.751647,0.696832001209259,0.7391743928194046,0.035070500000000004,0.0385995,20.225132233643656,True,True,False,-9.610348056333384,-6.22446963805714,True,135,0.0,0.0
63,0,bdf33cf528fe573c3eaeabbb0701e56e4903474747408b891ca6a4fda87bd4d8,42,model.layers.9.self_attn.q_proj,q_proj,0,1.2650674392185386,896x896,0,896,896,1.75,2,0.9,0.899999997629493,0.75,672,True,False,0.833412951338687,672,0.23313993117902437,0.9142852369695902,780,6,0.26792694936941497,0.2682573240926237,tiles_half_s,Tiles (s/2),68,0.930178724360303,816,2,0.265460731099647,0.2713189235574778,0.030178726730810013,True,False,False,True,0,0.265460729598999,0.9301786422729492,0.7222895,1.2175013499999987,0.7086079716682434,1.181644824147223,0.046146,0.0508516,15.65226671867551,True,True,False,-1.2660070948615099,1.0425038728899994,True,0,0.0,0.0
63,0,bdf33cf528fe573c3eaeabbb0701e56e4903474747408b891ca6a4fda87bd4d8,42,model.layers.9.self_attn.q_proj,q_proj,0,1.2650674392185386,896x896,0,896,896,1.75,2,0.9,0.899999997629493,0.75,672,True,False,0.833412951338687,672,0.23313993117902437,0.9142852369695902,780,6,0.26792694936941497,0.2682573240926237,tiles_s,Tiles (s),135,0.9087335662479745,810,1,0.26350881395920844,0.26917771493212667,0.008733568618481513,True,False,False,True,0,0.2635088264942169,0.9087336659431458,0.715001,0.7556587499999999,0.7029599845409393,0.7410688072443008,0.038812,0.04602184999999999,18.42216324847985,True,True,False,-0.4668308155097778,1.7701325208834606,True,0,0.0,0.0
63,0,bdf33cf528fe573c3eaeabbb0701e56e4903474747408b891ca6a4fda87bd4d8,42,model.layers.9.self_attn.q_proj,q_proj,0,1.2650674392185386,896x896,0,896,896,1.75,2,0.9,0.899999997629493,0.75,672,True,False,0.833412951338687,672,0.23313993117902437,0.9142852369695902,780,6,0.26792694936941497,0.2682573240926237,tiles_2s,Tiles (2s),270,0.9087335662479745,810,1,0.26350881395920844,0.26917771493212667,0.008733568618481513,True,False,False,True,0,0.2635088264942169,0.908733606338501,0.7133185,0.7490247499999999,0.7009280025959015,0.7369216084480286,0.034644499999999995,0.037976649999999994,20.589660696503053,True,True,False,-0.4668308155097778,1.7701325208834606,True,0,0.0,0.0
64,0,bdf33cf528fe573c3eaeabbb0701e56e4903474747408b891ca6a4fda87bd4d8,42,model.layers.9.self_attn.k_proj,k_proj,0,1.2650674392185386,896x128,1,896,128,0.25,0,0.5,0.49999999868305167,0.25,224,True,False,0.28947238661930896,224,0.018949429657794677,0.9528834433294833,832,1,0.04029536541889483,0.03998119852856752,tiles_half_s,Tiles (s/2),472,0.5063772164139664,424,1,0.025808797914480035,0.024313751263902932,0.006377217730914708,True,False,False,True,0,0.025808798149228096,0.5063772201538086,0.723382,0.7812321499999999,0.709119975566864,0.7665152162313461,0.032175,0.0348566,22.48273504273504,True,True,False,39.66117192102193,35.447663240913016,True,0,0.0,0.0
64,0,bdf33cf528fe573c3eaeabbb0701e56e4903474747408b891ca6a4fda87bd4d8,42,model.layers.9.self_attn.k_proj,k_proj,0,1.2650674392185386,896x128,1,896,128,0.25,0,0.5,0.49999999868305167,0.25,224,True,False,0.28947238661930896,224,0.018949429657794677,0.9528834433294833,832,1,0.04029536541889483,0.03998119852856752,tiles_s,Tiles (s),896,0.5421201723074773,448,1,0.026642468538838122,0.025773178458289338,0.04212017362442566,True,False,False,True,448,0.026642467826604843,0.5421202182769775,0.706501,0.7375877,0.6927359998226166,0.7256576091051101,0.032626,0.036034050000000005,21.65453932446515,True,True,False,36.03934797373972,33.36250657968284,True,448,0.0,0.0
64,0,bdf33cf528fe573c3eaeabbb0701e56e4903474747408b891ca6a4fda87bd4d8,42,model.layers.9.self_attn.k_proj,k_proj,0,1.2650674392185386,896x128,1,896,128,0.25,0,0.5,0.49999999868305167,0.25,224,True,False,0.28947238661930896,224,0.018949429657794677,0.9528834433294833,832,1,0.04029536541889483,0.03998119852856752,tiles_2s,Tiles (2s),896,0.5421201723074773,448,1,0.026642468538838122,0.025773178458289338,0.04212017362442566,True,False,False,True,448,0.026642467826604843,0.5421202182769775,0.7067654999999999,0.7483987499999999,0.6947839856147766,0.7232511907815933,0.033097,0.043528099999999986,21.35436746532918,True,True,False,36.03934797373972,33.36250657968284,True,448,0.0,0.0
64,0,bdf33cf528fe573c3eaeabbb0701e56e4903474747408b891ca6a4fda87bd4d8,42,model.layers.9.self_attn.k_proj,k_proj,0,1.2650674392185386,896x128,1,896,128,0.25,1,0.7,0.6999999981562723,0.5,448,True,False,0.5662198883364908,448,0.03634124909539145,0.9528834433294833,832,1,0.04029536541889483,0.03998119852856752,tiles_half_s,Tiles (s/2),472,0.7788326078734826,708,1,0.0356739003027174,0.03657105263157895,0.07883260971721029,True,False,False,True,236,0.035673901438713074,0.7788325548171997,0.7114345,0.7372559999999999,0.6978560090065002,0.7258624106645584,0.033227000000000007,0.035528,21.411337165558127,True,True,False,9.242533846260937,10.773309416355914,True,236,0.0,0.0
64,0,bdf33cf528fe573c3eaeabbb0701e56e4903474747408b891ca6a4fda87bd4d8,42,model.layers.9.self_attn.k_proj,k_proj,0,1.2650674392185386,896x128,1,896,128,0.25,1,0.7,0.6999999981562723,0.5,448,True,False,0.5662198883364908,448,0.03634124909539145,0.9528834433294833,832,1,0.04029536541889483,0.03998119852856752,tiles_s,Tiles (s),896,0.9999999973661033,896,1,0.04220432019352241,0.043105703422053235,0.299999999209831,True,False,False,True,0,0.042204320430755615,1.0,0.6973985,0.7310086,0.6855680048465729,0.717363178730011,0.0318045,0.03696479999999999,21.927667468440003,True,True,False,-6.974345495922996,-5.560417763280445,True,0,0.0,0.0
64,0,bdf33cf528fe573c3eaeabbb0701e56e4903474747408b891ca6a4fda87bd4d8,42,model.layers.9.self_attn.k_proj,k_proj,0,1.2650674392185386,896x128,1,896,128,0.25,1,0.7,0.6999999981562723,0.5,448,True,False,0.5662198883364908,448,0.03634124909539145,0.9528834433294833,832,1,0.04029536541889483,0.03998119852856752,tiles_2s,Tiles (2s),896,0.9999999973661033,896,1,0.04220432019352241,0.043105703422053235,0.299999999209831,True,False,False,True,0,0.042204320430755615,1.0,0.7033245,0.7474725999999998,0.6906880140304565,0.7354367792606352,0.032044500000000004,0.036905949999999986,21.94836867481159,True,True,False,-6.974345495922996,-5.560417763280445,True,0,0.0,0.0
64,0,bdf33cf528fe573c3eaeabbb0701e56e4903474747408b891ca6a4fda87bd4d8,42,model.layers.9.self_attn.k_proj,k_proj,0,1.2650674392185386,896x128,1,896,128,0.25,2,0.9,0.899999997629493,0.75,672,True,False,0.7814268349029589,672,0.04411609029795707,0.9528834433294833,832,1,0.04029536541889483,0.03998119852856752,tiles_half_s,Tiles (s/2),472,0.9999999973661033,896,1,0.04220432019352241,0.043105703422053235,0.09999999973661033,True,False,False,True,0,0.042204320430755615,1.0,0.7273240000000001,0.75376175,0.7142400145530701,0.7374848127365112,0.034134,0.03945674999999999,21.30790414249722,True,True,False,-6.974345495922996,-5.560417763280445,True,0,0.0,0.0
64,0,bdf33cf528fe573c3eaeabbb0701e56e4903474747408b891ca6a4fda87bd4d8,42,model.layers.9.self_attn.k_proj,k_proj,0,1.2650674392185386,896x128,1,896,128,0.25,2,0.9,0.899999997629493,0.75,672,True,False,0.7814268349029589,672,0.04411609029795707,0.9528834433294833,832,1,0.04029536541889483,0.03998119852856752,tiles_s,Tiles (s),896,0.9999999973661033,896,1,0.04220432019352241,0.043105703422053235,0.09999999973661033,True,False,False,True,0,0.042204320430755615,1.0,0.7343820000000001,0.8925872499999999,0.7219200134277344,0.8800256133079528,0.032696,0.03505219999999999,22.460912649865428,True,True,False,-6.974345495922996,-5.560417763280445,True,0,0.0,0.0
64,0,bdf33cf528fe573c3eaeabbb0701e56e4903474747408b891ca6a4fda87bd4d8,42,model.layers.9.self_attn.k_proj,k_proj,0,1.2650674392185386,896x128,1,896,128,0.25,2,0.9,0.899999997629493,0.75,672,True,False,0.7814268349029589,672,0.04411609029795707,0.9528834433294833,832,1,0.04029536541889483,0.03998119852856752,tiles_2s,Tiles (2s),896,0.9999999973661033,896,1,0.04220432019352241,0.043105703422053235,0.09999999973661033,True,False,False,True,0,0.042204320430755615,1.0,0.6798005,0.7358406,0.6686719954013824,0.722995188832283,0.033006,0.034891,20.596270375083318,True,True,False,-6.974345495922996,-5.560417763280445,True,0,0.0,0.0
67,0,bdf33cf528fe573c3eaeabbb0701e56e4903474747408b891ca6a4fda87bd4d8,42,model.layers.9.mlp.gate_proj,gate_proj,0,0.5665009288412663,896x4864,2,896,4864,9.5,0,0.5,0.5000000089850971,0.25,224,False,False,0.31738511357838206,224,0.435592781801058,0.518373705110605,402,22,0.7582379512661506,0.7744049238553068,tiles_half_s,Tiles (s/2),12,0.5100483757400411,408,17,0.7628867634729811,0.7713569364886558,0.010048366754944027,True,False,False,True,6,0.7628868222236633,0.5100482702255249,0.703199,0.8053943499999999,0.6871039867401123,0.794169607758522,0.107686,0.13776349999999993,6.530087476552198,True,True,False,-1.7301936945517404,1.4873562948158336,True,6,0.0,0.0
67,0,bdf33cf528fe573c3eaeabbb0701e56e4903474747408b891ca6a4fda87bd4d8,42,model.layers.9.mlp.gate_proj,gate_proj,0,0.5665009288412663,896x4864,2,896,4864,9.5,0,0.5,0.5000000089850971,0.25,224,False,False,0.31738511357838206,224,0.435592781801058,0.518373705110605,402,22,0.7582379512661506,0.7744049238553068,tiles_s,Tiles (s),25,0.5170101019743356,425,11,0.7505586147162641,0.7698294595278045,0.0170100929892385,True,False,False,True,0,0.750558614730835,0.5170100331306458,0.7285315,0.85633825,0.7137280106544495,0.8434175848960876,0.0670705,0.09318919999999994,10.862174875690505,True,True,False,-1.52874282305413,3.0793075307845363,False,12,-0.0010413250657733686,0.0
67,0,bdf33cf528fe573c3eaeabbb0701e56e4903474747408b891ca6a4fda87bd4d8,42,model.layers.9.mlp.gate_proj,gate_proj,0,0.5665009288412663,896x4864,2,896,4864,9.5,0,0.5,0.5000000089850971,0.25,224,False,False,0.31738511357838206,224,0.435592781801058,0.518373705110605,402,22,0.7582379512661506,0.7744049238553068,tiles_2s,Tiles (2s),50,0.5297022270519278,450,5,0.7947091214642796,0.81180580693816,0.02970221806683071,True,False,False,True,25,0.7947091460227966,0.5297022461891174,0.7146905,0.8958934499999996,0.7019520103931427,0.8816639900207516,0.0490765,0.0557347,14.56278463215592,True,True,False,-7.064781653642971,-2.6219096732869707,False,0,1.1102230246251565e-16,1.1102230246251565e-16
67,0,bdf33cf528fe573c3eaeabbb0701e56e4903474747408b891ca6a4fda87bd4d8,42,model.layers.9.mlp.gate_proj,gate_proj,0,0.5665009288412663,896x4864,2,896,4864,9.5,1,0.7,0.7000000125791359,0.5,448,False,False,0.5699130100096568,448,0.8516814532904421,0.7198603795390568,591,31,1.1067315787528935,1.1236064101518488,tiles_half_s,Tiles (s/2),12,0.7029745620224617,588,17,1.0739154541557843,1.0875884254365378,0.002974549443325758,True,False,False,True,0,1.0739154815673828,0.7029744982719421,0.74131,0.84279725,0.7260160148143768,0.8154111981391906,0.11206949999999999,0.12322334999999998,6.614734606650338,True,True,False,1.7297015540052585,4.422452163596069,True,0,0.0,0.0
67,0,bdf33cf528fe573c3eaeabbb0701e56e4903474747408b891ca6a4fda87bd4d8,42,model.layers.9.mlp.gate_proj,gate_proj,0,0.5665009288412663,896x4864,2,896,4864,9.5,1,0.7,0.7000000125791359,0.5,448,False,False,0.5699130100096568,448,0.8516814532904421,0.7198603795390568,591,31,1.1067315787528935,1.1236064101518488,tiles_s,Tiles (s),25,0.7024421846858218,600,9,1.0596121619523728,1.0839697301828732,0.002442172106685847,True,False,False,True,12,1.0596121549606323,0.7024421691894531,0.7200355,0.8530734999999999,0.7080959975719452,0.8383663982152938,0.0694495,0.07670579999999999,10.367756427332091,True,True,False,2.0566729103066894,5.695432815377721,True,12,0.0,0.0
67,0,bdf33cf528fe573c3eaeabbb0701e56e4903474747408b891ca6a4fda87bd4d8,42,model.layers.9.mlp.gate_proj,gate_proj,0,0.5665009288412663,896x4864,2,896,4864,9.5,1,0.7,0.7000000125791359,0.5,448,False,False,0.5699130100096568,448,0.8516814532904421,0.7198603795390568,591,31,1.1067315787528935,1.1236064101518488,tiles_2s,Tiles (2s),50,0.7431363529598798,646,5,1.1408490943687215,1.1653923361823362,0.043136340380743876,True,False,False,True,0,1.1408491134643555,0.7431365251541138,0.6403565,0.7400043,0.6282880008220673,0.7267840176820755,0.0505195,0.054205699999999996,12.675432258830748,True,True,False,-5.300359956796741,-1.5345840021099955,True,0,0.0,0.0
67,0,bdf33cf528fe573c3eaeabbb0701e56e4903474747408b891ca6a4fda87bd4d8,42,model.layers.9.mlp.gate_proj,gate_proj,0,0.5665009288412663,896x4864,2,896,4864,9.5,2,0.9,0.9000000161731748,0.75,672,False,False,0.8035921531104009,672,1.268124231303278,0.9048564360550131,779,30,1.4339862205195,1.4316493441199742,tiles_half_s,Tiles (s/2),12,0.904315893900673,792,9,1.4101442847929522,1.4361134217618121,0.004315877727498196,True,False,False,True,6,1.410144329071045,0.9043158888816833,0.7147155000000001,0.8254918499999998,0.7029759883880615,0.8122367888689039,0.117595,0.12413350000000001,6.077771163739955,True,True,False,-0.1483418189012653,1.5021177787247209,True,6,0.0,0.0
67,0,bdf33cf528fe573c3eaeabbb0701e56e4903474747408b891ca6a4fda87bd4d8,42,model.layers.9.mlp.gate_proj,gate_proj,0,0.5665009288412663,896x4864,2,896,4864,9.5,2,0.9,0.9000000161731748,0.75,672,False,False,0.8035921531104009,672,1.268124231303278,0.9048564360550131,779,30,1.4339862205195,1.4316493441199742,tiles_s,Tiles (s),25,0.9052875627953085,800,4,1.412816215936497,1.4432103234456175,0.00528754662213371,True,False,False,True,12,1.4128162860870361,0.905287504196167,0.7141645,0.8228912499999996,0.7014399766921997,0.808755204081535,0.069565,0.07597784999999999,10.266146769208653,True,True,False,-0.6432490629356247,1.3154847072593623,True,12,0.0,0.0
67,0,bdf33cf528fe573c3eaeabbb0701e56e4903474747408b891ca6a4fda87bd4d8,42,model.layers.9.mlp.gate_proj,gate_proj,0,0.5665009288412663,896x4864,2,896,4864,9.5,2,0.9,0.9000000161731748,0.75,672,False,False,0.8035921531104009,672,1.268124231303278,0.9048564360550131,779,30,1.4339862205195,1.4316493441199742,tiles_2s,Tiles (2s),50,0.9036985979313954,800,2,1.412816215936497,1.4432103234456175,0.003698581758220576,True,False,False,True,25,1.4128162860870361,0.9036986231803894,0.7339519999999999,0.76883295,0.7178239822387695,0.7553535968065261,0.053966,0.06153979999999999,13.600266834673683,True,True,False,-0.6432490629356247,1.3154847072593623,True,25,0.0,0.0
69,0,bdf33cf528fe573c3eaeabbb0701e56e4903474747408b891ca6a4fda87bd4d8,42,model.layers.9.mlp.down_proj,down_proj,0,0.5255553624789123,4864x896,3,4864,896,1.75,0,0.5,0.5000000003274181,0.25,1216,False,False,0.27309698433964513,1212,0.4142624032748107,0.5115951225234312,2346,20,0.7968622664651334,0.7920514624000975,tiles_half_s,Tiles (s/2),68,0.5130170765623916,2380,20,0.8237006757878715,0.8267369820441962,0.013017076234973501,True,False,False,True,34,0.8237006664276123,0.513016939163208,0.6557605,0.7300746,0.6441439986228943,0.7191264003515243,0.12634099999999998,0.14603895,5.190401374059094,True,True,False,-3.7490438230419088,-3.995853159827467,True,34,0.0,0.0
69,0,bdf33cf528fe573c3eaeabbb0701e56e4903474747408b891ca6a4fda87bd4d8,42,model.layers.9.mlp.down_proj,down_proj,0,0.5255553624789123,4864x896,3,4864,896,1.75,0,0.5,0.5000000003274181,0.25,1216,False,False,0.27309698433964513,1212,0.4142624032748107,0.5115951225234312,2346,20,0.7968622664651334,0.7920514624000975,tiles_s,Tiles (s),135,0.5150465207188972,2430,11,0.7905264418776252,0.8058391912188351,0.015046520391479135,True,False,False,True,0,0.7905265092849731,0.5150460004806519,0.6640155000000001,0.7959257499999999,0.6460959911346436,0.7773184001445769,0.0839165,0.09153255,7.9128121406398035,True,True,False,-1.1265340487915498,0.19254058541235963,True,0,0.0,0.0
69,0,bdf33cf528fe573c3eaeabbb0701e56e4903474747408b891ca6a4fda87bd4d8,42,model.layers.9.mlp.down_proj,down_proj,0,0.5255553624789123,4864x896,3,4864,896,1.75,0,0.5,0.5000000003274181,0.25,1216,False,False,0.27309698433964513,1212,0.4142624032748107,0.5115951225234312,2346,20,0.7968622664651334,0.7920514624000975,tiles_2s,Tiles (2s),270,0.5091697414245573,2430,6,0.7905264418776252,0.80753314479638,0.009169741097139195,True,False,False,True,0,0.7905265092849731,0.509169340133667,0.6581245,0.8028797499999997,0.6435839831829071,0.7905488252639769,0.065292,0.07275164999999999,10.079711143784843,True,True,False,-1.3391120122405287,0.19254058541235963,True,0,0.0,0.0
69,0,bdf33cf528fe573c3eaeabbb0701e56e4903474747408b891ca6a4fda87bd4d8,42,model.layers.9.mlp.down_proj,down_proj,0,0.5255553624789123,4864x896,3,4864,896,1.75,1,0.7,0.7000000004583853,0.5,2432,False,False,0.5294675398763502,2430,0.826962134364737,0.7216795181666384,3384,28,1.147418210796559,1.1387713427391908,tiles_half_s,Tiles (s/2),68,0.7050816084811231,3332,18,1.1169247920439371,1.1309675619376325,0.005081608022737827,True,False,False,True,34,1.11692476272583,0.7050816416740417,0.6568875,0.8727327999999998,0.6466720104217529,0.8606287896633146,0.13090400000000002,0.18008449999999998,5.018085772780052,True,True,False,1.433709932798266,1.918431723325964,True,34,0.0,0.0
69,0,bdf33cf528fe573c3eaeabbb0701e56e4903474747408b891ca6a4fda87bd4d8,42,model.layers.9.mlp.down_proj,down_proj,0,0.5255553624789123,4864x896,3,4864,896,1.75,1,0.7,0.7000000004583853,0.5,2432,False,False,0.5294675398763502,2430,0.826962134364737,0.7216795181666384,3384,28,1.147418210796559,1.1387713427391908,tiles_s,Tiles (s),135,0.7069596380315488,3375,10,1.0979533914967017,1.1210091610246795,0.006959637573163535,True,False,False,True,0,1.09795343875885,0.7069591879844666,0.6541824999999999,0.7732794999999999,0.6419200003147125,0.7598080188035964,0.086076,0.09092259999999999,7.600056926437101,True,True,False,2.3016062951925598,3.5843851799348903,True,0,0.0,0.0
69,0,bdf33cf528fe573c3eaeabbb0701e56e4903474747408b891ca6a4fda87bd4d8,42,model.layers.9.mlp.down_proj,down_proj,0,0.5255553624789123,4864x896,3,4864,896,1.75,1,0.7,0.7000000004583853,0.5,2432,False,False,0.5294675398763502,2430,0.826962134364737,0.7216795181666384,3384,28,1.147418210796559,1.1387713427391908,tiles_2s,Tiles (2s),270,0.7031556517176796,3379,4,1.0992546695903276,1.122903084883526,0.00315565125929429,True,False,False,True,135,1.0992547273635864,0.7031554579734802,0.7189085,0.8458757999999997,0.7045120000839233,0.8302080065011976,0.067717,0.07449565,10.616366643531165,True,True,False,2.136546699569475,3.4701148216296107,True,135,0.0,0.0
69,0,bdf33cf528fe573c3eaeabbb0701e56e4903474747408b891ca6a4fda87bd4d8,42,model.layers.9.mlp.down_proj,down_proj,0,0.5255553624789123,4864x896,3,4864,896,1.75,2,0.9,0.9000000005893526,0.75,3648,False,False,0.773906564398203,3648,1.2463007859134847,0.9000144705350976,4314,28,1.451466203953733,1.4337592651073878,tiles_half_s,Tiles (s/2),68,0.903993987973081,4352,7,1.4212839225404026,1.4500976996986754,0.003993987383728359,True,False,False,True,34,1.4212839603424072,0.9039939641952515,0.724564,0.7854763,0.7127040028572083,0.7709695905447006,0.13339499999999999,0.14383915,5.431717830503393,True,True,False,0.0942842658912646,0.8701141726223383,True,34,0.0,0.0
69,0,bdf33cf528fe573c3eaeabbb0701e56e4903474747408b891ca6a4fda87bd4d8,42,model.layers.9.mlp.down_proj,down_proj,0,0.5255553624789123,4864x896,3,4864,896,1.75,2,0.9,0.9000000005893526,0.75,3648,False,False,0.773906564398203,3648,1.2463007859134847,0.9000144705350976,4314,28,1.451466203953733,1.4337592651073878,tiles_s,Tiles (s),135,0.9202118344546761,4455,3,1.4492984767756463,1.4801951065304393,0.020211833865323547,True,False,False,True,67,1.4492985010147095,0.9202119708061218,0.7221299999999999,0.8339188999999998,0.7086080014705658,0.8202240228652953,0.08961749999999999,0.09629454999999999,8.057912796049878,True,True,False,-1.9793022047947195,-1.083808980100609,True,67,0.0,0.0
69,0,bdf33cf528fe573c3eaeabbb0701e56e4903474747408b891ca6a4fda87bd4d8,42,model.layers.9.mlp.down_proj,down_proj,0,0.5255553624789123,4864x896,3,4864,896,1.75,2,0.9,0.9000000005893526,0.75,3648,False,False,0.773906564398203,3648,1.2463007859134847,0.9000144705350976,4314,28,1.451466203953733,1.4337592651073878,tiles_2s,Tiles (2s),270,0.9198445930305752,4459,2,1.450599754869272,1.4818067047930286,0.019844592441222608,True,False,False,True,135,1.4505997896194458,0.9198444485664368,0.663109,0.7358169999999999,0.6522879898548126,0.713369607925415,0.0678115,0.07290565,9.778710100794113,True,True,False,-2.0903346393219113,-1.1745688534834153,True,135,0.0,0.0
79,0,bdf33cf528fe573c3eaeabbb0701e56e4903474747408b891ca6a4fda87bd4d8,42,model.layers.11.self_attn.v_proj,v_proj,0,1.198822196935747,896x128,1,896,128,0.25,0,0.5,0.500000000334694,0.25,224,True,False,0.2844537439523265,224,0.018949429657794677,0.9509808135771891,832,1,0.04029536541889483,0.03998119852856752,tiles_half_s,Tiles (s/2),472,0.5012005930184387,424,1,0.025808797914480035,0.024313751263902932,0.0012005926837446168,True,False,False,True,0,0.025808798149228096,0.5012006163597107,0.7074025,0.7752679999999998,0.6958079934120178,0.7491072028875351,0.032345,0.035460649999999996,21.870536404390172,True,True,False,39.66117192102193,35.447663240913016,True,0,0.0,0.0
79,0,bdf33cf528fe573c3eaeabbb0701e56e4903474747408b891ca6a4fda87bd4d8,42,model.layers.11.self_attn.v_proj,v_proj,0,1.198822196935747,896x128,1,896,128,0.25,0,0.5,0.500000000334694,0.25,224,True,False,0.2844537439523265,224,0.018949429657794677,0.9509808135771891,832,1,0.04029536541889483,0.03998119852856752,tiles_s,Tiles (s),896,0.5375873848097399,448,1,0.026642468538838122,0.025773178458289338,0.03758738447504584,True,False,False,True,448,0.026642467826604843,0.5375874042510986,0.699447,0.7611940999999999,0.6876160204410553,0.7477759867906569,0.0322155,0.03787279999999999,21.71150533128463,True,True,False,36.03934797373972,33.36250657968284,True,448,0.0,0.0
79,0,bdf33cf528fe573c3eaeabbb0701e56e4903474747408b891ca6a4fda87bd4d8,42,model.layers.11.self_attn.v_proj,v_proj,0,1.198822196935747,896x128,1,896,128,0.25,0,0.5,0.500000000334694,0.25,224,True,False,0.2844537439523265,224,0.018949429657794677,0.9509808135771891,832,1,0.04029536541889483,0.03998119852856752,tiles_2s,Tiles (2s),896,0.5375873848097399,448,1,0.026642468538838122,0.025773178458289338,0.03758738447504584,True,False,False,True,448,0.026642467826604843,0.5375874042510986,0.7076175,0.7516887,0.6947839856147766,0.735897621512413,0.0317995,0.034356000000000005,22.25247252315288,True,True,False,36.03934797373972,33.36250657968284,True,448,0.0,0.0
79,0,bdf33cf528fe573c3eaeabbb0701e56e4903474747408b891ca6a4fda87bd4d8,42,model.layers.11.self_attn.v_proj,v_proj,0,1.198822196935747,896x128,1,896,128,0.25,1,0.7,0.7000000004685716,0.5,448,True,False,0.5661430073232623,448,0.03634124909539145,0.9509808135771891,832,1,0.04029536541889483,0.03998119852856752,tiles_half_s,Tiles (s/2),472,0.7792614745849278,708,1,0.0356739003027174,0.03657105263157895,0.0792614741163562,True,False,False,True,236,0.035673901438713074,0.7792614698410034,0.709912,0.74280855,0.6983680129051208,0.7248912155628204,0.0329815,0.03602855,21.524551642587515,True,True,False,9.242533846260937,10.773309416355914,True,236,0.0,0.0
79,0,bdf33cf528fe573c3eaeabbb0701e56e4903474747408b891ca6a4fda87bd4d8,42,model.layers.11.self_attn.v_proj,v_proj,0,1.198822196935747,896x128,1,896,128,0.25,1,0.7,0.7000000004685716,0.5,448,True,False,0.5661430073232623,448,0.03634124909539145,0.9509808135771891,832,1,0.04029536541889483,0.03998119852856752,tiles_s,Tiles (s),896,1.000000000669388,896,1,0.04220432019352241,0.043105703422053235,0.3000000002008165,True,False,False,True,0,0.042204320430755615,1.0,0.6903255,0.7258521,0.6794559955596924,0.7135743767023086,0.032756,0.035524099999999996,21.074780192941752,True,True,False,-6.974345495922996,-5.560417763280445,True,0,0.0,0.0
79,0,bdf33cf528fe573c3eaeabbb0701e56e4903474747408b891ca6a4fda87bd4d8,42,model.layers.11.self_attn.v_proj,v_proj,0,1.198822196935747,896x128,1,896,128,0.25,1,0.7,0.7000000004685716,0.5,448,True,False,0.5661430073232623,448,0.03634124909539145,0.9509808135771891,832,1,0.04029536541889483,0.03998119852856752,tiles_2s,Tiles (2s),896,1.000000000669388,896,1,0.04220432019352241,0.043105703422053235,0.3000000002008165,True,False,False,True,0,0.042204320430755615,1.0,0.7147509999999999,0.73767025,0.7024639844894409,0.7245312005281448,0.032369999999999996,0.037701199999999976,22.08066110596231,True,True,False,-6.974345495922996,-5.560417763280445,True,0,0.0,0.0
79,0,bdf33cf528fe573c3eaeabbb0701e56e4903474747408b891ca6a4fda87bd4d8,42,model.layers.11.self_attn.v_proj,v_proj,0,1.198822196935747,896x128,1,896,128,0.25,2,0.9,0.9000000006024493,0.75,672,True,False,0.7798999605438439,672,0.04411609029795707,0.9509808135771891,832,1,0.04029536541889483,0.03998119852856752,tiles_half_s,Tiles (s/2),472,1.000000000669388,896,1,0.04220432019352241,0.043105703422053235,0.10000000006693877,True,False,False,True,0,0.042204320430755615,1.0,0.7026885,0.74228745,0.6906880140304565,0.7188992172479629,0.033513,0.03696505,20.967639423507297,True,True,False,-6.974345495922996,-5.560417763280445,True,0,0.0,0.0
79,0,bdf33cf528fe573c3eaeabbb0701e56e4903474747408b891ca6a4fda87bd4d8,42,model.layers.11.self_attn.v_proj,v_proj,0,1.198822196935747,896x128,1,896,128,0.25,2,0.9,0.9000000006024493,0.75,672,True,False,0.7798999605438439,672,0.04411609029795707,0.9509808135771891,832,1,0.04029536541889483,0.03998119852856752,tiles_s,Tiles (s),896,1.000000000669388,896,1,0.04220432019352241,0.043105703422053235,0.10000000006693877,True,False,False,True,0,0.042204320430755615,1.0,0.7058789999999999,0.7679982,0.6932479739189148,0.7561215966939925,0.032651,0.036424099999999994,21.618909068634956,True,True,False,-6.974345495922996,-5.560417763280445,True,0,0.0,0.0
79,0,bdf33cf528fe573c3eaeabbb0701e56e4903474747408b891ca6a4fda87bd4d8,42,model.layers.11.self_attn.v_proj,v_proj,0,1.198822196935747,896x128,1,896,128,0.25,2,0.9,0.9000000006024493,0.75,672,True,False,0.7798999605438439,672,0.04411609029795707,0.9509808135771891,832,1,0.04029536541889483,0.03998119852856752,tiles_2s,Tiles (2s),896,1.000000000669388,896,1,0.04220432019352241,0.043105703422053235,0.10000000006693877,True,False,False,True,0,0.042204320430755615,1.0,0.7023625,0.7327608499999999,0.6896640062332153,0.7180799782276153,0.032130000000000006,0.03913214999999998,21.86002178649237,True,True,False,-6.974345495922996,-5.560417763280445,True,0,0.0,0.0
80,0,bdf33cf528fe573c3eaeabbb0701e56e4903474747408b891ca6a4fda87bd4d8,42,model.layers.11.self_attn.o_proj,o_proj,0,1.9425717593324217,896x896,0,896,896,1.75,0,0.5,0.5000000052739608,0.25,224,True,False,0.47607593606517185,224,0.08802330910864724,0.5455893147882307,264,3,0.09622416981089901,0.09743448872803419,tiles_half_s,Tiles (s/2),68,0.5039095636166167,272,3,0.09947362371778629,0.09823591839642383,0.003909558342655828,True,False,False,True,0,0.09947362542152405,0.5039095282554626,0.71158,0.7411454,0.6988800168037415,0.7282688021659851,0.042224,0.04778569999999999,16.852500947328533,True,True,False,-2.090689469681406,-2.092826694502259,True,0,0.0,0.0
80,0,bdf33cf528fe573c3eaeabbb0701e56e4903474747408b891ca6a4fda87bd4d8,42,model.layers.11.self_attn.o_proj,o_proj,0,1.9425717593324217,896x896,0,896,896,1.75,0,0.5,0.5000000052739608,0.25,224,True,False,0.47607593606517185,224,0.08802330910864724,0.5455893147882307,264,3,0.09622416981089901,0.09743448872803419,tiles_s,Tiles (s),135,0.5683779514727121,337,2,0.11520820165488758,0.11569661946276678,0.06837794619875126,True,False,False,True,67,0.115208201110363,0.5683779716491699,0.707152,0.7708842499999999,0.6958079934120178,0.7584767878055572,0.037134,0.041246649999999996,19.043248774707816,True,True,False,-20.236547314604316,-18.24170594917842,True,67,0.0,0.0
80,0,bdf33cf528fe573c3eaeabbb0701e56e4903474747408b891ca6a4fda87bd4d8,42,model.layers.11.self_attn.o_proj,o_proj,0,1.9425717593324217,896x896,0,896,896,1.75,0,0.5,0.5000000052739608,0.25,224,True,False,0.47607593606517185,224,0.08802330910864724,0.5455893147882307,264,3,0.09622416981089901,0.09743448872803419,tiles_2s,Tiles (2s),270,0.6736821253507514,405,1,0.13175440697960422,0.13458885746606333,0.17368212007679062,True,False,False,True,135,0.13175441324710846,0.6736822128295898,0.7001235,0.7284818000000001,0.6871039867401123,0.7146975934505463,0.034108,0.03885699999999998,20.526665298463705,True,True,False,-39.870115513138856,-35.22358325024535,True,135,0.0,0.0
80,0,bdf33cf528fe573c3eaeabbb0701e56e4903474747408b891ca6a4fda87bd4d8,42,model.layers.11.self_attn.o_proj,o_proj,0,1.9425717593324217,896x896,0,896,896,1.75,1,0.7,0.7000000073835451,0.5,448,True,True,0.7855082130699884,448,0.1671355381848719,0.7464464078802848,416,4,0.1481861085270772,0.150827004668307,tiles_half_s,Tiles (s/2),68,0.7281509216190898,442,1,0.14379122934564212,0.14688462962962961,0.02815091423554472,True,True,True,True,34,0.14379122853279114,0.7281509041786194,0.7064705,0.73538595,0.6947839856147766,0.7235583931207656,0.0435515,0.052925449999999985,16.22149638933217,True,True,True,0.878273213585179,4.6647981494677975,True,34,0.0,0.0
80,0,bdf33cf528fe573c3eaeabbb0701e56e4903474747408b891ca6a4fda87bd4d8,42,model.layers.11.self_attn.o_proj,o_proj,0,1.9425717593324217,896x896,0,896,896,1.75,1,0.7,0.7000000073835451,0.5,448,True,True,0.7855082130699884,448,0.1671355381848719,0.7464464078802848,416,4,0.1481861085270772,0.150827004668307,tiles_s,Tiles (s),135,0.7523188593620489,472,1,0.15355081504783502,0.15685417462711582,0.05231885197850383,True,False,False,True,67,0.15355081856250763,0.7523188591003418,0.704933,0.89056055,0.6876159906387329,0.8774143725633621,0.0372895,0.0401251,18.90432963702919,True,True,False,-5.849445799067432,-1.8059169082606408,True,67,0.0,0.0
80,0,bdf33cf528fe573c3eaeabbb0701e56e4903474747408b891ca6a4fda87bd4d8,42,model.layers.11.self_attn.o_proj,o_proj,0,1.9425717593324217,896x896,0,896,896,1.75,1,0.7,0.7000000073835451,0.5,448,True,True,0.7855082130699884,448,0.1671355381848719,0.7464464078802848,416,4,0.1481861085270772,0.150827004668307,tiles_2s,Tiles (2s),270,0.77495063525771,540,1,0.17567254263947227,0.17945180995475113,0.07495062787416495,True,False,False,True,0,0.17567254602909088,0.7749505639076233,0.7045115,0.7525159499999999,0.6896640062332153,0.7403519958257675,0.0351105,0.038062,20.06555019153814,True,True,False,-21.09894222774662,-16.472871039111748,True,0,0.0,0.0
80,0,bdf33cf528fe573c3eaeabbb0701e56e4903474747408b891ca6a4fda87bd4d8,42,model.layers.11.self_attn.o_proj,o_proj,0,1.9425717593324217,896x896,0,896,896,1.75,2,0.9,0.9000000094931295,0.75,672,True,True,0.9511324649574817,672,0.23409567318124114,0.9200479337741854,628,5,0.22137118300940695,0.22364478848004907,tiles_half_s,Tiles (s/2),68,0.903948119088227,680,2,0.22121727591637252,0.2259763532763533,0.003948109595097504,True,False,False,True,0,0.22121727466583252,0.9039480686187744,0.747582,0.87658035,0.7285760045051575,0.8613375961780547,0.046822,0.051378099999999996,15.966468754004527,True,True,False,-2.0802934710570042,1.0854322071059963,True,0,0.0,0.0
80,0,bdf33cf528fe573c3eaeabbb0701e56e4903474747408b891ca6a4fda87bd4d8,42,model.layers.11.self_attn.o_proj,o_proj,0,1.9425717593324217,896x896,0,896,896,1.75,2,0.9,0.9000000094931295,0.75,672,True,True,0.9511324649574817,672,0.23409567318124114,0.9200479337741854,628,5,0.22137118300940695,0.22364478848004907,tiles_s,Tiles (s),135,0.9322428507812219,742,2,0.24138708636757117,0.24658007960449138,0.032242841288092405,True,False,False,True,67,0.24138709902763367,0.9322428703308105,0.6375065,0.7156492999999999,0.6276479959487915,0.7036415874958037,0.0393235,0.044320649999999996,16.21184533421491,True,True,False,-11.387614346359264,-7.933248974010798,True,67,0.0,0.0
80,0,bdf33cf528fe573c3eaeabbb0701e56e4903474747408b891ca6a4fda87bd4d8,42,model.layers.11.self_attn.o_proj,o_proj,0,1.9425717593324217,896x896,0,896,896,1.75,2,0.9,0.9000000094931295,0.75,672,True,True,0.9511324649574817,672,0.23409567318124114,0.9200479337741854,628,5,0.22137118300940695,0.22364478848004907,tiles_2s,Tiles (2s),270,0.9604039230728176,810,1,0.26350881395920844,0.26917771493212667,0.06040391357968811,True,False,False,True,0,0.2635088264942169,0.9604038596153259,0.700955,0.75798775,0.6865440011024475,0.745574414730072,0.035702,0.04247204999999998,19.63349392190914,True,True,False,-21.59564369346494,-17.824705753300197,True,0,0.0,0.0
82,0,bdf33cf528fe573c3eaeabbb0701e56e4903474747408b891ca6a4fda87bd4d8,42,model.layers.11.mlp.up_proj,up_proj,0,0.5613632737054187,896x4864,2,896,4864,9.5,0,0.5,0.500000000349246,0.25,224,False,False,0.319081451598322,224,0.4356702406185936,0.523116640484659,405,23,0.7696626763706415,0.7894454762051616,tiles_half_s,Tiles (s/2),12,0.5117860618047416,408,21,0.802232343765019,0.7938146532145623,0.011786061455495656,True,False,False,True,6,0.8022323846817017,0.5117861032485962,0.6384829999999999,0.6682185,0.6277120113372803,0.6575648188591003,0.10969999999999999,0.1146232,5.8202643573381945,True,True,False,-3.1379950704911286,-1.619727764015244,True,6,0.0,0.0
82,0,bdf33cf528fe573c3eaeabbb0701e56e4903474747408b891ca6a4fda87bd4d8,42,model.layers.11.mlp.up_proj,up_proj,0,0.5613632737054187,896x4864,2,896,4864,9.5,0,0.5,0.500000000349246,0.25,224,False,False,0.319081451598322,224,0.4356702406185936,0.523116640484659,405,23,0.7696626763706415,0.7894454762051616,tiles_s,Tiles (s),25,0.5169942052452825,425,11,0.7505586147162641,0.7698294595278045,0.016994204896036536,True,False,False,True,0,0.750558614730835,0.5169941186904907,0.6371515,0.7038439,0.6272000074386597,0.6883840143680572,0.0661285,0.07222859999999999,9.635051452853157,True,True,False,-0.02166964337539934,4.925845123063521,False,12,-0.0005206625328867398,0.0
82,0,bdf33cf528fe573c3eaeabbb0701e56e4903474747408b891ca6a4fda87bd4d8,42,model.layers.11.mlp.up_proj,up_proj,0,0.5613632737054187,896x4864,2,896,4864,9.5,0,0.5,0.500000000349246,0.25,224,False,False,0.319081451598322,224,0.4356702406185936,0.523116640484659,405,23,0.7696626763706415,0.7894454762051616,tiles_2s,Tiles (2s),50,0.5285242654790636,450,5,0.7947091214642795,0.8118058069381598,0.02852426512981765,True,False,False,True,25,0.7947092056274414,0.5285242199897766,0.63401,0.66067305,0.6231040060520172,0.6502400040626526,0.050154000000000004,0.0522015,12.641264904095385,True,True,False,-5.475532575679143,-0.6667522226386113,True,25,0.0,0.0
82,0,bdf33cf528fe573c3eaeabbb0701e56e4903474747408b891ca6a4fda87bd4d8,42,model.layers.11.mlp.up_proj,up_proj,0,0.5613632737054187,896x4864,2,896,4864,9.5,1,0.7,0.7000000004889443,0.5,448,False,False,0.5694197403790895,448,0.8487362035357386,0.7029912335565314,574,30,1.0790437740382142,1.0968472133320488,tiles_half_s,Tiles (s/2),12,0.712292081938358,600,16,1.0951076973948317,1.109236580288222,0.012292081449413739,True,False,False,True,0,1.0951077938079834,0.7122917771339417,0.7181975,0.7977953,0.7060480117797852,0.783593612909317,0.1147195,0.12324905,6.260465744707744,True,True,False,-2.798107637191971,0.15859236510550323,True,0,0.0,0.0
82,0,bdf33cf528fe573c3eaeabbb0701e56e4903474747408b891ca6a4fda87bd4d8,42,model.layers.11.mlp.up_proj,up_proj,0,0.5613632737054187,896x4864,2,896,4864,9.5,1,0.7,0.7000000004889443,0.5,448,False,False,0.5694197403790895,448,0.8487362035357386,0.7029912335565314,574,30,1.0790437740382142,1.0968472133320488,tiles_s,Tiles (s),25,0.702688685269095,600,9,1.0596121619523728,1.0824077425842131,0.0026886847801507185,True,False,False,True,12,1.0596121549606323,0.7026887536048889,0.7277899999999999,0.8102816499999999,0.7142400145530701,0.7953919976949692,0.070396,0.07533815,10.338513551906358,True,True,False,-0.31175459484926726,3.3947345561978315,False,0,-0.0005206625328866288,0.0
82,0,bdf33cf528fe573c3eaeabbb0701e56e4903474747408b891ca6a4fda87bd4d8,42,model.layers.11.mlp.up_proj,up_proj,0,0.5613632737054187,896x4864,2,896,4864,9.5,1,0.7,0.7000000004889443,0.5,448,False,False,0.5694197403790895,448,0.8487362035357386,0.7029912335565314,574,30,1.0790437740382142,1.0968472133320488,tiles_2s,Tiles (2s),50,0.7442524243961088,650,3,1.1479131754484038,1.1726083877995643,0.04425242390716455,True,False,False,True,25,1.1479132175445557,0.7442524433135986,0.6223529999999999,0.6693545,0.6072160005569458,0.6586160123348236,0.049753,0.05453329999999999,12.508853737463067,True,True,False,-8.671067477753368,-4.655704230785673,True,25,0.0,0.0
82,0,bdf33cf528fe573c3eaeabbb0701e56e4903474747408b891ca6a4fda87bd4d8,42,model.layers.11.mlp.up_proj,up_proj,0,0.5613632737054187,896x4864,2,896,4864,9.5,2,0.9,0.9000000006286427,0.75,672,False,False,0.8036265831906348,672,1.2637646798672852,0.9050565365469083,781,29,1.4393698482649684,1.4345710116958579,tiles_half_s,Tiles (s/2),12,0.9027658187260386,792,8,1.404416169285042,1.4324458209864868,0.0027658180973958446,True,False,False,True,0,1.4044160842895508,0.9027657508850098,0.7148205,0.82528335,0.7024639844894409,0.7964159876108168,0.1183815,0.1252837,6.038278785114228,True,True,False,0.4810457358703113,2.1020111353824644,True,0,0.0,0.0
82,0,bdf33cf528fe573c3eaeabbb0701e56e4903474747408b891ca6a4fda87bd4d8,42,model.layers.11.mlp.up_proj,up_proj,0,0.5613632737054187,896x4864,2,896,4864,9.5,2,0.9,0.9000000006286427,0.75,672,False,False,0.8036265831906348,672,1.2637646798672852,0.9050565365469083,781,29,1.4393698482649684,1.4345710116958579,tiles_s,Tiles (s),25,0.9026960002665874,796,5,1.4057521348568145,1.4359942718283893,0.002695999637944646,True,False,False,True,0,1.405752182006836,0.9026958346366882,0.6932205,0.7635514999999998,0.6814559996128082,0.7498240023851394,0.07154350000000001,0.07674305,9.689496599970646,True,True,False,0.2345176565041962,2.0088846494239143,True,0,0.0,0.0
82,0,bdf33cf528fe573c3eaeabbb0701e56e4903474747408b891ca6a4fda87bd4d8,42,model.layers.11.mlp.up_proj,up_proj,0,0.5613632737054187,896x4864,2,896,4864,9.5,2,0.9,0.9000000006286427,0.75,672,False,False,0.8036265831906348,672,1.2637646798672852,0.9050565365469083,781,29,1.4393698482649684,1.4345710116958579,tiles_2s,Tiles (2s),50,0.9280418517882936,825,2,1.4569667226845127,1.488310646053293,0.028041851159650855,True,False,False,True,25,1.456966757774353,0.9280418157577515,0.639139,0.7284212,0.6287359893321991,0.714649611711502,0.051781499999999994,0.057985399999999986,12.342998947500558,True,True,False,-3.400154438924674,-1.5611434223935738,True,25,0.0,0.0
83,0,bdf33cf528fe573c3eaeabbb0701e56e4903474747408b891ca6a4fda87bd4d8,42,model.layers.11.mlp.down_proj,down_proj,0,0.6308163445859406,4864x896,3,4864,896,1.75,0,0.5,0.49999999937426765,0.25,1216,False,False,0.28065086105198134,1212,0.41454186199102944,0.5206139117872226,2364,20,0.8028553367405049,0.7964282331779775,tiles_half_s,Tiles (s/2),68,0.5028962507494725,2312,16,0.7960855915206156,0.7994065102314235,0.0028962513752048835,True,False,False,True,34,0.7960855960845947,0.5028961896896362,0.711299,0.7689225499999999,0.6983680129051208,0.7361024022102356,0.122003,0.14422259999999992,5.830176307139989,True,True,False,0.4295701045076483,0.043022289151484205,True,34,0.0,0.0
83,0,bdf33cf528fe573c3eaeabbb0701e56e4903474747408b891ca6a4fda87bd4d8,42,model.layers.11.mlp.down_proj,down_proj,0,0.6308163445859406,4864x896,3,4864,896,1.75,0,0.5,0.49999999937426765,0.25,1216,False,False,0.28065086105198134,1212,0.41454186199102944,0.5206139117872226,2364,20,0.8028553367405049,0.7964282331779775,tiles_s,Tiles (s),135,0.5210658453434007,2430,8,0.7905264418776252,0.8066861680076075,0.02106584596913308,True,False,False,True,67,0.7905264496803284,0.5210655331611633,0.72521,0.75351525,0.7101439833641052,0.7404544025659561,0.083366,0.0908361,8.699109948900032,True,True,False,-0.47715087535635803,0.7410324062473883,True,67,0.0,0.0
83,0,bdf33cf528fe573c3eaeabbb0701e56e4903474747408b891ca6a4fda87bd4d8,42,model.layers.11.mlp.down_proj,down_proj,0,0.6308163445859406,4864x896,3,4864,896,1.75,0,0.5,0.49999999937426765,0.25,1216,False,False,0.28065086105198134,1212,0.41454186199102944,0.5206139117872226,2364,20,0.8028553367405049,0.7964282331779775,tiles_2s,Tiles (2s),270,0.5158120751366368,2430,5,0.7905264418776252,0.80753314479638,0.015812075762369204,True,False,False,True,0,0.7905264496803284,0.5158121585845947,0.7024630000000001,0.7266013499999999,0.6871039867401123,0.7105024129152298,0.0648965,0.06990615,10.824358786683414,True,True,False,-0.5826464422428179,0.7410324062473883,True,0,0.0,0.0
83,0,bdf33cf528fe573c3eaeabbb0701e56e4903474747408b891ca6a4fda87bd4d8,42,model.layers.11.mlp.down_proj,down_proj,0,0.6308163445859406,4864x896,3,4864,896,1.75,1,0.7,0.6999999991239747,0.5,2432,False,False,0.5346235378601705,2430,0.8281680545422028,0.7043709451172617,3288,24,1.1109156331142116,1.098737212281246,tiles_half_s,Tiles (s/2),68,0.7073288527026307,3332,12,1.1004447220170812,1.1191258464958818,0.0073288535786559805,True,False,False,True,0,1.1004446744918823,0.7073291540145874,0.714941,0.76040705,0.7029759883880615,0.7480175971984863,0.125054,0.13047799999999998,5.717058230844276,True,True,False,-0.7390492254262915,-0.15540656280221832,True,0,0.0,0.0
83,0,bdf33cf528fe573c3eaeabbb0701e56e4903474747408b891ca6a4fda87bd4d8,42,model.layers.11.mlp.down_proj,down_proj,0,0.6308163445859406,4864x896,3,4864,896,1.75,1,0.7,0.6999999991239747,0.5,2432,False,False,0.5346235378601705,2430,0.8281680545422028,0.7043709451172617,3288,24,1.1109156331142116,1.098737212281246,tiles_s,Tiles (s),135,0.7103553034976358,3375,7,1.0979533914967017,1.1212914866209371,0.010355304373661056,True,False,False,True,67,1.09795343875885,0.7103550434112549,0.711344,0.7491595,0.6993920207023621,0.7373824059963225,0.085004,0.087498,8.368359136040658,True,True,False,-0.9339911328494876,0.07133833056558458,True,67,0.0,0.0
83,0,bdf33cf528fe573c3eaeabbb0701e56e4903474747408b891ca6a4fda87bd4d8,42,model.layers.11.mlp.down_proj,down_proj,0,0.6308163445859406,4864x896,3,4864,896,1.75,1,0.7,0.6999999991239747,0.5,2432,False,False,0.5346235378601705,2430,0.8281680545422028,0.7043709451172617,3288,24,1.1109156331142116,1.098737212281246,tiles_2s,Tiles (2s),270,0.734736665210221,3510,4,1.1418715271565698,1.1664367647058822,0.03473666608624626,True,False,False,True,135,1.1418715715408325,0.7347366213798523,0.7043265,0.76476985,0.6927359998226166,0.748500794172287,0.0691245,0.08302104999999999,10.189245491829958,True,True,False,-4.997781103865573,-3.9258081362117947,True,135,0.0,0.0
83,0,bdf33cf528fe573c3eaeabbb0701e56e4903474747408b891ca6a4fda87bd4d8,42,model.layers.11.mlp.down_proj,down_proj,0,0.6308163445859406,4864x896,3,4864,896,1.75,2,0.9,0.8999999988736818,0.75,3648,False,False,0.7747675543942023,3648,1.2421427998246024,0.9014886899167323,4314,27,1.453332780107501,1.4377266893731124,tiles_half_s,Tiles (s/2),68,0.9042464145313716,4352,7,1.4212839225404026,1.4502449993245292,0.004246415657689795,True,False,False,True,0,1.4212838411331177,0.9042466282844543,0.716143,0.78321365,0.7019520103931427,0.77009918987751,0.1339305,0.1450508,5.347124068080086,True,True,False,0.2124620613555228,1.1436642968545963,True,0,0.0,0.0
83,0,bdf33cf528fe573c3eaeabbb0701e56e4903474747408b891ca6a4fda87bd4d8,42,model.layers.11.mlp.down_proj,down_proj,0,0.6308163445859406,4864x896,3,4864,896,1.75,2,0.9,0.8999999988736818,0.75,3648,False,False,0.7747675543942023,3648,1.2421427998246024,0.9014886899167323,4314,27,1.453332780107501,1.4377266893731124,tiles_s,Tiles (s),135,0.9216662025792175,4455,2,1.4492984767756463,1.4804774321266967,0.021666203705535736,True,False,False,True,67,1.4492985010147095,0.921666145324707,0.646854,0.696237,0.6364479959011078,0.6760960161685943,0.090314,0.1069532,7.162278273578847,True,True,False,-1.8677519967029044,-0.8048669811909326,True,67,0.0,0.0
83,0,bdf33cf528fe573c3eaeabbb0701e56e4903474747408b891ca6a4fda87bd4d8,42,model.layers.11.mlp.down_proj,down_proj,0,0.6308163445859406,4864x896,3,4864,896,1.75,2,0.9,0.8999999988736818,0.75,3648,False,False,0.7747675543942023,3648,1.2421427998246024,0.9014886899167323,4314,27,1.453332780107501,1.4377266893731124,tiles_2s,Tiles (2s),270,0.9216883030458121,4455,2,1.4492984767756463,1.4804774321266967,0.0216883041721303,True,False,False,True,135,1.4492985010147095,0.9216882586479187,0.6243065000000001,0.6614592,0.6143040060997009,0.648835203051567,0.06958500000000001,0.07978384999999999,8.971854566357692,True,True,False,-1.8677519967029044,-0.8048669811909326,True,135,0.0,0.0
93,0,bdf33cf528fe573c3eaeabbb0701e56e4903474747408b891ca6a4fda87bd4d8,42,model.layers.13.self_attn.v_proj,v_proj,0,1.1520252884442144,896x128,1,896,128,0.25,0,0.5,0.49999999995634425,0.25,224,False,False,0.2762636235129321,224,0.018949429657794677,0.9457114346005255,832,1,0.04029536541889483,0.03998119852856752,tiles_half_s,Tiles (s/2),472,0.5240775250276783,472,1,0.02747613916319621,0.02632202643171806,0.024077525071334094,True,False,False,True,236,0.02747613936662674,0.5240775346755981,0.6230595000000001,0.6865007,0.6133120059967041,0.6633984059095381,0.032701499999999994,0.0359006,19.052933351681123,True,True,False,34.677285692573854,31.277349918452657,True,236,0.0,0.0
93,0,bdf33cf528fe573c3eaeabbb0701e56e4903474747408b891ca6a4fda87bd4d8,42,model.layers.13.self_attn.v_proj,v_proj,0,1.1520252884442144,896x128,1,896,128,0.25,0,0.5,0.49999999995634425,0.25,224,False,False,0.2762636235129321,224,0.018949429657794677,0.9457114346005255,832,1,0.04029536541889483,0.03998119852856752,tiles_s,Tiles (s),896,0.5249257617833791,448,1,0.026642468538838122,0.025773178458289338,0.024925761827034876,True,False,False,True,448,0.026642467826604843,0.524925708770752,0.7004589999999999,0.75495325,0.6876159906387329,0.7420415878295898,0.0320145,0.0372011,21.87942963344734,True,True,False,36.03934797373972,33.36250657968284,True,448,0.0,0.0
93,0,bdf33cf528fe573c3eaeabbb0701e56e4903474747408b891ca6a4fda87bd4d8,42,model.layers.13.self_attn.v_proj,v_proj,0,1.1520252884442144,896x128,1,896,128,0.25,0,0.5,0.49999999995634425,0.25,224,False,False,0.2762636235129321,224,0.018949429657794677,0.9457114346005255,832,1,0.04029536541889483,0.03998119852856752,tiles_2s,Tiles (2s),896,0.5249257617833791,448,1,0.026642468538838122,0.025773178458289338,0.024925761827034876,True,False,False,True,448,0.026642467826604843,0.524925708770752,0.6273425,0.7196545,0.6123520135879517,0.7089151948690414,0.031804,0.0389691,19.72527040623821,True,True,False,36.03934797373972,33.36250657968284,True,448,0.0,0.0
93,0,bdf33cf528fe573c3eaeabbb0701e56e4903474747408b891ca6a4fda87bd4d8,42,model.layers.13.self_attn.v_proj,v_proj,0,1.1520252884442144,896x128,1,896,128,0.25,1,0.7,0.699999999938882,0.5,448,True,False,0.5580679226695793,448,0.03634124909539145,0.9457114346005255,832,1,0.04029536541889483,0.03998119852856752,tiles_half_s,Tiles (s/2),472,0.7900074643548578,708,1,0.0356739003027174,0.03657105263157895,0.09000746441597585,True,False,False,True,236,0.035673901438713074,0.790007472038269,0.709661,0.7964069999999999,0.696832001209259,0.784281626343727,0.0338935,0.03899729999999999,20.937967456887012,True,True,False,9.242533846260937,10.773309416355914,True,236,0.0,0.0
93,0,bdf33cf528fe573c3eaeabbb0701e56e4903474747408b891ca6a4fda87bd4d8,42,model.layers.13.self_attn.v_proj,v_proj,0,1.1520252884442144,896x128,1,896,128,0.25,1,0.7,0.699999999938882,0.5,448,True,False,0.5580679226695793,448,0.03634124909539145,0.9457114346005255,832,1,0.04029536541889483,0.03998119852856752,tiles_s,Tiles (s),896,0.9999999999126885,896,1,0.04220432019352241,0.043105703422053235,0.29999999997380655,True,False,False,True,0,0.042204320430755615,0.9999999403953552,0.695179,0.7991266499999999,0.6830080151557922,0.7783936142921447,0.0327515,0.03720584999999999,21.225867517518278,True,True,False,-6.974345495922996,-5.560417763280445,True,0,0.0,0.0
93,0,bdf33cf528fe573c3eaeabbb0701e56e4903474747408b891ca6a4fda87bd4d8,42,model.layers.13.self_attn.v_proj,v_proj,0,1.1520252884442144,896x128,1,896,128,0.25,1,0.7,0.699999999938882,0.5,448,True,False,0.5580679226695793,448,0.03634124909539145,0.9457114346005255,832,1,0.04029536541889483,0.03998119852856752,tiles_2s,Tiles (2s),896,0.9999999999126885,896,1,0.04220432019352241,0.043105703422053235,0.29999999997380655,True,False,False,True,0,0.042204320430755615,0.9999999403953552,0.7070965,0.7589070999999998,0.6952959895133972,0.7428608089685439,0.03231,0.035306,21.884757041163727,True,True,False,-6.974345495922996,-5.560417763280445,True,0,0.0,0.0
93,0,bdf33cf528fe573c3eaeabbb0701e56e4903474747408b891ca6a4fda87bd4d8,42,model.layers.13.self_attn.v_proj,v_proj,0,1.1520252884442144,896x128,1,896,128,0.25,2,0.9,0.8999999999214197,0.75,672,False,False,0.7703775657573715,672,0.04411609029795707,0.9457114346005255,832,1,0.04029536541889483,0.03998119852856752,tiles_half_s,Tiles (s/2),472,0.9999999999126885,896,1,0.04220432019352241,0.043105703422053235,0.09999999999126885,True,False,False,True,0,0.042204320430755615,0.9999999403953552,0.69296,0.79256715,0.6814720034599304,0.7789055913686752,0.033452,0.036538999999999995,20.715054406313524,True,True,False,-6.974345495922996,-5.560417763280445,True,0,0.0,0.0
93,0,bdf33cf528fe573c3eaeabbb0701e56e4903474747408b891ca6a4fda87bd4d8,42,model.layers.13.self_attn.v_proj,v_proj,0,1.1520252884442144,896x128,1,896,128,0.25,2,0.9,0.8999999999214197,0.75,672,False,False,0.7703775657573715,672,0.04411609029795707,0.9457114346005255,832,1,0.04029536541889483,0.03998119852856752,tiles_s,Tiles (s),896,0.9999999999126885,896,1,0.04220432019352241,0.043105703422053235,0.09999999999126885,True,False,False,True,0,0.042204320430755615,0.9999999403953552,0.6910665,0.7567560999999999,0.6789119839668274,0.7440896034240723,0.032369999999999996,0.03629334999999999,21.348980537534757,True,True,False,-6.974345495922996,-5.560417763280445,True,0,0.0,0.0
93,0,bdf33cf528fe573c3eaeabbb0701e56e4903474747408b891ca6a4fda87bd4d8,42,model.layers.13.self_attn.v_proj,v_proj,0,1.1520252884442144,896x128,1,896,128,0.25,2,0.9,0.8999999999214197,0.75,672,False,False,0.7703775657573715,672,0.04411609029795707,0.9457114346005255,832,1,0.04029536541889483,0.03998119852856752,tiles_2s,Tiles (2s),896,0.9999999999126885,896,1,0.04220432019352241,0.043105703422053235,0.09999999999126885,True,False,False,True,0,0.042204320430755615,0.9999999403953552,0.712201,0.7972942,0.6999040246009827,0.7844864130020142,0.032015,0.036454449999999985,22.24585350616898,True,True,False,-6.974345495922996,-5.560417763280445,True,0,0.0,0.0
94,0,bdf33cf528fe573c3eaeabbb0701e56e4903474747408b891ca6a4fda87bd4d8,42,model.layers.13.self_attn.o_proj,o_proj,0,1.0523810143026149,896x896,0,896,896,1.75,0,0.5,0.49999999857027433,0.25,224,True,False,0.44530597278208006,224,0.09580005146412314,0.5562741756875766,328,4,0.11957604930033439,0.12407695726687232,tiles_half_s,Tiles (s/2),68,0.5224176013871329,340,2,0.11610199463380488,0.11683721536819099,0.02241760281685856,True,False,False,True,34,0.11610199511051178,0.5224174857139587,0.7159225,0.7676296499999999,0.7019520103931427,0.7515647947788239,0.04264,0.048686949999999986,16.789927298311447,True,True,False,2.2904536051901014,6.42743246509051,True,34,0.0,0.0
94,0,bdf33cf528fe573c3eaeabbb0701e56e4903474747408b891ca6a4fda87bd4d8,42,model.layers.13.self_attn.o_proj,o_proj,0,1.0523810143026149,896x896,0,896,896,1.75,0,0.5,0.49999999857027433,0.25,224,True,False,0.44530597278208006,224,0.09580005146412314,0.5562741756875766,328,4,0.11957604930033439,0.12407695726687232,tiles_s,Tiles (s),135,0.5430151985492557,337,1,0.10963267938796696,0.11199122213842803,0.0430151999789814,True,False,False,True,67,0.10963268578052521,0.5430152416229248,0.6989565,0.8334386499999998,0.6886399984359741,0.8220672100782392,0.036047499999999996,0.04214479999999999,19.389874471183855,True,True,False,6.343098978672435,11.641386279192611,True,67,0.0,0.0
94,0,bdf33cf528fe573c3eaeabbb0701e56e4903474747408b891ca6a4fda87bd4d8,42,model.layers.13.self_attn.o_proj,o_proj,0,1.0523810143026149,896x896,0,896,896,1.75,0,0.5,0.49999999857027433,0.25,224,True,False,0.44530597278208006,224,0.09580005146412314,0.5562741756875766,328,4,0.11957604930033439,0.12407695726687232,tiles_2s,Tiles (2s),270,0.6023190778068965,405,1,0.13175440697960422,0.13458885746606333,0.1023190792366222,True,False,False,True,135,0.13175441324710846,0.602319061756134,0.723372,0.7726673,0.709119975566864,0.7607807785272598,0.03461,0.03995784999999999,20.90066454781855,True,True,False,-12.555029417322427,-6.187651504234415,True,135,0.0,0.0
94,0,bdf33cf528fe573c3eaeabbb0701e56e4903474747408b891ca6a4fda87bd4d8,42,model.layers.13.self_attn.o_proj,o_proj,0,1.0523810143026149,896x896,0,896,896,1.75,1,0.7,0.699999997998384,0.5,448,True,True,0.701528008285095,448,0.1801945066845527,0.7254517716792179,488,6,0.1785374169767247,0.18514282017189068,tiles_half_s,Tiles (s/2),68,0.7141146010981174,510,2,0.16591295693727937,0.1696295645831188,0.014114603099733447,True,False,False,True,34,0.1659129559993744,0.7141146063804626,0.6974985,0.7812225500000001,0.6860799789428711,0.7678463727235794,0.044869000000000006,0.05543879999999999,15.54522053087878,True,True,False,4.989347636169272,10.386502277948395,True,34,0.0,0.0
94,0,bdf33cf528fe573c3eaeabbb0701e56e4903474747408b891ca6a4fda87bd4d8,42,model.layers.13.self_attn.o_proj,o_proj,0,1.0523810143026149,896x896,0,896,896,1.75,1,0.7,0.699999997998384,0.5,448,True,True,0.701528008285095,448,0.1801945066845527,0.7254517716792179,488,6,0.1785374169767247,0.18514282017189068,tiles_s,Tiles (s),135,0.7349614879494766,540,2,0.1756725426394723,0.1791694843584936,0.034961489951092606,True,False,False,True,0,0.17567254602909088,0.7349612712860107,0.6392450000000001,0.71009805,0.6287040114402771,0.6985728144645691,0.038140999999999994,0.0447485,16.760048242049244,True,True,False,-0.3540251631686253,5.1151200590041634,True,0,0.0,0.0
94,0,bdf33cf528fe573c3eaeabbb0701e56e4903474747408b891ca6a4fda87bd4d8,42,model.layers.13.self_attn.o_proj,o_proj,0,1.0523810143026149,896x896,0,896,896,1.75,1,0.7,0.699999997998384,0.5,448,True,True,0.701528008285095,448,0.1801945066845527,0.7254517716792179,488,6,0.1785374169767247,0.18514282017189068,tiles_2s,Tiles (2s),270,0.808359609436593,626,2,0.2036500216524253,0.20803117228087814,0.10835961143820905,True,False,False,True,135,0.20365002751350403,0.8083594441413879,0.69289,0.7315404999999999,0.6789119839668274,0.7105024129152298,0.03485,0.039017500000000004,19.88206599713056,True,True,False,-16.519649384195144,-9.996175635302574,True,135,0.0,0.0
94,0,bdf33cf528fe573c3eaeabbb0701e56e4903474747408b891ca6a4fda87bd4d8,42,model.layers.13.self_attn.o_proj,o_proj,0,1.0523810143026149,896x896,0,896,896,1.75,2,0.9,0.8999999974264938,0.75,672,True,False,0.8772794742981205,672,0.2602334396437771,0.9176150701023289,756,8,0.27217384928088684,0.27880779621605645,tiles_half_s,Tiles (s/2),68,0.9109850849636132,748,2,0.24333900350800974,0.2485739886039886,0.010985087537119353,True,False,False,True,0,0.24333900213241577,0.910984992980957,0.721393,0.84087905,0.709119975566864,0.8218111991882324,0.046121,0.04894505,15.641313067799915,True,True,False,8.6708773599123,12.721592864125252,True,0,0.0,0.0
94,0,bdf33cf528fe573c3eaeabbb0701e56e4903474747408b891ca6a4fda87bd4d8,42,model.layers.13.self_attn.o_proj,o_proj,0,1.0523810143026149,896x896,0,896,896,1.75,2,0.9,0.8999999974264938,0.75,672,True,False,0.8772794742981205,672,0.2602334396437771,0.9176150701023289,756,8,0.27217384928088684,0.27880779621605645,tiles_s,Tiles (s),135,0.9067342669150094,742,2,0.24138708636757117,0.24658007960449138,0.006734269488515521,True,False,False,True,67,0.24138709902763367,0.9067342281341553,0.6428965,0.7138931000000001,0.6302720010280609,0.7009792000055313,0.0389175,0.04424949999999998,16.51947067514614,True,True,False,9.403463905153641,13.421687039011942,True,67,0.0,0.0
94,0,bdf33cf528fe573c3eaeabbb0701e56e4903474747408b891ca6a4fda87bd4d8,42,model.layers.13.self_attn.o_proj,o_proj,0,1.0523810143026149,896x896,0,896,896,1.75,2,0.9,0.8999999974264938,0.75,672,True,False,0.8772794742981205,672,0.2602334396437771,0.9176150701023289,756,8,0.27217384928088684,0.27880779621605645,tiles_2s,Tiles (2s),270,0.9266018756534322,810,1,0.26350881395920844,0.26917771493212667,0.02660187822693838,True,False,False,True,0,0.2635088264942169,0.9266018271446228,0.7100569999999999,0.775785,0.6973440051078796,0.7639408200979232,0.0350255,0.036961,20.27257283978815,True,True,False,1.1008163924184022,5.487286390296042,True,0,0.0,0.0
96,0,bdf33cf528fe573c3eaeabbb0701e56e4903474747408b891ca6a4fda87bd4d8,42,model.layers.13.mlp.up_proj,up_proj,0,0.65738481886548,896x4864,2,896,4864,9.5,0,0.5,0.5000000004220055,0.25,224,False,False,0.32537263762787916,224,0.44196263472319225,0.5209847929072566,401,22,0.7592698423994756,0.7730849453667399,tiles_half_s,Tiles (s/2),12,0.5052107151423115,396,18,0.7527751371180875,0.7554362388369368,0.005210714720305987,True,False,False,True,0,0.7527751326560974,0.5052107572555542,0.734022,0.8300185999999999,0.7214080095291138,0.8169984102249145,0.107105,0.11510049999999998,6.853293497035619,True,True,False,0.5049066021671211,2.6271121136652975,True,0,0.0,0.0
96,0,bdf33cf528fe573c3eaeabbb0701e56e4903474747408b891ca6a4fda87bd4d8,42,model.layers.13.mlp.up_proj,up_proj,0,0.65738481886548,896x4864,2,896,4864,9.5,0,0.5,0.5000000004220055,0.25,224,False,False,0.32537263762787916,224,0.44196263472319225,0.5209847929072566,401,22,0.7592698423994756,0.7730849453667399,tiles_s,Tiles (s),25,0.5199258213688154,425,9,0.7505586147162641,0.7687881344620311,0.019925820946809836,True,False,False,True,12,0.750558614730835,0.5199258923530579,0.733205,0.9200024499999997,0.7193599939346313,0.9043968290090558,0.06634899999999999,0.069949,11.0507317367255,True,True,False,-1.2536112368792818,2.913823478969657,True,12,0.0,0.0
96,0,bdf33cf528fe573c3eaeabbb0701e56e4903474747408b891ca6a4fda87bd4d8,42,model.layers.13.mlp.up_proj,up_proj,0,0.65738481886548,896x4864,2,896,4864,9.5,0,0.5,0.5000000004220055,0.25,224,False,False,0.32537263762787916,224,0.44196263472319225,0.5209847929072566,401,22,0.7592698423994756,0.7730849453667399,tiles_2s,Tiles (2s),50,0.5286440581257921,450,6,0.7947091214642795,0.8118058069381598,0.02864405770378653,True,False,False,True,25,0.7947092056274414,0.5286439657211304,0.7045615000000001,0.78564775,0.6917120218276978,0.7703232079744339,0.0488165,0.052665199999999995,14.432855694283697,True,True,False,-6.9192744930653305,-2.7971280810909382,True,25,0.0,0.0
96,0,bdf33cf528fe573c3eaeabbb0701e56e4903474747408b891ca6a4fda87bd4d8,42,model.layers.13.mlp.up_proj,up_proj,0,0.65738481886548,896x4864,2,896,4864,9.5,1,0.7,0.7000000005908077,0.5,448,False,False,0.5726482949976344,448,0.8554120604555634,0.7008891625737306,573,29,1.0738928882847771,1.084446617959328,tiles_half_s,Tiles (s/2),12,0.7033300645125564,588,17,1.0742910682874505,1.0891961697872232,0.003330063921748727,True,False,False,True,0,1.0742911100387573,0.7033299803733826,0.6363894999999999,0.7584780999999998,0.6257439851760864,0.7464448243379591,0.1135375,0.12267859999999998,5.605104040515248,True,True,False,-1.425028666209771,0.936472990343018,True,0,0.0,0.0
96,0,bdf33cf528fe573c3eaeabbb0701e56e4903474747408b891ca6a4fda87bd4d8,42,model.layers.13.mlp.up_proj,up_proj,0,0.65738481886548,896x4864,2,896,4864,9.5,1,0.7,0.7000000005908077,0.5,448,False,False,0.5726482949976344,448,0.8554120604555634,0.7008891625737306,573,29,1.0738928882847771,1.084446617959328,tiles_s,Tiles (s),25,0.7078158171498217,600,8,1.0596121619523728,1.0839697301828732,0.007815816559013977,True,False,False,True,0,1.0596121549606323,0.7078161239624023,0.7216039999999999,0.82100315,0.709632009267807,0.806246393918991,0.070472,0.07557669999999998,10.239584515836075,True,True,False,-0.9383470184061604,2.2900579517401876,True,0,0.0,0.0
96,0,bdf33cf528fe573c3eaeabbb0701e56e4903474747408b891ca6a4fda87bd4d8,42,model.layers.13.mlp.up_proj,up_proj,0,0.65738481886548,896x4864,2,896,4864,9.5,1,0.7,0.7000000005908077,0.5,448,False,False,0.5726482949976344,448,0.8554120604555634,0.7008891625737306,573,29,1.0738928882847771,1.084446617959328,tiles_2s,Tiles (2s),50,0.7478119421575684,646,5,1.1408490943687213,1.1653923361823362,0.04781194156676072,True,False,False,True,0,1.1408491134643555,0.747812032699585,0.6771555,0.73715,0.6661120057106018,0.7175680071115493,0.050644999999999996,0.05971494999999999,13.370628887353146,True,True,False,-8.520351414534645,-5.201037605293046,True,0,0.0,0.0
96,0,bdf33cf528fe573c3eaeabbb0701e56e4903474747408b891ca6a4fda87bd4d8,42,model.layers.13.mlp.up_proj,up_proj,0,0.65738481886548,896x4864,2,896,4864,9.5,2,0.9,0.90000000075961,0.75,672,False,False,0.8019656413816847,672,1.254221882932738,0.9059011712379288,784,28,1.4449333480135111,1.4403151142869735,tiles_half_s,Tiles (s/2),12,0.9033786787185818,792,7,1.4158724003008623,1.4397810225371375,0.003378677958971843,True,False,False,True,6,1.4158724546432495,0.9033786058425903,0.732444,0.7986383,0.7188479900360107,0.7709327936172484,0.1184365,0.12880024999999998,6.184275962224483,True,True,False,0.3565787642355267,1.697039331439043,True,6,0.0,0.0
96,0,bdf33cf528fe573c3eaeabbb0701e56e4903474747408b891ca6a4fda87bd4d8,42,model.layers.13.mlp.up_proj,up_proj,0,0.65738481886548,896x4864,2,896,4864,9.5,2,0.9,0.90000000075961,0.75,672,False,False,0.8019656413816847,672,1.254221882932738,0.9059011712379288,784,28,1.4449333480135111,1.4403151142869735,tiles_s,Tiles (s),25,0.90506827266654,796,5,1.4057521348568145,1.4359942718283896,0.005068271906930044,True,False,False,True,0,1.405752182006836,0.9050683379173279,0.709416,0.7658265499999999,0.6983680129051208,0.7523327946662902,0.0710125,0.077548,9.990015842281288,True,True,False,0.6186497250832312,2.399681784028862,True,0,0.0,0.0
96,0,bdf33cf528fe573c3eaeabbb0701e56e4903474747408b891ca6a4fda87bd4d8,42,model.layers.13.mlp.up_proj,up_proj,0,0.65738481886548,896x4864,2,896,4864,9.5,2,0.9,0.90000000075961,0.75,672,False,False,0.8019656413816847,672,1.254221882932738,0.9059011712379288,784,28,1.4449333480135111,1.4403151142869735,tiles_2s,Tiles (2s),50,0.9009581736754626,796,3,1.4057521348568147,1.4359942718283896,0.0009581729158526509,True,False,False,True,0,1.405752182006836,0.9009581804275513,0.7110289999999999,0.7548748,0.6983680129051208,0.7398399978876113,0.050309,0.05444955,14.133236597825437,True,True,False,0.6186497250832312,2.39968178402884,True,0,0.0,0.0
97,0,bdf33cf528fe573c3eaeabbb0701e56e4903474747408b891ca6a4fda87bd4d8,42,model.layers.13.mlp.down_proj,down_proj,0,0.5406082527013416,4864x896,3,4864,896,1.75,0,0.5,0.4999999998108251,0.25,1216,False,False,0.2764886606601067,1212,0.41624373093862316,0.5142144766650745,2340,19,0.7943272877365651,0.7891370340472642,tiles_half_s,Tiles (s/2),68,0.500320950835885,2312,15,0.7796055214937597,0.7881539932930882,0.00032095102505991235,True,False,False,True,34,0.779605507850647,0.5003210306167603,0.7222045,0.82127865,0.709632009267807,0.8000000059604644,0.118962,0.12416355,6.070883979758243,True,True,False,0.7771726514731347,1.2078399748418844,True,34,0.0,0.0
97,0,bdf33cf528fe573c3eaeabbb0701e56e4903474747408b891ca6a4fda87bd4d8,42,model.layers.13.mlp.down_proj,down_proj,0,0.5406082527013416,4864x896,3,4864,896,1.75,0,0.5,0.4999999998108251,0.25,1216,False,False,0.2764886606601067,1212,0.41624373093862316,0.5142144766650745,2340,19,0.7943272877365651,0.7891370340472642,tiles_s,Tiles (s),135,0.5172513263605651,2430,9,0.7905264418776252,0.8064038424113501,0.017251326549740043,True,False,False,True,67,0.7905265092849731,0.5172516107559204,0.76244,0.8512447,0.7490560114383698,0.8380415976047516,0.082454,0.09223674999999999,9.246852790646907,True,True,False,-1.5203499692421518,-0.17606673751391355,True,67,0.0,0.0
97,0,bdf33cf528fe573c3eaeabbb0701e56e4903474747408b891ca6a4fda87bd4d8,42,model.layers.13.mlp.down_proj,down_proj,0,0.5406082527013416,4864x896,3,4864,896,1.75,0,0.5,0.4999999998108251,0.25,1216,False,False,0.2764886606601067,1212,0.41624373093862316,0.5142144766650745,2340,19,0.7943272877365651,0.7891370340472642,tiles_2s,Tiles (2s),270,0.511091599248175,2430,6,0.7905264418776252,0.80753314479638,0.011091599437349942,True,False,False,True,0,0.7905265092849731,0.5110914707183838,0.657188,0.7432690999999999,0.6389119923114777,0.7304704129695891,0.0661985,0.0730193,9.927536122419694,True,True,False,-1.6625208857478535,-0.17606673751391355,True,0,0.0,0.0
97,0,bdf33cf528fe573c3eaeabbb0701e56e4903474747408b891ca6a4fda87bd4d8,42,model.layers.13.mlp.down_proj,down_proj,0,0.5406082527013416,4864x896,3,4864,896,1.75,1,0.7,0.6999999997351551,0.5,2432,False,False,0.5340207752087736,2430,0.8382178963844028,0.708542763000878,3294,27,1.1176616152705312,1.1097508203481325,tiles_half_s,Tiles (s/2),68,0.7055841210240033,3332,16,1.1169247920439371,1.1308202623117787,0.0055841212888481095,True,False,False,True,34,1.11692476272583,0.7055841684341431,0.725205,0.8179999499999999,0.7132000029087067,0.8053759813308715,0.127443,0.13462719999999997,5.690426308231915,True,True,False,-1.1773372961424,-0.646448875212724,True,34,0.0,0.0
97,0,bdf33cf528fe573c3eaeabbb0701e56e4903474747408b891ca6a4fda87bd4d8,42,model.layers.13.mlp.down_proj,down_proj,0,0.5406082527013416,4864x896,3,4864,896,1.75,1,0.7,0.6999999997351551,0.5,2432,False,False,0.5340207752087736,2430,0.8382178963844028,0.708542763000878,3294,27,1.1176616152705312,1.1097508203481325,tiles_s,Tiles (s),135,0.7079971169805503,3375,9,1.0979533914967017,1.120726835428422,0.007997117245395202,True,False,False,True,67,1.09795343875885,0.7079975605010986,0.7236775,0.763197,0.711679995059967,0.7487488061189651,0.086922,0.0936427,8.32559651181519,True,True,False,-0.27425296852026104,1.0630700725889008,True,67,0.0,0.0
97,0,bdf33cf528fe573c3eaeabbb0701e56e4903474747408b891ca6a4fda87bd4d8,42,model.layers.13.mlp.down_proj,down_proj,0,0.5406082527013416,4864x896,3,4864,896,1.75,1,0.7,0.6999999997351551,0.5,2432,False,False,0.5340207752087736,2430,0.8382178963844028,0.708542763000878,3294,27,1.1176616152705312,1.1097508203481325,tiles_2s,Tiles (2s),270,0.7061078091865056,3379,5,1.0992546695903276,1.123125058970139,0.006107809451350477,True,False,False,True,135,1.0992547273635864,0.7061077952384949,0.718874,0.8304201499999998,0.7080959975719452,0.8179200053215026,0.070331,0.08262304999999998,10.22129644111416,True,True,False,-0.488828069691305,0.9458114889712155,True,135,0.0,0.0
97,0,bdf33cf528fe573c3eaeabbb0701e56e4903474747408b891ca6a4fda87bd4d8,42,model.layers.13.mlp.down_proj,down_proj,0,0.5406082527013416,4864x896,3,4864,896,1.75,2,0.9,0.8999999996594852,0.75,3648,False,False,0.7785322773706866,3648,1.244721271286301,0.9050235549366334,4326,32,1.4627004072424408,1.4499175104338757,tiles_half_s,Tiles (s/2),68,0.903871802292997,4352,8,1.415790565864784,1.4465432602203687,0.003871802633511834,True,False,False,True,34,1.4157905578613281,0.9038720726966858,0.6702625,0.72573295,0.6594400107860565,0.7030783832073211,0.1322525,0.14416384999999998,5.068051643636227,True,True,False,1.1046108240669983,2.3537162854788574,True,34,0.0,0.0
97,0,bdf33cf528fe573c3eaeabbb0701e56e4903474747408b891ca6a4fda87bd4d8,42,model.layers.13.mlp.down_proj,down_proj,0,0.5406082527013416,4864x896,3,4864,896,1.75,2,0.9,0.8999999996594852,0.75,3648,False,False,0.7785322773706866,3648,1.244721271286301,0.9050235549366334,4326,32,1.4627004072424408,1.4499175104338757,tiles_s,Tiles (s),135,0.9197331442555878,4455,3,1.4492984767756463,1.4801951065304393,0.019733144596102647,True,False,False,True,67,1.4492985010147095,0.9197334051132202,0.658295,0.7283816999999999,0.6472159922122955,0.7156000018119811,0.089563,0.0970701,7.350077599008518,True,True,False,-1.1960548586282593,0.0426944052868361,True,67,0.0,0.0
97,0,bdf33cf528fe573c3eaeabbb0701e56e4903474747408b891ca6a4fda87bd4d8,42,model.layers.13.mlp.down_proj,down_proj,0,0.5406082527013416,4864x896,3,4864,896,1.75,2,0.9,0.8999999996594852,0.75,3648,False,False,0.7785322773706866,3648,1.244721271286301,0.9050235549366334,4326,32,1.4627004072424408,1.4499175104338757,tiles_2s,Tiles (2s),270,0.9468328749790089,4590,2,1.4932166124355142,1.5253403846153846,0.04683287531952374,True,False,False,True,0,1.493216633796692,0.9468327164649963,0.6487674999999999,0.7020545499999999,0.6369280219078064,0.6915648013353347,0.06954,0.0741442,9.329414725337934,True,True,False,-4.2824885439825655,-2.9863148551590113,True,0,0.0,0.0
112,0,bdf33cf528fe573c3eaeabbb0701e56e4903474747408b891ca6a4fda87bd4d8,42,model.layers.16.self_attn.q_proj,q_proj,0,1.0754246126554035,896x896,0,896,896,1.75,0,0.5,0.5000000009604264,0.25,224,False,False,0.3277651296230033,224,0.09177266837463413,0.5377640727674589,404,4,0.13992581074176247,0.1425566561068099,tiles_half_s,Tiles (s/2),68,0.5133005334937479,408,2,0.13822372222544213,0.1394348506958263,0.01330053253332153,True,False,False,True,34,0.13822372257709503,0.5133004784584045,0.6780415,0.75728115,0.6666719913482666,0.744755208492279,0.0449445,0.048436049999999994,15.086195196297655,True,True,False,0.3508716821675195,3.039446911634447,True,34,0.0,0.0
112,0,bdf33cf528fe573c3eaeabbb0701e56e4903474747408b891ca6a4fda87bd4d8,42,model.layers.16.self_attn.q_proj,q_proj,0,1.0754246126554035,896x896,0,896,896,1.75,0,0.5,0.5000000009604264,0.25,224,False,False,0.3277651296230033,224,0.09177266837463413,0.5377640727674589,404,4,0.13992581074176247,0.1425566561068099,tiles_s,Tiles (s),135,0.6301721489871852,540,1,0.17567254263947227,0.17945180995475113,0.1301721480267588,True,False,False,True,67,0.17567254602909088,0.6301722526550293,0.6429265,0.7053189999999999,0.632319986820221,0.6934527963399887,0.037890999999999994,0.03931655,16.967789184766833,True,True,False,-28.247825760992118,-23.22998268691885,True,67,0.0,0.0
112,0,bdf33cf528fe573c3eaeabbb0701e56e4903474747408b891ca6a4fda87bd4d8,42,model.layers.16.self_attn.q_proj,q_proj,0,1.0754246126554035,896x896,0,896,896,1.75,0,0.5,0.5000000009604264,0.25,224,False,False,0.3277651296230033,224,0.09177266837463413,0.5377640727674589,404,4,0.13992581074176247,0.1425566561068099,tiles_2s,Tiles (2s),270,0.6165805444179568,540,1,0.17567254263947227,0.17945180995475113,0.11658054345753044,True,False,False,True,0,0.17567254602909088,0.6165804862976074,0.6342205000000001,0.670619,0.624127984046936,0.6598063945770264,0.035732,0.0381101,17.749370312325087,True,True,False,-28.247825760992118,-23.22998268691885,True,0,0.0,0.0
112,0,bdf33cf528fe573c3eaeabbb0701e56e4903474747408b891ca6a4fda87bd4d8,42,model.layers.16.self_attn.q_proj,q_proj,0,1.0754246126554035,896x896,0,896,896,1.75,1,0.7,0.700000001344597,0.5,448,True,False,0.5926137381466106,448,0.1610226411696547,0.7314832097035833,588,6,0.2043611887731462,0.2094582133823349,tiles_half_s,Tiles (s/2),68,0.7282128639926668,612,4,0.21008226167597252,0.2112240950346005,0.02821286264806988,True,False,False,True,0,0.2100822627544403,0.7282129526138306,0.645922,0.678904,0.6333439946174622,0.6660416156053542,0.0455705,0.049741049999999995,14.174125805071263,True,True,False,-3.3582238891125993,-0.2979345061530303,True,0,0.0,0.0
112,0,bdf33cf528fe573c3eaeabbb0701e56e4903474747408b891ca6a4fda87bd4d8,42,model.layers.16.self_attn.q_proj,q_proj,0,1.0754246126554035,896x896,0,896,896,1.75,1,0.7,0.700000001344597,0.5,448,True,False,0.5926137381466106,448,0.1610226411696547,0.7314832097035833,588,6,0.2043611887731462,0.2094582133823349,tiles_s,Tiles (s),135,0.7704891145695001,675,1,0.21959067829934034,0.22431476244343893,0.07048911322490314,True,False,False,True,67,0.2195906788110733,0.7704892158508301,0.6440635,0.736377,0.6317920088768005,0.723404785990715,0.038321499999999994,0.0418026,16.806844721631464,True,True,False,-9.763876296708386,-4.837463641738471,True,67,0.0,0.0
112,0,bdf33cf528fe573c3eaeabbb0701e56e4903474747408b891ca6a4fda87bd4d8,42,model.layers.16.self_attn.q_proj,q_proj,0,1.0754246126554035,896x896,0,896,896,1.75,1,0.7,0.700000001344597,0.5,448,True,False,0.5926137381466106,448,0.1610226411696547,0.7314832097035833,588,6,0.2043611887731462,0.2094582133823349,tiles_2s,Tiles (2s),270,0.7245064714516047,626,2,0.20365002165242527,0.20774884668462065,0.024506470107007794,True,False,False,True,135,0.20365002751350403,0.7245064377784729,0.7102824999999999,0.74897225,0.6978560090065002,0.7365632057189941,0.034745,0.0424812,20.442725572024752,True,True,False,-1.6576816428852226,2.772959644846984,True,135,0.0,0.0
112,0,bdf33cf528fe573c3eaeabbb0701e56e4903474747408b891ca6a4fda87bd4d8,42,model.layers.16.self_attn.q_proj,q_proj,0,1.0754246126554035,896x896,0,896,896,1.75,2,0.9,0.9000000017287676,0.75,672,False,False,0.8095242388662882,672,0.23063149707603992,0.9345705972227734,816,4,0.2742249725080357,0.27118884660755704,tiles_half_s,Tiles (s/2),68,0.9276680313341785,816,2,0.265460731099647,0.271171623931624,0.027668029605410926,True,False,False,True,0,0.265460729598999,0.9276680946350098,0.6481714999999999,0.7384763,0.6337440013885498,0.7260160058736801,0.045896000000000006,0.052097649999999995,14.122614171169596,True,True,False,1.113446579458488,2.112223854176165,True,0,0.0,0.0
112,0,bdf33cf528fe573c3eaeabbb0701e56e4903474747408b891ca6a4fda87bd4d8,42,model.layers.16.self_attn.q_proj,q_proj,0,1.0754246126554035,896x896,0,896,896,1.75,2,0.9,0.9000000017287676,0.75,672,False,False,0.8095242388662882,672,0.23063149707603992,0.9345705972227734,816,4,0.2742249725080357,0.27118884660755704,tiles_s,Tiles (s),135,0.9034764583338983,810,1,0.26350881395920844,0.26917771493212667,0.00347645660513074,True,False,False,True,67,0.2635088264942169,0.9034765958786011,0.6588514999999999,0.8502095499999998,0.647167980670929,0.8355327874422072,0.040771,0.0482645,16.15980721591327,True,True,False,1.8405535899036707,2.8319869140719267,True,67,0.0,0.0
112,0,bdf33cf528fe573c3eaeabbb0701e56e4903474747408b891ca6a4fda87bd4d8,42,model.layers.16.self_attn.q_proj,q_proj,0,1.0754246126554035,896x896,0,896,896,1.75,2,0.9,0.9000000017287676,0.75,672,False,False,0.8095242388662882,672,0.23063149707603992,0.9345705972227734,816,4,0.2742249725080357,0.27118884660755704,tiles_2s,Tiles (2s),270,0.9099272447347175,810,1,0.26350881395920844,0.26917771493212667,0.009927243005949937,True,False,False,True,0,0.2635088264942169,0.909927248954773,0.6503705,0.773797,0.6398719847202301,0.7598079979419707,0.036532999999999996,0.041783249999999994,17.802274655790654,True,True,False,1.8405535899036707,2.8319869140719267,True,0,0.0,0.0
113,0,bdf33cf528fe573c3eaeabbb0701e56e4903474747408b891ca6a4fda87bd4d8,42,model.layers.16.self_attn.k_proj,k_proj,0,1.0754246126554035,896x128,1,896,128,0.25,0,0.5,0.5000000009604264,0.25,224,False,False,0.2923217674542684,224,0.018949429657794677,0.8370378545369022,736,1,0.03559616,0.03664651603113517,tiles_half_s,Tiles (s/2),472,0.5447812704078387,472,1,0.02747613916319621,0.02632202643171806,0.04478126944741234,True,False,False,True,236,0.02747613936662674,0.5447812080383301,0.6442535,0.6994093499999999,0.6328800022602081,0.6880768209695816,0.033658,0.0355051,19.141170004159488,True,True,False,26.05374728139761,25.023870918991953,True,236,0.0,0.0
113,0,bdf33cf528fe573c3eaeabbb0701e56e4903474747408b891ca6a4fda87bd4d8,42,model.layers.16.self_attn.k_proj,k_proj,0,1.0754246126554035,896x128,1,896,128,0.25,0,0.5,0.5000000009604264,0.25,224,False,False,0.2923217674542684,224,0.018949429657794677,0.8370378545369022,736,1,0.03559616,0.03664651603113517,tiles_s,Tiles (s),896,0.5237139459641185,448,1,0.026642468538838122,0.025773178458289338,0.02371394500369206,True,False,False,True,448,0.026642467826604843,0.5237138867378235,0.6407324999999999,0.7630338499999998,0.6286400258541107,0.7501152127981183,0.033803,0.0359856,18.954900452622546,True,True,False,27.59562138643793,27.298768275263953,True,448,0.0,0.0
113,0,bdf33cf528fe573c3eaeabbb0701e56e4903474747408b891ca6a4fda87bd4d8,42,model.layers.16.self_attn.k_proj,k_proj,0,1.0754246126554035,896x128,1,896,128,0.25,0,0.5,0.5000000009604264,0.25,224,False,False,0.2923217674542684,224,0.018949429657794677,0.8370378545369022,736,1,0.03559616,0.03664651603113517,tiles_2s,Tiles (2s),896,0.5237139459641185,448,1,0.026642468538838122,0.025773178458289338,0.02371394500369206,True,False,False,True,448,0.026642467826604843,0.5237138867378235,0.633679,0.7049055999999999,0.6227039992809296,0.6873087882995605,0.032575999999999994,0.03886489999999999,19.452326866404718,True,True,False,27.59562138643793,27.298768275263953,True,448,0.0,0.0
113,0,bdf33cf528fe573c3eaeabbb0701e56e4903474747408b891ca6a4fda87bd4d8,42,model.layers.16.self_attn.k_proj,k_proj,0,1.0754246126554035,896x128,1,896,128,0.25,1,0.7,0.700000001344597,0.5,448,True,False,0.5546867111988831,448,0.03634124909539145,0.8370378545369022,736,1,0.03559616,0.03664651603113517,tiles_half_s,Tiles (s/2),472,0.802857678005239,708,1,0.0356739003027174,0.03657105263157895,0.10285767666064205,True,False,False,True,236,0.035673901438713074,0.8028576374053955,0.6472745,0.7155773,0.6365759968757629,0.6965759932994842,0.0349155,0.03768915,18.5383139293437,True,True,False,-2.7387578648341515,2.654046915650654,True,236,0.0,0.0
113,0,bdf33cf528fe573c3eaeabbb0701e56e4903474747408b891ca6a4fda87bd4d8,42,model.layers.16.self_attn.k_proj,k_proj,0,1.0754246126554035,896x128,1,896,128,0.25,1,0.7,0.700000001344597,0.5,448,True,False,0.5546867111988831,448,0.03634124909539145,0.8370378545369022,736,1,0.03559616,0.03664651603113517,tiles_s,Tiles (s),896,1.0000000019208528,896,1,0.04220432019352241,0.043105703422053235,0.30000000057625587,True,False,False,True,0,0.042204320430755615,0.9999999403953552,0.6412785000000001,0.6774122499999999,0.6271359920501709,0.6669824063777923,0.0333425,0.037465599999999995,19.233065906875613,True,True,False,-21.09649867304011,-15.165982375146637,True,0,0.0,0.0
113,0,bdf33cf528fe573c3eaeabbb0701e56e4903474747408b891ca6a4fda87bd4d8,42,model.layers.16.self_attn.k_proj,k_proj,0,1.0754246126554035,896x128,1,896,128,0.25,1,0.7,0.700000001344597,0.5,448,True,False,0.5546867111988831,448,0.03634124909539145,0.8370378545369022,736,1,0.03559616,0.03664651603113517,tiles_2s,Tiles (2s),896,1.0000000019208528,896,1,0.04220432019352241,0.043105703422053235,0.30000000057625587,True,False,False,True,0,0.042204320430755615,0.9999999403953552,0.6443190000000001,0.8344870999999998,0.634335994720459,0.823435217142105,0.032616,0.0385571,19.754690949227378,True,True,False,-21.09649867304011,-15.165982375146637,True,0,0.0,0.0
113,0,bdf33cf528fe573c3eaeabbb0701e56e4903474747408b891ca6a4fda87bd4d8,42,model.layers.16.self_attn.k_proj,k_proj,0,1.0754246126554035,896x128,1,896,128,0.25,2,0.9,0.9000000017287676,0.75,672,False,False,0.780181028705556,672,0.04411609029795707,0.9711018277157564,864,1,0.04185874769797422,0.041092759361044964,tiles_half_s,Tiles (s/2),472,1.0000000019208528,896,1,0.04220432019352241,0.043105703422053235,0.10000000019208521,True,False,False,True,0,0.042204320430755615,0.9999999403953552,0.6634895,0.7372032,0.6527999937534332,0.7262879878282547,0.033908,0.036484199999999994,19.567343989618966,True,True,False,-2.9789608926579447,-2.70500411693253,True,0,0.0,0.0
113,0,bdf33cf528fe573c3eaeabbb0701e56e4903474747408b891ca6a4fda87bd4d8,42,model.layers.16.self_attn.k_proj,k_proj,0,1.0754246126554035,896x128,1,896,128,0.25,2,0.9,0.9000000017287676,0.75,672,False,False,0.780181028705556,672,0.04411609029795707,0.9711018277157564,864,1,0.04185874769797422,0.041092759361044964,tiles_s,Tiles (s),896,1.0000000019208528,896,1,0.04220432019352241,0.043105703422053235,0.10000000019208521,True,False,False,True,0,0.042204320430755615,0.9999999403953552,0.7139195,0.8811014499999998,0.6988800168037415,0.8666112244129179,0.032621,0.03554515,21.88527329021183,True,True,False,-2.9789608926579447,-2.70500411693253,True,0,0.0,0.0
113,0,bdf33cf528fe573c3eaeabbb0701e56e4903474747408b891ca6a4fda87bd4d8,42,model.layers.16.self_attn.k_proj,k_proj,0,1.0754246126554035,896x128,1,896,128,0.25,2,0.9,0.9000000017287676,0.75,672,False,False,0.780181028705556,672,0.04411609029795707,0.9711018277157564,864,1,0.04185874769797422,0.041092759361044964,tiles_2s,Tiles (2s),896,1.0000000019208528,896,1,0.04220432019352241,0.043105703422053235,0.10000000019208521,True,False,False,True,0,0.042204320430755615,0.9999999403953552,0.6487775,0.7586057999999999,0.6384640038013458,0.74475519657135,0.032596,0.035570149999999995,19.90359246533317,True,True,False,-2.9789608926579447,-2.70500411693253,True,0,0.0,0.0
116,0,bdf33cf528fe573c3eaeabbb0701e56e4903474747408b891ca6a4fda87bd4d8,42,model.layers.16.mlp.gate_proj,gate_proj,0,0.7242046998501254,896x4864,2,896,4864,9.5,0,0.5,0.4999999995052349,0.25,224,False,False,0.32496496237581596,224,0.43867426229101536,0.5036612480471376,384,20,0.7280617004525837,0.740668060688717,tiles_half_s,Tiles (s/2),12,0.5078112683549989,396,18,0.7581276384943313,0.7574960952615766,0.007811268849764019,True,False,False,True,6,0.7581276893615723,0.5078108906745911,0.676194,0.73157405,0.6655360162258148,0.7170400112867356,0.1079765,0.11453714999999999,6.262418211370066,True,True,False,-4.042843455533451,-2.3572742949627523,True,6,0.0,0.0
116,0,bdf33cf528fe573c3eaeabbb0701e56e4903474747408b891ca6a4fda87bd4d8,42,model.layers.16.mlp.gate_proj,gate_proj,0,0.7242046998501254,896x4864,2,896,4864,9.5,0,0.5,0.4999999995052349,0.25,224,False,False,0.32496496237581596,224,0.43867426229101536,0.5036612480471376,384,20,0.7280617004525837,0.740668060688717,tiles_s,Tiles (s),25,0.5237615125952289,425,9,0.7505586147162641,0.7693087969949178,0.02376151308999397,True,False,False,True,12,0.750558614730835,0.5237616896629333,0.6564365000000001,0.7290197499999999,0.6457280218601227,0.7158784091472624,0.06679950000000001,0.09218624999999998,9.82696726771907,True,True,False,-5.665329808818931,-1.335355816254613,True,12,0.0,0.0
116,0,bdf33cf528fe573c3eaeabbb0701e56e4903474747408b891ca6a4fda87bd4d8,42,model.layers.16.mlp.gate_proj,gate_proj,0,0.7242046998501254,896x4864,2,896,4864,9.5,0,0.5,0.4999999995052349,0.25,224,False,False,0.32496496237581596,224,0.43867426229101536,0.5036612480471376,384,20,0.7280617004525837,0.740668060688717,tiles_2s,Tiles (2s),50,0.5093563699047081,425,5,0.7505586147162641,0.7667054843304844,0.009356370399473235,True,False,False,True,25,0.750558614730835,0.5093563795089722,0.710287,0.7649694,0.6973440051078796,0.7500800162553787,0.049142,0.05600015,14.453766635464573,True,True,False,-5.307762220410517,-1.335355816254613,True,25,0.0,0.0
116,0,bdf33cf528fe573c3eaeabbb0701e56e4903474747408b891ca6a4fda87bd4d8,42,model.layers.16.mlp.gate_proj,gate_proj,0,0.7242046998501254,896x4864,2,896,4864,9.5,1,0.7,0.6999999993073288,0.5,448,False,False,0.5734446132846642,448,0.8564034373350253,0.7136444446805399,584,30,1.0982709503302228,1.1154699272436497,tiles_half_s,Tiles (s/2),12,0.705702789768111,588,18,1.0800191837953605,1.0928637705625486,0.005702790460782148,True,False,False,True,0,1.080019235610962,0.7057027816772461,0.7199355000000001,0.7834604999999999,0.7070720195770264,0.7516336053609848,0.114544,0.12106389999999999,6.2852310029333704,True,True,False,0.49233568146808127,3.1780994343692193,True,0,0.0,0.0
116,0,bdf33cf528fe573c3eaeabbb0701e56e4903474747408b891ca6a4fda87bd4d8,42,model.layers.16.mlp.gate_proj,gate_proj,0,0.7242046998501254,896x4864,2,896,4864,9.5,1,0.7,0.6999999993073288,0.5,448,False,False,0.5734446132846642,448,0.8564034373350253,0.7136444446805399,584,30,1.0982709503302228,1.1154699272436497,tiles_s,Tiles (s),25,0.7052105333423242,600,10,1.0596121619523728,1.0844903927157599,0.005210534034995384,True,False,False,True,0,1.0596121549606323,0.7052106857299805,0.7366165,0.8179614499999998,0.7219200134277344,0.8055295974016188,0.06915450000000001,0.07606084999999999,10.651750789897982,True,True,False,1.254750260882298,5.007554567544692,True,0,0.0,0.0
116,0,bdf33cf528fe573c3eaeabbb0701e56e4903474747408b891ca6a4fda87bd4d8,42,model.layers.16.mlp.gate_proj,gate_proj,0,0.7242046998501254,896x4864,2,896,4864,9.5,1,0.7,0.6999999993073288,0.5,448,False,False,0.5734446132846642,448,0.8564034373350253,0.7136444446805399,584,30,1.0982709503302228,1.1154699272436497,tiles_2s,Tiles (2s),50,0.7252550178091042,625,4,1.1037626687003883,1.1275080651918887,0.02525501850177536,True,False,False,True,25,1.1037626266479492,0.7252549529075623,0.62331,0.6996764999999999,0.6128959953784943,0.6882624149322509,0.051145499999999997,0.05716805,12.186995923395022,True,True,False,-2.6621039965479376,1.0495360078590643,True,25,0.0,0.0
116,0,bdf33cf528fe573c3eaeabbb0701e56e4903474747408b891ca6a4fda87bd4d8,42,model.layers.16.mlp.gate_proj,gate_proj,0,0.7242046998501254,896x4864,2,896,4864,9.5,2,0.9,0.8999999991094229,0.75,672,False,False,0.8010179811681155,672,1.2600563576422705,0.9056525882333517,785,31,1.4478984013377805,1.4502742178038637,tiles_half_s,Tiles (s/2),12,0.902135669515701,792,8,1.398688053777132,1.4287782202111614,0.002135670406278156,True,False,False,True,6,1.3986880779266357,0.9021356105804443,0.6362535,0.6701897,0.6251519918441772,0.6560255885124207,0.1171045,0.12544705,5.433211362501014,True,True,False,1.3205471536506308,3.556993801134245,True,6,0.0,0.0
116,0,bdf33cf528fe573c3eaeabbb0701e56e4903474747408b891ca6a4fda87bd4d8,42,model.layers.16.mlp.gate_proj,gate_proj,0,0.7242046998501254,896x4864,2,896,4864,9.5,2,0.9,0.8999999991094229,0.75,672,False,False,0.8010179811681155,672,1.2600563576422705,0.9056525882333517,785,31,1.4478984013377805,1.4502742178038637,tiles_s,Tiles (s),25,0.9030155966756865,796,5,1.4057521348568145,1.4365149343612762,0.0030155975662636836,True,False,False,True,0,1.405752182006836,0.9030156135559082,0.6386885,0.738099,0.6262400150299072,0.7257600039243698,0.070221,0.077788,9.095405932698196,True,True,False,0.7862061983069046,3.0699079112409877,True,0,0.0,0.0
116,0,bdf33cf528fe573c3eaeabbb0701e56e4903474747408b891ca6a4fda87bd4d8,42,model.layers.16.mlp.gate_proj,gate_proj,0,0.7242046998501254,896x4864,2,896,4864,9.5,2,0.9,0.8999999991094229,0.75,672,False,False,0.8010179811681155,672,1.2600563576422705,0.9056525882333517,785,31,1.4478984013377805,1.4502742178038637,tiles_2s,Tiles (2s),50,0.9015095410286449,796,3,1.4057521348568145,1.4359942718283896,0.001509541919222035,True,False,False,True,25,1.405752182006836,0.9015095233917236,0.6690355,0.73312145,0.6584320068359375,0.71982082426548,0.05108,0.054835249999999995,13.097797572435395,True,True,False,0.8221660786690621,3.0699079112409877,True,25,0.0,0.0
118,0,bdf33cf528fe573c3eaeabbb0701e56e4903474747408b891ca6a4fda87bd4d8,42,model.layers.16.mlp.down_proj,down_proj,0,0.7449343567006975,4864x896,3,4864,896,1.75,0,0.5,0.4999999995670805,0.25,1216,False,False,0.28542090220435057,1212,0.4201730798799053,0.5205313236656366,2310,21,0.790358051597172,0.7943785377284914,tiles_half_s,Tiles (s/2),68,0.5086397980703623,2312,15,0.7850988781693784,0.7918557323972487,0.008639798503281781,True,False,False,True,0,0.7850988507270813,0.508639931678772,0.7018409999999999,0.8950881499999999,0.6906880140304565,0.8829951912164686,0.1201295,0.12809304999999999,5.8423701089241185,True,True,False,-0.18949396378644678,1.168165945878652,True,0,0.0,0.0
118,0,bdf33cf528fe573c3eaeabbb0701e56e4903474747408b891ca6a4fda87bd4d8,42,model.layers.16.mlp.down_proj,down_proj,0,0.7449343567006975,4864x896,3,4864,896,1.75,0,0.5,0.4999999995670805,0.25,1216,False,False,0.28542090220435057,1212,0.4201730798799053,0.5205313236656366,2310,21,0.790358051597172,0.7943785377284914,tiles_s,Tiles (s),135,0.5228518028088729,2430,9,0.7905264418776252,0.8061215168150926,0.022851803241792368,True,False,False,True,67,0.7905265092849731,0.5228517055511475,0.6239665000000001,0.6702522,0.6143680214881897,0.6564239948987961,0.082239,0.09172904999999999,7.587233550991622,True,True,False,-1.994471390032082,0.48491942668557053,True,67,0.0,0.0
118,0,bdf33cf528fe573c3eaeabbb0701e56e4903474747408b891ca6a4fda87bd4d8,42,model.layers.16.mlp.down_proj,down_proj,0,0.7449343567006975,4864x896,3,4864,896,1.75,0,0.5,0.4999999995670805,0.25,1216,False,False,0.28542090220435057,1212,0.4201730798799053,0.5205313236656366,2310,21,0.790358051597172,0.7943785377284914,tiles_2s,Tiles (2s),270,0.5162872327855439,2430,4,0.7905264418776253,0.80753314479638,0.01628723321846337,True,False,False,True,0,0.7905264496803284,0.5162873268127441,0.645261,0.68120595,0.634880006313324,0.6705664068460464,0.0664695,0.07396,9.707625301830163,True,True,False,-2.173077526634959,0.48491942668555943,True,0,0.0,0.0
118,0,bdf33cf528fe573c3eaeabbb0701e56e4903474747408b891ca6a4fda87bd4d8,42,model.layers.16.mlp.down_proj,down_proj,0,0.7449343567006975,4864x896,3,4864,896,1.75,1,0.7,0.6999999993939127,0.5,2432,False,False,0.5476663957742858,2430,0.8396662371886736,0.706606881110929,3228,28,1.103882475464611,1.1089854608114091,tiles_half_s,Tiles (s/2),68,0.7002029380528256,3264,14,1.0838163511010626,1.100377249898261,0.00020293865891296559,True,False,False,True,0,1.0838162899017334,0.7002030611038208,0.6652335,0.7387110499999998,0.653296023607254,0.7273471772670744,0.1292615,0.1391807,5.146416373011299,True,True,False,0.317536118586792,2.269561739062942,True,0,0.0,0.0
118,0,bdf33cf528fe573c3eaeabbb0701e56e4903474747408b891ca6a4fda87bd4d8,42,model.layers.16.mlp.down_proj,down_proj,0,0.7449343567006975,4864x896,3,4864,896,1.75,1,0.7,0.6999999993939127,0.5,2432,False,False,0.5476663957742858,2430,0.8396662371886736,0.706606881110929,3228,28,1.103882475464611,1.1089854608114091,tiles_s,Tiles (s),135,0.7130018131065299,3375,8,1.0979533914967017,1.1204445098321647,0.013001813712617216,True,False,False,True,67,1.09795343875885,0.7130019664764404,0.6643565,0.7295131999999999,0.6535040140151978,0.7179263979196547,0.0882095,0.09516554999999999,7.531575397207784,True,True,False,-1.500343989117403,0.9947893551855658,True,67,0.0,0.0
118,0,bdf33cf528fe573c3eaeabbb0701e56e4903474747408b891ca6a4fda87bd4d8,42,model.layers.16.mlp.down_proj,down_proj,0,0.7449343567006975,4864x896,3,4864,896,1.75,1,0.7,0.6999999993939127,0.5,2432,False,False,0.5476663957742858,2430,0.8396662371886736,0.706606881110929,3228,28,1.103882475464611,1.1089854608114091,tiles_2s,Tiles (2s),270,0.736206605201005,3510,4,1.1418715271565698,1.1664367647058824,0.03620660580709234,True,False,False,True,0,1.1418715715408325,0.7362066507339478,0.667698,0.69688165,0.6568959951400757,0.6860799789428711,0.06874350000000001,0.0745337,9.71288921861703,True,True,False,-5.666752632787553,-2.9654190706070116,True,0,0.0,0.0
118,0,bdf33cf528fe573c3eaeabbb0701e56e4903474747408b891ca6a4fda87bd4d8,42,model.layers.16.mlp.down_proj,down_proj,0,0.7449343567006975,4864x896,3,4864,896,1.75,2,0.9,0.8999999992207449,0.75,3648,False,False,0.7873754638640094,3648,1.248131677531352,0.9024446707917377,4296,33,1.4642633638997735,1.4655588303856117,tiles_half_s,Tiles (s/2),68,0.9089069880137686,4352,8,1.415790565864784,1.4466905598462225,0.008906988793023651,True,False,False,True,0,1.4157905578613281,0.908907413482666,0.667808,0.71955755,0.6563679873943329,0.7086224108934402,0.1362695,0.18579759999999998,4.900641743016596,True,True,False,1.200112253491703,3.3958557984146487,True,0,0.0,0.0
118,0,bdf33cf528fe573c3eaeabbb0701e56e4903474747408b891ca6a4fda87bd4d8,42,model.layers.16.mlp.down_proj,down_proj,0,0.7449343567006975,4864x896,3,4864,896,1.75,2,0.9,0.8999999992207449,0.75,3648,False,False,0.7873754638640094,3648,1.248131677531352,0.9024446707917377,4296,33,1.4642633638997735,1.4655588303856117,tiles_s,Tiles (s),135,0.9004744377307361,4320,4,1.4053803411157781,1.435614479638009,0.00047443850999118187,True,False,False,True,0,1.4053804874420166,0.900474488735199,0.6725115,0.7306514,0.662015974521637,0.7140207767486572,0.090905,0.0962938,7.397959408173368,True,True,False,1.9565390330783083,4.106180388132197,True,0,0.0,0.0
118,0,bdf33cf528fe573c3eaeabbb0701e56e4903474747408b891ca6a4fda87bd4d8,42,model.layers.16.mlp.down_proj,down_proj,0,0.7449343567006975,4864x896,3,4864,896,1.75,2,0.9,0.8999999992207449,0.75,3648,False,False,0.7873754638640094,3648,1.248131677531352,0.9024446707917377,4296,33,1.4642633638997735,1.4655588303856117,tiles_2s,Tiles (2s),270,0.9482195807577227,4590,2,1.4932166124355142,1.5253403846153846,0.04821958153697781,True,False,False,True,0,1.493216633796692,0.9482196569442749,0.6677925,0.7447412,0.653328001499176,0.7336431980133057,0.0697855,0.07518665,9.569215668011264,True,True,False,-4.171177277354299,-1.8871833376095326,True,0,0.0,0.0
126,0,bdf33cf528fe573c3eaeabbb0701e56e4903474747408b891ca6a4fda87bd4d8,42,model.layers.18.self_attn.q_proj,q_proj,0,0.9032173841312597,896x896,0,896,896,1.75,0,0.5,0.49999999975261744,0.25,224,False,False,0.2952220376464538,224,0.08455143205530659,0.5153074810805265,416,4,0.14320497287435446,0.1454745032920632,tiles_half_s,Tiles (s/2),68,0.5640809808392078,476,3,0.16583880649269803,0.16588152475347598,0.06408098108659033,True,False,False,True,0,0.1658388078212738,0.5640808939933777,0.6758075,0.7327695,0.6646080017089844,0.7198496043682098,0.04557,0.0515852,14.830096554750932,True,True,False,-15.835031021595537,-13.998537709216464,True,0,0.0,0.0
126,0,bdf33cf528fe573c3eaeabbb0701e56e4903474747408b891ca6a4fda87bd4d8,42,model.layers.18.self_attn.q_proj,q_proj,0,0.9032173841312597,896x896,0,896,896,1.75,0,0.5,0.49999999975261744,0.25,224,False,False,0.2952220376464538,224,0.08455143205530659,0.5153074810805265,416,4,0.14320497287435446,0.1454745032920632,tiles_s,Tiles (s),135,0.5556685221672524,472,2,0.15912633731475567,0.16055957195145457,0.055668522414634936,True,False,False,True,67,0.15912634134292603,0.5556684136390686,0.6640965000000001,0.7182873,0.6528000235557556,0.7072895884513855,0.0392635,0.04521015,16.913838552345055,True,True,False,-12.118712589908952,-9.384348262928398,True,67,0.0,0.0
126,0,bdf33cf528fe573c3eaeabbb0701e56e4903474747408b891ca6a4fda87bd4d8,42,model.layers.18.self_attn.q_proj,q_proj,0,0.9032173841312597,896x896,0,896,896,1.75,0,0.5,0.49999999975261744,0.25,224,False,False,0.2952220376464538,224,0.08455143205530659,0.5153074810805265,416,4,0.14320497287435446,0.1454745032920632,tiles_2s,Tiles (2s),270,0.6216548557858914,540,2,0.17567254263947227,0.17945180995475113,0.12165485603327397,True,False,False,True,0,0.17567254602909088,0.6216549873352051,0.677291,0.7351771,0.663455992937088,0.7165439993143081,0.036693500000000004,0.041622899999999984,18.45806477986564,True,True,False,-25.311158092393214,-20.75830380171959,True,0,0.0,0.0
126,0,bdf33cf528fe573c3eaeabbb0701e56e4903474747408b891ca6a4fda87bd4d8,42,model.layers.18.self_attn.q_proj,q_proj,0,0.9032173841312597,896x896,0,896,896,1.75,1,0.7,0.6999999996536643,0.5,448,False,False,0.5557192298874725,448,0.16215440253214913,0.7682948158762883,652,5,0.2219184934264532,0.22323589791160459,tiles_half_s,Tiles (s/2),68,0.7101276572211646,612,3,0.2045889050003539,0.20737505630458614,0.010127657567500226,True,False,False,True,0,0.2045889049768448,0.7101277112960815,0.6526445000000001,0.7004448,0.6415840089321136,0.6896143853664398,0.046191499999999996,0.05047959999999999,14.129103839450984,True,True,False,6.553503900154656,8.353044060429028,True,0,0.0,0.0
126,0,bdf33cf528fe573c3eaeabbb0701e56e4903474747408b891ca6a4fda87bd4d8,42,model.layers.18.self_attn.q_proj,q_proj,0,0.9032173841312597,896x896,0,896,896,1.75,1,0.7,0.6999999996536643,0.5,448,False,False,0.5557192298874725,448,0.16215440253214913,0.7682948158762883,652,5,0.2219184934264532,0.22323589791160459,tiles_s,Tiles (s),135,0.7018926769087557,607,2,0.20304447297462372,0.20542252444014236,0.0018926772550913462,True,False,False,True,67,0.20304447412490845,0.701892614364624,0.6891225,0.8268587,0.677295982837677,0.8142335951328277,0.038612499999999994,0.041426000000000004,17.84713499514406,True,True,False,7.433345789082613,9.044882622317374,True,67,0.0,0.0
126,0,bdf33cf528fe573c3eaeabbb0701e56e4903474747408b891ca6a4fda87bd4d8,42,model.layers.18.self_attn.q_proj,q_proj,0,0.9032173841312597,896x896,0,896,896,1.75,1,0.7,0.6999999996536643,0.5,448,False,False,0.5557192298874725,448,0.16215440253214913,0.7682948158762883,652,5,0.2219184934264532,0.22323589791160459,tiles_2s,Tiles (2s),270,0.7134693154948764,626,2,0.20365002165242527,0.20774884668462065,0.013469315841212026,True,False,False,True,135,0.20365002751350403,0.7134693264961243,0.710147,0.7390431,0.6973440051078796,0.7270399928092957,0.03487,0.0394625,20.365557786062517,True,True,False,6.385068014409789,8.773623078728498,True,135,0.0,0.0
126,0,bdf33cf528fe573c3eaeabbb0701e56e4903474747408b891ca6a4fda87bd4d8,42,model.layers.18.self_attn.q_proj,q_proj,0,0.9032173841312597,896x896,0,896,896,1.75,2,0.9,0.8999999995547114,0.75,672,False,False,0.7920185587427113,672,0.23884197251390568,0.9105307857389562,796,4,0.26751526109257046,0.2650111185046364,tiles_half_s,Tiles (s/2),68,0.9204137768247165,816,1,0.265460731099647,0.2711716239316239,0.02041377727000504,True,False,False,True,34,0.265460729598999,0.9204137921333313,0.7009650000000001,0.75084025,0.6876479983329773,0.7323647946119308,0.04557,0.05242209999999999,15.38215931533904,True,True,False,-1.3667866364409864,-0.16965801191575203,True,34,0.0,0.0
126,0,bdf33cf528fe573c3eaeabbb0701e56e4903474747408b891ca6a4fda87bd4d8,42,model.layers.18.self_attn.q_proj,q_proj,0,0.9032173841312597,896x896,0,896,896,1.75,2,0.9,0.8999999995547114,0.75,672,False,False,0.7920185587427113,672,0.23884197251390568,0.9105307857389562,796,4,0.26751526109257046,0.2650111185046364,tiles_s,Tiles (s),135,0.9125083978869952,810,1,0.26350881395920844,0.26917771493212667,0.012508398332283788,True,False,False,True,0,0.2635088264942169,0.9125084280967712,0.718197,0.77189115,0.7065600156784058,0.7496703863143921,0.039653999999999995,0.044529,18.11159025571191,True,True,False,-0.62144261705539,0.5668835911130432,True,0,0.0,0.0
126,0,bdf33cf528fe573c3eaeabbb0701e56e4903474747408b891ca6a4fda87bd4d8,42,model.layers.18.self_attn.q_proj,q_proj,0,0.9032173841312597,896x896,0,896,896,1.75,2,0.9,0.8999999995547114,0.75,672,False,False,0.7920185587427113,672,0.23884197251390568,0.9105307857389562,796,4,0.26751526109257046,0.2650111185046364,tiles_2s,Tiles (2s),270,0.9125083978869952,810,1,0.26350881395920844,0.26917771493212667,0.012508398332283788,True,False,False,True,0,0.2635088264942169,0.9125084280967712,0.710693,0.7320764000000001,0.6978560090065002,0.7195135951042175,0.0354465,0.04156569999999999,20.049736927482265,True,True,False,-0.62144261705539,0.5668835911130432,True,0,0.0,0.0
127,0,bdf33cf528fe573c3eaeabbb0701e56e4903474747408b891ca6a4fda87bd4d8,42,model.layers.18.self_attn.k_proj,k_proj,0,0.9032173841312597,896x128,1,896,128,0.25,0,0.5,0.49999999975261744,0.25,224,False,False,0.2697057673649397,224,0.018949429657794677,0.8331478254985996,736,1,0.03559616,0.03664651603113517,tiles_half_s,Tiles (s/2),472,0.5205937895807438,472,1,0.02747613916319621,0.02632202643171806,0.02059378982812632,True,False,False,True,0,0.02747613936662674,0.5205938816070557,0.7152965,0.7440836,0.7014399766921997,0.7324672013521194,0.032535999999999995,0.037225749999999995,21.984770715515126,True,True,False,26.05374728139761,25.023870918991953,True,0,0.0,0.0
127,0,bdf33cf528fe573c3eaeabbb0701e56e4903474747408b891ca6a4fda87bd4d8,42,model.layers.18.self_attn.k_proj,k_proj,0,0.9032173841312597,896x128,1,896,128,0.25,0,0.5,0.49999999975261744,0.25,224,False,False,0.2697057673649397,224,0.018949429657794677,0.8331478254985996,736,1,0.03559616,0.03664651603113517,tiles_s,Tiles (s),896,0.5105155745695811,448,1,0.026642468538838122,0.025773178458289338,0.010515574816963635,True,False,False,True,448,0.026642467826604843,0.510515570640564,0.701035,0.7504679999999999,0.6891520023345947,0.7381167769432067,0.032796,0.034697599999999995,21.375625076228808,True,True,False,27.59562138643793,27.298768275263953,True,448,0.0,0.0
127,0,bdf33cf528fe573c3eaeabbb0701e56e4903474747408b891ca6a4fda87bd4d8,42,model.layers.18.self_attn.k_proj,k_proj,0,0.9032173841312597,896x128,1,896,128,0.25,0,0.5,0.49999999975261744,0.25,224,False,False,0.2697057673649397,224,0.018949429657794677,0.8331478254985996,736,1,0.03559616,0.03664651603113517,tiles_2s,Tiles (2s),896,0.5105155745695811,448,1,0.026642468538838122,0.025773178458289338,0.010515574816963635,True,False,False,True,448,0.026642467826604843,0.510515570640564,0.7407195,0.80504705,0.7275519967079163,0.7904255926609038,0.032596,0.03632274999999999,22.724245306172534,True,True,False,27.59562138643793,27.298768275263953,True,448,0.0,0.0
127,0,bdf33cf528fe573c3eaeabbb0701e56e4903474747408b891ca6a4fda87bd4d8,42,model.layers.18.self_attn.k_proj,k_proj,0,0.9032173841312597,896x128,1,896,128,0.25,1,0.7,0.6999999996536643,0.5,448,False,False,0.5364096199336927,448,0.03634124909539145,0.8331478254985996,736,1,0.03559616,0.03664651603113517,tiles_half_s,Tiles (s/2),472,0.7976801077311393,708,1,0.0356739003027174,0.03657105263157895,0.09768010807747496,True,False,False,True,236,0.035673901438713074,0.797680139541626,0.7106635,0.73136815,0.6978560090065002,0.7132672071456909,0.033382499999999996,0.03666769999999999,21.28850445592751,True,True,False,-2.7387578648341515,2.654046915650654,True,236,0.0,0.0
127,0,bdf33cf528fe573c3eaeabbb0701e56e4903474747408b891ca6a4fda87bd4d8,42,model.layers.18.self_attn.k_proj,k_proj,0,0.9032173841312597,896x128,1,896,128,0.25,1,0.7,0.6999999996536643,0.5,448,False,False,0.5364096199336927,448,0.03634124909539145,0.8331478254985996,736,1,0.03559616,0.03664651603113517,tiles_s,Tiles (s),896,0.9999999995052349,896,1,0.04220432019352241,0.043105703422053235,0.29999999985157055,True,False,False,True,0,0.042204320430755615,1.0,0.7016910000000001,0.75067045,0.6896640062332153,0.7331840008497238,0.032415,0.03756289999999999,21.647107820453495,True,True,False,-21.09649867304011,-15.165982375146637,True,0,0.0,0.0
127,0,bdf33cf528fe573c3eaeabbb0701e56e4903474747408b891ca6a4fda87bd4d8,42,model.layers.18.self_attn.k_proj,k_proj,0,0.9032173841312597,896x128,1,896,128,0.25,1,0.7,0.6999999996536643,0.5,448,False,False,0.5364096199336927,448,0.03634124909539145,0.8331478254985996,736,1,0.03559616,0.03664651603113517,tiles_2s,Tiles (2s),896,0.9999999995052349,896,1,0.04220432019352241,0.043105703422053235,0.29999999985157055,True,False,False,True,0,0.042204320430755615,1.0,0.70088,0.7841547499999999,0.6876160204410553,0.7726896077394484,0.032421,0.03491305,21.618087042349096,True,True,False,-21.09649867304011,-15.165982375146637,True,0,0.0,0.0
127,0,bdf33cf528fe573c3eaeabbb0701e56e4903474747408b891ca6a4fda87bd4d8,42,model.layers.18.self_attn.k_proj,k_proj,0,0.9032173841312597,896x128,1,896,128,0.25,2,0.9,0.8999999995547114,0.75,672,False,False,0.7636271430819761,672,0.04411609029795707,0.9658126585709397,864,1,0.04185874769797422,0.041092759361044964,tiles_half_s,Tiles (s/2),472,0.9999999995052349,896,1,0.04220432019352241,0.043105703422053235,0.09999999995052344,True,False,False,True,0,0.042204320430755615,1.0,0.7136640000000001,0.7576702499999999,0.7014399766921997,0.7220224142074585,0.033658,0.036648099999999996,21.20339889476499,True,True,False,-2.9789608926579447,-2.70500411693253,True,0,0.0,0.0
127,0,bdf33cf528fe573c3eaeabbb0701e56e4903474747408b891ca6a4fda87bd4d8,42,model.layers.18.self_attn.k_proj,k_proj,0,0.9032173841312597,896x128,1,896,128,0.25,2,0.9,0.8999999995547114,0.75,672,False,False,0.7636271430819761,672,0.04411609029795707,0.9658126585709397,864,1,0.04185874769797422,0.041092759361044964,tiles_s,Tiles (s),896,0.9999999995052349,896,1,0.04220432019352241,0.043105703422053235,0.09999999995052344,True,False,False,True,0,0.042204320430755615,1.0,0.7012505,0.7693920999999999,0.6891520023345947,0.7577600091695785,0.03243,0.03745144999999999,21.623512180080173,True,True,False,-2.9789608926579447,-2.70500411693253,True,0,0.0,0.0
127,0,bdf33cf528fe573c3eaeabbb0701e56e4903474747408b891ca6a4fda87bd4d8,42,model.layers.18.self_attn.k_proj,k_proj,0,0.9032173841312597,896x128,1,896,128,0.25,2,0.9,0.8999999995547114,0.75,672,False,False,0.7636271430819761,672,0.04411609029795707,0.9658126585709397,864,1,0.04185874769797422,0.041092759361044964,tiles_2s,Tiles (2s),896,0.9999999995052349,896,1,0.04220432019352241,0.043105703422053235,0.09999999995052344,True,False,False,True,0,0.042204320430755615,1.0,0.7033095,0.76039145,0.6912000179290771,0.7479807943105697,0.0324455,0.03603119999999999,21.67664236951195,True,True,False,-2.9789608926579447,-2.70500411693253,True,0,0.0,0.0
130,0,bdf33cf528fe573c3eaeabbb0701e56e4903474747408b891ca6a4fda87bd4d8,42,model.layers.18.mlp.gate_proj,gate_proj,0,0.6446688407012404,896x4864,2,896,4864,9.5,0,0.5,0.49999999937426765,0.25,224,False,False,0.3176356974290684,224,0.4383204448229515,0.512781931378413,395,22,0.7467600339322544,0.765165074435338,tiles_half_s,Tiles (s/2),12,0.5043030625092797,396,20,0.7695838695101513,0.7648312968122274,0.004303063135012053,True,False,False,True,0,0.7695839405059814,0.5043030977249146,0.7178315,0.7759067499999999,0.7055360078811646,0.751769596338272,0.107005,0.11282405,6.7083921312088215,True,True,False,-2.419955816972985,-0.5774956571396483,True,0,0.0,0.0
130,0,bdf33cf528fe573c3eaeabbb0701e56e4903474747408b891ca6a4fda87bd4d8,42,model.layers.18.mlp.gate_proj,gate_proj,0,0.6446688407012404,896x4864,2,896,4864,9.5,0,0.5,0.49999999937426765,0.25,224,False,False,0.3176356974290684,224,0.4383204448229515,0.512781931378413,395,22,0.7467600339322544,0.765165074435338,tiles_s,Tiles (s),25,0.5171286622353364,425,11,0.7505586147162641,0.7708707845935778,0.017128662861068733,True,False,False,True,12,0.750558614730835,0.5171282887458801,0.7278155,0.7997364499999999,0.7152640223503113,0.7877631992101669,0.0668845,0.07276429999999999,10.881676621638794,True,True,False,-3.2287146560806335,1.9089292241746603,False,0,0.0,0.0
130,0,bdf33cf528fe573c3eaeabbb0701e56e4903474747408b891ca6a4fda87bd4d8,42,model.layers.18.mlp.gate_proj,gate_proj,0,0.6446688407012404,896x4864,2,896,4864,9.5,0,0.5,0.49999999937426765,0.25,224,False,False,0.3176356974290684,224,0.4383204448229515,0.512781931378413,395,22,0.7467600339322544,0.765165074435338,tiles_2s,Tiles (2s),50,0.502606290508993,425,6,0.7505586147162641,0.7667054843304844,0.002606291134725325,True,False,False,True,25,0.750558614730835,0.5026059746742249,0.7119,0.7614455,0.7004160284996033,0.749004802107811,0.0486765,0.0527256,14.62512711472682,True,True,False,-2.6709316904926172,1.9089292241746603,True,25,0.0,0.0
130,0,bdf33cf528fe573c3eaeabbb0701e56e4903474747408b891ca6a4fda87bd4d8,42,model.layers.18.mlp.gate_proj,gate_proj,0,0.6446688407012404,896x4864,2,896,4864,9.5,1,0.7,0.6999999991239747,0.5,448,False,False,0.570833987032529,448,0.8474671113018084,0.7084022631752305,581,30,1.088340650426181,1.1060870627520174,tiles_half_s,Tiles (s/2),12,0.7066481004003435,588,15,1.0681873386478742,1.0839208246612124,0.006648101276368834,True,False,False,True,0,1.0681873559951782,0.7066479921340942,0.7301690000000001,0.79242675,0.7162880003452301,0.7799807935953139,0.112144,0.11736774999999999,6.51099479240976,True,True,False,0.40610683458692787,3.4264684381938415,True,0,0.0,0.0
130,0,bdf33cf528fe573c3eaeabbb0701e56e4903474747408b891ca6a4fda87bd4d8,42,model.layers.18.mlp.gate_proj,gate_proj,0,0.6446688407012404,896x4864,2,896,4864,9.5,1,0.7,0.6999999991239747,0.5,448,False,False,0.570833987032529,448,0.8474671113018084,0.7084022631752305,581,30,1.088340650426181,1.1060870627520174,tiles_s,Tiles (s),25,0.7045545838482212,600,7,1.0596121619523728,1.0834490676499866,0.004554584724246524,True,False,False,True,12,1.0596121549606323,0.7045544981956482,0.7190989999999999,0.7675672,0.7060480117797852,0.7547903925180435,0.0687185,0.07485025,10.464416423524959,True,True,False,0.44945328232285364,4.201739841709385,False,0,-0.002603312664433366,0.0
130,0,bdf33cf528fe573c3eaeabbb0701e56e4903474747408b891ca6a4fda87bd4d8,42,model.layers.18.mlp.gate_proj,gate_proj,0,0.6446688407012404,896x4864,2,896,4864,9.5,1,0.7,0.6999999991239747,0.5,448,False,False,0.570833987032529,448,0.8474671113018084,0.7084022631752305,581,30,1.088340650426181,1.1060870627520174,tiles_2s,Tiles (2s),50,0.721966457698727,625,4,1.1037626687003883,1.1275080651918887,0.021966458574752323,True,False,False,True,25,1.1037626266479492,0.7219663858413696,0.700244,0.7492751,0.6881279945373535,0.7278079986572266,0.050404,0.05378405,13.892627569240537,True,True,False,-3.5988194275726304,0.21014566844728133,True,25,0.0,0.0
130,0,bdf33cf528fe573c3eaeabbb0701e56e4903474747408b891ca6a4fda87bd4d8,42,model.layers.18.mlp.gate_proj,gate_proj,0,0.6446688407012404,896x4864,2,896,4864,9.5,2,0.9,0.8999999988736818,0.75,672,False,False,0.797901989921229,672,1.2571874140018036,0.9049208866490517,787,27,1.448564101696955,1.4468808727911089,tiles_half_s,Tiles (s/2),12,0.9020962604263332,792,8,1.4105198989246184,1.4377211661124978,0.002096261552651413,True,False,False,True,6,1.4105198383331299,0.9020963311195374,0.710107,0.76788585,0.6978880167007446,0.7554048240184783,0.1182005,0.1330587,6.007648021793479,True,True,False,0.7485299112241606,2.5130592677162333,True,6,0.0,0.0
130,0,bdf33cf528fe573c3eaeabbb0701e56e4903474747408b891ca6a4fda87bd4d8,42,model.layers.18.mlp.gate_proj,gate_proj,0,0.6446688407012404,896x4864,2,896,4864,9.5,2,0.9,0.8999999988736818,0.75,672,False,False,0.797901989921229,672,1.2571874140018036,0.9049208866490517,787,27,1.448564101696955,1.4468808727911089,tiles_s,Tiles (s),25,0.9039352617983241,796,4,1.4057521348568145,1.4365149343612762,0.003935262924642302,True,False,False,True,0,1.405752182006836,0.9039350748062134,0.7195644999999999,0.7524646,0.7065600156784058,0.7400959998369216,0.070011,0.07565794999999999,10.277877762065959,True,True,False,0.8318007688830287,2.84257942085826,True,0,0.0,0.0
130,0,bdf33cf528fe573c3eaeabbb0701e56e4903474747408b891ca6a4fda87bd4d8,42,model.layers.18.mlp.gate_proj,gate_proj,0,0.6446688407012404,896x4864,2,896,4864,9.5,2,0.9,0.8999999988736818,0.75,672,False,False,0.797901989921229,672,1.2571874140018036,0.9049208866490517,787,27,1.448564101696955,1.4468808727911089,tiles_2s,Tiles (2s),50,0.9024780339968856,796,3,1.4057521348568145,1.4359942718283896,0.002478035123203881,True,False,False,True,25,1.405752182006836,0.9024779796600342,0.7093455,0.8192439499999999,0.696832001209259,0.8056320160627365,0.0522725,0.08039229999999999,13.570146826725333,True,True,False,0.8677441235662386,2.84257942085826,True,25,0.0,0.0
132,0,bdf33cf528fe573c3eaeabbb0701e56e4903474747408b891ca6a4fda87bd4d8,42,model.layers.18.mlp.down_proj,down_proj,0,0.4913039682248163,4864x896,3,4864,896,1.75,0,0.5,0.5000000000291038,0.25,1216,False,False,0.2717531173620955,1212,0.4107747916057076,0.5126079636684153,2364,19,0.7994416782557939,0.7853476162938237,tiles_half_s,Tiles (s/2),68,0.5102323245955631,2380,14,0.8072206057610156,0.8141587684731764,0.010232324566459283,True,False,False,True,0,0.8072205781936646,0.5102320909500122,0.7110535,0.7632818,0.6968480050563812,0.7459328114986419,0.1225085,0.15989254999999997,5.8041156327928265,True,True,False,-1.8409210599942494,-2.7851347624143763,True,0,0.0,0.0
132,0,bdf33cf528fe573c3eaeabbb0701e56e4903474747408b891ca6a4fda87bd4d8,42,model.layers.18.mlp.down_proj,down_proj,0,0.4913039682248163,4864x896,3,4864,896,1.75,0,0.5,0.5000000000291038,0.25,1216,False,False,0.2717531173620955,1212,0.4107747916057076,0.5126079636684153,2364,19,0.7994416782557939,0.7853476162938237,tiles_s,Tiles (s),135,0.5151202305496554,2430,9,0.7905264418776252,0.8064038424113501,0.015120230520551559,True,False,False,True,67,0.7905265092849731,0.515120267868042,0.7186680000000001,0.77717105,0.7065600156784058,0.7647744089365005,0.0854945,0.09780819999999998,8.406014421980363,True,True,False,-0.8708783073139381,-0.6594309928947384,True,67,0.0,0.0
132,0,bdf33cf528fe573c3eaeabbb0701e56e4903474747408b891ca6a4fda87bd4d8,42,model.layers.18.mlp.down_proj,down_proj,0,0.4913039682248163,4864x896,3,4864,896,1.75,0,0.5,0.5000000000291038,0.25,1216,False,False,0.2717531173620955,1212,0.4107747916057076,0.5126079636684153,2364,19,0.7994416782557939,0.7853476162938237,tiles_2s,Tiles (2s),270,0.5118258068177965,2430,6,0.7905264418776252,0.80753314479638,0.011825806788692717,True,False,False,True,0,0.7905264496803284,0.5118255615234375,0.7179815,0.8135775499999998,0.7045440077781677,0.800512012839317,0.065733,0.07093474999999999,10.922694841251731,True,True,False,-1.012139692071079,-0.6594309928947384,True,0,0.0,0.0
132,0,bdf33cf528fe573c3eaeabbb0701e56e4903474747408b891ca6a4fda87bd4d8,42,model.layers.18.mlp.down_proj,down_proj,0,0.4913039682248163,4864x896,3,4864,896,1.75,1,0.7,0.7000000000407454,0.5,2432,False,False,0.5266745084300055,2430,0.8247543960574918,0.7066389315805282,3330,24,1.1229195092013766,1.1037615072359928,tiles_half_s,Tiles (s/2),68,0.7025343342247652,3332,17,1.1059380786926998,1.1234167841034577,0.0025343341840198264,True,False,False,True,0,1.1059380769729614,0.7025344967842102,0.7159785000000001,0.7745578499999999,0.7039839923381805,0.762572818994522,0.126527,0.13758854999999998,5.658701304859833,True,True,False,-0.04428410923547066,-0.19719581109125528,True,0,0.0,0.0
132,0,bdf33cf528fe573c3eaeabbb0701e56e4903474747408b891ca6a4fda87bd4d8,42,model.layers.18.mlp.down_proj,down_proj,0,0.4913039682248163,4864x896,3,4864,896,1.75,1,0.7,0.7000000000407454,0.5,2432,False,False,0.5266745084300055,2430,0.8247543960574918,0.7066389315805282,3330,24,1.1229195092013766,1.1037615072359928,tiles_s,Tiles (s),135,0.7048293780680979,3375,10,1.0979533914967017,1.120162184235907,0.004829378027352504,True,False,False,True,67,1.09795343875885,0.7048292756080627,0.7228855000000001,0.76966055,0.7101439833641052,0.7562751770019531,0.0855495,0.09471584999999999,8.449909116943992,True,True,False,0.2455496536372892,0.5262111154642035,True,67,0.0,0.0
132,0,bdf33cf528fe573c3eaeabbb0701e56e4903474747408b891ca6a4fda87bd4d8,42,model.layers.18.mlp.down_proj,down_proj,0,0.4913039682248163,4864x896,3,4864,896,1.75,1,0.7,0.7000000000407454,0.5,2432,False,False,0.5266745084300055,2430,0.8247543960574918,0.7066389315805282,3330,24,1.1229195092013766,1.1037615072359928,tiles_2s,Tiles (2s),270,0.7037620674818754,3375,4,1.097953391496702,1.1215738122171945,0.003762067441130057,True,False,False,True,135,1.09795343875885,0.7037622332572937,0.7054385000000001,0.73366185,0.6937279999256134,0.7215616106987,0.0669605,0.070289,10.535143853465849,True,True,False,0.11983913122491918,0.5262111154641924,True,135,0.0,0.0
132,0,bdf33cf528fe573c3eaeabbb0701e56e4903474747408b891ca6a4fda87bd4d8,42,model.layers.18.mlp.down_proj,down_proj,0,0.4913039682248163,4864x896,3,4864,896,1.75,2,0.9,0.9000000000523869,0.75,3648,False,False,0.7691554586635903,3648,1.232119835827396,0.9082665705354884,4368,30,1.4774433829789249,1.4596604579176795,tiles_half_s,Tiles (s/2),68,0.9018634755848325,4352,7,1.415790565864784,1.4463959605945147,0.001863475532445591,True,False,False,True,34,1.4157905578613281,0.901863694190979,0.726793,0.75151525,0.7147520184516907,0.7344127893447876,0.13352999999999998,0.1421782,5.442919194188573,True,True,False,2.1014289103796435,3.0054860919832893,True,34,0.0,0.0
132,0,bdf33cf528fe573c3eaeabbb0701e56e4903474747408b891ca6a4fda87bd4d8,42,model.layers.18.mlp.down_proj,down_proj,0,0.4913039682248163,4864x896,3,4864,896,1.75,2,0.9,0.9000000000523869,0.75,3648,False,False,0.7691554586635903,3648,1.232119835827396,0.9082665705354884,4368,30,1.4774433829789249,1.4596604579176795,tiles_s,Tiles (s),135,0.9187846248387359,4455,3,1.4492984767756463,1.4804774321266967,0.018784624786349013,True,False,False,True,67,1.4492985010147095,0.9187846183776855,0.683332,0.8330299999999999,0.6702879965305328,0.8082431823015213,0.091867,0.10091629999999999,7.438274897406033,True,True,False,-0.2053580653395004,0.7098898299139678,True,67,0.0,0.0
132,0,bdf33cf528fe573c3eaeabbb0701e56e4903474747408b891ca6a4fda87bd4d8,42,model.layers.18.mlp.down_proj,down_proj,0,0.4913039682248163,4864x896,3,4864,896,1.75,2,0.9,0.9000000000523869,0.75,3648,False,False,0.7691554586635903,3648,1.232119835827396,0.9082665705354884,4368,30,1.4774433829789249,1.4596604579176795,tiles_2s,Tiles (2s),270,0.9199440439188038,4455,2,1.4492984767756463,1.480477432126697,0.019944043866416905,True,False,False,True,135,1.4492985010147095,0.9199440479278564,0.6684589999999999,0.7048242,0.6563840210437775,0.6943743824958801,0.070507,0.08127304999999999,9.48074659253691,True,True,False,-0.2053580653395004,0.7098898299139678,True,135,0.0,0.0
142,0,bdf33cf528fe573c3eaeabbb0701e56e4903474747408b891ca6a4fda87bd4d8,42,model.layers.20.self_attn.v_proj,v_proj,0,1.0819506281770994,896x128,1,896,128,0.25,0,0.5,0.4999999996216502,0.25,224,True,False,0.2745872800878715,224,0.018949429657794677,0.831678303075023,736,1,0.03559616,0.03664651603113517,tiles_half_s,Tiles (s/2),472,0.5214023566513788,472,1,0.02747613916319621,0.02632202643171806,0.02140235702972859,True,False,False,True,236,0.02747613936662674,0.5214023590087891,0.6719459999999999,0.7205632,0.6615040004253387,0.7035072028636932,0.033773,0.037645949999999984,19.89595238800225,True,True,False,26.05374728139761,25.023870918991953,True,236,0.0,0.0
142,0,bdf33cf528fe573c3eaeabbb0701e56e4903474747408b891ca6a4fda87bd4d8,42,model.layers.20.self_attn.v_proj,v_proj,0,1.0819506281770994,896x128,1,896,128,0.25,0,0.5,0.4999999996216502,0.25,224,True,False,0.2745872800878715,224,0.018949429657794677,0.831678303075023,736,1,0.03559616,0.03664651603113517,tiles_s,Tiles (s),896,0.5140556409023702,448,1,0.026642468538838122,0.025773178458289338,0.01405564128072001,True,False,False,True,448,0.026642467826604843,0.5140557289123535,0.6593775,0.73957685,0.6482239961624146,0.7169024020433425,0.033057,0.03628455,19.9466830020873,True,True,False,27.59562138643793,27.298768275263953,True,448,0.0,0.0
142,0,bdf33cf528fe573c3eaeabbb0701e56e4903474747408b891ca6a4fda87bd4d8,42,model.layers.20.self_attn.v_proj,v_proj,0,1.0819506281770994,896x128,1,896,128,0.25,0,0.5,0.4999999996216502,0.25,224,True,False,0.2745872800878715,224,0.018949429657794677,0.831678303075023,736,1,0.03559616,0.03664651603113517,tiles_2s,Tiles (2s),896,0.5140556409023702,448,1,0.026642468538838122,0.025773178458289338,0.01405564128072001,True,False,False,True,448,0.026642467826604843,0.5140557289123535,0.641509,0.6750931,0.6312319934368134,0.6618111997842788,0.033216999999999997,0.03755859999999999,19.31267122256676,True,True,False,27.59562138643793,27.298768275263953,True,448,0.0,0.0
142,0,bdf33cf528fe573c3eaeabbb0701e56e4903474747408b891ca6a4fda87bd4d8,42,model.layers.20.self_attn.v_proj,v_proj,0,1.0819506281770994,896x128,1,896,128,0.25,1,0.7,0.6999999994703102,0.5,448,True,False,0.5430319212027825,448,0.03634124909539145,0.831678303075023,736,1,0.03559616,0.03664651603113517,tiles_half_s,Tiles (s/2),472,0.798215565882856,708,1,0.0356739003027174,0.03657105263157895,0.09821556641254581,True,False,False,True,236,0.035673901438713074,0.7982155680656433,0.6466035000000001,0.6925097499999999,0.6358720064163208,0.6722543805837631,0.0345795,0.039917799999999996,18.699041339521976,True,True,False,-2.7387578648341515,2.654046915650654,True,236,0.0,0.0
142,0,bdf33cf528fe573c3eaeabbb0701e56e4903474747408b891ca6a4fda87bd4d8,42,model.layers.20.self_attn.v_proj,v_proj,0,1.0819506281770994,896x128,1,896,128,0.25,1,0.7,0.6999999994703102,0.5,448,True,False,0.5430319212027825,448,0.03634124909539145,0.831678303075023,736,1,0.03559616,0.03664651603113517,tiles_s,Tiles (s),896,0.9999999992433004,896,1,0.04220432019352241,0.043105703422053235,0.2999999997729902,True,False,False,True,0,0.042204320430755615,1.0,0.63685,0.7300260499999999,0.6266240179538727,0.7113215923309326,0.032701999999999995,0.03738724999999999,19.474344076814877,True,True,False,-21.09649867304011,-15.165982375146637,True,0,0.0,0.0
142,0,bdf33cf528fe573c3eaeabbb0701e56e4903474747408b891ca6a4fda87bd4d8,42,model.layers.20.self_attn.v_proj,v_proj,0,1.0819506281770994,896x128,1,896,128,0.25,1,0.7,0.6999999994703102,0.5,448,True,False,0.5430319212027825,448,0.03634124909539145,0.831678303075023,736,1,0.03559616,0.03664651603113517,tiles_2s,Tiles (2s),896,0.9999999992433004,896,1,0.04220432019352241,0.043105703422053235,0.2999999997729902,True,False,False,True,0,0.042204320430755615,1.0,0.6315299999999999,0.6672718,0.6205280125141144,0.655974382162094,0.033082,0.036052249999999994,19.08983737379844,True,True,False,-21.09649867304011,-15.165982375146637,True,0,0.0,0.0
142,0,bdf33cf528fe573c3eaeabbb0701e56e4903474747408b891ca6a4fda87bd4d8,42,model.layers.20.self_attn.v_proj,v_proj,0,1.0819506281770994,896x128,1,896,128,0.25,2,0.9,0.8999999993189703,0.75,672,False,False,0.7651772543904372,672,0.04411609029795707,0.9999999992433004,896,1,0.043105703422053235,0.04220432019352241,tiles_half_s,Tiles (s/2),472,0.9999999992433004,896,1,0.04220432019352241,0.043105703422053235,0.09999999992433006,True,False,False,True,0,0.042204320430755615,1.0,0.634922,0.66480675,0.6245920062065125,0.6544032096862793,0.034173999999999996,0.0378511,18.57909521858723,True,True,False,0.0,0.0,True,0,0.0,0.0
142,0,bdf33cf528fe573c3eaeabbb0701e56e4903474747408b891ca6a4fda87bd4d8,42,model.layers.20.self_attn.v_proj,v_proj,0,1.0819506281770994,896x128,1,896,128,0.25,2,0.9,0.8999999993189703,0.75,672,False,False,0.7651772543904372,672,0.04411609029795707,0.9999999992433004,896,1,0.043105703422053235,0.04220432019352241,tiles_s,Tiles (s),896,0.9999999992433004,896,1,0.04220432019352241,0.043105703422053235,0.09999999992433006,True,False,False,True,0,0.042204320430755615,1.0,0.637426,0.7097997,0.6251519918441772,0.698470413684845,0.032895999999999995,0.0352382,19.377006322957204,True,True,False,0.0,0.0,True,0,0.0,0.0
142,0,bdf33cf528fe573c3eaeabbb0701e56e4903474747408b891ca6a4fda87bd4d8,42,model.layers.20.self_attn.v_proj,v_proj,0,1.0819506281770994,896x128,1,896,128,0.25,2,0.9,0.8999999993189703,0.75,672,False,False,0.7651772543904372,672,0.04411609029795707,0.9999999992433004,896,1,0.043105703422053235,0.04220432019352241,tiles_2s,Tiles (2s),896,0.9999999992433004,896,1,0.04220432019352241,0.043105703422053235,0.09999999992433006,True,False,False,True,0,0.042204320430755615,1.0,0.666636,0.7470818499999999,0.6563839912414551,0.7346688121557235,0.033553,0.03682105,19.86814889875719,True,True,False,0.0,0.0,True,0,0.0,0.0
143,0,bdf33cf528fe573c3eaeabbb0701e56e4903474747408b891ca6a4fda87bd4d8,42,model.layers.20.self_attn.o_proj,o_proj,0,2.3666495249263755,896x896,0,896,896,1.75,0,0.5,0.4999999997598934,0.25,224,True,False,0.42181833190261386,224,0.10033363078628615,0.5344187841401435,328,4,0.1188715991563551,0.1240769572668723,tiles_half_s,Tiles (s/2),68,0.552982358916779,386,3,0.12728707551060922,0.12996276755750988,0.05298235915688565,True,False,False,True,34,0.12728707492351532,0.5529823899269104,0.651072,0.761409,0.6384640038013458,0.7357439935207367,0.0449995,0.056092199999999974,14.468427426971411,True,True,False,-9.330377045375027,-2.5871993595332876,True,34,0.0,0.0
143,0,bdf33cf528fe573c3eaeabbb0701e56e4903474747408b891ca6a4fda87bd4d8,42,model.layers.20.self_attn.o_proj,o_proj,0,2.3666495249263755,896x896,0,896,896,1.75,0,0.5,0.4999999997598934,0.25,224,True,False,0.42181833190261386,224,0.10033363078628615,0.5344187841401435,328,4,0.1188715991563551,0.1240769572668723,tiles_s,Tiles (s),135,0.5015574888093397,356,2,0.11982812636487197,0.12110974543073215,0.0015574890494463034,True,False,False,True,0,0.11982812732458115,0.501557469367981,0.6486875000000001,0.6993247499999999,0.637967973947525,0.6783488005399704,0.037946,0.04395194999999999,17.095016602540454,True,True,False,-1.8828267561481704,3.424351302282247,True,0,0.0,0.0
143,0,bdf33cf528fe573c3eaeabbb0701e56e4903474747408b891ca6a4fda87bd4d8,42,model.layers.20.self_attn.o_proj,o_proj,0,2.3666495249263755,896x896,0,896,896,1.75,0,0.5,0.4999999997598934,0.25,224,True,False,0.42181833190261386,224,0.10033363078628615,0.5344187841401435,328,4,0.1188715991563551,0.1240769572668723,tiles_2s,Tiles (2s),270,0.6505363383912481,491,1,0.1597318859925572,0.16316821979219037,0.15053633863135474,True,False,False,True,135,0.1597318947315216,0.650536298751831,0.6551295,0.740711,0.6424959897994995,0.7286576151847839,0.035677,0.038501049999999995,18.36279675981725,True,True,False,-37.26425904102686,-28.73614046562738,True,135,0.0,0.0
143,0,bdf33cf528fe573c3eaeabbb0701e56e4903474747408b891ca6a4fda87bd4d8,42,model.layers.20.self_attn.o_proj,o_proj,0,2.3666495249263755,896x896,0,896,896,1.75,1,0.7,0.6999999996638507,0.5,448,True,False,0.6865917072209413,448,0.17142688703574782,0.7139322519797133,492,5,0.1721694659440893,0.1750348190161546,tiles_half_s,Tiles (s/2),68,0.7088026601195452,544,3,0.18246717740871665,0.18477742097695082,0.008802660455694444,True,False,False,True,0,0.18246717751026154,0.7088025808334351,0.697889,0.77436915,0.6855679750442505,0.7610880076885223,0.045625,0.05387214999999998,15.296197260273972,True,True,False,-7.322991311918137,-4.246217086599247,True,0,0.0,0.0
143,0,bdf33cf528fe573c3eaeabbb0701e56e4903474747408b891ca6a4fda87bd4d8,42,model.layers.20.self_attn.o_proj,o_proj,0,2.3666495249263755,896x896,0,896,896,1.75,1,0.7,0.6999999996638507,0.5,448,True,False,0.6865917072209413,448,0.17142688703574782,0.7139322519797133,492,5,0.1721694659440893,0.1750348190161546,tiles_s,Tiles (s),135,0.7889552411506884,626,2,0.20365002165242527,0.20774884668462065,0.08895524148683764,True,False,False,True,0,0.20365002751350403,0.7889552116394043,0.7056235,0.7910562,0.692223995923996,0.7763968110084534,0.0392085,0.04503834999999999,17.996697144751774,True,True,False,-20.66532561127039,-16.348291612556043,True,0,0.0,0.0
143,0,bdf33cf528fe573c3eaeabbb0701e56e4903474747408b891ca6a4fda87bd4d8,42,model.layers.20.self_attn.o_proj,o_proj,0,2.3666495249263755,896x896,0,896,896,1.75,1,0.7,0.6999999996638507,0.5,448,True,False,0.6865917072209413,448,0.17142688703574782,0.7139322519797133,492,5,0.1721694659440893,0.1750348190161546,tiles_2s,Tiles (2s),270,0.7644355565862497,626,1,0.20365002165242527,0.20803117228087817,0.064435556922399,True,False,False,True,0,0.20365002751350403,0.7644355893135071,0.694523,0.7643182499999999,0.6828960180282593,0.7396351963281631,0.03475,0.03971979999999999,19.98627338129496,True,True,False,-20.829306834485205,-16.348291612556043,True,0,0.0,0.0
143,0,bdf33cf528fe573c3eaeabbb0701e56e4903474747408b891ca6a4fda87bd4d8,42,model.layers.20.self_attn.o_proj,o_proj,0,2.3666495249263755,896x896,0,896,896,1.75,2,0.9,0.8999999995678082,0.75,672,True,False,0.8541444342990872,672,0.23287256033150783,0.9254279888846213,784,5,0.26417477424346936,0.26242193368459105,tiles_half_s,Tiles (s/2),68,0.9351813599205343,794,2,0.25830370158470556,0.26386062426680074,0.03518136035272612,True,False,False,True,34,0.258303701877594,0.9351813793182373,0.641664,0.7746995499999998,0.6312960088253021,0.728166401386261,0.0457455,0.050815799999999994,14.026822310391186,True,True,False,0.11891747710138789,1.569317031569184,True,34,0.0,0.0
143,0,bdf33cf528fe573c3eaeabbb0701e56e4903474747408b891ca6a4fda87bd4d8,42,model.layers.20.self_attn.o_proj,o_proj,0,2.3666495249263755,896x896,0,896,896,1.75,2,0.9,0.8999999995678082,0.75,672,True,False,0.8541444342990872,672,0.23287256033150783,0.9254279888846213,784,5,0.26417477424346936,0.26242193368459105,tiles_s,Tiles (s),135,0.90285445934569,761,1,0.24756815731229334,0.25289412476956596,0.0028544597778817904,True,False,False,True,0,0.24756816029548645,0.9028544425964355,0.718067,0.7675765999999999,0.7060480117797852,0.7547391921281814,0.039198,0.043865299999999996,18.31897035563039,True,True,False,4.270146347700443,5.660264812372995,True,0,0.0,0.0
143,0,bdf33cf528fe573c3eaeabbb0701e56e4903474747408b891ca6a4fda87bd4d8,42,model.layers.20.self_attn.o_proj,o_proj,0,2.3666495249263755,896x896,0,896,896,1.75,2,0.9,0.8999999995678082,0.75,672,True,False,0.8541444342990872,672,0.23287256033150783,0.9254279888846213,784,5,0.26417477424346936,0.26242193368459105,tiles_2s,Tiles (2s),270,0.90285445934569,761,1,0.24756815731229334,0.25289412476956596,0.0028544597778817904,True,False,False,True,135,0.24756816029548645,0.9028544425964355,0.7239835,0.7678208,0.7101439833641052,0.7546367913484573,0.0361075,0.03902965,20.050778924046252,True,True,False,4.270146347700443,5.660264812372995,True,135,0.0,0.0
145,0,bdf33cf528fe573c3eaeabbb0701e56e4903474747408b891ca6a4fda87bd4d8,42,model.layers.20.mlp.up_proj,up_proj,0,0.729391486999306,896x4864,2,896,4864,9.5,0,0.5,0.5000000000582077,0.25,224,False,False,0.3300108017283492,224,0.442857406885723,0.5118085340363905,385,21,0.7284565347022307,0.7408846726655144,tiles_half_s,Tiles (s/2),12,0.5024542319588363,384,18,0.7319585080107063,0.735395828335938,0.002454231900628656,True,False,False,True,0,0.7319585680961609,0.5024541020393372,0.717175,0.8151079,0.7045120000839233,0.8016752153635025,0.107476,0.1161111,6.67288510923369,True,True,False,-0.952602290340332,1.2047981263661467,True,0,0.0,0.0
145,0,bdf33cf528fe573c3eaeabbb0701e56e4903474747408b891ca6a4fda87bd4d8,42,model.layers.20.mlp.up_proj,up_proj,0,0.729391486999306,896x4864,2,896,4864,9.5,0,0.5,0.5000000000582077,0.25,224,False,False,0.3300108017283492,224,0.442857406885723,0.5118085340363905,385,21,0.7284565347022307,0.7408846726655144,tiles_s,Tiles (s),25,0.5007692684303038,400,9,0.7064081079682485,0.7242084743872422,0.0007692683720961213,True,False,False,True,12,0.7064081430435181,0.5007692575454712,0.6606595,0.7552484999999999,0.6487039923667908,0.7436976194381713,0.068037,0.07370294999999999,9.71029733821303,True,True,False,0.5831590647649154,4.653432034601012,True,12,0.0,0.0
145,0,bdf33cf528fe573c3eaeabbb0701e56e4903474747408b891ca6a4fda87bd4d8,42,model.layers.20.mlp.up_proj,up_proj,0,0.729391486999306,896x4864,2,896,4864,9.5,0,0.5,0.5000000000582077,0.25,224,False,False,0.3300108017283492,224,0.442857406885723,0.5118085340363905,385,21,0.7284565347022307,0.7408846726655144,tiles_2s,Tiles (2s),50,0.5123178421054035,425,4,0.7505586147162641,0.7667054843304844,0.012317842047195882,True,False,False,True,25,0.7505586743354797,0.5123177766799927,0.627723,0.671022,0.6164479851722717,0.6600912094116211,0.048706,0.05606564999999998,12.8880014782573,True,True,False,-5.250683850874993,-1.3057284632364219,True,25,0.0,0.0
145,0,bdf33cf528fe573c3eaeabbb0701e56e4903474747408b891ca6a4fda87bd4d8,42,model.layers.20.mlp.up_proj,up_proj,0,0.729391486999306,896x4864,2,896,4864,9.5,1,0.7,0.7000000000814907,0.5,448,False,False,0.5791985606192611,448,0.8530501933367491,0.7178493593237363,588,23,1.0847759141401647,1.0871089005305605,tiles_half_s,Tiles (s/2),12,0.7004819337744266,576,16,1.0477463236721591,1.065488158510899,0.0004819336929359208,True,False,False,True,0,1.0477464199066162,0.7004817724227905,0.7161934999999999,0.7636072999999999,0.7034879922866821,0.7378432154655457,0.1134975,0.1259556,6.310213881363025,True,True,False,1.7780405499281282,3.6208494695600946,True,0,0.0,0.0
145,0,bdf33cf528fe573c3eaeabbb0701e56e4903474747408b891ca6a4fda87bd4d8,42,model.layers.20.mlp.up_proj,up_proj,0,0.729391486999306,896x4864,2,896,4864,9.5,1,0.7,0.7000000000814907,0.5,448,False,False,0.5791985606192611,448,0.8530501933367491,0.7178493593237363,588,23,1.0847759141401647,1.0871089005305605,tiles_s,Tiles (s),25,0.7095157964504324,600,9,1.0596121619523728,1.0850110552486467,0.009515796368941731,True,False,False,True,0,1.0596121549606323,0.7095159888267517,0.6711389999999999,0.73901595,0.6583679914474487,0.7272447943687439,0.06818250000000001,0.07541479999999999,9.843273567264326,True,True,False,-0.021676468422371364,2.5293453640907515,True,0,0.0,0.0
145,0,bdf33cf528fe573c3eaeabbb0701e56e4903474747408b891ca6a4fda87bd4d8,42,model.layers.20.mlp.up_proj,up_proj,0,0.729391486999306,896x4864,2,896,4864,9.5,1,0.7,0.7000000000814907,0.5,448,False,False,0.5791985606192611,448,0.8530501933367491,0.7178493593237363,588,23,1.0847759141401647,1.0871089005305605,tiles_2s,Tiles (2s),50,0.725575995980762,625,3,1.1037626687003883,1.1275080651918887,0.025575995899271287,True,False,False,True,25,1.1037626266479492,0.7255759239196777,0.7051780000000001,0.7549497,0.6926400065422058,0.7424512177705764,0.050474,0.05291655,13.97111384078932,True,True,False,-3.9392606799898644,-1.5319319124054598,True,25,0.0,0.0
145,0,bdf33cf528fe573c3eaeabbb0701e56e4903474747408b891ca6a4fda87bd4d8,42,model.layers.20.mlp.up_proj,up_proj,0,0.729391486999306,896x4864,2,896,4864,9.5,2,0.9,0.9000000001047738,0.75,672,False,False,0.8008794063935056,672,1.2369784389943062,0.9066691849147901,788,24,1.442376132773347,1.4324954853993814,tiles_half_s,Tiles (s/2),12,0.9053768144221976,792,8,1.404416169285042,1.4324458209864868,0.0053768143174238725,True,False,False,True,6,1.4044162034988403,0.9053767919540405,0.743159,0.8047811,0.7296000123023987,0.7921152114868164,0.116974,0.13171585,6.35319814659668,True,True,False,0.688468947955112,1.9601678609486695,True,6,0.0,0.0
145,0,bdf33cf528fe573c3eaeabbb0701e56e4903474747408b891ca6a4fda87bd4d8,42,model.layers.20.mlp.up_proj,up_proj,0,0.729391486999306,896x4864,2,896,4864,9.5,2,0.9,0.9000000001047738,0.75,672,False,False,0.8008794063935056,672,1.2369784389943062,0.9066691849147901,788,24,1.442376132773347,1.4324954853993814,tiles_s,Tiles (s),25,0.9074458807590418,796,4,1.4057521348568145,1.4359942718283896,0.007445880654267989,True,False,False,True,0,1.405752182006836,0.9074458479881287,0.7257165000000001,0.7862972,0.7132160067558289,0.7610368132591248,0.07238549999999999,0.08520225,10.025716476366126,True,True,False,0.44245469679858873,1.8669064450915762,True,0,0.0,0.0
145,0,bdf33cf528fe573c3eaeabbb0701e56e4903474747408b891ca6a4fda87bd4d8,42,model.layers.20.mlp.up_proj,up_proj,0,0.729391486999306,896x4864,2,896,4864,9.5,2,0.9,0.9000000001047738,0.75,672,False,False,0.8008794063935056,672,1.2369784389943062,0.9066691849147901,788,24,1.442376132773347,1.4324954853993814,tiles_2s,Tiles (2s),50,0.9007654482848011,796,3,1.4057521348568145,1.4359942718283896,0.0007654481800273283,True,False,False,True,0,1.405752182006836,0.9007653594017029,0.659187,0.7826278999999999,0.6456000208854675,0.7700479835271835,0.051200999999999997,0.056700899999999985,12.874494638776588,True,True,False,0.44245469679858873,1.8669064450915762,True,0,0.0,0.0
146,0,bdf33cf528fe573c3eaeabbb0701e56e4903474747408b891ca6a4fda87bd4d8,42,model.layers.20.mlp.down_proj,down_proj,0,0.8825776824239729,4864x896,3,4864,896,1.75,0,0.5,0.49999999988540367,0.25,1216,False,False,0.2956961408344796,1212,0.4152592938889857,0.5095238178546424,2202,18,0.7509783923282805,0.7531402995610207,tiles_half_s,Tiles (s/2),68,0.5038106924694148,2244,19,0.7904439339558343,0.7889451895972466,0.0038106925840111217,True,False,False,True,34,0.7904438972473145,0.5038105249404907,0.7263525,0.80654435,0.7137280106544495,0.7891312122344971,0.1229995,0.17756565,5.905328883450745,True,True,False,-5.055644430894546,-4.9530790500198485,True,34,0.0,0.0
146,0,bdf33cf528fe573c3eaeabbb0701e56e4903474747408b891ca6a4fda87bd4d8,42,model.layers.20.mlp.down_proj,down_proj,0,0.8825776824239729,4864x896,3,4864,896,1.75,0,0.5,0.49999999988540367,0.25,1216,False,False,0.2956961408344796,1212,0.4152592938889857,0.5095238178546424,2202,18,0.7509783923282805,0.7531402995610207,tiles_s,Tiles (s),135,0.5057804366006167,2295,9,0.7466083062177572,0.7609762387301473,0.005780436715213,True,False,False,True,67,0.746608316898346,0.5057807564735413,0.732178,0.8345947,0.7183359861373901,0.8213503956794739,0.084453,0.10146654999999996,8.669650574875966,True,True,False,-1.3313094629620714,0.8673009991725045,True,67,0.0,0.0
146,0,bdf33cf528fe573c3eaeabbb0701e56e4903474747408b891ca6a4fda87bd4d8,42,model.layers.20.mlp.down_proj,down_proj,0,0.8825776824239729,4864x896,3,4864,896,1.75,0,0.5,0.49999999988540367,0.25,1216,False,False,0.2956961408344796,1212,0.4152592938889857,0.5095238178546424,2202,18,0.7509783923282805,0.7531402995610207,tiles_2s,Tiles (2s),270,0.522892789413163,2430,5,0.7905264418776253,0.80753314479638,0.022892789527759305,True,False,False,True,0,0.7905264496803284,0.5228927135467529,0.7129175,0.8903384999999999,0.7004159986972809,0.8650239914655685,0.06662000000000001,0.07835969999999998,10.701253377364152,True,True,False,-7.530809547364115,-4.964034236170312,True,0,0.0,0.0
146,0,bdf33cf528fe573c3eaeabbb0701e56e4903474747408b891ca6a4fda87bd4d8,42,model.layers.20.mlp.down_proj,down_proj,0,0.8825776824239729,4864x896,3,4864,896,1.75,1,0.7,0.6999999998395651,0.5,2432,False,False,0.5585559408791596,2430,0.8376951350069629,0.7110106580512365,3198,26,1.0890640227052526,1.0896477147517274,tiles_half_s,Tiles (s/2),68,0.70000166092359,3196,18,1.0891614068875186,1.0970248082206973,1.6610840248842962e-06,True,False,False,True,0,1.0891613960266113,0.7000017166137695,0.720732,0.8220021,0.7080959975719452,0.8093184173107146,0.1285055,0.16416139999999999,5.608569283026797,True,True,False,-0.7309749793836584,0.04462982463278031,True,0,0.0,0.0
146,0,bdf33cf528fe573c3eaeabbb0701e56e4903474747408b891ca6a4fda87bd4d8,42,model.layers.20.mlp.down_proj,down_proj,0,0.8825776824239729,4864x896,3,4864,896,1.75,1,0.7,0.6999999998395651,0.5,2432,False,False,0.5585559408791596,2430,0.8376951350069629,0.7110106580512365,3198,26,1.0890640227052526,1.0896477147517274,tiles_s,Tiles (s),135,0.716901048370346,3375,8,1.0979533914967017,1.120726835428422,0.016901048530780893,True,False,False,True,0,1.09795343875885,0.7169012427330017,0.7217644999999999,0.774454,0.7070720195770264,0.7613439828157424,0.087298,0.12114094999999991,8.267824005131846,True,True,False,-2.907341723080581,-0.7622350446416348,True,0,0.0,0.0
146,0,bdf33cf528fe573c3eaeabbb0701e56e4903474747408b891ca6a4fda87bd4d8,42,model.layers.20.mlp.down_proj,down_proj,0,0.8825776824239729,4864x896,3,4864,896,1.75,1,0.7,0.6999999998395651,0.5,2432,False,False,0.5585559408791596,2430,0.8376951350069629,0.7110106580512365,3198,26,1.0890640227052526,1.0896477147517274,tiles_2s,Tiles (2s),270,0.7409068856359227,3510,5,1.1418715271565698,1.1664367647058822,0.040906885796357595,True,False,False,True,0,1.1418715715408325,0.7409069538116455,0.7278405,0.8227651999999999,0.7152640223503113,0.8101888060569762,0.069119,0.07609869999999999,10.530252173787236,True,True,False,-7.10451730913253,-4.792724446427288,True,0,0.0,0.0
146,0,bdf33cf528fe573c3eaeabbb0701e56e4903474747408b891ca6a4fda87bd4d8,42,model.layers.20.mlp.down_proj,down_proj,0,0.8825776824239729,4864x896,3,4864,896,1.75,2,0.9,0.8999999997937266,0.75,3648,False,False,0.7954686709963426,3648,1.2510312779011603,0.9031845390018134,4278,35,1.4649692348859384,1.471980965893136,tiles_half_s,Tiles (s/2),68,0.9000123711775814,4284,9,1.404655551624384,1.431643702352762,1.2371383854792306e-05,True,False,False,True,0,1.4046554565429688,0.9000124931335449,0.7261169999999999,0.8903612,0.7137280106544495,0.8612351894378661,0.1326725,0.143645,5.473003071472987,True,True,False,2.274828149259478,4.57379652514065,True,0,0.0,0.0
146,0,bdf33cf528fe573c3eaeabbb0701e56e4903474747408b891ca6a4fda87bd4d8,42,model.layers.20.mlp.down_proj,down_proj,0,0.8825776824239729,4864x896,3,4864,896,1.75,2,0.9,0.8999999997937266,0.75,3648,False,False,0.7954686709963426,3648,1.2510312779011603,0.9031845390018134,4278,35,1.4649692348859384,1.471980965893136,tiles_s,Tiles (s),135,0.9002565749033238,4320,5,1.4053803411157781,1.435614479638009,0.0002565751095972013,True,False,False,True,0,1.405380368232727,0.9002565741539001,0.706325,0.80609205,0.6952959895133972,0.7763248085975647,0.090264,0.10522634999999995,7.825101923247363,True,True,False,2.003779639114056,4.524557471906398,True,0,0.0,0.0
146,0,bdf33cf528fe573c3eaeabbb0701e56e4903474747408b891ca6a4fda87bd4d8,42,model.layers.20.mlp.down_proj,down_proj,0,0.8825776824239729,4864x896,3,4864,896,1.75,2,0.9,0.8999999997937266,0.75,3648,False,False,0.7954686709963426,3648,1.2510312779011603,0.9031845390018134,4278,35,1.4649692348859384,1.471980965893136,tiles_2s,Tiles (2s),270,0.9486748417912167,4590,2,1.4932166124355144,1.5253403846153846,0.04867484199749017,True,False,False,True,0,1.493216633796692,0.9486750364303589,0.7231565,0.8653615499999999,0.7101439833641052,0.8503295987844466,0.0703365,0.0874272,10.281383065691355,True,True,False,-4.120984133441308,-1.4426576860994578,True,0,0.0,0.0
160,0,bdf33cf528fe573c3eaeabbb0701e56e4903474747408b891ca6a4fda87bd4d8,42,model.layers.22.mlp.down_proj,down_proj,0,1.3710283130832395,4864x896,3,4864,896,1.75,0,0.5,0.4999999991596269,0.25,1216,False,False,0.31873821352928644,1212,0.42764852250207813,0.5066753196260834,2118,21,0.7357419770442533,0.7476929827644386,tiles_half_s,Tiles (s/2),68,0.5051751521168626,2176,16,0.7408554229861039,0.7473969598712472,0.005175152957235696,True,False,False,True,34,0.7408554553985596,0.5051752328872681,0.7194745,0.7908327,0.7070879936218262,0.7749119997024536,0.1208855,0.14507785,5.951702230623193,True,True,False,-1.5841127991386816,0.9144876220523512,True,34,0.0,0.0
160,0,bdf33cf528fe573c3eaeabbb0701e56e4903474747408b891ca6a4fda87bd4d8,42,model.layers.22.mlp.down_proj,down_proj,0,1.3710283130832395,4864x896,3,4864,896,1.75,0,0.5,0.4999999991596269,0.25,1216,False,False,0.31873821352928644,1212,0.42764852250207813,0.5066753196260834,2118,21,0.7357419770442533,0.7476929827644386,tiles_s,Tiles (s),135,0.5178975203161826,2295,8,0.7466083062177571,0.7612585643264048,0.01789752115655574,True,False,False,True,67,0.746608316898346,0.5178976058959961,0.6915724999999999,0.7832538499999999,0.6804479956626892,0.7629680037498473,0.0839565,0.10385724999999994,8.237271682359316,True,True,False,-3.4681434631011587,0.14506977752702932,True,67,0.0,0.0
160,0,bdf33cf528fe573c3eaeabbb0701e56e4903474747408b891ca6a4fda87bd4d8,42,model.layers.22.mlp.down_proj,down_proj,0,1.3710283130832395,4864x896,3,4864,896,1.75,0,0.5,0.4999999991596269,0.25,1216,False,False,0.31873821352928644,1212,0.42764852250207813,0.5066753196260834,2118,21,0.7357419770442533,0.7476929827644386,tiles_2s,Tiles (2s),270,0.5073641631788632,2295,4,0.7466083062177572,0.7623878667114348,0.007364164019236341,True,False,False,True,135,0.746608316898346,0.5073642730712891,0.7076125,0.84275845,0.6952959895133972,0.8296447992324829,0.06684999999999999,0.10718859999999995,10.585078534031414,True,True,False,-3.621635097432918,0.14506977752700712,True,135,0.0,0.0
160,0,bdf33cf528fe573c3eaeabbb0701e56e4903474747408b891ca6a4fda87bd4d8,42,model.layers.22.mlp.down_proj,down_proj,0,1.3710283130832395,4864x896,3,4864,896,1.75,1,0.7,0.6999999988234776,0.5,2432,True,False,0.5678464830089069,2430,0.8435996335207551,0.709999647726363,3180,30,1.0960393160348478,1.1056480106167403,tiles_half_s,Tiles (s/2),68,0.7015840031344851,3196,16,1.0562012668338068,1.0742251750923189,0.0015840043110074697,True,False,False,True,34,1.0562012195587158,0.7015840411186218,0.720717,0.7899956999999999,0.7080959975719452,0.7726079910993575,0.12716699999999997,0.134709,5.667484488900424,True,True,False,1.9902699313238292,4.472195789992128,True,34,0.0,0.0
160,0,bdf33cf528fe573c3eaeabbb0701e56e4903474747408b891ca6a4fda87bd4d8,42,model.layers.22.mlp.down_proj,down_proj,0,1.3710283130832395,4864x896,3,4864,896,1.75,1,0.7,0.6999999988234776,0.5,2432,True,False,0.5678464830089069,2430,0.8435996335207551,0.709999647726363,3180,30,1.0960393160348478,1.1056480106167403,tiles_s,Tiles (s),135,0.7015120344985917,3240,9,1.0540352558368338,1.0752992317472192,0.001512035675114043,True,False,False,True,0,1.0540353059768677,0.7015120983123779,0.7162435,0.7604806499999999,0.7039999961853027,0.7386111885309219,0.08542,0.09258599999999999,8.384962538047297,True,True,False,1.8922755766335286,4.668099999665943,False,67,-0.000564651192515031,2.220446049250313e-16
160,0,bdf33cf528fe573c3eaeabbb0701e56e4903474747408b891ca6a4fda87bd4d8,42,model.layers.22.mlp.down_proj,down_proj,0,1.3710283130832395,4864x896,3,4864,896,1.75,1,0.7,0.6999999988234776,0.5,2432,True,False,0.5678464830089069,2430,0.8435996335207551,0.709999647726363,3180,30,1.0960393160348478,1.1056480106167403,tiles_2s,Tiles (2s),270,0.7205859759451414,3375,3,1.0979533914967017,1.1212914866209371,0.020585977121663768,True,False,False,True,135,1.09795343875885,0.7205860614776611,0.7114644999999999,0.75188555,0.6988800168037415,0.7406592041254043,0.067386,0.07467834999999999,10.558046181699462,True,True,False,-2.303947515080429,0.695937499652044,True,135,0.0,0.0
160,0,bdf33cf528fe573c3eaeabbb0701e56e4903474747408b891ca6a4fda87bd4d8,42,model.layers.22.mlp.down_proj,down_proj,0,1.3710283130832395,4864x896,3,4864,896,1.75,2,0.9,0.8999999984873285,0.75,3648,False,False,0.7966821519148652,3648,1.2602161806611714,0.9073633131629322,4290,33,1.464554944481662,1.464076430909756,tiles_half_s,Tiles (s/2),68,0.9010443717706949,4284,6,1.3936688382731468,1.4237983252668795,0.0010443732833663733,True,False,False,True,34,1.3936688899993896,0.9010441303253174,0.7119405,0.7554086499999999,0.6988800168037415,0.730675220489502,0.1300635,0.1370586,5.473791647925821,True,True,False,2.782867202650907,4.809010728549124,True,34,0.0,0.0
160,0,bdf33cf528fe573c3eaeabbb0701e56e4903474747408b891ca6a4fda87bd4d8,42,model.layers.22.mlp.down_proj,down_proj,0,1.3710283130832395,4864x896,3,4864,896,1.75,2,0.9,0.8999999984873285,0.75,3648,False,False,0.7966821519148652,3648,1.2602161806611714,0.9073633131629322,4290,33,1.464554944481662,1.464076430909756,tiles_s,Tiles (s),135,0.9022660515911411,4320,3,1.4053803411157781,1.435614479638009,0.0022660531038126708,True,False,False,True,0,1.405380368232727,0.9022660851478577,0.7086245,0.7377024999999999,0.696832001209259,0.7183871865272522,0.0879845,0.10117104999999997,8.053969733305298,True,True,False,1.97605866223719,4.009086448957111,True,0,0.0,0.0
160,0,bdf33cf528fe573c3eaeabbb0701e56e4903474747408b891ca6a4fda87bd4d8,42,model.layers.22.mlp.down_proj,down_proj,0,1.3710283130832395,4864x896,3,4864,896,1.75,2,0.9,0.8999999984873285,0.75,3648,False,False,0.7966821519148652,3648,1.2602161806611714,0.9073633131629322,4290,33,1.464554944481662,1.464076430909756,tiles_2s,Tiles (2s),270,0.9265168226484093,4455,2,1.4492984767756463,1.4804774321266967,0.02651682416108081,True,False,False,True,135,1.4492985010147095,0.9265167713165283,0.7011805,0.7437594999999999,0.6891520023345947,0.7309312164783477,0.068002,0.07463305,10.311174671333195,True,True,False,-1.087189504567898,1.0093704004870085,True,135,0.0,0.0
161,0,bdf33cf528fe573c3eaeabbb0701e56e4903474747408b891ca6a4fda87bd4d8,42,model.layers.23.self_attn.q_proj,q_proj,0,1.4506000822758085,896x896,0,896,896,1.75,0,0.5,0.4999999997962732,0.25,224,True,False,0.3268343691888731,224,0.08845520780829452,0.5110758403025102,372,4,0.13121569427304927,0.13477573027946776,tiles_half_s,Tiles (s/2),68,0.5151576563366689,408,3,0.13822372222544216,0.13958215032168014,0.015157656540395692,True,False,False,True,0,0.13822372257709503,0.51515793800354,0.7108885,0.7481372999999999,0.6952959895133972,0.7191552191972732,0.043540999999999996,0.05011939999999999,16.32687581819435,True,True,False,-6.376109271823038,-2.5583181325188997,True,0,0.0,0.0
161,0,bdf33cf528fe573c3eaeabbb0701e56e4903474747408b891ca6a4fda87bd4d8,42,model.layers.23.self_attn.q_proj,q_proj,0,1.4506000822758085,896x896,0,896,896,1.75,0,0.5,0.4999999997962732,0.25,224,True,False,0.3268343691888731,224,0.08845520780829452,0.5110758403025102,372,4,0.13121569427304927,0.13477573027946776,tiles_s,Tiles (s),135,0.5805588529910892,472,2,0.15912633731475567,0.16055957195145457,0.08055885319481604,True,False,False,True,67,0.15912634134292603,0.5805590152740479,0.7162035,0.8053492,0.7039999961853027,0.78090241253376,0.037835,0.04188769999999999,18.929655081273953,True,True,False,-22.363085331349964,-18.067501459495027,True,67,0.0,0.0
161,0,bdf33cf528fe573c3eaeabbb0701e56e4903474747408b891ca6a4fda87bd4d8,42,model.layers.23.self_attn.q_proj,q_proj,0,1.4506000822758085,896x896,0,896,896,1.75,0,0.5,0.4999999997962732,0.25,224,True,False,0.3268343691888731,224,0.08845520780829452,0.5110758403025102,372,4,0.13121569427304927,0.13477573027946776,tiles_2s,Tiles (2s),270,0.6213643437658902,540,1,0.17567254263947227,0.17945180995475113,0.12136434396961704,True,False,False,True,0,0.17567254602909088,0.6213642358779907,0.6520085,0.7800884499999999,0.6420480012893677,0.7683071762323379,0.0352555,0.038649649999999994,18.493809476535574,True,True,False,-36.76093469530131,-30.34434484250379,True,0,0.0,0.0
161,0,bdf33cf528fe573c3eaeabbb0701e56e4903474747408b891ca6a4fda87bd4d8,42,model.layers.23.self_attn.q_proj,q_proj,0,1.4506000822758085,896x896,0,896,896,1.75,1,0.7,0.6999999997147824,0.5,448,True,False,0.608850536722457,448,0.17515114830785813,0.7214275749574881,560,6,0.1967881170165518,0.2026499032834105,tiles_half_s,Tiles (s/2),68,0.7257374381879345,612,2,0.2045889050003539,0.2072277566787323,0.02573743847315202,True,False,False,True,0,0.2045889049768448,0.7257375717163086,0.707357,0.7683914999999999,0.6952959895133972,0.7461376011371611,0.044934,0.04835905,15.74213290603997,True,True,False,-5.3050152724935185,-0.9568234109796903,True,0,0.0,0.0
161,0,bdf33cf528fe573c3eaeabbb0701e56e4903474747408b891ca6a4fda87bd4d8,42,model.layers.23.self_attn.q_proj,q_proj,0,1.4506000822758085,896x896,0,896,896,1.75,1,0.7,0.6999999997147824,0.5,448,True,False,0.608850536722457,448,0.17515114830785813,0.7214275749574881,560,6,0.1967881170165518,0.2026499032834105,tiles_s,Tiles (s),135,0.7240858232253231,607,2,0.20304447297462372,0.20542252444014236,0.02408582351054067,True,False,False,True,67,0.20304447412490845,0.7240859866142273,0.6373165000000001,0.72576995,0.624127984046936,0.71075838804245,0.038166500000000006,0.0422936,16.698321826732865,True,True,False,-4.387667077918289,-0.19470509722443463,True,67,0.0,0.0
161,0,bdf33cf528fe573c3eaeabbb0701e56e4903474747408b891ca6a4fda87bd4d8,42,model.layers.23.self_attn.q_proj,q_proj,0,1.4506000822758085,896x896,0,896,896,1.75,1,0.7,0.6999999997147824,0.5,448,True,False,0.608850536722457,448,0.17515114830785813,0.7214275749574881,560,6,0.1967881170165518,0.2026499032834105,tiles_2s,Tiles (2s),270,0.7309640973981004,626,2,0.20365002165242527,0.20774884668462065,0.03096409768331798,True,False,False,True,135,0.20365002751350403,0.7309641242027283,0.7147355,0.7808522,0.7029759883880615,0.768256002664566,0.035106,0.04282254999999999,20.359354526291803,True,True,False,-5.56981276829176,-0.49352027946250043,True,135,0.0,0.0
161,0,bdf33cf528fe573c3eaeabbb0701e56e4903474747408b891ca6a4fda87bd4d8,42,model.layers.23.self_attn.q_proj,q_proj,0,1.4506000822758085,896x896,0,896,896,1.75,2,0.9,0.8999999996332918,0.75,672,True,False,0.8350596195959952,672,0.23484017865564855,0.9292984316998627,796,5,0.2707184754518115,0.2723825458385862,tiles_half_s,Tiles (s/2),68,0.9256750142667443,816,1,0.265460731099647,0.2711716239316239,0.025675014633452453,True,False,False,True,34,0.265460729598999,0.925675094127655,0.6303080000000001,0.7015756999999999,0.6190080046653748,0.689868801832199,0.045936000000000005,0.05077419999999999,13.721438523162663,True,True,False,-0.16738734918484433,2.5412108245148057,True,34,0.0,0.0
161,0,bdf33cf528fe573c3eaeabbb0701e56e4903474747408b891ca6a4fda87bd4d8,42,model.layers.23.self_attn.q_proj,q_proj,0,1.4506000822758085,896x896,0,896,896,1.75,2,0.9,0.8999999996332918,0.75,672,True,False,0.8350596195959952,672,0.23484017865564855,0.9292984316998627,796,5,0.2707184754518115,0.2723825458385862,tiles_s,Tiles (s),135,0.9146849776152521,810,1,0.26350881395920844,0.26917771493212667,0.014684977981960334,True,False,False,True,0,0.2635088264942169,0.9146848917007446,0.7169955,0.7855135499999999,0.7024639844894409,0.7721472054719924,0.038231,0.040831599999999996,18.754296251732885,True,True,False,0.5691375577944524,3.2578195684521916,True,0,0.0,0.0
161,0,bdf33cf528fe573c3eaeabbb0701e56e4903474747408b891ca6a4fda87bd4d8,42,model.layers.23.self_attn.q_proj,q_proj,0,1.4506000822758085,896x896,0,896,896,1.75,2,0.9,0.8999999996332918,0.75,672,True,False,0.8350596195959952,672,0.23484017865564855,0.9292984316998627,796,5,0.2707184754518115,0.2723825458385862,tiles_2s,Tiles (2s),270,0.9146849776152521,810,1,0.26350881395920844,0.26917771493212667,0.014684977981960334,True,False,False,True,0,0.2635088264942169,0.9146848917007446,0.7094754999999999,0.7558322499999999,0.696832001209259,0.7436288207769394,0.0351305,0.0386756,20.195428473833275,True,True,False,0.5691375577944524,3.2578195684521916,True,0,0.0,0.0
162,0,bdf33cf528fe573c3eaeabbb0701e56e4903474747408b891ca6a4fda87bd4d8,42,model.layers.23.self_attn.k_proj,k_proj,0,1.4506000822758085,896x128,1,896,128,0.25,0,0.5,0.4999999997962732,0.25,224,True,False,0.29034795629559085,224,0.018949429657794677,0.9472519722476136,832,1,0.04029536541889483,0.03998119852856752,tiles_half_s,Tiles (s/2),472,0.5011580876016524,424,1,0.025808797914480035,0.024313751263902932,0.001158087805379182,True,False,False,True,0,0.025808798149228096,0.5011581182479858,0.7122014999999999,0.7486284999999999,0.6978560090065002,0.7373983979225158,0.0328365,0.03550155,21.689324379882144,True,True,False,39.66117192102193,35.447663240913016,True,0,0.0,0.0
162,0,bdf33cf528fe573c3eaeabbb0701e56e4903474747408b891ca6a4fda87bd4d8,42,model.layers.23.self_attn.k_proj,k_proj,0,1.4506000822758085,896x128,1,896,128,0.25,0,0.5,0.4999999997962732,0.25,224,True,False,0.29034795629559085,224,0.018949429657794677,0.9472519722476136,832,1,0.04029536541889483,0.03998119852856752,tiles_s,Tiles (s),896,0.5309332305041607,448,1,0.026642468538838122,0.025773178458289338,0.03093323070788756,True,False,False,True,448,0.026642467826604843,0.5309332609176636,0.7048575,0.76173135,0.6927359998226166,0.7487488061189651,0.032576,0.0347646,21.637325024557956,True,True,False,36.03934797373972,33.36250657968284,True,448,0.0,0.0
162,0,bdf33cf528fe573c3eaeabbb0701e56e4903474747408b891ca6a4fda87bd4d8,42,model.layers.23.self_attn.k_proj,k_proj,0,1.4506000822758085,896x128,1,896,128,0.25,0,0.5,0.4999999997962732,0.25,224,True,False,0.29034795629559085,224,0.018949429657794677,0.9472519722476136,832,1,0.04029536541889483,0.03998119852856752,tiles_2s,Tiles (2s),896,0.5309332305041607,448,1,0.026642468538838122,0.025773178458289338,0.03093323070788756,True,False,False,True,448,0.026642467826604843,0.5309332609176636,0.7060489999999999,0.7771077499999999,0.6917120218276978,0.7664495795965194,0.0324555,0.03673115,21.75437137002973,True,True,False,36.03934797373972,33.36250657968284,True,448,0.0,0.0
162,0,bdf33cf528fe573c3eaeabbb0701e56e4903474747408b891ca6a4fda87bd4d8,42,model.layers.23.self_attn.k_proj,k_proj,0,1.4506000822758085,896x128,1,896,128,0.25,1,0.7,0.6999999997147824,0.5,448,True,False,0.5653891019755974,448,0.03634124909539145,0.9472519722476136,832,1,0.04029536541889483,0.03998119852856752,tiles_half_s,Tiles (s/2),472,0.8026031946355943,708,1,0.0356739003027174,0.03657105263157895,0.10260319492081182,True,False,False,True,236,0.035673901438713074,0.8026031851768494,0.7135585,0.7796774499999998,0.6999039947986603,0.7667199999094008,0.033326999999999996,0.041420849999999974,21.410823056380714,True,True,False,9.242533846260937,10.773309416355914,True,236,0.0,0.0
162,0,bdf33cf528fe573c3eaeabbb0701e56e4903474747408b891ca6a4fda87bd4d8,42,model.layers.23.self_attn.k_proj,k_proj,0,1.4506000822758085,896x128,1,896,128,0.25,1,0.7,0.6999999997147824,0.5,448,True,False,0.5653891019755974,448,0.03634124909539145,0.9472519722476136,832,1,0.04029536541889483,0.03998119852856752,tiles_s,Tiles (s),896,0.9999999995925464,896,1,0.04220432019352241,0.043105703422053235,0.29999999987776393,True,False,False,True,0,0.042204320430755615,1.0,0.710397,0.7596506499999999,0.6952959895133972,0.7471103936433792,0.032105,0.03880299999999998,22.127301043451173,True,True,False,-6.974345495922996,-5.560417763280445,True,0,0.0,0.0
162,0,bdf33cf528fe573c3eaeabbb0701e56e4903474747408b891ca6a4fda87bd4d8,42,model.layers.23.self_attn.k_proj,k_proj,0,1.4506000822758085,896x128,1,896,128,0.25,1,0.7,0.6999999997147824,0.5,448,True,False,0.5653891019755974,448,0.03634124909539145,0.9472519722476136,832,1,0.04029536541889483,0.03998119852856752,tiles_2s,Tiles (2s),896,0.9999999995925464,896,1,0.04220432019352241,0.043105703422053235,0.29999999987776393,True,False,False,True,0,0.042204320430755615,1.0,0.7095910000000001,0.75706005,0.6963199973106384,0.7441407978534698,0.032125,0.03422505,22.088435797665372,True,True,False,-6.974345495922996,-5.560417763280445,True,0,0.0,0.0
162,0,bdf33cf528fe573c3eaeabbb0701e56e4903474747408b891ca6a4fda87bd4d8,42,model.layers.23.self_attn.k_proj,k_proj,0,1.4506000822758085,896x128,1,896,128,0.25,2,0.9,0.8999999996332918,0.75,672,True,False,0.7811195275280625,672,0.04411609029795707,0.9472519722476136,832,1,0.04029536541889483,0.03998119852856752,tiles_half_s,Tiles (s/2),472,0.9999999995925464,896,1,0.04220432019352241,0.043105703422053235,0.09999999995925457,True,False,False,True,0,0.042204320430755615,1.0,0.710763,0.7650456999999999,0.6983680129051208,0.7530495792627334,0.034149,0.038193599999999994,20.81358165685672,True,True,False,-6.974345495922996,-5.560417763280445,True,0,0.0,0.0
162,0,bdf33cf528fe573c3eaeabbb0701e56e4903474747408b891ca6a4fda87bd4d8,42,model.layers.23.self_attn.k_proj,k_proj,0,1.4506000822758085,896x128,1,896,128,0.25,2,0.9,0.8999999996332918,0.75,672,True,False,0.7811195275280625,672,0.04411609029795707,0.9472519722476136,832,1,0.04029536541889483,0.03998119852856752,tiles_s,Tiles (s),896,0.9999999995925464,896,1,0.04220432019352241,0.043105703422053235,0.09999999995925457,True,False,False,True,0,0.042204320430755615,1.0,0.6596375,0.72624315,0.6487039923667908,0.7143936157226562,0.032421000000000005,0.0348355,20.345994879861813,True,True,False,-6.974345495922996,-5.560417763280445,True,0,0.0,0.0
162,0,bdf33cf528fe573c3eaeabbb0701e56e4903474747408b891ca6a4fda87bd4d8,42,model.layers.23.self_attn.k_proj,k_proj,0,1.4506000822758085,896x128,1,896,128,0.25,2,0.9,0.8999999996332918,0.75,672,True,False,0.7811195275280625,672,0.04411609029795707,0.9472519722476136,832,1,0.04029536541889483,0.03998119852856752,tiles_2s,Tiles (2s),896,0.9999999995925464,896,1,0.04220432019352241,0.043105703422053235,0.09999999995925457,True,False,False,True,0,0.042204320430755615,1.0,0.7084945,0.7504869,0.6963199973106384,0.7339696109294891,0.032516,0.035807149999999996,21.78910382580883,True,True,False,-6.974345495922996,-5.560417763280445,True,0,0.0,0.0
165,0,bdf33cf528fe573c3eaeabbb0701e56e4903474747408b891ca6a4fda87bd4d8,42,model.layers.23.mlp.gate_proj,gate_proj,0,0.6142905459144035,896x4864,2,896,4864,9.5,0,0.5,0.5000000217194156,0.25,224,False,False,0.31615523599748485,224,0.42880371146774626,0.521676958379885,393,21,0.7398558719104066,0.7514445005740502,tiles_half_s,Tiles (s/2),12,0.510513703354718,396,22,0.7817913287893039,0.7753819870642492,0.010513681635302419,True,False,False,True,0,0.7817913889884949,0.5105137228965759,0.715773,0.7551966499999999,0.7029759883880615,0.7319039970636367,0.10772100000000001,0.115078,6.644693235302308,True,True,False,-4.801761600149157,-4.038465674054548,True,0,0.0,0.0
165,0,bdf33cf528fe573c3eaeabbb0701e56e4903474747408b891ca6a4fda87bd4d8,42,model.layers.23.mlp.gate_proj,gate_proj,0,0.6142905459144035,896x4864,2,896,4864,9.5,0,0.5,0.5000000217194156,0.25,224,False,False,0.31615523599748485,224,0.42880371146774626,0.521676958379885,393,21,0.7398558719104066,0.7514445005740502,tiles_s,Tiles (s),25,0.5065048599076363,421,10,0.7452082731123088,0.7634861013825032,0.006504838188220674,True,False,False,True,0,0.7452082633972168,0.506505012512207,0.716434,0.7600113000000001,0.705024003982544,0.7481856018304824,0.065047,0.07209755,11.014097498731688,True,True,False,-3.1938963207901905,0.8298986095416794,True,0,0.0,0.0
165,0,bdf33cf528fe573c3eaeabbb0701e56e4903474747408b891ca6a4fda87bd4d8,42,model.layers.23.mlp.gate_proj,gate_proj,0,0.6142905459144035,896x4864,2,896,4864,9.5,0,0.5,0.5000000217194156,0.25,224,False,False,0.31615523599748485,224,0.42880371146774626,0.521676958379885,393,21,0.7398558719104066,0.7514445005740502,tiles_2s,Tiles (2s),50,0.5232886455646621,446,4,0.7876450403845972,0.8045897553209318,0.023288623845246548,True,False,False,True,0,0.7876450419425964,0.5232887268066406,0.734112,0.79221855,0.7208960056304932,0.777779221534729,0.048796,0.0556852,15.044511845233217,True,True,False,-8.749526207499535,-4.817460209355762,True,0,0.0,0.0
165,0,bdf33cf528fe573c3eaeabbb0701e56e4903474747408b891ca6a4fda87bd4d8,42,model.layers.23.mlp.gate_proj,gate_proj,0,0.6142905459144035,896x4864,2,896,4864,9.5,1,0.7,0.7000000304071818,0.5,448,False,False,0.5840363196489307,448,0.8547359024951164,0.7199590520626771,587,29,1.0968092704695351,1.1114715382946723,tiles_half_s,Tiles (s/2),12,0.7002001268715503,576,18,1.0527232109167368,1.0659402705848535,0.00020009646436847106,True,False,False,True,0,1.0527231693267822,0.700200080871582,0.7036555,0.7332451,0.6922240257263184,0.7174656063318252,0.113472,0.12166765,6.2011377256063165,True,True,False,2.8144364490525153,5.285634886168367,True,0,0.0,0.0
165,0,bdf33cf528fe573c3eaeabbb0701e56e4903474747408b891ca6a4fda87bd4d8,42,model.layers.23.mlp.gate_proj,gate_proj,0,0.6142905459144035,896x4864,2,896,4864,9.5,1,0.7,0.7000000304071818,0.5,448,False,False,0.5840363196489307,448,0.8547359024951164,0.7199590520626771,587,29,1.0968092704695351,1.1114715382946723,tiles_s,Tiles (s),25,0.7049277448836619,600,8,1.0596121619523728,1.0834490676499866,0.004927714476480105,True,False,False,True,12,1.0596122741699219,0.7049275636672974,0.7090155,0.7610342999999999,0.6963199973106384,0.7484928041696548,0.0691845,0.07514805,10.248184203109078,True,True,False,1.218097182368738,4.665830347924804,True,12,0.0,0.0
165,0,bdf33cf528fe573c3eaeabbb0701e56e4903474747408b891ca6a4fda87bd4d8,42,model.layers.23.mlp.gate_proj,gate_proj,0,0.6142905459144035,896x4864,2,896,4864,9.5,1,0.7,0.7000000304071818,0.5,448,False,False,0.5840363196489307,448,0.8547359024951164,0.7199590520626771,587,29,1.0968092704695351,1.1114715382946723,tiles_2s,Tiles (2s),50,0.7406849900303314,646,4,1.1408490943687213,1.1653923361823362,0.04068495962314955,True,False,False,True,0,1.1408491134643555,0.7406849265098572,0.69584,0.7303098499999999,0.6845439970493317,0.7191376149654388,0.054696999999999996,0.07038669999999995,12.721721483810814,True,True,False,-6.252961892220443,-2.643122658734276,True,0,0.0,0.0
165,0,bdf33cf528fe573c3eaeabbb0701e56e4903474747408b891ca6a4fda87bd4d8,42,model.layers.23.mlp.gate_proj,gate_proj,0,0.6142905459144035,896x4864,2,896,4864,9.5,2,0.9,0.9000000390949481,0.75,672,False,False,0.8009473039578552,672,1.2501286221111982,0.908315369875254,791,25,1.4434454576972051,1.4325819001322744,tiles_half_s,Tiles (s/2),12,0.9064554446536022,792,7,1.398688053777132,1.4287782202111614,0.006455405558654093,True,False,False,True,0,1.3986880779266357,0.906455397605896,0.7577915,0.8328219499999999,0.7464959919452667,0.8212991833686828,0.125299,0.14004655,6.047865505710341,True,True,False,1.0161268933183698,2.365927305937121,True,0,0.0,0.0
165,0,bdf33cf528fe573c3eaeabbb0701e56e4903474747408b891ca6a4fda87bd4d8,42,model.layers.23.mlp.gate_proj,gate_proj,0,0.6142905459144035,896x4864,2,896,4864,9.5,2,0.9,0.9000000390949481,0.75,672,False,False,0.8009473039578552,672,1.2501286221111982,0.908315369875254,791,25,1.4434454576972051,1.4325819001322744,tiles_s,Tiles (s),25,0.9065295450432131,796,4,1.4057521348568147,1.4365149343612762,0.006529505948265069,True,False,False,True,0,1.405752182006836,0.9065297245979309,0.6495135000000001,0.702655,0.638975977897644,0.6809792101383209,0.072991,0.07725955,8.898542286035266,True,True,False,0.480137527813862,1.872825928694366,True,0,0.0,0.0
165,0,bdf33cf528fe573c3eaeabbb0701e56e4903474747408b891ca6a4fda87bd4d8,42,model.layers.23.mlp.gate_proj,gate_proj,0,0.6142905459144035,896x4864,2,896,4864,9.5,2,0.9,0.9000000390949481,0.75,672,False,False,0.8009473039578552,672,1.2501286221111982,0.908315369875254,791,25,1.4434454576972051,1.4325819001322744,tiles_2s,Tiles (2s),50,0.9002235839884634,796,3,1.4057521348568147,1.4359942718283893,0.00022354489351528173,True,False,False,True,0,1.4057520627975464,0.9002236723899841,0.6624285000000001,0.7210166499999999,0.6517920196056366,0.7098815947771072,0.052237500000000006,0.05725355,12.681091170136396,True,True,False,0.5162083422745267,1.872825928694366,True,0,0.0,0.0
175,1,3947c243866e562f90528579af08055b21e62ee87d57f45152ced09a5cc18213,43,model.layers.1.self_attn.q_proj,q_proj,0,0.753667093710438,896x896,0,896,896,1.75,0,0.5,0.499999993990059,0.25,224,False,False,0.2880272719194181,224,0.08452924351549312,0.60009503774927,500,5,0.17287072349070193,0.17698005047299015,tiles_half_s,Tiles (s/2),68,0.5549897561140824,476,4,0.16034544981707938,0.16247438490102317,0.0549897621240234,True,False,False,True,0,0.16034545004367828,0.5549896359443665,0.6453205,0.776945,0.634880006313324,0.7504895865917205,0.045580499999999996,0.05123909999999998,14.157819681662115,True,True,False,6.013938265398611,9.39913883596133,True,0,0.0,0.0
175,1,3947c243866e562f90528579af08055b21e62ee87d57f45152ced09a5cc18213,43,model.layers.1.self_attn.q_proj,q_proj,0,0.753667093710438,896x896,0,896,896,1.75,0,0.5,0.499999993990059,0.25,224,False,False,0.2880272719194181,224,0.08452924351549312,0.60009503774927,500,5,0.17287072349070193,0.17698005047299015,tiles_s,Tiles (s),135,0.6164103024348151,540,3,0.17567254263947227,0.17888715876223615,0.11641030844475608,True,False,False,True,67,0.17567254602909088,0.6164101362228394,0.6389994999999999,0.6682977499999999,0.6277759969234467,0.6576128005981445,0.039304,0.043339499999999996,16.257874516588643,True,True,False,-3.4803089557601252,0.7387882589159012,True,67,0.0,0.0
175,1,3947c243866e562f90528579af08055b21e62ee87d57f45152ced09a5cc18213,43,model.layers.1.self_attn.q_proj,q_proj,0,0.753667093710438,896x896,0,896,896,1.75,0,0.5,0.499999993990059,0.25,224,False,False,0.2880272719194181,224,0.08452924351549312,0.60009503774927,500,5,0.17287072349070193,0.17698005047299015,tiles_2s,Tiles (2s),270,0.6090166288195178,540,1,0.17567254263947227,0.17945180995475113,0.10901663482945878,True,False,False,True,135,0.17567254602909088,0.6090166568756104,0.6521835,0.73639245,0.6410239934921265,0.715014374256134,0.035851999999999995,0.043561249999999996,18.19099352895236,True,True,False,-3.8069410083791055,0.7387882589159012,True,135,0.0,0.0
175,1,3947c243866e562f90528579af08055b21e62ee87d57f45152ced09a5cc18213,43,model.layers.1.self_attn.q_proj,q_proj,0,0.753667093710438,896x896,0,896,896,1.75,1,0.7,0.6999999915860826,0.5,448,False,False,0.5488228345930111,448,0.1606128201907835,0.7407599698344711,628,6,0.21597642691275515,0.21918437066651258,tiles_half_s,Tiles (s/2),68,0.7063915404432919,612,3,0.2045889050003539,0.2072277566787323,0.006391548857209273,True,False,False,True,34,0.2045889049768448,0.7063915133476257,0.634691,0.7915165999999999,0.6241439878940582,0.7785632073879241,0.045435,0.05029605,13.9692087597667,True,True,False,4.050752371024691,6.658990155993183,True,34,0.0,0.0
175,1,3947c243866e562f90528579af08055b21e62ee87d57f45152ced09a5cc18213,43,model.layers.1.self_attn.q_proj,q_proj,0,0.753667093710438,896x896,0,896,896,1.75,1,0.7,0.6999999915860826,0.5,448,False,False,0.5488228345930111,448,0.1606128201907835,0.7407599698344711,628,6,0.21597642691275515,0.21918437066651258,tiles_s,Tiles (s),135,0.7630625628808048,675,2,0.21959067829934037,0.2243147624434389,0.06306257129472215,True,False,False,True,67,0.2195906937122345,0.7630624771118164,0.6225885,0.6481507999999999,0.6128320097923279,0.6376448214054107,0.0393135,0.04564015,15.83650654355374,True,True,False,-3.860761866410578,-0.18537253892338956,True,67,0.0,0.0
175,1,3947c243866e562f90528579af08055b21e62ee87d57f45152ced09a5cc18213,43,model.layers.1.self_attn.q_proj,q_proj,0,0.753667093710438,896x896,0,896,896,1.75,1,0.7,0.6999999915860826,0.5,448,False,False,0.5488228345930111,448,0.1606128201907835,0.7407599698344711,628,6,0.21597642691275515,0.21918437066651258,tiles_2s,Tiles (2s),270,0.8540412296715658,761,1,0.24756815731229334,0.25289412476956596,0.1540412380854832,True,False,False,True,135,0.24756816029548645,0.8540410995483398,0.621752,0.6844135499999999,0.611376017332077,0.672724786400795,0.035036,0.0380576,17.746089736271266,True,True,False,-17.093392267168085,-12.949731114252883,True,135,0.0,0.0
175,1,3947c243866e562f90528579af08055b21e62ee87d57f45152ced09a5cc18213,43,model.layers.1.self_attn.q_proj,q_proj,0,0.753667093710438,896x896,0,896,896,1.75,2,0.9,0.8999999891821062,0.75,672,False,False,0.791493396362057,672,0.23707325734064738,0.9285913500061724,816,6,0.2766256806135128,0.2759309750198432,tiles_half_s,Tiles (s/2),68,0.9197609378315974,816,1,0.265460731099647,0.2711716239316239,0.019760948649491183,True,False,False,True,34,0.265460729598999,0.9197608232498169,0.638443,0.7595991,0.6251679956912994,0.738713589310646,0.047603999999999994,0.049676,13.411541046970845,True,True,False,1.9716378717234861,3.7945156100880784,True,34,0.0,0.0
175,1,3947c243866e562f90528579af08055b21e62ee87d57f45152ced09a5cc18213,43,model.layers.1.self_attn.q_proj,q_proj,0,0.753667093710438,896x896,0,896,896,1.75,2,0.9,0.8999999891821062,0.75,672,False,False,0.791493396362057,672,0.23707325734064738,0.9285913500061724,816,6,0.2766256806135128,0.2759309750198432,tiles_s,Tiles (s),135,0.9083029530302156,810,1,0.26350881395920844,0.26917771493212667,0.008302963848109357,True,False,False,True,0,0.2635088264942169,0.908302903175354,0.7105779999999999,0.74256965,0.6983680129051208,0.7287296056747437,0.038592,0.04098445,18.412572553897178,True,True,False,2.692434652078468,4.501908877660954,True,0,0.0,0.0
175,1,3947c243866e562f90528579af08055b21e62ee87d57f45152ced09a5cc18213,43,model.layers.1.self_attn.q_proj,q_proj,0,0.753667093710438,896x896,0,896,896,1.75,2,0.9,0.8999999891821062,0.75,672,False,False,0.791493396362057,672,0.23707325734064738,0.9285913500061724,816,6,0.2766256806135128,0.2759309750198432,tiles_2s,Tiles (2s),270,0.9083029530302156,810,1,0.26350881395920844,0.26917771493212667,0.008302963848109357,True,False,False,True,0,0.2635088264942169,0.908302903175354,0.6325065,0.75838005,0.6210560202598572,0.7440239936113358,0.035522,0.03881915,17.806049771972297,True,True,False,2.692434652078468,4.501908877660954,True,0,0.0,0.0
176,1,3947c243866e562f90528579af08055b21e62ee87d57f45152ced09a5cc18213,43,model.layers.1.self_attn.k_proj,k_proj,0,0.753667093710438,896x128,1,896,128,0.25,0,0.5,0.499999993990059,0.25,224,False,False,0.2612735544680618,224,0.018949429657794677,0.8280694285931531,736,1,0.03559616,0.03664651603113517,tiles_half_s,Tiles (s/2),472,0.5195686410879716,472,1,0.02747613916319621,0.02632202643171806,0.019568647097912617,True,False,False,True,236,0.02747613936662674,0.519568681716919,0.715222,0.7787899999999999,0.7014400064945221,0.7647231966257094,0.033252500000000004,0.04665109999999998,21.508818885798057,True,True,False,26.05374728139761,25.023870918991953,True,236,0.0,0.0
176,1,3947c243866e562f90528579af08055b21e62ee87d57f45152ced09a5cc18213,43,model.layers.1.self_attn.k_proj,k_proj,0,0.753667093710438,896x128,1,896,128,0.25,0,0.5,0.499999993990059,0.25,224,False,False,0.2612735544680618,224,0.018949429657794677,0.8280694285931531,736,1,0.03559616,0.03664651603113517,tiles_s,Tiles (s),896,0.5032782423950266,448,1,0.026642468538838122,0.025773178458289338,0.0032782484049675986,True,False,False,True,448,0.026642467826604843,0.5032781362533569,0.7060945000000001,0.7461939999999999,0.6947839856147766,0.7331840008497238,0.032045,0.03573905,22.034467155562496,True,True,False,27.59562138643793,27.298768275263953,True,448,0.0,0.0
176,1,3947c243866e562f90528579af08055b21e62ee87d57f45152ced09a5cc18213,43,model.layers.1.self_attn.k_proj,k_proj,0,0.753667093710438,896x128,1,896,128,0.25,0,0.5,0.499999993990059,0.25,224,False,False,0.2612735544680618,224,0.018949429657794677,0.8280694285931531,736,1,0.03559616,0.03664651603113517,tiles_2s,Tiles (2s),896,0.5032782423950266,448,1,0.026642468538838122,0.025773178458289338,0.0032782484049675986,True,False,False,True,448,0.026642467826604843,0.5032781362533569,0.6945625,0.76092645,0.6824959814548492,0.7488512068986892,0.03197,0.03855814999999998,21.725445730372225,True,True,False,27.59562138643793,27.298768275263953,True,448,0.0,0.0
176,1,3947c243866e562f90528579af08055b21e62ee87d57f45152ced09a5cc18213,43,model.layers.1.self_attn.k_proj,k_proj,0,0.753667093710438,896x128,1,896,128,0.25,1,0.7,0.6999999915860826,0.5,448,False,False,0.5153910483059008,448,0.03634124909539145,0.8280694285931531,736,1,0.03559616,0.03664651603113517,tiles_half_s,Tiles (s/2),472,0.7904241324868053,708,1,0.0356739003027174,0.03657105263157895,0.0904241409007227,True,False,False,True,236,0.035673901438713074,0.790424108505249,0.707878,0.75277835,0.6952959895133972,0.7391743928194046,0.033448,0.035929499999999996,21.16353743123655,True,True,False,-2.7387578648341515,2.654046915650654,True,236,0.0,0.0
176,1,3947c243866e562f90528579af08055b21e62ee87d57f45152ced09a5cc18213,43,model.layers.1.self_attn.k_proj,k_proj,0,0.753667093710438,896x128,1,896,128,0.25,1,0.7,0.6999999915860826,0.5,448,False,False,0.5153910483059008,448,0.03634124909539145,0.8280694285931531,736,1,0.03559616,0.03664651603113517,tiles_s,Tiles (s),896,0.999999987980118,896,1,0.04220432019352241,0.043105703422053235,0.2999999963940354,True,False,False,True,0,0.042204320430755615,0.9999998807907104,0.7034095,0.73192815,0.6917120218276978,0.7168175786733627,0.032185000000000005,0.0339571,21.855196520118064,True,True,False,-21.09649867304011,-15.165982375146637,True,0,0.0,0.0
176,1,3947c243866e562f90528579af08055b21e62ee87d57f45152ced09a5cc18213,43,model.layers.1.self_attn.k_proj,k_proj,0,0.753667093710438,896x128,1,896,128,0.25,1,0.7,0.6999999915860826,0.5,448,False,False,0.5153910483059008,448,0.03634124909539145,0.8280694285931531,736,1,0.03559616,0.03664651603113517,tiles_2s,Tiles (2s),896,0.999999987980118,896,1,0.04220432019352241,0.043105703422053235,0.2999999963940354,True,False,False,True,0,0.042204320430755615,0.9999998807907104,0.629391,0.7206288,0.6195359826087952,0.7083519965410232,0.0320395,0.03622305,19.644220415424712,True,True,False,-21.09649867304011,-15.165982375146637,True,0,0.0,0.0
176,1,3947c243866e562f90528579af08055b21e62ee87d57f45152ced09a5cc18213,43,model.layers.1.self_attn.k_proj,k_proj,0,0.753667093710438,896x128,1,896,128,0.25,2,0.9,0.8999999891821062,0.75,672,False,False,0.7590618012764025,672,0.04411609029795707,0.9676485180098098,864,1,0.04185874769797422,0.041092759361044964,tiles_half_s,Tiles (s/2),472,0.999999987980118,896,1,0.04220432019352241,0.043105703422053235,0.0999999987980118,True,False,False,True,0,0.042204320430755615,0.9999998807907104,0.7102275,0.7559016,0.6973440051078796,0.7439872026443481,0.0335525,0.0359685,21.167647716265556,True,True,False,-2.9789608926579447,-2.70500411693253,True,0,0.0,0.0
176,1,3947c243866e562f90528579af08055b21e62ee87d57f45152ced09a5cc18213,43,model.layers.1.self_attn.k_proj,k_proj,0,0.753667093710438,896x128,1,896,128,0.25,2,0.9,0.8999999891821062,0.75,672,False,False,0.7590618012764025,672,0.04411609029795707,0.9676485180098098,864,1,0.04185874769797422,0.041092759361044964,tiles_s,Tiles (s),896,0.999999987980118,896,1,0.04220432019352241,0.043105703422053235,0.0999999987980118,True,False,False,True,0,0.042204320430755615,0.9999998807907104,0.7195499999999999,0.7741623,0.705024003982544,0.760371208190918,0.032556,0.038110649999999996,22.10191669738297,True,True,False,-2.9789608926579447,-2.70500411693253,True,0,0.0,0.0
176,1,3947c243866e562f90528579af08055b21e62ee87d57f45152ced09a5cc18213,43,model.layers.1.self_attn.k_proj,k_proj,0,0.753667093710438,896x128,1,896,128,0.25,2,0.9,0.8999999891821062,0.75,672,False,False,0.7590618012764025,672,0.04411609029795707,0.9676485180098098,864,1,0.04185874769797422,0.041092759361044964,tiles_2s,Tiles (2s),896,0.999999987980118,896,1,0.04220432019352241,0.043105703422053235,0.0999999987980118,True,False,False,True,0,0.042204320430755615,0.9999998807907104,0.679921,0.7267842999999999,0.6671999990940094,0.7150879949331284,0.032100000000000004,0.03782659999999998,21.181339563862927,True,True,False,-2.9789608926579447,-2.70500411693253,True,0,0.0,0.0
179,1,3947c243866e562f90528579af08055b21e62ee87d57f45152ced09a5cc18213,43,model.layers.1.mlp.gate_proj,gate_proj,0,0.523343291964388,896x4864,2,896,4864,9.5,0,0.5,0.4999999931635557,0.25,224,False,False,0.300346584233921,224,0.43224268098194163,0.5138917358708568,415,21,0.7736258364427533,0.7804840273225235,tiles_half_s,Tiles (s/2),12,0.5091580765438266,420,12,0.7600397022853898,0.7735114551869819,0.00915808338027091,True,False,False,True,0,0.7600396871566772,0.5091577768325806,0.717742,0.7581397,0.7055360078811646,0.7272447943687439,0.10688,0.11307265,6.7154004491017965,True,True,False,0.014785087361779414,2.619441823462898,True,0,0.0,0.0
179,1,3947c243866e562f90528579af08055b21e62ee87d57f45152ced09a5cc18213,43,model.layers.1.mlp.gate_proj,gate_proj,0,0.523343291964388,896x4864,2,896,4864,9.5,0,0.5,0.4999999931635557,0.25,224,False,False,0.300346584233921,224,0.43224268098194163,0.5138917358708568,415,21,0.7736258364427533,0.7804840273225235,tiles_s,Tiles (s),25,0.5080073074204847,425,11,0.7505586147162641,0.7698294595278045,0.008007314256929021,True,False,False,True,12,0.750558614730835,0.508007287979126,0.6559159999999999,0.7642211,0.6455999910831451,0.7516159951686858,0.065377,0.07098924999999999,10.0328249996176,True,True,False,0.49072519764917777,3.8342120477365293,True,12,0.0,0.0
179,1,3947c243866e562f90528579af08055b21e62ee87d57f45152ced09a5cc18213,43,model.layers.1.mlp.gate_proj,gate_proj,0,0.523343291964388,896x4864,2,896,4864,9.5,0,0.5,0.4999999931635557,0.25,224,False,False,0.300346584233921,224,0.43224268098194163,0.5138917358708568,415,21,0.7736258364427533,0.7804840273225235,tiles_2s,Tiles (2s),50,0.5253055667271838,450,5,0.7947091214642795,0.8118058069381598,0.02530557356362806,True,False,False,True,25,0.7947092056274414,0.5253057479858398,0.7403584999999999,0.8006647,0.7280640006065369,0.7875584036111831,0.0492625,0.061868399999999976,15.028845470692715,True,True,False,-4.935198476690461,-1.822599008278969,True,25,0.0,0.0
179,1,3947c243866e562f90528579af08055b21e62ee87d57f45152ced09a5cc18213,43,model.layers.1.mlp.gate_proj,gate_proj,0,0.523343291964388,896x4864,2,896,4864,9.5,1,0.7,0.699999990428978,0.5,448,False,False,0.5504021212691441,448,0.839056765228786,0.7123055007541552,601,29,1.1146807753662813,1.1214060156392032,tiles_half_s,Tiles (s/2),12,0.7002999623073265,600,13,1.0886283536235892,1.1023534908115256,0.000299971878348515,True,False,False,True,0,1.0886282920837402,0.7002997994422913,0.635969,0.7785974999999998,0.6247040033340454,0.7557119935750961,0.113467,0.12129055,5.604880714216469,True,True,False,1.1059026787920478,2.922907631891969,True,0,0.0,0.0
179,1,3947c243866e562f90528579af08055b21e62ee87d57f45152ced09a5cc18213,43,model.layers.1.mlp.gate_proj,gate_proj,0,0.523343291964388,896x4864,2,896,4864,9.5,1,0.7,0.699999990428978,0.5,448,False,False,0.5504021212691441,448,0.839056765228786,0.7123055007541552,601,29,1.1146807753662813,1.1214060156392032,tiles_s,Tiles (s),25,0.7234500029589981,625,8,1.1037626687003883,1.1280287277247754,0.023450012530020103,True,False,False,True,0,1.1037626266479492,0.723450243473053,0.711705,0.7813817499999999,0.6999040246009827,0.7652863949537275,0.068884,0.07758894999999999,10.331934846989142,True,True,False,-1.1974686074681662,1.5733237286727153,False,12,0.0005206625328866288,0.0
179,1,3947c243866e562f90528579af08055b21e62ee87d57f45152ced09a5cc18213,43,model.layers.1.mlp.gate_proj,gate_proj,0,0.523343291964388,896x4864,2,896,4864,9.5,1,0.7,0.699999990428978,0.5,448,False,False,0.5504021212691441,448,0.839056765228786,0.7123055007541552,601,29,1.1146807753662813,1.1214060156392032,tiles_2s,Tiles (2s),50,0.73903843248263,646,4,1.1408490943687215,1.1653923361823362,0.039038442053652034,True,False,False,True,0,1.1408491134643555,0.7390382885932922,0.7183225,0.7585883,0.7065440118312836,0.7469567865133285,0.050795,0.05480305,14.14159858253765,True,True,False,-4.549424547076386,-1.7338125940439042,True,0,0.0,0.0
179,1,3947c243866e562f90528579af08055b21e62ee87d57f45152ced09a5cc18213,43,model.layers.1.mlp.gate_proj,gate_proj,0,0.523343291964388,896x4864,2,896,4864,9.5,2,0.9,0.8999999876944003,0.75,672,False,False,0.7856935383751988,672,1.246242468134078,0.9052755580632947,794,27,1.4571432494717143,1.4541956997862882,tiles_half_s,Tiles (s/2),12,0.9095766586833633,804,6,1.4198802970161797,1.4504263750628457,0.009576670988963087,True,False,False,True,0,1.4198801517486572,0.9095765352249146,0.7280610000000001,0.7711367,0.7152640223503113,0.7583231925964355,0.118256,0.12587549999999997,6.156651670951158,True,True,False,0.46096184512427474,2.359751357754092,True,0,0.0,0.0
179,1,3947c243866e562f90528579af08055b21e62ee87d57f45152ced09a5cc18213,43,model.layers.1.mlp.gate_proj,gate_proj,0,0.523343291964388,896x4864,2,896,4864,9.5,2,0.9,0.8999999876944003,0.75,672,False,False,0.7856935383751988,672,1.246242468134078,0.9052755580632947,794,27,1.4571432494717143,1.4541956997862882,tiles_s,Tiles (s),25,0.9011009610840119,796,5,1.4057521348568147,1.4359942718283896,0.0011009733896116813,True,False,False,True,0,1.405752182006836,0.9011011123657227,0.715457,0.76674575,0.7034879922866821,0.7511551976203918,0.0709125,0.07687625,10.089293142957871,True,True,False,1.4514000357200407,3.3312961203635028,True,0,0.0,0.0
179,1,3947c243866e562f90528579af08055b21e62ee87d57f45152ced09a5cc18213,43,model.layers.1.mlp.gate_proj,gate_proj,0,0.523343291964388,896x4864,2,896,4864,9.5,2,0.9,0.8999999876944003,0.75,672,False,False,0.7856935383751988,672,1.246242468134078,0.9052755580632947,794,27,1.4571432494717143,1.4541956997862882,tiles_2s,Tiles (2s),50,0.9482294330373406,846,2,1.4940531483528456,1.5261949170437408,0.04822944534294038,True,False,False,True,0,1.4940531253814697,0.9482293128967285,0.7113944999999999,0.7401008,0.6983680129051208,0.7230976164340972,0.051446000000000006,0.057892,13.827984682968546,True,True,False,-4.738838655503574,-2.74085864594531,True,0,0.0,0.0
181,1,3947c243866e562f90528579af08055b21e62ee87d57f45152ced09a5cc18213,43,model.layers.1.mlp.down_proj,down_proj,0,0.5541676154672565,4864x896,3,4864,896,1.75,0,0.5,0.5000000002582965,0.25,1216,False,False,0.2772170575335622,1212,0.4181915506746614,0.5165633546275785,2358,20,0.8016695756476807,0.7949693095853508,tiles_half_s,Tiles (s/2),68,0.5003992494894192,2312,18,0.8070723048718529,0.8076937861948676,0.00039924923112266697,True,False,False,True,34,0.8070722818374634,0.5003992319107056,0.6642665,0.7251116,0.6492159962654114,0.7132672071456909,0.12238850000000001,0.13007785,5.427523827810619,True,True,False,-0.7514580483261923,-1.5224481172505744,True,34,0.0,0.0
181,1,3947c243866e562f90528579af08055b21e62ee87d57f45152ced09a5cc18213,43,model.layers.1.mlp.down_proj,down_proj,0,0.5541676154672565,4864x896,3,4864,896,1.75,0,0.5,0.5000000002582965,0.25,1216,False,False,0.2772170575335622,1212,0.4181915506746614,0.5165633546275785,2358,20,0.8016695756476807,0.7949693095853508,tiles_s,Tiles (s),135,0.5147947253717575,2430,9,0.7905264418776252,0.8064038424113501,0.014794725113461027,True,False,False,True,67,0.7905265092849731,0.5147948265075684,0.726838,0.7801523499999999,0.7147520184516907,0.7669759929180144,0.0847435,0.09542655,8.57691740369468,True,True,False,-0.5905508837409146,0.5588728588834413,True,67,0.0,0.0
181,1,3947c243866e562f90528579af08055b21e62ee87d57f45152ced09a5cc18213,43,model.layers.1.mlp.down_proj,down_proj,0,0.5541676154672565,4864x896,3,4864,896,1.75,0,0.5,0.5000000002582965,0.25,1216,False,False,0.2772170575335622,1212,0.4181915506746614,0.5165633546275785,2358,20,0.8016695756476807,0.7949693095853508,tiles_2s,Tiles (2s),270,0.5171017177490285,2430,5,0.7905264418776252,0.80753314479638,0.01710171749073197,True,False,False,True,0,0.7905265092849731,0.5171018838882446,0.7206165,0.7773835499999999,0.707071989774704,0.7640063911676406,0.0653625,0.07226495,11.024922547332185,True,True,False,-0.7314196929529393,0.5588728588834413,True,0,0.0,0.0
181,1,3947c243866e562f90528579af08055b21e62ee87d57f45152ced09a5cc18213,43,model.layers.1.mlp.down_proj,down_proj,0,0.5541676154672565,4864x896,3,4864,896,1.75,1,0.7,0.700000000361615,0.5,2432,False,False,0.5321582901306101,2430,0.8288198660077272,0.7083053194364766,3318,27,1.1247871769231508,1.1126285534317675,tiles_half_s,Tiles (s/2),68,0.7053279402534827,3332,17,1.1114314353683186,1.1271185232076182,0.005327939891867639,True,False,False,True,0,1.111431360244751,0.7053279876708984,0.716875,0.7720105499999999,0.7046239972114563,0.7570943981409072,0.12706800000000001,0.13407215,5.641664305726068,True,True,False,-0.20726999136360114,0.10759368522015311,True,0,0.0,0.0
181,1,3947c243866e562f90528579af08055b21e62ee87d57f45152ced09a5cc18213,43,model.layers.1.mlp.down_proj,down_proj,0,0.5541676154672565,4864x896,3,4864,896,1.75,1,0.7,0.700000000361615,0.5,2432,False,False,0.5321582901306101,2430,0.8288198660077272,0.7083053194364766,3318,27,1.1247871769231508,1.1126285534317675,tiles_s,Tiles (s),135,0.7055856305960333,3375,8,1.0979533914967017,1.120726835428422,0.005585630234418271,True,False,False,True,67,1.09795343875885,0.7055855989456177,0.7051225,0.7309835,0.692192018032074,0.7183871865272522,0.08534900000000001,0.09342165,8.261637511863055,True,True,False,0.3609875341783031,1.3189632685411512,True,67,0.0,0.0
181,1,3947c243866e562f90528579af08055b21e62ee87d57f45152ced09a5cc18213,43,model.layers.1.mlp.down_proj,down_proj,0,0.5541676154672565,4864x896,3,4864,896,1.75,1,0.7,0.700000000361615,0.5,2432,False,False,0.5321582901306101,2430,0.8288198660077272,0.7083053194364766,3318,27,1.1247871769231508,1.1126285534317675,tiles_2s,Tiles (2s),270,0.7041974257081165,3375,3,1.0979533914967017,1.1215738122171945,0.004197425346501471,True,False,False,True,135,1.09795343875885,0.7041971683502197,0.710468,0.7833321,0.6973600089550018,0.7716351956129074,0.0667895,0.07111265,10.637420552631776,True,True,False,0.28568646334912184,1.3189632685411512,True,135,0.0,0.0
181,1,3947c243866e562f90528579af08055b21e62ee87d57f45152ced09a5cc18213,43,model.layers.1.mlp.down_proj,down_proj,0,0.5541676154672565,4864x896,3,4864,896,1.75,2,0.9,0.9000000004649337,0.75,3648,False,False,0.7718488264363259,3648,1.2338334017145427,0.904906246563769,4362,28,1.47532333027958,1.4580137272592197,tiles_half_s,Tiles (s/2),68,0.9030564472268452,4352,6,1.415790565864784,1.446395960594515,0.0030564467619115243,True,False,False,True,34,1.4157905578613281,0.903056263923645,0.721824,0.7656398,0.7096159756183624,0.7526912033557892,0.1311,0.14014035,5.505903890160184,True,True,False,1.960747796185347,2.8959371647211407,True,34,0.0,0.0
181,1,3947c243866e562f90528579af08055b21e62ee87d57f45152ced09a5cc18213,43,model.layers.1.mlp.down_proj,down_proj,0,0.5541676154672565,4864x896,3,4864,896,1.75,2,0.9,0.9000000004649337,0.75,3648,False,False,0.7718488264363259,3648,1.2338334017145427,0.904906246563769,4362,28,1.47532333027958,1.4580137272592197,tiles_s,Tiles (s),135,0.9181174202822149,4455,3,1.4492984767756463,1.4801951065304393,0.01811741981728121,True,False,False,True,67,1.4492985010147095,0.9181174635887146,0.717671,0.7365036,0.705024003982544,0.7245312005281448,0.089537,0.09667535,8.015356779878708,True,True,False,-0.3302175293287135,0.5977481775810478,True,67,0.0,0.0
181,1,3947c243866e562f90528579af08055b21e62ee87d57f45152ced09a5cc18213,43,model.layers.1.mlp.down_proj,down_proj,0,0.5541676154672565,4864x896,3,4864,896,1.75,2,0.9,0.9000000004649337,0.75,3648,False,False,0.7718488264363259,3648,1.2338334017145427,0.904906246563769,4362,28,1.47532333027958,1.4580137272592197,tiles_2s,Tiles (2s),270,0.9197183303112979,4455,2,1.4492984767756463,1.4804774321266967,0.019718329846364235,True,False,False,True,135,1.4492985010147095,0.9197185039520264,0.6987805,0.7293152,0.6876159906387329,0.717363178730011,0.06946,0.0761837,10.06018571839908,True,True,False,-0.3493540528597183,0.5977481775810478,True,135,0.0,0.0
191,1,3947c243866e562f90528579af08055b21e62ee87d57f45152ced09a5cc18213,43,model.layers.3.self_attn.v_proj,v_proj,0,0.9751697805351359,896x128,1,896,128,0.25,0,0.5,0.49999999995634425,0.25,224,False,False,0.2633262638701126,224,0.018949429657794677,0.8287597161834128,736,1,0.03559616,0.03664651603113517,tiles_half_s,Tiles (s/2),472,0.5241158691060264,472,1,0.02747613916319621,0.02632202643171806,0.024115869149682112,True,False,False,True,236,0.02747613936662674,0.524115800857544,0.685832,0.76583595,0.6748160123825073,0.7434751927852631,0.0329865,0.035417649999999995,20.791293407909293,True,True,False,26.05374728139761,25.023870918991953,True,236,0.0,0.0
191,1,3947c243866e562f90528579af08055b21e62ee87d57f45152ced09a5cc18213,43,model.layers.3.self_attn.v_proj,v_proj,0,0.9751697805351359,896x128,1,896,128,0.25,0,0.5,0.49999999995634425,0.25,224,False,False,0.2633262638701126,224,0.018949429657794677,0.8287597161834128,736,1,0.03559616,0.03664651603113517,tiles_s,Tiles (s),896,0.5073105074698105,448,1,0.026642468538838122,0.025773178458289338,0.007310507513466291,True,False,False,True,448,0.026642467826604843,0.5073103904724121,0.645246,0.7407769999999999,0.6327199935913086,0.7288319945335388,0.033227,0.037102699999999995,19.41932765522015,True,True,False,27.59562138643793,27.298768275263953,True,448,0.0,0.0
191,1,3947c243866e562f90528579af08055b21e62ee87d57f45152ced09a5cc18213,43,model.layers.3.self_attn.v_proj,v_proj,0,0.9751697805351359,896x128,1,896,128,0.25,0,0.5,0.49999999995634425,0.25,224,False,False,0.2633262638701126,224,0.018949429657794677,0.8287597161834128,736,1,0.03559616,0.03664651603113517,tiles_2s,Tiles (2s),896,0.5073105074698105,448,1,0.026642468538838122,0.025773178458289338,0.007310507513466291,True,False,False,True,448,0.026642467826604843,0.5073103904724121,0.730094,0.8194003999999999,0.7121439874172211,0.8046080082654953,0.032526,0.03484255,22.446473590358483,True,True,False,27.59562138643793,27.298768275263953,True,448,0.0,0.0
191,1,3947c243866e562f90528579af08055b21e62ee87d57f45152ced09a5cc18213,43,model.layers.3.self_attn.v_proj,v_proj,0,0.9751697805351359,896x128,1,896,128,0.25,1,0.7,0.699999999938882,0.5,448,False,False,0.5185457906627562,448,0.03634124909539145,0.8287597161834128,736,1,0.03559616,0.03664651603113517,tiles_half_s,Tiles (s/2),472,0.7934684583451599,708,1,0.0356739003027174,0.03657105263157895,0.09346845840627793,True,False,False,True,236,0.035673901438713074,0.7934684157371521,0.7017260000000001,0.72728615,0.6900800168514252,0.7153663903474807,0.033737500000000004,0.0389485,20.799585031493145,True,True,False,-2.7387578648341515,2.654046915650654,True,236,0.0,0.0
191,1,3947c243866e562f90528579af08055b21e62ee87d57f45152ced09a5cc18213,43,model.layers.3.self_attn.v_proj,v_proj,0,0.9751697805351359,896x128,1,896,128,0.25,1,0.7,0.699999999938882,0.5,448,False,False,0.5185457906627562,448,0.03634124909539145,0.8287597161834128,736,1,0.03559616,0.03664651603113517,tiles_s,Tiles (s),896,0.9999999999126885,896,1,0.04220432019352241,0.043105703422053235,0.29999999997380655,True,False,False,True,448,0.042204320430755615,0.9999998807907104,0.7050925,0.7330267,0.6937599778175354,0.7152639895677566,0.032425499999999996,0.037779899999999984,21.745000077099817,True,True,False,-21.09649867304011,-15.165982375146637,True,0,0.0,0.0
191,1,3947c243866e562f90528579af08055b21e62ee87d57f45152ced09a5cc18213,43,model.layers.3.self_attn.v_proj,v_proj,0,0.9751697805351359,896x128,1,896,128,0.25,1,0.7,0.699999999938882,0.5,448,False,False,0.5185457906627562,448,0.03634124909539145,0.8287597161834128,736,1,0.03559616,0.03664651603113517,tiles_2s,Tiles (2s),896,0.9999999999126885,896,1,0.04220432019352241,0.043105703422053235,0.29999999997380655,True,False,False,True,448,0.042204320430755615,0.9999998807907104,0.626692,0.73307555,0.6160479784011841,0.71982082426548,0.0330465,0.035807099999999994,18.963944744526653,True,True,False,-21.09649867304011,-15.165982375146637,True,0,0.0,0.0
191,1,3947c243866e562f90528579af08055b21e62ee87d57f45152ced09a5cc18213,43,model.layers.3.self_attn.v_proj,v_proj,0,0.9751697805351359,896x128,1,896,128,0.25,2,0.9,0.8999999999214197,0.75,672,False,False,0.7597837507491931,672,0.033354733727810656,0.9704866857791785,864,1,0.04185874769797422,0.041092759361044964,tiles_half_s,Tiles (s/2),472,0.9999999999126885,896,1,0.04220432019352241,0.043105703422053235,0.09999999999126885,True,False,False,True,0,0.042204320430755615,0.9999999403953552,0.696477,0.7233344,0.6845439970493317,0.7113215923309326,0.033513,0.035795099999999996,20.7822934383672,True,True,False,-2.9789608926579447,-2.70500411693253,True,0,0.0,0.0
191,1,3947c243866e562f90528579af08055b21e62ee87d57f45152ced09a5cc18213,43,model.layers.3.self_attn.v_proj,v_proj,0,0.9751697805351359,896x128,1,896,128,0.25,2,0.9,0.8999999999214197,0.75,672,False,False,0.7597837507491931,672,0.033354733727810656,0.9704866857791785,864,1,0.04185874769797422,0.041092759361044964,tiles_s,Tiles (s),896,0.9999999999126885,896,1,0.04220432019352241,0.043105703422053235,0.09999999999126885,True,False,False,True,448,0.042204320430755615,0.9999998807907104,0.631185,0.7300124499999999,0.6184960007667542,0.7127535909414291,0.03221,0.0349127,19.59593294008072,True,True,False,-2.9789608926579447,-2.70500411693253,True,0,0.0,0.0
191,1,3947c243866e562f90528579af08055b21e62ee87d57f45152ced09a5cc18213,43,model.layers.3.self_attn.v_proj,v_proj,0,0.9751697805351359,896x128,1,896,128,0.25,2,0.9,0.8999999999214197,0.75,672,False,False,0.7597837507491931,672,0.033354733727810656,0.9704866857791785,864,1,0.04185874769797422,0.041092759361044964,tiles_2s,Tiles (2s),896,0.9999999999126885,896,1,0.04220432019352241,0.043105703422053235,0.09999999999126885,True,False,False,True,448,0.042204320430755615,0.9999998807907104,0.706235,0.7571038499999999,0.694271981716156,0.7454208016395568,0.0321655,0.03510105,21.95628857005176,True,True,False,-2.9789608926579447,-2.70500411693253,True,0,0.0,0.0
192,1,3947c243866e562f90528579af08055b21e62ee87d57f45152ced09a5cc18213,43,model.layers.3.self_attn.o_proj,o_proj,0,0.9926072978701965,896x896,0,896,896,1.75,0,0.5,0.5000000006330083,0.25,224,True,False,0.4100108614657074,224,0.0961121669936224,0.5804562361736316,368,4,0.13153263274223584,0.13380311455104998,tiles_half_s,Tiles (s/2),68,0.5030531868105754,340,3,0.11610199463380488,0.11713181461989866,0.003053186177567113,True,False,False,True,0,0.11610199511051178,0.5030532479286194,0.707527,0.7482462999999999,0.6947839856147766,0.7248384028673172,0.0432655,0.04906419999999998,16.353145115623303,True,True,False,10.94847553957079,13.229228614474131,True,0,0.0,0.0
192,1,3947c243866e562f90528579af08055b21e62ee87d57f45152ced09a5cc18213,43,model.layers.3.self_attn.o_proj,o_proj,0,0.9926072978701965,896x896,0,896,896,1.75,0,0.5,0.5000000006330083,0.25,224,True,False,0.4100108614657074,224,0.0961121669936224,0.5804562361736316,368,4,0.13153263274223584,0.13380311455104998,tiles_s,Tiles (s),135,0.5356722482538316,405,2,0.1317544069796042,0.13430653186980585,0.03567224762082333,True,False,False,True,0,0.13175441324710846,0.5356721878051758,0.6755074999999999,0.74787115,0.6650879979133606,0.735659196972847,0.037355,0.043262699999999994,18.0834560299826,True,True,False,-2.1089056530982697,1.5311359367977562,True,0,0.0,0.0
192,1,3947c243866e562f90528579af08055b21e62ee87d57f45152ced09a5cc18213,43,model.layers.3.self_attn.o_proj,o_proj,0,0.9926072978701965,896x896,0,896,896,1.75,0,0.5,0.5000000006330083,0.25,224,True,False,0.4100108614657074,224,0.0961121669936224,0.5804562361736316,368,4,0.13153263274223584,0.13380311455104998,tiles_2s,Tiles (2s),270,0.5356722482538316,405,2,0.1317544069796042,0.13430653186980585,0.03567224762082333,True,False,False,True,135,0.13175441324710846,0.5356721878051758,0.7224550000000001,0.8169325999999999,0.7096319794654846,0.7834768027067184,0.0344845,0.03987149999999998,20.95013701808059,True,True,False,-2.1089056530982697,1.5311359367977562,True,135,0.0,0.0
192,1,3947c243866e562f90528579af08055b21e62ee87d57f45152ced09a5cc18213,43,model.layers.3.self_attn.o_proj,o_proj,0,0.9926072978701965,896x896,0,896,896,1.75,1,0.7,0.7000000008862116,0.5,448,True,False,0.6723657922848361,448,0.17243984181953015,0.7208953672816278,496,6,0.18186790409087544,0.18708805162872622,tiles_half_s,Tiles (s/2),68,0.7203619073261507,544,3,0.176973820733098,0.18092838224693647,0.02036190643993907,True,False,False,True,34,0.17697381973266602,0.7203619480133057,0.715697,0.8081116499999998,0.7034879922866821,0.7883776038885116,0.045249,0.0478821,15.81685783111229,True,True,False,0.5165957394381748,5.406134067663371,True,34,0.0,0.0
192,1,3947c243866e562f90528579af08055b21e62ee87d57f45152ced09a5cc18213,43,model.layers.3.self_attn.o_proj,o_proj,0,0.9926072978701965,896x896,0,896,896,1.75,1,0.7,0.7000000008862116,0.5,448,True,False,0.6723657922848361,448,0.17243984181953015,0.7208953672816278,496,6,0.18186790409087544,0.18708805162872622,tiles_s,Tiles (s),135,0.7015661622281186,540,2,0.1756725426394723,0.1791694843584936,0.001566161341907013,True,False,False,True,0,0.17567254602909088,0.7015660405158997,0.7087395,0.8552230499999995,0.6963199973106384,0.8303919881582257,0.038276500000000005,0.04209705,18.51630896241819,True,True,False,1.483725094799293,6.101677199518784,True,0,0.0,0.0
192,1,3947c243866e562f90528579af08055b21e62ee87d57f45152ced09a5cc18213,43,model.layers.3.self_attn.o_proj,o_proj,0,0.9926072978701965,896x896,0,896,896,1.75,1,0.7,0.7000000008862116,0.5,448,True,False,0.6723657922848361,448,0.17243984181953015,0.7208953672816278,496,6,0.18186790409087544,0.18708805162872622,tiles_2s,Tiles (2s),270,0.7953249937854707,626,2,0.20365002165242527,0.20774884668462065,0.09532499289925911,True,False,False,True,135,0.20365002751350403,0.7953249216079712,0.7062605,0.78372035,0.694271981716156,0.7715327948331833,0.035461,0.03783,19.916542116691577,True,True,False,-14.230626741490937,-8.852500135372665,True,135,0.0,0.0
192,1,3947c243866e562f90528579af08055b21e62ee87d57f45152ced09a5cc18213,43,model.layers.3.self_attn.o_proj,o_proj,0,0.9926072978701965,896x896,0,896,896,1.75,2,0.9,0.900000001139415,0.75,672,True,False,0.8701152263383847,672,0.24709196699157723,0.9339783467003144,768,6,0.2730875180417122,0.2769835149890236,tiles_half_s,Tiles (s/2),68,0.942672451667022,794,2,0.25830370158470556,0.26386062426680074,0.04267245052760693,True,False,False,True,34,0.258303701877594,0.9426724314689636,0.7111695,0.7383363,0.6978560090065002,0.7195135951042175,0.046893000000000004,0.05656774999999999,15.165792335743074,True,True,False,3.3787314195378726,6.744016301857647,True,34,0.0,0.0
192,1,3947c243866e562f90528579af08055b21e62ee87d57f45152ced09a5cc18213,43,model.layers.3.self_attn.o_proj,o_proj,0,0.9926072978701965,896x896,0,896,896,1.75,2,0.9,0.900000001139415,0.75,672,True,False,0.8701152263383847,672,0.24709196699157723,0.9339783467003144,768,6,0.2730875180417122,0.2769835149890236,tiles_s,Tiles (s),135,0.9040246253280202,761,2,0.2475681573122933,0.25289412476956596,0.004024624188605164,True,False,False,True,0,0.24756816029548645,0.904024600982666,0.7154119999999999,0.7805918,0.7034879922866821,0.7681536018848418,0.038652,0.042262749999999995,18.509055158853357,True,True,False,7.394476839128861,10.619894717523525,True,0,0.0,0.0
192,1,3947c243866e562f90528579af08055b21e62ee87d57f45152ced09a5cc18213,43,model.layers.3.self_attn.o_proj,o_proj,0,0.9926072978701965,896x896,0,896,896,1.75,2,0.9,0.900000001139415,0.75,672,True,False,0.8701152263383847,672,0.24709196699157723,0.9339783467003144,768,6,0.2730875180417122,0.2769835149890236,tiles_2s,Tiles (2s),270,0.9062411697086645,810,1,0.26350881395920844,0.26917771493212667,0.0062411685692495,True,False,False,True,0,0.2635088264942169,0.9062411189079285,0.6337045,0.74847795,0.6240479946136475,0.7272959887981414,0.035536,0.04036379999999999,17.832747073390365,True,True,False,1.4317033373119403,4.864802524565103,True,0,0.0,0.0
194,1,3947c243866e562f90528579af08055b21e62ee87d57f45152ced09a5cc18213,43,model.layers.3.mlp.up_proj,up_proj,0,0.6886422169990996,896x4864,2,896,4864,9.5,0,0.5,0.4999999807857449,0.25,224,False,False,0.30999795323023704,224,0.429357390527449,0.5226434385289451,417,22,0.7821236832775633,0.7942046011838113,tiles_half_s,Tiles (s/2),12,0.5019080107917091,408,19,0.7907761127491988,0.7864794516639116,0.0019080300059641786,True,False,False,True,6,0.7907761335372925,0.5019080638885498,0.7184729999999999,0.79847415,0.7060480117797852,0.7821824222803115,0.1077415,0.11475715,6.668488929521121,True,True,False,-0.5569155466684128,0.43168831174008604,True,6,0.0,0.0
194,1,3947c243866e562f90528579af08055b21e62ee87d57f45152ced09a5cc18213,43,model.layers.3.mlp.up_proj,up_proj,0,0.6886422169990996,896x4864,2,896,4864,9.5,0,0.5,0.4999999807857449,0.25,224,False,False,0.30999795323023704,224,0.429357390527449,0.5226434385289451,417,22,0.7821236832775633,0.7942046011838113,tiles_s,Tiles (s),25,0.5117450693973353,425,10,0.7505586147162641,0.7703501220606912,0.011745088611590404,True,False,False,True,12,0.750558614730835,0.5117453336715698,0.7087695,0.7630287,0.6973440051078796,0.751257598400116,0.06903899999999999,0.07974329999999999,10.266219093555819,True,True,False,1.505332400565329,5.49555950727183,True,12,0.0,0.0
194,1,3947c243866e562f90528579af08055b21e62ee87d57f45152ced09a5cc18213,43,model.layers.3.mlp.up_proj,up_proj,0,0.6886422169990996,896x4864,2,896,4864,9.5,0,0.5,0.4999999807857449,0.25,224,False,False,0.30999795323023704,224,0.429357390527449,0.5226434385289451,417,22,0.7821236832775633,0.7942046011838113,tiles_2s,Tiles (2s),50,0.5324314183557419,450,5,0.7947091214642795,0.8118058069381598,0.032431437569997,True,False,False,True,25,0.7947091460227966,0.5324313640594482,0.681764,0.83030995,0.6676479876041412,0.8185376197099685,0.0496525,0.05443724999999999,13.730708423543629,True,True,False,-3.7950677489026807,-0.06352522759451862,True,25,0.0,0.0
194,1,3947c243866e562f90528579af08055b21e62ee87d57f45152ced09a5cc18213,43,model.layers.3.mlp.up_proj,up_proj,0,0.6886422169990996,896x4864,2,896,4864,9.5,1,0.7,0.6999999731000428,0.5,448,False,False,0.5569121058682924,448,0.8431817567246818,0.7151424318321062,600,30,1.1181067644785547,1.1325047793788507,tiles_half_s,Tiles (s/2),12,0.703869843378385,600,17,1.0951076973948317,1.109236580288222,0.00386987027834218,True,False,False,True,6,1.0951077938079834,0.7038700580596924,0.7103520000000001,0.73370275,0.6973440051078796,0.7169024020433425,0.11491,0.12207825,6.18181185275433,True,True,False,0.7933217535330273,3.3021566588469775,True,6,0.0,0.0
194,1,3947c243866e562f90528579af08055b21e62ee87d57f45152ced09a5cc18213,43,model.layers.3.mlp.up_proj,up_proj,0,0.6886422169990996,896x4864,2,896,4864,9.5,1,0.7,0.6999999731000428,0.5,448,False,False,0.5569121058682924,448,0.8431817567246818,0.7151424318321062,600,30,1.1181067644785547,1.1325047793788507,tiles_s,Tiles (s),25,0.7240592786578475,625,9,1.1037626687003883,1.1290700527905488,0.024059305557804667,True,False,False,True,12,1.1037627458572388,0.7240594029426575,0.7168950000000001,0.82307155,0.705024003982544,0.8102400243282317,0.068603,0.07397669999999999,10.449907438450214,True,True,False,-0.9805224921527911,2.53792400719286,True,12,0.0,0.0
194,1,3947c243866e562f90528579af08055b21e62ee87d57f45152ced09a5cc18213,43,model.layers.3.mlp.up_proj,up_proj,0,0.6886422169990996,896x4864,2,896,4864,9.5,1,0.7,0.6999999731000428,0.5,448,False,False,0.5569121058682924,448,0.8431817567246818,0.7151424318321062,600,30,1.1181067644785547,1.1325047793788507,tiles_2s,Tiles (2s),50,0.7418162887219353,646,5,1.1408490943687215,1.1653923361823362,0.041816315621892475,True,False,False,True,0,1.1408491134643555,0.7418164014816284,0.7054685,0.74193725,0.6927359998226166,0.7266303837299346,0.0515365,0.05732714999999999,13.68871576455522,True,True,False,-4.229074825947743,-0.7368017461654608,True,0,0.0,0.0
194,1,3947c243866e562f90528579af08055b21e62ee87d57f45152ced09a5cc18213,43,model.layers.3.mlp.up_proj,up_proj,0,0.6886422169990996,896x4864,2,896,4864,9.5,2,0.9,0.8999999654143409,0.75,672,False,False,0.7874250262861153,672,1.2499619044156591,0.9088100935217938,797,25,1.4550198842887363,1.4451265200598167,tiles_half_s,Tiles (s/2),12,0.9104480690906769,804,7,1.4198802970161795,1.4504263750628457,0.010448103676335974,True,False,False,True,6,1.4198802709579468,0.9104482531547546,0.7197705,0.75937115,0.707071989774704,0.7328768044710159,0.118166,0.12296424999999998,6.091181050386744,True,True,False,0.3157007870126849,1.7469905017445941,True,6,0.0,0.0
194,1,3947c243866e562f90528579af08055b21e62ee87d57f45152ced09a5cc18213,43,model.layers.3.mlp.up_proj,up_proj,0,0.6886422169990996,896x4864,2,896,4864,9.5,2,0.9,0.8999999654143409,0.75,672,False,False,0.7874250262861153,672,1.2499619044156591,0.9088100935217938,797,25,1.4550198842887363,1.4451265200598167,tiles_s,Tiles (s),25,0.9036415727927363,800,4,1.412816215936497,1.4437309859785044,0.0036416073783953617,True,False,False,True,12,1.4128162860870361,0.903641402721405,0.710623,0.7383621499999999,0.6988800168037415,0.7242240250110625,0.069826,0.07457019999999999,10.17705439234669,True,True,False,0.7758586966493786,2.2358114445219845,True,12,0.0,0.0
194,1,3947c243866e562f90528579af08055b21e62ee87d57f45152ced09a5cc18213,43,model.layers.3.mlp.up_proj,up_proj,0,0.6886422169990996,896x4864,2,896,4864,9.5,2,0.9,0.8999999654143409,0.75,672,False,False,0.7874250262861153,672,1.2499619044156591,0.9088100935217938,797,25,1.4550198842887363,1.4451265200598167,tiles_2s,Tiles (2s),50,0.9018287571265375,800,2,1.412816215936497,1.4432103234456175,0.0018287917121966313,True,False,False,True,25,1.4128162860870361,0.9018286466598511,0.708088,0.74100225,0.6952959895133972,0.7280639946460723,0.0508055,0.05556465,13.937231205282893,True,True,False,0.8116425741419797,2.2358114445219845,True,25,0.0,0.0
195,1,3947c243866e562f90528579af08055b21e62ee87d57f45152ced09a5cc18213,43,model.layers.3.mlp.down_proj,down_proj,0,4.6306550735739505,4864x896,3,4864,896,1.75,0,0.5,0.4999999997089617,0.25,1216,False,False,0.3324443306119065,1212,0.4341258637550623,0.5029497571667889,2112,19,0.7370067697893159,0.7240728254035043,tiles_half_s,Tiles (s/2),68,0.5004187131780782,2108,17,0.7462004787725598,0.7430134208127067,0.0004187134691164829,True,False,False,True,0,0.7462005019187927,0.500418484210968,0.710027,0.7435101999999999,0.6988800168037415,0.7314944207668304,0.11901700000000001,0.12939879999999998,5.965761193779039,True,True,False,-0.8150062210565467,-3.055998318501252,True,0,0.0,0.0
195,1,3947c243866e562f90528579af08055b21e62ee87d57f45152ced09a5cc18213,43,model.layers.3.mlp.down_proj,down_proj,0,4.6306550735739505,4864x896,3,4864,896,1.75,0,0.5,0.4999999997089617,0.25,1216,False,False,0.3324443306119065,1212,0.4341258637550623,0.5029497571667889,2112,19,0.7370067697893159,0.7240728254035043,tiles_s,Tiles (s),135,0.5047530682131764,2160,8,0.7026901705578891,0.7172425886264895,0.0047530685042147525,True,False,False,True,67,0.7026901841163635,0.5047529339790344,0.650025,0.74784025,0.6399519741535187,0.7358976006507874,0.0822485,0.08977115,7.9031836446865285,True,True,False,2.6816824448541055,2.953108319415143,True,67,0.0,0.0
195,1,3947c243866e562f90528579af08055b21e62ee87d57f45152ced09a5cc18213,43,model.layers.3.mlp.down_proj,down_proj,0,4.6306550735739505,4864x896,3,4864,896,1.75,0,0.5,0.4999999997089617,0.25,1216,False,False,0.3324443306119065,1212,0.4341258637550623,0.5029497571667889,2112,19,0.7370067697893159,0.7240728254035043,tiles_2s,Tiles (2s),270,0.5036789331643376,2160,5,0.7026901705578891,0.7178072398190045,0.0036789334553759545,True,False,False,True,0,0.7026901841163635,0.503679096698761,0.6506514999999999,0.7182471,0.639488011598587,0.7066624164581299,0.06393,0.0700186,10.177561395276083,True,True,False,2.605068332791549,2.953108319415143,True,0,0.0,0.0
195,1,3947c243866e562f90528579af08055b21e62ee87d57f45152ced09a5cc18213,43,model.layers.3.mlp.down_proj,down_proj,0,4.6306550735739505,4864x896,3,4864,896,1.75,1,0.7,0.6999999995925463,0.5,2432,False,False,0.5629650624614442,2430,0.8356211685131778,0.7148473387860577,3252,25,1.1079988576909994,1.0877299859354888,tiles_half_s,Tiles (s/2),68,0.7014375390790519,3196,19,1.0726813368606627,1.0862141901599234,0.0014375394865056013,True,False,False,True,34,1.0726813077926636,0.7014374732971191,0.7088494999999999,0.7411966499999999,0.6963199973106384,0.7295328080654143,0.127473,0.1348952,5.560781498827202,True,True,False,1.9661272554444609,1.3834912404187882,True,34,0.0,0.0
195,1,3947c243866e562f90528579af08055b21e62ee87d57f45152ced09a5cc18213,43,model.layers.3.mlp.down_proj,down_proj,0,4.6306550735739505,4864x896,3,4864,896,1.75,1,0.7,0.6999999995925463,0.5,2432,False,False,0.5629650624614442,2430,0.8356211685131778,0.7148473387860577,3252,25,1.1079988576909994,1.0877299859354888,tiles_s,Tiles (s),135,0.7041744038870092,3240,11,1.0540352558368336,1.0758638829397342,0.004174404294462919,True,False,False,True,67,1.0540353059768677,0.7041741013526917,0.6403265,0.71598215,0.6287520229816437,0.704255998134613,0.08710799999999999,0.0935716,7.350949396151904,True,True,False,2.900271469433857,3.0977108780977924,True,67,0.0,0.0
195,1,3947c243866e562f90528579af08055b21e62ee87d57f45152ced09a5cc18213,43,model.layers.3.mlp.down_proj,down_proj,0,4.6306550735739505,4864x896,3,4864,896,1.75,1,0.7,0.6999999995925463,0.5,2432,False,False,0.5629650624614442,2430,0.8356211685131778,0.7148473387860577,3252,25,1.1079988576909994,1.0877299859354888,tiles_2s,Tiles (2s),270,0.703865817093174,3240,5,1.0540352558368338,1.0767108597285067,0.003865817500627644,True,False,False,True,0,1.0540353059768677,0.7038661241531372,0.7121055000000001,0.7529805999999999,0.6999040246009827,0.7401983946561812,0.0666745,0.0719036,10.680327561511524,True,True,False,2.8238294421796595,3.0977108780977702,True,0,0.0,0.0
195,1,3947c243866e562f90528579af08055b21e62ee87d57f45152ced09a5cc18213,43,model.layers.3.mlp.down_proj,down_proj,0,4.6306550735739505,4864x896,3,4864,896,1.75,2,0.9,0.8999999994761311,0.75,3648,False,False,0.7868891448742943,3648,1.2447539327769221,0.9030718061403604,4302,25,1.4512820659504793,1.423516942354643,tiles_half_s,Tiles (s/2),68,0.9099187307147076,4352,7,1.415790565864784,1.446395960594515,0.009918731238576561,True,False,False,True,0,1.4157905578613281,0.9099185466766357,0.718958,0.7619108499999999,0.7060480117797852,0.7400959998369216,0.132713,0.13987070000000001,5.417389404203055,True,True,False,0.3366751006300239,0.5427667391916469,True,0,0.0,0.0
195,1,3947c243866e562f90528579af08055b21e62ee87d57f45152ced09a5cc18213,43,model.layers.3.mlp.down_proj,down_proj,0,4.6306550735739505,4864x896,3,4864,896,1.75,2,0.9,0.8999999994761311,0.75,3648,False,False,0.7868891448742943,3648,1.2447539327769221,0.9030718061403604,4302,25,1.4512820659504793,1.423516942354643,tiles_s,Tiles (s),135,0.9011824716581032,4320,4,1.4053803411157781,1.4353321540417516,0.001182472181972094,True,False,False,True,67,1.405380368232727,0.9011824131011963,0.6354875,0.7462089,0.6247200071811676,0.7285247981548308,0.0901035,0.0969481,7.052861431575909,True,True,False,1.0990221875498474,1.2740699249328968,True,67,0.0,0.0
195,1,3947c243866e562f90528579af08055b21e62ee87d57f45152ced09a5cc18213,43,model.layers.3.mlp.down_proj,down_proj,0,4.6306550735739505,4864x896,3,4864,896,1.75,2,0.9,0.8999999994761311,0.75,3648,False,False,0.7868891448742943,3648,1.2447539327769221,0.9030718061403604,4302,25,1.4512820659504793,1.423516942354643,tiles_2s,Tiles (2s),270,0.9018146552480175,4320,3,1.4053803411157784,1.4356144796380088,0.001814655771886442,True,False,False,True,0,1.405380368232727,0.9018149375915527,0.7106085,0.7875185,0.6988800168037415,0.7732223868370056,0.06956999999999999,0.07489734999999999,10.214294954721863,True,True,False,1.0795686572623198,1.2740699249328746,True,0,0.0,0.0
205,1,3947c243866e562f90528579af08055b21e62ee87d57f45152ced09a5cc18213,43,model.layers.5.self_attn.v_proj,v_proj,0,0.9199804755116026,896x128,1,896,128,0.25,0,0.5,0.5000000003637979,0.25,224,False,False,0.26784847016097046,224,0.018949429657794677,0.8327205073437653,736,1,0.03559616,0.03664651603113517,tiles_half_s,Tiles (s/2),472,0.5238804309046827,472,1,0.02747613916319621,0.02632202643171806,0.023880430540884845,True,False,False,True,236,0.02747613936662674,0.5238803625106812,0.7061395,0.73474115,0.6937599778175354,0.7214080035686493,0.0328165,0.03611945,21.517818780186797,True,True,False,26.05374728139761,25.023870918991953,True,236,0.0,0.0
205,1,3947c243866e562f90528579af08055b21e62ee87d57f45152ced09a5cc18213,43,model.layers.5.self_attn.v_proj,v_proj,0,0.9199804755116026,896x128,1,896,128,0.25,0,0.5,0.5000000003637979,0.25,224,False,False,0.26784847016097046,224,0.018949429657794677,0.8327205073437653,736,1,0.03559616,0.03664651603113517,tiles_s,Tiles (s),896,0.5053220732952468,448,1,0.026642468538838122,0.025773178458289338,0.005322072931448929,True,False,False,True,448,0.026642467826604843,0.5053220987319946,0.7159525,0.764524,0.7009280025959015,0.7524863749742507,0.032546,0.03458005,21.998171818349412,True,True,False,27.59562138643793,27.298768275263953,True,448,0.0,0.0
205,1,3947c243866e562f90528579af08055b21e62ee87d57f45152ced09a5cc18213,43,model.layers.5.self_attn.v_proj,v_proj,0,0.9199804755116026,896x128,1,896,128,0.25,0,0.5,0.5000000003637979,0.25,224,False,False,0.26784847016097046,224,0.018949429657794677,0.8327205073437653,736,1,0.03559616,0.03664651603113517,tiles_2s,Tiles (2s),896,0.5053220732952468,448,1,0.026642468538838122,0.025773178458289338,0.005322072931448929,True,False,False,True,448,0.026642467826604843,0.5053220987319946,0.641539,0.7525088999999999,0.6307839751243591,0.7411200016736984,0.031639,0.0349431,20.276841872372703,True,True,False,27.59562138643793,27.298768275263953,True,448,0.0,0.0
205,1,3947c243866e562f90528579af08055b21e62ee87d57f45152ced09a5cc18213,43,model.layers.5.self_attn.v_proj,v_proj,0,0.9199804755116026,896x128,1,896,128,0.25,1,0.7,0.700000000509317,0.5,448,False,False,0.5300893899402581,448,0.03634124909539145,0.8327205073437653,736,1,0.03559616,0.03664651603113517,tiles_half_s,Tiles (s/2),472,0.7993172892602161,708,1,0.0356739003027174,0.03657105263157895,0.09931728875089907,True,False,False,True,236,0.035673901438713074,0.7993172407150269,0.716529,0.8038693,0.7039999961853027,0.7911936044692993,0.033432500000000004,0.039367449999999984,21.43210947431391,True,True,False,-2.7387578648341515,2.654046915650654,True,236,0.0,0.0
205,1,3947c243866e562f90528579af08055b21e62ee87d57f45152ced09a5cc18213,43,model.layers.5.self_attn.v_proj,v_proj,0,0.9199804755116026,896x128,1,896,128,0.25,1,0.7,0.700000000509317,0.5,448,False,False,0.5300893899402581,448,0.03634124909539145,0.8327205073437653,736,1,0.03559616,0.03664651603113517,tiles_s,Tiles (s),896,1.0000000007275958,896,1,0.04220432019352241,0.043105703422053235,0.3000000002182788,True,False,False,True,0,0.042204320430755615,1.0,0.7062845,0.75194345,0.6937599778175354,0.7393792152404784,0.033172,0.0374886,21.291586277583505,True,True,False,-21.09649867304011,-15.165982375146637,True,0,0.0,0.0
205,1,3947c243866e562f90528579af08055b21e62ee87d57f45152ced09a5cc18213,43,model.layers.5.self_attn.v_proj,v_proj,0,0.9199804755116026,896x128,1,896,128,0.25,1,0.7,0.700000000509317,0.5,448,False,False,0.5300893899402581,448,0.03634124909539145,0.8327205073437653,736,1,0.03559616,0.03664651603113517,tiles_2s,Tiles (2s),896,1.0000000007275958,896,1,0.04220432019352241,0.043105703422053235,0.3000000002182788,True,False,False,True,0,0.042204320430755615,1.0,0.709276,0.7914519999999999,0.6958079934120178,0.778649616241455,0.032280500000000004,0.03355755,21.972274283236008,True,True,False,-21.09649867304011,-15.165982375146637,True,0,0.0,0.0
205,1,3947c243866e562f90528579af08055b21e62ee87d57f45152ced09a5cc18213,43,model.layers.5.self_attn.v_proj,v_proj,0,0.9199804755116026,896x128,1,896,128,0.25,2,0.9,0.9000000006548362,0.75,672,False,False,0.7701604619214777,672,0.04411609029795707,0.9679564191028476,864,1,0.04185874769797422,0.041092759361044964,tiles_half_s,Tiles (s/2),472,1.0000000007275958,896,1,0.04220432019352241,0.043105703422053235,0.10000000007275955,True,False,False,True,0,0.042204320430755615,1.0,0.71163,0.7677434,0.6993920207023621,0.7556607991456985,0.033863000000000004,0.03901829999999999,21.01497209343531,True,True,False,-2.9789608926579447,-2.70500411693253,True,0,0.0,0.0
205,1,3947c243866e562f90528579af08055b21e62ee87d57f45152ced09a5cc18213,43,model.layers.5.self_attn.v_proj,v_proj,0,0.9199804755116026,896x128,1,896,128,0.25,2,0.9,0.9000000006548362,0.75,672,False,False,0.7701604619214777,672,0.04411609029795707,0.9679564191028476,864,1,0.04185874769797422,0.041092759361044964,tiles_s,Tiles (s),896,1.0000000007275958,896,1,0.04220432019352241,0.043105703422053235,0.10000000007275955,True,False,False,True,0,0.042204320430755615,1.0,0.6734735000000001,0.7174944999999999,0.6620320081710815,0.7044975966215133,0.032726000000000005,0.03731155,20.57915724500397,True,True,False,-2.9789608926579447,-2.70500411693253,True,0,0.0,0.0
205,1,3947c243866e562f90528579af08055b21e62ee87d57f45152ced09a5cc18213,43,model.layers.5.self_attn.v_proj,v_proj,0,0.9199804755116026,896x128,1,896,128,0.25,2,0.9,0.9000000006548362,0.75,672,False,False,0.7701604619214777,672,0.04411609029795707,0.9679564191028476,864,1,0.04185874769797422,0.041092759361044964,tiles_2s,Tiles (2s),896,1.0000000007275958,896,1,0.04220432019352241,0.043105703422053235,0.10000000007275955,True,False,False,True,0,0.042204320430755615,1.0,0.6995724999999999,0.72377185,0.6871039867401123,0.7114239931106567,0.032721,0.03645529999999999,21.37992420769536,True,True,False,-2.9789608926579447,-2.70500411693253,True,0,0.0,0.0
206,1,3947c243866e562f90528579af08055b21e62ee87d57f45152ced09a5cc18213,43,model.layers.5.self_attn.o_proj,o_proj,0,0.6660852315982846,896x896,0,896,896,1.75,0,0.5,0.4999999992141966,0.25,224,False,False,0.37915761314798146,224,0.07654504280859703,0.5032599274709355,324,3,0.11078506640574368,0.11277495291763318,tiles_half_s,Tiles (s/2),68,0.5629580454842653,386,3,0.13278043218622787,0.13351720703581654,0.06295804627006873,True,False,False,True,34,0.13278043270111084,0.5629578828811646,0.7015264999999999,0.7599078,0.6896640062332153,0.7472639948129653,0.043381,0.04970934999999999,16.171284663792903,True,True,False,-20.51913797372089,-17.739292946729044,True,34,0.0,0.0
206,1,3947c243866e562f90528579af08055b21e62ee87d57f45152ced09a5cc18213,43,model.layers.5.self_attn.o_proj,o_proj,0,0.6660852315982846,896x896,0,896,896,1.75,0,0.5,0.4999999992141966,0.25,224,False,False,0.37915761314798146,224,0.07654504280859703,0.5032599274709355,324,3,0.11078506640574368,0.11277495291763318,tiles_s,Tiles (s),135,0.5204560885031242,356,2,0.11982812636487197,0.12110974543073215,0.020456089288927615,True,False,False,True,0,0.11982812732458115,0.5204560160636902,0.622444,0.7174210999999999,0.6123520135879517,0.702156776189804,0.03716,0.039843699999999996,16.750376749192682,True,True,False,-9.319558456710176,-6.254202076581827,True,0,0.0,0.0
206,1,3947c243866e562f90528579af08055b21e62ee87d57f45152ced09a5cc18213,43,model.layers.5.self_attn.o_proj,o_proj,0,0.6660852315982846,896x896,0,896,896,1.75,0,0.5,0.4999999992141966,0.25,224,False,False,0.37915761314798146,224,0.07654504280859703,0.5032599274709355,324,3,0.11078506640574368,0.11277495291763318,tiles_2s,Tiles (2s),270,0.6589338202902582,491,1,0.1597318859925572,0.16316821979219037,0.15893382107606158,True,False,False,True,135,0.1597318947315216,0.6589337587356567,0.7233965,0.78948175,0.709087997674942,0.776550406217575,0.034099000000000004,0.03762479999999999,21.214595735945334,True,True,False,-47.283587116874145,-41.63773236883521,True,135,0.0,0.0
206,1,3947c243866e562f90528579af08055b21e62ee87d57f45152ced09a5cc18213,43,model.layers.5.self_attn.o_proj,o_proj,0,0.6660852315982846,896x896,0,896,896,1.75,1,0.7,0.6999999988998752,0.5,448,True,False,0.6383465457183775,448,0.16440183607175116,0.7283717973041348,540,4,0.18172623128353807,0.18140065814738232,tiles_half_s,Tiles (s/2),68,0.7037421490240376,522,2,0.16981679121815652,0.1736173825821133,0.0037421501241624577,True,False,False,True,34,0.169816792011261,0.7037420868873596,0.6959505,0.7455212999999999,0.6835199892520905,0.7180288106203079,0.044118000000000004,0.0474106,15.774751801985584,True,True,False,4.462123406264318,6.385791015054798,True,34,0.0,0.0
206,1,3947c243866e562f90528579af08055b21e62ee87d57f45152ced09a5cc18213,43,model.layers.5.self_attn.o_proj,o_proj,0,0.6660852315982846,896x896,0,896,896,1.75,1,0.7,0.6999999988998752,0.5,448,True,False,0.6383465457183775,448,0.16440183607175116,0.7283717973041348,540,4,0.18172623128353807,0.18140065814738232,tiles_s,Tiles (s),135,0.7063969662413001,540,1,0.17567254263947227,0.17945180995475113,0.0063969673414249195,True,False,False,True,67,0.17567254602909088,0.7063969969749451,0.710924,0.73512845,0.6978560090065002,0.7194111943244934,0.037960999999999995,0.042557199999999996,18.727746898132295,True,True,False,1.2515646820619342,3.157714843160131,True,67,0.0,0.0
206,1,3947c243866e562f90528579af08055b21e62ee87d57f45152ced09a5cc18213,43,model.layers.5.self_attn.o_proj,o_proj,0,0.6660852315982846,896x896,0,896,896,1.75,1,0.7,0.6999999988998752,0.5,448,True,False,0.6383465457183775,448,0.16440183607175116,0.7283717973041348,540,4,0.18172623128353807,0.18140065814738232,tiles_2s,Tiles (2s),270,0.803749927028548,626,1,0.20365002165242527,0.20803117228087817,0.10374992812867279,True,False,False,True,0,0.20365002751350403,0.8037498593330383,0.7025079999999999,0.7790893,0.6901760101318359,0.7673343956470489,0.035406,0.041531099999999994,19.841495791673726,True,True,False,-14.47503797968377,-12.265315755892159,True,0,0.0,0.0
206,1,3947c243866e562f90528579af08055b21e62ee87d57f45152ced09a5cc18213,43,model.layers.5.self_attn.o_proj,o_proj,0,0.6660852315982846,896x896,0,896,896,1.75,2,0.9,0.8999999985855539,0.75,672,True,False,0.8656579731905367,672,0.23881258083081575,0.9129313412995543,744,4,0.25221371631443285,0.2507238022091656,tiles_half_s,Tiles (s/2),68,0.9034237785235746,748,2,0.2488323601836284,0.25242302733400296,0.003423779938020677,True,False,False,True,0,0.2488323599100113,0.9034238457679749,0.712366,0.7355813,0.7004160284996033,0.7206400036811829,0.046071,0.05238979999999999,15.462351587766708,True,True,False,-0.08298954657532942,0.7543926858445182,True,0,0.0,0.0
206,1,3947c243866e562f90528579af08055b21e62ee87d57f45152ced09a5cc18213,43,model.layers.5.self_attn.o_proj,o_proj,0,0.6660852315982846,896x896,0,896,896,1.75,2,0.9,0.8999999985855539,0.75,672,True,False,0.8656579731905367,672,0.23881258083081575,0.9129313412995543,744,4,0.25221371631443285,0.2507238022091656,tiles_s,Tiles (s),135,0.9166138628061162,761,2,0.24756815731229334,0.25261179917330845,0.016613864220562324,True,False,False,True,0,0.24756816029548645,0.9166138172149658,0.705754,0.7453192,0.6932480037212372,0.7332863807678223,0.038711999999999996,0.04332805,18.230884480264518,True,True,False,-0.1578355311886881,1.2586140083499897,True,0,0.0,0.0
206,1,3947c243866e562f90528579af08055b21e62ee87d57f45152ced09a5cc18213,43,model.layers.5.self_attn.o_proj,o_proj,0,0.6660852315982846,896x896,0,896,896,1.75,2,0.9,0.8999999985855539,0.75,672,True,False,0.8656579731905367,672,0.23881258083081575,0.9129313412995543,744,4,0.25221371631443285,0.2507238022091656,tiles_2s,Tiles (2s),270,0.9999999984283932,896,1,0.2914862929721614,0.29775707725825373,0.09999999984283925,True,False,False,True,0,0.29148629307746887,0.9999998807907104,0.6972579999999999,0.7268101,0.6829119920730591,0.7144959837198257,0.0356015,0.039196,19.585073662626574,True,True,False,-18.057448107636766,-16.257926213558992,True,0,0.0,0.0
208,1,3947c243866e562f90528579af08055b21e62ee87d57f45152ced09a5cc18213,43,model.layers.5.mlp.up_proj,up_proj,0,0.7154407145166022,896x4864,2,896,4864,9.5,0,0.5,0.49999999250944427,0.25,224,False,False,0.3170966893667355,224,0.43897547167020495,0.5198959519620985,410,21,0.7725734467273552,0.776630813217498,tiles_half_s,Tiles (s/2),12,0.5086638564825989,408,21,0.8014811155016864,0.7905991645131913,0.008663863973154662,True,False,False,True,6,0.8014811277389526,0.5086641311645508,0.7172704999999999,0.74658825,0.7055360078811646,0.7306239873170852,0.1071955,0.11325104999999999,6.691237038868236,True,True,False,-2.3332044172879263,-3.1997574473302537,True,6,0.0,0.0
208,1,3947c243866e562f90528579af08055b21e62ee87d57f45152ced09a5cc18213,43,model.layers.5.mlp.up_proj,up_proj,0,0.7154407145166022,896x4864,2,896,4864,9.5,0,0.5,0.49999999250944427,0.25,224,False,False,0.3170966893667355,224,0.43897547167020495,0.5198959519620985,410,21,0.7725734467273552,0.776630813217498,tiles_s,Tiles (s),25,0.516785605752375,425,10,0.7505586147162641,0.7693087969949178,0.016785613242930708,True,False,False,True,12,0.750558614730835,0.5167852640151978,0.6717200000000001,0.7322472499999999,0.6609919965267181,0.720742404460907,0.0692195,0.08005005,9.704201850634577,True,True,False,0.42256820322604804,3.357090403510987,True,12,0.0,0.0
208,1,3947c243866e562f90528579af08055b21e62ee87d57f45152ced09a5cc18213,43,model.layers.5.mlp.up_proj,up_proj,0,0.7154407145166022,896x4864,2,896,4864,9.5,0,0.5,0.49999999250944427,0.25,224,False,False,0.3170966893667355,224,0.43897547167020495,0.5198959519620985,410,21,0.7725734467273552,0.776630813217498,tiles_2s,Tiles (2s),50,0.5389169159461744,450,6,0.7947091214642795,0.8118058069381598,0.038916923436730144,True,False,False,True,25,0.7947091460227966,0.5389169454574585,0.7095309999999999,0.75747985,0.6973440051078796,0.7446015954017638,0.04817,0.0520022,14.729728046501972,True,True,False,-5.07813986838328,-2.3277866315766005,True,25,0.0,0.0
208,1,3947c243866e562f90528579af08055b21e62ee87d57f45152ced09a5cc18213,43,model.layers.5.mlp.up_proj,up_proj,0,0.7154407145166022,896x4864,2,896,4864,9.5,1,0.7,0.699999989513222,0.5,448,False,False,0.562244514003396,448,0.8552539584857113,0.7090445393114351,590,27,1.0999724541604428,1.1023319309185133,tiles_half_s,Tiles (s/2),12,0.7081733298255131,600,16,1.0947320832631655,1.1076288359375366,0.00817334031229111,True,False,False,True,6,1.0947320461273193,0.7081735730171204,0.711094,0.7476946499999999,0.6993920207023621,0.7245312005281448,0.113427,0.119724,6.269177532686221,True,True,False,-0.6960521373180706,0.6894336852798277,True,6,0.0,0.0
208,1,3947c243866e562f90528579af08055b21e62ee87d57f45152ced09a5cc18213,43,model.layers.5.mlp.up_proj,up_proj,0,0.7154407145166022,896x4864,2,896,4864,9.5,1,0.7,0.699999989513222,0.5,448,False,False,0.562244514003396,448,0.8552539584857113,0.7090445393114351,590,27,1.0999724541604428,1.1023319309185133,tiles_s,Tiles (s),25,0.7013102835044265,600,10,1.0596121619523728,1.0829284051170998,0.0013102939912045253,True,False,False,True,12,1.0596122741699219,0.7013101577758789,0.7161835,0.74117475,0.7045120000839233,0.7225856184959412,0.070146,0.07754504999999999,10.209897927180451,True,True,False,1.5494978059566011,3.875399756454889,True,12,0.0,0.0
208,1,3947c243866e562f90528579af08055b21e62ee87d57f45152ced09a5cc18213,43,model.layers.5.mlp.up_proj,up_proj,0,0.7154407145166022,896x4864,2,896,4864,9.5,1,0.7,0.699999989513222,0.5,448,False,False,0.562244514003396,448,0.8552539584857113,0.7090445393114351,590,27,1.0999724541604428,1.1023319309185133,tiles_2s,Tiles (2s),50,0.7496246765949763,650,5,1.1479131754484038,1.1726083877995643,0.04962468708175438,True,False,False,True,25,1.1479132175445557,0.7496246695518494,0.7117755,0.74377065,0.6999040246009827,0.7270399928092957,0.0501285,0.05448305,14.19901852239744,True,True,False,-6.603432055447356,-4.134983597173858,True,25,0.0,0.0
208,1,3947c243866e562f90528579af08055b21e62ee87d57f45152ced09a5cc18213,43,model.layers.5.mlp.up_proj,up_proj,0,0.7154407145166022,896x4864,2,896,4864,9.5,2,0.9,0.8999999865169998,0.75,672,False,False,0.7917651882162318,672,1.2452950009277461,0.9072641023667529,791,27,1.4502001229371673,1.4407045557295566,tiles_half_s,Tiles (s/2),12,0.9005778983118944,792,8,1.404416169285042,1.4324458209864868,0.0005779117948946366,True,False,False,True,6,1.4044160842895508,0.9005780220031738,0.716108,0.74938335,0.7019519805908203,0.7351807832717895,0.116042,0.12196604999999999,6.17111046000586,True,True,False,1.2242656492623794,2.518794453741313,True,6,0.0,0.0
208,1,3947c243866e562f90528579af08055b21e62ee87d57f45152ced09a5cc18213,43,model.layers.5.mlp.up_proj,up_proj,0,0.7154407145166022,896x4864,2,896,4864,9.5,2,0.9,0.8999999865169998,0.75,672,False,False,0.7917651882162318,672,1.2452950009277461,0.9072641023667529,791,27,1.4502001229371673,1.4407045557295566,tiles_s,Tiles (s),25,0.9056933259125799,800,3,1.412816215936497,1.4432103234456175,0.005693339395580144,True,False,False,True,12,1.4128162860870361,0.9056933522224426,0.7003794999999999,0.736304,0.6886399984359741,0.7221248149871826,0.0696705,0.0760305,10.052741117115565,True,True,False,0.4819886152948927,1.93574315303926,True,12,0.0,0.0
208,1,3947c243866e562f90528579af08055b21e62ee87d57f45152ced09a5cc18213,43,model.layers.5.mlp.up_proj,up_proj,0,0.7154407145166022,896x4864,2,896,4864,9.5,2,0.9,0.8999999865169998,0.75,672,False,False,0.7917651882162318,672,1.2452950009277461,0.9072641023667529,791,27,1.4502001229371673,1.4407045557295566,tiles_2s,Tiles (2s),50,0.9014129282805641,796,3,1.4057521348568147,1.4359942718283896,0.0014129417635643238,True,False,False,True,0,1.405752182006836,0.9014129638671875,0.705478,0.72830005,0.6937599778175354,0.7127040028572083,0.051361000000000004,0.0609311,13.735674928447654,True,True,False,0.9795786722184174,2.4260644372740447,True,0,0.0,0.0
209,1,3947c243866e562f90528579af08055b21e62ee87d57f45152ced09a5cc18213,43,model.layers.5.mlp.down_proj,down_proj,0,0.600777763315591,4864x896,3,4864,896,1.75,0,0.5,0.5000000006002665,0.25,1216,False,False,0.27260604044568026,1212,0.41551438029367654,0.513597970988485,2364,20,0.8022079835221613,0.7964282331779775,tiles_half_s,Tiles (s/2),68,0.5136131429026136,2380,20,0.845674102490346,0.8413966388349844,0.013613142302347114,True,False,False,True,0,0.8456741571426392,0.5136131048202515,0.6735234999999999,0.8530693499999998,0.66252800822258,0.8346623927354812,0.124718,0.13737875,5.400371237511826,True,True,False,-4.885099141093319,-6.183340477002353,True,0,0.0,0.0
209,1,3947c243866e562f90528579af08055b21e62ee87d57f45152ced09a5cc18213,43,model.layers.5.mlp.down_proj,down_proj,0,0.600777763315591,4864x896,3,4864,896,1.75,0,0.5,0.5000000006002665,0.25,1216,False,False,0.27260604044568026,1212,0.41551438029367654,0.513597970988485,2364,20,0.8022079835221613,0.7964282331779775,tiles_s,Tiles (s),135,0.5170435678301146,2430,9,0.7905264418776252,0.8061215168150926,0.017043567229848122,True,False,False,True,0,0.7905265092849731,0.5170437097549438,0.7202765,0.7666148,0.7075839936733246,0.7543295890092849,0.08274000000000001,0.09015834999999998,8.70529973410684,True,True,False,-0.4878452188606497,0.7410324062473883,True,0,0.0,0.0
209,1,3947c243866e562f90528579af08055b21e62ee87d57f45152ced09a5cc18213,43,model.layers.5.mlp.down_proj,down_proj,0,0.600777763315591,4864x896,3,4864,896,1.75,0,0.5,0.5000000006002665,0.25,1216,False,False,0.27260604044568026,1212,0.41551438029367654,0.513597970988485,2364,20,0.8022079835221613,0.7964282331779775,tiles_2s,Tiles (2s),270,0.5110804776486475,2430,6,0.7905264418776252,0.80753314479638,0.011080477048380999,True,False,False,True,0,0.7905265092849731,0.511080265045166,0.719174,0.81858325,0.7060480117797852,0.7931904077529907,0.06514600000000001,0.0715561,11.03941915083044,True,True,False,-0.6638130489350358,0.7410324062473883,True,0,0.0,0.0
209,1,3947c243866e562f90528579af08055b21e62ee87d57f45152ced09a5cc18213,43,model.layers.5.mlp.down_proj,down_proj,0,0.600777763315591,4864x896,3,4864,896,1.75,1,0.7,0.7000000008403731,0.5,2432,False,False,0.5274342449265532,2430,0.8275207013238591,0.7061265817610547,3318,26,1.122739148065595,1.1121590357671847,tiles_half_s,Tiles (s/2),68,0.7025135705043795,3332,16,1.1169247920439371,1.1305256630600709,0.0025135696640063987,True,False,False,True,34,1.11692476272583,0.7025138139724731,0.711109,0.7381831,0.6988799870014191,0.7147520184516907,0.129998,0.1426458,5.470153386975184,True,True,False,-0.6935284128901653,-0.42851391963605323,True,34,0.0,0.0
209,1,3947c243866e562f90528579af08055b21e62ee87d57f45152ced09a5cc18213,43,model.layers.5.mlp.down_proj,down_proj,0,0.600777763315591,4864x896,3,4864,896,1.75,1,0.7,0.7000000008403731,0.5,2432,False,False,0.5274342449265532,2430,0.8275207013238591,0.7061265817610547,3318,26,1.122739148065595,1.1121590357671847,tiles_s,Tiles (s),135,0.7075966891788994,3375,10,1.0979533914967017,1.1204445098321645,0.007596688338526336,True,False,False,True,0,1.09795343875885,0.7075966596603394,0.7080785,0.7864184999999998,0.6958079934120178,0.7731200218200682,0.08674699999999999,0.0948885,8.162570463531882,True,True,False,0.2043785715839741,1.277303318466838,True,0,0.0,0.0
209,1,3947c243866e562f90528579af08055b21e62ee87d57f45152ced09a5cc18213,43,model.layers.5.mlp.down_proj,down_proj,0,0.600777763315591,4864x896,3,4864,896,1.75,1,0.7,0.7000000008403731,0.5,2432,False,False,0.5274342449265532,2430,0.8275207013238591,0.7061265817610547,3318,26,1.122739148065595,1.1121590357671847,tiles_2s,Tiles (2s),270,0.7036143202349194,3375,4,1.0979533914967017,1.1212914866209371,0.0036143193945463725,True,False,False,True,135,1.09795343875885,0.7036146521568298,0.699172,0.7219244,0.6871039867401123,0.707584023475647,0.06683,0.07229074999999999,10.461948226844232,True,True,False,0.12894014136338727,1.277303318466838,True,135,0.0,0.0
209,1,3947c243866e562f90528579af08055b21e62ee87d57f45152ced09a5cc18213,43,model.layers.5.mlp.down_proj,down_proj,0,0.600777763315591,4864x896,3,4864,896,1.75,2,0.9,0.9000000010804797,0.75,3648,False,False,0.77021593934478,3648,1.2324041430379429,0.903485097369412,4344,26,1.462865044517561,1.444763072620725,tiles_half_s,Tiles (s/2),68,0.9031178319419269,4352,7,1.4212839225404026,1.4502449993245292,0.003117830861447124,True,False,False,True,0,1.4212839603424072,0.9031177759170532,0.7224955,0.7636345,0.7106559872627258,0.7420416086912155,0.13187149999999997,0.13989955,5.478784271051745,True,True,False,0.8626937420050163,1.6251211375255092,True,0,0.0,0.0
209,1,3947c243866e562f90528579af08055b21e62ee87d57f45152ced09a5cc18213,43,model.layers.5.mlp.down_proj,down_proj,0,0.600777763315591,4864x896,3,4864,896,1.75,2,0.9,0.9000000010804797,0.75,3648,False,False,0.77021593934478,3648,1.2324041430379429,0.903485097369412,4344,26,1.462865044517561,1.444763072620725,tiles_s,Tiles (s),135,0.9210473872371949,4455,3,1.4492984767756463,1.4804774321266967,0.021047386156715198,True,False,False,True,67,1.4492985010147095,0.9210474491119385,0.7124965,0.7441538,0.6999040246009827,0.7277055978775024,0.08837,0.09388955,8.062651352268869,True,True,False,-1.203965305968735,-0.3139202711413658,True,67,0.0,0.0
209,1,3947c243866e562f90528579af08055b21e62ee87d57f45152ced09a5cc18213,43,model.layers.5.mlp.down_proj,down_proj,0,0.600777763315591,4864x896,3,4864,896,1.75,2,0.9,0.9000000010804797,0.75,3648,False,False,0.77021593934478,3648,1.2324041430379429,0.903485097369412,4344,26,1.462865044517561,1.444763072620725,tiles_2s,Tiles (2s),270,0.9466026667068945,4590,2,1.4932166124355142,1.5253403846153848,0.046602665626414796,True,False,False,True,0,1.493216633796692,0.9466025233268738,0.720692,0.76907355,0.7055360078811646,0.755968028306961,0.068633,0.0775582,10.500662946396048,True,True,False,-4.270752133422362,-3.353736036933519,True,0,0.0,0.0
224,1,3947c243866e562f90528579af08055b21e62ee87d57f45152ced09a5cc18213,43,model.layers.8.self_attn.q_proj,q_proj,0,1.0393673644150385,896x896,0,896,896,1.75,0,0.5,0.5000000006111804,0.25,224,False,False,0.3075995029648766,224,0.08694919385941693,0.5427005012752488,436,4,0.14897733701765586,0.15033758193415203,tiles_half_s,Tiles (s/2),68,0.5679601162555628,476,3,0.16583880649269803,0.16588152475347598,0.06796011564438231,True,False,False,True,0,0.1658388078212738,0.5679600238800049,0.705729,0.78696395,0.6932479739189148,0.7681536018848418,0.044013,0.048825,16.03455797150842,True,True,False,-11.346818297481542,-10.310944448564797,True,0,0.0,0.0
224,1,3947c243866e562f90528579af08055b21e62ee87d57f45152ced09a5cc18213,43,model.layers.8.self_attn.q_proj,q_proj,0,1.0393673644150385,896x896,0,896,896,1.75,0,0.5,0.5000000006111804,0.25,224,False,False,0.3075995029648766,224,0.08694919385941693,0.5427005012752488,436,4,0.14897733701765586,0.15033758193415203,tiles_s,Tiles (s),135,0.6170279949728865,540,2,0.1756725426394723,0.1791694843584936,0.11702799436170608,True,False,False,True,67,0.17567254602909088,0.6170278191566467,0.7103725,0.7372491499999999,0.6963199973106384,0.7250944048166275,0.038516999999999996,0.044956699999999995,18.443090064127528,True,True,False,-20.26626864545147,-16.852047491635847,False,0,-0.0002823255962575155,2.7755575615628914e-17
224,1,3947c243866e562f90528579af08055b21e62ee87d57f45152ced09a5cc18213,43,model.layers.8.self_attn.q_proj,q_proj,0,1.0393673644150385,896x896,0,896,896,1.75,0,0.5,0.5000000006111804,0.25,224,False,False,0.3075995029648766,224,0.08694919385941693,0.5427005012752488,436,4,0.14897733701765586,0.15033758193415203,tiles_2s,Tiles (2s),270,0.6298748777335277,540,2,0.17567254263947227,0.17945180995475113,0.12987487712234724,True,False,False,True,0,0.17567254602909088,0.6298751831054688,0.7120759999999999,0.7995049499999999,0.7003840208053589,0.7857151836156845,0.034219,0.039205199999999996,20.809374908676464,True,True,False,-20.455777735833493,-16.852047491635847,True,0,0.0,0.0
224,1,3947c243866e562f90528579af08055b21e62ee87d57f45152ced09a5cc18213,43,model.layers.8.self_attn.q_proj,q_proj,0,1.0393673644150385,896x896,0,896,896,1.75,1,0.7,0.7000000008556526,0.5,448,True,False,0.5627090590423904,448,0.1645696134404201,0.7753383289818885,652,5,0.22047162776101548,0.2196206118943171,tiles_half_s,Tiles (s/2),68,0.7201331520773238,612,3,0.2045889050003539,0.20737505630458614,0.02013315122167114,True,False,False,True,34,0.2045889049768448,0.7201331257820129,0.709681,0.74831485,0.6958079934120178,0.7277567923068999,0.045184,0.04798205,15.706466890934843,True,True,False,5.940252534727786,6.844397146656056,True,34,0.0,0.0
224,1,3947c243866e562f90528579af08055b21e62ee87d57f45152ced09a5cc18213,43,model.layers.8.self_attn.q_proj,q_proj,0,1.0393673644150385,896x896,0,896,896,1.75,1,0.7,0.7000000008556526,0.5,448,True,False,0.5627090590423904,448,0.1645696134404201,0.7753383289818885,652,5,0.22047162776101548,0.2196206118943171,tiles_s,Tiles (s),135,0.7601036230043974,675,1,0.21959067829934034,0.22431476244343893,0.06010362214874476,True,False,False,True,67,0.2195906788110733,0.7601034641265869,0.7118355000000001,0.79687125,0.6999040246009827,0.769536006450653,0.039008,0.042399599999999996,18.24844903609516,True,True,False,-1.7431425174532222,0.013629683807259152,True,67,0.0,0.0
224,1,3947c243866e562f90528579af08055b21e62ee87d57f45152ced09a5cc18213,43,model.layers.8.self_attn.q_proj,q_proj,0,1.0393673644150385,896x896,0,896,896,1.75,1,0.7,0.7000000008556526,0.5,448,True,False,0.5627090590423904,448,0.1645696134404201,0.7753383289818885,652,5,0.22047162776101548,0.2196206118943171,tiles_2s,Tiles (2s),270,0.7636378160241293,675,1,0.21959067829934034,0.22431476244343893,0.06363781516847666,True,False,False,True,135,0.2195906788110733,0.7636377215385437,0.6776915,0.7710499,0.6650879979133606,0.7572480112314224,0.035301,0.037841,19.1975156511147,True,True,False,-1.7431425174532222,0.013629683807259152,True,135,0.0,0.0
224,1,3947c243866e562f90528579af08055b21e62ee87d57f45152ced09a5cc18213,43,model.layers.8.self_attn.q_proj,q_proj,0,1.0393673644150385,896x896,0,896,896,1.75,2,0.9,0.9000000011001248,0.75,672,False,False,0.7986747688119067,672,0.23739510684846793,0.9059545787313255,788,4,0.262671573853265,0.2582298551025981,tiles_half_s,Tiles (s/2),68,0.9227985085017281,816,1,0.265460731099647,0.2711716239316239,0.022798507401603274,True,False,False,True,34,0.265460729598999,0.9227985739707947,0.70903,0.7412156,0.696832001209259,0.7155199915170669,0.046221,0.05454014999999998,15.339996971073756,True,True,False,-3.235999218974217,-2.800170411812375,True,34,0.0,0.0
224,1,3947c243866e562f90528579af08055b21e62ee87d57f45152ced09a5cc18213,43,model.layers.8.self_attn.q_proj,q_proj,0,1.0393673644150385,896x896,0,896,896,1.75,2,0.9,0.9000000011001248,0.75,672,False,False,0.7986747688119067,672,0.23739510684846793,0.9059545787313255,788,4,0.262671573853265,0.2582298551025981,tiles_s,Tiles (s),135,0.9141065454023192,810,1,0.26350881395920844,0.26917771493212667,0.01410654430219438,True,False,False,True,0,0.2635088264942169,0.9141066074371338,0.6678485000000001,0.7558698999999999,0.6562720239162445,0.7437311828136443,0.038868,0.04420729999999999,17.182476587424105,True,True,False,-2.476910989422909,-2.044286805843165,True,0,0.0,0.0
224,1,3947c243866e562f90528579af08055b21e62ee87d57f45152ced09a5cc18213,43,model.layers.8.self_attn.q_proj,q_proj,0,1.0393673644150385,896x896,0,896,896,1.75,2,0.9,0.9000000011001248,0.75,672,False,False,0.7986747688119067,672,0.23739510684846793,0.9059545787313255,788,4,0.262671573853265,0.2582298551025981,tiles_2s,Tiles (2s),270,0.9141065454023192,810,1,0.26350881395920844,0.26917771493212667,0.01410654430219438,True,False,False,True,0,0.2635088264942169,0.9141066074371338,0.7051035,0.7297842,0.6937600076198578,0.7175856113433837,0.0351655,0.04062534999999999,20.05100169199926,True,True,False,-2.476910989422909,-2.044286805843165,True,0,0.0,0.0
225,1,3947c243866e562f90528579af08055b21e62ee87d57f45152ced09a5cc18213,43,model.layers.8.self_attn.k_proj,k_proj,0,1.0393673644150385,896x128,1,896,128,0.25,0,0.5,0.5000000006111804,0.25,224,False,False,0.27328194718575105,224,0.018949429657794677,0.8312108743557474,736,1,0.03559616,0.03664651603113517,tiles_half_s,Tiles (s/2),472,0.5194869507831754,472,1,0.02747613916319621,0.02632202643171806,0.019486950171994977,True,False,False,True,0,0.02747613936662674,0.5194869637489319,0.7112295,0.7643115,0.6993920207023621,0.7516160011291504,0.032946500000000004,0.03494805,21.587406856570496,True,True,False,26.05374728139761,25.023870918991953,True,0,0.0,0.0
225,1,3947c243866e562f90528579af08055b21e62ee87d57f45152ced09a5cc18213,43,model.layers.8.self_attn.k_proj,k_proj,0,1.0393673644150385,896x128,1,896,128,0.25,0,0.5,0.5000000006111804,0.25,224,False,False,0.27328194718575105,224,0.018949429657794677,0.8312108743557474,736,1,0.03559616,0.03664651603113517,tiles_s,Tiles (s),896,0.5120947456307476,448,1,0.026642468538838122,0.025773178458289338,0.012094745019567199,True,False,False,True,448,0.026642467826604843,0.5120947360992432,0.704096,0.7294081499999999,0.692223995923996,0.7170048028230667,0.03221,0.03444205,21.859546724619683,True,True,False,27.59562138643793,27.298768275263953,True,448,0.0,0.0
225,1,3947c243866e562f90528579af08055b21e62ee87d57f45152ced09a5cc18213,43,model.layers.8.self_attn.k_proj,k_proj,0,1.0393673644150385,896x128,1,896,128,0.25,0,0.5,0.5000000006111804,0.25,224,False,False,0.27328194718575105,224,0.018949429657794677,0.8312108743557474,736,1,0.03559616,0.03664651603113517,tiles_2s,Tiles (2s),896,0.5120947456307476,448,1,0.026642468538838122,0.025773178458289338,0.012094745019567199,True,False,False,True,448,0.026642467826604843,0.5120947360992432,0.7048019999999999,0.7822089499999999,0.6912000179290771,0.7660544127225876,0.03204,0.03484155,21.99756554307116,True,True,False,27.59562138643793,27.298768275263953,True,448,0.0,0.0
225,1,3947c243866e562f90528579af08055b21e62ee87d57f45152ced09a5cc18213,43,model.layers.8.self_attn.k_proj,k_proj,0,1.0393673644150385,896x128,1,896,128,0.25,1,0.7,0.7000000008556526,0.5,448,True,False,0.5359747696493287,448,0.03634124909539145,0.8312108743557474,736,1,0.03559616,0.03664651603113517,tiles_half_s,Tiles (s/2),472,0.7952518029924249,708,1,0.0356739003027174,0.03657105263157895,0.09525180213677231,True,False,False,True,236,0.035673901438713074,0.7952517867088318,0.7056085000000001,0.77083815,0.693231999874115,0.7564288049936294,0.033573000000000006,0.0360906,21.017141750811664,True,True,False,-2.7387578648341515,2.654046915650654,True,236,0.0,0.0
225,1,3947c243866e562f90528579af08055b21e62ee87d57f45152ced09a5cc18213,43,model.layers.8.self_attn.k_proj,k_proj,0,1.0393673644150385,896x128,1,896,128,0.25,1,0.7,0.7000000008556526,0.5,448,True,False,0.5359747696493287,448,0.03634124909539145,0.8312108743557474,736,1,0.03559616,0.03664651603113517,tiles_s,Tiles (s),896,1.0000000012223609,896,1,0.04220432019352241,0.043105703422053235,0.30000000036670826,True,False,False,True,0,0.042204320430755615,1.0,0.7036100000000001,0.73220055,0.6922240257263184,0.7163903981447219,0.0325105,0.0363091,21.64254625428708,True,True,False,-21.09649867304011,-15.165982375146637,True,0,0.0,0.0
225,1,3947c243866e562f90528579af08055b21e62ee87d57f45152ced09a5cc18213,43,model.layers.8.self_attn.k_proj,k_proj,0,1.0393673644150385,896x128,1,896,128,0.25,1,0.7,0.7000000008556526,0.5,448,True,False,0.5359747696493287,448,0.03634124909539145,0.8312108743557474,736,1,0.03559616,0.03664651603113517,tiles_2s,Tiles (2s),896,1.0000000012223609,896,1,0.04220432019352241,0.043105703422053235,0.30000000036670826,True,False,False,True,0,0.042204320430755615,1.0,0.7030635000000001,0.7732273999999999,0.6906880140304565,0.7542784094810485,0.032185000000000005,0.03530205,21.844446170576354,True,True,False,-21.09649867304011,-15.165982375146637,True,0,0.0,0.0
225,1,3947c243866e562f90528579af08055b21e62ee87d57f45152ced09a5cc18213,43,model.layers.8.self_attn.k_proj,k_proj,0,1.0393673644150385,896x128,1,896,128,0.25,2,0.9,0.9000000011001248,0.75,672,False,False,0.7673801140190335,672,0.04411609029795707,1.0000000012223609,896,1,0.043105703422053235,0.04220432019352241,tiles_half_s,Tiles (s/2),472,1.0000000012223609,896,1,0.04220432019352241,0.043105703422053235,0.10000000012223609,True,False,False,True,0,0.042204320430755615,1.0,0.7134435,0.7645093999999998,0.6993920207023621,0.7512064069509504,0.033457,0.036123,21.324192246764504,True,True,False,0.0,0.0,True,0,0.0,0.0
225,1,3947c243866e562f90528579af08055b21e62ee87d57f45152ced09a5cc18213,43,model.layers.8.self_attn.k_proj,k_proj,0,1.0393673644150385,896x128,1,896,128,0.25,2,0.9,0.9000000011001248,0.75,672,False,False,0.7673801140190335,672,0.04411609029795707,1.0000000012223609,896,1,0.043105703422053235,0.04220432019352241,tiles_s,Tiles (s),896,1.0000000012223609,896,1,0.04220432019352241,0.043105703422053235,0.10000000012223609,True,False,False,True,0,0.042204320430755615,1.0,0.7033244999999999,0.7261716,0.6917120218276978,0.7134720087051392,0.0327965,0.03978189999999998,21.4451084719406,True,True,False,0.0,0.0,True,0,0.0,0.0
225,1,3947c243866e562f90528579af08055b21e62ee87d57f45152ced09a5cc18213,43,model.layers.8.self_attn.k_proj,k_proj,0,1.0393673644150385,896x128,1,896,128,0.25,2,0.9,0.9000000011001248,0.75,672,False,False,0.7673801140190335,672,0.04411609029795707,1.0000000012223609,896,1,0.043105703422053235,0.04220432019352241,tiles_2s,Tiles (2s),896,1.0000000012223609,896,1,0.04220432019352241,0.043105703422053235,0.10000000012223609,True,False,False,True,0,0.042204320430755615,1.0,0.6425810000000001,0.71730595,0.6276479959487915,0.7055024057626724,0.032135,0.03768865,19.996296872568855,True,True,False,0.0,0.0,True,0,0.0,0.0
228,1,3947c243866e562f90528579af08055b21e62ee87d57f45152ced09a5cc18213,43,model.layers.8.mlp.gate_proj,gate_proj,0,0.626702254384231,896x4864,2,896,4864,9.5,0,0.5,0.49999998599157536,0.25,224,False,False,0.31891744683812107,224,0.44099230253435834,0.5229428740668922,406,21,0.7630699992866474,0.7740271499513521,tiles_half_s,Tiles (s/2),12,0.5010286606076519,396,18,0.7527751371180875,0.7554362388369368,0.0010286746160765858,True,False,False,True,0,0.7527751922607422,0.5010290741920471,0.716394,0.7471142,0.7030560076236725,0.7302144169807434,0.10740050000000001,0.11383515,6.670304141973268,True,True,False,1.0004010715723322,2.7456417820228007,True,0,0.0,0.0
228,1,3947c243866e562f90528579af08055b21e62ee87d57f45152ced09a5cc18213,43,model.layers.8.mlp.gate_proj,gate_proj,0,0.626702254384231,896x4864,2,896,4864,9.5,0,0.5,0.49999998599157536,0.25,224,False,False,0.31891744683812107,224,0.44099230253435834,0.5229428740668922,406,21,0.7630699992866474,0.7740271499513521,tiles_s,Tiles (s),25,0.5211408074828796,425,9,0.7505586147162641,0.7687881344620311,0.02114082149130425,True,False,False,True,12,0.750558614730835,0.5211406946182251,0.7113195,0.7529691,0.6983680129051208,0.7379456162452698,0.065162,0.07754014999999997,10.916170467450355,True,True,False,-0.7493591912575814,3.0320041404959808,False,0,-0.0005206625328867398,0.0
228,1,3947c243866e562f90528579af08055b21e62ee87d57f45152ced09a5cc18213,43,model.layers.8.mlp.gate_proj,gate_proj,0,0.626702254384231,896x4864,2,896,4864,9.5,0,0.5,0.49999998599157536,0.25,224,False,False,0.31891744683812107,224,0.44099230253435834,0.5229428740668922,406,21,0.7630699992866474,0.7740271499513521,tiles_2s,Tiles (2s),50,0.5273793661035597,450,4,0.7947091214642796,0.81180580693816,0.027379380111984375,True,False,False,True,25,0.7947091460227966,0.5273793339729309,0.7410399999999999,0.79610455,0.7234559953212738,0.78090241253376,0.048976,0.0525085,15.130676249591636,True,True,False,-6.386806937380962,-2.6719956159454217,False,0,1.1102230246251565e-16,1.1102230246251565e-16
228,1,3947c243866e562f90528579af08055b21e62ee87d57f45152ced09a5cc18213,43,model.layers.8.mlp.gate_proj,gate_proj,0,0.626702254384231,896x4864,2,896,4864,9.5,1,0.7,0.6999999803882054,0.5,448,False,False,0.5695443636606328,448,0.8527396273038825,0.7044834572981458,577,28,1.0741232391090745,1.0845853134864143,tiles_half_s,Tiles (s/2),12,0.7035574342109143,588,17,1.0681873386478742,1.0839208246612124,0.003557453822708889,True,False,False,True,0,1.0681873559951782,0.703557550907135,0.717155,0.7336566,0.7039999961853027,0.7211008071899414,0.1142585,0.1199015,6.276600865581116,True,True,False,-0.9121472467409353,1.5119119385665125,True,0,0.0,0.0
228,1,3947c243866e562f90528579af08055b21e62ee87d57f45152ced09a5cc18213,43,model.layers.8.mlp.gate_proj,gate_proj,0,0.626702254384231,896x4864,2,896,4864,9.5,1,0.7,0.6999999803882054,0.5,448,False,False,0.5695443636606328,448,0.8527396273038825,0.7044834572981458,577,28,1.0741232391090745,1.0845853134864143,tiles_s,Tiles (s),25,0.7049189383498273,600,8,1.0596121619523728,1.0834490676499866,0.004918957961621895,True,False,False,True,0,1.0596122741699219,0.704919159412384,0.7189585000000001,0.7666960999999999,0.7070720195770264,0.7474688172340392,0.06812750000000001,0.07471155,10.553131995156141,True,True,False,-0.8682270526655156,2.3025529871656625,True,0,0.0,0.0
228,1,3947c243866e562f90528579af08055b21e62ee87d57f45152ced09a5cc18213,43,model.layers.8.mlp.gate_proj,gate_proj,0,0.626702254384231,896x4864,2,896,4864,9.5,1,0.7,0.6999999803882054,0.5,448,False,False,0.5695443636606328,448,0.8527396273038825,0.7044834572981458,577,28,1.0741232391090745,1.0845853134864143,tiles_2s,Tiles (2s),50,0.7017137299509599,600,5,1.0596121619523728,1.0824077425842131,0.0017137495627544963,True,False,False,True,0,1.0596122741699219,0.7017137408256531,0.7087745000000001,0.72227625,0.6963199973106384,0.7097343802452087,0.0493475,0.0527715,14.362926186736917,True,True,False,-0.7712805359290309,2.3025529871656625,True,0,0.0,0.0
228,1,3947c243866e562f90528579af08055b21e62ee87d57f45152ced09a5cc18213,43,model.layers.8.mlp.gate_proj,gate_proj,0,0.626702254384231,896x4864,2,896,4864,9.5,2,0.9,0.8999999747848356,0.75,672,False,False,0.8013287948371257,672,1.2454741378450025,0.9039855530237659,780,32,1.4353523152173746,1.4355047179972884,tiles_half_s,Tiles (s/2),12,0.9033031322861902,792,8,1.404416169285042,1.4324458209864868,0.00330315750135457,True,False,False,True,6,1.4044160842895508,0.9033028483390808,0.7166895,0.7609975,0.7039999961853027,0.7410176068544387,0.118401,0.12824865,6.053069653127929,True,True,False,0.2024934366338993,2.1656876722508267,True,6,0.0,0.0
228,1,3947c243866e562f90528579af08055b21e62ee87d57f45152ced09a5cc18213,43,model.layers.8.mlp.gate_proj,gate_proj,0,0.626702254384231,896x4864,2,896,4864,9.5,2,0.9,0.8999999747848356,0.75,672,False,False,0.8013287948371257,672,1.2454741378450025,0.9039855530237659,780,32,1.4353523152173746,1.4355047179972884,tiles_s,Tiles (s),25,0.9078815238709907,800,3,1.412816215936497,1.4432103234456175,0.007881549086155126,True,False,False,True,0,1.4128161668777466,0.907881498336792,0.712256,0.7334565999999999,0.7004160284996033,0.7206400036811829,0.0709525,0.07883379999999998,10.038490539445403,True,True,False,-0.5474619816287385,1.580524381169901,False,12,0.0,0.0
228,1,3947c243866e562f90528579af08055b21e62ee87d57f45152ced09a5cc18213,43,model.layers.8.mlp.gate_proj,gate_proj,0,0.626702254384231,896x4864,2,896,4864,9.5,2,0.9,0.8999999747848356,0.75,672,False,False,0.8013287948371257,672,1.2454741378450025,0.9039855530237659,780,32,1.4353523152173746,1.4355047179972884,tiles_2s,Tiles (2s),50,0.9007202783642683,796,2,1.4057521348568145,1.4359942718283896,0.0007203035794326462,True,False,False,True,0,1.405752182006836,0.9007202386856079,0.71421,0.7778434999999999,0.7024479806423187,0.7589375913143157,0.050754999999999995,0.05656529999999999,14.071717072209637,True,True,False,-0.04472467172058625,2.0726217592640594,True,0,0.0,0.0
230,1,3947c243866e562f90528579af08055b21e62ee87d57f45152ced09a5cc18213,43,model.layers.8.mlp.down_proj,down_proj,0,0.4129161058500851,4864x896,3,4864,896,1.75,0,0.5,0.49999999908322934,0.25,1216,False,False,0.2691408083192073,1212,0.4220514587837907,0.5193391562424949,2412,19,0.8165102411388865,0.8061511236109721,tiles_half_s,Tiles (s/2),68,0.5056109623910743,2380,18,0.8182073191122529,0.8224460444366204,0.005610963307844941,True,False,False,True,34,0.818207323551178,0.5056108236312866,0.717696,0.7532591,0.705024003982544,0.7327744036912918,0.121036,0.14502724999999997,5.929607720017184,True,True,False,-0.7269723022033991,-1.4955254850080424,True,34,0.0,0.0
230,1,3947c243866e562f90528579af08055b21e62ee87d57f45152ced09a5cc18213,43,model.layers.8.mlp.down_proj,down_proj,0,0.4129161058500851,4864x896,3,4864,896,1.75,0,0.5,0.49999999908322934,0.25,1216,False,False,0.2691408083192073,1212,0.4220514587837907,0.5193391562424949,2412,19,0.8165102411388865,0.8061511236109721,tiles_s,Tiles (s),135,0.5123296036472311,2430,9,0.7905264418776252,0.8061215168150926,0.012329604564001784,True,False,False,True,0,0.7905264496803284,0.5123295783996582,0.718207,0.75891085,0.7065600156784058,0.744755208492279,0.08272399999999999,0.0884942,8.681966539335624,True,True,False,1.2723323971177036,1.9381827148437947,False,67,0.000564651192515031,0.0
230,1,3947c243866e562f90528579af08055b21e62ee87d57f45152ced09a5cc18213,43,model.layers.8.mlp.down_proj,down_proj,0,0.4129161058500851,4864x896,3,4864,896,1.75,0,0.5,0.49999999908322934,0.25,1216,False,False,0.2691408083192073,1212,0.4220514587837907,0.5193391562424949,2412,19,0.8165102411388865,0.8061511236109721,tiles_2s,Tiles (2s),270,0.508238391186751,2430,5,0.7905264418776252,0.80753314479638,0.008238392103521619,True,False,False,True,0,0.7905265092849731,0.5082384347915649,0.7208625,0.7958014999999999,0.7085599899291992,0.7825919926166534,0.064696,0.06881925,11.142304006430072,True,True,False,1.0994468765002874,1.9381827148437947,True,0,0.0,0.0
230,1,3947c243866e562f90528579af08055b21e62ee87d57f45152ced09a5cc18213,43,model.layers.8.mlp.down_proj,down_proj,0,0.4129161058500851,4864x896,3,4864,896,1.75,1,0.7,0.6999999987165211,0.5,2432,False,False,0.5237766329737497,2430,0.8330119454122565,0.7119797715131426,3360,25,1.134890201795976,1.1194370155119289,tiles_half_s,Tiles (s/2),68,0.7009601911631762,3332,15,1.1114314353683186,1.1268239239559104,0.0009601924466551282,True,False,False,True,0,1.111431360244751,0.7009600400924683,0.7223755000000001,0.79086105,0.7101439833641052,0.7754752039909363,0.1261605,0.1355717,5.725845252674173,True,True,False,0.7107540295352655,0.7151434187611994,True,0,0.0,0.0
230,1,3947c243866e562f90528579af08055b21e62ee87d57f45152ced09a5cc18213,43,model.layers.8.mlp.down_proj,down_proj,0,0.4129161058500851,4864x896,3,4864,896,1.75,1,0.7,0.6999999987165211,0.5,2432,False,False,0.5237766329737497,2430,0.8330119454122565,0.7119797715131426,3360,25,1.134890201795976,1.1194370155119289,tiles_s,Tiles (s),135,0.7034947497231769,3375,8,1.0979533914967017,1.1212914866209371,0.0034947510066558607,True,False,False,True,67,1.09795343875885,0.7034948468208313,0.70634,0.7358801,0.6947839856147766,0.720742404460907,0.085339,0.09231175,8.276872238952881,True,True,False,1.1982406010307312,1.9191454023344545,True,67,0.0,0.0
230,1,3947c243866e562f90528579af08055b21e62ee87d57f45152ced09a5cc18213,43,model.layers.8.mlp.down_proj,down_proj,0,0.4129161058500851,4864x896,3,4864,896,1.75,1,0.7,0.6999999987165211,0.5,2432,False,False,0.5237766329737497,2430,0.8330119454122565,0.7119797715131426,3360,25,1.134890201795976,1.1194370155119289,tiles_2s,Tiles (2s),270,0.7014940414446755,3375,3,1.0979533914967017,1.1212914866209371,0.0014940427281544544,True,False,False,True,135,1.09795343875885,0.701494038105011,0.7167995,0.7849001999999999,0.7045120000839233,0.7736320167779922,0.066825,0.07297779999999998,10.72651702207258,True,True,False,1.1982406010307312,1.9191454023344545,True,135,0.0,0.0
230,1,3947c243866e562f90528579af08055b21e62ee87d57f45152ced09a5cc18213,43,model.layers.8.mlp.down_proj,down_proj,0,0.4129161058500851,4864x896,3,4864,896,1.75,2,0.9,0.8999999983498128,0.75,3648,False,False,0.7696331426486722,3648,1.2387899471968589,0.9077373832697049,4362,29,1.4720202003375502,1.4557600424692225,tiles_half_s,Tiles (s/2),68,0.9001127957744757,4352,6,1.4212839225404026,1.4500976996986754,0.00011279742466285825,True,False,False,True,34,1.4212839603424072,0.9001127481460571,0.7093605000000001,0.73479855,0.6963039934635162,0.7226879864931106,0.130199,0.13946615,5.4482791726510955,True,True,False,1.4892798776706795,2.3682556824641487,True,34,0.0,0.0
230,1,3947c243866e562f90528579af08055b21e62ee87d57f45152ced09a5cc18213,43,model.layers.8.mlp.down_proj,down_proj,0,0.4129161058500851,4864x896,3,4864,896,1.75,2,0.9,0.8999999983498128,0.75,3648,False,False,0.7696331426486722,3648,1.2387899471968589,0.9077373832697049,4362,29,1.4720202003375502,1.4557600424692225,tiles_s,Tiles (s),135,0.9178571674783598,4455,2,1.4492984767756463,1.4804774321266967,0.017857169128546957,True,False,False,True,67,1.4492985010147095,0.9178570508956909,0.622368,0.6930072500000001,0.6113120019435883,0.6825184047222137,0.08835,0.09572325,7.044346349745331,True,True,False,-0.5745323187281715,0.44386200370057916,True,67,0.0,0.0
230,1,3947c243866e562f90528579af08055b21e62ee87d57f45152ced09a5cc18213,43,model.layers.8.mlp.down_proj,down_proj,0,0.4129161058500851,4864x896,3,4864,896,1.75,2,0.9,0.8999999983498128,0.75,3648,False,False,0.7696331426486722,3648,1.2387899471968589,0.9077373832697049,4362,29,1.4720202003375502,1.4557600424692225,tiles_2s,Tiles (2s),270,0.945891073140956,4590,2,1.4932166124355144,1.5253403846153848,0.04589107479114318,True,False,False,True,0,1.493216633796692,0.9458910226821899,0.715998,0.7594801999999999,0.7034879922866821,0.7459328114986419,0.06879299999999999,0.0760275,10.408006628581397,True,True,False,-3.622245419295722,-2.5729906628539467,True,0,0.0,0.0
240,1,3947c243866e562f90528579af08055b21e62ee87d57f45152ced09a5cc18213,43,model.layers.10.self_attn.v_proj,v_proj,0,1.0937350397959935,896x128,1,896,128,0.25,0,0.5,0.5000000000218279,0.25,224,False,False,0.27685333127737977,224,0.018949429657794677,0.8345638875471195,736,1,0.03559616,0.03664651603113517,tiles_half_s,Tiles (s/2),472,0.5356156757770805,472,1,0.02747613916319621,0.02632202643171806,0.035615675755252596,True,False,False,True,236,0.02747613936662674,0.5356158018112183,0.6626335000000001,0.72581875,0.6512639820575714,0.7136096090078353,0.033498,0.03539395,19.781285449877608,True,True,False,26.05374728139761,25.023870918991953,True,236,0.0,0.0
240,1,3947c243866e562f90528579af08055b21e62ee87d57f45152ced09a5cc18213,43,model.layers.10.self_attn.v_proj,v_proj,0,1.0937350397959935,896x128,1,896,128,0.25,0,0.5,0.5000000000218279,0.25,224,False,False,0.27685333127737977,224,0.018949429657794677,0.8345638875471195,736,1,0.03559616,0.03664651603113517,tiles_s,Tiles (s),896,0.5191638962569414,448,1,0.026642468538838122,0.025773178458289338,0.019163896235113498,True,False,False,True,448,0.026642467826604843,0.5191639065742493,0.716419,0.7666752499999999,0.7029759883880615,0.7542272210121155,0.034409499999999996,0.03657045,20.820383905607468,True,True,False,27.59562138643793,27.298768275263953,True,448,0.0,0.0
240,1,3947c243866e562f90528579af08055b21e62ee87d57f45152ced09a5cc18213,43,model.layers.10.self_attn.v_proj,v_proj,0,1.0937350397959935,896x128,1,896,128,0.25,0,0.5,0.5000000000218279,0.25,224,False,False,0.27685333127737977,224,0.018949429657794677,0.8345638875471195,736,1,0.03559616,0.03664651603113517,tiles_2s,Tiles (2s),896,0.5191638962569414,448,1,0.026642468538838122,0.025773178458289338,0.019163896235113498,True,False,False,True,448,0.026642467826604843,0.5191639065742493,0.6260255,0.7436094,0.6159360110759735,0.7207935988903045,0.033617499999999995,0.045341699999999964,18.62201234476092,True,True,False,27.59562138643793,27.298768275263953,True,448,0.0,0.0
240,1,3947c243866e562f90528579af08055b21e62ee87d57f45152ced09a5cc18213,43,model.layers.10.self_attn.v_proj,v_proj,0,1.0937350397959935,896x128,1,896,128,0.25,1,0.7,0.700000000030559,0.5,448,True,False,0.5490645327517996,448,0.03634124909539145,0.8345638875471195,736,1,0.03559616,0.03664651603113517,tiles_half_s,Tiles (s/2),472,0.7980972320219735,708,1,0.0356739003027174,0.03657105263157895,0.09809723199141451,True,False,False,True,236,0.035673901438713074,0.7980973720550537,0.7126669999999999,0.7641213,0.7004159986972809,0.7444480001926421,0.033201999999999995,0.036366699999999995,21.464580446961026,True,True,False,-2.7387578648341515,2.654046915650654,True,236,0.0,0.0
240,1,3947c243866e562f90528579af08055b21e62ee87d57f45152ced09a5cc18213,43,model.layers.10.self_attn.v_proj,v_proj,0,1.0937350397959935,896x128,1,896,128,0.25,1,0.7,0.700000000030559,0.5,448,True,False,0.5490645327517996,448,0.03634124909539145,0.8345638875471195,736,1,0.03559616,0.03664651603113517,tiles_s,Tiles (s),896,1.0000000000436557,896,1,0.04220432019352241,0.043105703422053235,0.3000000000130968,True,False,False,True,0,0.042204320430755615,1.0,0.711214,0.7780975,0.6993920207023621,0.7631360232830047,0.031993999999999995,0.03660799999999999,22.229605551040823,True,True,False,-21.09649867304011,-15.165982375146637,True,0,0.0,0.0
240,1,3947c243866e562f90528579af08055b21e62ee87d57f45152ced09a5cc18213,43,model.layers.10.self_attn.v_proj,v_proj,0,1.0937350397959935,896x128,1,896,128,0.25,1,0.7,0.700000000030559,0.5,448,True,False,0.5490645327517996,448,0.03634124909539145,0.8345638875471195,736,1,0.03559616,0.03664651603113517,tiles_2s,Tiles (2s),896,1.0000000000436557,896,1,0.04220432019352241,0.043105703422053235,0.3000000000130968,True,False,False,True,0,0.042204320430755615,1.0,0.6805225,0.72476055,0.6676480174064636,0.7127040028572083,0.032189999999999996,0.0347431,21.140804597701152,True,True,False,-21.09649867304011,-15.165982375146637,True,0,0.0,0.0
240,1,3947c243866e562f90528579af08055b21e62ee87d57f45152ced09a5cc18213,43,model.layers.10.self_attn.v_proj,v_proj,0,1.0937350397959935,896x128,1,896,128,0.25,2,0.9,0.9000000000392901,0.75,672,True,False,0.7702704767580144,672,0.04411609029795707,0.9698131513141561,864,1,0.04185874769797422,0.041092759361044964,tiles_half_s,Tiles (s/2),472,1.0000000000436557,896,1,0.04220432019352241,0.043105703422053235,0.1000000000043656,True,False,False,True,0,0.042204320430755615,1.0,0.7129675,0.73634515,0.7004160284996033,0.7206400036811829,0.033162,0.035712,21.499532597551415,True,True,False,-2.9789608926579447,-2.70500411693253,True,0,0.0,0.0
240,1,3947c243866e562f90528579af08055b21e62ee87d57f45152ced09a5cc18213,43,model.layers.10.self_attn.v_proj,v_proj,0,1.0937350397959935,896x128,1,896,128,0.25,2,0.9,0.9000000000392901,0.75,672,True,False,0.7702704767580144,672,0.04411609029795707,0.9698131513141561,864,1,0.04185874769797422,0.041092759361044964,tiles_s,Tiles (s),896,1.0000000000436557,896,1,0.04220432019352241,0.043105703422053235,0.1000000000043656,True,False,False,True,0,0.042204320430755615,1.0,0.6237064999999999,0.7108178,0.6134719848632812,0.6991359859704971,0.03214,0.03550009999999999,19.40592719352831,True,True,False,-2.9789608926579447,-2.70500411693253,True,0,0.0,0.0
240,1,3947c243866e562f90528579af08055b21e62ee87d57f45152ced09a5cc18213,43,model.layers.10.self_attn.v_proj,v_proj,0,1.0937350397959935,896x128,1,896,128,0.25,2,0.9,0.9000000000392901,0.75,672,True,False,0.7702704767580144,672,0.04411609029795707,0.9698131513141561,864,1,0.04185874769797422,0.041092759361044964,tiles_2s,Tiles (2s),896,1.0000000000436557,896,1,0.04220432019352241,0.043105703422053235,0.1000000000043656,True,False,False,True,0,0.042204320430755615,1.0,0.6932805,0.7150536999999999,0.6804479956626892,0.702566385269165,0.032095,0.0344695,21.6008879887833,True,True,False,-2.9789608926579447,-2.70500411693253,True,0,0.0,0.0
241,1,3947c243866e562f90528579af08055b21e62ee87d57f45152ced09a5cc18213,43,model.layers.10.self_attn.o_proj,o_proj,0,0.929018300686414,896x896,0,896,896,1.75,0,0.5,0.4999999995852704,0.25,224,True,False,0.38580713840201497,224,0.08384029632659089,0.5404503207682865,356,3,0.12075454357953173,0.12121320347539122,tiles_half_s,Tiles (s/2),68,0.5064947939536069,340,3,0.11610199463380488,0.11713181461989866,0.006494794368336443,True,False,False,True,34,0.11610199511051178,0.5064947605133057,0.7037405,0.75663205,0.6917120218276978,0.7341568142175674,0.043441,0.04956149999999999,16.199914827006744,True,True,False,3.000076727752332,4.216709644691486,True,34,0.0,0.0
241,1,3947c243866e562f90528579af08055b21e62ee87d57f45152ced09a5cc18213,43,model.layers.10.self_attn.o_proj,o_proj,0,0.929018300686414,896x896,0,896,896,1.75,0,0.5,0.4999999995852704,0.25,224,True,False,0.38580713840201497,224,0.08384029632659089,0.5404503207682865,356,3,0.12075454357953173,0.12121320347539122,tiles_s,Tiles (s),135,0.5393593308253912,405,3,0.1317544069796042,0.13374188067729087,0.03935933124012081,True,False,False,True,67,0.13175441324710846,0.5393592119216919,0.7084085,0.74335315,0.6963199973106384,0.730675220489502,0.0372445,0.0406781,19.020486246291398,True,True,False,-10.755153978289345,-8.696415243536615,True,67,0.0,0.0
241,1,3947c243866e562f90528579af08055b21e62ee87d57f45152ced09a5cc18213,43,model.layers.10.self_attn.o_proj,o_proj,0,0.929018300686414,896x896,0,896,896,1.75,0,0.5,0.4999999995852704,0.25,224,True,False,0.38580713840201497,224,0.08384029632659089,0.5404503207682865,356,3,0.12075454357953173,0.12121320347539122,tiles_2s,Tiles (2s),270,0.6564239939907566,540,1,0.17567254263947227,0.17945180995475113,0.15642399440548616,True,False,False,True,0,0.17567254602909088,0.6564241051673889,0.709396,0.7698557,0.6988799870014191,0.7574159890413285,0.034765,0.038943,20.405465266791314,True,True,False,-48.60874351825943,-44.92855365804882,True,0,0.0,0.0
241,1,3947c243866e562f90528579af08055b21e62ee87d57f45152ced09a5cc18213,43,model.layers.10.self_attn.o_proj,o_proj,0,0.929018300686414,896x896,0,896,896,1.75,1,0.7,0.6999999994193785,0.5,448,True,False,0.6508523727825377,448,0.16874217978176667,0.7490467098687077,560,5,0.19107228876397087,0.19297783939300503,tiles_half_s,Tiles (s/2),68,0.7105840346048353,544,3,0.176973820733098,0.18107568187279033,0.010584035185456808,True,False,False,True,34,0.17697381973266602,0.7105839252471924,0.7091099999999999,0.74234975,0.6973440051078796,0.7294975787401199,0.045004,0.05018474999999999,15.756599413385475,True,True,False,5.231845473693575,8.293189886593332,True,34,0.0,0.0
241,1,3947c243866e562f90528579af08055b21e62ee87d57f45152ced09a5cc18213,43,model.layers.10.self_attn.o_proj,o_proj,0,0.929018300686414,896x896,0,896,896,1.75,1,0.7,0.6999999994193785,0.5,448,True,False,0.6508523727825377,448,0.16874217978176667,0.7490467098687077,560,5,0.19107228876397087,0.19297783939300503,tiles_s,Tiles (s),135,0.7028008875349769,540,2,0.1756725426394723,0.1791694843584936,0.002800888115598421,True,False,False,True,0,0.17567254602909088,0.702800989151001,0.6824455,0.71604055,0.6712319850921631,0.7045120000839233,0.038461999999999996,0.043256199999999995,17.74337007955905,True,True,False,6.2294770646624915,8.967504666838966,True,0,0.0,0.0
241,1,3947c243866e562f90528579af08055b21e62ee87d57f45152ced09a5cc18213,43,model.layers.10.self_attn.o_proj,o_proj,0,0.929018300686414,896x896,0,896,896,1.75,1,0.7,0.6999999994193785,0.5,448,True,False,0.6508523727825377,448,0.16874217978176667,0.7490467098687077,560,5,0.19107228876397087,0.19297783939300503,tiles_2s,Tiles (2s),270,0.9010381815896835,761,1,0.24756815731229334,0.25289412476956596,0.201038182170305,True,False,False,True,135,0.24756816029548645,0.9010382890701294,0.713253,0.7522563,0.7004160284996033,0.7346176177263259,0.035111,0.0385627,20.314232007063314,True,True,False,-32.3552077622113,-28.28838694173248,True,135,0.0,0.0
241,1,3947c243866e562f90528579af08055b21e62ee87d57f45152ced09a5cc18213,43,model.layers.10.self_attn.o_proj,o_proj,0,0.929018300686414,896x896,0,896,896,1.75,2,0.9,0.8999999992534867,0.75,672,True,False,0.8545597663032822,672,0.23151530578733223,0.9378734642377822,780,5,0.2655281597266427,0.26562802517096007,tiles_half_s,Tiles (s/2),68,0.9351012910774443,816,1,0.265460731099647,0.2711716239316239,0.0351012918239576,True,False,False,True,34,0.265460729598999,0.9351012110710144,0.710914,0.75230115,0.6988800168037415,0.7309823900461196,0.045690499999999995,0.0486131,15.559339468817372,True,True,False,-2.125373147161147,0.06298058015730135,True,34,0.0,0.0
241,1,3947c243866e562f90528579af08055b21e62ee87d57f45152ced09a5cc18213,43,model.layers.10.self_attn.o_proj,o_proj,0,0.929018300686414,896x896,0,896,896,1.75,2,0.9,0.8999999992534867,0.75,672,True,False,0.8545597663032822,672,0.23151530578733223,0.9378734642377822,780,5,0.2655281597266427,0.26562802517096007,tiles_s,Tiles (s),135,0.9335663297097199,810,1,0.26350881395920844,0.26917771493212667,0.03356633045623314,True,False,False,True,0,0.2635088264942169,0.9335663914680481,0.7076225,0.7498037999999999,0.6947839856147766,0.7354879915714263,0.038376999999999994,0.04234179999999999,18.438713291815414,True,True,False,-1.3744512857849722,0.7978116053032003,True,0,0.0,0.0
241,1,3947c243866e562f90528579af08055b21e62ee87d57f45152ced09a5cc18213,43,model.layers.10.self_attn.o_proj,o_proj,0,0.929018300686414,896x896,0,896,896,1.75,2,0.9,0.8999999992534867,0.75,672,True,False,0.8545597663032822,672,0.23151530578733223,0.9378734642377822,780,5,0.2655281597266427,0.26562802517096007,tiles_2s,Tiles (2s),270,0.9010381815896835,761,1,0.24756815731229334,0.25289412476956596,0.0010381823361967912,True,False,False,True,135,0.24756816029548645,0.9010382890701294,0.7112035000000001,0.7376381,0.6993920207023621,0.7254016071557998,0.035526,0.038798099999999995,20.019239430276418,True,True,False,4.758077248787195,6.798931643994743,True,135,0.0,0.0
243,1,3947c243866e562f90528579af08055b21e62ee87d57f45152ced09a5cc18213,43,model.layers.10.mlp.up_proj,up_proj,0,0.5943141427500354,896x4864,2,896,4864,9.5,0,0.5,0.5000000020809239,0.25,224,False,False,0.3208971485728398,224,0.43637624079092885,0.5107308942533564,390,21,0.73380120861711,0.7488931181020977,tiles_half_s,Tiles (s/2),12,0.5037256314826664,396,19,0.7585032526259975,0.7591038396122621,0.0037256294017424807,True,False,False,True,0,0.758503258228302,0.5037255883216858,0.715312,0.7521192,0.7029759883880615,0.7385087877511978,0.10560249999999999,0.11251905,6.7736275182879195,True,True,False,-3.448158806229884,-1.283245137604494,True,0,0.0,0.0
243,1,3947c243866e562f90528579af08055b21e62ee87d57f45152ced09a5cc18213,43,model.layers.10.mlp.up_proj,up_proj,0,0.5943141427500354,896x4864,2,896,4864,9.5,0,0.5,0.5000000020809239,0.25,224,False,False,0.3208971485728398,224,0.43637624079092885,0.5107308942533564,390,21,0.73380120861711,0.7488931181020977,tiles_s,Tiles (s),25,0.5167483472032472,425,9,0.7505586147162641,0.7682674719291444,0.01674834512232337,True,False,False,True,12,0.750558614730835,0.5167484283447266,0.7152215,0.73630425,0.7034879922866821,0.7224304050207138,0.065302,0.07155014999999999,10.952520596612661,True,True,False,-4.6969482888953085,-0.22239443438700768,True,12,0.0,0.0
243,1,3947c243866e562f90528579af08055b21e62ee87d57f45152ced09a5cc18213,43,model.layers.10.mlp.up_proj,up_proj,0,0.5943141427500354,896x4864,2,896,4864,9.5,0,0.5,0.5000000020809239,0.25,224,False,False,0.3208971485728398,224,0.43637624079092885,0.5107308942533564,390,21,0.73380120861711,0.7488931181020977,tiles_2s,Tiles (2s),50,0.5302954570797738,450,5,0.7947091214642796,0.8118058069381598,0.03029545499884989,True,False,False,True,25,0.7947090864181519,0.5302953124046326,0.712592,0.7995987999999998,0.7004160284996033,0.7788031905889511,0.048471,0.05546404999999999,14.701409089971323,True,True,False,-10.630208482220137,-6.117829401115649,True,25,0.0,0.0
243,1,3947c243866e562f90528579af08055b21e62ee87d57f45152ced09a5cc18213,43,model.layers.10.mlp.up_proj,up_proj,0,0.5943141427500354,896x4864,2,896,4864,9.5,1,0.7,0.7000000029132933,0.5,448,False,False,0.5741545705823228,448,0.8400908539185199,0.7093869850796182,577,29,1.0773114354138118,1.0911350849073442,tiles_half_s,Tiles (s/2),12,0.7060629265906755,588,16,1.0628348372716303,1.0818609682365725,0.006062923677382148,True,False,False,True,0,1.0628349781036377,0.7060626745223999,0.6841335,0.72138035,0.6733120083808899,0.7088128000497818,0.112751,0.11741855,6.0676490674140355,True,True,False,-0.42230432846126487,2.593652062624041,True,0,0.0,0.0
243,1,3947c243866e562f90528579af08055b21e62ee87d57f45152ced09a5cc18213,43,model.layers.10.mlp.up_proj,up_proj,0,0.5943141427500354,896x4864,2,896,4864,9.5,1,0.7,0.7000000029132933,0.5,448,False,False,0.5741545705823228,448,0.8400908539185199,0.7093869850796182,577,29,1.0773114354138118,1.0911350849073442,tiles_s,Tiles (s),25,0.7041221502877306,600,8,1.0596121619523728,1.0829284051170998,0.004122147374437279,True,False,False,True,0,1.0596121549606323,0.7041218280792236,0.719274,0.76934375,0.707584023475647,0.7531520009040832,0.068047,0.07341714999999999,10.570252913427485,True,True,False,-0.5213877360477737,2.889002781690242,True,0,0.0,0.0
243,1,3947c243866e562f90528579af08055b21e62ee87d57f45152ced09a5cc18213,43,model.layers.10.mlp.up_proj,up_proj,0,0.5943141427500354,896x4864,2,896,4864,9.5,1,0.7,0.7000000029132933,0.5,448,False,False,0.5741545705823228,448,0.8400908539185199,0.7093869850796182,577,29,1.0773114354138118,1.0911350849073442,tiles_2s,Tiles (2s),50,0.7001621984236408,600,5,1.0596121619523728,1.0824077425842131,0.0001621955103474626,True,False,False,True,0,1.0596122741699219,0.7001621127128601,0.7145655,0.7586022499999999,0.7004159986972809,0.7450623989105224,0.0504745,0.056816299999999986,14.156960445373405,True,True,False,-0.4730579294782711,2.889002781690242,True,0,0.0,0.0
243,1,3947c243866e562f90528579af08055b21e62ee87d57f45152ced09a5cc18213,43,model.layers.10.mlp.up_proj,up_proj,0,0.5943141427500354,896x4864,2,896,4864,9.5,2,0.9,0.900000003745663,0.75,672,False,False,0.8053979404212441,672,1.2554026913430076,0.9113009336870164,784,29,1.4451591610230565,1.44395387618749,tiles_half_s,Tiles (s/2),12,0.9056284305988811,792,8,1.404416169285042,1.4324458209864868,0.0056284268532180715,True,False,False,True,0,1.4044160842895508,0.9056284427642822,0.7122010000000001,0.76541805,0.6993919909000397,0.7384576141834258,0.1192175,0.12601905,5.973963554008431,True,True,False,0.8797190219221096,2.73815580639184,True,0,0.0,0.0
243,1,3947c243866e562f90528579af08055b21e62ee87d57f45152ced09a5cc18213,43,model.layers.10.mlp.up_proj,up_proj,0,0.5943141427500354,896x4864,2,896,4864,9.5,2,0.9,0.900000003745663,0.75,672,False,False,0.8053979404212441,672,1.2554026913430076,0.9113009336870164,784,29,1.4451591610230565,1.44395387618749,tiles_s,Tiles (s),25,0.9081110218248796,800,4,1.412816215936497,1.4432103234456175,0.008111018079216548,True,False,False,True,0,1.4128161668777466,0.9081107974052429,0.705203,0.7403795,0.694271981716156,0.7171072036027908,0.070361,0.07635455,10.022640383166811,True,True,False,0.13485279891658486,2.156416542418005,False,12,0.0,0.0
243,1,3947c243866e562f90528579af08055b21e62ee87d57f45152ced09a5cc18213,43,model.layers.10.mlp.up_proj,up_proj,0,0.5943141427500354,896x4864,2,896,4864,9.5,2,0.9,0.900000003745663,0.75,672,False,False,0.8053979404212441,672,1.2554026913430076,0.9113009336870164,784,29,1.4451591610230565,1.44395387618749,tiles_2s,Tiles (2s),50,0.9017834624683019,796,3,1.4057521348568147,1.4359942718283896,0.0017834587226388532,True,False,False,True,0,1.405752182006836,0.901783287525177,0.7159530000000001,0.7691141,0.7024639844894409,0.7543295890092849,0.050815,0.05365615,14.089402735412774,True,True,False,0.6341785349219919,2.6456344597058923,True,0,0.0,0.0
244,1,3947c243866e562f90528579af08055b21e62ee87d57f45152ced09a5cc18213,43,model.layers.10.mlp.down_proj,down_proj,0,0.5014455403117584,4864x896,3,4864,896,1.75,0,0.5,0.4999999994306563,0.25,1216,False,False,0.27054141967528267,1212,0.41041774651645485,0.5056529314024374,2322,19,0.785453011847798,0.7751351511454371,tiles_half_s,Tiles (s/2),68,0.5115810413735744,2380,20,0.8401807458147275,0.8375476001049701,0.011581041942918091,True,False,False,True,34,0.8401807546615601,0.5115809440612793,0.692915,0.73086125,0.6814720034599304,0.71632479429245,0.122018,0.132301,5.678793292792866,True,True,False,-6.632425806684261,-8.391516572712622,True,34,0.0,0.0
244,1,3947c243866e562f90528579af08055b21e62ee87d57f45152ced09a5cc18213,43,model.layers.10.mlp.down_proj,down_proj,0,0.5014455403117584,4864x896,3,4864,896,1.75,0,0.5,0.4999999994306563,0.25,1216,False,False,0.27054141967528267,1212,0.41041774651645485,0.5056529314024374,2322,19,0.785453011847798,0.7751351511454371,tiles_s,Tiles (s),135,0.5127010051255638,2430,9,0.7905264418776252,0.8064038424113501,0.012701005694907508,True,False,False,True,67,0.7905264496803284,0.5127009749412537,0.7072165,0.75216605,0.696399986743927,0.7383551865816116,0.0835065,0.09953725,8.468999419206888,True,True,False,-2.6673563214513196,-1.9856267270867534,True,67,0.0,0.0
244,1,3947c243866e562f90528579af08055b21e62ee87d57f45152ced09a5cc18213,43,model.layers.10.mlp.down_proj,down_proj,0,0.5014455403117584,4864x896,3,4864,896,1.75,0,0.5,0.4999999994306563,0.25,1216,False,False,0.27054141967528267,1212,0.41041774651645485,0.5056529314024374,2322,19,0.785453011847798,0.7751351511454371,tiles_2s,Tiles (2s),270,0.5100152818231436,2430,5,0.7905264418776252,0.80753314479638,0.01001528239248728,True,False,False,True,135,0.7905265092849731,0.5100151896476746,0.7144505000000001,0.7466883499999999,0.7009280025959015,0.7332352072000503,0.065287,0.07130184999999999,10.943227595080186,True,True,False,-2.8111335261975734,-1.9856267270867534,True,135,0.0,0.0
244,1,3947c243866e562f90528579af08055b21e62ee87d57f45152ced09a5cc18213,43,model.layers.10.mlp.down_proj,down_proj,0,0.5014455403117584,4864x896,3,4864,896,1.75,1,0.7,0.6999999992029188,0.5,2432,False,False,0.5280860753846355,2430,0.8224160233044265,0.7025950370370992,3288,25,1.108830647160572,1.0927978138242738,tiles_half_s,Tiles (s/2),68,0.7011089431071014,3332,16,1.1059380786926998,1.1232694844776039,0.001108943904182591,True,False,False,True,0,1.1059380769729614,0.7011091113090515,0.7200249999999999,0.7861885499999999,0.7080959975719452,0.7696384072303771,0.1264615,0.14269289999999998,5.6936300771381,True,True,False,-1.302167950895483,-1.2024424557038005,True,0,0.0,0.0
244,1,3947c243866e562f90528579af08055b21e62ee87d57f45152ced09a5cc18213,43,model.layers.10.mlp.down_proj,down_proj,0,0.5014455403117584,4864x896,3,4864,896,1.75,1,0.7,0.6999999992029188,0.5,2432,False,False,0.5280860753846355,2430,0.8224160233044265,0.7025950370370992,3288,25,1.108830647160572,1.0927978138242738,tiles_s,Tiles (s),135,0.70425008771781,3375,8,1.0979533914967017,1.120726835428422,0.0042500885148911705,True,False,False,True,67,1.09795343875885,0.7042499780654907,0.710928,0.7374139,0.6993919909000397,0.7257600098848342,0.085535,0.09165079999999999,8.311544981586485,True,True,False,-1.0728588985444487,-0.47177781719620615,True,67,0.0,0.0
244,1,3947c243866e562f90528579af08055b21e62ee87d57f45152ced09a5cc18213,43,model.layers.10.mlp.down_proj,down_proj,0,0.5014455403117584,4864x896,3,4864,896,1.75,1,0.7,0.6999999992029188,0.5,2432,False,False,0.5280860753846355,2430,0.8224160233044265,0.7025950370370992,3288,25,1.108830647160572,1.0927978138242738,tiles_2s,Tiles (2s),270,0.7300723354019283,3510,4,1.1418715271565698,1.1664367647058822,0.03007233619900951,True,False,False,True,0,1.1418715715408325,0.730072557926178,0.7086145,0.7677016999999999,0.696832001209259,0.747878387570381,0.06641949999999999,0.07176619999999999,10.668771972086512,True,True,False,-5.195213326112924,-4.490648929884045,True,0,0.0,0.0
244,1,3947c243866e562f90528579af08055b21e62ee87d57f45152ced09a5cc18213,43,model.layers.10.mlp.down_proj,down_proj,0,0.5014455403117584,4864x896,3,4864,896,1.75,2,0.9,0.8999999989751813,0.75,3648,False,False,0.7743832885025768,3648,1.2270793545695562,0.9013100319643854,4320,27,1.4558339512115723,1.4345139122031403,tiles_half_s,Tiles (s/2),68,0.902200625907426,4352,8,1.4212839225404026,1.4502449993245292,0.0022006269322446537,True,False,False,True,0,1.4212839603424072,0.9022005796432495,0.725411,0.7819677,0.7126879990100861,0.7690240144729614,0.1320425,0.142587,5.493769051631103,True,True,False,0.383900367373069,0.922262903844473,True,0,0.0,0.0
244,1,3947c243866e562f90528579af08055b21e62ee87d57f45152ced09a5cc18213,43,model.layers.10.mlp.down_proj,down_proj,0,0.5014455403117584,4864x896,3,4864,896,1.75,2,0.9,0.8999999989751813,0.75,3648,False,False,0.7743832885025768,3648,1.2270793545695562,0.9013100319643854,4320,27,1.4558339512115723,1.4345139122031403,tiles_s,Tiles (s),135,0.9195962540434266,4455,2,1.4492984767756463,1.480477432126697,0.01959625506824525,True,False,False,True,67,1.4492985010147095,0.9195961952209473,0.7030894999999999,0.77844985,0.6886399984359741,0.7656447827816009,0.088345,0.09643869999999999,7.958452657196218,True,True,False,-1.6927398138102179,-1.030632358929151,True,67,0.0,0.0
244,1,3947c243866e562f90528579af08055b21e62ee87d57f45152ced09a5cc18213,43,model.layers.10.mlp.down_proj,down_proj,0,0.5014455403117584,4864x896,3,4864,896,1.75,2,0.9,0.8999999989751813,0.75,3648,False,False,0.7743832885025768,3648,1.2270793545695562,0.9013100319643854,4320,27,1.4558339512115723,1.4345139122031403,tiles_2s,Tiles (2s),270,0.9463137429738708,4590,2,1.4932166124355142,1.5253403846153848,0.04631374399868948,True,False,False,True,0,1.493216633796692,0.9463136792182922,0.6327175,0.736767,0.6190080046653748,0.7204352021217346,0.069435,0.0746823,9.11237128249442,True,True,False,-4.774337989986277,-4.092166672836073,True,0,0.0,0.0
254,1,3947c243866e562f90528579af08055b21e62ee87d57f45152ced09a5cc18213,43,model.layers.12.self_attn.v_proj,v_proj,0,0.99228337086362,896x128,1,896,128,0.25,0,0.5,0.5000000004220055,0.25,224,False,False,0.27165262699418236,224,0.018949429657794677,0.8374588810838759,736,1,0.03559616,0.03664651603113517,tiles_half_s,Tiles (s/2),472,0.5197293345263461,472,1,0.02747613916319621,0.02632202643171806,0.019729334104340523,True,False,False,True,0,0.02747613936662674,0.5197294354438782,0.715697,0.76227515,0.7034879922866821,0.7407103985548019,0.032446,0.0341385,22.058096529618442,True,True,False,26.05374728139761,25.023870918991953,True,0,0.0,0.0
254,1,3947c243866e562f90528579af08055b21e62ee87d57f45152ced09a5cc18213,43,model.layers.12.self_attn.v_proj,v_proj,0,0.99228337086362,896x128,1,896,128,0.25,0,0.5,0.5000000004220055,0.25,224,False,False,0.27165262699418236,224,0.018949429657794677,0.8374588810838759,736,1,0.03559616,0.03664651603113517,tiles_s,Tiles (s),896,0.5117303351289593,448,1,0.026642468538838122,0.025773178458289338,0.011730334706953727,True,False,False,True,448,0.026642467826604843,0.5117303133010864,0.7076125,0.8154530999999998,0.6947839856147766,0.799932789802551,0.031828999999999996,0.03750499999999998,22.231691224983507,True,True,False,27.59562138643793,27.298768275263953,True,448,0.0,0.0
254,1,3947c243866e562f90528579af08055b21e62ee87d57f45152ced09a5cc18213,43,model.layers.12.self_attn.v_proj,v_proj,0,0.99228337086362,896x128,1,896,128,0.25,0,0.5,0.5000000004220055,0.25,224,False,False,0.27165262699418236,224,0.018949429657794677,0.8374588810838759,736,1,0.03559616,0.03664651603113517,tiles_2s,Tiles (2s),896,0.5117303351289593,448,1,0.026642468538838122,0.025773178458289338,0.011730334706953727,True,False,False,True,448,0.026642467826604843,0.5117303133010864,0.7064604999999999,0.7799305999999999,0.6952959895133972,0.766975998878479,0.0327465,0.03594,21.573618554654697,True,True,False,27.59562138643793,27.298768275263953,True,448,0.0,0.0
254,1,3947c243866e562f90528579af08055b21e62ee87d57f45152ced09a5cc18213,43,model.layers.12.self_attn.v_proj,v_proj,0,0.99228337086362,896x128,1,896,128,0.25,1,0.7,0.7000000005908077,0.5,448,False,False,0.5414838419528678,448,0.03634124909539145,0.8374588810838759,736,1,0.03559616,0.03664651603113517,tiles_half_s,Tiles (s/2),472,0.8006667970330454,708,1,0.0356739003027174,0.03657105263157895,0.10066679644223775,True,False,False,True,236,0.035673901438713074,0.8006668090820312,0.709075,0.7303391499999999,0.6963199973106384,0.7102975845336914,0.033608,0.036186699999999995,21.09839919066889,True,True,False,-2.7387578648341515,2.654046915650654,True,236,0.0,0.0
254,1,3947c243866e562f90528579af08055b21e62ee87d57f45152ced09a5cc18213,43,model.layers.12.self_attn.v_proj,v_proj,0,0.99228337086362,896x128,1,896,128,0.25,1,0.7,0.7000000005908077,0.5,448,False,False,0.5414838419528678,448,0.03634124909539145,0.8374588810838759,736,1,0.03559616,0.03664651603113517,tiles_s,Tiles (s),896,1.000000000844011,896,1,0.04220432019352241,0.043105703422053235,0.3000000002532034,True,False,False,True,0,0.042204320430755615,1.0,0.70365,0.72863705,0.6911999881267548,0.7154175907373428,0.032285,0.035951349999999986,21.794951215734862,True,True,False,-21.09649867304011,-15.165982375146637,True,0,0.0,0.0
254,1,3947c243866e562f90528579af08055b21e62ee87d57f45152ced09a5cc18213,43,model.layers.12.self_attn.v_proj,v_proj,0,0.99228337086362,896x128,1,896,128,0.25,1,0.7,0.7000000005908077,0.5,448,False,False,0.5414838419528678,448,0.03634124909539145,0.8374588810838759,736,1,0.03559616,0.03664651603113517,tiles_2s,Tiles (2s),896,1.000000000844011,896,1,0.04220432019352241,0.043105703422053235,0.3000000002532034,True,False,False,True,0,0.042204320430755615,1.0,0.7104175,0.7409034,0.6983680129051208,0.7283712029457092,0.0327365,0.034630549999999996,21.70108288912987,True,True,False,-21.09649867304011,-15.165982375146637,True,0,0.0,0.0
254,1,3947c243866e562f90528579af08055b21e62ee87d57f45152ced09a5cc18213,43,model.layers.12.self_attn.v_proj,v_proj,0,0.99228337086362,896x128,1,896,128,0.25,2,0.9,0.90000000075961,0.75,672,False,False,0.7676825052767526,672,0.04411609029795707,0.9679512730363058,864,1,0.04185874769797422,0.041092759361044964,tiles_half_s,Tiles (s/2),472,1.000000000844011,896,1,0.04220432019352241,0.043105703422053235,0.10000000008440113,True,False,False,True,0,0.042204320430755615,1.0,0.7098315,0.7598547,0.6973440051078796,0.7472128212451934,0.035616499999999995,0.05929639999999997,19.92984992910589,True,True,False,-2.9789608926579447,-2.70500411693253,True,0,0.0,0.0
254,1,3947c243866e562f90528579af08055b21e62ee87d57f45152ced09a5cc18213,43,model.layers.12.self_attn.v_proj,v_proj,0,0.99228337086362,896x128,1,896,128,0.25,2,0.9,0.90000000075961,0.75,672,False,False,0.7676825052767526,672,0.04411609029795707,0.9679512730363058,864,1,0.04185874769797422,0.041092759361044964,tiles_s,Tiles (s),896,1.000000000844011,896,1,0.04220432019352241,0.043105703422053235,0.10000000008440113,True,False,False,True,0,0.042204320430755615,1.0,0.707858,0.7484771,0.6963199973106384,0.7346176177263259,0.032526,0.03727355,21.762835885138042,True,True,False,-2.9789608926579447,-2.70500411693253,True,0,0.0,0.0
254,1,3947c243866e562f90528579af08055b21e62ee87d57f45152ced09a5cc18213,43,model.layers.12.self_attn.v_proj,v_proj,0,0.99228337086362,896x128,1,896,128,0.25,2,0.9,0.90000000075961,0.75,672,False,False,0.7676825052767526,672,0.04411609029795707,0.9679512730363058,864,1,0.04185874769797422,0.041092759361044964,tiles_2s,Tiles (2s),896,1.000000000844011,896,1,0.04220432019352241,0.043105703422053235,0.10000000008440113,True,False,False,True,0,0.042204320430755615,1.0,0.62324,0.72624415,0.6123520135879517,0.7147967934608459,0.032229999999999995,0.03700769999999999,19.337263419174686,True,True,False,-2.9789608926579447,-2.70500411693253,True,0,0.0,0.0
255,1,3947c243866e562f90528579af08055b21e62ee87d57f45152ced09a5cc18213,43,model.layers.12.self_attn.o_proj,o_proj,0,0.8194910566961211,896x896,0,896,896,1.75,0,0.5,0.5000000003965397,0.25,224,True,False,0.3908034533960745,224,0.08366937717317932,0.5486194668919779,356,4,0.12605681892808868,0.13088526736579667,tiles_half_s,Tiles (s/2),68,0.5607878787850495,374,4,0.1353559416765932,0.13435668931885775,0.06078787838850985,True,False,False,True,34,0.13535594940185547,0.5607878565788269,0.7144999999999999,0.8057323999999998,0.7029759883880615,0.7892111957073209,0.043742,0.049589749999999995,16.33441543596543,True,True,False,-6.584229604829139,-3.4157200430373402,True,34,0.0,0.0
255,1,3947c243866e562f90528579af08055b21e62ee87d57f45152ced09a5cc18213,43,model.layers.12.self_attn.o_proj,o_proj,0,0.8194910566961211,896x896,0,896,896,1.75,0,0.5,0.5000000003965397,0.25,224,True,False,0.3908034533960745,224,0.08366937717317932,0.5486194668919779,356,4,0.12605681892808868,0.13088526736579667,tiles_s,Tiles (s),135,0.5580574211489875,405,2,0.1317544069796042,0.13430653186980585,0.0580574207524478,True,False,False,True,0,0.13175441324710846,0.5580574870109558,0.6794745,0.73997725,0.6687360107898712,0.7248703867197036,0.0377355,0.041393,18.006240807727472,True,True,False,-6.5444400484382825,-0.6640469407289906,True,0,0.0,0.0
255,1,3947c243866e562f90528579af08055b21e62ee87d57f45152ced09a5cc18213,43,model.layers.12.self_attn.o_proj,o_proj,0,0.8194910566961211,896x896,0,896,896,1.75,0,0.5,0.5000000003965397,0.25,224,True,False,0.3908034533960745,224,0.08366937717317932,0.5486194668919779,356,4,0.12605681892808868,0.13088526736579667,tiles_2s,Tiles (2s),270,0.5580574211489875,405,2,0.1317544069796042,0.13430653186980585,0.0580574207524478,True,False,False,True,135,0.13175441324710846,0.5580574870109558,0.7355145000000001,0.8960178499999999,0.7228800058364868,0.8779776126146315,0.035435999999999995,0.038269599999999994,20.756137825939728,True,True,False,-6.5444400484382825,-0.6640469407289906,True,135,0.0,0.0
255,1,3947c243866e562f90528579af08055b21e62ee87d57f45152ced09a5cc18213,43,model.layers.12.self_attn.o_proj,o_proj,0,0.8194910566961211,896x896,0,896,896,1.75,1,0.7,0.7000000005551555,0.5,448,True,False,0.6423836299218237,448,0.15361956374511698,0.7471582126599969,556,5,0.1909621154719221,0.19430586022104296,tiles_half_s,Tiles (s/2),68,0.7224306466814596,544,3,0.176973820733098,0.18107568187279033,0.022430646126304077,True,False,False,True,0,0.17697381973266602,0.7224305868148804,0.6457765,0.7703753499999998,0.6353920102119446,0.7538176268339155,0.045535,0.05259024999999999,14.181980893817942,True,True,False,5.1771701285878375,8.919977744483864,True,0,0.0,0.0
255,1,3947c243866e562f90528579af08055b21e62ee87d57f45152ced09a5cc18213,43,model.layers.12.self_attn.o_proj,o_proj,0,0.8194910566961211,896x896,0,896,896,1.75,1,0.7,0.7000000005551555,0.5,448,True,False,0.6423836299218237,448,0.15361956374511698,0.7471582126599969,556,5,0.1909621154719221,0.19430586022104296,tiles_s,Tiles (s),135,0.7706415715801995,607,3,0.1974689507077031,0.2014348015195461,0.07064157102504398,True,False,False,True,67,0.19746896624565125,0.7706413865089417,0.6524995,0.8609339999999998,0.6410239934921265,0.8442240148782728,0.039153,0.042872549999999995,16.66537685490256,True,True,False,-5.4841694760989546,-1.6278924799600913,True,67,0.0,0.0
255,1,3947c243866e562f90528579af08055b21e62ee87d57f45152ced09a5cc18213,43,model.layers.12.self_attn.o_proj,o_proj,0,0.8194910566961211,896x896,0,896,896,1.75,1,0.7,0.7000000005551555,0.5,448,True,False,0.6423836299218237,448,0.15361956374511698,0.7471582126599969,556,5,0.1909621154719221,0.19430586022104296,tiles_2s,Tiles (2s),270,0.7884710164362332,626,2,0.20365002165242527,0.20774884668462065,0.08847101588107764,True,False,False,True,135,0.20365002751350403,0.7884710431098938,0.708724,0.8792086999999997,0.6947839856147766,0.866510424017906,0.0357715,0.04144529999999999,19.812532323218207,True,True,False,-8.790608111568998,-4.808996198443194,True,135,0.0,0.0
255,1,3947c243866e562f90528579af08055b21e62ee87d57f45152ced09a5cc18213,43,model.layers.12.self_attn.o_proj,o_proj,0,0.8194910566961211,896x896,0,896,896,1.75,2,0.9,0.9000000007137715,0.75,672,True,False,0.8457022584480001,672,0.24577177238992776,0.9174598207609961,760,6,0.2570322507143127,0.2563984322482513,tiles_half_s,Tiles (s/2),68,0.9038818858825834,748,2,0.24333900350800974,0.2485739886039886,0.0038818851688119382,True,False,False,True,0,0.24333900213241577,0.903881847858429,0.6715694999999999,0.7834739999999998,0.6599680185317993,0.7723711848258971,0.046557,0.050101099999999996,14.42467298150654,True,True,False,3.2907396199573835,5.093412087479965,True,0,0.0,0.0
255,1,3947c243866e562f90528579af08055b21e62ee87d57f45152ced09a5cc18213,43,model.layers.12.self_attn.o_proj,o_proj,0,0.8194910566961211,896x896,0,896,896,1.75,2,0.9,0.9000000007137715,0.75,672,True,False,0.8457022584480001,672,0.24577177238992776,0.9174598207609961,760,6,0.2570322507143127,0.2563984322482513,tiles_s,Tiles (s),135,0.9071897576359333,761,2,0.24756815731229334,0.25261179917330845,0.0071897569221618385,True,False,False,True,0,0.24756816029548645,0.9071897864341736,0.6241565,0.6447419,0.6133759915828705,0.6287360191345215,0.0391985,0.0428421,15.922968991160378,True,True,False,1.7198042380749734,3.443966040872004,True,0,0.0,0.0
255,1,3947c243866e562f90528579af08055b21e62ee87d57f45152ced09a5cc18213,43,model.layers.12.self_attn.o_proj,o_proj,0,0.8194910566961211,896x896,0,896,896,1.75,2,0.9,0.9000000007137715,0.75,672,True,False,0.8457022584480001,672,0.24577177238992776,0.9174598207609961,760,6,0.2570322507143127,0.2563984322482513,tiles_2s,Tiles (2s),270,0.902364788671548,810,1,0.26350881395920844,0.26917771493212667,0.002364787957776504,True,False,False,True,0,0.2635088264942169,0.9023647308349609,0.670328,0.7330268,0.6599679887294769,0.7216640114784241,0.03473,0.036335,19.301122948459547,True,True,False,-4.725268593361642,-2.7731767501888216,True,0,0.0,0.0
257,1,3947c243866e562f90528579af08055b21e62ee87d57f45152ced09a5cc18213,43,model.layers.12.mlp.up_proj,up_proj,0,0.6474019199895434,896x4864,2,896,4864,9.5,0,0.5,0.4999999988503987,0.25,224,False,False,0.32792695256648585,224,0.437775758945773,0.5044359800813254,380,22,0.7262601611855599,0.7453653971068335,tiles_half_s,Tiles (s/2),12,0.508135458570905,396,20,0.7596300950209962,0.7639270726643187,0.008135459720506333,True,False,False,True,0,0.7596301436424255,0.5081355571746826,0.713774,0.7335505999999999,0.7009280025959015,0.7202816277742385,0.1072305,0.13272645,6.656445694088902,True,True,False,-5.18642127048119,-1.913785905480947,True,0,0.0,0.0
257,1,3947c243866e562f90528579af08055b21e62ee87d57f45152ced09a5cc18213,43,model.layers.12.mlp.up_proj,up_proj,0,0.6474019199895434,896x4864,2,896,4864,9.5,0,0.5,0.4999999988503987,0.25,224,False,False,0.32792695256648585,224,0.437775758945773,0.5044359800813254,380,22,0.7262601611855599,0.7453653971068335,tiles_s,Tiles (s),25,0.5229815784841776,425,10,0.7505586147162641,0.7693087969949178,0.022981579633778892,True,False,False,True,0,0.750558614730835,0.522981584072113,0.7113295,0.7609311,0.6973440051078796,0.7467007905244827,0.0650965,0.0691691,10.927307919780633,True,True,False,-5.927440070385326,-0.696734464678439,True,0,0.0,0.0
257,1,3947c243866e562f90528579af08055b21e62ee87d57f45152ced09a5cc18213,43,model.layers.12.mlp.up_proj,up_proj,0,0.6474019199895434,896x4864,2,896,4864,9.5,0,0.5,0.4999999988503987,0.25,224,False,False,0.32792695256648585,224,0.437775758945773,0.5044359800813254,380,22,0.7262601611855599,0.7453653971068335,tiles_2s,Tiles (2s),50,0.5324695257586427,450,5,0.7947091214642796,0.81180580693816,0.032469526908244006,True,False,False,True,25,0.7947090864181519,0.5324695110321045,0.714385,0.7843856499999999,0.6999039947986603,0.772691187262535,0.048465999999999995,0.0515066,14.739920769199028,True,True,False,-11.778925834642195,-6.620071786130111,True,25,0.0,0.0
257,1,3947c243866e562f90528579af08055b21e62ee87d57f45152ced09a5cc18213,43,model.layers.12.mlp.up_proj,up_proj,0,0.6474019199895434,896x4864,2,896,4864,9.5,1,0.7,0.6999999983905582,0.5,448,False,False,0.5778256267367397,448,0.849658918594084,0.7038417779258452,571,28,1.069820788702282,1.0802337768058417,tiles_half_s,Tiles (s/2),12,0.7063503523240797,588,17,1.063586065534963,1.0850764569379436,0.006350353933521569,True,False,False,True,0,1.0635859966278076,0.7063503861427307,0.7191289999999999,0.77104035,0.7039999961853027,0.7538687855005264,0.1183365,0.13014935,6.0769838553616164,True,True,False,-1.426002223621703,1.5411211562097793,True,0,0.0,0.0
257,1,3947c243866e562f90528579af08055b21e62ee87d57f45152ced09a5cc18213,43,model.layers.12.mlp.up_proj,up_proj,0,0.6474019199895434,896x4864,2,896,4864,9.5,1,0.7,0.6999999983905582,0.5,448,False,False,0.5778256267367397,448,0.849658918594084,0.7038417779258452,571,28,1.069820788702282,1.0802337768058417,tiles_s,Tiles (s),25,0.7071609523554798,600,9,1.0596121619523728,1.0834490676499866,0.007160953964921668,True,False,False,True,0,1.0596121549606323,0.7071611285209656,0.6561465,0.72658985,0.6378400027751923,0.7154175907373428,0.067576,0.07709334999999999,9.709756422398485,True,True,False,-1.2738842889972402,1.9089955615390175,True,0,0.0,0.0
257,1,3947c243866e562f90528579af08055b21e62ee87d57f45152ced09a5cc18213,43,model.layers.12.mlp.up_proj,up_proj,0,0.6474019199895434,896x4864,2,896,4864,9.5,1,0.7,0.6999999983905582,0.5,448,False,False,0.5778256267367397,448,0.849658918594084,0.7038417779258452,571,28,1.069820788702282,1.0802337768058417,tiles_2s,Tiles (2s),50,0.7003869077889249,600,5,1.0596121619523728,1.0824077425842131,0.00038690939836671934,True,False,False,True,0,1.0596122741699219,0.7003868818283081,0.715287,0.74871795,0.7029759883880615,0.7327552199363708,0.0499385,0.053145649999999996,14.323357730007912,True,True,False,-1.1765478867913348,1.9089955615390175,True,0,0.0,0.0
257,1,3947c243866e562f90528579af08055b21e62ee87d57f45152ced09a5cc18213,43,model.layers.12.mlp.up_proj,up_proj,0,0.6474019199895434,896x4864,2,896,4864,9.5,2,0.9,0.8999999979307177,0.75,672,False,False,0.8029331556463148,672,1.264792904474038,0.9050169686961453,782,30,1.44757521842317,1.4461499511555589,tiles_half_s,Tiles (s/2),12,0.905520468892064,792,8,1.4101442847929522,1.4361134217618121,0.005520470961346224,True,False,False,True,0,1.410144329071045,0.905520498752594,0.7152620000000001,0.7711072999999999,0.7034879922866821,0.7424512177705764,0.12312000000000001,0.1363681,5.809470435347628,True,True,False,0.7917928212285319,2.4897602308692868,True,0,0.0,0.0
257,1,3947c243866e562f90528579af08055b21e62ee87d57f45152ced09a5cc18213,43,model.layers.12.mlp.up_proj,up_proj,0,0.6474019199895434,896x4864,2,896,4864,9.5,2,0.9,0.8999999979307177,0.75,672,False,False,0.8029331556463148,672,1.264792904474038,0.9050169686961453,782,30,1.44757521842317,1.4461499511555589,tiles_s,Tiles (s),25,0.9085896791657433,800,4,1.412816215936497,1.4432103234456175,0.00858968123502557,True,False,False,True,0,1.4128161668777466,0.9085896611213684,0.7209975,0.77788175,0.7080959975719452,0.7547903925180435,0.07173399999999999,0.09610289999999998,10.05098697967491,True,True,False,0.30153147981540895,2.3049985371452197,False,12,0.0,0.0
257,1,3947c243866e562f90528579af08055b21e62ee87d57f45152ced09a5cc18213,43,model.layers.12.mlp.up_proj,up_proj,0,0.6474019199895434,896x4864,2,896,4864,9.5,2,0.9,0.8999999979307177,0.75,672,False,False,0.8029331556463148,672,1.264792904474038,0.9050169686961453,782,30,1.44757521842317,1.4461499511555589,tiles_2s,Tiles (2s),50,0.900787207938265,796,3,1.4057521348568147,1.4359942718283896,0.0007872100075473343,True,False,False,True,0,1.405752182006836,0.9007872343063354,0.711395,0.7586086999999999,0.6993920207023621,0.7455232024192809,0.051335500000000006,0.05574915,13.857759250421246,True,True,False,0.8000238224163181,2.7934735444594794,True,0,0.0,0.0
258,1,3947c243866e562f90528579af08055b21e62ee87d57f45152ced09a5cc18213,43,model.layers.12.mlp.down_proj,down_proj,0,0.5517721267570036,4864x896,3,4864,896,1.75,0,0.5,0.4999999998944986,0.25,1216,False,False,0.2747057256055996,1212,0.41858674577498506,0.5037636233100784,2304,19,0.7803651650955826,0.7707583803675571,tiles_half_s,Tiles (s/2),68,0.5009295795098296,2312,20,0.8235523748987088,0.8186517038814952,0.0009295796153310221,True,False,False,True,34,0.8235523700714111,0.5009294748306274,0.7165745,0.77003065,0.7034879922866821,0.750336018204689,0.1259905,0.1352926,5.687528027906866,True,True,False,-4.906233709345953,-6.84961667312336,True,34,0.0,0.0
258,1,3947c243866e562f90528579af08055b21e62ee87d57f45152ced09a5cc18213,43,model.layers.12.mlp.down_proj,down_proj,0,0.5517721267570036,4864x896,3,4864,896,1.75,0,0.5,0.4999999998944986,0.25,1216,False,False,0.2747057256055996,1212,0.41858674577498506,0.5037636233100784,2304,19,0.7803651650955826,0.7707583803675571,tiles_s,Tiles (s),135,0.5166955991880968,2430,7,0.7905264418776252,0.8069684936038651,0.016695599293598207,True,False,False,True,0,0.7905264496803284,0.5166956186294556,0.715442,0.7523335999999999,0.7024639844894409,0.7373824119567871,0.08325099999999999,0.0882777,8.593794669133105,True,True,False,-3.409087142558964,-2.5647546641842878,True,0,0.0,0.0
258,1,3947c243866e562f90528579af08055b21e62ee87d57f45152ced09a5cc18213,43,model.layers.12.mlp.down_proj,down_proj,0,0.5517721267570036,4864x896,3,4864,896,1.75,0,0.5,0.4999999998944986,0.25,1216,False,False,0.2747057256055996,1212,0.41858674577498506,0.5037636233100784,2304,19,0.7803651650955826,0.7707583803675571,tiles_2s,Tiles (2s),270,0.513249766689114,2430,4,0.7905264418776252,0.80753314479638,0.013249766794615425,True,False,False,True,135,0.7905264496803284,0.5132495164871216,0.7131925,0.77518665,0.7009280025959015,0.7604736089706421,0.064871,0.07040419999999999,10.994011191441476,True,True,False,-3.481444446263793,-2.5647546641842878,True,135,0.0,0.0
258,1,3947c243866e562f90528579af08055b21e62ee87d57f45152ced09a5cc18213,43,model.layers.12.mlp.down_proj,down_proj,0,0.5517721267570036,4864x896,3,4864,896,1.75,1,0.7,0.699999999852298,0.5,2432,False,False,0.5310525823442731,2430,0.8348011482136549,0.7073852019675542,3300,26,1.1150576774099503,1.0991431399609815,tiles_half_s,Tiles (s/2),68,0.7064272660973074,3332,15,1.1169247920439371,1.1309675619376325,0.006427266245009444,True,False,False,True,34,1.11692476272583,0.7064273953437805,0.7130725,0.7639387,0.7014399766921997,0.7482703924179076,0.12569,0.1322371,5.673263585010741,True,True,False,-1.4268216658206878,-1.617774012908546,True,34,0.0,0.0
258,1,3947c243866e562f90528579af08055b21e62ee87d57f45152ced09a5cc18213,43,model.layers.12.mlp.down_proj,down_proj,0,0.5517721267570036,4864x896,3,4864,896,1.75,1,0.7,0.699999999852298,0.5,2432,False,False,0.5310525823442731,2430,0.8348011482136549,0.7073852019675542,3300,26,1.1150576774099503,1.0991431399609815,tiles_s,Tiles (s),135,0.7081821244173625,3375,7,1.0979533914967017,1.1210091610246795,0.008182124565064508,True,False,False,True,0,1.09795343875885,0.7081819772720337,0.6464585,0.7583551,0.6368959844112396,0.7365631878376006,0.085039,0.09389864999999999,7.601906184221358,True,True,False,-0.5337377370965513,0.10824326887233227,True,0,0.0,0.0
258,1,3947c243866e562f90528579af08055b21e62ee87d57f45152ced09a5cc18213,43,model.layers.12.mlp.down_proj,down_proj,0,0.5517721267570036,4864x896,3,4864,896,1.75,1,0.7,0.699999999852298,0.5,2432,False,False,0.5310525823442731,2430,0.8348011482136549,0.7073852019675542,3300,26,1.1150576774099503,1.0991431399609815,tiles_2s,Tiles (2s),270,0.7328192396416853,3510,3,1.1418715271565698,1.1664367647058822,0.03281923978938728,True,False,False,True,135,1.1418715715408325,0.732819139957428,0.6941925,0.7437448499999999,0.6824960112571716,0.7250944048166275,0.0681225,0.07688874999999999,10.19035560938016,True,True,False,-4.607751539388971,-3.8874270003727895,True,135,0.0,0.0
258,1,3947c243866e562f90528579af08055b21e62ee87d57f45152ced09a5cc18213,43,model.layers.12.mlp.down_proj,down_proj,0,0.5517721267570036,4864x896,3,4864,896,1.75,2,0.9,0.8999999998100975,0.75,3648,False,False,0.7764097367726208,3648,1.2433535899706925,0.900063036406209,4308,28,1.4534689158709766,1.4308448367545545,tiles_half_s,Tiles (s/2),68,0.9051499743982276,4352,7,1.4212839225404026,1.4500976996986754,0.005149974588130157,True,False,False,True,34,1.4212839603424072,0.905149519443512,0.6334489999999999,0.78879815,0.6226719915866852,0.7757824003696441,0.13099,0.14205815,4.8358576990609965,True,True,False,0.23194277741268587,0.6682006300444132,True,34,0.0,0.0
258,1,3947c243866e562f90528579af08055b21e62ee87d57f45152ced09a5cc18213,43,model.layers.12.mlp.down_proj,down_proj,0,0.5517721267570036,4864x896,3,4864,896,1.75,2,0.9,0.8999999998100975,0.75,3648,False,False,0.7764097367726208,3648,1.2433535899706925,0.900063036406209,4308,28,1.4534689158709766,1.4308448367545545,tiles_s,Tiles (s),135,0.9204919467629225,4455,2,1.4492984767756463,1.4801951065304393,0.02049194695282497,True,False,False,True,67,1.4492985010147095,0.9204920530319214,0.6948635000000001,0.72793865,0.6835199892520905,0.7160831958055496,0.08833,0.09540429999999998,7.866676100984943,True,True,False,-1.8387865311483065,-1.2897023875033442,True,67,0.0,0.0
258,1,3947c243866e562f90528579af08055b21e62ee87d57f45152ced09a5cc18213,43,model.layers.12.mlp.down_proj,down_proj,0,0.5517721267570036,4864x896,3,4864,896,1.75,2,0.9,0.8999999998100975,0.75,3648,False,False,0.7764097367726208,3648,1.2433535899706925,0.900063036406209,4308,28,1.4534689158709766,1.4308448367545545,tiles_2s,Tiles (2s),270,0.9205649573450501,4455,2,1.4492984767756463,1.4801951065304393,0.020564957534952577,True,False,False,True,135,1.4492985010147095,0.9205650091171265,0.7134935,0.7632685499999999,0.7009280025959015,0.7507455825805663,0.068899,0.0740007,10.355643768414636,True,True,False,-1.8387865311483065,-1.2897023875033442,True,135,0.0,0.0
272,1,3947c243866e562f90528579af08055b21e62ee87d57f45152ced09a5cc18213,43,model.layers.14.mlp.down_proj,down_proj,0,0.5871482807370433,4864x896,3,4864,896,1.75,0,0.5,0.500000001375156,0.25,1216,False,False,0.2750020820531063,1212,0.41468976835981364,0.5019088083790848,2268,20,0.7735634861355845,0.773085455695951,tiles_half_s,Tiles (s/2),68,0.5008293221217173,2312,18,0.8015789481962343,0.8036974478389993,0.0008293207465612795,True,False,False,True,34,0.801578938961029,0.5008295774459839,0.7174054999999999,0.7643713499999999,0.7045120000839233,0.7387648165225982,0.1207255,0.12693155,5.9424520917287555,True,True,False,-3.895473641594971,-3.685684718338522,True,34,0.0,0.0
272,1,3947c243866e562f90528579af08055b21e62ee87d57f45152ced09a5cc18213,43,model.layers.14.mlp.down_proj,down_proj,0,0.5871482807370433,4864x896,3,4864,896,1.75,0,0.5,0.500000001375156,0.25,1216,False,False,0.2750020820531063,1212,0.41468976835981364,0.5019088083790848,2268,20,0.7735634861355845,0.773085455695951,tiles_s,Tiles (s),135,0.5165533676699852,2430,11,0.7905264418776252,0.8055568656225776,0.016553366294829175,True,False,False,True,0,0.7905265092849731,0.5165535807609558,0.718012,0.7851908,0.7060480117797852,0.7721472054719924,0.082404,0.090849,8.713314887626813,True,True,False,-4.135844059395732,-2.256023063578838,True,0,0.0,0.0
272,1,3947c243866e562f90528579af08055b21e62ee87d57f45152ced09a5cc18213,43,model.layers.14.mlp.down_proj,down_proj,0,0.5871482807370433,4864x896,3,4864,896,1.75,0,0.5,0.500000001375156,0.25,1216,False,False,0.2750020820531063,1212,0.41468976835981364,0.5019088083790848,2268,20,0.7735634861355845,0.773085455695951,tiles_2s,Tiles (2s),270,0.5112253577572119,2430,6,0.7905264418776252,0.80753314479638,0.011225356382055907,True,False,False,True,0,0.7905265092849731,0.5112255811691284,0.735309,0.84984045,0.7188479900360107,0.8281600087881088,0.0647005,0.06983389999999999,11.36481170933764,True,True,False,-4.391321367880807,-2.256023063578838,True,0,0.0,0.0
272,1,3947c243866e562f90528579af08055b21e62ee87d57f45152ced09a5cc18213,43,model.layers.14.mlp.down_proj,down_proj,0,0.5871482807370433,4864x896,3,4864,896,1.75,1,0.7,0.7000000019252184,0.5,2432,False,False,0.5366196967224823,2430,0.8360616205290434,0.7023419863326126,3258,27,1.1063878864684689,1.099025304601125,tiles_half_s,Tiles (s/2),68,0.7072125350932765,3332,14,1.1059380786926998,1.1232694844776039,0.007212533168058144,True,False,False,True,34,1.1059380769729614,0.7072129249572754,0.721063,0.8263342499999997,0.707071989774704,0.8122880101203915,0.1266315,0.13236,5.694183516739516,True,True,False,-1.5258299747858084,-0.6289913492104393,True,34,0.0,0.0
272,1,3947c243866e562f90528579af08055b21e62ee87d57f45152ced09a5cc18213,43,model.layers.14.mlp.down_proj,down_proj,0,0.5871482807370433,4864x896,3,4864,896,1.75,1,0.7,0.7000000019252184,0.5,2432,False,False,0.5366196967224823,2430,0.8360616205290434,0.7023419863326126,3258,27,1.1063878864684689,1.099025304601125,tiles_s,Tiles (s),135,0.7096569363784511,3375,8,1.0979533914967017,1.1215738122171945,0.00965693445323268,True,False,False,True,0,1.09795343875885,0.7096569538116455,0.7153970000000001,0.8186810999999999,0.7009280025959015,0.8058879911899566,0.0848335,0.0909402,8.432953962762353,True,True,False,-1.3725679695570703,0.09753306861413069,True,0,0.0,0.0
272,1,3947c243866e562f90528579af08055b21e62ee87d57f45152ced09a5cc18213,43,model.layers.14.mlp.down_proj,down_proj,0,0.5871482807370433,4864x896,3,4864,896,1.75,1,0.7,0.7000000019252184,0.5,2432,False,False,0.5366196967224823,2430,0.8360616205290434,0.7023419863326126,3258,27,1.1063878864684689,1.099025304601125,tiles_2s,Tiles (2s),270,0.7057541361209587,3375,5,1.0979533914967017,1.1215738122171945,0.005754134195740335,True,False,False,True,135,1.09795343875885,0.7057541608810425,0.707788,0.76250195,0.6963199973106384,0.7481040179729461,0.0676515,0.0728755,10.462266172959948,True,True,False,-1.3725679695570703,0.09753306861413069,True,135,0.0,0.0
272,1,3947c243866e562f90528579af08055b21e62ee87d57f45152ced09a5cc18213,43,model.layers.14.mlp.down_proj,down_proj,0,0.5871482807370433,4864x896,3,4864,896,1.75,2,0.9,0.9000000024752808,0.75,3648,False,False,0.7777909635478863,3648,1.2499145078193366,0.9059505630684725,4332,30,1.4626372489747965,1.449967881032754,tiles_half_s,Tiles (s/2),68,0.9039890676576761,4352,7,1.4212839225404026,1.4502449993245292,0.003989065182395279,True,False,False,True,34,1.4212839603424072,0.9039891958236694,0.714535,0.7778768999999999,0.7019519805908203,0.7654912024736403,0.1333445,0.13995115,5.3585637202884255,True,True,False,0.8472537985035888,1.9782478541470194,True,34,0.0,0.0
272,1,3947c243866e562f90528579af08055b21e62ee87d57f45152ced09a5cc18213,43,model.layers.14.mlp.down_proj,down_proj,0,0.5871482807370433,4864x896,3,4864,896,1.75,2,0.9,0.9000000024752808,0.75,3648,False,False,0.7777909635478863,3648,1.2499145078193366,0.9059505630684725,4332,30,1.4626372489747965,1.449967881032754,tiles_s,Tiles (s),135,0.9195327839624952,4455,3,1.4492984767756463,1.480477432126697,0.01953278148721438,True,False,False,True,67,1.4492985010147095,0.9195327162742615,0.7094309999999999,0.74409415,0.6963199973106384,0.7316991955041885,0.0886355,0.09534779999999998,8.003914909940146,True,True,False,-1.2197271171922486,0.04616683347710149,True,67,0.0,0.0
272,1,3947c243866e562f90528579af08055b21e62ee87d57f45152ced09a5cc18213,43,model.layers.14.mlp.down_proj,down_proj,0,0.5871482807370433,4864x896,3,4864,896,1.75,2,0.9,0.9000000024752808,0.75,3648,False,False,0.7777909635478863,3648,1.2499145078193366,0.9059505630684725,4332,30,1.4626372489747965,1.449967881032754,tiles_2s,Tiles (2s),270,0.9472299160261173,4590,2,1.4932166124355144,1.5253403846153846,0.0472299135508365,True,False,False,True,0,1.493216633796692,0.94722980260849,0.6290705,0.7808506499999999,0.6194559931755066,0.7673855841159819,0.0688535,0.08312329999999997,9.136361985955688,True,True,False,-4.286991575288979,-2.9827372018720766,True,0,0.0,0.0
273,1,3947c243866e562f90528579af08055b21e62ee87d57f45152ced09a5cc18213,43,model.layers.15.self_attn.q_proj,q_proj,0,1.1148149881138185,896x896,0,896,896,1.75,0,0.5,0.5000000031795935,0.25,224,False,False,0.30402672877244186,224,0.08565889711341598,0.5165599730971735,408,4,0.14065303447501004,0.14352927183522768,tiles_half_s,Tiles (s/2),68,0.5029151568887755,408,3,0.14371707890106078,0.14328388942584064,0.00291515370918205,True,False,False,True,34,0.14371708035469055,0.5029151439666748,0.7303394999999999,0.8077655,0.7163040041923523,0.7943679958581924,0.043927,0.05259219999999999,16.626209392856328,True,True,False,-1.8704572998729185,-0.13084931277900225,True,34,0.0,0.0
273,1,3947c243866e562f90528579af08055b21e62ee87d57f45152ced09a5cc18213,43,model.layers.15.self_attn.q_proj,q_proj,0,1.1148149881138185,896x896,0,896,896,1.75,0,0.5,0.5000000031795935,0.25,224,False,False,0.30402672877244186,224,0.08565889711341598,0.5165599730971735,408,4,0.14065303447501004,0.14352927183522768,tiles_s,Tiles (s),135,0.5642204728210345,472,2,0.15912633731475567,0.16055957195145457,0.06422046964144101,True,False,False,True,67,0.15912634134292603,0.5642204880714417,0.7095104999999999,0.74673805,0.6973440051078796,0.7357951998710632,0.03994,0.058867849999999985,17.764409113670503,True,True,False,-14.152938506265468,-10.866818510326937,True,67,0.0,0.0
273,1,3947c243866e562f90528579af08055b21e62ee87d57f45152ced09a5cc18213,43,model.layers.15.self_attn.q_proj,q_proj,0,1.1148149881138185,896x896,0,896,896,1.75,0,0.5,0.5000000031795935,0.25,224,False,False,0.30402672877244186,224,0.08565889711341598,0.5165599730971735,408,4,0.14065303447501004,0.14352927183522768,tiles_2s,Tiles (2s),270,0.6188435896474402,540,2,0.17567254263947227,0.17945180995475113,0.11884358646784676,True,False,False,True,0,0.17567254602909088,0.6188435554504395,0.7129525,0.7965310999999999,0.7008959949016571,0.7841792047023772,0.0348555,0.03836195,20.454519372839293,True,True,False,-27.584741150134583,-22.394923623067786,True,0,0.0,0.0
273,1,3947c243866e562f90528579af08055b21e62ee87d57f45152ced09a5cc18213,43,model.layers.15.self_attn.q_proj,q_proj,0,1.1148149881138185,896x896,0,896,896,1.75,1,0.7,0.7000000044514308,0.5,448,False,False,0.5647813102696091,448,0.16074689995911942,0.7349381461099256,616,5,0.20958298517003482,0.21086707033855717,tiles_half_s,Tiles (s/2),68,0.7206248451839201,612,3,0.2045889050003539,0.20737505630458614,0.02062484073248927,True,False,False,True,34,0.2045889049768448,0.7206248641014099,0.713438,0.82286465,0.7009280025959015,0.8103423923254013,0.045475,0.05005334999999999,15.688576140736668,True,True,False,1.053486695810435,2.9773095097889724,True,34,0.0,0.0
273,1,3947c243866e562f90528579af08055b21e62ee87d57f45152ced09a5cc18213,43,model.layers.15.self_attn.q_proj,q_proj,0,1.1148149881138185,896x896,0,896,896,1.75,1,0.7,0.7000000044514308,0.5,448,False,False,0.5647813102696091,448,0.16074689995911942,0.7349381461099256,616,5,0.20958298517003482,0.21086707033855717,tiles_s,Tiles (s),135,0.7067035997315543,607,2,0.20304447297462372,0.20542252444014236,0.006703595280123431,True,False,False,True,67,0.20304447412490845,0.706703782081604,0.7028639999999999,0.7645459499999999,0.6912000179290771,0.7537519752979278,0.038307,0.04117165,18.34818701542799,True,True,False,1.985113785127679,3.709729239076498,True,67,0.0,0.0
273,1,3947c243866e562f90528579af08055b21e62ee87d57f45152ced09a5cc18213,43,model.layers.15.self_attn.q_proj,q_proj,0,1.1148149881138185,896x896,0,896,896,1.75,1,0.7,0.7000000044514308,0.5,448,False,False,0.5647813102696091,448,0.16074689995911942,0.7349381461099256,616,5,0.20958298517003482,0.21086707033855717,tiles_2s,Tiles (2s),270,0.7141606027144007,626,2,0.20365002165242527,0.20774884668462065,0.014160598262969892,True,False,False,True,135,0.20365002751350403,0.7141605615615845,0.7100869999999999,0.74353375,0.6978560090065002,0.7321599930524826,0.035416,0.041463749999999994,20.049892703862657,True,True,False,0.8751371128367769,3.4225584272331355,True,135,0.0,0.0
273,1,3947c243866e562f90528579af08055b21e62ee87d57f45152ced09a5cc18213,43,model.layers.15.self_attn.q_proj,q_proj,0,1.1148149881138185,896x896,0,896,896,1.75,2,0.9,0.9000000057232683,0.75,672,False,False,0.7925488487089751,672,0.227674377151255,0.9130955458240351,804,3,0.2686359956684844,0.2647496169379328,tiles_half_s,Tiles (s/2),68,0.9249874133965932,816,1,0.265460731099647,0.2711716239316239,0.024987407673324857,True,False,False,True,34,0.265460729598999,0.9249875545501709,0.71177,0.7525855499999999,0.6983680129051208,0.7406448006629943,0.046056,0.0490825,15.45444676046552,True,True,False,-0.94388998645909,-0.2685987499958964,True,34,0.0,0.0
273,1,3947c243866e562f90528579af08055b21e62ee87d57f45152ced09a5cc18213,43,model.layers.15.self_attn.q_proj,q_proj,0,1.1148149881138185,896x896,0,896,896,1.75,2,0.9,0.9000000057232683,0.75,672,False,False,0.7925488487089751,672,0.227674377151255,0.9130955458240351,804,3,0.2686359956684844,0.2647496169379328,tiles_s,Tiles (s),135,0.9137015685846563,810,1,0.26350881395920844,0.26917771493212667,0.013701562861388017,True,False,False,True,0,0.2635088264942169,0.9137015342712402,0.7097015,0.7420809,0.696832001209259,0.7303743720054626,0.038647,0.04298479999999999,18.36368929024245,True,True,False,-0.20165550126454157,0.46867035845995497,True,0,0.0,0.0
273,1,3947c243866e562f90528579af08055b21e62ee87d57f45152ced09a5cc18213,43,model.layers.15.self_attn.q_proj,q_proj,0,1.1148149881138185,896x896,0,896,896,1.75,2,0.9,0.9000000057232683,0.75,672,False,False,0.7925488487089751,672,0.227674377151255,0.9130955458240351,804,3,0.2686359956684844,0.2647496169379328,tiles_2s,Tiles (2s),270,0.9137015685846563,810,1,0.26350881395920844,0.26917771493212667,0.013701562861388017,True,False,False,True,0,0.2635088264942169,0.9137015342712402,0.7215285,0.8576200999999999,0.7096319794654846,0.8441343843936919,0.035181000000000004,0.03838155,20.509038969898523,True,True,False,-0.20165550126454157,0.46867035845995497,True,0,0.0,0.0
274,1,3947c243866e562f90528579af08055b21e62ee87d57f45152ced09a5cc18213,43,model.layers.15.self_attn.k_proj,k_proj,0,1.1148149881138185,896x128,1,896,128,0.25,0,0.5,0.5000000031795935,0.25,224,False,False,0.2755436606676085,224,0.018949429657794677,0.8402465602266602,736,1,0.03559616,0.03664651603113517,tiles_half_s,Tiles (s/2),472,0.5162396845698822,472,1,0.02747613916319621,0.02632202643171806,0.01623968139028875,True,False,False,True,0,0.02747613936662674,0.5162397027015686,0.694473,0.73960465,0.6824960112571716,0.7248096078634262,0.0321955,0.036212549999999996,21.570498982777096,True,True,False,26.05374728139761,25.023870918991953,True,0,0.0,0.0
274,1,3947c243866e562f90528579af08055b21e62ee87d57f45152ced09a5cc18213,43,model.layers.15.self_attn.k_proj,k_proj,0,1.1148149881138185,896x128,1,896,128,0.25,0,0.5,0.5000000031795935,0.25,224,False,False,0.2755436606676085,224,0.018949429657794677,0.8402465602266602,736,1,0.03559616,0.03664651603113517,tiles_s,Tiles (s),896,0.5144774355867412,448,1,0.026642468538838122,0.025773178458289338,0.014477432407147717,True,False,False,True,448,0.026642467826604843,0.5144774317741394,0.7056290000000001,0.7577999999999999,0.6937599778175354,0.7456768155097961,0.032851,0.038860949999999984,21.47968098383611,True,True,False,27.59562138643793,27.298768275263953,True,448,0.0,0.0
274,1,3947c243866e562f90528579af08055b21e62ee87d57f45152ced09a5cc18213,43,model.layers.15.self_attn.k_proj,k_proj,0,1.1148149881138185,896x128,1,896,128,0.25,0,0.5,0.5000000031795935,0.25,224,False,False,0.2755436606676085,224,0.018949429657794677,0.8402465602266602,736,1,0.03559616,0.03664651603113517,tiles_2s,Tiles (2s),896,0.5144774355867412,448,1,0.026642468538838122,0.025773178458289338,0.014477432407147717,True,False,False,True,448,0.026642467826604843,0.5144774317741394,0.7180420000000001,0.79443525,0.7060479819774628,0.7795712023973465,0.0317645,0.033303,22.60517244093249,True,True,False,27.59562138643793,27.298768275263953,True,448,0.0,0.0
274,1,3947c243866e562f90528579af08055b21e62ee87d57f45152ced09a5cc18213,43,model.layers.15.self_attn.k_proj,k_proj,0,1.1148149881138185,896x128,1,896,128,0.25,1,0.7,0.7000000044514308,0.5,448,False,False,0.5463813433307223,448,0.03634124909539145,0.8402465602266602,736,1,0.03559616,0.03664651603113517,tiles_half_s,Tiles (s/2),472,0.8000231286132475,708,1,0.0356739003027174,0.03657105263157895,0.10002312416181669,True,False,False,True,236,0.035673901438713074,0.8000231385231018,0.6581555,0.77311225,0.647599995136261,0.7575040131807327,0.033137,0.0359491,19.8616501192021,True,True,False,-2.7387578648341515,2.654046915650654,True,236,0.0,0.0
274,1,3947c243866e562f90528579af08055b21e62ee87d57f45152ced09a5cc18213,43,model.layers.15.self_attn.k_proj,k_proj,0,1.1148149881138185,896x128,1,896,128,0.25,1,0.7,0.7000000044514308,0.5,448,False,False,0.5463813433307223,448,0.03634124909539145,0.8402465602266602,736,1,0.03559616,0.03664651603113517,tiles_s,Tiles (s),896,1.000000006359187,896,1,0.04220432019352241,0.043105703422053235,0.3000000019077561,True,False,False,True,0,0.042204320430755615,1.0,0.704592,0.78003695,0.692223995923996,0.7675248205661773,0.032189999999999996,0.034749,21.888536812674747,True,True,False,-21.09649867304011,-15.165982375146637,True,0,0.0,0.0
274,1,3947c243866e562f90528579af08055b21e62ee87d57f45152ced09a5cc18213,43,model.layers.15.self_attn.k_proj,k_proj,0,1.1148149881138185,896x128,1,896,128,0.25,1,0.7,0.7000000044514308,0.5,448,False,False,0.5463813433307223,448,0.03634124909539145,0.8402465602266602,736,1,0.03559616,0.03664651603113517,tiles_2s,Tiles (2s),896,1.000000006359187,896,1,0.04220432019352241,0.043105703422053235,0.3000000019077561,True,False,False,True,0,0.042204320430755615,1.0,0.7069865,0.7498718,0.6937599778175354,0.7363071978092194,0.032370499999999996,0.036087749999999995,21.840456588560574,True,True,False,-21.09649867304011,-15.165982375146637,True,0,0.0,0.0
274,1,3947c243866e562f90528579af08055b21e62ee87d57f45152ced09a5cc18213,43,model.layers.15.self_attn.k_proj,k_proj,0,1.1148149881138185,896x128,1,896,128,0.25,2,0.9,0.9000000057232683,0.75,672,False,False,0.7690428731730208,672,0.04411609029795707,0.9692669444630155,864,1,0.04185874769797422,0.041092759361044964,tiles_half_s,Tiles (s/2),472,1.000000006359187,896,1,0.04220432019352241,0.043105703422053235,0.10000000063591863,True,False,False,True,0,0.042204320430755615,1.0,0.7052879999999999,0.73525515,0.6932480037212372,0.7143936157226562,0.033302,0.03948584999999999,21.178547834964867,True,True,False,-2.9789608926579447,-2.70500411693253,True,0,0.0,0.0
274,1,3947c243866e562f90528579af08055b21e62ee87d57f45152ced09a5cc18213,43,model.layers.15.self_attn.k_proj,k_proj,0,1.1148149881138185,896x128,1,896,128,0.25,2,0.9,0.9000000057232683,0.75,672,False,False,0.7690428731730208,672,0.04411609029795707,0.9692669444630155,864,1,0.04185874769797422,0.041092759361044964,tiles_s,Tiles (s),896,1.000000006359187,896,1,0.04220432019352241,0.043105703422053235,0.10000000063591863,True,False,False,True,0,0.042204320430755615,1.0,0.7024630000000001,0.7636154999999999,0.6901760101318359,0.7469056129455566,0.032586,0.035922199999999994,21.557202479592465,True,True,False,-2.9789608926579447,-2.70500411693253,True,0,0.0,0.0
274,1,3947c243866e562f90528579af08055b21e62ee87d57f45152ced09a5cc18213,43,model.layers.15.self_attn.k_proj,k_proj,0,1.1148149881138185,896x128,1,896,128,0.25,2,0.9,0.9000000057232683,0.75,672,False,False,0.7690428731730208,672,0.04411609029795707,0.9692669444630155,864,1,0.04185874769797422,0.041092759361044964,tiles_2s,Tiles (2s),896,1.000000006359187,896,1,0.04220432019352241,0.043105703422053235,0.10000000063591863,True,False,False,True,0,0.042204320430755615,1.0,0.7009099999999999,0.76184875,0.6886399984359741,0.7493120044469833,0.032816,0.040305099999999996,21.358788395904437,True,True,False,-2.9789608926579447,-2.70500411693253,True,0,0.0,0.0
277,1,3947c243866e562f90528579af08055b21e62ee87d57f45152ced09a5cc18213,43,model.layers.15.mlp.gate_proj,gate_proj,0,0.7165018913549537,896x4864,2,896,4864,9.5,0,0.5,0.49999999860301614,0.25,224,False,False,0.33250388415763155,224,0.4485074172580162,0.512034705519909,385,21,0.7332601798303228,0.7454155181287384,tiles_half_s,Tiles (s/2),12,0.5071073512954172,396,20,0.7799132581309728,0.7673432653108215,0.007107352692401037,True,False,False,True,6,0.7799133062362671,0.5071073770523071,0.7069865,0.74595695,0.6952959895133972,0.7259648114442825,0.109159,0.11838055,6.47666706364111,True,True,False,-4.648157150492693,-4.627987902483732,True,6,0.0,0.0
277,1,3947c243866e562f90528579af08055b21e62ee87d57f45152ced09a5cc18213,43,model.layers.15.mlp.gate_proj,gate_proj,0,0.7165018913549537,896x4864,2,896,4864,9.5,0,0.5,0.49999999860301614,0.25,224,False,False,0.33250388415763155,224,0.4485074172580162,0.512034705519909,385,21,0.7332601798303228,0.7454155181287384,tiles_s,Tiles (s),25,0.5253120435518213,425,10,0.7505586147162641,0.7693087969949178,0.025312044948805124,True,False,False,True,12,0.750558614730835,0.5253118276596069,0.710558,0.7743928,0.6978560090065002,0.7537152111530304,0.066053,0.07392559999999998,10.757391791440208,True,True,False,-4.916210937969767,-0.6899637131833058,False,0,-0.002603312664433477,0.0
277,1,3947c243866e562f90528579af08055b21e62ee87d57f45152ced09a5cc18213,43,model.layers.15.mlp.gate_proj,gate_proj,0,0.7165018913549537,896x4864,2,896,4864,9.5,0,0.5,0.49999999860301614,0.25,224,False,False,0.33250388415763155,224,0.4485074172580162,0.512034705519909,385,21,0.7332601798303228,0.7454155181287384,tiles_2s,Tiles (2s),50,0.5378216017561499,450,5,0.7947091214642796,0.81180580693816,0.037821603153133765,True,False,False,True,25,0.7947091460227966,0.5378211736679077,0.7248795,0.81637755,0.7121919989585876,0.8000511795282363,0.048586000000000004,0.05725619999999999,14.919513851726833,True,True,False,-10.711835889685538,-6.612902755135264,False,0,1.1102230246251565e-16,1.1102230246251565e-16
277,1,3947c243866e562f90528579af08055b21e62ee87d57f45152ced09a5cc18213,43,model.layers.15.mlp.gate_proj,gate_proj,0,0.7165018913549537,896x4864,2,896,4864,9.5,1,0.7,0.6999999980442225,0.5,448,False,False,0.5833919166761916,448,0.8551744919363939,0.71682823766605,579,31,1.0935112108429026,1.112297513752269,tiles_half_s,Tiles (s/2),12,0.7084875035507139,588,17,1.0574823358953866,1.0798011118119326,0.008487505506491355,True,False,False,True,0,1.0574824810028076,0.7084875106811523,0.6293715,0.732996,0.6195200085639954,0.7138304114341736,0.11416799999999999,0.12158954999999999,5.512678684044566,True,True,False,1.2537684931827942,4.928103963117447,True,0,0.0,0.0
277,1,3947c243866e562f90528579af08055b21e62ee87d57f45152ced09a5cc18213,43,model.layers.15.mlp.gate_proj,gate_proj,0,0.7165018913549537,896x4864,2,896,4864,9.5,1,0.7,0.6999999980442225,0.5,448,False,False,0.5833919166761916,448,0.8551744919363939,0.71682823766605,579,31,1.0935112108429026,1.112297513752269,tiles_s,Tiles (s),25,0.7083764991548378,600,10,1.0596121619523728,1.08605238031442,0.008376501110615275,True,False,False,True,0,1.0596122741699219,0.7083765864372253,0.7165845,0.7765414999999999,0.7045120000839233,0.761753612756729,0.0681725,0.07210355,10.51134255014852,True,True,False,0.6820991366639162,4.736624073011308,True,0,0.0,0.0
277,1,3947c243866e562f90528579af08055b21e62ee87d57f45152ced09a5cc18213,43,model.layers.15.mlp.gate_proj,gate_proj,0,0.7165018913549537,896x4864,2,896,4864,9.5,1,0.7,0.6999999980442225,0.5,448,False,False,0.5833919166761916,448,0.8551744919363939,0.71682823766605,579,31,1.0935112108429026,1.112297513752269,tiles_2s,Tiles (2s),50,0.7428371425776277,646,4,1.1408490943687213,1.1653923361823362,0.04283714453340515,True,False,False,True,0,1.1408491134643555,0.7428373098373413,0.7108535,0.7524687999999999,0.6988800168037415,0.7262719810009002,0.0494975,0.053027599999999994,14.361402091014698,True,True,False,-6.573423722288685,-2.5669014147244873,True,0,0.0,0.0
277,1,3947c243866e562f90528579af08055b21e62ee87d57f45152ced09a5cc18213,43,model.layers.15.mlp.gate_proj,gate_proj,0,0.7165018913549537,896x4864,2,896,4864,9.5,2,0.9,0.899999997485429,0.75,672,False,False,0.8087366463150829,672,1.263841883048867,0.9072128048865125,783,27,1.444647997801188,1.4433851259622554,tiles_half_s,Tiles (s/2),12,0.9063186042767484,792,7,1.4047917834167083,1.4340535653371724,0.006318606791319348,True,False,False,True,0,1.4047918319702148,0.906318724155426,0.7168245,0.75424415,0.7029759883880615,0.7386111885309219,0.116573,0.12368059999999999,6.149146886500304,True,True,False,0.7333573631874812,2.6738076935508337,True,0,0.0,0.0
277,1,3947c243866e562f90528579af08055b21e62ee87d57f45152ced09a5cc18213,43,model.layers.15.mlp.gate_proj,gate_proj,0,0.7165018913549537,896x4864,2,896,4864,9.5,2,0.9,0.899999997485429,0.75,672,False,False,0.8087366463150829,672,1.263841883048867,0.9072128048865125,783,27,1.444647997801188,1.4433851259622554,tiles_s,Tiles (s),25,0.9069229605665896,796,4,1.4057521348568145,1.4365149343612762,0.0069229630811605825,True,False,False,True,0,1.405752182006836,0.9069231152534485,0.712877,0.7394367000000001,0.7014399766921997,0.7220256060361863,0.070292,0.07623705,10.141651966084334,True,True,False,0.5629789022855824,2.607273029805701,True,0,0.0,0.0
277,1,3947c243866e562f90528579af08055b21e62ee87d57f45152ced09a5cc18213,43,model.layers.15.mlp.gate_proj,gate_proj,0,0.7165018913549537,896x4864,2,896,4864,9.5,2,0.9,0.899999997485429,0.75,672,False,False,0.8087366463150829,672,1.263841883048867,0.9072128048865125,783,27,1.444647997801188,1.4433851259622554,tiles_2s,Tiles (2s),50,0.931211300106952,825,2,1.4569667226845127,1.488310646053293,0.03121130262152294,True,False,False,True,25,1.456966757774353,0.9312113523483276,0.707452,0.7303586,0.6937599778175354,0.7183871865272522,0.051211,0.054927,13.814453925914354,True,True,False,-3.0223728076709033,-0.9409544603144582,True,25,0.0,0.0
289,1,3947c243866e562f90528579af08055b21e62ee87d57f45152ced09a5cc18213,43,model.layers.17.self_attn.v_proj,v_proj,0,0.9711424323802762,896x128,1,896,128,0.25,0,0.5,0.49999999913416104,0.25,224,False,False,0.2657446595549118,224,0.018949429657794677,0.8315913240658119,736,1,0.03559616,0.03664651603113517,tiles_half_s,Tiles (s/2),472,0.5208568346861284,472,1,0.02747613916319621,0.02632202643171806,0.02085683555196738,True,False,False,True,0,0.02747613936662674,0.5208568572998047,0.7104775000000001,0.7360989499999999,0.6973440051078796,0.7237119942903518,0.032676,0.03512155,21.743098910515368,True,True,False,26.05374728139761,25.023870918991953,True,0,0.0,0.0
289,1,3947c243866e562f90528579af08055b21e62ee87d57f45152ced09a5cc18213,43,model.layers.17.self_attn.v_proj,v_proj,0,0.9711424323802762,896x128,1,896,128,0.25,0,0.5,0.49999999913416104,0.25,224,False,False,0.2657446595549118,224,0.018949429657794677,0.8315913240658119,736,1,0.03559616,0.03664651603113517,tiles_s,Tiles (s),896,0.5078319749882212,448,1,0.026642468538838122,0.025773178458289338,0.007831975854060147,True,False,False,True,448,0.026642467826604843,0.5078319311141968,0.7037150000000001,0.72322105,0.6896640062332153,0.7092736035585403,0.03211,0.034546499999999994,21.91575833073809,True,True,False,27.59562138643793,27.298768275263953,True,448,0.0,0.0
289,1,3947c243866e562f90528579af08055b21e62ee87d57f45152ced09a5cc18213,43,model.layers.17.self_attn.v_proj,v_proj,0,0.9711424323802762,896x128,1,896,128,0.25,0,0.5,0.49999999913416104,0.25,224,False,False,0.2657446595549118,224,0.018949429657794677,0.8315913240658119,736,1,0.03559616,0.03664651603113517,tiles_2s,Tiles (2s),896,0.5078319749882212,448,1,0.026642468538838122,0.025773178458289338,0.007831975854060147,True,False,False,True,448,0.026642467826604843,0.5078319311141968,0.722014,0.7856662999999999,0.7070720195770264,0.7729664117097854,0.032646,0.035916199999999995,22.116461434785272,True,True,False,27.59562138643793,27.298768275263953,True,448,0.0,0.0
289,1,3947c243866e562f90528579af08055b21e62ee87d57f45152ced09a5cc18213,43,model.layers.17.self_attn.v_proj,v_proj,0,0.9711424323802762,896x128,1,896,128,0.25,1,0.7,0.6999999987878254,0.5,448,False,False,0.5334029703371925,448,0.03634124909539145,0.8315913240658119,736,1,0.03559616,0.03664651603113517,tiles_half_s,Tiles (s/2),472,0.7961955275968648,708,1,0.0356739003027174,0.03657105263157895,0.09619552880903948,True,False,False,True,236,0.035673901438713074,0.796195387840271,0.7195100000000001,0.783077,0.7070720195770264,0.7694335848093032,0.034509,0.03662355,20.849923208438383,True,True,False,-2.7387578648341515,2.654046915650654,True,236,0.0,0.0
289,1,3947c243866e562f90528579af08055b21e62ee87d57f45152ced09a5cc18213,43,model.layers.17.self_attn.v_proj,v_proj,0,0.9711424323802762,896x128,1,896,128,0.25,1,0.7,0.6999999987878254,0.5,448,False,False,0.5334029703371925,448,0.03634124909539145,0.8315913240658119,736,1,0.03559616,0.03664651603113517,tiles_s,Tiles (s),896,0.9999999982683221,896,1,0.04220432019352241,0.043105703422053235,0.2999999994804967,True,False,False,True,0,0.042204320430755615,0.9999999403953552,0.6869689999999999,0.7334715999999999,0.6701920032501221,0.7125504016876221,0.0321455,0.03448255,21.37061174970058,True,True,False,-21.09649867304011,-15.165982375146637,True,0,0.0,0.0
289,1,3947c243866e562f90528579af08055b21e62ee87d57f45152ced09a5cc18213,43,model.layers.17.self_attn.v_proj,v_proj,0,0.9711424323802762,896x128,1,896,128,0.25,1,0.7,0.6999999987878254,0.5,448,False,False,0.5334029703371925,448,0.03634124909539145,0.8315913240658119,736,1,0.03559616,0.03664651603113517,tiles_2s,Tiles (2s),896,0.9999999982683221,896,1,0.04220432019352241,0.043105703422053235,0.2999999994804967,True,False,False,True,0,0.042204320430755615,0.9999999403953552,0.7035245,0.7758598499999999,0.6906880140304565,0.7632527887821197,0.033017000000000005,0.03957829999999999,21.307947421025528,True,True,False,-21.09649867304011,-15.165982375146637,True,0,0.0,0.0
289,1,3947c243866e562f90528579af08055b21e62ee87d57f45152ced09a5cc18213,43,model.layers.17.self_attn.v_proj,v_proj,0,0.9711424323802762,896x128,1,896,128,0.25,2,0.9,0.8999999984414899,0.75,672,False,False,0.7620910463156179,672,0.04411609029795707,0.965708939023898,864,1,0.04185874769797422,0.041092759361044964,tiles_half_s,Tiles (s/2),472,0.9999999982683221,896,1,0.04220432019352241,0.043105703422053235,0.09999999982683216,True,False,False,True,236,0.042204320430755615,0.9999998807907104,0.714826,0.76476325,0.7019519805908203,0.7460351794958114,0.033117,0.03977679999999999,21.584865778905094,True,True,False,-2.9789608926579447,-2.70500411693253,True,0,0.0,0.0
289,1,3947c243866e562f90528579af08055b21e62ee87d57f45152ced09a5cc18213,43,model.layers.17.self_attn.v_proj,v_proj,0,0.9711424323802762,896x128,1,896,128,0.25,2,0.9,0.8999999984414899,0.75,672,False,False,0.7620910463156179,672,0.04411609029795707,0.965708939023898,864,1,0.04185874769797422,0.041092759361044964,tiles_s,Tiles (s),896,0.9999999982683221,896,1,0.04220432019352241,0.043105703422053235,0.09999999982683216,True,False,False,True,0,0.042204320430755615,0.9999999403953552,0.712346,0.7808174999999999,0.6993920207023621,0.7686144053936004,0.032100000000000004,0.03441105,22.191464174454826,True,True,False,-2.9789608926579447,-2.70500411693253,True,0,0.0,0.0
289,1,3947c243866e562f90528579af08055b21e62ee87d57f45152ced09a5cc18213,43,model.layers.17.self_attn.v_proj,v_proj,0,0.9711424323802762,896x128,1,896,128,0.25,2,0.9,0.8999999984414899,0.75,672,False,False,0.7620910463156179,672,0.04411609029795707,0.965708939023898,864,1,0.04185874769797422,0.041092759361044964,tiles_2s,Tiles (2s),896,0.9999999982683221,896,1,0.04220432019352241,0.043105703422053235,0.09999999982683216,True,False,False,True,0,0.042204320430755615,0.9999999403953552,0.706771,0.77780125,0.6901759803295135,0.7652863800525664,0.0325105,0.0345185,21.739776379938792,True,True,False,-2.9789608926579447,-2.70500411693253,True,0,0.0,0.0
290,1,3947c243866e562f90528579af08055b21e62ee87d57f45152ced09a5cc18213,43,model.layers.17.self_attn.o_proj,o_proj,0,2.127918316845326,896x896,0,896,896,1.75,0,0.5,0.5000000020845619,0.25,224,True,False,0.4069583571399562,224,0.08387307651325217,0.5118588207405992,304,3,0.10633000443863486,0.10758321191033637,tiles_half_s,Tiles (s/2),68,0.500843136862386,306,1,0.09954777416236762,0.10168935897435898,0.0008431347778241616,True,False,False,True,34,0.09954777359962463,0.5008431077003479,0.7013210000000001,0.7237728,0.6891520023345947,0.7106559872627258,0.041668,0.04580374999999999,16.831165402707118,True,True,False,4.364380015571323,7.469044291655624,True,34,0.0,0.0
290,1,3947c243866e562f90528579af08055b21e62ee87d57f45152ced09a5cc18213,43,model.layers.17.self_attn.o_proj,o_proj,0,2.127918316845326,896x896,0,896,896,1.75,0,0.5,0.5000000020845619,0.25,224,True,False,0.4069583571399562,224,0.08387307651325217,0.5118588207405992,304,3,0.10633000443863486,0.10758321191033637,tiles_s,Tiles (s),135,0.519534216975444,337,1,0.10963267938796696,0.11199122213842803,0.01953421489088214,True,False,False,True,67,0.10963268578052521,0.519534170627594,0.711084,0.75577275,0.6983680129051208,0.7441919922828674,0.036974,0.04100564999999999,19.232000865473037,True,True,False,-5.32419586520414,-1.9050067768367818,True,67,0.0,0.0
290,1,3947c243866e562f90528579af08055b21e62ee87d57f45152ced09a5cc18213,43,model.layers.17.self_attn.o_proj,o_proj,0,2.127918316845326,896x896,0,896,896,1.75,0,0.5,0.5000000020845619,0.25,224,True,False,0.4069583571399562,224,0.08387307651325217,0.5118588207405992,304,3,0.10633000443863486,0.10758321191033637,tiles_2s,Tiles (2s),270,0.5848108800055343,405,1,0.13175440697960422,0.13458885746606333,0.08481087792097242,True,False,False,True,135,0.13175441324710846,0.5848109126091003,0.7131225,0.7798429499999999,0.7009280025959015,0.7609856009483337,0.033733,0.036448999999999995,21.140203954584532,True,True,False,-26.576555861743813,-22.4674413786911,True,135,0.0,0.0
290,1,3947c243866e562f90528579af08055b21e62ee87d57f45152ced09a5cc18213,43,model.layers.17.self_attn.o_proj,o_proj,0,2.127918316845326,896x896,0,896,896,1.75,1,0.7,0.7000000029183866,0.5,448,True,False,0.6713377606356516,448,0.15381642137148765,0.762192697962746,532,4,0.1854096675522426,0.18626343282699723,tiles_half_s,Tiles (s/2),68,0.7187528692447813,510,3,0.17140631361289801,0.17347860331313314,0.018752866326394724,True,False,False,True,34,0.1714063137769699,0.7187527418136597,0.6278585,0.7889436,0.6164639890193939,0.7686144053936004,0.044488,0.049305999999999996,14.112985524186298,True,True,False,6.434974182642161,7.976401480745077,True,34,0.0,0.0
290,1,3947c243866e562f90528579af08055b21e62ee87d57f45152ced09a5cc18213,43,model.layers.17.self_attn.o_proj,o_proj,0,2.127918316845326,896x896,0,896,896,1.75,1,0.7,0.7000000029183866,0.5,448,True,False,0.6713377606356516,448,0.15381642137148765,0.762192697962746,532,4,0.1854096675522426,0.18626343282699723,tiles_s,Tiles (s),135,0.7102368569685495,540,2,0.1756725426394723,0.1791694843584936,0.010236854050162947,True,False,False,True,0,0.17567254602909088,0.7102369666099548,0.7121805,0.77885025,0.7004159986972809,0.7653888076543808,0.038932499999999995,0.0466105,18.292698901945677,True,True,False,3.3656191050505546,5.6859739063017445,True,0,0.0,0.0
290,1,3947c243866e562f90528579af08055b21e62ee87d57f45152ced09a5cc18213,43,model.layers.17.self_attn.o_proj,o_proj,0,2.127918316845326,896x896,0,896,896,1.75,1,0.7,0.7000000029183866,0.5,448,True,False,0.6713377606356516,448,0.15381642137148765,0.762192697962746,532,4,0.1854096675522426,0.18626343282699723,tiles_2s,Tiles (2s),270,0.8183405252566445,675,1,0.21959067829934034,0.22431476244343893,0.11834052233825787,True,False,False,True,135,0.2195906788110733,0.8183405995368958,0.7065005,0.7555567,0.6947839856147766,0.7409151792526245,0.034769999999999995,0.03823064999999999,20.319255104975557,True,True,False,-20.983315166256954,-17.892532617122804,True,135,0.0,0.0
290,1,3947c243866e562f90528579af08055b21e62ee87d57f45152ced09a5cc18213,43,model.layers.17.self_attn.o_proj,o_proj,0,2.127918316845326,896x896,0,896,896,1.75,2,0.9,0.9000000037522113,0.75,672,True,False,0.8758268858073279,672,0.23667920833110753,0.9170603516395204,752,5,0.25801599283424187,0.2561904161503721,tiles_half_s,Tiles (s/2),68,0.9136595915115322,748,3,0.2488323601836284,0.25242302733400296,0.013659587759320857,True,False,False,True,0,0.2488323599100113,0.9136596322059631,0.712737,0.7337056,0.6978560090065002,0.7186944156885147,0.0462515,0.051101399999999984,15.410029944974756,True,True,False,2.167681715695824,2.8721043032401528,True,0,0.0,0.0
290,1,3947c243866e562f90528579af08055b21e62ee87d57f45152ced09a5cc18213,43,model.layers.17.self_attn.o_proj,o_proj,0,2.127918316845326,896x896,0,896,896,1.75,2,0.9,0.9000000037522113,0.75,672,True,False,0.8758268858073279,672,0.23667920833110753,0.9170603516395204,752,5,0.25801599283424187,0.2561904161503721,tiles_s,Tiles (s),135,0.9819177147946903,877,1,0.28530522202743924,0.2914430320931792,0.08191771104247891,True,False,False,True,67,0.2853052318096161,0.9819176197052002,0.712431,0.75321375,0.6983680129051208,0.7374848127365112,0.039258,0.0446052,18.14740944520862,True,True,False,-12.955413690349026,-11.364517968532484,True,67,0.0,0.0
290,1,3947c243866e562f90528579af08055b21e62ee87d57f45152ced09a5cc18213,43,model.layers.17.self_attn.o_proj,o_proj,0,2.127918316845326,896x896,0,896,896,1.75,2,0.9,0.9000000037522113,0.75,672,True,False,0.8758268858073279,672,0.23667920833110753,0.9170603516395204,752,5,0.25801599283424187,0.2561904161503721,tiles_2s,Tiles (2s),270,0.921408568166953,810,1,0.26350881395920844,0.26917771493212667,0.021408564414741704,True,False,False,True,0,0.2635088264942169,0.9214085340499878,0.7072665,0.7826439999999999,0.6957120001316071,0.7656448036432265,0.035666500000000004,0.04222699999999999,19.82999453268473,True,True,False,-4.325980717426092,-2.856624349499781,True,0,0.0,0.0
292,1,3947c243866e562f90528579af08055b21e62ee87d57f45152ced09a5cc18213,43,model.layers.17.mlp.up_proj,up_proj,0,0.7646107980578675,896x4864,2,896,4864,9.5,0,0.5,0.5000000013533281,0.25,224,False,False,0.32650636066682637,224,0.4635058623172632,0.5187290515750647,398,23,0.7668182025359104,0.7802056267851927,tiles_half_s,Tiles (s/2),12,0.5056378275330644,396,18,0.7638557540022414,0.761163696036902,0.005637826179736294,True,False,False,True,0,0.7638558149337769,0.5056378245353699,0.6426259999999999,0.7633227499999999,0.6331999897956848,0.7502511948347091,0.10707,0.11731064999999999,6.001923974969645,True,True,False,0.7373985750871004,2.095585089577001,True,0,0.0,0.0
292,1,3947c243866e562f90528579af08055b21e62ee87d57f45152ced09a5cc18213,43,model.layers.17.mlp.up_proj,up_proj,0,0.7646107980578675,896x4864,2,896,4864,9.5,0,0.5,0.5000000013533281,0.25,224,False,False,0.32650636066682637,224,0.4635058623172632,0.5187290515750647,398,23,0.7668182025359104,0.7802056267851927,tiles_s,Tiles (s),25,0.5215614412736613,425,10,0.7505586147162641,0.7698294595278045,0.021561439920333214,True,False,False,True,12,0.750558614730835,0.5215611457824707,0.7069865,0.7582999500000001,0.6952959895133972,0.7323136001825332,0.066104,0.07295859999999998,10.695063838799468,True,True,False,-0.39269503279077966,3.7998972387687013,True,12,0.0,0.0
292,1,3947c243866e562f90528579af08055b21e62ee87d57f45152ced09a5cc18213,43,model.layers.17.mlp.up_proj,up_proj,0,0.7646107980578675,896x4864,2,896,4864,9.5,0,0.5,0.5000000013533281,0.25,224,False,False,0.32650636066682637,224,0.4635058623172632,0.5187290515750647,398,23,0.7668182025359104,0.7802056267851927,tiles_2s,Tiles (2s),50,0.5063875770720188,425,4,0.7505586147162641,0.7667054843304844,0.006387575718690641,True,False,False,True,25,0.750558614730835,0.50638747215271,0.7123515,0.7772108,0.6999040246009827,0.7631871968507766,0.048516000000000004,0.054777099999999995,14.682815978233984,True,True,False,0.01469946919012699,3.7998972387687013,True,25,0.0,0.0
292,1,3947c243866e562f90528579af08055b21e62ee87d57f45152ced09a5cc18213,43,model.layers.17.mlp.up_proj,up_proj,0,0.7646107980578675,896x4864,2,896,4864,9.5,1,0.7,0.7000000018946593,0.5,448,False,False,0.5736347699421458,448,0.866204680589439,0.7107336784247309,584,31,1.1078731414594385,1.1211276151018723,tiles_half_s,Tiles (s/2),12,0.7020306967024226,588,15,1.073539840024118,1.0859806810858523,0.0020306948077633002,True,False,False,True,6,1.0735398530960083,0.7020303606987,0.7221345,0.80610675,0.7080959975719452,0.7909887969493865,0.11314199999999999,0.12283604999999999,6.3825502465927775,True,True,False,1.9760800721954963,4.244634993977037,True,6,0.0,0.0
292,1,3947c243866e562f90528579af08055b21e62ee87d57f45152ced09a5cc18213,43,model.layers.17.mlp.up_proj,up_proj,0,0.7646107980578675,896x4864,2,896,4864,9.5,1,0.7,0.7000000018946593,0.5,448,False,False,0.5736347699421458,448,0.866204680589439,0.7107336784247309,584,31,1.1078731414594385,1.1211276151018723,tiles_s,Tiles (s),25,0.7065659504150972,600,9,1.0596121619523728,1.0844903927157599,0.006565948520437903,True,False,False,True,0,1.0596121549606323,0.7065660953521729,0.7124109999999999,0.7612582,0.6999040246009827,0.7458816051483154,0.069134,0.0748791,10.304784910463736,True,True,False,2.1105980340741626,5.486926940418801,False,12,0.0,0.0
292,1,3947c243866e562f90528579af08055b21e62ee87d57f45152ced09a5cc18213,43,model.layers.17.mlp.up_proj,up_proj,0,0.7646107980578675,896x4864,2,896,4864,9.5,1,0.7,0.7000000018946593,0.5,448,False,False,0.5736347699421458,448,0.866204680589439,0.7107336784247309,584,31,1.1078731414594385,1.1211276151018723,tiles_2s,Tiles (2s),50,0.7254273100988939,625,4,1.1037626687003883,1.1275080651918887,0.025427308204234667,True,False,False,True,25,1.1037626266479492,0.7254272103309631,0.7069315,0.72931845,0.694271981716156,0.7137280106544495,0.050289,0.055470649999999996,14.057378353118974,True,True,False,-1.7723079473327186,1.5488822296029325,True,25,0.0,0.0
292,1,3947c243866e562f90528579af08055b21e62ee87d57f45152ced09a5cc18213,43,model.layers.17.mlp.up_proj,up_proj,0,0.7646107980578675,896x4864,2,896,4864,9.5,2,0.9,0.9000000024359907,0.75,672,False,False,0.7982633259380236,672,1.26184317566255,0.9045881788188126,785,28,1.4510115286743823,1.441564665125853,tiles_half_s,Tiles (s/2),12,0.9029857715067919,792,8,1.398688053777132,1.4287782202111614,0.0029857690708012807,True,False,False,True,6,1.3986879587173462,0.902985692024231,0.725035,0.81231915,0.711679995059967,0.7998464107513428,0.121136,0.12758999999999998,5.985297516840576,True,True,False,1.5322627025253777,2.9743106491152527,True,6,0.0,0.0
292,1,3947c243866e562f90528579af08055b21e62ee87d57f45152ced09a5cc18213,43,model.layers.17.mlp.up_proj,up_proj,0,0.7646107980578675,896x4864,2,896,4864,9.5,2,0.9,0.9000000024359907,0.75,672,False,False,0.7982633259380236,672,1.26184317566255,0.9045881788188126,785,28,1.4510115286743823,1.441564665125853,tiles_s,Tiles (s),25,0.9039829884422943,796,4,1.4057521348568145,1.4365149343612762,0.003982986006303646,True,False,False,True,0,1.405752182006836,0.9039832353591919,0.7144805000000001,0.75648835,0.7024639844894409,0.7441616207361221,0.07166349999999999,0.07966474999999999,9.969935880887762,True,True,False,0.9990681691102732,2.4842819150198814,True,0,0.0,0.0
292,1,3947c243866e562f90528579af08055b21e62ee87d57f45152ced09a5cc18213,43,model.layers.17.mlp.up_proj,up_proj,0,0.7646107980578675,896x4864,2,896,4864,9.5,2,0.9,0.9000000024359907,0.75,672,False,False,0.7982633259380236,672,1.26184317566255,0.9045881788188126,785,28,1.4510115286743823,1.441564665125853,tiles_2s,Tiles (2s),50,0.9306726213544607,825,2,1.4569667226845127,1.488310646053293,0.030672618918470063,True,False,False,True,25,1.456966757774353,0.9306725263595581,0.7109635000000001,0.76837015,0.6993920207023621,0.7555583924055098,0.0559545,0.06735614999999999,12.706100492364333,True,True,False,-2.570559684869389,-1.0684264071716187,True,25,0.0,0.0
293,1,3947c243866e562f90528579af08055b21e62ee87d57f45152ced09a5cc18213,43,model.layers.17.mlp.down_proj,down_proj,0,0.6495596084813421,4864x896,3,4864,896,1.75,0,0.5,0.49999999993633537,0.25,1216,False,False,0.2816866567663965,1212,0.42784345813627356,0.5103933558129938,2322,19,0.7889744476929458,0.7832812826259484,tiles_half_s,Tiles (s/2),68,0.5030067066909396,2312,16,0.8070723048718529,0.8069572880655984,0.003006706754604238,True,False,False,True,34,0.8070722818374634,0.5030066967010498,0.71731,0.7390325,0.7054559886455536,0.7204352021217346,0.1362545,0.1418416,5.264486677504229,True,True,False,-2.279267779233729,-3.0373536012688884,True,34,0.0,0.0
293,1,3947c243866e562f90528579af08055b21e62ee87d57f45152ced09a5cc18213,43,model.layers.17.mlp.down_proj,down_proj,0,0.6495596084813421,4864x896,3,4864,896,1.75,0,0.5,0.49999999993633537,0.25,1216,False,False,0.2816866567663965,1212,0.42784345813627356,0.5103933558129938,2322,19,0.7889744476929458,0.7832812826259484,tiles_s,Tiles (s),135,0.5217829036664625,2430,8,0.7905264418776253,0.80640384241135,0.021782903730127146,True,False,False,True,0,0.7905264496803284,0.5217832326889038,0.6966375,0.74431615,0.6855680048465729,0.7316991955041885,0.08985850000000001,0.0946176,7.752605485290762,True,True,False,-2.209120304132761,-0.9249754095217888,False,67,-0.000564651192515031,1.1102230246251565e-16
293,1,3947c243866e562f90528579af08055b21e62ee87d57f45152ced09a5cc18213,43,model.layers.17.mlp.down_proj,down_proj,0,0.6495596084813421,4864x896,3,4864,896,1.75,0,0.5,0.49999999993633537,0.25,1216,False,False,0.2816866567663965,1212,0.42784345813627356,0.5103933558129938,2322,19,0.7889744476929458,0.7832812826259484,tiles_2s,Tiles (2s),270,0.5182749037812755,2430,6,0.7905264418776252,0.80753314479638,0.018274903844940127,True,False,False,True,0,0.7905265092849731,0.5182751417160034,0.715677,0.77094985,0.7039999961853027,0.7528448104858398,0.07245499999999999,0.07878804999999998,9.877537782071633,True,True,False,-2.3522557869525507,-0.9249754095217666,True,0,0.0,0.0
293,1,3947c243866e562f90528579af08055b21e62ee87d57f45152ced09a5cc18213,43,model.layers.17.mlp.down_proj,down_proj,0,0.6495596084813421,4864x896,3,4864,896,1.75,1,0.7,0.6999999999108695,0.5,2432,False,False,0.5323261797020677,2430,0.8241292451728351,0.7032709328814235,3282,26,1.112694220452076,1.102912500663613,tiles_half_s,Tiles (s/2),68,0.7060496580379549,3332,16,1.1224181487195557,1.1343747017900854,0.006049658127085467,True,False,False,True,34,1.1224181652069092,0.7060500383377075,0.662303,0.7214707,0.649616003036499,0.7097343802452087,0.137061,0.14900285,4.832176913928834,True,True,False,-1.948467147533206,-1.7685580718512561,True,34,0.0,0.0
293,1,3947c243866e562f90528579af08055b21e62ee87d57f45152ced09a5cc18213,43,model.layers.17.mlp.down_proj,down_proj,0,0.6495596084813421,4864x896,3,4864,896,1.75,1,0.7,0.6999999999108695,0.5,2432,False,False,0.5323261797020677,2430,0.8241292451728351,0.7032709328814235,3282,26,1.112694220452076,1.102912500663613,tiles_s,Tiles (s),135,0.7087108134255686,3375,8,1.0979533914967017,1.1204445098321645,0.008710813514699156,True,False,False,True,67,1.09795343875885,0.7087106704711914,0.705549,0.74683835,0.6937600076198578,0.7345663845539092,0.088461,0.0952475,7.975819852816495,True,True,False,-0.6965336242098497,0.4496375881067105,True,67,0.0,0.0
293,1,3947c243866e562f90528579af08055b21e62ee87d57f45152ced09a5cc18213,43,model.layers.17.mlp.down_proj,down_proj,0,0.6495596084813421,4864x896,3,4864,896,1.75,1,0.7,0.6999999999108695,0.5,2432,False,False,0.5323261797020677,2430,0.8241292451728351,0.7032709328814235,3282,26,1.112694220452076,1.102912500663613,tiles_2s,Tiles (2s),270,0.7346165714443487,3510,5,1.1418715271565698,1.1664367647058822,0.03461657153347919,True,False,False,True,0,1.1418715715408325,0.7346168160438538,0.6986555,0.72928885,0.6845439970493317,0.7159807950258255,0.06698,0.07275824999999998,10.430807703792176,True,True,False,-4.829947281650404,-3.532376908369028,True,0,0.0,0.0
293,1,3947c243866e562f90528579af08055b21e62ee87d57f45152ced09a5cc18213,43,model.layers.17.mlp.down_proj,down_proj,0,0.6495596084813421,4864x896,3,4864,896,1.75,2,0.9,0.8999999998854037,0.75,3648,False,False,0.7763842904132616,3648,1.2411711701871466,0.9085900759491778,4356,28,1.4685039667036797,1.4523760964518064,tiles_half_s,Tiles (s/2),68,0.9031551574116747,4352,8,1.4212839225404026,1.450392298950383,0.0031551575262710463,True,False,False,True,34,1.4212839603424072,0.9031552076339722,0.7201805,0.7765088,0.7075839936733246,0.7576064139604568,0.13270300000000002,0.13888755,5.427009939488934,True,True,False,1.2333414252840957,2.1407797875056533,True,34,0.0,0.0
293,1,3947c243866e562f90528579af08055b21e62ee87d57f45152ced09a5cc18213,43,model.layers.17.mlp.down_proj,down_proj,0,0.6495596084813421,4864x896,3,4864,896,1.75,2,0.9,0.8999999998854037,0.75,3648,False,False,0.7763842904132616,3648,1.2411711701871466,0.9085900759491778,4356,28,1.4685039667036797,1.4523760964518064,tiles_s,Tiles (s),135,0.9184113301853358,4455,2,1.4492984767756463,1.480477432126697,0.018411330299932138,True,False,False,True,67,1.4492985010147095,0.9184113144874573,0.7227355,0.747534,0.7101439833641052,0.7338495850563049,0.08865,0.09775099999999998,8.152684715172024,True,True,False,-0.8153512482430569,0.21190239110095987,True,67,0.0,0.0
293,1,3947c243866e562f90528579af08055b21e62ee87d57f45152ced09a5cc18213,43,model.layers.17.mlp.down_proj,down_proj,0,0.6495596084813421,4864x896,3,4864,896,1.75,2,0.9,0.8999999998854037,0.75,3648,False,False,0.7763842904132616,3648,1.2411711701871466,0.9085900759491778,4356,28,1.4685039667036797,1.4523760964518064,tiles_2s,Tiles (2s),270,0.9472391486742708,4590,2,1.4932166124355144,1.5253403846153846,0.04723914878886715,True,False,False,True,0,1.493216633796692,0.9472391605377197,0.7143900000000001,0.7456328999999999,0.7024639844894409,0.7340031802654265,0.06912499999999999,0.0764931,10.334755877034361,True,True,False,-3.8703618921291927,-2.8119793546232508,True,0,0.0,0.0
303,1,3947c243866e562f90528579af08055b21e62ee87d57f45152ced09a5cc18213,43,model.layers.19.self_attn.v_proj,v_proj,0,1.2443904335103846,896x128,1,896,128,0.25,0,0.5,0.5000000001018634,0.25,224,True,False,0.2821239080512896,224,0.018949429657794677,0.8418917302042246,736,1,0.03559616,0.03664651603113517,tiles_half_s,Tiles (s/2),472,0.5316737806715537,472,1,0.02747613916319621,0.02632202643171806,0.03167378056969028,True,False,False,True,236,0.02747613936662674,0.531673789024353,0.6753065,0.7164182499999999,0.6640160083770752,0.7049215972423554,0.033508,0.03664165,20.15359018741793,True,True,False,26.05374728139761,25.023870918991953,True,236,0.0,0.0
303,1,3947c243866e562f90528579af08055b21e62ee87d57f45152ced09a5cc18213,43,model.layers.19.self_attn.v_proj,v_proj,0,1.2443904335103846,896x128,1,896,128,0.25,0,0.5,0.5000000001018634,0.25,224,True,False,0.2821239080512896,224,0.018949429657794677,0.8418917302042246,736,1,0.03559616,0.03664651603113517,tiles_s,Tiles (s),896,0.5206779168511275,448,1,0.026642468538838122,0.025773178458289338,0.020677916749264114,True,False,False,True,448,0.026642467826604843,0.5206778645515442,0.700429,0.7266973,0.6896640062332153,0.7122431993484497,0.032236,0.035976,21.72816106216652,True,True,False,27.59562138643793,27.298768275263953,True,448,0.0,0.0
303,1,3947c243866e562f90528579af08055b21e62ee87d57f45152ced09a5cc18213,43,model.layers.19.self_attn.v_proj,v_proj,0,1.2443904335103846,896x128,1,896,128,0.25,0,0.5,0.5000000001018634,0.25,224,True,False,0.2821239080512896,224,0.018949429657794677,0.8418917302042246,736,1,0.03559616,0.03664651603113517,tiles_2s,Tiles (2s),896,0.5206779168511275,448,1,0.026642468538838122,0.025773178458289338,0.020677916749264114,True,False,False,True,448,0.026642467826604843,0.5206778645515442,0.70346,0.7632692,0.6912000179290771,0.7510016232728958,0.032405,0.036279099999999995,21.708378336676436,True,True,False,27.59562138643793,27.298768275263953,True,448,0.0,0.0
303,1,3947c243866e562f90528579af08055b21e62ee87d57f45152ced09a5cc18213,43,model.layers.19.self_attn.v_proj,v_proj,0,1.2443904335103846,896x128,1,896,128,0.25,1,0.7,0.7000000001426088,0.5,448,True,False,0.5589101212972309,448,0.03634124909539145,0.8418917302042246,736,1,0.03559616,0.03664651603113517,tiles_half_s,Tiles (s/2),472,0.8020106117473915,708,1,0.0356739003027174,0.03657105263157895,0.10201061160478275,True,False,False,True,236,0.035673901438713074,0.8020106554031372,0.6321414999999999,0.7625910499999999,0.622512012720108,0.7493120104074478,0.033272499999999997,0.0368765,18.998918025396346,True,True,False,-2.7387578648341515,2.654046915650654,True,236,0.0,0.0
303,1,3947c243866e562f90528579af08055b21e62ee87d57f45152ced09a5cc18213,43,model.layers.19.self_attn.v_proj,v_proj,0,1.2443904335103846,896x128,1,896,128,0.25,1,0.7,0.7000000001426088,0.5,448,True,False,0.5589101212972309,448,0.03634124909539145,0.8418917302042246,736,1,0.03559616,0.03664651603113517,tiles_s,Tiles (s),896,1.0000000002037268,896,1,0.04220432019352241,0.043105703422053235,0.30000000006111804,True,False,False,True,0,0.042204320430755615,0.9999999403953552,0.7076975,0.8049188499999997,0.6952959895133972,0.7881728112697599,0.0324405,0.03471005,21.815246374131103,True,True,False,-21.09649867304011,-15.165982375146637,True,0,0.0,0.0
303,1,3947c243866e562f90528579af08055b21e62ee87d57f45152ced09a5cc18213,43,model.layers.19.self_attn.v_proj,v_proj,0,1.2443904335103846,896x128,1,896,128,0.25,1,0.7,0.7000000001426088,0.5,448,True,False,0.5589101212972309,448,0.03634124909539145,0.8418917302042246,736,1,0.03559616,0.03664651603113517,tiles_2s,Tiles (2s),896,1.0000000002037268,896,1,0.04220432019352241,0.043105703422053235,0.30000000006111804,True,False,False,True,0,0.042204320430755615,0.9999999403953552,0.7096915,0.7568045499999999,0.6952959895133972,0.7440015822649,0.0322555,0.03453655,22.002185673761065,True,True,False,-21.09649867304011,-15.165982375146637,True,0,0.0,0.0
303,1,3947c243866e562f90528579af08055b21e62ee87d57f45152ced09a5cc18213,43,model.layers.19.self_attn.v_proj,v_proj,0,1.2443904335103846,896x128,1,896,128,0.25,2,0.9,0.9000000001833541,0.75,672,False,False,0.769214504834963,672,0.04411609029795707,0.9667105491098482,864,1,0.04185874769797422,0.041092759361044964,tiles_half_s,Tiles (s/2),472,1.0000000002037268,896,1,0.04220432019352241,0.043105703422053235,0.10000000002037268,True,False,False,True,0,0.042204320430755615,0.9999999403953552,0.7024275,0.7283664999999999,0.6906880140304565,0.7165952265262603,0.0334575,0.03606715,20.994620040349695,True,True,False,-2.9789608926579447,-2.70500411693253,True,0,0.0,0.0
303,1,3947c243866e562f90528579af08055b21e62ee87d57f45152ced09a5cc18213,43,model.layers.19.self_attn.v_proj,v_proj,0,1.2443904335103846,896x128,1,896,128,0.25,2,0.9,0.9000000001833541,0.75,672,False,False,0.769214504834963,672,0.04411609029795707,0.9667105491098482,864,1,0.04185874769797422,0.041092759361044964,tiles_s,Tiles (s),896,1.0000000002037268,896,1,0.04220432019352241,0.043105703422053235,0.10000000002037268,True,False,False,True,0,0.042204320430755615,0.9999999403953552,0.706901,0.7485928499999999,0.694271981716156,0.7358463883399963,0.032135,0.0349576,21.997852808464295,True,True,False,-2.9789608926579447,-2.70500411693253,True,0,0.0,0.0
303,1,3947c243866e562f90528579af08055b21e62ee87d57f45152ced09a5cc18213,43,model.layers.19.self_attn.v_proj,v_proj,0,1.2443904335103846,896x128,1,896,128,0.25,2,0.9,0.9000000001833541,0.75,672,False,False,0.769214504834963,672,0.04411609029795707,0.9667105491098482,864,1,0.04185874769797422,0.041092759361044964,tiles_2s,Tiles (2s),896,1.0000000002037268,896,1,0.04220432019352241,0.043105703422053235,0.10000000002037268,True,False,False,True,0,0.042204320430755615,0.9999999403953552,0.70133,0.72445085,0.6901760101318359,0.7064063817262649,0.032125,0.0351041,21.831284046692605,True,True,False,-2.9789608926579447,-2.70500411693253,True,0,0.0,0.0
304,1,3947c243866e562f90528579af08055b21e62ee87d57f45152ced09a5cc18213,43,model.layers.19.self_attn.o_proj,o_proj,0,0.5866623993581552,896x896,0,896,896,1.75,0,0.5,0.500000001717126,0.25,224,False,False,0.34753706003539264,224,0.08387307651325217,0.5296237278962508,380,3,0.13065118711477636,0.1319788333240171,tiles_half_s,Tiles (s/2),68,0.5475969181861728,408,1,0.1327303655498235,0.13558581196581196,0.047596916469046846,True,False,False,True,0,0.1327303647994995,0.5475966930389404,0.7169695,0.8036528999999999,0.7045120000839233,0.791807997226715,0.043266,0.04707164999999999,16.571199093976794,True,True,False,-3.776946050019858,-0.5694339060880571,True,0,0.0,0.0
304,1,3947c243866e562f90528579af08055b21e62ee87d57f45152ced09a5cc18213,43,model.layers.19.self_attn.o_proj,o_proj,0,0.5866623993581552,896x896,0,896,896,1.75,0,0.5,0.500000001717126,0.25,224,False,False,0.34753706003539264,224,0.08387307651325217,0.5296237278962508,380,3,0.13065118711477636,0.1319788333240171,tiles_s,Tiles (s),135,0.5286994894850068,405,2,0.1317544069796042,0.13430653186980585,0.028699487767880782,True,False,False,True,0,0.13175441324710846,0.528699517250061,0.6708685,0.7246891,0.6600160002708435,0.7122943937778472,0.037434999999999996,0.0407296,17.92088954187258,True,True,False,-2.797789163460318,0.1700472255743657,True,0,0.0,0.0
304,1,3947c243866e562f90528579af08055b21e62ee87d57f45152ced09a5cc18213,43,model.layers.19.self_attn.o_proj,o_proj,0,0.5866623993581552,896x896,0,896,896,1.75,0,0.5,0.500000001717126,0.25,224,False,False,0.34753706003539264,224,0.08387307651325217,0.5296237278962508,380,3,0.13065118711477636,0.1319788333240171,tiles_2s,Tiles (2s),270,0.6144202175928513,491,1,0.1597318859925572,0.16316821979219037,0.11442021587572526,True,False,False,True,135,0.1597318947315216,0.6144200563430786,0.7184075,0.8020401999999999,0.7045120000839233,0.780083194375038,0.0342745,0.03914164999999999,20.960407883411865,True,True,False,-24.888432623920952,-21.028411882081443,True,135,0.0,0.0
304,1,3947c243866e562f90528579af08055b21e62ee87d57f45152ced09a5cc18213,43,model.layers.19.self_attn.o_proj,o_proj,0,0.5866623993581552,896x896,0,896,896,1.75,1,0.7,0.7000000024039763,0.5,448,True,False,0.6154921222478151,448,0.1532488224424117,0.7660703315050341,592,4,0.19968455890359663,0.19798861099930873,tiles_half_s,Tiles (s/2),68,0.7620490403787699,612,3,0.2045889050003539,0.20737505630458614,0.06204903797479355,True,False,False,True,34,0.2045889049768448,0.7620490789413452,0.6346505,0.7220851,0.624640017747879,0.7097856074571609,0.0451745,0.0502651,14.04886606381919,True,True,False,-3.8513230282879896,-3.3336735722986788,True,34,0.0,0.0
304,1,3947c243866e562f90528579af08055b21e62ee87d57f45152ced09a5cc18213,43,model.layers.19.self_attn.o_proj,o_proj,0,0.5866623993581552,896x896,0,896,896,1.75,1,0.7,0.7000000024039763,0.5,448,True,False,0.6154921222478151,448,0.1532488224424117,0.7660703315050341,592,4,0.19968455890359663,0.19798861099930873,tiles_s,Tiles (s),135,0.7696209330460988,626,3,0.20365002165242527,0.20746652108836316,0.06962093064212249,True,False,False,True,0,0.20365002751350403,0.7696207761764526,0.710418,0.73438815,0.6988800168037415,0.7204495817422867,0.0381315,0.0422345,18.630738365917942,True,True,False,-3.8971276634982566,-2.859462786541944,True,0,0.0,0.0
304,1,3947c243866e562f90528579af08055b21e62ee87d57f45152ced09a5cc18213,43,model.layers.19.self_attn.o_proj,o_proj,0,0.5866623993581552,896x896,0,896,896,1.75,1,0.7,0.7000000024039763,0.5,448,True,False,0.6154921222478151,448,0.1532488224424117,0.7660703315050341,592,4,0.19968455890359663,0.19798861099930873,tiles_2s,Tiles (2s),270,0.7513945991086075,626,2,0.20365002165242527,0.20774884668462065,0.0513945967046312,True,False,False,True,135,0.20365002751350403,0.7513943910598755,0.6367404999999999,0.7338195,0.6266880035400391,0.7185920089483261,0.035070000000000004,0.040489499999999984,18.15627316794981,True,True,False,-4.038513456074133,-2.859462786541944,True,135,0.0,0.0
304,1,3947c243866e562f90528579af08055b21e62ee87d57f45152ced09a5cc18213,43,model.layers.19.self_attn.o_proj,o_proj,0,0.5866623993581552,896x896,0,896,896,1.75,2,0.9,0.9000000030908268,0.75,672,False,False,0.8409190721285995,672,0.2292361431875003,0.9365308557025855,792,5,0.26736348958334955,0.2655879110693418,tiles_half_s,Tiles (s/2),68,0.9036221965652658,760,2,0.24994256436023796,0.254786124533964,0.0036221934744389284,True,False,False,True,34,0.2499425709247589,0.9036221504211426,0.7226505000000001,0.7749733,0.7080959975719452,0.7624703913927078,0.0467825,0.05203274999999999,15.447026131566293,True,True,False,4.704219364052175,5.8908354096806175,True,34,0.0,0.0
304,1,3947c243866e562f90528579af08055b21e62ee87d57f45152ced09a5cc18213,43,model.layers.19.self_attn.o_proj,o_proj,0,0.5866623993581552,896x896,0,896,896,1.75,2,0.9,0.9000000030908268,0.75,672,False,False,0.8409190721285995,672,0.2292361431875003,0.9365308557025855,792,5,0.26736348958334955,0.2655879110693418,tiles_s,Tiles (s),135,0.90092463583278,761,2,0.24756815731229334,0.25261179917330845,0.0009246327419532019,True,False,False,True,0,0.24756816029548645,0.9009244441986084,0.7101325,0.73306855,0.696832001209259,0.7212032079696655,0.038987999999999995,0.04551144999999999,18.21412998871448,True,True,False,5.517466290191542,6.7848546586684595,True,0,0.0,0.0
304,1,3947c243866e562f90528579af08055b21e62ee87d57f45152ced09a5cc18213,43,model.layers.19.self_attn.o_proj,o_proj,0,0.5866623993581552,896x896,0,896,896,1.75,2,0.9,0.9000000030908268,0.75,672,False,False,0.8409190721285995,672,0.2292361431875003,0.9365308557025855,792,5,0.26736348958334955,0.2655879110693418,tiles_2s,Tiles (2s),270,1.000000003434252,896,1,0.2914862929721614,0.29775707725825373,0.10000000034342515,True,False,False,True,0,0.29148629307746887,0.9999998807907104,0.7081435,0.72915725,0.6963199973106384,0.7151615887880325,0.035211,0.038009049999999996,20.11142824685468,True,True,False,-11.367890104317734,-9.751340638414007,True,0,0.0,0.0
306,1,3947c243866e562f90528579af08055b21e62ee87d57f45152ced09a5cc18213,43,model.layers.19.mlp.up_proj,up_proj,0,0.7749612418899599,896x4864,2,896,4864,9.5,0,0.5,0.4999999993306119,0.25,224,False,False,0.32356865907786414,224,0.4428354873097789,0.5098797624814324,390,22,0.747336562974441,0.7585651819925031,tiles_half_s,Tiles (s/2),12,0.505163588328287,396,17,0.752023908854755,0.7522207501355657,0.005163588997675106,True,False,False,True,6,0.7520239353179932,0.5051636695861816,0.6362045000000001,0.7736580999999998,0.6261759996414185,0.7456400066614151,0.1079975,0.1138956,5.890918771267854,True,True,False,-0.6535458591354626,0.8623218271851529,True,6,0.0,0.0
306,1,3947c243866e562f90528579af08055b21e62ee87d57f45152ced09a5cc18213,43,model.layers.19.mlp.up_proj,up_proj,0,0.7749612418899599,896x4864,2,896,4864,9.5,0,0.5,0.4999999993306119,0.25,224,False,False,0.32356865907786414,224,0.4428354873097789,0.5098797624814324,390,22,0.747336562974441,0.7585651819925031,tiles_s,Tiles (s),25,0.5216102479607798,425,13,0.7505586147162641,0.7719121096593513,0.021610248630167916,True,False,False,True,0,0.750558614730835,0.5216099619865417,0.6956655,0.7510676500000001,0.6840319931507111,0.7394303947687149,0.067606,0.07863415,10.28999645001923,True,True,False,-3.288417548727751,1.0554883701896833,True,0,0.0,0.0
306,1,3947c243866e562f90528579af08055b21e62ee87d57f45152ced09a5cc18213,43,model.layers.19.mlp.up_proj,up_proj,0,0.7749612418899599,896x4864,2,896,4864,9.5,0,0.5,0.4999999993306119,0.25,224,False,False,0.32356865907786414,224,0.4428354873097789,0.5098797624814324,390,22,0.747336562974441,0.7585651819925031,tiles_2s,Tiles (2s),50,0.5298924192320555,446,7,0.787645040384597,0.8045897553209318,0.029892419901443645,True,False,False,True,0,0.7876451015472412,0.5298925638198853,0.708745,0.8085878,0.6958079934120178,0.7776255875825882,0.048996,0.054110949999999984,14.465364519552617,True,True,False,-7.660964976558882,-3.8335345574009416,True,0,0.0,0.0
306,1,3947c243866e562f90528579af08055b21e62ee87d57f45152ced09a5cc18213,43,model.layers.19.mlp.up_proj,up_proj,0,0.7749612418899599,896x4864,2,896,4864,9.5,1,0.7,0.6999999990628566,0.5,448,False,False,0.573641378141474,448,0.8569677939842768,0.7064492122153752,579,28,1.0781904928628767,1.0858167174697997,tiles_half_s,Tiles (s/2),12,0.7042731992551126,588,13,1.067811724516208,1.0823130803105268,0.004273200192255966,True,False,False,True,6,1.0678117275238037,0.7042728662490845,0.7144205,0.7549678,0.6999040246009827,0.7316991955041885,0.11305100000000001,0.1256802,6.319453167154647,True,True,False,-0.3823616953534392,1.6581981713771565,True,6,0.0,0.0
306,1,3947c243866e562f90528579af08055b21e62ee87d57f45152ced09a5cc18213,43,model.layers.19.mlp.up_proj,up_proj,0,0.7749612418899599,896x4864,2,896,4864,9.5,1,0.7,0.6999999990628566,0.5,448,False,False,0.573641378141474,448,0.8569677939842768,0.7064492122153752,579,28,1.0781904928628767,1.0858167174697997,tiles_s,Tiles (s),25,0.707066488568671,600,10,1.0596121619523728,1.0855317177815333,0.007066489505814455,True,False,False,True,0,1.0596121549606323,0.7070664167404175,0.7060895,0.7354565999999999,0.6937599778175354,0.7191552191972732,0.0692895,0.07616515,10.190425677772245,True,True,False,-0.6808838481930701,2.413349794290276,True,0,0.0,0.0
306,1,3947c243866e562f90528579af08055b21e62ee87d57f45152ced09a5cc18213,43,model.layers.19.mlp.up_proj,up_proj,0,0.7749612418899599,896x4864,2,896,4864,9.5,1,0.7,0.6999999990628566,0.5,448,False,False,0.573641378141474,448,0.8569677939842768,0.7064492122153752,579,28,1.0781904928628767,1.0858167174697997,tiles_2s,Tiles (2s),50,0.725347216881346,625,3,1.1037626687003883,1.1275080651918887,0.025347217818489365,True,False,False,True,25,1.1037626266479492,0.7253471612930298,0.7099869999999999,0.7304413999999999,0.6978560090065002,0.7143936157226562,0.0500735,0.054193149999999995,14.178897021378573,True,True,False,-4.574105657160921,-1.652760630947614,True,25,0.0,0.0
306,1,3947c243866e562f90528579af08055b21e62ee87d57f45152ced09a5cc18213,43,model.layers.19.mlp.up_proj,up_proj,0,0.7749612418899599,896x4864,2,896,4864,9.5,2,0.9,0.8999999987951014,0.75,672,False,False,0.7974509550840594,672,1.2528745462310678,0.9006472511682659,784,28,1.4402648785145962,1.4354086546920832,tiles_half_s,Tiles (s/2),12,0.9033050955622457,792,7,1.3990636679087984,1.4303859645618469,0.0033050967671443,True,False,False,True,6,1.3990637063980103,0.9033051133155823,0.7106725,0.7448986999999999,0.6978560090065002,0.730419185757637,0.1201345,0.12792800000000001,5.915640386400243,True,True,False,0.6859095226246059,2.532030628663118,True,6,0.0,0.0
306,1,3947c243866e562f90528579af08055b21e62ee87d57f45152ced09a5cc18213,43,model.layers.19.mlp.up_proj,up_proj,0,0.7749612418899599,896x4864,2,896,4864,9.5,2,0.9,0.8999999987951014,0.75,672,False,False,0.7974509550840594,672,1.2528745462310678,0.9006472511682659,784,28,1.4402648785145962,1.4354086546920832,tiles_s,Tiles (s),25,0.9056898278649896,796,4,1.4057521348568147,1.437035596894163,0.0056898290698882414,True,False,False,True,0,1.405752182006836,0.9056900143623352,0.6353774999999999,0.7866265999999998,0.6251519918441772,0.770406401157379,0.070386,0.07531824999999999,9.027043730287271,True,True,False,0.2242144253190137,2.0660680662838993,True,0,0.0,0.0
306,1,3947c243866e562f90528579af08055b21e62ee87d57f45152ced09a5cc18213,43,model.layers.19.mlp.up_proj,up_proj,0,0.7749612418899599,896x4864,2,896,4864,9.5,2,0.9,0.8999999987951014,0.75,672,False,False,0.7974509550840594,672,1.2528745462310678,0.9006472511682659,784,28,1.4402648785145962,1.4354086546920832,tiles_2s,Tiles (2s),50,0.9311358550330624,825,2,1.4569667226845127,1.488310646053293,0.031135856237961,True,False,False,True,25,1.456966757774353,0.931135892868042,0.7129574999999999,0.7556748,0.7014399766921997,0.734208008646965,0.051466,0.05335155,13.852980608557104,True,True,False,-3.33589801816514,-1.5018766900952052,True,25,0.0,0.0
307,1,3947c243866e562f90528579af08055b21e62ee87d57f45152ced09a5cc18213,43,model.layers.19.mlp.down_proj,down_proj,0,0.7008677252918663,4864x896,3,4864,896,1.75,0,0.5,0.4999999993506208,0.25,1216,False,False,0.288114453862363,1212,0.41734956431018466,0.5211528717663896,2316,20,0.7874700571814125,0.7847568444369643,tiles_half_s,Tiles (s/2),68,0.5004695146271843,2244,21,0.8069240039826902,0.8001977065355819,0.00046951527656347025,True,False,False,True,34,0.806924045085907,0.5004687905311584,0.7245685,0.8069826,0.7111679911613464,0.7921152114868164,0.1232205,0.1869671499999999,5.880259372425854,True,True,False,-1.6162708966643624,-2.824716942944283,True,34,0.0,0.0
307,1,3947c243866e562f90528579af08055b21e62ee87d57f45152ced09a5cc18213,43,model.layers.19.mlp.down_proj,down_proj,0,0.7008677252918663,4864x896,3,4864,896,1.75,0,0.5,0.4999999993506208,0.25,1216,False,False,0.288114453862363,1212,0.41734956431018466,0.5211528717663896,2316,20,0.7874700571814125,0.7847568444369643,tiles_s,Tiles (s),135,0.525177080395224,2430,8,0.7905264418776253,0.80640384241135,0.025177081044603256,True,False,False,True,67,0.7905264496803284,0.5251772403717041,0.713874,0.7450306999999999,0.7019519805908203,0.728166401386261,0.0820535,0.08869255,8.700104200308335,True,True,False,-2.404381608833117,-0.7352082981576968,False,0,-1.1102230246251565e-16,1.1102230246251565e-16
307,1,3947c243866e562f90528579af08055b21e62ee87d57f45152ced09a5cc18213,43,model.layers.19.mlp.down_proj,down_proj,0,0.7008677252918663,4864x896,3,4864,896,1.75,0,0.5,0.4999999993506208,0.25,1216,False,False,0.288114453862363,1212,0.41734956431018466,0.5211528717663896,2316,20,0.7874700571814125,0.7847568444369643,tiles_2s,Tiles (2s),270,0.5191240669082617,2430,6,0.7905264418776252,0.80753314479638,0.019124067557640956,True,False,False,True,0,0.7905264496803284,0.5191239714622498,0.6382375,0.71022235,0.6277120113372803,0.6978928059339523,0.065953,0.07208329999999999,9.677156459903266,True,True,False,-2.5477905390814737,-0.7352082981576968,False,135,0.0,0.0
307,1,3947c243866e562f90528579af08055b21e62ee87d57f45152ced09a5cc18213,43,model.layers.19.mlp.down_proj,down_proj,0,0.7008677252918663,4864x896,3,4864,896,1.75,1,0.7,0.6999999990908691,0.5,2432,False,False,0.5457227635160962,2430,0.8382238093862749,0.7113238110796374,3276,25,1.1075757425760353,1.098026098119532,tiles_half_s,Tiles (s/2),68,0.7028821221865655,3264,20,1.1002964211279185,1.1122189653400114,0.002882123095696465,True,False,False,True,34,1.1002963781356812,0.7028818130493164,0.7074320000000001,0.7351497,0.6947839856147766,0.7205376029014587,0.1294765,0.13703965,5.46378686479786,True,True,False,-0.4192239487998073,-0.2067640297689355,True,34,0.0,0.0
307,1,3947c243866e562f90528579af08055b21e62ee87d57f45152ced09a5cc18213,43,model.layers.19.mlp.down_proj,down_proj,0,0.7008677252918663,4864x896,3,4864,896,1.75,1,0.7,0.6999999990908691,0.5,2432,False,False,0.5457227635160962,2430,0.8382238093862749,0.7113238110796374,3276,25,1.1075757425760353,1.098026098119532,tiles_s,Tiles (s),135,0.7125288953611744,3375,9,1.0979533914967017,1.1212914866209371,0.01252889627030529,True,False,False,True,0,1.09795343875885,0.7125293016433716,0.7070110000000001,0.7414893,0.6952959895133972,0.7242751985788345,0.08605550000000001,0.09215365,8.21575611088193,True,True,False,-1.2383572082394378,0.006621575111454003,True,0,0.0,0.0
307,1,3947c243866e562f90528579af08055b21e62ee87d57f45152ced09a5cc18213,43,model.layers.19.mlp.down_proj,down_proj,0,0.7008677252918663,4864x896,3,4864,896,1.75,1,0.7,0.6999999990908691,0.5,2432,False,False,0.5457227635160962,2430,0.8382238093862749,0.7113238110796374,3276,25,1.1075757425760353,1.098026098119532,tiles_2s,Tiles (2s),270,0.7340557244096999,3510,5,1.1418715271565698,1.1664367647058822,0.03405572531883083,True,False,False,True,135,1.1418715715408325,0.7340555787086487,0.7058994999999999,0.7248626,0.6947839856147766,0.7102975845336914,0.068187,0.07360574999999998,10.352405883819495,True,True,False,-5.3144015228201,-3.9931135618840985,True,135,0.0,0.0
307,1,3947c243866e562f90528579af08055b21e62ee87d57f45152ced09a5cc18213,43,model.layers.19.mlp.down_proj,down_proj,0,0.7008677252918663,4864x896,3,4864,896,1.75,2,0.9,0.8999999988311175,0.75,3648,False,False,0.7830979162354197,3648,1.2394027693523475,0.9049563540429517,4320,27,1.4576994888421009,1.4448198249407325,tiles_half_s,Tiles (s/2),68,0.9085826436967182,4352,7,1.415790565864784,1.446395960594515,0.008582644865600675,True,False,False,True,34,1.4157905578613281,0.9085822701454163,0.638513,0.677019,0.627232015132904,0.6661456018686295,0.1317315,0.13674395,4.847079096495523,True,True,False,0.7754361124572173,2.0091957886263945,True,34,0.0,0.0
307,1,3947c243866e562f90528579af08055b21e62ee87d57f45152ced09a5cc18213,43,model.layers.19.mlp.down_proj,down_proj,0,0.7008677252918663,4864x896,3,4864,896,1.75,2,0.9,0.8999999988311175,0.75,3648,False,False,0.7830979162354197,3648,1.2394027693523475,0.9049563540429517,4320,27,1.4576994888421009,1.4448198249407325,tiles_s,Tiles (s),135,0.9220482759410515,4455,3,1.4492984767756463,1.4804774321266967,0.022048277109934067,True,False,False,True,67,1.4492985010147095,0.9220483303070068,0.7199755,0.7801762499999999,0.7065600156784058,0.7683584034442901,0.0895125,0.0955705,8.043295629102081,True,True,False,-1.5625952714498847,-0.3099799544277193,True,67,0.0,0.0
307,1,3947c243866e562f90528579af08055b21e62ee87d57f45152ced09a5cc18213,43,model.layers.19.mlp.down_proj,down_proj,0,0.7008677252918663,4864x896,3,4864,896,1.75,2,0.9,0.8999999988311175,0.75,3648,False,False,0.7830979162354197,3648,1.2394027693523475,0.9049563540429517,4320,27,1.4576994888421009,1.4448198249407325,tiles_2s,Tiles (2s),270,0.9228542794517125,4459,2,1.450599754869272,1.4818067047930283,0.022854280620595024,True,False,False,True,135,1.4505997896194458,0.9228541254997253,0.702628,0.7330563999999999,0.6912000179290771,0.7214080035686493,0.070181,0.0805181,10.01165557629558,True,True,False,-1.6537850315140545,-0.400045031827867,True,135,0.0,0.0
321,1,3947c243866e562f90528579af08055b21e62ee87d57f45152ced09a5cc18213,43,model.layers.21.mlp.down_proj,down_proj,0,3.2228568949858163,4864x896,3,4864,896,1.75,0,0.5,0.5000000011687007,0.25,1216,False,False,0.34305048512032954,1212,0.44147038142511486,0.5154304674288142,2094,21,0.7357452813981341,0.741857288393932,tiles_half_s,Tiles (s/2),68,0.5076636453086394,2108,15,0.7297204087457039,0.7317609038743714,0.007663644139938697,True,False,False,True,0,0.729720413684845,0.5076637268066406,0.716965,0.7598650499999999,0.7045280039310455,0.7322623997926712,0.11962900000000001,0.1264565,5.993237425707813,True,True,False,0.5415430617769168,1.6360127261812796,True,0,0.0,0.0
321,1,3947c243866e562f90528579af08055b21e62ee87d57f45152ced09a5cc18213,43,model.layers.21.mlp.down_proj,down_proj,0,3.2228568949858163,4864x896,3,4864,896,1.75,0,0.5,0.5000000011687007,0.25,1216,False,False,0.34305048512032954,1212,0.44147038142511486,0.5154304674288142,2094,21,0.7357452813981341,0.741857288393932,tiles_s,Tiles (s),135,0.5063451928363065,2160,10,0.7026901705578891,0.716395611837717,0.006345191667605832,True,False,False,True,67,0.7026901841163635,0.506345272064209,0.6843585,0.7530986,0.6739040017127991,0.7407616049051284,0.083606,0.0887756,8.185518981891251,True,True,False,2.629941373683964,5.279602754976887,True,67,0.0,0.0
321,1,3947c243866e562f90528579af08055b21e62ee87d57f45152ced09a5cc18213,43,model.layers.21.mlp.down_proj,down_proj,0,3.2228568949858163,4864x896,3,4864,896,1.75,0,0.5,0.5000000011687007,0.25,1216,False,False,0.34305048512032954,1212,0.44147038142511486,0.5154304674288142,2094,21,0.7357452813981341,0.741857288393932,tiles_2s,Tiles (2s),270,0.530184275303327,2299,6,0.7479095843113829,0.7639994649740238,0.03018427413462632,True,False,False,True,135,0.7479096055030823,0.530184268951416,0.7131525000000001,0.7966622,0.7014399766921997,0.7720959991216659,0.06610350000000001,0.07294655,10.788422700764709,True,True,False,-3.8402126782516977,-0.8158302158834063,True,135,0.0,0.0
321,1,3947c243866e562f90528579af08055b21e62ee87d57f45152ced09a5cc18213,43,model.layers.21.mlp.down_proj,down_proj,0,3.2228568949858163,4864x896,3,4864,896,1.75,1,0.7,0.7000000016361809,0.5,2432,False,False,0.5796924056121497,2430,0.8503904998656217,0.7138818589082803,3162,29,1.096270770727046,1.098336754435218,tiles_half_s,Tiles (s/2),68,0.7116694900760194,3196,16,1.0726813368606627,1.0859195909082158,0.011669488439838505,True,False,False,True,34,1.0726813077926636,0.7116695046424866,0.7164189999999999,0.7460207999999999,0.7039999961853027,0.7278079986572266,0.12869550000000002,0.13495759999999998,5.566775839093052,True,True,False,0.9442174410948967,2.3358425793324034,True,34,0.0,0.0
321,1,3947c243866e562f90528579af08055b21e62ee87d57f45152ced09a5cc18213,43,model.layers.21.mlp.down_proj,down_proj,0,3.2228568949858163,4864x896,3,4864,896,1.75,1,0.7,0.7000000016361809,0.5,2432,False,False,0.5796924056121497,2430,0.8503904998656217,0.7138818589082803,3162,29,1.096270770727046,1.098336754435218,tiles_s,Tiles (s),135,0.7097298789958586,3240,7,1.0540352558368336,1.0764285341322493,0.009729877359677674,True,False,False,True,67,1.0540353059768677,0.7097297310829163,0.712011,0.7640492999999999,0.6999040246009827,0.743252819776535,0.08634649999999999,0.09079925,8.245974069591703,True,True,False,1.8099758859426163,4.033507794352653,True,67,0.0,0.0
321,1,3947c243866e562f90528579af08055b21e62ee87d57f45152ced09a5cc18213,43,model.layers.21.mlp.down_proj,down_proj,0,3.2228568949858163,4864x896,3,4864,896,1.75,1,0.7,0.7000000016361809,0.5,2432,False,False,0.5796924056121497,2430,0.8503904998656217,0.7138818589082803,3162,29,1.096270770727046,1.098336754435218,tiles_2s,Tiles (2s),270,0.7075648173558875,3240,5,1.0540352558368338,1.0767108597285067,0.007564815719706575,True,False,False,True,0,1.0540353059768677,0.7075648307800293,0.7076625,0.73007995,0.6958079934120178,0.7177728086709976,0.067977,0.07352175,10.41032260911779,True,True,False,1.784222613685782,4.033507794352631,True,0,0.0,0.0
321,1,3947c243866e562f90528579af08055b21e62ee87d57f45152ced09a5cc18213,43,model.layers.21.mlp.down_proj,down_proj,0,3.2228568949858163,4864x896,3,4864,896,1.75,2,0.9,0.9000000021036613,0.75,3648,False,False,0.7995066228904761,3648,1.2592800265772766,0.9101594421681511,4296,33,1.476691116052446,1.4687280746215456,tiles_half_s,Tiles (s/2),68,0.9031042052611156,4284,9,1.3936688382731468,1.4236510256410257,0.0031042031574542994,True,False,False,True,34,1.3936688899993896,0.9031041860580444,0.7151065,0.74542355,0.7034879922866821,0.7324672013521194,0.1315805,0.13712745,5.4347452700058145,True,True,False,3.591820241541732,5.110492380813225,True,34,0.0,0.0
321,1,3947c243866e562f90528579af08055b21e62ee87d57f45152ced09a5cc18213,43,model.layers.21.mlp.down_proj,down_proj,0,3.2228568949858163,4864x896,3,4864,896,1.75,2,0.9,0.9000000021036613,0.75,3648,False,False,0.7995066228904761,3648,1.2592800265772766,0.9101594421681511,4296,33,1.476691116052446,1.4687280746215456,tiles_s,Tiles (s),135,0.9044618345378694,4320,4,1.4053803411157781,1.4353321540417516,0.004461832434208168,True,False,False,True,67,1.405380368232727,0.9044619202613831,0.7087345,0.74029945,0.696832001209259,0.7274496227502822,0.0884455,0.09340955,8.013234138537292,True,True,False,2.800786268780231,4.3131015604839344,True,67,0.0,0.0
321,1,3947c243866e562f90528579af08055b21e62ee87d57f45152ced09a5cc18213,43,model.layers.21.mlp.down_proj,down_proj,0,3.2228568949858163,4864x896,3,4864,896,1.75,2,0.9,0.9000000021036613,0.75,3648,False,False,0.7995066228904761,3648,1.2592800265772766,0.9101594421681511,4296,33,1.476691116052446,1.4687280746215456,tiles_2s,Tiles (2s),270,0.9036170737817883,4320,2,1.4053803411157784,1.435614479638009,0.0036170716781270817,True,False,False,True,0,1.405380368232727,0.9036169648170471,0.638248,0.7456834999999999,0.6287359893321991,0.7323295921087265,0.068257,0.07360205,9.350660005567196,True,True,False,2.781667470462268,4.313101560483911,True,0,0.0,0.0
322,1,3947c243866e562f90528579af08055b21e62ee87d57f45152ced09a5cc18213,43,model.layers.22.self_attn.q_proj,q_proj,0,1.4417763591672945,896x896,0,896,896,1.75,0,0.5,0.4999999992433004,0.25,224,True,False,0.31498002985608764,224,0.08845520780829452,0.5119012712093536,392,4,0.1362830929286947,0.13963880892155658,tiles_half_s,Tiles (s/2),68,0.5004750040534418,408,3,0.13822372222544216,0.13958215032168014,0.0004750048101413995,True,False,False,True,0,0.13822372257709503,0.5004749894142151,0.7116899999999999,0.75564825,0.6999040246009827,0.7429632157087326,0.0436165,0.04764555,16.316990129882036,True,True,False,-2.4207385685850014,1.0133906949244764,True,0,0.0,0.0
322,1,3947c243866e562f90528579af08055b21e62ee87d57f45152ced09a5cc18213,43,model.layers.22.self_attn.q_proj,q_proj,0,1.4417763591672945,896x896,0,896,896,1.75,0,0.5,0.4999999992433004,0.25,224,True,False,0.31498002985608764,224,0.08845520780829452,0.5119012712093536,392,4,0.1362830929286947,0.13963880892155658,tiles_s,Tiles (s),135,0.6250412190856878,540,1,0.17567254263947227,0.17945180995475113,0.12504121984238736,True,False,False,True,67,0.17567254602909088,0.625041127204895,0.6906705,0.73943625,0.6794240176677704,0.7271935880184173,0.037920999999999996,0.04169219999999999,18.213404182379158,True,True,False,-31.67576850390601,-25.804956370086174,True,67,0.0,0.0
322,1,3947c243866e562f90528579af08055b21e62ee87d57f45152ced09a5cc18213,43,model.layers.22.self_attn.q_proj,q_proj,0,1.4417763591672945,896x896,0,896,896,1.75,0,0.5,0.4999999992433004,0.25,224,True,False,0.31498002985608764,224,0.08845520780829452,0.5119012712093536,392,4,0.1362830929286947,0.13963880892155658,tiles_2s,Tiles (2s),270,0.6226779753051233,540,1,0.17567254263947227,0.17945180995475113,0.12267797606182285,True,False,False,True,0,0.17567254602909088,0.6226780414581299,0.7161934999999999,0.8044798999999999,0.7024639844894409,0.7856991857290266,0.034309,0.03687715,20.8747996152613,True,True,False,-31.67576850390601,-25.804956370086174,True,0,0.0,0.0
322,1,3947c243866e562f90528579af08055b21e62ee87d57f45152ced09a5cc18213,43,model.layers.22.self_attn.q_proj,q_proj,0,1.4417763591672945,896x896,0,896,896,1.75,1,0.7,0.6999999989406205,0.5,448,True,False,0.5826637906429823,448,0.15946807391728784,0.756625193200307,600,6,0.2076623198997486,0.21237606056758818,tiles_half_s,Tiles (s/2),68,0.71642650369904,612,3,0.21008226167597255,0.21107679540874663,0.016426504758419558,True,False,False,True,0,0.2100822627544403,0.7164265513420105,0.630298,0.7662880499999999,0.6195839941501617,0.7450831830501555,0.04539,0.05230379999999999,13.886274509803922,True,True,False,-1.6442441318417433,1.080064714208051,True,0,0.0,0.0
322,1,3947c243866e562f90528579af08055b21e62ee87d57f45152ced09a5cc18213,43,model.layers.22.self_attn.q_proj,q_proj,0,1.4417763591672945,896x896,0,896,896,1.75,1,0.7,0.6999999989406205,0.5,448,True,False,0.5826637906429823,448,0.15946807391728784,0.756625193200307,600,6,0.2076623198997486,0.21237606056758818,tiles_s,Tiles (s),135,0.7122914815263357,607,2,0.20304447297462372,0.20542252444014236,0.012291482585715219,True,False,False,True,67,0.20304447412490845,0.7122913599014282,0.6964565,0.7507136,0.6850559711456299,0.7352320164442062,0.039073,0.04261764999999999,17.824495175696775,True,True,False,1.078575766989176,4.393898054246426,True,67,0.0,0.0
322,1,3947c243866e562f90528579af08055b21e62ee87d57f45152ced09a5cc18213,43,model.layers.22.self_attn.q_proj,q_proj,0,1.4417763591672945,896x896,0,896,896,1.75,1,0.7,0.6999999989406205,0.5,448,True,False,0.5826637906429823,448,0.15946807391728784,0.756625193200307,600,6,0.2076623198997486,0.21237606056758818,tiles_2s,Tiles (2s),270,0.7177664604678284,626,2,0.20365002165242527,0.20774884668462065,0.017766461527207955,True,False,False,True,135,0.20365002751350403,0.7177664041519165,0.688682,0.7701821499999999,0.677376002073288,0.7462399810552597,0.035431000000000004,0.03935269999999999,19.437272445034008,True,True,False,-0.041667060694416946,4.108767669878621,True,135,0.0,0.0
322,1,3947c243866e562f90528579af08055b21e62ee87d57f45152ced09a5cc18213,43,model.layers.22.self_attn.q_proj,q_proj,0,1.4417763591672945,896x896,0,896,896,1.75,2,0.9,0.8999999986379408,0.75,672,True,False,0.8318380938726477,672,0.23481261025979505,0.9246143686468713,788,6,0.26882699249904224,0.27100073557925,tiles_half_s,Tiles (s/2),68,0.9302790861402173,816,1,0.265460731099647,0.2711716239316239,0.03027908750227648,True,False,False,True,34,0.265460729598999,0.9302791953086853,0.7177910000000001,0.857269,0.7055360078811646,0.8341504216194152,0.0465975,0.04993255,15.404066741777994,True,True,False,-0.8721711353409045,2.0442765469848245,True,34,0.0,0.0
322,1,3947c243866e562f90528579af08055b21e62ee87d57f45152ced09a5cc18213,43,model.layers.22.self_attn.q_proj,q_proj,0,1.4417763591672945,896x896,0,896,896,1.75,2,0.9,0.8999999986379408,0.75,672,True,False,0.8318380938726477,672,0.23481261025979505,0.9246143686468713,788,6,0.26882699249904224,0.27100073557925,tiles_s,Tiles (s),135,0.9175455752410926,810,1,0.26350881395920844,0.26917771493212667,0.017545576603151813,True,False,False,True,0,0.2635088264942169,0.91754549741745,0.713759,0.7572705999999999,0.7024639844894409,0.7358544170856476,0.039042999999999994,0.0428391,18.281356453141413,True,True,False,-0.13046399463985114,2.7645392194334595,True,0,0.0,0.0
322,1,3947c243866e562f90528579af08055b21e62ee87d57f45152ced09a5cc18213,43,model.layers.22.self_attn.q_proj,q_proj,0,1.4417763591672945,896x896,0,896,896,1.75,2,0.9,0.8999999986379408,0.75,672,True,False,0.8318380938726477,672,0.23481261025979505,0.9246143686468713,788,6,0.26882699249904224,0.27100073557925,tiles_2s,Tiles (2s),270,0.9175455752410926,810,1,0.26350881395920844,0.26917771493212667,0.017545576603151813,True,False,False,True,0,0.2635088264942169,0.9175455570220947,0.7340415,0.9886896000000001,0.721424013376236,0.9736192166805266,0.035276,0.03931169999999999,20.808524209094,True,True,False,-0.13046399463985114,2.7645392194334595,True,0,0.0,0.0
323,1,3947c243866e562f90528579af08055b21e62ee87d57f45152ced09a5cc18213,43,model.layers.22.self_attn.k_proj,k_proj,0,1.4417763591672945,896x128,1,896,128,0.25,0,0.5,0.4999999992433004,0.25,224,True,False,0.290291597135365,224,0.018949429657794677,0.8379110797541216,736,1,0.03559616,0.03664651603113517,tiles_half_s,Tiles (s/2),472,0.5385041158879176,472,1,0.02747613916319621,0.02632202643171806,0.03850411664461717,True,False,False,True,236,0.02747613936662674,0.5385041236877441,0.7106874999999999,0.8098007999999999,0.6988800168037415,0.7952895909547805,0.032826499999999995,0.03587355,21.64981036662453,True,True,False,26.05374728139761,25.023870918991953,True,236,0.0,0.0
323,1,3947c243866e562f90528579af08055b21e62ee87d57f45152ced09a5cc18213,43,model.layers.22.self_attn.k_proj,k_proj,0,1.4417763591672945,896x128,1,896,128,0.25,0,0.5,0.4999999992433004,0.25,224,True,False,0.290291597135365,224,0.018949429657794677,0.8379110797541216,736,1,0.03559616,0.03664651603113517,tiles_s,Tiles (s),896,0.520812505914364,448,1,0.026642468538838122,0.025773178458289338,0.020812506671063602,True,False,False,True,448,0.026642467826604843,0.520812451839447,0.704046,0.7405915,0.6917120218276978,0.7281151950359345,0.032671,0.0357311,21.549569955005968,True,True,False,27.59562138643793,27.298768275263953,True,448,0.0,0.0
323,1,3947c243866e562f90528579af08055b21e62ee87d57f45152ced09a5cc18213,43,model.layers.22.self_attn.k_proj,k_proj,0,1.4417763591672945,896x128,1,896,128,0.25,0,0.5,0.4999999992433004,0.25,224,True,False,0.290291597135365,224,0.018949429657794677,0.8379110797541216,736,1,0.03559616,0.03664651603113517,tiles_2s,Tiles (2s),896,0.520812505914364,448,1,0.026642468538838122,0.025773178458289338,0.020812506671063602,True,False,False,True,448,0.026642467826604843,0.520812451839447,0.7215035000000001,0.7883371499999999,0.709119975566864,0.7650303840637207,0.032336000000000004,0.034267599999999995,22.312701014349333,True,True,False,27.59562138643793,27.298768275263953,True,448,0.0,0.0
323,1,3947c243866e562f90528579af08055b21e62ee87d57f45152ced09a5cc18213,43,model.layers.22.self_attn.k_proj,k_proj,0,1.4417763591672945,896x128,1,896,128,0.25,1,0.7,0.6999999989406205,0.5,448,True,False,0.5579203981615137,448,0.03634124909539145,0.8379110797541216,736,1,0.03559616,0.03664651603113517,tiles_half_s,Tiles (s/2),472,0.8051986102364026,708,1,0.0356739003027174,0.03657105263157895,0.10519861129578212,True,False,False,True,236,0.035673901438713074,0.805198609828949,0.7139395,0.7923001499999999,0.6999040246009827,0.7776767760515212,0.033648,0.036844,21.217888135996198,True,True,False,-2.7387578648341515,2.654046915650654,True,236,0.0,0.0
323,1,3947c243866e562f90528579af08055b21e62ee87d57f45152ced09a5cc18213,43,model.layers.22.self_attn.k_proj,k_proj,0,1.4417763591672945,896x128,1,896,128,0.25,1,0.7,0.6999999989406205,0.5,448,True,False,0.5579203981615137,448,0.03634124909539145,0.8379110797541216,736,1,0.03559616,0.03664651603113517,tiles_s,Tiles (s),896,0.9999999984866008,896,1,0.04220432019352241,0.043105703422053235,0.29999999954598033,True,False,False,True,0,0.042204320430755615,0.9999999403953552,0.7111795,0.7571424499999999,0.6993920207023621,0.7424352198839187,0.0323805,0.035592599999999995,21.96320316239712,True,True,False,-21.09649867304011,-15.165982375146637,True,0,0.0,0.0
323,1,3947c243866e562f90528579af08055b21e62ee87d57f45152ced09a5cc18213,43,model.layers.22.self_attn.k_proj,k_proj,0,1.4417763591672945,896x128,1,896,128,0.25,1,0.7,0.6999999989406205,0.5,448,True,False,0.5579203981615137,448,0.03634124909539145,0.8379110797541216,736,1,0.03559616,0.03664651603113517,tiles_2s,Tiles (2s),896,0.9999999984866008,896,1,0.04220432019352241,0.043105703422053235,0.29999999954598033,True,False,False,True,0,0.042204320430755615,0.9999999403953552,0.6293960000000001,0.7161244,0.6178719997406006,0.705385598540306,0.032245499999999996,0.03436605,19.518878603215956,True,True,False,-21.09649867304011,-15.165982375146637,True,0,0.0,0.0
323,1,3947c243866e562f90528579af08055b21e62ee87d57f45152ced09a5cc18213,43,model.layers.22.self_attn.k_proj,k_proj,0,1.4417763591672945,896x128,1,896,128,0.25,2,0.9,0.8999999986379408,0.75,672,True,False,0.7720595525170211,672,0.04411609029795707,0.967894696892472,864,1,0.04185874769797422,0.041092759361044964,tiles_half_s,Tiles (s/2),472,0.9999999984866008,896,1,0.04220432019352241,0.043105703422053235,0.09999999984866004,True,False,False,True,0,0.042204320430755615,0.9999999403953552,0.692304,0.7352015,0.6826079785823822,0.719871997833252,0.033623,0.036697749999999994,20.59019123814056,True,True,False,-2.9789608926579447,-2.70500411693253,True,0,0.0,0.0
323,1,3947c243866e562f90528579af08055b21e62ee87d57f45152ced09a5cc18213,43,model.layers.22.self_attn.k_proj,k_proj,0,1.4417763591672945,896x128,1,896,128,0.25,2,0.9,0.8999999986379408,0.75,672,True,False,0.7720595525170211,672,0.04411609029795707,0.967894696892472,864,1,0.04185874769797422,0.041092759361044964,tiles_s,Tiles (s),896,0.9999999984866008,896,1,0.04220432019352241,0.043105703422053235,0.09999999984866004,True,False,False,True,0,0.042204320430755615,0.9999999403953552,0.624217,0.718761,0.6138559877872467,0.7046144008636475,0.033738,0.038442,18.501896970774798,True,True,False,-2.9789608926579447,-2.70500411693253,True,0,0.0,0.0
323,1,3947c243866e562f90528579af08055b21e62ee87d57f45152ced09a5cc18213,43,model.layers.22.self_attn.k_proj,k_proj,0,1.4417763591672945,896x128,1,896,128,0.25,2,0.9,0.8999999986379408,0.75,672,True,False,0.7720595525170211,672,0.04411609029795707,0.967894696892472,864,1,0.04185874769797422,0.041092759361044964,tiles_2s,Tiles (2s),896,0.9999999984866008,896,1,0.04220432019352241,0.043105703422053235,0.09999999984866004,True,False,False,True,0,0.042204320430755615,0.9999999403953552,0.7061744999999999,0.7585324,0.6932479739189148,0.7388672232627869,0.032351,0.03608015,21.828521529473587,True,True,False,-2.9789608926579447,-2.70500411693253,True,0,0.0,0.0
326,1,3947c243866e562f90528579af08055b21e62ee87d57f45152ced09a5cc18213,43,model.layers.22.mlp.gate_proj,gate_proj,0,0.5612128123964332,896x4864,2,896,4864,9.5,0,0.5,0.49999999256988303,0.25,224,False,False,0.3165606409020256,224,0.4420921777469009,0.5161565639136825,396,22,0.7501150477863282,0.766485052923905,tiles_half_s,Tiles (s/2),12,0.5037947878417981,396,22,0.7768144415447263,0.7749298749902949,0.0037947952719150635,True,False,False,True,0,0.7768144607543945,0.5037950277328491,0.7261275,0.8640152999999999,0.711679995059967,0.8489471942186355,0.1101605,0.118834,6.591541432727703,True,True,False,-3.308136168871423,-1.3476307961150624,True,0,0.0,0.0
326,1,3947c243866e562f90528579af08055b21e62ee87d57f45152ced09a5cc18213,43,model.layers.22.mlp.gate_proj,gate_proj,0,0.5612128123964332,896x4864,2,896,4864,9.5,0,0.5,0.49999999256988303,0.25,224,False,False,0.3165606409020256,224,0.4420921777469009,0.5161565639136825,396,22,0.7501150477863282,0.766485052923905,tiles_s,Tiles (s),25,0.5065271510220555,421,12,0.7452082731123088,0.7650480889811633,0.0065271584521724435,True,False,False,True,0,0.7452082633972168,0.5065270066261292,0.667708,0.8201024999999998,0.6573280096054077,0.8028671830892561,0.06575249999999999,0.07010855,10.15486863617353,True,True,False,-1.9907667815629138,2.775889722889169,True,0,0.0,0.0
326,1,3947c243866e562f90528579af08055b21e62ee87d57f45152ced09a5cc18213,43,model.layers.22.mlp.gate_proj,gate_proj,0,0.5612128123964332,896x4864,2,896,4864,9.5,0,0.5,0.49999999256988303,0.25,224,False,False,0.3165606409020256,224,0.4420921777469009,0.5161565639136825,396,22,0.7501150477863282,0.766485052923905,tiles_2s,Tiles (2s),50,0.5004176839547654,425,4,0.7505586147162641,0.7667054843304844,0.00041769138488234603,True,False,False,True,25,0.750558614730835,0.5004177689552307,0.6314744999999999,0.7365839999999999,0.6215200126171112,0.7237631827592849,0.048715999999999995,0.05308755,12.962363494539781,True,True,False,-2.211718934730933,2.077853722898637,True,25,0.0,0.0
326,1,3947c243866e562f90528579af08055b21e62ee87d57f45152ced09a5cc18213,43,model.layers.22.mlp.gate_proj,gate_proj,0,0.5612128123964332,896x4864,2,896,4864,9.5,1,0.7,0.6999999895978362,0.5,448,False,False,0.5736718132684473,448,0.8492623823607063,0.71757554486976,590,30,1.1064982756783346,1.1247279235191123,tiles_half_s,Tiles (s/2),12,0.7040576831032013,588,18,1.0685629527795404,1.0855285690118979,0.004057693505365112,True,False,False,True,0,1.0685629844665527,0.7040578126907349,0.718468,0.7712566499999999,0.7065280079841614,0.7373312056064606,0.113712,0.12372835,6.3183129309131845,True,True,False,1.8951413777469561,4.993649536488776,True,0,0.0,0.0
326,1,3947c243866e562f90528579af08055b21e62ee87d57f45152ced09a5cc18213,43,model.layers.22.mlp.gate_proj,gate_proj,0,0.5612128123964332,896x4864,2,896,4864,9.5,1,0.7,0.6999999895978362,0.5,448,False,False,0.5736718132684473,448,0.8492623823607063,0.71757554486976,590,30,1.1064982756783346,1.1247279235191123,tiles_s,Tiles (s),25,0.702375245076837,600,9,1.0596121619523728,1.0839697301828732,0.0023752554790008595,True,False,False,True,12,1.0596122741699219,0.7023756504058838,0.724564,0.8653680999999996,0.7131839990615845,0.8528384149074552,0.07256599999999999,0.07596824999999999,9.984896508006505,True,True,False,2.0360217445120066,5.7894678530787775,True,12,0.0,0.0
326,1,3947c243866e562f90528579af08055b21e62ee87d57f45152ced09a5cc18213,43,model.layers.22.mlp.gate_proj,gate_proj,0,0.5612128123964332,896x4864,2,896,4864,9.5,1,0.7,0.6999999895978362,0.5,448,False,False,0.5736718132684473,448,0.8492623823607063,0.71757554486976,590,30,1.1064982756783346,1.1247279235191123,tiles_2s,Tiles (2s),50,0.7394917005849493,646,5,1.1408490943687213,1.1653923361823362,0.03949171098711313,True,False,False,True,0,1.1408491134643555,0.7394916415214539,0.7996995,1.0990717499999998,0.7837280035018921,1.083963197469711,0.052298,0.05821315,15.29120616467169,True,True,False,-5.322562339095982,-1.4333396115185026,True,0,0.0,0.0
326,1,3947c243866e562f90528579af08055b21e62ee87d57f45152ced09a5cc18213,43,model.layers.22.mlp.gate_proj,gate_proj,0,0.5612128123964332,896x4864,2,896,4864,9.5,2,0.9,0.8999999866257895,0.75,672,False,False,0.7993908198841382,672,1.2621121943897926,0.9068245028320234,786,29,1.4509986117083538,1.4522515210228466,tiles_half_s,Tiles (s/2),12,0.9028154435627584,792,9,1.398688053777132,1.4287782202111614,0.002815456936968941,True,False,False,True,0,1.3986880779266357,0.9028153419494629,0.723698,0.83018835,0.711679995059967,0.8177999913692474,0.1189475,0.12371055,6.084179995376111,True,True,False,1.5313861307579613,3.6883051227922903,True,0,0.0,0.0
326,1,3947c243866e562f90528579af08055b21e62ee87d57f45152ced09a5cc18213,43,model.layers.22.mlp.gate_proj,gate_proj,0,0.5612128123964332,896x4864,2,896,4864,9.5,2,0.9,0.8999999866257895,0.75,672,False,False,0.7993908198841382,672,1.2621121943897926,0.9068245028320234,786,29,1.4509986117083538,1.4522515210228466,tiles_s,Tiles (s),25,0.9036891775731419,796,4,1.4057521348568145,1.4359942718283896,0.0036891909473524276,True,False,False,True,0,1.405752182006836,0.9036891460418701,0.7232965,0.77004595,0.711679995059967,0.7529984056949615,0.070076,0.07514574999999998,10.3216008333809,True,True,False,1.0340698990951247,3.2018824213922548,True,0,0.0,0.0
326,1,3947c243866e562f90528579af08055b21e62ee87d57f45152ced09a5cc18213,43,model.layers.22.mlp.gate_proj,gate_proj,0,0.5612128123964332,896x4864,2,896,4864,9.5,2,0.9,0.8999999866257895,0.75,672,False,False,0.7993908198841382,672,1.2621121943897926,0.9068245028320234,786,29,1.4509986117083538,1.4522515210228466,tiles_2s,Tiles (2s),50,0.9008234197217462,796,3,1.4057521348568145,1.4359942718283896,0.0008234330959566716,True,False,False,True,25,1.405752182006836,0.9008232951164246,0.6708585,0.7127263,0.6600319743156433,0.7010816007852554,0.050855,0.05510514999999999,13.19159374692754,True,True,False,1.0340698990951247,3.2018824213922548,True,25,0.0,0.0
336,2,0250c8d2f1e499db1f3ead3dffa53a9be983dd1aa2ab5af76249342b4679d5b1,40,model.layers.0.self_attn.q_proj,q_proj,0,1.3697371528125022,896x896,0,896,896,1.75,0,0.5,0.49999999991996447,0.25,224,True,False,0.34264157732832246,224,0.0993381240390939,0.5448984677786939,404,4,0.14049817604103482,0.1425566561068099,tiles_half_s,Tiles (s/2),68,0.5140513239894062,408,5,0.15470379225229805,0.15112926651172315,0.014051324069441762,True,False,False,True,0,0.1547037959098816,0.5140513181686401,0.7127825,0.7755757,0.6983680129051208,0.7471103936433792,0.0447235,0.07123869999999999,15.937538430579002,True,True,False,-7.56671066504333,-8.520918263112854,True,0,0.0,0.0
336,2,0250c8d2f1e499db1f3ead3dffa53a9be983dd1aa2ab5af76249342b4679d5b1,40,model.layers.0.self_attn.q_proj,q_proj,0,1.3697371528125022,896x896,0,896,896,1.75,0,0.5,0.49999999991996447,0.25,224,True,False,0.34264157732832246,224,0.0993381240390939,0.5448984677786939,404,4,0.14049817604103482,0.1425566561068099,tiles_s,Tiles (s),135,0.5010554416367086,405,3,0.1317544069796042,0.13374188067729087,0.0010554417167440988,True,False,False,True,0,0.13175441324710846,0.5010551810264587,0.6268065,0.7560631999999999,0.6165439784526825,0.7436208039522171,0.038127,0.04221369999999999,16.439963805177435,True,True,False,4.808813576178139,7.577512984810875,True,0,0.0,0.0
336,2,0250c8d2f1e499db1f3ead3dffa53a9be983dd1aa2ab5af76249342b4679d5b1,40,model.layers.0.self_attn.q_proj,q_proj,0,1.3697371528125022,896x896,0,896,896,1.75,0,0.5,0.49999999991996447,0.25,224,True,False,0.34264157732832246,224,0.0993381240390939,0.5448984677786939,404,4,0.14049817604103482,0.1425566561068099,tiles_2s,Tiles (2s),270,0.6124823366553755,540,1,0.17567254263947227,0.17945180995475113,0.11248233673541108,True,False,False,True,0,0.17567254602909088,0.6124822497367859,0.713218,0.8649145499999998,0.6993919909000397,0.8523264020681379,0.0359525,0.04309839999999999,19.837785967596137,True,True,False,-27.72536627261215,-23.22998268691885,True,0,0.0,0.0
336,2,0250c8d2f1e499db1f3ead3dffa53a9be983dd1aa2ab5af76249342b4679d5b1,40,model.layers.0.self_attn.q_proj,q_proj,0,1.3697371528125022,896x896,0,896,896,1.75,1,0.7,0.6999999998879503,0.5,448,True,False,0.6028232359385584,448,0.16159500646892705,0.7790619595325552,624,6,0.21557878777254233,0.2182117549380948,tiles_half_s,Tiles (s/2),68,0.7285786591673968,612,4,0.2045889050003539,0.20737505630458614,0.028578659279446583,True,False,False,True,0,0.2045889049768448,0.7285786271095276,0.7153425,0.7719977999999998,0.7034879922866821,0.7593471765518187,0.045273999999999995,0.06813669999999994,15.800293766841898,True,True,False,3.805444660265911,6.242949625516559,True,0,0.0,0.0
336,2,0250c8d2f1e499db1f3ead3dffa53a9be983dd1aa2ab5af76249342b4679d5b1,40,model.layers.0.self_attn.q_proj,q_proj,0,1.3697371528125022,896x896,0,896,896,1.75,1,0.7,0.6999999998879503,0.5,448,True,False,0.6028232359385584,448,0.16159500646892705,0.7790619595325552,624,6,0.21557878777254233,0.2182117549380948,tiles_s,Tiles (s),135,0.7073447055154247,607,2,0.20304447297462372,0.20542252444014236,0.007344705627474468,True,False,False,True,67,0.20304447412490845,0.707344651222229,0.672417,0.7273662,0.66252800822258,0.715622392296791,0.039483500000000005,0.0422701,17.03032912482429,True,True,False,4.711160795242931,6.950717191094469,True,67,0.0,0.0
336,2,0250c8d2f1e499db1f3ead3dffa53a9be983dd1aa2ab5af76249342b4679d5b1,40,model.layers.0.self_attn.q_proj,q_proj,0,1.3697371528125022,896x896,0,896,896,1.75,1,0.7,0.6999999998879503,0.5,448,True,False,0.6028232359385584,448,0.16159500646892705,0.7790619595325552,624,6,0.21557878777254233,0.2182117549380948,tiles_2s,Tiles (2s),270,0.7307584143272834,626,2,0.20365002165242527,0.20774884668462065,0.030758414439333137,True,False,False,True,135,0.20365002751350403,0.7307583689689636,0.7142999999999999,0.76884345,0.7024639844894409,0.7510016232728958,0.035517,0.0385295,20.111495903370216,True,True,False,3.6320554396024662,6.673212123609296,True,135,0.0,0.0
336,2,0250c8d2f1e499db1f3ead3dffa53a9be983dd1aa2ab5af76249342b4679d5b1,40,model.layers.0.self_attn.q_proj,q_proj,0,1.3697371528125022,896x896,0,896,896,1.75,2,0.9,0.899999999855936,0.75,672,True,False,0.8256070085335523,672,0.2302219234991185,0.9065655492595397,772,5,0.2602152101273456,0.25842419587079735,tiles_half_s,Tiles (s/2),68,0.9077386453136569,794,2,0.25830370158470556,0.26386062426680074,0.00773864545772085,True,False,False,True,34,0.258303701877594,0.9077386260032654,0.6586315,0.7280841,0.6471199989318848,0.7163391977548599,0.046896999999999994,0.051582199999999995,14.04421391560228,True,True,False,-1.4009227737575847,0.04662654968733415,True,34,0.0,0.0
336,2,0250c8d2f1e499db1f3ead3dffa53a9be983dd1aa2ab5af76249342b4679d5b1,40,model.layers.0.self_attn.q_proj,q_proj,0,1.3697371528125022,896x896,0,896,896,1.75,2,0.9,0.899999999855936,0.75,672,True,False,0.8256070085335523,672,0.2302219234991185,0.9065655492595397,772,5,0.2602152101273456,0.25842419587079735,tiles_s,Tiles (s),135,0.9069581115763867,810,1,0.26350881395920844,0.26917771493212667,0.006958111720450688,True,False,False,True,0,0.2635088264942169,0.9069579839706421,0.7276644999999999,0.8151939500000001,0.7162880003452301,0.7988224029541016,0.038978,0.0444076,18.668595104930986,True,True,False,-3.4442663057224543,-1.9675472226111657,True,0,0.0,0.0
336,2,0250c8d2f1e499db1f3ead3dffa53a9be983dd1aa2ab5af76249342b4679d5b1,40,model.layers.0.self_attn.q_proj,q_proj,0,1.3697371528125022,896x896,0,896,896,1.75,2,0.9,0.899999999855936,0.75,672,True,False,0.8256070085335523,672,0.2302219234991185,0.9065655492595397,772,5,0.2602152101273456,0.25842419587079735,tiles_2s,Tiles (2s),270,0.9069581115763867,810,1,0.26350881395920844,0.26917771493212667,0.006958111720450688,True,False,False,True,0,0.2635088264942169,0.9069579839706421,0.7275845000000001,0.7890962499999999,0.7132160067558289,0.7759872019290923,0.035631499999999997,0.039486,20.419698861962033,True,True,False,-3.4442663057224543,-1.9675472226111657,True,0,0.0,0.0
337,2,0250c8d2f1e499db1f3ead3dffa53a9be983dd1aa2ab5af76249342b4679d5b1,40,model.layers.0.self_attn.k_proj,k_proj,0,1.3697371528125022,896x128,1,896,128,0.25,0,0.5,0.49999999991996447,0.25,224,True,False,0.26957101695006713,224,0.018949429657794677,0.9999999998399289,896,1,0.043105703422053235,0.04220432019352241,tiles_half_s,Tiles (s/2),472,0.5242728702578461,472,1,0.02747613916319621,0.02632202643171806,0.024272870337881614,True,False,False,True,236,0.02747613936662674,0.5242727994918823,0.724078,0.75945475,0.711679995059967,0.7458815842866897,0.034504,0.039521249999999994,20.98533503361929,True,True,False,38.936093504852785,34.89733032730309,True,236,0.0,0.0
337,2,0250c8d2f1e499db1f3ead3dffa53a9be983dd1aa2ab5af76249342b4679d5b1,40,model.layers.0.self_attn.k_proj,k_proj,0,1.3697371528125022,896x128,1,896,128,0.25,0,0.5,0.49999999991996447,0.25,224,True,False,0.26957101695006713,224,0.018949429657794677,0.9999999998399289,896,1,0.043105703422053235,0.04220432019352241,tiles_s,Tiles (s),896,0.515358719159849,448,1,0.026642468538838122,0.025773178458289338,0.015358719239884522,True,False,False,True,448,0.026642467826604843,0.5153587460517883,0.724634,0.7558007999999999,0.7121919989585876,0.7372287780046463,0.032340999999999995,0.037998799999999985,22.406048050462264,True,True,False,40.209354186983134,36.872650911867424,True,448,0.0,0.0
337,2,0250c8d2f1e499db1f3ead3dffa53a9be983dd1aa2ab5af76249342b4679d5b1,40,model.layers.0.self_attn.k_proj,k_proj,0,1.3697371528125022,896x128,1,896,128,0.25,0,0.5,0.49999999991996447,0.25,224,True,False,0.26957101695006713,224,0.018949429657794677,0.9999999998399289,896,1,0.043105703422053235,0.04220432019352241,tiles_2s,Tiles (2s),896,0.515358719159849,448,1,0.026642468538838122,0.025773178458289338,0.015358719239884522,True,False,False,True,448,0.026642467826604843,0.5153587460517883,0.6849655,0.7794704499999999,0.6747359931468964,0.7629823893308639,0.03207,0.03402465,21.358450265045214,True,True,False,40.209354186983134,36.872650911867424,True,448,0.0,0.0
337,2,0250c8d2f1e499db1f3ead3dffa53a9be983dd1aa2ab5af76249342b4679d5b1,40,model.layers.0.self_attn.k_proj,k_proj,0,1.3697371528125022,896x128,1,896,128,0.25,1,0.7,0.6999999998879503,0.5,448,True,False,0.5483729898987804,448,0.03634124909539145,0.9999999998399289,896,1,0.043105703422053235,0.04220432019352241,tiles_half_s,Tiles (s/2),472,0.7856012224656297,708,1,0.0356739003027174,0.03657105263157895,0.08560122257767944,True,False,False,True,236,0.035673901438713074,0.7856011390686035,0.7175315,0.8915824499999997,0.7045120000839233,0.8749056041240689,0.034159,0.04250039999999997,21.00563541087268,True,True,False,15.159596693023936,15.473344579087211,True,236,0.0,0.0
337,2,0250c8d2f1e499db1f3ead3dffa53a9be983dd1aa2ab5af76249342b4679d5b1,40,model.layers.0.self_attn.k_proj,k_proj,0,1.3697371528125022,896x128,1,896,128,0.25,1,0.7,0.6999999998879503,0.5,448,True,False,0.5483729898987804,448,0.03634124909539145,0.9999999998399289,896,1,0.043105703422053235,0.04220432019352241,tiles_s,Tiles (s),896,0.9999999998399289,896,1,0.04220432019352241,0.043105703422053235,0.2999999999519787,True,False,False,True,0,0.042204320430755615,1.0,0.7019420000000001,0.7689554,0.6896640062332153,0.745164805650711,0.033067,0.0353941,21.227870686787433,True,True,False,0.0,0.0,True,0,0.0,0.0
337,2,0250c8d2f1e499db1f3ead3dffa53a9be983dd1aa2ab5af76249342b4679d5b1,40,model.layers.0.self_attn.k_proj,k_proj,0,1.3697371528125022,896x128,1,896,128,0.25,1,0.7,0.6999999998879503,0.5,448,True,False,0.5483729898987804,448,0.03634124909539145,0.9999999998399289,896,1,0.043105703422053235,0.04220432019352241,tiles_2s,Tiles (2s),896,0.9999999998399289,896,1,0.04220432019352241,0.043105703422053235,0.2999999999519787,True,False,False,True,0,0.042204320430755615,1.0,0.720917,0.8090747,0.7075839936733246,0.7906815946102141,0.0324605,0.0359925,22.20905408111397,True,True,False,0.0,0.0,True,0,0.0,0.0
337,2,0250c8d2f1e499db1f3ead3dffa53a9be983dd1aa2ab5af76249342b4679d5b1,40,model.layers.0.self_attn.k_proj,k_proj,0,1.3697371528125022,896x128,1,896,128,0.25,2,0.9,0.899999999855936,0.75,672,True,False,0.7772759154177038,672,0.04411609029795707,0.9999999998399289,896,1,0.043105703422053235,0.04220432019352241,tiles_half_s,Tiles (s/2),472,0.9999999998399289,896,1,0.04220432019352241,0.043105703422053235,0.0999999999839929,True,False,False,True,0,0.042204320430755615,1.0,0.70644,0.73271365,0.694271981716156,0.7195135951042175,0.033773,0.035397,20.917300802416133,True,True,False,0.0,0.0,True,0,0.0,0.0
337,2,0250c8d2f1e499db1f3ead3dffa53a9be983dd1aa2ab5af76249342b4679d5b1,40,model.layers.0.self_attn.k_proj,k_proj,0,1.3697371528125022,896x128,1,896,128,0.25,2,0.9,0.899999999855936,0.75,672,True,False,0.7772759154177038,672,0.04411609029795707,0.9999999998399289,896,1,0.043105703422053235,0.04220432019352241,tiles_s,Tiles (s),896,0.9999999998399289,896,1,0.04220432019352241,0.043105703422053235,0.0999999999839929,True,False,False,True,0,0.042204320430755615,1.0,0.7077925,0.7277515,0.6963199973106384,0.7163391977548599,0.0329715,0.0353586,21.46679708232868,True,True,False,0.0,0.0,True,0,0.0,0.0
337,2,0250c8d2f1e499db1f3ead3dffa53a9be983dd1aa2ab5af76249342b4679d5b1,40,model.layers.0.self_attn.k_proj,k_proj,0,1.3697371528125022,896x128,1,896,128,0.25,2,0.9,0.899999999855936,0.75,672,True,False,0.7772759154177038,672,0.04411609029795707,0.9999999998399289,896,1,0.043105703422053235,0.04220432019352241,tiles_2s,Tiles (2s),896,0.9999999998399289,896,1,0.04220432019352241,0.043105703422053235,0.0999999999839929,True,False,False,True,0,0.042204320430755615,1.0,0.7182475,0.7748301999999999,0.7039999961853027,0.7634431868791579,0.032596,0.0347986,22.034835562645725,True,True,False,0.0,0.0,True,0,0.0,0.0
340,2,0250c8d2f1e499db1f3ead3dffa53a9be983dd1aa2ab5af76249342b4679d5b1,40,model.layers.0.mlp.gate_proj,gate_proj,0,0.7413590559683271,896x4864,2,896,4864,9.5,0,0.5,0.5000000009604264,0.25,224,False,False,0.3118684648652561,224,0.44568719619669245,0.5181411366793327,409,22,0.7753736720073885,0.7836447732752756,tiles_half_s,Tiles (s/2),12,0.505433740967419,408,17,0.7621355352096487,0.7681414477872848,0.005433740006992593,True,False,False,True,6,0.7621355652809143,0.5054342150688171,0.684885,0.7374657,0.6743199825286865,0.7250944048166275,0.1086375,0.1152497,6.304314808422506,True,True,False,0.932740494190365,2.744768905396777,True,6,0.0,0.0
340,2,0250c8d2f1e499db1f3ead3dffa53a9be983dd1aa2ab5af76249342b4679d5b1,40,model.layers.0.mlp.gate_proj,gate_proj,0,0.7413590559683271,896x4864,2,896,4864,9.5,0,0.5,0.5000000009604264,0.25,224,False,False,0.3118684648652561,224,0.44568719619669245,0.5181411366793327,409,22,0.7753736720073885,0.7836447732752756,tiles_s,Tiles (s),25,0.5138853932148777,425,7,0.7505586147162641,0.7687881344620311,0.01388539225445129,True,False,False,True,0,0.750558614730835,0.5138853788375854,0.7292585,0.7781607,0.7152640223503113,0.7655935883522034,0.065217,0.0723041,11.182030758851221,True,True,False,0.8493372657737863,4.222086293095096,True,0,0.0,0.0
340,2,0250c8d2f1e499db1f3ead3dffa53a9be983dd1aa2ab5af76249342b4679d5b1,40,model.layers.0.mlp.gate_proj,gate_proj,0,0.7413590559683271,896x4864,2,896,4864,9.5,0,0.5,0.5000000009604264,0.25,224,False,False,0.3118684648652561,224,0.44568719619669245,0.5181411366793327,409,22,0.7753736720073885,0.7836447732752756,tiles_2s,Tiles (2s),50,0.531611424870789,450,3,0.7947091214642796,0.81180580693816,0.031611423910362646,True,False,False,True,25,0.7947091460227966,0.5316113829612732,0.7383755000000001,0.8569969499999999,0.7260159850120544,0.8445920169353484,0.047994499999999995,0.07130939999999994,15.384585733781998,True,True,False,-4.6986551447447455,-1.411908630840486,False,0,1.1102230246251565e-16,1.1102230246251565e-16
340,2,0250c8d2f1e499db1f3ead3dffa53a9be983dd1aa2ab5af76249342b4679d5b1,40,model.layers.0.mlp.gate_proj,gate_proj,0,0.7413590559683271,896x4864,2,896,4864,9.5,1,0.7,0.700000001344597,0.5,448,False,False,0.5619201970403083,448,0.8598013518068949,0.7080290714511648,589,28,1.1032983570108745,1.1093458909762908,tiles_half_s,Tiles (s/2),12,0.7092980660381727,600,15,1.077172122607769,1.0950182892608749,0.009298064693575747,True,False,False,True,0,1.077172040939331,0.7092983722686768,0.73306,0.8806968999999999,0.7183359861373901,0.8675328046083449,0.118166,0.13787509999999997,6.203645718734662,True,True,False,0.7504831034492399,2.900246769761494,True,0,0.0,0.0
340,2,0250c8d2f1e499db1f3ead3dffa53a9be983dd1aa2ab5af76249342b4679d5b1,40,model.layers.0.mlp.gate_proj,gate_proj,0,0.7413590559683271,896x4864,2,896,4864,9.5,1,0.7,0.700000001344597,0.5,448,False,False,0.5619201970403083,448,0.8598013518068949,0.7080290714511648,589,28,1.1032983570108745,1.1093458909762908,tiles_s,Tiles (s),25,0.7022998982574791,600,8,1.0596121619523728,1.0839697301828732,0.0022998969128821267,True,False,False,True,12,1.0596121549606323,0.702299952507019,0.728151,0.9215742499999999,0.7132160067558289,0.9064959824085235,0.0695595,0.1391865499999999,10.468030966295043,True,True,False,1.7518948256541989,4.483157996839859,True,12,0.0,0.0
340,2,0250c8d2f1e499db1f3ead3dffa53a9be983dd1aa2ab5af76249342b4679d5b1,40,model.layers.0.mlp.gate_proj,gate_proj,0,0.7413590559683271,896x4864,2,896,4864,9.5,1,0.7,0.700000001344597,0.5,448,False,False,0.5619201970403083,448,0.8598013518068949,0.7080290714511648,589,28,1.1032983570108745,1.1093458909762908,tiles_2s,Tiles (2s),50,0.720068312890362,625,4,1.1037626687003883,1.1275080651918887,0.02006831154576505,True,False,False,True,25,1.1037627458572388,0.7200682759284973,0.708604,0.8498610499999999,0.6958080232143402,0.8359424024820327,0.0511555,0.06064329999999999,13.851961177195024,True,True,False,-2.194302930587577,0.5032895800415216,True,25,0.0,0.0
340,2,0250c8d2f1e499db1f3ead3dffa53a9be983dd1aa2ab5af76249342b4679d5b1,40,model.layers.0.mlp.gate_proj,gate_proj,0,0.7413590559683271,896x4864,2,896,4864,9.5,2,0.9,0.9000000017287676,0.75,672,False,False,0.7913414213107899,672,1.2353167993828533,0.9063736448297277,794,25,1.4547174524620874,1.446073044189006,tiles_half_s,Tiles (s/2),12,0.9006694027339108,792,7,1.4047917834167083,1.4340535653371722,0.0006694010051432331,True,False,False,True,6,1.4047918319702148,0.9006693363189697,0.6410425,0.7869758499999999,0.6312960088253021,0.7735808104276657,0.1237665,0.13390095,5.179450820698654,True,True,False,1.420474270789962,2.8547147696435515,True,6,0.0,0.0
340,2,0250c8d2f1e499db1f3ead3dffa53a9be983dd1aa2ab5af76249342b4679d5b1,40,model.layers.0.mlp.gate_proj,gate_proj,0,0.7413590559683271,896x4864,2,896,4864,9.5,2,0.9,0.9000000017287676,0.75,672,False,False,0.7913414213107899,672,1.2353167993828533,0.9063736448297277,794,25,1.4547174524620874,1.446073044189006,tiles_s,Tiles (s),25,0.905822666711174,800,4,1.412816215936497,1.4432103234456175,0.005822664982406356,True,False,False,True,0,1.4128162860870361,0.9058226346969604,0.7100869999999999,0.82466065,0.6978560090065002,0.8107520014047622,0.0721145,0.08317605,9.8466605190357,True,True,False,0.7910215827131362,2.2998027925456688,True,0,0.0,0.0
340,2,0250c8d2f1e499db1f3ead3dffa53a9be983dd1aa2ab5af76249342b4679d5b1,40,model.layers.0.mlp.gate_proj,gate_proj,0,0.7413590559683271,896x4864,2,896,4864,9.5,2,0.9,0.9000000017287676,0.75,672,False,False,0.7913414213107899,672,1.2353167993828533,0.9063736448297277,794,25,1.4547174524620874,1.446073044189006,tiles_2s,Tiles (2s),50,0.9008090170100331,796,2,1.4057521348568147,1.4359942718283893,0.0008090152812655349,True,False,False,True,0,1.405752182006836,0.9008088707923889,0.6331785000000001,0.82444165,0.6231040060520172,0.8119808107614517,0.051276,0.055175499999999995,12.34843786566815,True,True,False,1.2870664747995808,2.7883037785829234,True,0,0.0,0.0
342,2,0250c8d2f1e499db1f3ead3dffa53a9be983dd1aa2ab5af76249342b4679d5b1,40,model.layers.0.mlp.down_proj,down_proj,0,0.6415078038044538,4864x896,3,4864,896,1.75,0,0.5,0.5000000007657945,0.25,1216,False,False,0.2794357437196595,1212,0.42748588135987386,0.5069244893529685,2292,19,0.7799770826454173,0.7754936711150033,tiles_half_s,Tiles (s/2),68,0.5026758850835904,2312,16,0.790592234844997,0.7959993703789707,0.0026758843177958624,True,False,False,True,34,0.7905922532081604,0.5026757717132568,0.726012,0.8234704499999999,0.7137280106544495,0.8111104130744933,0.1255045,0.1812315,5.78474875402874,True,True,False,-2.0541998079240065,-1.946961566853922,True,34,0.0,0.0
342,2,0250c8d2f1e499db1f3ead3dffa53a9be983dd1aa2ab5af76249342b4679d5b1,40,model.layers.0.mlp.down_proj,down_proj,0,0.6415078038044538,4864x896,3,4864,896,1.75,0,0.5,0.5000000007657945,0.25,1216,False,False,0.2794357437196595,1212,0.42748588135987386,0.5069244893529685,2292,19,0.7799770826454173,0.7754936711150033,tiles_s,Tiles (s),135,0.5190936787294049,2430,10,0.7905264418776252,0.8055568656225777,0.01909367796361039,True,False,False,True,0,0.7905264496803284,0.5190937519073486,0.7206870000000001,0.7945730499999999,0.707584023475647,0.7606783777475357,0.0853995,0.13287505,8.439007254140833,True,True,False,-3.2795557134066566,-1.938477555981577,True,0,0.0,0.0
342,2,0250c8d2f1e499db1f3ead3dffa53a9be983dd1aa2ab5af76249342b4679d5b1,40,model.layers.0.mlp.down_proj,down_proj,0,0.6415078038044538,4864x896,3,4864,896,1.75,0,0.5,0.5000000007657945,0.25,1216,False,False,0.2794357437196595,1212,0.42748588135987386,0.5069244893529685,2292,19,0.7799770826454173,0.7754936711150033,tiles_2s,Tiles (2s),270,0.5155085977821727,2430,3,0.7905264418776252,0.80753314479638,0.01550859701637819,True,False,False,True,0,0.7905265092849731,0.5155086517333984,0.7339975000000001,0.9607654999999999,0.7173119783401489,0.9461760073900222,0.06428,0.07038005,11.4187538892346,True,True,False,-3.5329322827668097,-1.938477555981577,True,0,0.0,0.0
342,2,0250c8d2f1e499db1f3ead3dffa53a9be983dd1aa2ab5af76249342b4679d5b1,40,model.layers.0.mlp.down_proj,down_proj,0,0.6415078038044538,4864x896,3,4864,896,1.75,1,0.7,0.7000000010721124,0.5,2432,False,False,0.5366579512883618,2430,0.8342362161152542,0.7151299213946913,3312,26,1.1241471791713382,1.1173672630116338,tiles_half_s,Tiles (s/2),68,0.7078620304419019,3332,18,1.1224181487195557,1.1351111999193544,0.007862029369789525,True,False,False,True,34,1.1224181652069092,0.7078619003295898,0.7231265,0.7620402,0.7106559872627258,0.749567985534668,0.130068,0.18585625,5.559603438201557,True,True,False,-0.9753189752340408,-0.4520345167718931,True,34,0.0,0.0
342,2,0250c8d2f1e499db1f3ead3dffa53a9be983dd1aa2ab5af76249342b4679d5b1,40,model.layers.0.mlp.down_proj,down_proj,0,0.6415078038044538,4864x896,3,4864,896,1.75,1,0.7,0.7000000010721124,0.5,2432,False,False,0.5366579512883618,2430,0.8342362161152542,0.7151299213946913,3312,26,1.1241471791713382,1.1173672630116338,tiles_s,Tiles (s),135,0.7105348015829804,3375,9,1.0979533914967017,1.1198798586396497,0.010534800510868081,True,False,False,True,67,1.09795343875885,0.7105348110198975,0.7114495000000001,0.7500471,0.6973440051078796,0.7347712129354477,0.0873985,0.14375054999999998,8.140294169808406,True,True,False,0.37960514519408406,1.7374655726538846,True,67,0.0,0.0
342,2,0250c8d2f1e499db1f3ead3dffa53a9be983dd1aa2ab5af76249342b4679d5b1,40,model.layers.0.mlp.down_proj,down_proj,0,0.6415078038044538,4864x896,3,4864,896,1.75,1,0.7,0.7000000010721124,0.5,2432,False,False,0.5366579512883618,2430,0.8342362161152542,0.7151299213946913,3312,26,1.1241471791713382,1.1173672630116338,tiles_2s,Tiles (2s),270,0.7071660217443423,3375,6,1.0979533914967017,1.1215738122171945,0.0071660206722299336,True,False,False,True,135,1.09795343875885,0.7071660161018372,0.7110540000000001,0.7747646999999999,0.6998400092124939,0.7593472152948378,0.068027,0.07831909999999997,10.45252620283123,True,True,False,0.22891726295489745,1.7374655726538846,True,135,0.0,0.0
342,2,0250c8d2f1e499db1f3ead3dffa53a9be983dd1aa2ab5af76249342b4679d5b1,40,model.layers.0.mlp.down_proj,down_proj,0,0.6415078038044538,4864x896,3,4864,896,1.75,2,0.9,0.9000000013784302,0.75,3648,False,False,0.7801494846899004,3648,1.2387184444544335,0.9068688307852426,4320,34,1.485075128114825,1.4743290101597608,tiles_half_s,Tiles (s/2),68,0.9043541574537812,4352,6,1.4212839225404028,1.450244999324529,0.004354156075351057,True,False,False,True,34,1.4212839603424072,0.9043540954589844,0.718959,0.7413896,0.7070720195770264,0.7260511934757232,0.1339805,0.16410304999999994,5.366146566104769,True,True,False,2.345344564117091,3.597913847846612,False,0,-2.220446049250313e-16,2.220446049250313e-16
342,2,0250c8d2f1e499db1f3ead3dffa53a9be983dd1aa2ab5af76249342b4679d5b1,40,model.layers.0.mlp.down_proj,down_proj,0,0.6415078038044538,4864x896,3,4864,896,1.75,2,0.9,0.9000000013784302,0.75,3648,False,False,0.7801494846899004,3648,1.2387184444544335,0.9068688307852426,4320,34,1.485075128114825,1.4743290101597608,tiles_s,Tiles (s),135,0.9219766337882902,4455,3,1.4492984767756463,1.4801951065304393,0.02197663240986003,True,False,False,True,67,1.4492985010147095,0.9219766855239868,0.7013054999999999,0.74203275,0.6901760101318359,0.7296512126922607,0.0895675,0.1070091,7.829910402768861,True,True,False,0.3286043575842723,1.6977576383308213,True,67,0.0,0.0
342,2,0250c8d2f1e499db1f3ead3dffa53a9be983dd1aa2ab5af76249342b4679d5b1,40,model.layers.0.mlp.down_proj,down_proj,0,0.6415078038044538,4864x896,3,4864,896,1.75,2,0.9,0.9000000013784302,0.75,3648,False,False,0.7801494846899004,3648,1.2387184444544335,0.9068688307852426,4320,34,1.485075128114825,1.4743290101597608,tiles_2s,Tiles (2s),270,0.9469438839114446,4590,2,1.4932166124355142,1.5253403846153846,0.0469438825330144,True,False,False,True,0,1.493216633796692,0.9469437599182129,0.7231065,0.7881384499999999,0.7096319794654846,0.7744000047445295,0.06930900000000001,0.07653005,10.4330822836861,True,True,False,-2.71132791454618,-1.281098190810659,True,0,0.0,0.0
352,2,0250c8d2f1e499db1f3ead3dffa53a9be983dd1aa2ab5af76249342b4679d5b1,40,model.layers.2.self_attn.v_proj,v_proj,0,0.9400021567636112,896x128,1,896,128,0.25,0,0.5,0.5000000006111804,0.25,224,False,False,0.2705547376826871,224,0.018949429657794677,0.8305186564102769,736,1,0.03559616,0.03664651603113517,tiles_half_s,Tiles (s/2),472,0.5160439816536382,472,1,0.02747613916319621,0.02632202643171806,0.016043981042457744,True,False,False,True,236,0.02747613936662674,0.516044020652771,0.64761,0.7278599,0.6374399960041046,0.715622392296791,0.0324155,0.035827649999999996,19.978405392481992,True,True,False,26.05374728139761,25.023870918991953,True,236,0.0,0.0
352,2,0250c8d2f1e499db1f3ead3dffa53a9be983dd1aa2ab5af76249342b4679d5b1,40,model.layers.2.self_attn.v_proj,v_proj,0,0.9400021567636112,896x128,1,896,128,0.25,0,0.5,0.5000000006111804,0.25,224,False,False,0.2705547376826871,224,0.018949429657794677,0.8305186564102769,736,1,0.03559616,0.03664651603113517,tiles_s,Tiles (s),896,0.5013246168964542,448,1,0.026642468538838122,0.025773178458289338,0.0013246162852738053,True,False,False,True,448,0.026642467826604843,0.5013245940208435,0.711179,0.7854520999999999,0.6983680129051208,0.7726592034101486,0.0329715,0.03887439999999999,21.569506998468373,True,True,False,27.59562138643793,27.298768275263953,True,448,0.0,0.0
352,2,0250c8d2f1e499db1f3ead3dffa53a9be983dd1aa2ab5af76249342b4679d5b1,40,model.layers.2.self_attn.v_proj,v_proj,0,0.9400021567636112,896x128,1,896,128,0.25,0,0.5,0.5000000006111804,0.25,224,False,False,0.2705547376826871,224,0.018949429657794677,0.8305186564102769,736,1,0.03559616,0.03664651603113517,tiles_2s,Tiles (2s),896,0.5013246168964542,448,1,0.026642468538838122,0.025773178458289338,0.0013246162852738053,True,False,False,True,448,0.026642467826604843,0.5013245940208435,0.677261,0.8168885499999999,0.667600005865097,0.8013823896646499,0.032214999999999994,0.035494649999999996,21.023156914480836,True,True,False,27.59562138643793,27.298768275263953,True,448,0.0,0.0
352,2,0250c8d2f1e499db1f3ead3dffa53a9be983dd1aa2ab5af76249342b4679d5b1,40,model.layers.2.self_attn.v_proj,v_proj,0,0.9400021567636112,896x128,1,896,128,0.25,1,0.7,0.7000000008556526,0.5,448,True,False,0.5154095985926688,448,0.03634124909539145,0.8305186564102769,736,1,0.03559616,0.03664651603113517,tiles_half_s,Tiles (s/2),472,0.7977583751198836,708,1,0.0356739003027174,0.03657105263157895,0.09775837426423095,True,False,False,True,236,0.035673901438713074,0.7977583408355713,0.720101,0.7540939,0.706032007932663,0.7416832119226455,0.033518000000000006,0.0369961,21.48400859239811,True,True,False,-2.7387578648341515,2.654046915650654,True,236,0.0,0.0
352,2,0250c8d2f1e499db1f3ead3dffa53a9be983dd1aa2ab5af76249342b4679d5b1,40,model.layers.2.self_attn.v_proj,v_proj,0,0.9400021567636112,896x128,1,896,128,0.25,1,0.7,0.7000000008556526,0.5,448,True,False,0.5154095985926688,448,0.03634124909539145,0.8305186564102769,736,1,0.03559616,0.03664651603113517,tiles_s,Tiles (s),896,1.0000000012223609,896,1,0.04220432019352241,0.043105703422053235,0.30000000036670826,True,False,False,True,0,0.042204320430755615,1.0,0.6271519999999999,0.7973299999999999,0.6174240112304688,0.7828479886054992,0.0326055,0.035524599999999996,19.234546318872578,True,True,False,-21.09649867304011,-15.165982375146637,True,0,0.0,0.0
352,2,0250c8d2f1e499db1f3ead3dffa53a9be983dd1aa2ab5af76249342b4679d5b1,40,model.layers.2.self_attn.v_proj,v_proj,0,0.9400021567636112,896x128,1,896,128,0.25,1,0.7,0.7000000008556526,0.5,448,True,False,0.5154095985926688,448,0.03634124909539145,0.8305186564102769,736,1,0.03559616,0.03664651603113517,tiles_2s,Tiles (2s),896,1.0000000012223609,896,1,0.04220432019352241,0.043105703422053235,0.30000000036670826,True,False,False,True,0,0.042204320430755615,1.0,0.6965764999999999,0.71816775,0.6835199892520905,0.7056384086608887,0.03225,0.03462055,21.599271317829455,True,True,False,-21.09649867304011,-15.165982375146637,True,0,0.0,0.0
352,2,0250c8d2f1e499db1f3ead3dffa53a9be983dd1aa2ab5af76249342b4679d5b1,40,model.layers.2.self_attn.v_proj,v_proj,0,0.9400021567636112,896x128,1,896,128,0.25,2,0.9,0.9000000011001248,0.75,672,False,False,0.7687812063086312,672,0.04411609029795707,0.9688667742302641,864,1,0.04185874769797422,0.041092759361044964,tiles_half_s,Tiles (s/2),472,1.0000000012223609,896,1,0.04220432019352241,0.043105703422053235,0.10000000012223609,True,False,False,True,0,0.042204320430755615,1.0,0.7061299999999999,0.75989175,0.694271981716156,0.7349759936332703,0.033763,0.039414,20.91431448627195,True,True,False,-2.9789608926579447,-2.70500411693253,True,0,0.0,0.0
352,2,0250c8d2f1e499db1f3ead3dffa53a9be983dd1aa2ab5af76249342b4679d5b1,40,model.layers.2.self_attn.v_proj,v_proj,0,0.9400021567636112,896x128,1,896,128,0.25,2,0.9,0.9000000011001248,0.75,672,False,False,0.7687812063086312,672,0.04411609029795707,0.9688667742302641,864,1,0.04185874769797422,0.041092759361044964,tiles_s,Tiles (s),896,1.0000000012223609,896,1,0.04220432019352241,0.043105703422053235,0.10000000012223609,True,False,False,True,0,0.042204320430755615,1.0,0.7060150000000001,0.7400662,0.693664014339447,0.7278591930866241,0.032601000000000005,0.035953549999999994,21.656237538725804,True,True,False,-2.9789608926579447,-2.70500411693253,True,0,0.0,0.0
352,2,0250c8d2f1e499db1f3ead3dffa53a9be983dd1aa2ab5af76249342b4679d5b1,40,model.layers.2.self_attn.v_proj,v_proj,0,0.9400021567636112,896x128,1,896,128,0.25,2,0.9,0.9000000011001248,0.75,672,False,False,0.7687812063086312,672,0.04411609029795707,0.9688667742302641,864,1,0.04185874769797422,0.041092759361044964,tiles_2s,Tiles (2s),896,1.0000000012223609,896,1,0.04220432019352241,0.043105703422053235,0.10000000012223609,True,False,False,True,0,0.042204320430755615,1.0,0.7070015000000001,0.73392715,0.6952959895133972,0.7214592099189758,0.032621,0.036252099999999995,21.673201312038263,True,True,False,-2.9789608926579447,-2.70500411693253,True,0,0.0,0.0
353,2,0250c8d2f1e499db1f3ead3dffa53a9be983dd1aa2ab5af76249342b4679d5b1,40,model.layers.2.self_attn.o_proj,o_proj,0,0.6244605573621618,896x896,0,896,896,1.75,0,0.5,0.4999999997235136,0.25,224,False,False,0.33764932421036065,224,0.08766860907897622,0.5598877357842866,392,4,0.13638295215858373,0.1396388089215566,tiles_half_s,Tiles (s/2),68,0.5566465878800955,408,3,0.13822372222544216,0.13958215032168014,0.056646588156581856,True,False,False,True,0,0.13822372257709503,0.5566465854644775,0.6395204999999999,0.7221788,0.6282240152359009,0.7102464109659195,0.044528,0.05282314999999998,14.362210294646065,True,True,False,-2.3457463799261724,1.0133906949244986,True,0,0.0,0.0
353,2,0250c8d2f1e499db1f3ead3dffa53a9be983dd1aa2ab5af76249342b4679d5b1,40,model.layers.2.self_attn.o_proj,o_proj,0,0.6244605573621618,896x896,0,896,896,1.75,0,0.5,0.4999999997235136,0.25,224,False,False,0.33764932421036065,224,0.08766860907897622,0.5598877357842866,392,4,0.13638295215858373,0.1396388089215566,tiles_s,Tiles (s),135,0.5384381395706441,405,2,0.1317544069796042,0.13430653186980585,0.038438139847130515,True,False,False,True,0,0.13175441324710846,0.5384380221366882,0.7242835,0.7938740499999999,0.711679995059967,0.7809359967708587,0.03733,0.04029915,19.40218323064559,True,True,False,1.5224925519748744,5.646282722435392,True,0,0.0,0.0
353,2,0250c8d2f1e499db1f3ead3dffa53a9be983dd1aa2ab5af76249342b4679d5b1,40,model.layers.2.self_attn.o_proj,o_proj,0,0.6244605573621618,896x896,0,896,896,1.75,0,0.5,0.4999999997235136,0.25,224,False,False,0.33764932421036065,224,0.08766860907897622,0.5598877357842866,392,4,0.13638295215858373,0.1396388089215566,tiles_2s,Tiles (2s),270,0.5207447475695517,405,1,0.13175440697960422,0.13458885746606333,0.02074474784603808,True,False,False,True,135,0.13175441324710846,0.5207447409629822,0.7019774999999999,0.7704962999999999,0.6876800060272217,0.7582208126783371,0.034489,0.04039239999999999,20.353663486908868,True,True,False,1.3154831041010562,5.6462827224353695,True,135,0.0,0.0
353,2,0250c8d2f1e499db1f3ead3dffa53a9be983dd1aa2ab5af76249342b4679d5b1,40,model.layers.2.self_attn.o_proj,o_proj,0,0.6244605573621618,896x896,0,896,896,1.75,1,0.7,0.699999999612919,0.5,448,True,False,0.6336008304206189,448,0.1595679331471769,0.7839358720520977,612,6,0.21146356389009124,0.21529390775284152,tiles_half_s,Tiles (s/2),68,0.7143943486444186,544,2,0.18246717740871665,0.18463012135109697,0.01439434903149961,True,False,False,True,0,0.18246717751026154,0.7143943905830383,0.7082835000000001,0.75299275,0.6963199973106384,0.7358463943004607,0.045078999999999994,0.051387699999999994,15.71204995674261,True,True,False,12.689392936241738,15.247403276181004,True,0,0.0,0.0
353,2,0250c8d2f1e499db1f3ead3dffa53a9be983dd1aa2ab5af76249342b4679d5b1,40,model.layers.2.self_attn.o_proj,o_proj,0,0.6244605573621618,896x896,0,896,896,1.75,1,0.7,0.699999999612919,0.5,448,True,False,0.6336008304206189,448,0.1595679331471769,0.7839358720520977,612,6,0.21146356389009124,0.21529390775284152,tiles_s,Tiles (s),135,0.7789501797815319,607,1,0.1974689507077031,0.2017171271158036,0.07895018016861288,True,False,False,True,67,0.19746895134449005,0.7789502143859863,0.632673,0.70993315,0.6215360164642334,0.698470413684845,0.037836,0.04121305,16.721455756422454,True,True,False,4.6090383586618096,8.279359704688705,True,67,0.0,0.0
353,2,0250c8d2f1e499db1f3ead3dffa53a9be983dd1aa2ab5af76249342b4679d5b1,40,model.layers.2.self_attn.o_proj,o_proj,0,0.6244605573621618,896x896,0,896,896,1.75,1,0.7,0.699999999612919,0.5,448,True,False,0.6336008304206189,448,0.1595679331471769,0.7839358720520977,612,6,0.21146356389009124,0.21529390775284152,tiles_2s,Tiles (2s),270,0.8303164840908721,675,1,0.21959067829934034,0.22431476244343893,0.13031648447795308,True,False,False,True,135,0.2195906788110733,0.8303164839744568,0.6998625,0.7178807500000001,0.6845439970493317,0.7062016129493713,0.035697,0.04364939999999999,19.605639129338602,True,True,False,-6.077263769198149,-1.9957696858898366,True,135,0.0,0.0
353,2,0250c8d2f1e499db1f3ead3dffa53a9be983dd1aa2ab5af76249342b4679d5b1,40,model.layers.2.self_attn.o_proj,o_proj,0,0.6244605573621618,896x896,0,896,896,1.75,2,0.9,0.8999999995023246,0.75,672,False,False,0.8360626191133633,672,0.2359358808409438,0.9036921721999533,752,5,0.2533260660894506,0.2519178054026687,tiles_half_s,Tiles (s/2),68,0.928813619306311,782,2,0.25439986730382835,0.26002010589366015,0.028813619803986446,True,False,False,True,34,0.2543998658657074,0.928813636302948,0.633459,0.7637030499999999,0.6236159801483154,0.7506431877613068,0.0459455,0.0494055,13.787182640302097,True,True,False,-2.6424599361385415,-0.9852665623187207,True,34,0.0,0.0
353,2,0250c8d2f1e499db1f3ead3dffa53a9be983dd1aa2ab5af76249342b4679d5b1,40,model.layers.2.self_attn.o_proj,o_proj,0,0.6244605573621618,896x896,0,896,896,1.75,2,0.9,0.8999999995023246,0.75,672,False,False,0.8360626191133633,672,0.2359358808409438,0.9036921721999533,752,5,0.2533260660894506,0.2519178054026687,tiles_s,Tiles (s),135,0.9394853778067045,810,1,0.26350881395920844,0.26917771493212667,0.039485378304379926,True,False,False,True,0,0.2635088264942169,0.9394853711128235,0.7113845,0.7314516,0.6983680129051208,0.7189503908157349,0.039013,0.04193105,18.23455002178761,True,True,False,-6.257409309422912,-4.601107308795616,True,0,0.0,0.0
353,2,0250c8d2f1e499db1f3ead3dffa53a9be983dd1aa2ab5af76249342b4679d5b1,40,model.layers.2.self_attn.o_proj,o_proj,0,0.6244605573621618,896x896,0,896,896,1.75,2,0.9,0.8999999995023246,0.75,672,False,False,0.8360626191133633,672,0.2359358808409438,0.9036921721999533,752,5,0.2533260660894506,0.2519178054026687,tiles_2s,Tiles (2s),270,0.9394853778067045,810,1,0.26350881395920844,0.26917771493212667,0.039485378304379926,True,False,False,True,0,0.2635088264942169,0.9394853711128235,0.7080930000000001,0.7386212999999999,0.6963199973106384,0.7269888192415237,0.034950999999999996,0.03868555,20.259592000228896,True,True,False,-6.257409309422912,-4.601107308795616,True,0,0.0,0.0
355,2,0250c8d2f1e499db1f3ead3dffa53a9be983dd1aa2ab5af76249342b4679d5b1,40,model.layers.2.mlp.up_proj,up_proj,0,0.5330987694616177,896x4864,2,896,4864,9.5,0,0.5,0.4999999796724879,0.25,224,False,False,0.29970215098001063,224,0.4333314510294583,0.5099088322021998,413,20,0.7700294188654616,0.7762007585193499,tiles_half_s,Tiles (s/2),12,0.5096409768448211,420,16,0.7886802798249399,0.7918494590636088,0.009640997172333243,True,False,False,True,0,0.7886802554130554,0.5096410512924194,0.7177915,0.7675989999999999,0.7060480117797852,0.7518719911575317,0.10705,0.1162322,6.705198505371322,True,True,False,-2.8336631904656517,-1.6077697900470422,True,0,0.0,0.0
355,2,0250c8d2f1e499db1f3ead3dffa53a9be983dd1aa2ab5af76249342b4679d5b1,40,model.layers.2.mlp.up_proj,up_proj,0,0.5330987694616177,896x4864,2,896,4864,9.5,0,0.5,0.4999999796724879,0.25,224,False,False,0.29970215098001063,224,0.4333314510294583,0.5099088322021998,413,20,0.7700294188654616,0.7762007585193499,tiles_s,Tiles (s),25,0.5090594483772293,425,11,0.7505586147162641,0.7703501220606912,0.009059468704741391,True,False,False,True,12,0.750558614730835,0.5090591907501221,0.710508,0.77986625,0.6978560090065002,0.7614976167678833,0.06531200000000001,0.07203605,10.878674669279764,True,True,False,-0.041648174390807036,3.3035453162916006,True,12,0.0,0.0
355,2,0250c8d2f1e499db1f3ead3dffa53a9be983dd1aa2ab5af76249342b4679d5b1,40,model.layers.2.mlp.up_proj,up_proj,0,0.5330987694616177,896x4864,2,896,4864,9.5,0,0.5,0.4999999796724879,0.25,224,False,False,0.29970215098001063,224,0.4333314510294583,0.5099088322021998,413,20,0.7700294188654616,0.7762007585193499,tiles_2s,Tiles (2s),50,0.5286974885384552,450,5,0.7947091214642795,0.8118058069381598,0.028697508865967336,True,False,False,True,25,0.7947092056274414,0.5286973714828491,0.713028,0.7576492999999999,0.6992320120334625,0.7274496227502822,0.0487265,0.05649134999999999,14.633269370876217,True,True,False,-5.425297663854245,-2.3844814298088934,True,25,0.0,0.0
355,2,0250c8d2f1e499db1f3ead3dffa53a9be983dd1aa2ab5af76249342b4679d5b1,40,model.layers.2.mlp.up_proj,up_proj,0,0.5330987694616177,896x4864,2,896,4864,9.5,1,0.7,0.699999971541483,0.5,448,False,False,0.5487196897738613,448,0.8375029121838844,0.7179656203952618,608,26,1.1232825803119872,1.1230396788929307,tiles_half_s,Tiles (s/2),12,0.7000686416286044,600,16,1.0847783087740104,1.1067246117896279,6.867008712141409e-05,True,False,False,True,0,1.0847783088684082,0.7000687718391418,0.638408,0.7908915499999999,0.6277120113372803,0.7760896027088164,0.112721,0.11819854999999999,5.6636119267927,True,True,False,1.4740697321025342,3.4069473089888946,True,0,0.0,0.0
355,2,0250c8d2f1e499db1f3ead3dffa53a9be983dd1aa2ab5af76249342b4679d5b1,40,model.layers.2.mlp.up_proj,up_proj,0,0.5330987694616177,896x4864,2,896,4864,9.5,1,0.7,0.699999971541483,0.5,448,False,False,0.5487196897738613,448,0.8375029121838844,0.7179656203952618,608,26,1.1232825803119872,1.1230396788929307,tiles_s,Tiles (s),25,0.7222231951048599,625,8,1.1037626687003883,1.1285493902576622,0.022223223563376915,True,False,False,True,0,1.1037626266479492,0.7222232818603516,0.70111,0.7329439,0.6856159865856171,0.7208447992801666,0.06874849999999999,0.07446955,10.198186142243106,True,True,False,-0.46887666896890945,1.7165030367889744,True,0,0.0,0.0
355,2,0250c8d2f1e499db1f3ead3dffa53a9be983dd1aa2ab5af76249342b4679d5b1,40,model.layers.2.mlp.up_proj,up_proj,0,0.5330987694616177,896x4864,2,896,4864,9.5,1,0.7,0.699999971541483,0.5,448,False,False,0.5487196897738613,448,0.8375029121838844,0.7179656203952618,608,26,1.1232825803119872,1.1230396788929307,tiles_2s,Tiles (2s),50,0.7425661182818004,650,4,1.1479131754484038,1.1726083877995643,0.042566146740317445,True,False,False,True,25,1.1479132175445557,0.7425661087036133,0.7179070000000001,0.7559311,0.7045120000839233,0.7428096204996109,0.049933,0.05358755,14.37740572366972,True,True,False,-4.391219836586191,-2.214836841739465,True,25,0.0,0.0
355,2,0250c8d2f1e499db1f3ead3dffa53a9be983dd1aa2ab5af76249342b4679d5b1,40,model.layers.2.mlp.up_proj,up_proj,0,0.5330987694616177,896x4864,2,896,4864,9.5,2,0.9,0.8999999634104782,0.75,672,False,False,0.7848625410697423,672,1.2518314785263507,0.9049111628555693,794,25,1.450423883406561,1.4375982503432865,tiles_half_s,Tiles (s/2),12,0.9093061896595174,804,7,1.4202559111478459,1.452034119413531,0.009306226249039207,True,False,False,True,0,1.4202558994293213,0.9093062281608582,0.7057184999999999,0.7278775,0.694271981716156,0.7168672263622284,0.1175995,0.12517175,6.001033167658025,True,True,False,-0.11101830474469221,1.206341145121692,True,0,0.0,0.0
355,2,0250c8d2f1e499db1f3ead3dffa53a9be983dd1aa2ab5af76249342b4679d5b1,40,model.layers.2.mlp.up_proj,up_proj,0,0.5330987694616177,896x4864,2,896,4864,9.5,2,0.9,0.8999999634104782,0.75,672,False,False,0.7848625410697423,672,1.2518314785263507,0.9049111628555693,794,25,1.450423883406561,1.4375982503432865,tiles_s,Tiles (s),25,0.9032899321173318,800,4,1.412816215936497,1.4432103234456175,0.0032899687068536076,True,False,False,True,12,1.4128161668777466,0.9032899141311646,0.713794,0.7486766499999999,0.7004160284996033,0.7348223865032195,0.070286,0.07630445,10.155564408274763,True,True,False,0.49734150433329294,1.7238497891098437,False,0,0.0,0.0
355,2,0250c8d2f1e499db1f3ead3dffa53a9be983dd1aa2ab5af76249342b4679d5b1,40,model.layers.2.mlp.up_proj,up_proj,0,0.5330987694616177,896x4864,2,896,4864,9.5,2,0.9,0.8999999634104782,0.75,672,False,False,0.7848625410697423,672,1.2518314785263507,0.9049111628555693,794,25,1.450423883406561,1.4375982503432865,tiles_2s,Tiles (2s),50,0.9013938779565507,800,2,1.412816215936497,1.4432103234456175,0.0013939145460725166,True,False,False,True,25,1.4128162860870361,0.9013938903808594,0.711179,0.7729358499999999,0.6993920207023621,0.7539712011814116,0.051281,0.05664274999999999,13.868274799633392,True,True,False,0.49734150433329294,1.7238497891098437,True,25,0.0,0.0
356,2,0250c8d2f1e499db1f3ead3dffa53a9be983dd1aa2ab5af76249342b4679d5b1,40,model.layers.2.mlp.down_proj,down_proj,0,8.536133580610487,4864x896,3,4864,896,1.75,0,0.5,0.5000000002510205,0.25,1216,False,False,0.36074837474006927,1212,0.43216284245826114,0.5088510926652816,2004,18,0.692399511017062,0.6867315838520707,tiles_half_s,Tiles (s/2),68,0.5073416371233179,2040,16,0.702105324478448,0.7054615294425756,0.007341636872297386,True,False,False,True,34,0.7021052837371826,0.5073415040969849,0.7136389999999999,0.73471,0.7004160284996033,0.7204352021217346,0.117755,0.122688,6.0603711095070265,True,True,False,-1.886485795798265,-2.238682621839194,True,34,0.0,0.0
356,2,0250c8d2f1e499db1f3ead3dffa53a9be983dd1aa2ab5af76249342b4679d5b1,40,model.layers.2.mlp.down_proj,down_proj,0,8.536133580610487,4864x896,3,4864,896,1.75,0,0.5,0.5000000002510205,0.25,1216,False,False,0.36074837474006927,1212,0.43216284245826114,0.5088510926652816,2004,18,0.692399511017062,0.6867315838520707,tiles_s,Tiles (s),135,0.5014828472412773,2025,12,0.658772034898021,0.6704033569639993,0.0014828469902568031,True,False,False,True,67,0.6587720513343811,0.5014825463294983,0.7159530000000001,0.7608254999999999,0.7039999961853027,0.749004802107811,0.08166799999999999,0.0879447,8.766628299946126,True,True,False,3.1768009224548144,4.071394065963396,True,67,0.0,0.0
356,2,0250c8d2f1e499db1f3ead3dffa53a9be983dd1aa2ab5af76249342b4679d5b1,40,model.layers.2.mlp.down_proj,down_proj,0,8.536133580610487,4864x896,3,4864,896,1.75,0,0.5,0.5000000002510205,0.25,1216,False,False,0.36074837474006927,1212,0.43216284245826114,0.5088510926652816,2004,18,0.692399511017062,0.6867315838520707,tiles_2s,Tiles (2s),270,0.5166365328550455,2160,6,0.7026901705578891,0.7178072398190045,0.01663653260402498,True,False,False,True,0,0.7026901841163635,0.5166361331939697,0.720416,0.7748526,0.7080959975719452,0.7615999847650528,0.065057,0.07070539999999999,11.073612370690316,True,True,False,-3.669518594058685,-2.3238463296390455,True,0,0.0,0.0
356,2,0250c8d2f1e499db1f3ead3dffa53a9be983dd1aa2ab5af76249342b4679d5b1,40,model.layers.2.mlp.down_proj,down_proj,0,8.536133580610487,4864x896,3,4864,896,1.75,1,0.7,0.7000000003514287,0.5,2432,False,False,0.5869896434087423,2430,0.8402551748863248,0.7116801968368236,3144,25,1.0744213682875885,1.059755621792482,tiles_half_s,Tiles (s/2),68,0.7055251003039302,3128,15,1.0285861825665508,1.0477785010346692,0.0055250999525015,True,False,False,True,0,1.0285861492156982,0.7055251002311707,0.7211380000000001,0.7994605499999999,0.709119975566864,0.778649616241455,0.1248235,0.1320826,5.777261493228439,True,True,False,2.4797410065831693,2.9411912128581963,True,0,0.0,0.0
356,2,0250c8d2f1e499db1f3ead3dffa53a9be983dd1aa2ab5af76249342b4679d5b1,40,model.layers.2.mlp.down_proj,down_proj,0,8.536133580610487,4864x896,3,4864,896,1.75,1,0.7,0.7000000003514287,0.5,2432,False,False,0.5869896434087423,2430,0.8402551748863248,0.7116801968368236,3144,25,1.0744213682875885,1.059755621792482,tiles_s,Tiles (s),135,0.7187833428542945,3240,10,1.0540352558368336,1.0758638829397342,0.01878334250286573,True,False,False,True,0,1.0540353059768677,0.7187830209732056,0.697228,0.7554432999999999,0.6855679750442505,0.7374848127365112,0.0853245,0.0946105,8.171486501532385,True,True,False,-0.13425967639166814,0.5397816098368868,True,0,0.0,0.0
356,2,0250c8d2f1e499db1f3ead3dffa53a9be983dd1aa2ab5af76249342b4679d5b1,40,model.layers.2.mlp.down_proj,down_proj,0,8.536133580610487,4864x896,3,4864,896,1.75,1,0.7,0.7000000003514287,0.5,2432,False,False,0.5869896434087423,2430,0.8402551748863248,0.7116801968368236,3144,25,1.0744213682875885,1.059755621792482,tiles_2s,Tiles (2s),270,0.71156850708212,3240,5,1.0540352558368336,1.0767108597285069,0.01156850673069132,True,False,False,True,0,1.0540353059768677,0.7115685343742371,0.7243135,0.7688809999999999,0.7111679911613464,0.7550464212894439,0.068193,0.07563165,10.62152273693781,True,True,False,-0.21309064660239851,0.5397816098368868,True,0,0.0,0.0
356,2,0250c8d2f1e499db1f3ead3dffa53a9be983dd1aa2ab5af76249342b4679d5b1,40,model.layers.2.mlp.down_proj,down_proj,0,8.536133580610487,4864x896,3,4864,896,1.75,2,0.9,0.900000000451837,0.75,3648,False,False,0.7991579902954982,3648,1.2524026584571757,0.9043675336724846,4284,28,1.4548138512204536,1.4353150551216403,tiles_half_s,Tiles (s/2),68,0.9041737188672414,4284,8,1.3936688382731468,1.4239456248927334,0.0041737184154043705,True,False,False,True,0,1.3936687707901,0.9041736125946045,0.7089399999999999,0.7470720999999999,0.6977600157260895,0.724736002087593,0.131546,0.14321255,5.389293479087163,True,True,False,2.1217990399132303,2.9015383556304952,False,34,0.0002945992517076057,0.0
356,2,0250c8d2f1e499db1f3ead3dffa53a9be983dd1aa2ab5af76249342b4679d5b1,40,model.layers.2.mlp.down_proj,down_proj,0,8.536133580610487,4864x896,3,4864,896,1.75,2,0.9,0.900000000451837,0.75,3648,False,False,0.7991579902954982,3648,1.2524026584571757,0.9043675336724846,4284,28,1.4548138512204536,1.4353150551216403,tiles_s,Tiles (s),135,0.9074807240394875,4320,4,1.4053803411157781,1.435614479638009,0.007480723587650506,True,False,False,True,67,1.405380368232727,0.9074806571006775,0.714445,0.78239705,0.7029760181903839,0.7677440047264099,0.08858550000000001,0.09329824999999999,8.065033216497055,True,True,False,1.319713279216994,2.085584896434134,True,67,0.0,0.0
356,2,0250c8d2f1e499db1f3ead3dffa53a9be983dd1aa2ab5af76249342b4679d5b1,40,model.layers.2.mlp.down_proj,down_proj,0,8.536133580610487,4864x896,3,4864,896,1.75,2,0.9,0.900000000451837,0.75,3648,False,False,0.7991579902954982,3648,1.2524026584571757,0.9043675336724846,4284,28,1.4548138512204536,1.4353150551216403,tiles_2s,Tiles (2s),270,0.9049424079348682,4320,3,1.4053803411157781,1.435614479638009,0.004942407483031208,True,False,False,True,0,1.405380368232727,0.9049422740936279,0.7112995,0.7464184,0.6999040246009827,0.7311871916055679,0.06917899999999999,0.07705959999999999,10.282014773269346,True,True,False,1.319713279216994,2.085584896434134,True,0,0.0,0.0
370,2,0250c8d2f1e499db1f3ead3dffa53a9be983dd1aa2ab5af76249342b4679d5b1,40,model.layers.4.mlp.down_proj,down_proj,0,0.4634135765350948,4864x896,3,4864,896,1.75,0,0.5,0.4999999999854481,0.25,1216,False,False,0.2713375648309011,1212,0.42233679471391816,0.5006886993433,2298,19,0.7783626392383298,0.7692994567749305,tiles_half_s,Tiles (s/2),68,0.5097649355811882,2380,16,0.8182073191122529,0.8221514451849127,0.009764935595740099,True,False,False,True,0,0.8182072639465332,0.5097649097442627,0.654914,0.80300565,0.6421119868755341,0.7849696040153503,0.12227350000000001,0.1531935999999999,5.356140128482459,True,True,False,-5.625758963640992,-6.357454422541076,True,0,0.0,0.0
370,2,0250c8d2f1e499db1f3ead3dffa53a9be983dd1aa2ab5af76249342b4679d5b1,40,model.layers.4.mlp.down_proj,down_proj,0,0.4634135765350948,4864x896,3,4864,896,1.75,0,0.5,0.4999999999854481,0.25,1216,False,False,0.2713375648309011,1212,0.42233679471391816,0.5006886993433,2298,19,0.7783626392383298,0.7692994567749305,tiles_s,Tiles (s),135,0.5151619329772075,2430,10,0.7905264418776252,0.8055568656225776,0.015161932991759386,True,False,False,True,0,0.7905264496803284,0.5151618123054504,0.730931,0.82050235,0.7183359861373901,0.7923712074756621,0.083702,0.08960069999999999,8.732539246374042,True,True,False,-3.493773340773232,-2.759261678369418,True,0,0.0,0.0
370,2,0250c8d2f1e499db1f3ead3dffa53a9be983dd1aa2ab5af76249342b4679d5b1,40,model.layers.4.mlp.down_proj,down_proj,0,0.4634135765350948,4864x896,3,4864,896,1.75,0,0.5,0.4999999999854481,0.25,1216,False,False,0.2713375648309011,1212,0.42233679471391816,0.5006886993433,2298,19,0.7783626392383298,0.7692994567749305,tiles_2s,Tiles (2s),270,0.5098476025959826,2430,3,0.7905264418776252,0.80753314479638,0.009847602610534523,True,False,False,True,0,0.7905264496803284,0.5098474621772766,0.6539275,0.7896886499999999,0.6420480012893677,0.7777791827917099,0.065843,0.07360905,9.931617635891438,True,True,False,-3.747675451971233,-2.759261678369418,True,0,0.0,0.0
370,2,0250c8d2f1e499db1f3ead3dffa53a9be983dd1aa2ab5af76249342b4679d5b1,40,model.layers.4.mlp.down_proj,down_proj,0,0.4634135765350948,4864x896,3,4864,896,1.75,1,0.7,0.6999999999796273,0.5,2432,False,False,0.5288866046175826,2430,0.8346001580309325,0.7217914048524108,3396,28,1.1499807601855057,1.1360080261829921,tiles_half_s,Tiles (s/2),68,0.7031278237991501,3332,15,1.1059380786926998,1.1231221848517499,0.0031278238195228125,True,False,False,True,34,1.1059379577636719,0.7031282186508179,0.650075,0.73875875,0.634911984205246,0.7271423935890198,0.12725799999999998,0.1379832,5.10832324883308,True,True,False,2.335567364572533,2.6469837181809286,True,34,0.0,0.0
370,2,0250c8d2f1e499db1f3ead3dffa53a9be983dd1aa2ab5af76249342b4679d5b1,40,model.layers.4.mlp.down_proj,down_proj,0,0.4634135765350948,4864x896,3,4864,896,1.75,1,0.7,0.6999999999796273,0.5,2432,False,False,0.5288866046175826,2430,0.8346001580309325,0.7217914048524108,3396,28,1.1499807601855057,1.1360080261829921,tiles_s,Tiles (s),135,0.706779697778984,3375,8,1.0979533914967017,1.1204445098321647,0.006779697799356721,True,False,False,True,67,1.09795343875885,0.7067795395851135,0.7173955000000001,0.76774095,0.7039999961853027,0.7554559975862503,0.086852,0.09148089999999999,8.259976742043937,True,True,False,2.568412566187317,3.349856146188923,True,67,0.0,0.0
370,2,0250c8d2f1e499db1f3ead3dffa53a9be983dd1aa2ab5af76249342b4679d5b1,40,model.layers.4.mlp.down_proj,down_proj,0,0.4634135765350948,4864x896,3,4864,896,1.75,1,0.7,0.6999999999796273,0.5,2432,False,False,0.5288866046175826,2430,0.8346001580309325,0.7217914048524108,3396,28,1.1499807601855057,1.1360080261829921,tiles_2s,Tiles (2s),270,0.7294132773095043,3510,4,1.1418715271565698,1.1664367647058822,0.029413277329877086,True,False,False,True,0,1.1418715715408325,0.7294132113456726,0.642901,0.737915,0.6328319907188416,0.7233535915613174,0.06706999999999999,0.07274805,9.58552258834054,True,True,False,-1.430980855516406,-0.5161496079635342,True,0,0.0,0.0
370,2,0250c8d2f1e499db1f3ead3dffa53a9be983dd1aa2ab5af76249342b4679d5b1,40,model.layers.4.mlp.down_proj,down_proj,0,0.4634135765350948,4864x896,3,4864,896,1.75,2,0.9,0.8999999999738065,0.75,3648,False,False,0.7707460698948125,3648,1.2337249381643896,0.9066581489605596,4350,30,1.4700891314985924,1.4481470186381413,tiles_half_s,Tiles (s/2),68,0.90294584298681,4352,7,1.4212839225404026,1.4500976996986754,0.0029458430130034907,True,False,False,True,0,1.4212839603424072,0.9029458165168762,0.6407069999999999,0.7221368,0.6297760009765625,0.7110528022050857,0.133985,0.142164,4.781930813150725,True,True,False,1.359878892481703,1.854997852566187,True,0,0.0,0.0
370,2,0250c8d2f1e499db1f3ead3dffa53a9be983dd1aa2ab5af76249342b4679d5b1,40,model.layers.4.mlp.down_proj,down_proj,0,0.4634135765350948,4864x896,3,4864,896,1.75,2,0.9,0.8999999999738065,0.75,3648,False,False,0.7707460698948125,3648,1.2337249381643896,0.9066581489605596,4350,30,1.4700891314985924,1.4481470186381413,tiles_s,Tiles (s),135,0.9185464794791187,4455,3,1.4492984767756463,1.4804774321266967,0.018546479505312186,True,False,False,True,67,1.4492985010147095,0.9185464382171631,0.6419945,0.6730377,0.6318080127239227,0.6623744040727615,0.0884305,0.09452994999999999,7.259876400110822,True,True,False,-0.7066442711207932,-0.0795125165252708,True,67,0.0,0.0
370,2,0250c8d2f1e499db1f3ead3dffa53a9be983dd1aa2ab5af76249342b4679d5b1,40,model.layers.4.mlp.down_proj,down_proj,0,0.4634135765350948,4864x896,3,4864,896,1.75,2,0.9,0.8999999999738065,0.75,3648,False,False,0.7707460698948125,3648,1.2337249381643896,0.9066581489605596,4350,30,1.4700891314985924,1.4481470186381413,tiles_2s,Tiles (2s),270,0.9456389312472311,4590,2,1.4932166124355142,1.5253403846153848,0.045638931273424554,True,False,False,True,0,1.493216633796692,0.94563889503479,0.6275875,0.66345715,0.6175519824028015,0.6530880093574524,0.06967100000000001,0.0752547,9.007872716051153,True,True,False,-3.758360764185076,-3.112225017026038,True,0,0.0,0.0
371,2,0250c8d2f1e499db1f3ead3dffa53a9be983dd1aa2ab5af76249342b4679d5b1,40,model.layers.5.self_attn.q_proj,q_proj,0,0.9636089256048259,896x896,0,896,896,1.75,0,0.5,0.4999999990686774,0.25,224,False,False,0.301663811376784,224,0.08722209014672958,0.512672888347879,412,4,0.141621409229989,0.14450188756364543,tiles_half_s,Tiles (s/2),68,0.5634821569838095,476,4,0.16583880649269803,0.1660288243793298,0.06348215791513212,True,False,False,True,0,0.1658388078212738,0.5634819865226746,0.6648675,0.7631087999999999,0.6507039964199066,0.738713589310646,0.046292,0.050958,14.3624708372937,True,True,False,-17.23426936792012,-14.765840978827915,True,0,0.0,0.0
371,2,0250c8d2f1e499db1f3ead3dffa53a9be983dd1aa2ab5af76249342b4679d5b1,40,model.layers.5.self_attn.q_proj,q_proj,0,0.9636089256048259,896x896,0,896,896,1.75,0,0.5,0.4999999990686774,0.25,224,False,False,0.301663811376784,224,0.08722209014672958,0.512672888347879,412,4,0.141621409229989,0.14450188756364543,tiles_s,Tiles (s),135,0.6093656372104306,540,2,0.1756725426394723,0.1791694843584936,0.10936563814175315,True,False,False,True,67,0.17567254602909088,0.6093655228614807,0.6758535,0.76686855,0.6644800007343292,0.755609592795372,0.037821,0.04317839999999999,17.86979455857857,True,True,False,-26.51299357396426,-21.571105818322156,False,0,-0.0002823255962575155,2.7755575615628914e-17
371,2,0250c8d2f1e499db1f3ead3dffa53a9be983dd1aa2ab5af76249342b4679d5b1,40,model.layers.5.self_attn.q_proj,q_proj,0,0.9636089256048259,896x896,0,896,896,1.75,0,0.5,0.4999999990686774,0.25,224,False,False,0.301663811376784,224,0.08722209014672958,0.512672888347879,412,4,0.141621409229989,0.14450188756364543,tiles_2s,Tiles (2s),270,0.6166954651125707,540,2,0.17567254263947227,0.17945180995475113,0.11669546604389325,True,False,False,True,0,0.17567254602909088,0.6166954636573792,0.6799005,0.7945371999999999,0.6686719954013824,0.7799808055162429,0.03491,0.04014534999999999,19.475809223718134,True,True,False,-26.712345916094282,-21.571105818322135,True,0,0.0,0.0
371,2,0250c8d2f1e499db1f3ead3dffa53a9be983dd1aa2ab5af76249342b4679d5b1,40,model.layers.5.self_attn.q_proj,q_proj,0,0.9636089256048259,896x896,0,896,896,1.75,1,0.7,0.6999999986961484,0.5,448,False,False,0.5570955342263915,448,0.1616286844530501,0.7719408110715449,648,6,0.22169012410867073,0.2240474493086014,tiles_half_s,Tiles (s/2),68,0.7208825358538888,612,3,0.2045889050003539,0.2072277566787323,0.020882537157740466,True,False,False,True,34,0.2045889049768448,0.7208826541900635,0.7272585,0.8252623,0.711679995059967,0.812236812710762,0.046222,0.05153864999999999,15.734033577084507,True,True,False,6.523685927862566,8.685010415559535,True,34,0.0,0.0
371,2,0250c8d2f1e499db1f3ead3dffa53a9be983dd1aa2ab5af76249342b4679d5b1,40,model.layers.5.self_attn.q_proj,q_proj,0,0.9636089256048259,896x896,0,896,896,1.75,1,0.7,0.6999999986961484,0.5,448,False,False,0.5570955342263915,448,0.1616286844530501,0.7719408110715449,648,6,0.22169012410867073,0.2240474493086014,tiles_s,Tiles (s),135,0.7529846735124011,675,2,0.21959067829934037,0.2243147624434389,0.052984674816252686,True,False,False,True,67,0.2195906937122345,0.7529845237731934,0.72512,0.79829225,0.7127040028572083,0.7811584144830703,0.038998,0.04145,18.593774039694345,True,True,False,-1.1839220828265606,1.989208546231791,True,67,0.0,0.0
371,2,0250c8d2f1e499db1f3ead3dffa53a9be983dd1aa2ab5af76249342b4679d5b1,40,model.layers.5.self_attn.q_proj,q_proj,0,0.9636089256048259,896x896,0,896,896,1.75,1,0.7,0.6999999986961484,0.5,448,False,False,0.5570955342263915,448,0.1616286844530501,0.7719408110715449,648,6,0.22169012410867073,0.2240474493086014,tiles_2s,Tiles (2s),270,0.7680351910821628,675,1,0.21959067829934034,0.22431476244343893,0.06803519238601441,True,False,False,True,135,0.2195906788110733,0.7680352330207825,0.724113,0.7919833499999999,0.7096319794654846,0.7781375795602797,0.035006,0.038024,20.685396789121864,True,True,False,-1.1839220828265828,1.989208546231802,True,135,0.0,0.0
371,2,0250c8d2f1e499db1f3ead3dffa53a9be983dd1aa2ab5af76249342b4679d5b1,40,model.layers.5.self_attn.q_proj,q_proj,0,0.9636089256048259,896x896,0,896,896,1.75,2,0.9,0.8999999983236194,0.75,672,False,False,0.7997811759123579,672,0.2394123521973719,0.9053309879673179,784,5,0.26382348785616344,0.26134204305605063,tiles_half_s,Tiles (s/2),68,0.9211330505495425,816,2,0.265460731099647,0.271171623931624,0.0211330522259231,True,False,False,True,0,0.265460729598999,0.9211329221725464,0.7221595,0.78395305,0.7075839936733246,0.7683584034442901,0.047048,0.05807005,15.349419741540553,True,True,False,-2.785247111685041,-1.5759760639481257,True,0,0.0,0.0
371,2,0250c8d2f1e499db1f3ead3dffa53a9be983dd1aa2ab5af76249342b4679d5b1,40,model.layers.5.self_attn.q_proj,q_proj,0,0.9636089256048259,896x896,0,896,896,1.75,2,0.9,0.8999999983236194,0.75,672,False,False,0.7997811759123579,672,0.2394123521973719,0.9053309879673179,784,5,0.26382348785616344,0.26134204305605063,tiles_s,Tiles (s),135,0.9117311928712297,810,1,0.26350881395920844,0.26917771493212667,0.01173119454761029,True,False,False,True,0,0.2635088264942169,0.9117311239242554,0.724579,0.8077409499999999,0.7096319794654846,0.7954943984746932,0.0389925,0.04452219999999999,18.582522279925627,True,True,False,-2.029473235863799,-0.8290938870073372,True,0,0.0,0.0
371,2,0250c8d2f1e499db1f3ead3dffa53a9be983dd1aa2ab5af76249342b4679d5b1,40,model.layers.5.self_attn.q_proj,q_proj,0,0.9636089256048259,896x896,0,896,896,1.75,2,0.9,0.8999999983236194,0.75,672,False,False,0.7997811759123579,672,0.2394123521973719,0.9053309879673179,784,5,0.26382348785616344,0.26134204305605063,tiles_2s,Tiles (2s),270,0.9117311928712297,810,1,0.26350881395920844,0.26917771493212667,0.01173119454761029,True,False,False,True,0,0.2635088264942169,0.9117311835289001,0.7119455,0.7608514,0.7004160284996033,0.7404543966054916,0.0350905,0.041694699999999994,20.288838859520386,True,True,False,-2.029473235863799,-0.8290938870073372,True,0,0.0,0.0
372,2,0250c8d2f1e499db1f3ead3dffa53a9be983dd1aa2ab5af76249342b4679d5b1,40,model.layers.5.self_attn.k_proj,k_proj,0,0.9636089256048259,896x128,1,896,128,0.25,0,0.5,0.4999999990686774,0.25,224,False,False,0.2713122600398492,224,0.018949429657794677,0.8355882180330809,736,1,0.03559616,0.03664651603113517,tiles_half_s,Tiles (s/2),472,0.523675928969169,472,1,0.02747613916319621,0.02632202643171806,0.02367592990049161,True,False,False,True,236,0.02747613936662674,0.5236759781837463,0.7070315,0.7286218999999999,0.6952959895133972,0.7106559872627258,0.0325055,0.036726399999999985,21.751134423405272,True,True,False,26.05374728139761,25.023870918991953,True,236,0.0,0.0
372,2,0250c8d2f1e499db1f3ead3dffa53a9be983dd1aa2ab5af76249342b4679d5b1,40,model.layers.5.self_attn.k_proj,k_proj,0,0.9636089256048259,896x128,1,896,128,0.25,0,0.5,0.4999999990686774,0.25,224,False,False,0.2713122600398492,224,0.018949429657794677,0.8355882180330809,736,1,0.03559616,0.03664651603113517,tiles_s,Tiles (s),896,0.5060614053509198,448,1,0.026642468538838122,0.025773178458289338,0.0060614062822423875,True,False,False,True,448,0.026642467826604843,0.5060613751411438,0.7125015,0.9080544999999999,0.7009280025959015,0.8933375895023344,0.0339535,0.03993424999999999,20.98462603266232,True,True,False,27.59562138643793,27.298768275263953,True,448,0.0,0.0
372,2,0250c8d2f1e499db1f3ead3dffa53a9be983dd1aa2ab5af76249342b4679d5b1,40,model.layers.5.self_attn.k_proj,k_proj,0,0.9636089256048259,896x128,1,896,128,0.25,0,0.5,0.4999999990686774,0.25,224,False,False,0.2713122600398492,224,0.018949429657794677,0.8355882180330809,736,1,0.03559616,0.03664651603113517,tiles_2s,Tiles (2s),896,0.5060614053509198,448,1,0.026642468538838122,0.025773178458289338,0.0060614062822423875,True,False,False,True,448,0.026642467826604843,0.5060613751411438,0.630308,0.6752592,0.620032012462616,0.6633632034063339,0.03221,0.033774,19.568705371002793,True,True,False,27.59562138643793,27.298768275263953,True,448,0.0,0.0
372,2,0250c8d2f1e499db1f3ead3dffa53a9be983dd1aa2ab5af76249342b4679d5b1,40,model.layers.5.self_attn.k_proj,k_proj,0,0.9636089256048259,896x128,1,896,128,0.25,1,0.7,0.6999999986961484,0.5,448,False,False,0.5326069396687672,448,0.03634124909539145,0.8355882180330809,736,1,0.03559616,0.03664651603113517,tiles_half_s,Tiles (s/2),472,0.802696807164466,708,1,0.0356739003027174,0.03657105263157895,0.10269680846831764,True,False,False,True,236,0.035673901438713074,0.8026968240737915,0.6203894999999999,0.7467448,0.6107200086116791,0.7356784164905548,0.0332175,0.03671455,18.676586136825467,True,True,False,-2.7387578648341515,2.654046915650654,True,236,0.0,0.0
372,2,0250c8d2f1e499db1f3ead3dffa53a9be983dd1aa2ab5af76249342b4679d5b1,40,model.layers.5.self_attn.k_proj,k_proj,0,0.9636089256048259,896x128,1,896,128,0.25,1,0.7,0.6999999986961484,0.5,448,False,False,0.5326069396687672,448,0.03634124909539145,0.8355882180330809,736,1,0.03559616,0.03664651603113517,tiles_s,Tiles (s),896,0.9999999981373549,896,1,0.04220432019352241,0.043105703422053235,0.2999999994412065,True,False,False,True,0,0.042204320430755615,0.9999999403953552,0.7090555000000001,0.76180625,0.6963199973106384,0.7496703863143921,0.0323455,0.03822824999999999,21.92130280873692,True,True,False,-21.09649867304011,-15.165982375146637,True,0,0.0,0.0
372,2,0250c8d2f1e499db1f3ead3dffa53a9be983dd1aa2ab5af76249342b4679d5b1,40,model.layers.5.self_attn.k_proj,k_proj,0,0.9636089256048259,896x128,1,896,128,0.25,1,0.7,0.6999999986961484,0.5,448,False,False,0.5326069396687672,448,0.03634124909539145,0.8355882180330809,736,1,0.03559616,0.03664651603113517,tiles_2s,Tiles (2s),896,0.9999999981373549,896,1,0.04220432019352241,0.043105703422053235,0.2999999994412065,True,False,False,True,0,0.042204320430755615,0.9999999403953552,0.708133,0.78849285,0.692223995923996,0.7747583925724029,0.03214,0.035782699999999994,22.032762912258868,True,True,False,-21.09649867304011,-15.165982375146637,True,0,0.0,0.0
372,2,0250c8d2f1e499db1f3ead3dffa53a9be983dd1aa2ab5af76249342b4679d5b1,40,model.layers.5.self_attn.k_proj,k_proj,0,0.9636089256048259,896x128,1,896,128,0.25,2,0.9,0.8999999983236194,0.75,672,False,False,0.7736340502742678,672,0.04411609029795707,0.9687007158936467,864,1,0.04185874769797422,0.041092759361044964,tiles_half_s,Tiles (s/2),472,0.9999999981373549,896,1,0.04220432019352241,0.043105703422053235,0.09999999981373542,True,False,False,True,0,0.042204320430755615,0.9999999403953552,0.724504,0.76991605,0.7101440131664276,0.7530496001243591,0.033428,0.03672825,21.67356706952256,True,True,False,-2.9789608926579447,-2.70500411693253,True,0,0.0,0.0
372,2,0250c8d2f1e499db1f3ead3dffa53a9be983dd1aa2ab5af76249342b4679d5b1,40,model.layers.5.self_attn.k_proj,k_proj,0,0.9636089256048259,896x128,1,896,128,0.25,2,0.9,0.8999999983236194,0.75,672,False,False,0.7736340502742678,672,0.04411609029795707,0.9687007158936467,864,1,0.04185874769797422,0.041092759361044964,tiles_s,Tiles (s),896,0.9999999981373549,896,1,0.04220432019352241,0.043105703422053235,0.09999999981373542,True,False,False,True,0,0.042204320430755615,0.9999999403953552,0.705754,0.7502913999999999,0.6932479739189148,0.7292928099632263,0.033076999999999995,0.03888059999999998,21.33669921697857,True,True,False,-2.9789608926579447,-2.70500411693253,True,0,0.0,0.0
372,2,0250c8d2f1e499db1f3ead3dffa53a9be983dd1aa2ab5af76249342b4679d5b1,40,model.layers.5.self_attn.k_proj,k_proj,0,0.9636089256048259,896x128,1,896,128,0.25,2,0.9,0.8999999983236194,0.75,672,False,False,0.7736340502742678,672,0.04411609029795707,0.9687007158936467,864,1,0.04185874769797422,0.041092759361044964,tiles_2s,Tiles (2s),896,0.9999999981373549,896,1,0.04220432019352241,0.043105703422053235,0.09999999981373542,True,False,False,True,0,0.042204320430755615,0.9999999403953552,0.727334,0.7644447499999999,0.7121919989585876,0.7508848190307617,0.032641,0.035699550000000004,22.282834471983087,True,True,False,-2.9789608926579447,-2.70500411693253,True,0,0.0,0.0
375,2,0250c8d2f1e499db1f3ead3dffa53a9be983dd1aa2ab5af76249342b4679d5b1,40,model.layers.5.mlp.gate_proj,gate_proj,0,0.7026421336266048,896x4864,2,896,4864,9.5,0,0.5,0.49999999205709855,0.25,224,False,False,0.315742198494263,224,0.4299721651085292,0.5037090480327606,393,20,0.7349557321120962,0.7426645202463521,tiles_half_s,Tiles (s/2),12,0.5125154042616487,408,19,0.7842967689779563,0.7795963621872152,0.012515412204550103,True,False,False,True,0,0.7842968106269836,0.5125152468681335,0.719925,0.76374895,0.7070720195770264,0.7462399870157241,0.107461,0.12746865,6.699407226807866,True,True,False,-6.073920934915611,-5.6057947561294785,True,0,0.0,0.0
375,2,0250c8d2f1e499db1f3ead3dffa53a9be983dd1aa2ab5af76249342b4679d5b1,40,model.layers.5.mlp.gate_proj,gate_proj,0,0.7026421336266048,896x4864,2,896,4864,9.5,0,0.5,0.49999999205709855,0.25,224,False,False,0.315742198494263,224,0.4299721651085292,0.5037090480327606,393,20,0.7349557321120962,0.7426645202463521,tiles_s,Tiles (s),25,0.518927825265564,425,10,0.7505586147162641,0.7698294595278045,0.018927833208465472,True,False,False,True,12,0.750558614730835,0.5189279317855835,0.715127,0.7571914,0.7019519805908203,0.7393280267715454,0.06772600000000001,0.0748881,10.5591205740779,True,True,False,-4.745010602950073,-1.0629421838131314,False,0,-0.0005206625328867398,0.0
375,2,0250c8d2f1e499db1f3ead3dffa53a9be983dd1aa2ab5af76249342b4679d5b1,40,model.layers.5.mlp.gate_proj,gate_proj,0,0.7026421336266048,896x4864,2,896,4864,9.5,0,0.5,0.49999999205709855,0.25,224,False,False,0.315742198494263,224,0.4299721651085292,0.5037090480327606,393,20,0.7349557321120962,0.7426645202463521,tiles_2s,Tiles (2s),50,0.5354098530951887,450,6,0.7947091214642795,0.8118058069381598,0.035409861038090185,True,False,False,True,25,0.7947092056274414,0.5354102849960327,0.7098869999999999,0.7843202999999999,0.6983680129051208,0.7514624267816543,0.0479445,0.0513815,14.806432437505865,True,True,False,-10.456422267122667,-7.007821135802139,True,25,0.0,0.0
375,2,0250c8d2f1e499db1f3ead3dffa53a9be983dd1aa2ab5af76249342b4679d5b1,40,model.layers.5.mlp.gate_proj,gate_proj,0,0.7026421336266048,896x4864,2,896,4864,9.5,1,0.7,0.699999988879938,0.5,448,False,False,0.5635080572101288,448,0.8393450149042032,0.703305070695933,582,27,1.0800918279638423,1.0872412575467536,tiles_half_s,Tiles (s/2),12,0.7090520763304085,600,15,1.0947320832631655,1.1076288359375366,0.00905208745047048,True,False,False,True,6,1.0947320461273193,0.7090520858764648,0.7162185,0.74846765,0.7034879922866821,0.7310847908258438,0.1183515,0.15066879999999994,6.051621652450539,True,True,False,-2.549506186488437,-0.6889754839982887,True,6,0.0,0.0
375,2,0250c8d2f1e499db1f3ead3dffa53a9be983dd1aa2ab5af76249342b4679d5b1,40,model.layers.5.mlp.gate_proj,gate_proj,0,0.7026421336266048,896x4864,2,896,4864,9.5,1,0.7,0.699999988879938,0.5,448,False,False,0.5635080572101288,448,0.8393450149042032,0.703305070695933,582,27,1.0800918279638423,1.0872412575467536,tiles_s,Tiles (s),25,0.7035078147891909,600,10,1.0596121619523728,1.0829284051170998,0.003507825909252915,True,False,False,True,12,1.0596121549606323,0.7035080194473267,0.722891,0.8430146499999998,0.7096319794654846,0.8298496037721632,0.0685585,0.07970025,10.54414842798486,True,True,False,-0.2626237028943157,2.5412111067899423,True,12,0.0,0.0
375,2,0250c8d2f1e499db1f3ead3dffa53a9be983dd1aa2ab5af76249342b4679d5b1,40,model.layers.5.mlp.gate_proj,gate_proj,0,0.7026421336266048,896x4864,2,896,4864,9.5,1,0.7,0.699999988879938,0.5,448,False,False,0.5635080572101288,448,0.8393450149042032,0.703305070695933,582,27,1.0800918279638423,1.0872412575467536,tiles_2s,Tiles (2s),50,0.7463285639581727,646,5,1.1408490943687213,1.1653923361823362,0.046328575078234735,True,False,False,True,0,1.1408491134643555,0.7463286519050598,0.7109035,0.7444242,0.6998240053653717,0.73123839199543,0.050179,0.05661064999999999,14.167350883835867,True,True,False,-7.8975237114144115,-4.930629375022821,True,0,0.0,0.0
375,2,0250c8d2f1e499db1f3ead3dffa53a9be983dd1aa2ab5af76249342b4679d5b1,40,model.layers.5.mlp.gate_proj,gate_proj,0,0.7026421336266048,896x4864,2,896,4864,9.5,2,0.9,0.8999999857027774,0.75,672,False,False,0.7941758592205588,672,1.2501459673062822,0.9005409486417193,782,29,1.4395331998673044,1.4382855302737971,tiles_half_s,Tiles (s/2),12,0.9007410933845676,792,7,1.404416169285042,1.4324458209864868,0.000741107681790254,True,False,False,True,6,1.4044162034988403,0.9007411003112793,0.7171799999999999,0.77955245,0.6993920207023621,0.7687024027109146,0.117059,0.13734464999999998,6.126654080420984,True,True,False,0.4923386887826564,2.354842642566779,True,6,0.0,0.0
375,2,0250c8d2f1e499db1f3ead3dffa53a9be983dd1aa2ab5af76249342b4679d5b1,40,model.layers.5.mlp.gate_proj,gate_proj,0,0.7026421336266048,896x4864,2,896,4864,9.5,2,0.9,0.8999999857027774,0.75,672,False,False,0.7941758592205588,672,1.2501459673062822,0.9005409486417193,782,29,1.4395331998673044,1.4382855302737971,tiles_s,Tiles (s),25,0.9061920107391188,800,3,1.412816215936497,1.4432103234456175,0.00619202503634142,True,False,False,True,0,1.4128162860870361,0.9061919450759888,0.7179420000000001,0.74791855,0.7039999961853027,0.7360464125871659,0.070432,0.07632064999999999,10.193406406179012,True,True,False,-0.25543860875538726,1.7708107188182387,True,0,0.0,0.0
375,2,0250c8d2f1e499db1f3ead3dffa53a9be983dd1aa2ab5af76249342b4679d5b1,40,model.layers.5.mlp.gate_proj,gate_proj,0,0.7026421336266048,896x4864,2,896,4864,9.5,2,0.9,0.8999999857027774,0.75,672,False,False,0.7941758592205588,672,1.2501459673062822,0.9005409486417193,782,29,1.4395331998673044,1.4382855302737971,tiles_2s,Tiles (2s),50,0.9007491210990111,796,3,1.4057521348568147,1.4359942718283896,0.0007491353962336689,True,False,False,True,0,1.405752182006836,0.900749146938324,0.7193944999999999,0.8183946999999999,0.7034879922866821,0.8055296152830124,0.0522025,0.06460939999999997,13.780843829318519,True,True,False,0.24583858428837146,2.2619566652241296,True,0,0.0,0.0
384,2,0250c8d2f1e499db1f3ead3dffa53a9be983dd1aa2ab5af76249342b4679d5b1,40,model.layers.6.mlp.down_proj,down_proj,0,0.4223234627208355,4864x896,3,4864,896,1.75,0,0.5,0.4999999996907718,0.25,1216,False,False,0.2702319085910858,1212,0.4108577474780088,0.5030581909923058,2322,19,0.7862500578986048,0.7751351511454371,tiles_half_s,Tiles (s/2),68,0.5105972666096932,2380,19,0.8237006757878715,0.8262950831666347,0.010597266918921378,True,False,False,True,0,0.8237006664276123,0.5105974078178406,0.7165539999999999,0.7400209999999999,0.7045759856700897,0.7276031970977783,0.1231655,0.15734859999999992,5.817814241812845,True,True,False,-5.093166590671849,-6.265426689870535,True,0,0.0,0.0
384,2,0250c8d2f1e499db1f3ead3dffa53a9be983dd1aa2ab5af76249342b4679d5b1,40,model.layers.6.mlp.down_proj,down_proj,0,0.4223234627208355,4864x896,3,4864,896,1.75,0,0.5,0.4999999996907718,0.25,1216,False,False,0.2702319085910858,1212,0.4108577474780088,0.5030581909923058,2322,19,0.7862500578986048,0.7751351511454371,tiles_s,Tiles (s),135,0.5130586266386672,2430,8,0.7905264418776252,0.8069684936038651,0.013058626947895391,True,False,False,True,67,0.7905265092849731,0.5130586624145508,0.7322835,1.0332177999999996,0.7183359861373901,1.015398386120796,0.08435300000000001,0.1052118,8.681179092622667,True,True,False,-2.6350949671958057,-1.9856267270867534,True,67,0.0,0.0
384,2,0250c8d2f1e499db1f3ead3dffa53a9be983dd1aa2ab5af76249342b4679d5b1,40,model.layers.6.mlp.down_proj,down_proj,0,0.4223234627208355,4864x896,3,4864,896,1.75,0,0.5,0.4999999996907718,0.25,1216,False,False,0.2702319085910858,1212,0.4108577474780088,0.5030581909923058,2322,19,0.7862500578986048,0.7751351511454371,tiles_2s,Tiles (2s),270,0.5098391999963496,2430,2,0.7905264418776252,0.80753314479638,0.009839200305577833,True,False,False,True,135,0.7905264496803284,0.5098394155502319,0.730901,0.81150905,0.7188479900360107,0.7975935876369475,0.065613,0.07306984999999999,11.139575998658803,True,True,False,-2.7069106938647725,-1.9856267270867534,True,135,0.0,0.0
384,2,0250c8d2f1e499db1f3ead3dffa53a9be983dd1aa2ab5af76249342b4679d5b1,40,model.layers.6.mlp.down_proj,down_proj,0,0.4223234627208355,4864x896,3,4864,896,1.75,1,0.7,0.6999999995670805,0.5,2432,False,False,0.525444725764828,2430,0.8215216497085991,0.7174845822992211,3378,25,1.1407831264867165,1.1250345322177242,tiles_half_s,Tiles (s/2),68,0.7018108469346771,3332,15,1.1169247920439371,1.1308202623117787,0.0018108473675966241,True,False,False,True,34,1.11692476272583,0.7018110156059265,0.7204315,0.76277365,0.7070720195770264,0.7344127893447876,0.127118,0.14018269999999997,5.667423181610786,True,True,False,0.8733355134398435,0.7208436667095697,True,34,0.0,0.0
384,2,0250c8d2f1e499db1f3ead3dffa53a9be983dd1aa2ab5af76249342b4679d5b1,40,model.layers.6.mlp.down_proj,down_proj,0,0.4223234627208355,4864x896,3,4864,896,1.75,1,0.7,0.6999999995670805,0.5,2432,False,False,0.525444725764828,2430,0.8215216497085991,0.7174845822992211,3378,25,1.1407831264867165,1.1250345322177242,tiles_s,Tiles (s),135,0.7049895143354661,3375,7,1.0979533914967017,1.1210091610246795,0.004989514768385606,True,False,False,True,67,1.09795343875885,0.7049896121025085,0.7144555,0.7432922,0.7019519805908203,0.7249408036470413,0.086677,0.09425755,8.24273452011491,True,True,False,1.7333676316667823,2.407138620682059,True,67,0.0,0.0
384,2,0250c8d2f1e499db1f3ead3dffa53a9be983dd1aa2ab5af76249342b4679d5b1,40,model.layers.6.mlp.down_proj,down_proj,0,0.4223234627208355,4864x896,3,4864,896,1.75,1,0.7,0.6999999995670805,0.5,2432,False,False,0.525444725764828,2430,0.8215216497085991,0.7174845822992211,3378,25,1.1407831264867165,1.1250345322177242,tiles_2s,Tiles (2s),270,0.7040345833993342,3379,3,1.0992546695903274,1.123125058970139,0.004034583832253746,True,False,False,True,135,1.0992546081542969,0.7040350437164307,0.656011,0.7357964499999999,0.6456319987773895,0.7167999744415283,0.0677165,0.076331,9.687609371423509,True,True,False,1.547889963183391,2.2914730071954548,True,135,0.0,0.0
384,2,0250c8d2f1e499db1f3ead3dffa53a9be983dd1aa2ab5af76249342b4679d5b1,40,model.layers.6.mlp.down_proj,down_proj,0,0.4223234627208355,4864x896,3,4864,896,1.75,2,0.9,0.8999999994433893,0.75,3648,False,False,0.7707100671068474,3648,1.239785145572786,0.901479061201826,4320,27,1.4544756488831114,1.4357346581310555,tiles_half_s,Tiles (s/2),68,0.9027450936773675,4352,7,1.4212839225404026,1.4500976996986754,0.0027450942339782847,True,False,False,True,0,1.4212839603424072,0.9027450680732727,0.735144,0.7919092,0.7214080095291138,0.7754752039909363,0.132322,0.13927569999999997,5.555720137240973,True,True,False,0.30099845176492224,1.0065046148195589,True,0,0.0,0.0
384,2,0250c8d2f1e499db1f3ead3dffa53a9be983dd1aa2ab5af76249342b4679d5b1,40,model.layers.6.mlp.down_proj,down_proj,0,0.4223234627208355,4864x896,3,4864,896,1.75,2,0.9,0.8999999994433893,0.75,3648,False,False,0.7707100671068474,3648,1.239785145572786,0.901479061201826,4320,27,1.4544756488831114,1.4357346581310555,tiles_s,Tiles (s),135,0.9191674681933364,4455,2,1.4492984767756463,1.4801951065304393,0.019167468749947125,True,False,False,True,67,1.4492985010147095,0.9191675782203674,0.7240230000000001,0.76657495,0.7111679911613464,0.7546367913484573,0.0912805,0.1074211,7.931847437294932,True,True,False,-1.768297576317468,-0.944730181706932,True,67,0.0,0.0
384,2,0250c8d2f1e499db1f3ead3dffa53a9be983dd1aa2ab5af76249342b4679d5b1,40,model.layers.6.mlp.down_proj,down_proj,0,0.4223234627208355,4864x896,3,4864,896,1.75,2,0.9,0.8999999994433893,0.75,3648,False,False,0.7707100671068474,3648,1.239785145572786,0.901479061201826,4320,27,1.4544756488831114,1.4357346581310555,tiles_2s,Tiles (2s),270,0.9204756461404031,4459,2,1.450599754869272,1.4818067047930281,0.02047564669701385,True,False,False,True,135,1.4505997896194458,0.9204758405685425,0.670628,0.7457657,0.6574079990386963,0.733798411488533,0.07127800000000001,0.08246614999999999,9.4086253823059,True,True,False,-1.879100274446266,-1.0353651807477382,True,135,0.0,0.0
385,2,0250c8d2f1e499db1f3ead3dffa53a9be983dd1aa2ab5af76249342b4679d5b1,40,model.layers.7.self_attn.q_proj,q_proj,0,1.0776714929510565,896x896,0,896,896,1.75,0,0.5,0.5000000007130438,0.25,224,False,False,0.31122205476276577,224,0.08694919385941693,0.5594370176841039,444,4,0.15159808614425105,0.1522828133909876,tiles_half_s,Tiles (s/2),68,0.5042977535631508,408,4,0.14921043557667943,0.147132928155855,0.004297752850106917,True,False,False,True,0,0.14921043813228607,0.5042977333068848,0.657764,0.81977795,0.6425760090351105,0.8056831896305083,0.049678,0.07782465,13.240549136438664,True,True,False,2.9453920573557224,2.0175473160059187,True,0,0.0,0.0
385,2,0250c8d2f1e499db1f3ead3dffa53a9be983dd1aa2ab5af76249342b4679d5b1,40,model.layers.7.self_attn.q_proj,q_proj,0,1.0776714929510565,896x896,0,896,896,1.75,0,0.5,0.5000000007130438,0.25,224,False,False,0.31122205476276577,224,0.08694919385941693,0.5594370176841039,444,4,0.15159808614425105,0.1522828133909876,tiles_s,Tiles (s),135,0.6191250371630304,540,2,0.1756725426394723,0.1791694843584936,0.11912503644998651,True,False,False,True,67,0.17567254602909088,0.6191249489784241,0.7952865,1.1882117499999998,0.7788959741592407,1.1679231703281399,0.040145,0.04944309999999998,19.810349981317724,True,True,False,-18.18716773772948,-15.359401844272046,False,0,-0.0002823255962575155,2.7755575615628914e-17
385,2,0250c8d2f1e499db1f3ead3dffa53a9be983dd1aa2ab5af76249342b4679d5b1,40,model.layers.7.self_attn.q_proj,q_proj,0,1.0776714929510565,896x896,0,896,896,1.75,0,0.5,0.5000000007130438,0.25,224,False,False,0.31122205476276577,224,0.08694919385941693,0.5594370176841039,444,4,0.15159808614425105,0.1522828133909876,tiles_2s,Tiles (2s),270,0.6276437823253218,540,2,0.17567254263947227,0.17945180995475113,0.12764378161227796,True,False,False,True,0,0.17567254602909088,0.6276436448097229,0.7860290000000001,1.28793395,0.7716479897499084,1.2710735857486726,0.036352999999999996,0.06456884999999998,21.622121970676428,True,True,False,-18.373400693196263,-15.359401844272025,True,0,0.0,0.0
385,2,0250c8d2f1e499db1f3ead3dffa53a9be983dd1aa2ab5af76249342b4679d5b1,40,model.layers.7.self_attn.q_proj,q_proj,0,1.0776714929510565,896x896,0,896,896,1.75,1,0.7,0.7000000009982613,0.5,448,False,False,0.5687402429466601,448,0.16838324981901345,0.7763741073431447,644,4,0.217256860874864,0.21546864741394245,tiles_half_s,Tiles (s/2),68,0.7245892240025569,612,3,0.2045889050003539,0.2072277566787323,0.024589223004295557,True,False,False,True,34,0.2045889049768448,0.7245892286300659,0.686178,0.9657162999999997,0.6753280162811279,0.9427968114614483,0.045901,0.05282644999999998,14.949086076556066,True,True,False,4.616242799304871,5.049338984658491,True,34,0.0,0.0
385,2,0250c8d2f1e499db1f3ead3dffa53a9be983dd1aa2ab5af76249342b4679d5b1,40,model.layers.7.self_attn.q_proj,q_proj,0,1.0776714929510565,896x896,0,896,896,1.75,1,0.7,0.7000000009982613,0.5,448,False,False,0.5687402429466601,448,0.16838324981901345,0.7763741073431447,644,4,0.217256860874864,0.21546864741394245,tiles_s,Tiles (s),135,0.763122384698363,675,1,0.21959067829934034,0.22431476244343893,0.0631223837001017,True,False,False,True,67,0.2195906788110733,0.7631223201751709,0.6851955000000001,1.06928995,0.6738080084323883,1.053696024417877,0.046547000000000005,0.07218605,14.720508303435237,True,True,False,-3.2486438127448336,-1.9130536785145091,True,67,0.0,0.0
385,2,0250c8d2f1e499db1f3ead3dffa53a9be983dd1aa2ab5af76249342b4679d5b1,40,model.layers.7.self_attn.q_proj,q_proj,0,1.0776714929510565,896x896,0,896,896,1.75,1,0.7,0.7000000009982613,0.5,448,False,False,0.5687402429466601,448,0.16838324981901345,0.7763741073431447,644,4,0.217256860874864,0.21546864741394245,tiles_2s,Tiles (2s),270,0.7682483696844429,675,1,0.21959067829934034,0.22431476244343893,0.06824836868618156,True,False,False,True,135,0.2195906788110733,0.7682482600212097,0.708935,0.8588574999999999,0.6824960112571716,0.8449904054403304,0.0347345,0.0374196,20.41011098475579,True,True,False,-3.2486438127448336,-1.9130536785145091,True,135,0.0,0.0
385,2,0250c8d2f1e499db1f3ead3dffa53a9be983dd1aa2ab5af76249342b4679d5b1,40,model.layers.7.self_attn.q_proj,q_proj,0,1.0776714929510565,896x896,0,896,896,1.75,2,0.9,0.9000000012834789,0.75,672,False,False,0.8047105647274293,672,0.23580645437079897,0.901616091345204,780,3,0.2592081699346405,0.2537492282570155,tiles_half_s,Tiles (s/2),68,0.9300523356068879,816,1,0.265460731099647,0.2711716239316239,0.030052334323409036,True,False,False,True,34,0.265460729598999,0.9300522804260254,0.654974,0.8077169,0.6446080207824707,0.794009593129158,0.0471985,0.054405249999999995,13.877008803245866,True,True,False,-4.615384615384621,-4.615384615384621,True,34,0.0,0.0
385,2,0250c8d2f1e499db1f3ead3dffa53a9be983dd1aa2ab5af76249342b4679d5b1,40,model.layers.7.self_attn.q_proj,q_proj,0,1.0776714929510565,896x896,0,896,896,1.75,2,0.9,0.9000000012834789,0.75,672,False,False,0.8047105647274293,672,0.23580645437079897,0.901616091345204,780,3,0.2592081699346405,0.2537492282570155,tiles_s,Tiles (s),135,0.9018141296983231,810,1,0.26350881395920844,0.26917771493212667,0.001814128414844185,True,False,False,True,67,0.2635088264942169,0.9018141031265259,0.634646,0.7341196,0.6240479946136475,0.7227903872728347,0.039033,0.041872,16.259216560346374,True,True,False,-3.8461538461538325,-3.8461538461538547,True,67,0.0,0.0
385,2,0250c8d2f1e499db1f3ead3dffa53a9be983dd1aa2ab5af76249342b4679d5b1,40,model.layers.7.self_attn.q_proj,q_proj,0,1.0776714929510565,896x896,0,896,896,1.75,2,0.9,0.9000000012834789,0.75,672,False,False,0.8047105647274293,672,0.23580645437079897,0.901616091345204,780,3,0.2592081699346405,0.2537492282570155,tiles_2s,Tiles (2s),270,0.9156261956959497,810,1,0.26350881395920844,0.26917771493212667,0.015626194412470817,True,False,False,True,0,0.2635088264942169,0.9156261682510376,0.642676,0.8557544499999995,0.6323519945144653,0.8435375928878779,0.035336,0.03768555,18.187570749377407,True,True,False,-3.8461538461538325,-3.8461538461538547,True,0,0.0,0.0
386,2,0250c8d2f1e499db1f3ead3dffa53a9be983dd1aa2ab5af76249342b4679d5b1,40,model.layers.7.self_attn.k_proj,k_proj,0,1.0776714929510565,896x128,1,896,128,0.25,0,0.5,0.5000000007130438,0.25,224,False,False,0.2764040428446606,224,0.018949429657794677,0.8345944893662818,736,1,0.03559616,0.03664651603113517,tiles_half_s,Tiles (s/2),472,0.5198246217623819,472,1,0.02747613916319621,0.02632202643171806,0.01982462104933802,True,False,False,True,0,0.02747613936662674,0.5198246836662292,0.649629,0.7083117,0.6361280083656311,0.6969712108373641,0.0333425,0.042273099999999994,19.4835120341906,True,True,False,26.05374728139761,25.023870918991953,True,0,0.0,0.0
386,2,0250c8d2f1e499db1f3ead3dffa53a9be983dd1aa2ab5af76249342b4679d5b1,40,model.layers.7.self_attn.k_proj,k_proj,0,1.0776714929510565,896x128,1,896,128,0.25,0,0.5,0.5000000007130438,0.25,224,False,False,0.2764040428446606,224,0.018949429657794677,0.8345944893662818,736,1,0.03559616,0.03664651603113517,tiles_s,Tiles (s),896,0.5110848088806961,448,1,0.026642468538838122,0.025773178458289338,0.011084808167652227,True,False,False,True,448,0.026642467826604843,0.5110846757888794,0.63414,0.665385,0.6245120167732239,0.6544063925743103,0.032701,0.03883739999999999,19.39206752087092,True,True,False,27.59562138643793,27.298768275263953,True,448,0.0,0.0
386,2,0250c8d2f1e499db1f3ead3dffa53a9be983dd1aa2ab5af76249342b4679d5b1,40,model.layers.7.self_attn.k_proj,k_proj,0,1.0776714929510565,896x128,1,896,128,0.25,0,0.5,0.5000000007130438,0.25,224,False,False,0.2764040428446606,224,0.018949429657794677,0.8345944893662818,736,1,0.03559616,0.03664651603113517,tiles_2s,Tiles (2s),896,0.5110848088806961,448,1,0.026642468538838122,0.025773178458289338,0.011084808167652227,True,False,False,True,448,0.026642467826604843,0.5110846757888794,0.6399859999999999,0.6832747499999999,0.6277120113372803,0.6724095940589905,0.034224000000000004,0.048345899999999956,18.699918186068253,True,True,False,27.59562138643793,27.298768275263953,True,448,0.0,0.0
386,2,0250c8d2f1e499db1f3ead3dffa53a9be983dd1aa2ab5af76249342b4679d5b1,40,model.layers.7.self_attn.k_proj,k_proj,0,1.0776714929510565,896x128,1,896,128,0.25,1,0.7,0.7000000009982613,0.5,448,False,False,0.5363447545678355,448,0.03634124909539145,0.8345944893662818,736,1,0.03559616,0.03664651603113517,tiles_half_s,Tiles (s/2),472,0.8001495281932876,708,1,0.0356739003027174,0.03657105263157895,0.10014952719502623,True,False,False,True,236,0.035673901438713074,0.8001495599746704,0.636665,0.7223946,0.6262719929218292,0.711679995059967,0.033267500000000005,0.03680165,19.137747050424586,True,True,False,-2.7387578648341515,2.654046915650654,True,236,0.0,0.0
386,2,0250c8d2f1e499db1f3ead3dffa53a9be983dd1aa2ab5af76249342b4679d5b1,40,model.layers.7.self_attn.k_proj,k_proj,0,1.0776714929510565,896x128,1,896,128,0.25,1,0.7,0.7000000009982613,0.5,448,False,False,0.5363447545678355,448,0.03634124909539145,0.8345944893662818,736,1,0.03559616,0.03664651603113517,tiles_s,Tiles (s),896,1.0000000014260877,896,1,0.04220432019352241,0.043105703422053235,0.3000000004278264,True,False,False,True,0,0.042204320430755615,0.9999998807907104,0.6668510000000001,0.8383353,0.6476799845695496,0.823705580830574,0.0318595,0.0337706,20.930993895070547,True,True,False,-21.09649867304011,-15.165982375146637,True,0,0.0,0.0
386,2,0250c8d2f1e499db1f3ead3dffa53a9be983dd1aa2ab5af76249342b4679d5b1,40,model.layers.7.self_attn.k_proj,k_proj,0,1.0776714929510565,896x128,1,896,128,0.25,1,0.7,0.7000000009982613,0.5,448,False,False,0.5363447545678355,448,0.03634124909539145,0.8345944893662818,736,1,0.03559616,0.03664651603113517,tiles_2s,Tiles (2s),896,1.0000000014260877,896,1,0.04220432019352241,0.043105703422053235,0.3000000004278264,True,False,False,True,0,0.042204320430755615,0.9999998807907104,0.7134985,0.8068716999999999,0.7004160284996033,0.7945215851068496,0.033377000000000004,0.038380149999999995,21.37695119393594,True,True,False,-21.09649867304011,-15.165982375146637,True,0,0.0,0.0
386,2,0250c8d2f1e499db1f3ead3dffa53a9be983dd1aa2ab5af76249342b4679d5b1,40,model.layers.7.self_attn.k_proj,k_proj,0,1.0776714929510565,896x128,1,896,128,0.25,2,0.9,0.9000000012834789,0.75,672,False,False,0.7729629246459808,672,0.04411609029795707,0.9702557785785757,864,1,0.04185874769797422,0.041092759361044964,tiles_half_s,Tiles (s/2),472,1.0000000014260877,896,1,0.04220432019352241,0.043105703422053235,0.10000000014260879,True,False,False,True,0,0.042204320430755615,0.9999998807907104,0.7198154999999999,0.75829725,0.705024003982544,0.7401472270488738,0.033262,0.03885959999999998,21.640776261198965,True,True,False,-2.9789608926579447,-2.70500411693253,True,0,0.0,0.0
386,2,0250c8d2f1e499db1f3ead3dffa53a9be983dd1aa2ab5af76249342b4679d5b1,40,model.layers.7.self_attn.k_proj,k_proj,0,1.0776714929510565,896x128,1,896,128,0.25,2,0.9,0.9000000012834789,0.75,672,False,False,0.7729629246459808,672,0.04411609029795707,0.9702557785785757,864,1,0.04185874769797422,0.041092759361044964,tiles_s,Tiles (s),896,1.0000000014260877,896,1,0.04220432019352241,0.043105703422053235,0.10000000014260879,True,False,False,True,0,0.042204320430755615,0.9999998807907104,0.7265079999999999,0.9532309,0.7137279808521271,0.9321983993053435,0.032135,0.03413,22.607997510502567,True,True,False,-2.9789608926579447,-2.70500411693253,True,0,0.0,0.0
386,2,0250c8d2f1e499db1f3ead3dffa53a9be983dd1aa2ab5af76249342b4679d5b1,40,model.layers.7.self_attn.k_proj,k_proj,0,1.0776714929510565,896x128,1,896,128,0.25,2,0.9,0.9000000012834789,0.75,672,False,False,0.7729629246459808,672,0.04411609029795707,0.9702557785785757,864,1,0.04185874769797422,0.041092759361044964,tiles_2s,Tiles (2s),896,1.0000000014260877,896,1,0.04220432019352241,0.043105703422053235,0.10000000014260879,True,False,False,True,0,0.042204320430755615,0.9999998807907104,0.6440684999999999,0.76160655,0.6333439946174622,0.740827202796936,0.032656,0.035283999999999996,19.722822758451738,True,True,False,-2.9789608926579447,-2.70500411693253,True,0,0.0,0.0
389,2,0250c8d2f1e499db1f3ead3dffa53a9be983dd1aa2ab5af76249342b4679d5b1,40,model.layers.7.mlp.gate_proj,gate_proj,0,0.5959792753151013,896x4864,2,896,4864,9.5,0,0.5,0.49999999491532776,0.25,224,False,False,0.31315963545301884,224,0.4404629129011321,0.5164438732196572,406,22,0.7654331180644979,0.7796848378095746,tiles_half_s,Tiles (s/2),12,0.5078028197749518,408,19,0.7846723831096226,0.7812041065379007,0.007802824859624025,True,False,False,True,6,0.7846724390983582,0.5078034996986389,0.723607,0.7627975499999999,0.7111679911613464,0.7473839998245239,0.1083325,0.1156431,6.679500611543165,True,True,False,-2.060400589052369,-0.6396873529129765,False,0,-0.005275345126010911,-0.006103729639576172
389,2,0250c8d2f1e499db1f3ead3dffa53a9be983dd1aa2ab5af76249342b4679d5b1,40,model.layers.7.mlp.gate_proj,gate_proj,0,0.5959792753151013,896x4864,2,896,4864,9.5,0,0.5,0.49999999491532776,0.25,224,False,False,0.31315963545301884,224,0.4404629129011321,0.5164438732196572,406,22,0.7654331180644979,0.7796848378095746,tiles_s,Tiles (s),25,0.5170562941227104,425,10,0.7505586147162641,0.7693087969949178,0.017056299207382608,True,False,False,True,0,0.750558614730835,0.5170565247535706,0.7343425,0.7984097,0.7188479900360107,0.7836160004138946,0.066454,0.07720489999999997,11.050388238480753,True,True,False,-0.5063380247016358,3.735640566659859,True,0,0.0,0.0
389,2,0250c8d2f1e499db1f3ead3dffa53a9be983dd1aa2ab5af76249342b4679d5b1,40,model.layers.7.mlp.gate_proj,gate_proj,0,0.5959792753151013,896x4864,2,896,4864,9.5,0,0.5,0.49999999491532776,0.25,224,False,False,0.31315963545301884,224,0.4404629129011321,0.5164438732196572,406,22,0.7654331180644979,0.7796848378095746,tiles_2s,Tiles (2s),50,0.529377004946582,450,6,0.7947091214642795,0.8118058069381598,0.029377010031254258,True,False,False,True,25,0.7947091460227966,0.5293769836425781,0.673233,0.7369569,0.6579200029373169,0.7220224142074585,0.049533,0.05510815,13.591605596269153,True,True,False,-6.058359349660969,-1.9269688117719008,True,25,0.0,0.0
389,2,0250c8d2f1e499db1f3ead3dffa53a9be983dd1aa2ab5af76249342b4679d5b1,40,model.layers.7.mlp.gate_proj,gate_proj,0,0.5959792753151013,896x4864,2,896,4864,9.5,1,0.7,0.6999999928814589,0.5,448,False,False,0.5631818761928002,448,0.855102746081733,0.7158747122618365,595,29,1.1114201513886095,1.1224069803348742,tiles_half_s,Tiles (s/2),12,0.7106444173841737,600,15,1.0939808549998329,1.1044133472361655,0.010644424502714855,True,False,False,True,6,1.0939807891845703,0.7106447219848633,0.71435,0.7425826999999999,0.7014400064945221,0.7310336172580718,0.11501,0.121444,6.211199026171638,True,True,False,0.6304370263297554,2.5326041117955556,True,6,0.0,0.0
389,2,0250c8d2f1e499db1f3ead3dffa53a9be983dd1aa2ab5af76249342b4679d5b1,40,model.layers.7.mlp.gate_proj,gate_proj,0,0.5959792753151013,896x4864,2,896,4864,9.5,1,0.7,0.6999999928814589,0.5,448,False,False,0.5631818761928002,448,0.855102746081733,0.7158747122618365,595,29,1.1114201513886095,1.1224069803348742,tiles_s,Tiles (s),25,0.7042690376280802,600,9,1.0596121619523728,1.0829284051170998,0.0042690447466213755,True,False,False,True,0,1.0596122741699219,0.7042690515518188,0.7173305,0.7680078499999999,0.7039999961853027,0.7526912033557892,0.070627,0.07737055,10.156604414742239,True,True,False,2.5635441498799594,5.594656794077157,True,0,0.0,0.0
389,2,0250c8d2f1e499db1f3ead3dffa53a9be983dd1aa2ab5af76249342b4679d5b1,40,model.layers.7.mlp.gate_proj,gate_proj,0,0.5959792753151013,896x4864,2,896,4864,9.5,1,0.7,0.6999999928814589,0.5,448,False,False,0.5631818761928002,448,0.855102746081733,0.7158747122618365,595,29,1.1114201513886095,1.1224069803348742,tiles_2s,Tiles (2s),50,0.7454765993752517,650,5,1.1479131754484038,1.1726083877995643,0.045476606493792815,True,False,False,True,25,1.1479132175445557,0.7454766035079956,0.712552,0.7669733,0.6999040246009827,0.7470592260360718,0.050163,0.05637724999999999,14.20473257181588,True,True,False,-5.505410022888846,-2.2724551397497406,True,25,0.0,0.0
389,2,0250c8d2f1e499db1f3ead3dffa53a9be983dd1aa2ab5af76249342b4679d5b1,40,model.layers.7.mlp.gate_proj,gate_proj,0,0.5959792753151013,896x4864,2,896,4864,9.5,2,0.9,0.89999999084759,0.75,672,False,False,0.7933337956080209,672,1.2568654654192348,0.9102576282336372,794,26,1.4565036914975826,1.4490544813591066,tiles_half_s,Tiles (s/2),12,0.9028782630218188,792,8,1.398688053777132,1.4287782202111614,0.0028782721742288686,True,False,False,True,6,1.3986880779266357,0.9028783440589905,0.637842,0.7232824999999999,0.6251839995384216,0.7098879754543304,0.11751,0.1258242,5.427980597395966,True,True,False,1.9035634065516005,3.475813244422299,True,6,0.0,0.0
389,2,0250c8d2f1e499db1f3ead3dffa53a9be983dd1aa2ab5af76249342b4679d5b1,40,model.layers.7.mlp.gate_proj,gate_proj,0,0.5959792753151013,896x4864,2,896,4864,9.5,2,0.9,0.89999999084759,0.75,672,False,False,0.7933337956080209,672,1.2568654654192348,0.9102576282336372,794,26,1.4565036914975826,1.4490544813591066,tiles_s,Tiles (s),25,0.9070575787506527,800,4,1.412816215936497,1.4432103234456175,0.0070575879030627675,True,False,False,True,0,1.4128162860870361,0.9070575833320618,0.6356580000000001,0.7843292,0.6254880130290985,0.7684752076864242,0.071824,0.0772021,8.85021719759412,True,True,False,0.9126903096480898,2.5008214590124145,True,0,0.0,0.0
389,2,0250c8d2f1e499db1f3ead3dffa53a9be983dd1aa2ab5af76249342b4679d5b1,40,model.layers.7.mlp.gate_proj,gate_proj,0,0.5959792753151013,896x4864,2,896,4864,9.5,2,0.9,0.89999999084759,0.75,672,False,False,0.7933337956080209,672,1.2568654654192348,0.9102576282336372,794,26,1.4565036914975826,1.4490544813591066,tiles_2s,Tiles (2s),50,0.9001784580347589,796,2,1.4057521348568147,1.4359942718283896,0.00017846718716896248,True,False,False,True,0,1.405752182006836,0.9001784324645996,0.6598284999999999,0.74164005,0.6492159962654114,0.7239167958498001,0.051261,0.0557827,12.871939681239146,True,True,False,1.408126858099834,2.98831735171734,True,0,0.0,0.0
401,2,0250c8d2f1e499db1f3ead3dffa53a9be983dd1aa2ab5af76249342b4679d5b1,40,model.layers.9.self_attn.v_proj,v_proj,0,1.2747644803810312,896x128,1,896,128,0.25,0,0.5,0.49999999970168574,0.25,224,True,False,0.28612112703558523,224,0.018949429657794677,0.9532393904955825,832,1,0.04029536541889483,0.03998119852856752,tiles_half_s,Tiles (s/2),472,0.5042075731471414,424,1,0.025808797914480035,0.024313751263902932,0.004207573445455637,True,False,False,True,0,0.025808798149228096,0.5042074918746948,0.7102975,0.7761895,0.698384016752243,0.7651152074337005,0.0327415,0.037323049999999997,21.694103813203427,True,True,False,39.66117192102193,35.447663240913016,True,0,0.0,0.0
401,2,0250c8d2f1e499db1f3ead3dffa53a9be983dd1aa2ab5af76249342b4679d5b1,40,model.layers.9.self_attn.v_proj,v_proj,0,1.2747644803810312,896x128,1,896,128,0.25,0,0.5,0.49999999970168574,0.25,224,True,False,0.28612112703558523,224,0.018949429657794677,0.9532393904955825,832,1,0.04029536541889483,0.03998119852856752,tiles_s,Tiles (s),896,0.5382940596609842,448,1,0.026642468538838122,0.025773178458289338,0.038294059959298465,True,False,False,True,448,0.026642467826604843,0.5382939577102661,0.6230895000000001,0.6723616499999999,0.6122560203075409,0.6616592168807983,0.0323355,0.035356099999999994,19.26951802198822,True,True,False,36.03934797373972,33.36250657968284,True,448,0.0,0.0
401,2,0250c8d2f1e499db1f3ead3dffa53a9be983dd1aa2ab5af76249342b4679d5b1,40,model.layers.9.self_attn.v_proj,v_proj,0,1.2747644803810312,896x128,1,896,128,0.25,0,0.5,0.49999999970168574,0.25,224,True,False,0.28612112703558523,224,0.018949429657794677,0.9532393904955825,832,1,0.04029536541889483,0.03998119852856752,tiles_2s,Tiles (2s),896,0.5382940596609842,448,1,0.026642468538838122,0.025773178458289338,0.038294059959298465,True,False,False,True,448,0.026642467826604843,0.5382939577102661,0.6370955,0.70405025,0.6266880035400391,0.6878207862377166,0.032485,0.034402049999999997,19.61199014929968,True,True,False,36.03934797373972,33.36250657968284,True,448,0.0,0.0
401,2,0250c8d2f1e499db1f3ead3dffa53a9be983dd1aa2ab5af76249342b4679d5b1,40,model.layers.9.self_attn.v_proj,v_proj,0,1.2747644803810312,896x128,1,896,128,0.25,1,0.7,0.69999999958236,0.5,448,True,False,0.5637989562965231,448,0.03634124909539145,0.9532393904955825,832,1,0.04029536541889483,0.03998119852856752,tiles_half_s,Tiles (s/2),472,0.7790497595560737,708,1,0.0356739003027174,0.03657105263157895,0.07904975997371366,True,False,False,True,236,0.035673901438713074,0.7790497541427612,0.6278735,0.7607395499999999,0.6164160072803497,0.7444991946220397,0.033271999999999996,0.03842805,18.87092750661217,True,True,False,9.242533846260937,10.773309416355914,True,236,0.0,0.0
401,2,0250c8d2f1e499db1f3ead3dffa53a9be983dd1aa2ab5af76249342b4679d5b1,40,model.layers.9.self_attn.v_proj,v_proj,0,1.2747644803810312,896x128,1,896,128,0.25,1,0.7,0.69999999958236,0.5,448,True,False,0.5637989562965231,448,0.03634124909539145,0.9532393904955825,832,1,0.04029536541889483,0.03998119852856752,tiles_s,Tiles (s),896,0.9999999994033715,896,1,0.04220432019352241,0.043105703422053235,0.29999999982101144,True,False,False,True,0,0.042204320430755615,0.9999998807907104,0.7059095,0.77821725,0.6932479739189148,0.7634431988000869,0.03196,0.034211099999999994,22.087280976220274,True,True,False,-6.974345495922996,-5.560417763280445,True,0,0.0,0.0
401,2,0250c8d2f1e499db1f3ead3dffa53a9be983dd1aa2ab5af76249342b4679d5b1,40,model.layers.9.self_attn.v_proj,v_proj,0,1.2747644803810312,896x128,1,896,128,0.25,1,0.7,0.69999999958236,0.5,448,True,False,0.5637989562965231,448,0.03634124909539145,0.9532393904955825,832,1,0.04029536541889483,0.03998119852856752,tiles_2s,Tiles (2s),896,0.9999999994033715,896,1,0.04220432019352241,0.043105703422053235,0.29999999982101144,True,False,False,True,0,0.042204320430755615,0.9999998807907104,0.63404,0.7246925999999999,0.6231039762496948,0.7077376186847686,0.0322905,0.03369,19.635496508260946,True,True,False,-6.974345495922996,-5.560417763280445,True,0,0.0,0.0
401,2,0250c8d2f1e499db1f3ead3dffa53a9be983dd1aa2ab5af76249342b4679d5b1,40,model.layers.9.self_attn.v_proj,v_proj,0,1.2747644803810312,896x128,1,896,128,0.25,2,0.9,0.8999999994630343,0.75,672,True,False,0.7728106039430713,672,0.033354733727810656,0.9532393904955825,832,1,0.04029536541889483,0.03998119852856752,tiles_half_s,Tiles (s/2),472,0.9999999994033715,896,1,0.04220432019352241,0.043105703422053235,0.09999999994033715,True,False,False,True,0,0.042204320430755615,0.9999998807907104,0.7127265,0.7547381,0.7004159986972809,0.7415296107530593,0.0333375,0.03692519999999999,21.379122609673793,True,True,False,-6.974345495922996,-5.560417763280445,True,0,0.0,0.0
401,2,0250c8d2f1e499db1f3ead3dffa53a9be983dd1aa2ab5af76249342b4679d5b1,40,model.layers.9.self_attn.v_proj,v_proj,0,1.2747644803810312,896x128,1,896,128,0.25,2,0.9,0.8999999994630343,0.75,672,True,False,0.7728106039430713,672,0.033354733727810656,0.9532393904955825,832,1,0.04029536541889483,0.03998119852856752,tiles_s,Tiles (s),896,0.9999999994033715,896,1,0.04220432019352241,0.043105703422053235,0.09999999994033715,True,False,False,True,0,0.042204320430755615,0.9999998807907104,0.7073815,0.7459181500000001,0.6937759816646576,0.7323648005723953,0.032715999999999995,0.038270999999999986,21.621882259444924,True,True,False,-6.974345495922996,-5.560417763280445,True,0,0.0,0.0
401,2,0250c8d2f1e499db1f3ead3dffa53a9be983dd1aa2ab5af76249342b4679d5b1,40,model.layers.9.self_attn.v_proj,v_proj,0,1.2747644803810312,896x128,1,896,128,0.25,2,0.9,0.8999999994630343,0.75,672,True,False,0.7728106039430713,672,0.033354733727810656,0.9532393904955825,832,1,0.04029536541889483,0.03998119852856752,tiles_2s,Tiles (2s),896,0.9999999994033715,896,1,0.04220432019352241,0.043105703422053235,0.09999999994033715,True,False,False,True,0,0.042204320430755615,0.9999998807907104,0.7085795,0.7435054,0.6957599818706512,0.7267327845096587,0.032205,0.034610049999999996,22.00215804999224,True,True,False,-6.974345495922996,-5.560417763280445,True,0,0.0,0.0
402,2,0250c8d2f1e499db1f3ead3dffa53a9be983dd1aa2ab5af76249342b4679d5b1,40,model.layers.9.self_attn.o_proj,o_proj,0,1.1581201071512823,896x896,0,896,896,1.75,0,0.5,0.499999992122639,0.25,224,True,False,0.4878531486610882,224,0.09210855611250751,0.5772319287061691,300,3,0.10508595868458617,0.1061880302837941,tiles_half_s,Tiles (s/2),68,0.5320120723336004,272,2,0.088486910366549,0.090685140562249,0.03201208021096136,True,False,False,True,0,0.08848690986633301,0.5320121049880981,0.7124064999999999,0.7415830999999999,0.7004160284996033,0.7222271829843521,0.041958499999999996,0.044514,16.97883623103781,True,True,False,13.70384616803183,16.669600019830632,True,0,0.0,0.0
402,2,0250c8d2f1e499db1f3ead3dffa53a9be983dd1aa2ab5af76249342b4679d5b1,40,model.layers.9.self_attn.o_proj,o_proj,0,1.1581201071512823,896x896,0,896,896,1.75,0,0.5,0.499999992122639,0.25,224,True,False,0.4878531486610882,224,0.09210855611250751,0.5772319287061691,300,3,0.10508595868458617,0.1061880302837941,tiles_s,Tiles (s),135,0.5275079295388423,270,2,0.08783627131973613,0.08916125378486058,0.027507937416203276,True,False,False,True,0,0.08783627301454544,0.5275079011917114,0.7028285,0.73482015,0.6886399984359741,0.7230464220046997,0.037489999999999996,0.04745209999999997,18.74709255801547,True,True,False,15.153979750542456,17.28232354909659,True,0,0.0,0.0
402,2,0250c8d2f1e499db1f3ead3dffa53a9be983dd1aa2ab5af76249342b4679d5b1,40,model.layers.9.self_attn.o_proj,o_proj,0,1.1581201071512823,896x896,0,896,896,1.75,0,0.5,0.499999992122639,0.25,224,True,False,0.4878531486610882,224,0.09210855611250751,0.5772319287061691,300,3,0.10508595868458617,0.1061880302837941,tiles_2s,Tiles (2s),270,0.7099980454077013,405,1,0.13175440697960422,0.13458885746606333,0.20999805328506227,True,False,False,True,135,0.13175441324710846,0.7099980115890503,0.72488,0.8131337,0.709632009267807,0.781465584039688,0.0339235,0.03611905,21.368078175895764,True,True,False,-28.075015112180335,-24.076514676355142,True,135,0.0,0.0
402,2,0250c8d2f1e499db1f3ead3dffa53a9be983dd1aa2ab5af76249342b4679d5b1,40,model.layers.9.self_attn.o_proj,o_proj,0,1.1581201071512823,896x896,0,896,896,1.75,1,0.7,0.6999999889716946,0.5,448,True,True,0.7819268895182176,448,0.16464756305382913,0.7380283770326059,416,4,0.14569813339603443,0.1454745032920632,tiles_half_s,Tiles (s/2),68,0.7147191971889697,408,1,0.1327303655498235,0.13558581196581196,0.014719208217275126,True,True,True,True,0,0.1327303647994995,0.7147192358970642,0.7137835,0.7461496999999999,0.7019519805908203,0.7199743986129761,0.042289,0.04632405,16.87870368180851,True,True,True,6.940597792516201,8.760392683145179,True,0,0.0,0.0
402,2,0250c8d2f1e499db1f3ead3dffa53a9be983dd1aa2ab5af76249342b4679d5b1,40,model.layers.9.self_attn.o_proj,o_proj,0,1.1581201071512823,896x896,0,896,896,1.75,1,0.7,0.6999999889716946,0.5,448,True,True,0.7819268895182176,448,0.16464756305382913,0.7380283770326059,416,4,0.14569813339603443,0.1454745032920632,tiles_s,Tiles (s),135,0.7099980454077013,405,1,0.13175440697960422,0.13458885746606333,0.009998056436006708,True,True,True,True,0,0.13175441324710846,0.7099980115890503,0.705468,0.74035455,0.6942720115184784,0.7271423935890198,0.037064,0.041102099999999996,19.033779408590547,True,True,True,7.624858102865351,9.43127214871029,True,0,0.0,0.0
402,2,0250c8d2f1e499db1f3ead3dffa53a9be983dd1aa2ab5af76249342b4679d5b1,40,model.layers.9.self_attn.o_proj,o_proj,0,1.1581201071512823,896x896,0,896,896,1.75,1,0.7,0.6999999889716946,0.5,448,True,True,0.7819268895182176,448,0.16464756305382913,0.7380283770326059,416,4,0.14569813339603443,0.1454745032920632,tiles_2s,Tiles (2s),270,0.7099980454077013,405,1,0.13175440697960422,0.13458885746606333,0.009998056436006708,True,True,True,True,135,0.13175441324710846,0.7099980115890503,0.7188535,0.7810374999999999,0.7070720195770264,0.7648768097162246,0.03487,0.03723955,20.61524232864927,True,True,True,7.624858102865351,9.43127214871029,True,135,0.0,0.0
402,2,0250c8d2f1e499db1f3ead3dffa53a9be983dd1aa2ab5af76249342b4679d5b1,40,model.layers.9.self_attn.o_proj,o_proj,0,1.1581201071512823,896x896,0,896,896,1.75,2,0.9,0.8999999858207502,0.75,672,True,True,0.9452086926685297,672,0.2457978169564995,0.9340960227782489,652,4,0.228874337869047,0.22891706165305634,tiles_half_s,Tiles (s/2),68,0.9018708616640652,624,3,0.21020647875695822,0.21260893068254016,0.001870875843314912,True,True,True,True,34,0.21020647883415222,0.9018707871437073,0.7247995,0.8010787,0.7106559872627258,0.7839567989110946,0.044658500000000004,0.055247199999999996,16.229821870416604,True,True,True,7.106697648127458,8.173520471119634,True,34,0.0,0.0
402,2,0250c8d2f1e499db1f3ead3dffa53a9be983dd1aa2ab5af76249342b4679d5b1,40,model.layers.9.self_attn.o_proj,o_proj,0,1.1581201071512823,896x896,0,896,896,1.75,2,0.9,0.8999999858207502,0.75,672,True,True,0.9452086926685297,672,0.2457978169564995,0.9340960227782489,652,4,0.228874337869047,0.22891706165305634,tiles_s,Tiles (s),135,0.9381219734682418,742,2,0.24138708636757117,0.24658007960449138,0.03812198764749153,True,False,False,True,67,0.24138709902763367,0.9381219744682312,0.713674,0.7441098500000001,0.7019360065460205,0.7269584089517593,0.039454,0.04514819999999999,18.08876159578243,True,True,False,-7.736010030785945,-5.44739855756764,True,67,0.0,0.0
402,2,0250c8d2f1e499db1f3ead3dffa53a9be983dd1aa2ab5af76249342b4679d5b1,40,model.layers.9.self_attn.o_proj,o_proj,0,1.1581201071512823,896x896,0,896,896,1.75,2,0.9,0.8999999858207502,0.75,672,True,True,0.9452086926685297,672,0.2457978169564995,0.9340960227782489,652,4,0.228874337869047,0.22891706165305634,tiles_2s,Tiles (2s),270,0.999999984245278,896,1,0.2914862929721614,0.29775707725825373,0.09999999842452778,True,False,False,True,0,0.29148629307746887,1.0,0.7187435,0.75177405,0.705024003982544,0.7322623997926712,0.035341,0.038347599999999996,20.33738434113353,True,True,False,-30.096313999439616,-27.332707692157143,True,0,0.0,0.0
404,2,0250c8d2f1e499db1f3ead3dffa53a9be983dd1aa2ab5af76249342b4679d5b1,40,model.layers.9.mlp.up_proj,up_proj,0,0.5511580160106352,896x4864,2,896,4864,9.5,0,0.5,0.4999999956815202,0.25,224,False,False,0.32001286038536136,224,0.4383309763306332,0.5170115697906681,397,21,0.7434843561466773,0.7581329675220665,tiles_half_s,Tiles (s/2),12,0.5002253095804576,396,20,0.7646069822655738,0.764379184738273,0.00022531389893742926,True,False,False,True,0,0.7646070122718811,0.5002248287200928,0.7210025,0.7735405,0.7065600156784058,0.754311978816986,0.10800699999999999,0.11943619999999999,6.675516401714704,True,True,False,-2.8103925010459108,-0.8539418572796498,True,0,0.0,0.0
404,2,0250c8d2f1e499db1f3ead3dffa53a9be983dd1aa2ab5af76249342b4679d5b1,40,model.layers.9.mlp.up_proj,up_proj,0,0.5511580160106352,896x4864,2,896,4864,9.5,0,0.5,0.4999999956815202,0.25,224,False,False,0.32001286038536136,224,0.4383309763306332,0.5170115697906681,397,21,0.7434843561466773,0.7581329675220665,tiles_s,Tiles (s),25,0.5161190656431813,425,11,0.7505586147162641,0.7698294595278045,0.016119069961661125,True,False,False,True,0,0.750558614730835,0.5161188840866089,0.7192795000000001,0.8230755,0.7065599858760834,0.8059904187917709,0.065938,0.0718631,10.908421547514333,True,True,False,-3.543464386751638,0.9990797301110632,True,0,0.0,0.0
404,2,0250c8d2f1e499db1f3ead3dffa53a9be983dd1aa2ab5af76249342b4679d5b1,40,model.layers.9.mlp.up_proj,up_proj,0,0.5511580160106352,896x4864,2,896,4864,9.5,0,0.5,0.4999999956815202,0.25,224,False,False,0.32001286038536136,224,0.4383309763306332,0.5170115697906681,397,21,0.7434843561466773,0.7581329675220665,tiles_2s,Tiles (2s),50,0.5332561274477143,450,6,0.7947091214642796,0.8118058069381598,0.03325613176619413,True,False,False,True,0,0.7947090864181519,0.5332559943199158,0.741952,0.8226102499999999,0.7301120162010193,0.8026624143123625,0.048916,0.056296649999999976,15.167879630386784,True,True,False,-9.189359564413468,-4.82450381517654,False,25,-1.1102230246251565e-16,0.0
404,2,0250c8d2f1e499db1f3ead3dffa53a9be983dd1aa2ab5af76249342b4679d5b1,40,model.layers.9.mlp.up_proj,up_proj,0,0.5511580160106352,896x4864,2,896,4864,9.5,1,0.7,0.6999999939541283,0.5,448,False,False,0.5738658897531081,448,0.8408663716156096,0.7006341361625914,569,29,1.0603041423774648,1.0738142026288162,tiles_half_s,Tiles (s/2),12,0.702911898471541,588,18,1.0685629527795404,1.0855285690118979,0.0029119045174127445,True,False,False,True,0,1.0685629844665527,0.7029116749763489,0.7204714999999999,0.75247785,0.7086079716682434,0.7313407927751541,0.1139625,0.1233656,6.322005045519359,True,True,False,-2.3789802969055307,0.48902778864539087,True,0,0.0,0.0
404,2,0250c8d2f1e499db1f3ead3dffa53a9be983dd1aa2ab5af76249342b4679d5b1,40,model.layers.9.mlp.up_proj,up_proj,0,0.5511580160106352,896x4864,2,896,4864,9.5,1,0.7,0.6999999939541283,0.5,448,False,False,0.5738658897531081,448,0.8408663716156096,0.7006341361625914,569,29,1.0603041423774648,1.0738142026288162,tiles_s,Tiles (s),25,0.7047996999240809,600,9,1.0596121619523728,1.0824077425842131,0.004799705969952606,True,False,False,True,12,1.0596121549606323,0.7047996520996094,0.720842,0.77181855,0.7055360078811646,0.7570432096719741,0.06747600000000001,0.073739,10.682939119094195,True,True,False,-2.0846471614443196,1.3225789565527446,False,0,-0.0010413250657734796,0.0
404,2,0250c8d2f1e499db1f3ead3dffa53a9be983dd1aa2ab5af76249342b4679d5b1,40,model.layers.9.mlp.up_proj,up_proj,0,0.5511580160106352,896x4864,2,896,4864,9.5,1,0.7,0.6999999939541283,0.5,448,False,False,0.5738658897531081,448,0.8408663716156096,0.7006341361625914,569,29,1.0603041423774648,1.0738142026288162,tiles_2s,Tiles (2s),50,0.7447078596229062,646,5,1.1408490943687215,1.1653923361823362,0.044707865668777935,True,False,False,True,0,1.140849232673645,0.7447077035903931,0.7072715,0.73125615,0.694271981716156,0.719871997833252,0.049262,0.05420855,14.357344403394098,True,True,False,-9.91113677715505,-6.24268999011155,True,0,0.0,0.0
404,2,0250c8d2f1e499db1f3ead3dffa53a9be983dd1aa2ab5af76249342b4679d5b1,40,model.layers.9.mlp.up_proj,up_proj,0,0.5511580160106352,896x4864,2,896,4864,9.5,2,0.9,0.8999999922267364,0.75,672,False,False,0.8065190866250873,672,1.249119631404062,0.9018489905643605,775,30,1.4298598730408767,1.4317923591916375,tiles_half_s,Tiles (s/2),12,0.9065105715195045,792,9,1.4105198989246184,1.4377211661124978,0.006510579292768104,True,False,False,True,0,1.4105199575424194,0.9065104126930237,0.7180865000000001,0.76192295,0.7065600156784058,0.7392767935991287,0.118722,0.12995619999999997,6.048470376172909,True,True,False,-0.5497946491010097,1.4857224324782092,True,0,0.0,0.0
404,2,0250c8d2f1e499db1f3ead3dffa53a9be983dd1aa2ab5af76249342b4679d5b1,40,model.layers.9.mlp.up_proj,up_proj,0,0.5511580160106352,896x4864,2,896,4864,9.5,2,0.9,0.8999999922267364,0.75,672,False,False,0.8065190866250873,672,1.249119631404062,0.9018489905643605,775,30,1.4298598730408767,1.4317923591916375,tiles_s,Tiles (s),25,0.906585626951312,800,4,1.412816215936497,1.4432103234456175,0.006585634724575518,True,False,False,True,12,1.4128162860870361,0.906585693359375,0.7158329999999999,0.73563535,0.7034879922866821,0.7200767993927002,0.0721495,0.08095889999999999,9.921524057685776,True,True,False,-0.9336894234501791,1.3253418439705955,True,12,0.0,0.0
404,2,0250c8d2f1e499db1f3ead3dffa53a9be983dd1aa2ab5af76249342b4679d5b1,40,model.layers.9.mlp.up_proj,up_proj,0,0.5511580160106352,896x4864,2,896,4864,9.5,2,0.9,0.8999999922267364,0.75,672,False,False,0.8065190866250873,672,1.249119631404062,0.9018489905643605,775,30,1.4298598730408767,1.4317923591916375,tiles_2s,Tiles (2s),50,0.9059900797506657,800,2,1.412816215936497,1.4432103234456175,0.005990087523929266,True,False,False,True,25,1.4128162860870361,0.9059900641441345,0.7160635,0.7894818999999998,0.7034879922866821,0.7772160112857818,0.052267999999999995,0.0595637,13.699845029463535,True,True,False,-0.9336894234501791,1.3253418439705955,True,25,0.0,0.0
405,2,0250c8d2f1e499db1f3ead3dffa53a9be983dd1aa2ab5af76249342b4679d5b1,40,model.layers.9.mlp.down_proj,down_proj,0,0.5468416128811502,4864x896,3,4864,896,1.75,0,0.5,0.5000000001309672,0.25,1216,False,False,0.2732471553463256,1212,0.4214006057639645,0.5031745050218888,2304,19,0.7801992533509803,0.7707583803675571,tiles_half_s,Tiles (s/2),68,0.5002795898180921,2312,18,0.7960855915206156,0.8001430083606927,0.000279589687124826,True,False,False,True,34,0.7960855960845947,0.5002797842025757,0.7252505,0.7515385,0.7106559872627258,0.7388672232627869,0.1223985,0.12798659999999998,5.925321797244248,True,True,False,-2.556238669039157,-3.2860117772550934,True,34,0.0,0.0
405,2,0250c8d2f1e499db1f3ead3dffa53a9be983dd1aa2ab5af76249342b4679d5b1,40,model.layers.9.mlp.down_proj,down_proj,0,0.5468416128811502,4864x896,3,4864,896,1.75,0,0.5,0.5000000001309672,0.25,1216,False,False,0.2732471553463256,1212,0.4214006057639645,0.5031745050218888,2304,19,0.7801992533509803,0.7707583803675571,tiles_s,Tiles (s),135,0.5166116583350231,2430,10,0.7905264418776252,0.8058391912188351,0.016611658204055857,True,False,False,True,67,0.7905265092849731,0.5166117548942566,0.6431425,0.7541662,0.6318079829216003,0.7419904142618179,0.0840625,0.08966074999999998,7.650765799256505,True,True,False,-3.2863320181005573,-2.5647546641842878,True,67,0.0,0.0
405,2,0250c8d2f1e499db1f3ead3dffa53a9be983dd1aa2ab5af76249342b4679d5b1,40,model.layers.9.mlp.down_proj,down_proj,0,0.5468416128811502,4864x896,3,4864,896,1.75,0,0.5,0.5000000001309672,0.25,1216,False,False,0.2732471553463256,1212,0.4214006057639645,0.5031745050218888,2304,19,0.7801992533509803,0.7707583803675571,tiles_2s,Tiles (2s),270,0.5106170407889294,2430,6,0.7905264418776252,0.80753314479638,0.010617040657962207,True,False,False,True,0,0.7905265092849731,0.5106167793273926,0.732484,0.7772377500000001,0.7178239822387695,0.7650303840637207,0.066079,0.07153694999999999,11.084974046217408,True,True,False,-3.5034500902173304,-2.5647546641842878,True,0,0.0,0.0
405,2,0250c8d2f1e499db1f3ead3dffa53a9be983dd1aa2ab5af76249342b4679d5b1,40,model.layers.9.mlp.down_proj,down_proj,0,0.5468416128811502,4864x896,3,4864,896,1.75,1,0.7,0.7000000001833541,0.5,2432,False,False,0.5305797864275519,2430,0.8346352364690527,0.7183731332333991,3360,27,1.1368427615642762,1.124812992771402,tiles_half_s,Tiles (s/2),68,0.7064206856157398,3332,16,1.1059380786926998,1.1234167841034577,0.00642068543238572,True,False,False,True,0,1.1059380769729614,0.7064208984375,0.641614,0.7885108,0.6309120059013367,0.7747583925724029,0.12916149999999998,0.1361526,4.967532894864182,True,True,False,1.180988076340883,1.6780490801583503,True,0,0.0,0.0
405,2,0250c8d2f1e499db1f3ead3dffa53a9be983dd1aa2ab5af76249342b4679d5b1,40,model.layers.9.mlp.down_proj,down_proj,0,0.5468416128811502,4864x896,3,4864,896,1.75,1,0.7,0.7000000001833541,0.5,2432,False,False,0.5305797864275519,2430,0.8346352364690527,0.7183731332333991,3360,27,1.1368427615642762,1.124812992771402,tiles_s,Tiles (s),135,0.7083223225781694,3375,8,1.0979533914967017,1.120726835428422,0.00832232239481534,True,False,False,True,67,1.09795343875885,0.7083223462104797,0.700314,0.7754517499999999,0.6895679831504822,0.7633407920598984,0.087168,0.09637319999999999,8.034072136563877,True,True,False,1.4176037954165999,2.387917053529176,True,67,0.0,0.0
405,2,0250c8d2f1e499db1f3ead3dffa53a9be983dd1aa2ab5af76249342b4679d5b1,40,model.layers.9.mlp.down_proj,down_proj,0,0.5468416128811502,4864x896,3,4864,896,1.75,1,0.7,0.7000000001833541,0.5,2432,False,False,0.5305797864275519,2430,0.8346352364690527,0.7183731332333991,3360,27,1.1368427615642762,1.124812992771402,tiles_2s,Tiles (2s),270,0.704618989067967,3379,5,1.0992546695903276,1.122903084883526,0.0046189888846129845,True,False,False,True,135,1.0992547273635864,0.7046191692352295,0.7125615,0.7687497499999999,0.7004159986972809,0.7549951881170273,0.068898,0.07353255,10.342266829225812,True,True,False,1.226174555711601,2.2722286589259344,True,135,0.0,0.0
405,2,0250c8d2f1e499db1f3ead3dffa53a9be983dd1aa2ab5af76249342b4679d5b1,40,model.layers.9.mlp.down_proj,down_proj,0,0.5468416128811502,4864x896,3,4864,896,1.75,2,0.9,0.900000000235741,0.75,3648,False,False,0.7752852153207641,3648,1.2348360028308973,0.9022939212300116,4320,31,1.4587914854214354,1.4401011724116755,tiles_half_s,Tiles (s/2),68,0.9055067468943889,4352,7,1.4212839225404026,1.4500976996986754,0.005506746658647921,True,False,False,True,0,1.4212839603424072,0.9055069088935852,0.715272,0.76509975,0.7014400064945221,0.7449599981307983,0.13197150000000002,0.14247379999999998,5.419897477864538,True,True,False,0.5959580796599195,1.306661659038888,True,0,0.0,0.0
405,2,0250c8d2f1e499db1f3ead3dffa53a9be983dd1aa2ab5af76249342b4679d5b1,40,model.layers.9.mlp.down_proj,down_proj,0,0.5468416128811502,4864x896,3,4864,896,1.75,2,0.9,0.900000000235741,0.75,3648,False,False,0.7752852153207641,3648,1.2348360028308973,0.9022939212300116,4320,31,1.4587914854214354,1.4401011724116755,tiles_s,Tiles (s),135,0.9214185119781177,4455,3,1.4492984767756463,1.4804774321266967,0.021418511742376745,True,False,False,True,67,1.4492985010147095,0.9214186072349548,0.683442,0.7622936499999999,0.6732800006866455,0.7431679964065552,0.092488,0.10595514999999996,7.389520802698728,True,True,False,-1.486569322756659,-0.6386568207960241,True,67,0.0,0.0
405,2,0250c8d2f1e499db1f3ead3dffa53a9be983dd1aa2ab5af76249342b4679d5b1,40,model.layers.9.mlp.down_proj,down_proj,0,0.5468416128811502,4864x896,3,4864,896,1.75,2,0.9,0.900000000235741,0.75,3648,False,False,0.7752852153207641,3648,1.2348360028308973,0.9022939212300116,4320,31,1.4587914854214354,1.4401011724116755,tiles_2s,Tiles (2s),270,0.9211971703334711,4459,2,1.450599754869272,1.4818067047930283,0.021197170097730145,True,False,False,True,135,1.4505997896194458,0.921197235584259,0.649829,0.7341474,0.6398879885673523,0.7144959837198257,0.071113,0.08237354999999998,9.1379775849704,True,True,False,-1.5776908215874297,-0.7290170064937262,True,135,0.0,0.0
415,2,0250c8d2f1e499db1f3ead3dffa53a9be983dd1aa2ab5af76249342b4679d5b1,40,model.layers.11.self_attn.v_proj,v_proj,0,1.2160422348512032,896x128,1,896,128,0.25,0,0.5,0.49999999938881956,0.25,224,True,False,0.28038257255684584,224,0.018949429657794677,0.9518576985574327,832,1,0.04029536541889483,0.03998119852856752,tiles_half_s,Tiles (s/2),472,0.5162608305545291,472,1,0.02747613916319621,0.02632202643171806,0.016260831165709533,True,False,False,True,236,0.02747613936662674,0.5162608623504639,0.7027085,0.7983647999999999,0.6912319958209991,0.7819263815879821,0.034444,0.03693055,20.401477761003367,True,True,False,34.677285692573854,31.277349918452657,True,236,0.0,0.0
415,2,0250c8d2f1e499db1f3ead3dffa53a9be983dd1aa2ab5af76249342b4679d5b1,40,model.layers.11.self_attn.v_proj,v_proj,0,1.2160422348512032,896x128,1,896,128,0.25,0,0.5,0.49999999938881956,0.25,224,True,False,0.28038257255684584,224,0.018949429657794677,0.9518576985574327,832,1,0.04029536541889483,0.03998119852856752,tiles_s,Tiles (s),896,0.5331987477402436,448,1,0.026642468538838122,0.025773178458289338,0.033198748351424,True,False,False,True,448,0.026642467826604843,0.5331987738609314,0.6417395,0.7585223999999999,0.6312640011310577,0.7364895969629287,0.0324,0.03492819999999999,19.806774691358026,True,True,False,36.03934797373972,33.36250657968284,True,448,0.0,0.0
415,2,0250c8d2f1e499db1f3ead3dffa53a9be983dd1aa2ab5af76249342b4679d5b1,40,model.layers.11.self_attn.v_proj,v_proj,0,1.2160422348512032,896x128,1,896,128,0.25,0,0.5,0.49999999938881956,0.25,224,True,False,0.28038257255684584,224,0.018949429657794677,0.9518576985574327,832,1,0.04029536541889483,0.03998119852856752,tiles_2s,Tiles (2s),896,0.5331987477402436,448,1,0.026642468538838122,0.025773178458289338,0.033198748351424,True,False,False,True,448,0.026642467826604843,0.5331987738609314,0.6369849999999999,0.69385205,0.6251519918441772,0.6824960052967072,0.0323455,0.03924954999999998,19.693156698767986,True,True,False,36.03934797373972,33.36250657968284,True,448,0.0,0.0
415,2,0250c8d2f1e499db1f3ead3dffa53a9be983dd1aa2ab5af76249342b4679d5b1,40,model.layers.11.self_attn.v_proj,v_proj,0,1.2160422348512032,896x128,1,896,128,0.25,1,0.7,0.6999999991443473,0.5,448,True,False,0.5628537240845617,448,0.03634124909539145,0.9518576985574327,832,1,0.04029536541889483,0.03998119852856752,tiles_half_s,Tiles (s/2),472,0.7787020611431217,708,1,0.0356739003027174,0.03657105263157895,0.07870206199877439,True,False,False,True,236,0.035673901438713074,0.7787020206451416,0.66875,0.7469106999999999,0.6568959951400757,0.7350784212350845,0.0332075,0.037346799999999986,20.13852292403824,True,True,False,9.242533846260937,10.773309416355914,True,236,0.0,0.0
415,2,0250c8d2f1e499db1f3ead3dffa53a9be983dd1aa2ab5af76249342b4679d5b1,40,model.layers.11.self_attn.v_proj,v_proj,0,1.2160422348512032,896x128,1,896,128,0.25,1,0.7,0.6999999991443473,0.5,448,True,False,0.5628537240845617,448,0.03634124909539145,0.9518576985574327,832,1,0.04029536541889483,0.03998119852856752,tiles_s,Tiles (s),896,0.9999999987776391,896,1,0.04220432019352241,0.043105703422053235,0.2999999996332918,True,False,False,True,0,0.042204320430755615,1.0,0.6898245000000001,0.7590007499999999,0.6789120137691498,0.7388672232627869,0.03211,0.0348726,21.48316723762068,True,True,False,-6.974345495922996,-5.560417763280445,True,0,0.0,0.0
415,2,0250c8d2f1e499db1f3ead3dffa53a9be983dd1aa2ab5af76249342b4679d5b1,40,model.layers.11.self_attn.v_proj,v_proj,0,1.2160422348512032,896x128,1,896,128,0.25,1,0.7,0.6999999991443473,0.5,448,True,False,0.5628537240845617,448,0.03634124909539145,0.9518576985574327,832,1,0.04029536541889483,0.03998119852856752,tiles_2s,Tiles (2s),896,0.9999999987776391,896,1,0.04220432019352241,0.043105703422053235,0.2999999996332918,True,False,False,True,0,0.042204320430755615,1.0,0.632001,0.7238671,0.6210560202598572,0.711270385980606,0.032681,0.03717855,19.33848413451241,True,True,False,-6.974345495922996,-5.560417763280445,True,0,0.0,0.0
415,2,0250c8d2f1e499db1f3ead3dffa53a9be983dd1aa2ab5af76249342b4679d5b1,40,model.layers.11.self_attn.v_proj,v_proj,0,1.2160422348512032,896x128,1,896,128,0.25,2,0.9,0.8999999988998753,0.75,672,True,False,0.7783728828071617,672,0.04411609029795707,0.9518576985574327,832,1,0.04029536541889483,0.03998119852856752,tiles_half_s,Tiles (s/2),472,0.9999999987776391,896,1,0.04220432019352241,0.043105703422053235,0.09999999987776387,True,False,False,True,0,0.042204320430755615,1.0,0.7185225,0.7525144,0.7045120000839233,0.7400959998369216,0.034545,0.04033879999999999,20.79960920538428,True,True,False,-6.974345495922996,-5.560417763280445,True,0,0.0,0.0
415,2,0250c8d2f1e499db1f3ead3dffa53a9be983dd1aa2ab5af76249342b4679d5b1,40,model.layers.11.self_attn.v_proj,v_proj,0,1.2160422348512032,896x128,1,896,128,0.25,2,0.9,0.8999999988998753,0.75,672,True,False,0.7783728828071617,672,0.04411609029795707,0.9518576985574327,832,1,0.04029536541889483,0.03998119852856752,tiles_s,Tiles (s),896,0.9999999987776391,896,1,0.04220432019352241,0.043105703422053235,0.09999999987776387,True,False,False,True,0,0.042204320430755615,1.0,0.649494,0.7798356499999999,0.639488011598587,0.767846393585205,0.033593,0.03837384999999999,19.334206531122557,True,True,False,-6.974345495922996,-5.560417763280445,True,0,0.0,0.0
415,2,0250c8d2f1e499db1f3ead3dffa53a9be983dd1aa2ab5af76249342b4679d5b1,40,model.layers.11.self_attn.v_proj,v_proj,0,1.2160422348512032,896x128,1,896,128,0.25,2,0.9,0.8999999988998753,0.75,672,True,False,0.7783728828071617,672,0.04411609029795707,0.9518576985574327,832,1,0.04029536541889483,0.03998119852856752,tiles_2s,Tiles (2s),896,0.9999999987776391,896,1,0.04220432019352241,0.043105703422053235,0.09999999987776387,True,False,False,True,0,0.042204320430755615,1.0,0.659783,0.7256357,0.6446079909801483,0.7138304114341736,0.0330065,0.034809,19.98948691924318,True,True,False,-6.974345495922996,-5.560417763280445,True,0,0.0,0.0
416,2,0250c8d2f1e499db1f3ead3dffa53a9be983dd1aa2ab5af76249342b4679d5b1,40,model.layers.11.self_attn.o_proj,o_proj,0,2.118362065509227,896x896,0,896,896,1.75,0,0.5,0.4999999800485284,0.25,224,True,False,0.44776818432001164,224,0.08557969796656362,0.5994761059046141,304,4,0.11322972068294825,0.11824126289636569,tiles_half_s,Tiles (s/2),68,0.5351130987328361,306,3,0.11332811761787251,0.11363640494565963,0.035113118684307665,True,False,False,True,34,0.11332811415195465,0.5351130962371826,0.6443895,0.7259960999999999,0.634304016828537,0.7138960093259811,0.042845,0.0479006,15.04001633796242,True,True,False,-0.3591674166980585,4.155186741196582,True,34,0.0,0.0
416,2,0250c8d2f1e499db1f3ead3dffa53a9be983dd1aa2ab5af76249342b4679d5b1,40,model.layers.11.self_attn.o_proj,o_proj,0,2.118362065509227,896x896,0,896,896,1.75,0,0.5,0.4999999800485284,0.25,224,True,False,0.44776818432001164,224,0.08557969796656362,0.5994761059046141,304,4,0.11322972068294825,0.11824126289636569,tiles_s,Tiles (s),135,0.5601331693310385,337,2,0.11520820165488758,0.11569661946276678,0.0601331892825101,True,False,False,True,67,0.115208201110363,0.5601332187652588,0.7274745,0.8027138999999999,0.7147520184516907,0.784844809770584,0.037850999999999996,0.04105055,19.21942617103908,True,True,False,-2.1786671952729098,2.565146182628708,True,67,0.0,0.0
416,2,0250c8d2f1e499db1f3ead3dffa53a9be983dd1aa2ab5af76249342b4679d5b1,40,model.layers.11.self_attn.o_proj,o_proj,0,2.118362065509227,896x896,0,896,896,1.75,0,0.5,0.4999999800485284,0.25,224,True,False,0.44776818432001164,224,0.08557969796656362,0.5994761059046141,304,4,0.11322972068294825,0.11824126289636569,tiles_2s,Tiles (2s),270,0.6751713349440251,405,1,0.13175440697960422,0.13458885746606333,0.17517135489549673,True,False,False,True,135,0.13175441324710846,0.675171434879303,0.6429564999999999,0.73106615,0.6322879791259766,0.7186431825160979,0.0336675,0.035958,19.097245117695103,True,True,False,-18.86354276446753,-11.42845040067131,True,135,0.0,0.0
416,2,0250c8d2f1e499db1f3ead3dffa53a9be983dd1aa2ab5af76249342b4679d5b1,40,model.layers.11.self_attn.o_proj,o_proj,0,2.118362065509227,896x896,0,896,896,1.75,1,0.7,0.6999999720679397,0.5,448,True,True,0.7879505202945438,448,0.172678542772685,0.7606669118467835,432,5,0.15683567959700934,0.1608681489880126,tiles_half_s,Tiles (s/2),68,0.7182217765439418,442,1,0.14379122934564212,0.14688462962962961,0.01822180447600208,True,True,True,True,34,0.14379122853279114,0.7182217836380005,0.714826,0.74730715,0.7029759883880615,0.7273983895778655,0.043166,0.046950599999999995,16.559931427512392,True,True,True,6.344889117673369,10.615475934669337,True,34,0.0,0.0
416,2,0250c8d2f1e499db1f3ead3dffa53a9be983dd1aa2ab5af76249342b4679d5b1,40,model.layers.11.self_attn.o_proj,o_proj,0,2.118362065509227,896x896,0,896,896,1.75,1,0.7,0.6999999720679397,0.5,448,True,True,0.7879505202945438,448,0.172678542772685,0.7606669118467835,432,5,0.15683567959700934,0.1608681489880126,tiles_s,Tiles (s),135,0.7463078722853425,472,1,0.15355081504783502,0.15685417462711582,0.04630790021740272,True,False,False,True,67,0.15355081856250763,0.746307909488678,0.6877805,0.7466267499999999,0.6727679967880249,0.7338496059179306,0.037956000000000004,0.0452905,18.12046843713774,True,True,False,-0.011792616421213431,4.5486530343075255,True,67,0.0,0.0
416,2,0250c8d2f1e499db1f3ead3dffa53a9be983dd1aa2ab5af76249342b4679d5b1,40,model.layers.11.self_attn.o_proj,o_proj,0,2.118362065509227,896x896,0,896,896,1.75,1,0.7,0.6999999720679397,0.5,448,True,True,0.7879505202945438,448,0.172678542772685,0.7606669118467835,432,5,0.15683567959700934,0.1608681489880126,tiles_2s,Tiles (2s),270,0.7686684396842338,540,1,0.17567254263947227,0.17945180995475113,0.06866846761629408,True,False,False,True,0,0.17567254602909088,0.7686684727668762,0.676825,0.7294780000000001,0.6655999720096588,0.7123456001281738,0.0349055,0.037273749999999994,19.39021071177895,True,True,False,-14.420271213702218,-9.20281220651258,True,0,0.0,0.0
416,2,0250c8d2f1e499db1f3ead3dffa53a9be983dd1aa2ab5af76249342b4679d5b1,40,model.layers.11.self_attn.o_proj,o_proj,0,2.118362065509227,896x896,0,896,896,1.75,2,0.9,0.8999999640873512,0.75,672,True,True,0.944966077531717,672,0.232734068821294,0.9209330492194567,644,5,0.22342916015697356,0.2218071358858101,tiles_half_s,Tiles (s/2),68,0.9026386142863885,680,3,0.22671063259199115,0.22997269163222145,0.002638650199037307,True,False,False,True,0,0.22671063244342804,0.9026384949684143,0.7058439999999999,0.7294105,0.694271981716156,0.717363178730011,0.046231999999999995,0.053596999999999985,15.267433812078213,True,True,False,-2.928682840973229,-2.2107028642691873,True,0,0.0,0.0
416,2,0250c8d2f1e499db1f3ead3dffa53a9be983dd1aa2ab5af76249342b4679d5b1,40,model.layers.11.self_attn.o_proj,o_proj,0,2.118362065509227,896x896,0,896,896,1.75,2,0.9,0.8999999640873512,0.75,672,True,True,0.944966077531717,672,0.232734068821294,0.9209330492194567,644,5,0.22342916015697356,0.2218071358858101,tiles_s,Tiles (s),135,0.9318226588511607,742,2,0.24138708636757117,0.24658007960449138,0.0318226947638095,True,False,False,True,67,0.24138709902763367,0.9318225383758545,0.6402015,0.72836045,0.6306880116462708,0.7147007852792739,0.038542,0.0406435,16.610489855222873,True,True,False,-10.36163741172047,-8.827466439962128,True,67,0.0,0.0
416,2,0250c8d2f1e499db1f3ead3dffa53a9be983dd1aa2ab5af76249342b4679d5b1,40,model.layers.11.self_attn.o_proj,o_proj,0,2.118362065509227,896x896,0,896,896,1.75,2,0.9,0.8999999640873512,0.75,672,True,True,0.944966077531717,672,0.232734068821294,0.9209330492194567,644,5,0.22342916015697356,0.2218071358858101,tiles_2s,Tiles (2s),270,0.9579736792477433,810,1,0.26350881395920844,0.26917771493212667,0.05797371516039218,True,False,False,True,0,0.2635088264942169,0.9579737186431885,0.699442,0.7302162,0.6830720007419586,0.7179776102304458,0.035106,0.040082799999999995,19.9237167435766,True,True,False,-20.475641918454947,-18.800873067883185,True,0,0.0,0.0
418,2,0250c8d2f1e499db1f3ead3dffa53a9be983dd1aa2ab5af76249342b4679d5b1,40,model.layers.11.mlp.up_proj,up_proj,0,0.5528495437994047,896x4864,2,896,4864,9.5,0,0.5,0.4999999998835847,0.25,224,False,False,0.32021169835934415,224,0.4360919705397423,0.5097169239306822,391,22,0.7408702916313487,0.7598851604810701,tiles_half_s,Tiles (s/2),12,0.5117305124003906,408,21,0.7861748396362875,0.7876350839406429,0.011730512516805902,True,False,False,True,0,0.7861748933792114,0.5117304921150208,0.6589015,0.76923305,0.6477920114994049,0.7557631999254226,0.107521,0.11813069999999998,6.128119158117949,True,True,False,-6.312143007694515,-3.4596910852389584,True,0,0.0,0.0
418,2,0250c8d2f1e499db1f3ead3dffa53a9be983dd1aa2ab5af76249342b4679d5b1,40,model.layers.11.mlp.up_proj,up_proj,0,0.5528495437994047,896x4864,2,896,4864,9.5,0,0.5,0.4999999998835847,0.25,224,False,False,0.32021169835934415,224,0.4360919705397423,0.5097169239306822,391,22,0.7408702916313487,0.7598851604810701,tiles_s,Tiles (s),25,0.5147005127801094,425,10,0.7505586147162641,0.7693087969949178,0.014700512896524742,True,False,False,True,12,0.750558614730835,0.5147005915641785,0.7117800000000001,0.75262305,0.6999039947986603,0.7369728028774261,0.0675615,0.0739247,10.535290069048202,True,True,False,-3.838526889902605,1.227362534478449,True,12,0.0,0.0
418,2,0250c8d2f1e499db1f3ead3dffa53a9be983dd1aa2ab5af76249342b4679d5b1,40,model.layers.11.mlp.up_proj,up_proj,0,0.5528495437994047,896x4864,2,896,4864,9.5,0,0.5,0.4999999998835847,0.25,224,False,False,0.32021169835934415,224,0.4360919705397423,0.5097169239306822,391,22,0.7408702916313487,0.7598851604810701,tiles_2s,Tiles (2s),50,0.5255282977304887,450,4,0.7947091214642796,0.81180580693816,0.025528297846904024,True,False,False,True,25,0.7947091460227966,0.5255283117294312,0.7124014999999999,0.7879571999999999,0.7004159986972809,0.7599104255437851,0.0478,0.05215765,14.903797071129704,True,True,False,-9.574620025674928,-4.582792610552233,False,0,1.1102230246251565e-16,1.1102230246251565e-16
418,2,0250c8d2f1e499db1f3ead3dffa53a9be983dd1aa2ab5af76249342b4679d5b1,40,model.layers.11.mlp.up_proj,up_proj,0,0.5528495437994047,896x4864,2,896,4864,9.5,1,0.7,0.6999999998370185,0.5,448,False,False,0.5724701711151283,448,0.8469013894050709,0.7095659466867801,577,30,1.0826209986204673,1.1021452741418105,tiles_half_s,Tiles (s/2),12,0.701643741922453,588,19,1.0700654093062054,1.09195954641464,0.0016437420854344964,True,False,False,True,0,1.0700654983520508,0.701643705368042,0.721413,0.76742155,0.7065599858760834,0.7493631780147552,0.1158015,0.12496829999999999,6.229737956762218,True,True,False,-0.8625869816004439,2.9106748074190336,True,0,0.0,0.0
418,2,0250c8d2f1e499db1f3ead3dffa53a9be983dd1aa2ab5af76249342b4679d5b1,40,model.layers.11.mlp.up_proj,up_proj,0,0.5528495437994047,896x4864,2,896,4864,9.5,1,0.7,0.6999999998370185,0.5,448,False,False,0.5724701711151283,448,0.8469013894050709,0.7095659466867801,577,30,1.0826209986204673,1.1021452741418105,tiles_s,Tiles (s),25,0.7004725897568278,600,9,1.0596121619523728,1.0834490676499866,0.000472589919809252,True,False,False,True,0,1.0596121549606323,0.7004727721214294,0.664377,0.7193887,0.6538240015506744,0.7071232199668884,0.06829199999999999,0.07482405,9.72847478474785,True,True,False,-0.07648743471393438,3.859120316290088,True,0,0.0,0.0
418,2,0250c8d2f1e499db1f3ead3dffa53a9be983dd1aa2ab5af76249342b4679d5b1,40,model.layers.11.mlp.up_proj,up_proj,0,0.5528495437994047,896x4864,2,896,4864,9.5,1,0.7,0.6999999998370185,0.5,448,False,False,0.5724701711151283,448,0.8469013894050709,0.7095659466867801,577,30,1.0826209986204673,1.1021452741418105,tiles_2s,Tiles (2s),50,0.7462135786772706,646,5,1.1408490943687213,1.1653923361823362,0.04621357884025201,True,False,False,True,0,1.1408491134643555,0.7462137341499329,0.7122615,0.73177585,0.7004159986972809,0.7132672071456909,0.0500535,0.05495265,14.23000389583146,True,True,False,-7.645458352215639,-3.5116804594609974,True,0,0.0,0.0
418,2,0250c8d2f1e499db1f3ead3dffa53a9be983dd1aa2ab5af76249342b4679d5b1,40,model.layers.11.mlp.up_proj,up_proj,0,0.5528495437994047,896x4864,2,896,4864,9.5,2,0.9,0.8999999997904524,0.75,672,False,False,0.8066195674764458,672,1.2594176174573013,0.9027514631161466,776,31,1.43500884047801,1.433699234760933,tiles_half_s,Tiles (s/2),12,0.9039969473960809,792,8,1.404416169285042,1.4324458209864868,0.00399694760562852,True,False,False,True,0,1.4044160842895508,0.9039968848228455,0.68198,0.7340739,0.6707199811935425,0.7216192245483398,0.1180705,0.1258115,5.776040585921124,True,True,False,0.17860652974579505,2.0424831628492734,True,0,0.0,0.0
418,2,0250c8d2f1e499db1f3ead3dffa53a9be983dd1aa2ab5af76249342b4679d5b1,40,model.layers.11.mlp.up_proj,up_proj,0,0.5528495437994047,896x4864,2,896,4864,9.5,2,0.9,0.8999999997904524,0.75,672,False,False,0.8066195674764458,672,1.2594176174573013,0.9027514631161466,776,31,1.43500884047801,1.433699234760933,tiles_s,Tiles (s),25,0.9030454896565061,796,4,1.4057521348568145,1.4359942718283896,0.0030454898660536855,True,False,False,True,0,1.405752182006836,0.9030455946922302,0.714425,0.7451673,0.7024639844894409,0.7271423935890198,0.07308600000000001,0.0792816,9.775127931477982,True,True,False,-0.06867075118863752,1.949300050284164,True,0,0.0,0.0
418,2,0250c8d2f1e499db1f3ead3dffa53a9be983dd1aa2ab5af76249342b4679d5b1,40,model.layers.11.mlp.up_proj,up_proj,0,0.5528495437994047,896x4864,2,896,4864,9.5,2,0.9,0.8999999997904524,0.75,672,False,False,0.8066195674764458,672,1.2594176174573013,0.9027514631161466,776,31,1.43500884047801,1.433699234760933,tiles_2s,Tiles (2s),50,0.9017735755769536,796,3,1.4057521348568147,1.4359942718283896,0.0017735757865011692,True,False,False,True,0,1.405752182006836,0.9017736911773682,0.718438,0.7379127999999999,0.7055360078811646,0.7240703970193862,0.051310999999999996,0.0554445,14.001637075870672,True,True,False,-0.06867075118863752,1.9493000502841418,True,0,0.0,0.0
419,2,0250c8d2f1e499db1f3ead3dffa53a9be983dd1aa2ab5af76249342b4679d5b1,40,model.layers.11.mlp.down_proj,down_proj,0,0.6372604664831591,4864x896,3,4864,896,1.75,0,0.5,0.5000000002401066,0.25,1216,False,False,0.28358209934231127,1212,0.42609849559997287,0.5239878063439392,2382,19,0.8073029389792091,0.7998424927434626,tiles_half_s,Tiles (s/2),68,0.5031642826579628,2312,15,0.790592234844997,0.7954101718755554,0.003164282417856157,True,False,False,True,34,0.7905922532081604,0.5031641721725464,0.653106,0.7351873,0.6384640038013458,0.7241727977991104,0.1185715,0.12497404999999999,5.5081195734219435,True,True,False,1.4731480005128583,1.1565099356921182,True,34,0.0,0.0
419,2,0250c8d2f1e499db1f3ead3dffa53a9be983dd1aa2ab5af76249342b4679d5b1,40,model.layers.11.mlp.down_proj,down_proj,0,0.6372604664831591,4864x896,3,4864,896,1.75,0,0.5,0.5000000002401066,0.25,1216,False,False,0.28358209934231127,1212,0.42609849559997287,0.5239878063439392,2382,19,0.8073029389792091,0.7998424927434626,tiles_s,Tiles (s),135,0.5213103367350413,2430,7,0.7905264418776252,0.8069684936038651,0.021310336494934745,True,False,False,True,67,0.7905264496803284,0.5213100910186768,0.7311165,0.9448535499999998,0.7168000042438507,0.9304575949907301,0.081563,0.087654,8.963825509115653,True,True,False,0.04142749384349331,1.1647356761308458,True,67,0.0,0.0
419,2,0250c8d2f1e499db1f3ead3dffa53a9be983dd1aa2ab5af76249342b4679d5b1,40,model.layers.11.mlp.down_proj,down_proj,0,0.6372604664831591,4864x896,3,4864,896,1.75,0,0.5,0.5000000002401066,0.25,1216,False,False,0.28358209934231127,1212,0.42609849559997287,0.5239878063439392,2382,19,0.8073029389792091,0.7998424927434626,tiles_2s,Tiles (2s),270,0.5168106689307024,2430,5,0.7905264418776253,0.80753314479638,0.016810668690595776,True,False,False,True,135,0.7905264496803284,0.5168107748031616,0.7188429999999999,0.8380818999999999,0.7065600156784058,0.8250879913568496,0.0649015,0.07006429999999998,11.075907336502237,True,True,False,-0.028515419188490654,1.1647356761308347,False,0,0.0,1.1102230246251565e-16
419,2,0250c8d2f1e499db1f3ead3dffa53a9be983dd1aa2ab5af76249342b4679d5b1,40,model.layers.11.mlp.down_proj,down_proj,0,0.6372604664831591,4864x896,3,4864,896,1.75,1,0.7,0.7000000003361492,0.5,2432,False,False,0.5342721228153096,2430,0.8290718578981281,0.7177580717907404,3360,26,1.1368561465378932,1.124836468654631,tiles_half_s,Tiles (s/2),68,0.707984493659751,3332,13,1.0949513653414626,1.1154241073917213,0.007984493323601849,True,False,False,True,34,1.0949513912200928,0.7079846858978271,0.722936,0.8155480499999999,0.7101439833641052,0.803174391388893,0.1263065,0.13181005,5.723664261142539,True,True,False,1.8852023812722218,2.6568398292520445,True,34,0.0,0.0
419,2,0250c8d2f1e499db1f3ead3dffa53a9be983dd1aa2ab5af76249342b4679d5b1,40,model.layers.11.mlp.down_proj,down_proj,0,0.6372604664831591,4864x896,3,4864,896,1.75,1,0.7,0.7000000003361492,0.5,2432,False,False,0.5342721228153096,2430,0.8290718578981281,0.7177580717907404,3360,26,1.1368561465378932,1.124836468654631,tiles_s,Tiles (s),135,0.7103652819569106,3375,6,1.0979533914967017,1.1215738122171945,0.010365281620761446,True,False,False,True,67,1.09795343875885,0.7103651762008667,0.7262225,0.78090215,0.7132160067558289,0.7647231757640838,0.085144,0.09177315,8.52934440477309,True,True,False,1.3442628046862803,2.3899542650926864,True,67,0.0,0.0
419,2,0250c8d2f1e499db1f3ead3dffa53a9be983dd1aa2ab5af76249342b4679d5b1,40,model.layers.11.mlp.down_proj,down_proj,0,0.6372604664831591,4864x896,3,4864,896,1.75,1,0.7,0.7000000003361492,0.5,2432,False,False,0.5342721228153096,2430,0.8290718578981281,0.7177580717907404,3360,26,1.1368561465378932,1.124836468654631,tiles_2s,Tiles (2s),270,0.734769718023017,3510,4,1.1418715271565698,1.1664367647058824,0.034769717686867874,True,False,False,True,135,1.1418715715408325,0.7347695827484131,0.72204,0.8003880999999999,0.7096319794654846,0.788326409459114,0.067215,0.07096305,10.742245034590495,True,True,False,-2.6019666831262667,-1.5144475643036115,True,135,0.0,0.0
419,2,0250c8d2f1e499db1f3ead3dffa53a9be983dd1aa2ab5af76249342b4679d5b1,40,model.layers.11.mlp.down_proj,down_proj,0,0.6372604664831591,4864x896,3,4864,896,1.75,2,0.9,0.9000000004321919,0.75,3648,False,False,0.7738633917688276,3648,1.2364782352886847,0.9012437015626347,4320,26,1.4545762254244006,1.4372136387744914,tiles_half_s,Tiles (s/2),68,0.9040283592621563,4352,6,1.4212839225404026,1.4500976996986754,0.00402835882996444,True,False,False,True,0,1.4212839603424072,0.9040284752845764,0.7222044999999999,0.8096245,0.7095520198345184,0.7897087931632996,0.13216699999999998,0.1385521,5.464333002943246,True,True,False,0.3078921301919668,1.10837496975551,True,0,0.0,0.0
419,2,0250c8d2f1e499db1f3ead3dffa53a9be983dd1aa2ab5af76249342b4679d5b1,40,model.layers.11.mlp.down_proj,down_proj,0,0.6372604664831591,4864x896,3,4864,896,1.75,2,0.9,0.9000000004321919,0.75,3648,False,False,0.7738633917688276,3648,1.2364782352886847,0.9012437015626347,4320,26,1.4545762254244006,1.4372136387744914,tiles_s,Tiles (s),135,0.921888897260942,4455,3,1.4492984767756463,1.4804774321266967,0.02188889682875017,True,False,False,True,67,1.4492985010147095,0.9218888878822327,0.695455,0.7585786,0.6727679967880249,0.7462399870157241,0.0889565,0.09789224999999999,7.817922242893999,True,True,False,-1.780670290739761,-0.8408518869511772,True,67,0.0,0.0
419,2,0250c8d2f1e499db1f3ead3dffa53a9be983dd1aa2ab5af76249342b4679d5b1,40,model.layers.11.mlp.down_proj,down_proj,0,0.6372604664831591,4864x896,3,4864,896,1.75,2,0.9,0.9000000004321919,0.75,3648,False,False,0.7738633917688276,3648,1.2364782352886847,0.9012437015626347,4320,26,1.4545762254244006,1.4372136387744914,tiles_2s,Tiles (2s),270,0.922253209129849,4455,2,1.4492984767756463,1.4804774321266967,0.022253208697657123,True,False,False,True,135,1.4492985010147095,0.9222532510757446,0.6669865,0.7844740499999999,0.6554400026798248,0.7689216077327727,0.06919449999999999,0.07655554999999997,9.639299366279113,True,True,False,-1.780670290739761,-0.8408518869511772,True,135,0.0,0.0
433,2,0250c8d2f1e499db1f3ead3dffa53a9be983dd1aa2ab5af76249342b4679d5b1,40,model.layers.13.mlp.down_proj,down_proj,0,0.5744923970738122,4864x896,3,4864,896,1.75,0,0.5,0.5000000006275513,0.25,1216,False,False,0.278500692693342,1212,0.4270585162748709,0.5098700366143021,2310,20,0.7863457467835887,0.7832979208443376,tiles_half_s,Tiles (s/2),68,0.5015186964374152,2312,18,0.8070723048718529,0.807251887317306,0.001518695809863857,True,False,False,True,34,0.8070722818374634,0.5015184879302979,0.7119150000000001,0.75265715,0.6999039947986603,0.7370240092277527,0.1232605,0.13158774999999998,5.775694565574536,True,True,False,-2.6586448288466347,-3.0351649602093023,True,34,0.0,0.0
433,2,0250c8d2f1e499db1f3ead3dffa53a9be983dd1aa2ab5af76249342b4679d5b1,40,model.layers.13.mlp.down_proj,down_proj,0,0.5744923970738122,4864x896,3,4864,896,1.75,0,0.5,0.5000000006275513,0.25,1216,False,False,0.278500692693342,1212,0.4270585162748709,0.5098700366143021,2310,20,0.7863457467835887,0.7832979208443376,tiles_s,Tiles (s),135,0.5168312223031535,2430,9,0.7905264418776252,0.8064038424113501,0.016831221675602137,True,False,False,True,67,0.7905265092849731,0.5168309211730957,0.74097,0.7982123999999999,0.724480003118515,0.7862783938646316,0.0842225,0.09090084999999999,8.797767817388465,True,True,False,-2.5507985144963996,-0.9228316379923163,True,67,0.0,0.0
433,2,0250c8d2f1e499db1f3ead3dffa53a9be983dd1aa2ab5af76249342b4679d5b1,40,model.layers.13.mlp.down_proj,down_proj,0,0.5744923970738122,4864x896,3,4864,896,1.75,0,0.5,0.5000000006275513,0.25,1216,False,False,0.278500692693342,1212,0.4270585162748709,0.5098700366143021,2310,20,0.7863457467835887,0.7832979208443376,tiles_2s,Tiles (2s),270,0.5123652917391155,2430,6,0.7905264418776252,0.80753314479638,0.012365291111564147,True,False,False,True,0,0.7905265092849731,0.5123655200004578,0.6758485,0.77092835,0.66252800822258,0.7585279941558838,0.0669,0.07231774999999999,10.102369207772794,True,True,False,-2.694412489602027,-0.9228316379923163,True,0,0.0,0.0
433,2,0250c8d2f1e499db1f3ead3dffa53a9be983dd1aa2ab5af76249342b4679d5b1,40,model.layers.13.mlp.down_proj,down_proj,0,0.5744923970738122,4864x896,3,4864,896,1.75,1,0.7,0.7000000008785718,0.5,2432,False,False,0.5347529655628023,2430,0.8269909891534272,0.7002985625840665,3246,26,1.100018923627919,1.0912009978209813,tiles_half_s,Tiles (s/2),68,0.7061948164337082,3332,15,1.1059380786926998,1.1232694844776039,0.006194815555136346,True,False,False,True,34,1.1059380769729614,0.7061947584152222,0.7207520000000001,0.8123812499999999,0.7086080014705658,0.798771196603775,0.1271675,0.14397089999999998,5.667737432913285,True,True,False,-2.1136509882033083,-1.3505377012252406,True,34,0.0,0.0
433,2,0250c8d2f1e499db1f3ead3dffa53a9be983dd1aa2ab5af76249342b4679d5b1,40,model.layers.13.mlp.down_proj,down_proj,0,0.5744923970738122,4864x896,3,4864,896,1.75,1,0.7,0.7000000008785718,0.5,2432,False,False,0.5347529655628023,2430,0.8269909891534272,0.7002985625840665,3246,26,1.100018923627919,1.0912009978209813,tiles_s,Tiles (s),135,0.7078804379452777,3375,8,1.0979533914967017,1.1212914866209371,0.007880437066705825,True,False,False,True,67,1.09795343875885,0.7078801393508911,0.744196,0.83167735,0.7316479980945587,0.8188415974378586,0.087724,0.09208854999999999,8.48337969084857,True,True,False,-1.9338360946428157,-0.6188038399162155,True,67,0.0,0.0
433,2,0250c8d2f1e499db1f3ead3dffa53a9be983dd1aa2ab5af76249342b4679d5b1,40,model.layers.13.mlp.down_proj,down_proj,0,0.5744923970738122,4864x896,3,4864,896,1.75,1,0.7,0.7000000008785718,0.5,2432,False,False,0.5347529655628023,2430,0.8269909891534272,0.7002985625840665,3246,26,1.100018923627919,1.0912009978209813,tiles_2s,Tiles (2s),270,0.7314544437540462,3510,3,1.1418715271565698,1.1664367647058824,0.03145444287547439,True,False,False,True,0,1.1418715715408325,0.7314544320106506,0.6566225,0.7284853,0.6420480012893677,0.7145983844995498,0.0688785,0.07715754999999999,9.533054581618357,True,True,False,-6.037881681063628,-4.643555993512871,True,0,0.0,0.0
433,2,0250c8d2f1e499db1f3ead3dffa53a9be983dd1aa2ab5af76249342b4679d5b1,40,model.layers.13.mlp.down_proj,down_proj,0,0.5744923970738122,4864x896,3,4864,896,1.75,2,0.9,0.9000000011295924,0.75,3648,False,False,0.7782647359308612,3648,1.239616905117165,0.907984402267175,4344,31,1.469255328620289,1.4572757183818565,tiles_half_s,Tiles (s/2),68,0.904283473657415,4352,8,1.4212839225404026,1.4500976996986754,0.004283472527822574,True,False,False,True,34,1.4212839603424072,0.9042831659317017,0.7148105,0.8293356,0.6907040178775787,0.813670390844345,0.1317865,0.13989169999999998,5.424003976128056,True,True,False,1.3039005915740698,2.469800010214873,True,34,0.0,0.0
433,2,0250c8d2f1e499db1f3ead3dffa53a9be983dd1aa2ab5af76249342b4679d5b1,40,model.layers.13.mlp.down_proj,down_proj,0,0.5744923970738122,4864x896,3,4864,896,1.75,2,0.9,0.9000000011295924,0.75,3648,False,False,0.7782647359308612,3648,1.239616905117165,0.907984402267175,4344,31,1.469255328620289,1.4572757183818565,tiles_s,Tiles (s),135,0.9194579361683282,4455,3,1.4492984767756463,1.4801951065304393,0.01945793503873572,True,False,False,True,67,1.4492985010147095,0.9194578528404236,0.6626135,0.8002903,0.6492159962654114,0.7868415981531143,0.08864549999999999,0.09483259999999999,7.474869000682494,True,True,False,-0.7445797675223353,0.547407845034853,True,67,0.0,0.0
433,2,0250c8d2f1e499db1f3ead3dffa53a9be983dd1aa2ab5af76249342b4679d5b1,40,model.layers.13.mlp.down_proj,down_proj,0,0.5744923970738122,4864x896,3,4864,896,1.75,2,0.9,0.9000000011295924,0.75,3648,False,False,0.7782647359308612,3648,1.239616905117165,0.907984402267175,4344,31,1.469255328620289,1.4572757183818565,tiles_2s,Tiles (2s),270,0.9462008510490705,4590,2,1.4932166124355142,1.5253403846153846,0.04620084991947804,True,False,False,True,0,1.493216633796692,0.9462007880210876,0.652444,0.7223041499999999,0.6398879885673523,0.7088128000497818,0.071303,0.08051815,9.150302231322664,True,True,False,-3.817243667767567,-2.4663070687519495,True,0,0.0,0.0
434,2,0250c8d2f1e499db1f3ead3dffa53a9be983dd1aa2ab5af76249342b4679d5b1,40,model.layers.14.self_attn.q_proj,q_proj,0,1.0884142541930795,896x896,0,896,896,1.75,0,0.5,0.5000000010841177,0.25,224,False,False,0.3026672621926991,224,0.08724122427189161,0.5427064476680243,440,4,0.15006811643137924,0.1513101976625698,tiles_half_s,Tiles (s/2),68,0.5005080694681965,408,5,0.15470379225229805,0.15112926651172315,0.000508068384078797,True,False,False,True,34,0.1547037959098816,0.5005079507827759,0.684659,0.77962955,0.6737920045852661,0.7582576006650924,0.0459815,0.05235184999999999,14.88987962550156,True,True,False,-0.7071122804617413,-2.242806262996333,True,34,0.0,0.0
434,2,0250c8d2f1e499db1f3ead3dffa53a9be983dd1aa2ab5af76249342b4679d5b1,40,model.layers.14.self_attn.q_proj,q_proj,0,1.0884142541930795,896x896,0,896,896,1.75,0,0.5,0.5000000010841177,0.25,224,False,False,0.3026672621926991,224,0.08724122427189161,0.5427064476680243,440,4,0.15006811643137924,0.1513101976625698,tiles_s,Tiles (s),135,0.5617025987012312,472,2,0.15912633731475567,0.16055957195145457,0.0617025976171135,True,False,False,True,67,0.15912634134292603,0.5617026090621948,0.642015,0.7022935,0.6321600079536438,0.6917503982782364,0.040069999999999995,0.057643,16.022335912153732,True,True,False,-6.991128941684743,-5.165639707652936,True,67,0.0,0.0
434,2,0250c8d2f1e499db1f3ead3dffa53a9be983dd1aa2ab5af76249342b4679d5b1,40,model.layers.14.self_attn.q_proj,q_proj,0,1.0884142541930795,896x896,0,896,896,1.75,0,0.5,0.5000000010841177,0.25,224,False,False,0.3026672621926991,224,0.08724122427189161,0.5427064476680243,440,4,0.15006811643137924,0.1513101976625698,tiles_2s,Tiles (2s),270,0.617971014638897,540,2,0.17567254263947227,0.17945180995475113,0.11797101355477935,True,False,False,True,0,0.17567254602909088,0.6179709434509277,0.6352169999999999,0.6950865499999999,0.6251519918441772,0.6834495902061462,0.035551,0.0385711,17.867767432702312,True,True,False,-19.58023744291346,-16.1009273355335,True,0,0.0,0.0
434,2,0250c8d2f1e499db1f3ead3dffa53a9be983dd1aa2ab5af76249342b4679d5b1,40,model.layers.14.self_attn.q_proj,q_proj,0,1.0884142541930795,896x896,0,896,896,1.75,1,0.7,0.7000000015177648,0.5,448,False,False,0.5625022027670639,448,0.16431661183841123,0.7802965988375945,660,6,0.22514872816288675,0.22696529649385472,tiles_half_s,Tiles (s/2),68,0.7180207130877534,612,3,0.2045889050003539,0.20737505630458614,0.018020711569988634,True,False,False,True,34,0.2045889049768448,0.7180206775665283,0.708664,0.7558165499999999,0.6958079934120178,0.7442943930625915,0.045299500000000006,0.048736,15.64396958023819,True,True,False,7.894191543219387,9.858948411572111,True,34,0.0,0.0
434,2,0250c8d2f1e499db1f3ead3dffa53a9be983dd1aa2ab5af76249342b4679d5b1,40,model.layers.14.self_attn.q_proj,q_proj,0,1.0884142541930795,896x896,0,896,896,1.75,1,0.7,0.7000000015177648,0.5,448,False,False,0.5625022027670639,448,0.16431661183841123,0.7802965988375945,660,6,0.22514872816288675,0.22696529649385472,tiles_s,Tiles (s),135,0.7061662179185078,607,2,0.20304447297462372,0.20542252444014236,0.0061662164007429965,True,False,False,True,67,0.20304447412490845,0.7061662077903748,0.712146,0.7807624499999999,0.6978560090065002,0.7648271828889845,0.039308499999999996,0.04642365,18.116844957197554,True,True,False,8.761410239223387,10.539418972309134,True,67,0.0,0.0
434,2,0250c8d2f1e499db1f3ead3dffa53a9be983dd1aa2ab5af76249342b4679d5b1,40,model.layers.14.self_attn.q_proj,q_proj,0,1.0884142541930795,896x896,0,896,896,1.75,1,0.7,0.7000000015177648,0.5,448,False,False,0.5625022027670639,448,0.16431661183841123,0.7802965988375945,660,6,0.22514872816288675,0.22696529649385472,tiles_2s,Tiles (2s),270,0.7192331637488678,626,2,0.20365002165242527,0.20774884668462065,0.01923316223110305,True,False,False,True,135,0.20365002751350403,0.7192330956459045,0.716103,0.7612660499999998,0.6999040246009827,0.7324160277843474,0.035321000000000005,0.0383665,20.274142861187393,True,True,False,7.728172226528384,10.272616651797573,True,135,0.0,0.0
434,2,0250c8d2f1e499db1f3ead3dffa53a9be983dd1aa2ab5af76249342b4679d5b1,40,model.layers.14.self_attn.q_proj,q_proj,0,1.0884142541930795,896x896,0,896,896,1.75,2,0.9,0.9000000019514118,0.75,672,False,False,0.7937007356522372,672,0.24074100458565098,0.9137222848657984,800,4,0.2695637713239693,0.2685191296218012,tiles_half_s,Tiles (s/2),68,0.9199599822313758,816,2,0.265460731099647,0.2713189235574778,0.01995998027996393,True,False,False,True,0,0.265460729598999,0.9199600219726562,0.7189285000000001,0.7605932,0.7060480117797852,0.7470592260360718,0.046856999999999996,0.05261814999999998,15.343033058027618,True,True,False,-0.6511083536515194,1.1389872023128467,True,0,0.0,0.0
434,2,0250c8d2f1e499db1f3ead3dffa53a9be983dd1aa2ab5af76249342b4679d5b1,40,model.layers.14.self_attn.q_proj,q_proj,0,1.0884142541930795,896x896,0,896,896,1.75,2,0.9,0.9000000019514118,0.75,672,False,False,0.7937007356522372,672,0.24074100458565098,0.9137222848657984,800,4,0.2695637713239693,0.2685191296218012,tiles_s,Tiles (s),135,0.9081700558017474,810,1,0.26350881395920844,0.26917771493212667,0.008170053850335535,True,False,False,True,0,0.2635088264942169,0.9081699848175049,0.716204,0.76438705,0.7034879922866821,0.7379456162452698,0.038752499999999995,0.043881699999999996,18.481491516676343,True,True,False,0.14321523621164678,1.8659064140605475,True,0,0.0,0.0
434,2,0250c8d2f1e499db1f3ead3dffa53a9be983dd1aa2ab5af76249342b4679d5b1,40,model.layers.14.self_attn.q_proj,q_proj,0,1.0884142541930795,896x896,0,896,896,1.75,2,0.9,0.9000000019514118,0.75,672,False,False,0.7937007356522372,672,0.24074100458565098,0.9137222848657984,800,4,0.2695637713239693,0.2685191296218012,tiles_2s,Tiles (2s),270,0.9081700558017474,810,1,0.26350881395920844,0.26917771493212667,0.008170053850335535,True,False,False,True,0,0.2635088264942169,0.9081699848175049,0.7208625,0.7901885,0.7045120000839233,0.7777279883623123,0.0352005,0.03848355,20.478757404014146,True,True,False,0.14321523621164678,1.8659064140605475,True,0,0.0,0.0
435,2,0250c8d2f1e499db1f3ead3dffa53a9be983dd1aa2ab5af76249342b4679d5b1,40,model.layers.14.self_attn.k_proj,k_proj,0,1.0884142541930795,896x128,1,896,128,0.25,0,0.5,0.5000000010841177,0.25,224,False,False,0.26987043432018254,224,0.018949429657794677,0.8365604504942894,736,1,0.03559616,0.03664651603113517,tiles_half_s,Tiles (s/2),472,0.5180302342196228,472,1,0.02747613916319621,0.02632202643171806,0.018030233135505114,True,False,False,True,0,0.02747613936662674,0.5180301666259766,0.659032,0.7367637,0.6481920182704926,0.7235072255134583,0.032195,0.04094764999999998,20.470010871253297,True,True,False,26.05374728139761,25.023870918991953,True,0,0.0,0.0
435,2,0250c8d2f1e499db1f3ead3dffa53a9be983dd1aa2ab5af76249342b4679d5b1,40,model.layers.14.self_attn.k_proj,k_proj,0,1.0884142541930795,896x128,1,896,128,0.25,0,0.5,0.5000000010841177,0.25,224,False,False,0.26987043432018254,224,0.018949429657794677,0.8365604504942894,736,1,0.03559616,0.03664651603113517,tiles_s,Tiles (s),896,0.5139539481024258,448,1,0.026642468538838122,0.025773178458289338,0.0139539470183081,True,False,False,True,448,0.026642467826604843,0.5139539837837219,0.7043765,0.73513505,0.6922240257263184,0.7183360129594802,0.034344,0.04311874999999999,20.50944852084789,True,True,False,27.59562138643793,27.298768275263953,True,448,0.0,0.0
435,2,0250c8d2f1e499db1f3ead3dffa53a9be983dd1aa2ab5af76249342b4679d5b1,40,model.layers.14.self_attn.k_proj,k_proj,0,1.0884142541930795,896x128,1,896,128,0.25,0,0.5,0.5000000010841177,0.25,224,False,False,0.26987043432018254,224,0.018949429657794677,0.8365604504942894,736,1,0.03559616,0.03664651603113517,tiles_2s,Tiles (2s),896,0.5139539481024258,448,1,0.026642468538838122,0.025773178458289338,0.0139539470183081,True,False,False,True,448,0.026642467826604843,0.5139539837837219,0.711635,0.76504815,0.6993920207023621,0.7533056139945984,0.032305,0.035114549999999994,22.028633338492494,True,True,False,27.59562138643793,27.298768275263953,True,448,0.0,0.0
435,2,0250c8d2f1e499db1f3ead3dffa53a9be983dd1aa2ab5af76249342b4679d5b1,40,model.layers.14.self_attn.k_proj,k_proj,0,1.0884142541930795,896x128,1,896,128,0.25,1,0.7,0.7000000015177648,0.5,448,False,False,0.5477453907224117,448,0.03634124909539145,0.8365604504942894,736,1,0.03559616,0.03664651603113517,tiles_half_s,Tiles (s/2),472,0.7961875973705901,708,1,0.0356739003027174,0.03657105263157895,0.09618759585282532,True,False,False,True,236,0.035673901438713074,0.7961876392364502,0.699292,0.7208665000000001,0.6871039867401123,0.7091711759567261,0.034675,0.039647899999999986,20.16703677000721,True,True,False,-2.7387578648341515,2.654046915650654,True,236,0.0,0.0
435,2,0250c8d2f1e499db1f3ead3dffa53a9be983dd1aa2ab5af76249342b4679d5b1,40,model.layers.14.self_attn.k_proj,k_proj,0,1.0884142541930795,896x128,1,896,128,0.25,1,0.7,0.7000000015177648,0.5,448,False,False,0.5477453907224117,448,0.03634124909539145,0.8365604504942894,736,1,0.03559616,0.03664651603113517,tiles_s,Tiles (s),896,1.0000000021682354,896,1,0.04220432019352241,0.043105703422053235,0.3000000006504706,True,False,False,True,0,0.042204320430755615,1.0,0.695289,0.74317145,0.6835199892520905,0.7263232141733169,0.033172,0.03574005,20.960116966116004,True,True,False,-21.09649867304011,-15.165982375146637,True,0,0.0,0.0
435,2,0250c8d2f1e499db1f3ead3dffa53a9be983dd1aa2ab5af76249342b4679d5b1,40,model.layers.14.self_attn.k_proj,k_proj,0,1.0884142541930795,896x128,1,896,128,0.25,1,0.7,0.7000000015177648,0.5,448,False,False,0.5477453907224117,448,0.03634124909539145,0.8365604504942894,736,1,0.03559616,0.03664651603113517,tiles_2s,Tiles (2s),896,1.0000000021682354,896,1,0.04220432019352241,0.043105703422053235,0.3000000006504706,True,False,False,True,0,0.042204320430755615,1.0,0.7200605,0.7789552,0.7075839936733246,0.7646207749843597,0.032174999999999995,0.0341521,22.37950271950272,True,True,False,-21.09649867304011,-15.165982375146637,True,0,0.0,0.0
435,2,0250c8d2f1e499db1f3ead3dffa53a9be983dd1aa2ab5af76249342b4679d5b1,40,model.layers.14.self_attn.k_proj,k_proj,0,1.0884142541930795,896x128,1,896,128,0.25,2,0.9,0.9000000019514118,0.75,672,False,False,0.7683866660518106,672,0.04411609029795707,0.9706794311205158,864,1,0.04185874769797422,0.041092759361044964,tiles_half_s,Tiles (s/2),472,1.0000000021682354,896,1,0.04220432019352241,0.043105703422053235,0.10000000021682354,True,False,False,True,0,0.042204320430755615,1.0,0.7045615000000001,0.7451076499999999,0.692223995923996,0.7327744036912918,0.032786499999999996,0.035549000000000004,21.489378250194445,True,True,False,-2.9789608926579447,-2.70500411693253,True,0,0.0,0.0
435,2,0250c8d2f1e499db1f3ead3dffa53a9be983dd1aa2ab5af76249342b4679d5b1,40,model.layers.14.self_attn.k_proj,k_proj,0,1.0884142541930795,896x128,1,896,128,0.25,2,0.9,0.9000000019514118,0.75,672,False,False,0.7683866660518106,672,0.04411609029795707,0.9706794311205158,864,1,0.04185874769797422,0.041092759361044964,tiles_s,Tiles (s),896,1.0000000021682354,896,1,0.04220432019352241,0.043105703422053235,0.10000000021682354,True,False,False,True,0,0.042204320430755615,1.0,0.7087245,0.7735774499999999,0.6963199973106384,0.7565824061632156,0.0323355,0.034561,21.917845711369853,True,True,False,-2.9789608926579447,-2.70500411693253,True,0,0.0,0.0
435,2,0250c8d2f1e499db1f3ead3dffa53a9be983dd1aa2ab5af76249342b4679d5b1,40,model.layers.14.self_attn.k_proj,k_proj,0,1.0884142541930795,896x128,1,896,128,0.25,2,0.9,0.9000000019514118,0.75,672,False,False,0.7683866660518106,672,0.04411609029795707,0.9706794311205158,864,1,0.04185874769797422,0.041092759361044964,tiles_2s,Tiles (2s),896,1.0000000021682354,896,1,0.04220432019352241,0.043105703422053235,0.10000000021682354,True,False,False,True,0,0.042204320430755615,1.0,0.710453,0.742593,0.6983680129051208,0.7308799892663955,0.031895,0.036068699999999995,22.27474525787741,True,True,False,-2.9789608926579447,-2.70500411693253,True,0,0.0,0.0
438,2,0250c8d2f1e499db1f3ead3dffa53a9be983dd1aa2ab5af76249342b4679d5b1,40,model.layers.14.mlp.gate_proj,gate_proj,0,0.6841010231643835,896x4864,2,896,4864,9.5,0,0.5,0.5000000005529728,0.25,224,False,False,0.33137172961141914,224,0.4378646777460117,0.5177426931040827,390,22,0.7442005675413416,0.7585651819925031,tiles_half_s,Tiles (s/2),12,0.5049662071105558,396,18,0.7573764102309989,0.7542806065602056,0.004966206557583064,True,False,False,True,6,0.7573764324188232,0.5049664378166199,0.738064,0.9879141499999998,0.7234559953212738,0.9739776134490966,0.11432300000000001,0.16034115,6.455953745090664,True,True,False,-1.3544788137109354,0.15671319877637035,True,6,0.0,0.0
438,2,0250c8d2f1e499db1f3ead3dffa53a9be983dd1aa2ab5af76249342b4679d5b1,40,model.layers.14.mlp.gate_proj,gate_proj,0,0.6841010231643835,896x4864,2,896,4864,9.5,0,0.5,0.5000000005529728,0.25,224,False,False,0.33137172961141914,224,0.4378646777460117,0.5177426931040827,390,22,0.7442005675413416,0.7585651819925031,tiles_s,Tiles (s),25,0.5223197721352335,425,12,0.7505586147162641,0.7713914471264646,0.022319771582260728,True,False,False,True,0,0.750558614730835,0.5223196744918823,0.8659185,1.2700948999999997,0.8519680202007294,1.25790239572525,0.069766,0.08003784999999998,12.411755009603533,True,True,False,-3.6537031508797613,1.0554883701896833,True,0,0.0,0.0
438,2,0250c8d2f1e499db1f3ead3dffa53a9be983dd1aa2ab5af76249342b4679d5b1,40,model.layers.14.mlp.gate_proj,gate_proj,0,0.6841010231643835,896x4864,2,896,4864,9.5,0,0.5,0.5000000005529728,0.25,224,False,False,0.33137172961141914,224,0.4378646777460117,0.5177426931040827,390,22,0.7442005675413416,0.7585651819925031,tiles_2s,Tiles (2s),50,0.5346978859743103,450,6,0.7947091214642796,0.8118058069381598,0.03469788542133756,True,False,False,True,0,0.7947090864181519,0.5346977114677429,0.7900865,1.1938190499999997,0.7782400250434875,1.1717519879341123,0.0496925,0.052470499999999996,15.899511998792574,True,True,False,-9.084276785782318,-4.76477701979916,False,25,0.0,1.1102230246251565e-16
438,2,0250c8d2f1e499db1f3ead3dffa53a9be983dd1aa2ab5af76249342b4679d5b1,40,model.layers.14.mlp.gate_proj,gate_proj,0,0.6841010231643835,896x4864,2,896,4864,9.5,1,0.7,0.7000000007741618,0.5,448,False,False,0.5804636254615616,448,0.8538317985511773,0.7083864927408285,573,29,1.0751702450938871,1.084963087390369,tiles_half_s,Tiles (s/2),12,0.7100051952002104,588,18,1.069314181042873,1.088744057713269,0.010005194426048636,True,False,False,True,0,1.0693142414093018,0.7100052833557129,0.7029935,0.7375811999999999,0.6917120218276978,0.7193600207567215,0.115621,0.1248261,6.080154124250785,True,True,False,-1.2624803077764257,1.4423445856702743,True,0,0.0,0.0
438,2,0250c8d2f1e499db1f3ead3dffa53a9be983dd1aa2ab5af76249342b4679d5b1,40,model.layers.14.mlp.gate_proj,gate_proj,0,0.6841010231643835,896x4864,2,896,4864,9.5,1,0.7,0.7000000007741618,0.5,448,False,False,0.5804636254615616,448,0.8538317985511773,0.7083864927408285,573,29,1.0751702450938871,1.084963087390369,tiles_s,Tiles (s),25,0.704196020582458,596,8,1.0525480808726904,1.0762330160327584,0.004196019808296203,True,False,False,True,0,1.0525481700897217,0.7041960954666138,0.7191445000000001,0.7519115,0.7065600156784058,0.7282543987035751,0.0697855,0.07463275,10.305070537575858,True,True,False,-0.09884675880129645,2.9876598470871096,True,0,0.0,0.0
438,2,0250c8d2f1e499db1f3ead3dffa53a9be983dd1aa2ab5af76249342b4679d5b1,40,model.layers.14.mlp.gate_proj,gate_proj,0,0.6841010231643835,896x4864,2,896,4864,9.5,1,0.7,0.7000000007741618,0.5,448,False,False,0.5804636254615616,448,0.8538317985511773,0.7083864927408285,573,29,1.0751702450938871,1.084963087390369,tiles_2s,Tiles (2s),50,0.745374597288901,646,5,1.1408490943687213,1.1653923361823362,0.045374596514739185,True,False,False,True,0,1.1408491134643555,0.745374858379364,0.636109,0.72571735,0.6252000033855438,0.7109632164239883,0.050589999999999996,0.05612894999999998,12.573809053172566,True,True,False,-8.39142373034798,-5.150959293257906,True,0,0.0,0.0
438,2,0250c8d2f1e499db1f3ead3dffa53a9be983dd1aa2ab5af76249342b4679d5b1,40,model.layers.14.mlp.gate_proj,gate_proj,0,0.6841010231643835,896x4864,2,896,4864,9.5,2,0.9,0.900000000995351,0.75,672,False,False,0.8049472126876935,672,1.253311452195442,0.9080129982030485,787,27,1.4426861791907384,1.435800255906955,tiles_half_s,Tiles (s/2),12,0.9065388523158617,792,8,1.398688053777132,1.4287782202111614,0.006538851320510686,True,False,False,True,6,1.3986880779266357,0.9065393209457397,0.7107785,0.7399494,0.6993920207023621,0.7284735977649689,0.116618,0.12556645,6.09492959920424,True,True,False,0.9640321769339044,2.584774725951011,True,6,0.0,0.0
438,2,0250c8d2f1e499db1f3ead3dffa53a9be983dd1aa2ab5af76249342b4679d5b1,40,model.layers.14.mlp.gate_proj,gate_proj,0,0.6841010231643835,896x4864,2,896,4864,9.5,2,0.9,0.900000000995351,0.75,672,False,False,0.8049472126876935,672,1.253311452195442,0.9080129982030485,787,27,1.4426861791907384,1.435800255906955,tiles_s,Tiles (s),25,0.9038158020412084,796,5,1.4057521348568145,1.4359942718283893,0.0038158010458573255,True,False,False,True,0,1.405752182006836,0.9038158059120178,0.685676,0.73300725,0.6743040084838867,0.7215616106987,0.0704065,0.07765765,9.738816728569095,True,True,False,0.4638505212618549,2.092778638708337,True,0,0.0,0.0
438,2,0250c8d2f1e499db1f3ead3dffa53a9be983dd1aa2ab5af76249342b4679d5b1,40,model.layers.14.mlp.gate_proj,gate_proj,0,0.6841010231643835,896x4864,2,896,4864,9.5,2,0.9,0.900000000995351,0.75,672,False,False,0.8049472126876935,672,1.253311452195442,0.9080129982030485,787,27,1.4426861791907384,1.435800255906955,tiles_2s,Tiles (2s),50,0.9266793418501038,821,2,1.44990264160483,1.4810945944360652,0.026679340854752764,True,False,False,True,25,1.4499026536941528,0.9266794919967651,0.701391,0.7424516999999999,0.6886399984359741,0.7256752073764801,0.0517165,0.05680644999999999,13.56222868910309,True,True,False,-2.662284826688488,-0.9821969065583636,True,25,0.0,0.0
450,2,0250c8d2f1e499db1f3ead3dffa53a9be983dd1aa2ab5af76249342b4679d5b1,40,model.layers.16.self_attn.v_proj,v_proj,0,1.0817743580412957,896x128,1,896,128,0.25,0,0.5,0.5000000003637979,0.25,224,False,False,0.2912938162917271,224,0.018949429657794677,0.8393435461912304,736,1,0.03559616,0.03664651603113517,tiles_half_s,Tiles (s/2),472,0.546751631074585,472,1,0.02747613916319621,0.02632202643171806,0.04675163071078714,True,False,False,True,236,0.02747613936662674,0.5467516183853149,0.7164189999999999,0.7779050999999999,0.7039999961853027,0.7515135943889617,0.0335825,0.03919704999999998,21.333105039827288,True,True,False,26.05374728139761,25.023870918991953,True,236,0.0,0.0
450,2,0250c8d2f1e499db1f3ead3dffa53a9be983dd1aa2ab5af76249342b4679d5b1,40,model.layers.16.self_attn.v_proj,v_proj,0,1.0817743580412957,896x128,1,896,128,0.25,0,0.5,0.5000000003637979,0.25,224,False,False,0.2912938162917271,224,0.018949429657794677,0.8393435461912304,736,1,0.03559616,0.03664651603113517,tiles_s,Tiles (s),896,0.5213896351342555,448,1,0.026642468538838122,0.025773178458289338,0.021389634770457633,True,False,False,True,448,0.026642467826604843,0.5213896036148071,0.711104,0.7761069999999999,0.6988800168037415,0.7598591983318329,0.03226,0.03411105,22.042901425914447,True,True,False,27.59562138643793,27.298768275263953,True,448,0.0,0.0
450,2,0250c8d2f1e499db1f3ead3dffa53a9be983dd1aa2ab5af76249342b4679d5b1,40,model.layers.16.self_attn.v_proj,v_proj,0,1.0817743580412957,896x128,1,896,128,0.25,0,0.5,0.5000000003637979,0.25,224,False,False,0.2912938162917271,224,0.018949429657794677,0.8393435461912304,736,1,0.03559616,0.03664651603113517,tiles_2s,Tiles (2s),896,0.5213896351342555,448,1,0.026642468538838122,0.025773178458289338,0.021389634770457633,True,False,False,True,448,0.026642467826604843,0.5213896036148071,0.700083,0.73131795,0.6881279945373535,0.7118847966194153,0.034394,0.037616649999999995,20.35480025585858,True,True,False,27.59562138643793,27.298768275263953,True,448,0.0,0.0
450,2,0250c8d2f1e499db1f3ead3dffa53a9be983dd1aa2ab5af76249342b4679d5b1,40,model.layers.16.self_attn.v_proj,v_proj,0,1.0817743580412957,896x128,1,896,128,0.25,1,0.7,0.700000000509317,0.5,448,True,False,0.5539848504122347,448,0.03634124909539145,0.8393435461912304,736,1,0.03559616,0.03664651603113517,tiles_half_s,Tiles (s/2),472,0.8046115966571961,708,1,0.0356739003027174,0.03657105263157895,0.10461159614787907,True,False,False,True,236,0.035673901438713074,0.8046115636825562,0.712722,0.77112055,0.7004160284996033,0.7585279941558838,0.033713499999999993,0.03704355,21.140552004389935,True,True,False,-2.7387578648341515,2.654046915650654,True,236,0.0,0.0
450,2,0250c8d2f1e499db1f3ead3dffa53a9be983dd1aa2ab5af76249342b4679d5b1,40,model.layers.16.self_attn.v_proj,v_proj,0,1.0817743580412957,896x128,1,896,128,0.25,1,0.7,0.700000000509317,0.5,448,True,False,0.5539848504122347,448,0.03634124909539145,0.8393435461912304,736,1,0.03559616,0.03664651603113517,tiles_s,Tiles (s),896,1.0000000007275958,896,1,0.04220432019352241,0.043105703422053235,0.3000000002182788,True,False,False,True,0,0.042204320430755615,1.0,0.7113590000000001,0.74920865,0.6988800168037415,0.7307264149188994,0.033833,0.0358675,21.025596311293707,True,True,False,-21.09649867304011,-15.165982375146637,True,0,0.0,0.0
450,2,0250c8d2f1e499db1f3ead3dffa53a9be983dd1aa2ab5af76249342b4679d5b1,40,model.layers.16.self_attn.v_proj,v_proj,0,1.0817743580412957,896x128,1,896,128,0.25,1,0.7,0.700000000509317,0.5,448,True,False,0.5539848504122347,448,0.03634124909539145,0.8393435461912304,736,1,0.03559616,0.03664651603113517,tiles_2s,Tiles (2s),896,1.0000000007275958,896,1,0.04220432019352241,0.043105703422053235,0.3000000002182788,True,False,False,True,0,0.042204320430755615,1.0,0.6897245,0.7994979999999999,0.6790239810943604,0.7853056132793426,0.032776,0.03612005,21.04358371979497,True,True,False,-21.09649867304011,-15.165982375146637,True,0,0.0,0.0
450,2,0250c8d2f1e499db1f3ead3dffa53a9be983dd1aa2ab5af76249342b4679d5b1,40,model.layers.16.self_attn.v_proj,v_proj,0,1.0817743580412957,896x128,1,896,128,0.25,2,0.9,0.9000000006548362,0.75,672,False,False,0.7821535954426508,672,0.04411609029795707,0.9720975677482784,864,1,0.04185874769797422,0.041092759361044964,tiles_half_s,Tiles (s/2),472,1.0000000007275958,896,1,0.04220432019352241,0.043105703422053235,0.10000000007275955,True,False,False,True,236,0.042204320430755615,0.9999999403953552,0.6415285,0.74199205,0.6313759982585907,0.7291904091835022,0.034204,0.0375795,18.755949596538414,True,True,False,-2.9789608926579447,-2.70500411693253,True,0,0.0,0.0
450,2,0250c8d2f1e499db1f3ead3dffa53a9be983dd1aa2ab5af76249342b4679d5b1,40,model.layers.16.self_attn.v_proj,v_proj,0,1.0817743580412957,896x128,1,896,128,0.25,2,0.9,0.9000000006548362,0.75,672,False,False,0.7821535954426508,672,0.04411609029795707,0.9720975677482784,864,1,0.04185874769797422,0.041092759361044964,tiles_s,Tiles (s),896,1.0000000007275958,896,1,0.04220432019352241,0.043105703422053235,0.10000000007275955,True,False,False,True,0,0.042204320430755615,1.0,0.6357025000000001,0.66012235,0.6251519918441772,0.6494207978248596,0.033162,0.03679955,19.169606778843256,True,True,False,-2.9789608926579447,-2.70500411693253,True,0,0.0,0.0
450,2,0250c8d2f1e499db1f3ead3dffa53a9be983dd1aa2ab5af76249342b4679d5b1,40,model.layers.16.self_attn.v_proj,v_proj,0,1.0817743580412957,896x128,1,896,128,0.25,2,0.9,0.9000000006548362,0.75,672,False,False,0.7821535954426508,672,0.04411609029795707,0.9720975677482784,864,1,0.04185874769797422,0.041092759361044964,tiles_2s,Tiles (2s),896,1.0000000007275958,896,1,0.04220432019352241,0.043105703422053235,0.10000000007275955,True,False,False,True,0,0.042204320430755615,1.0,0.6528405,0.76624995,0.6338079869747162,0.7537663787603378,0.0329415,0.04119584999999999,19.818177678612088,True,True,False,-2.9789608926579447,-2.70500411693253,True,0,0.0,0.0
451,2,0250c8d2f1e499db1f3ead3dffa53a9be983dd1aa2ab5af76249342b4679d5b1,40,model.layers.16.self_attn.o_proj,o_proj,0,0.5662978773876424,896x896,0,896,896,1.75,0,0.5,0.5000000000582077,0.25,224,False,False,0.3689949106192216,224,0.08526864908739909,0.5221185814298224,348,3,0.12008540170009768,0.12091128384459543,tiles_half_s,Tiles (s/2),68,0.5011801404471043,340,2,0.11610199463380488,0.11683721536819099,0.0011801403888966888,True,False,False,True,34,0.11610199511051178,0.5011799931526184,0.7276549999999999,0.78757195,0.7147520184516907,0.7750144004821777,0.043191,0.04670055,16.847375610659626,True,True,False,2.7048969199592987,3.977535477145222,True,34,0.0,0.0
451,2,0250c8d2f1e499db1f3ead3dffa53a9be983dd1aa2ab5af76249342b4679d5b1,40,model.layers.16.self_attn.o_proj,o_proj,0,0.5662978773876424,896x896,0,896,896,1.75,0,0.5,0.5000000000582077,0.25,224,False,False,0.3689949106192216,224,0.08526864908739909,0.5221185814298224,348,3,0.12008540170009768,0.12091128384459543,tiles_s,Tiles (s),135,0.5161170376231894,356,1,0.11581375033268913,0.1183052673035026,0.01611703756498173,True,False,False,True,0,0.11581375449895859,0.5161170959472656,0.6960105000000001,0.98307515,0.6855199933052063,0.9659391909837722,0.0382165,0.0472137,18.212303586147346,True,True,False,1.4823903417009898,4.215928695669168,True,0,0.0,0.0
451,2,0250c8d2f1e499db1f3ead3dffa53a9be983dd1aa2ab5af76249342b4679d5b1,40,model.layers.16.self_attn.o_proj,o_proj,0,0.5662978773876424,896x896,0,896,896,1.75,0,0.5,0.5000000000582077,0.25,224,False,False,0.3689949106192216,224,0.08526864908739909,0.5221185814298224,348,3,0.12008540170009768,0.12091128384459543,tiles_2s,Tiles (2s),270,0.5161170376231894,356,1,0.11581375033268913,0.1183052673035026,0.01611703756498173,True,False,False,True,0,0.11581375449895859,0.5161170959472656,0.6460170000000001,0.6974421,0.6354720294475555,0.6853631943464279,0.0344245,0.03614705,18.766198492352835,True,True,False,1.4823903417009898,4.215928695669168,True,0,0.0,0.0
451,2,0250c8d2f1e499db1f3ead3dffa53a9be983dd1aa2ab5af76249342b4679d5b1,40,model.layers.16.self_attn.o_proj,o_proj,0,0.5662978773876424,896x896,0,896,896,1.75,1,0.7,0.7000000000814907,0.5,448,True,False,0.6340539183584042,448,0.17022529910267073,0.7412025150842965,548,3,0.18291521387337564,0.1801531694850549,tiles_half_s,Tiles (s/2),68,0.7110482613788918,522,2,0.1753101478937752,0.17731912168627376,0.011048261297401107,True,False,False,True,34,0.1753101497888565,0.7110483050346375,0.7142900000000001,0.741857,0.7014400064945221,0.7248384028673172,0.044733499999999995,0.05093919999999999,15.967675232208528,True,True,False,3.0593913259592598,2.68827998148623,True,34,0.0,0.0
451,2,0250c8d2f1e499db1f3ead3dffa53a9be983dd1aa2ab5af76249342b4679d5b1,40,model.layers.16.self_attn.o_proj,o_proj,0,0.5662978773876424,896x896,0,896,896,1.75,1,0.7,0.7000000000814907,0.5,448,True,False,0.6340539183584042,448,0.17022529910267073,0.7412025150842965,548,3,0.18291521387337564,0.1801531694850549,tiles_s,Tiles (s),135,0.811607607465703,626,2,0.20365002165242527,0.20774884668462065,0.11160760738421238,True,False,False,True,0,0.20365002751350403,0.8116077184677124,0.7113700000000001,0.7534401,0.6999039947986603,0.7367168009281158,0.0389775,0.042571950000000004,18.250785709704317,True,True,False,-13.57658134901576,-13.042708176899232,True,0,0.0,0.0
451,2,0250c8d2f1e499db1f3ead3dffa53a9be983dd1aa2ab5af76249342b4679d5b1,40,model.layers.16.self_attn.o_proj,o_proj,0,0.5662978773876424,896x896,0,896,896,1.75,1,0.7,0.7000000000814907,0.5,448,True,False,0.6340539183584042,448,0.17022529910267073,0.7412025150842965,548,3,0.18291521387337564,0.1801531694850549,tiles_2s,Tiles (2s),270,0.7674129864753922,626,1,0.20365002165242527,0.20803117228087817,0.06741298639390159,True,False,False,True,0,0.20365002751350403,0.7674130797386169,0.71715,0.7529631499999999,0.7024639844894409,0.7335343927145004,0.035912,0.03969559999999999,19.969648028514143,True,True,False,-13.730929142334336,-13.042708176899232,True,0,0.0,0.0
451,2,0250c8d2f1e499db1f3ead3dffa53a9be983dd1aa2ab5af76249342b4679d5b1,40,model.layers.16.self_attn.o_proj,o_proj,0,0.5662978773876424,896x896,0,896,896,1.75,2,0.9,0.9000000001047738,0.75,672,False,False,0.8533111697761342,672,0.22860799936755688,0.920743063557893,756,4,0.25573734973363704,0.2517635787360878,tiles_half_s,Tiles (s/2),68,0.90556115785148,748,3,0.2488323601836284,0.25242302733400296,0.00556115774670618,True,False,False,True,0,0.2488323599100113,0.905561089515686,0.712872,0.7552915499999999,0.7009280025959015,0.7326720029115676,0.046256500000000006,0.049707,15.411282738642134,True,True,False,1.2959868408295105,1.164274263646392,True,0,0.0,0.0
451,2,0250c8d2f1e499db1f3ead3dffa53a9be983dd1aa2ab5af76249342b4679d5b1,40,model.layers.16.self_attn.o_proj,o_proj,0,0.5662978773876424,896x896,0,896,896,1.75,2,0.9,0.9000000001047738,0.75,672,False,False,0.8533111697761342,672,0.22860799936755688,0.920743063557893,756,4,0.25573734973363704,0.2517635787360878,tiles_s,Tiles (s),135,0.9081569955305895,761,1,0.24756815731229334,0.25289412476956596,0.008156995425815716,True,False,False,True,0,0.24756816029548645,0.9081571102142334,0.711319,0.72977305,0.6978560090065002,0.7183871865272522,0.0386325,0.043053749999999995,18.41245065683039,True,True,False,1.1117754082586861,1.6664131662158743,True,0,0.0,0.0
451,2,0250c8d2f1e499db1f3ead3dffa53a9be983dd1aa2ab5af76249342b4679d5b1,40,model.layers.16.self_attn.o_proj,o_proj,0,0.5662978773876424,896x896,0,896,896,1.75,2,0.9,0.9000000001047738,0.75,672,False,False,0.8533111697761342,672,0.22860799936755688,0.920743063557893,756,4,0.25573734973363704,0.2517635787360878,tiles_2s,Tiles (2s),270,0.9081569955305895,761,1,0.24756815731229334,0.25289412476956596,0.008156995425815716,True,False,False,True,135,0.24756816029548645,0.9081571102142334,0.708394,0.7585180499999999,0.6958079934120178,0.7462912142276763,0.035166,0.039141699999999995,20.14428709548996,True,True,False,1.1117754082586861,1.6664131662158743,True,135,0.0,0.0
453,2,0250c8d2f1e499db1f3ead3dffa53a9be983dd1aa2ab5af76249342b4679d5b1,40,model.layers.16.mlp.up_proj,up_proj,0,0.6944229103344413,896x4864,2,896,4864,9.5,0,0.5,0.4999999993306119,0.25,224,False,False,0.32828023051843047,224,0.4483279665028792,0.5003515389107633,381,22,0.7298099850035572,0.7466853755954004,tiles_half_s,Tiles (s/2),12,0.5026580872945487,396,17,0.7470470216101774,0.7517686380616113,0.0026580879639368504,True,False,False,True,6,0.7470470666885376,0.5026580691337585,0.71695,0.7425159499999999,0.705024003982544,0.7250944048166275,0.108072,0.11499105,6.634003257087867,True,True,False,-3.008817844270384,-0.04843352054253458,True,6,0.0,0.0
453,2,0250c8d2f1e499db1f3ead3dffa53a9be983dd1aa2ab5af76249342b4679d5b1,40,model.layers.16.mlp.up_proj,up_proj,0,0.6944229103344413,896x4864,2,896,4864,9.5,0,0.5,0.4999999993306119,0.25,224,False,False,0.32828023051843047,224,0.4483279665028792,0.5003515389107633,381,22,0.7298099850035572,0.7466853755954004,tiles_s,Tiles (s),25,0.5214606270019431,425,8,0.7505586147162641,0.7682674719291444,0.021460627671331167,True,False,False,True,12,0.750558614730835,0.5214606523513794,0.734037,0.8022377499999999,0.7219200134277344,0.7797759860754012,0.067386,0.07710679999999999,10.893019321520791,True,True,False,-5.269520521207949,-0.5187243847885936,True,12,0.0,0.0
453,2,0250c8d2f1e499db1f3ead3dffa53a9be983dd1aa2ab5af76249342b4679d5b1,40,model.layers.16.mlp.up_proj,up_proj,0,0.6944229103344413,896x4864,2,896,4864,9.5,0,0.5,0.4999999993306119,0.25,224,False,False,0.32828023051843047,224,0.4483279665028792,0.5003515389107633,381,22,0.7298099850035572,0.7466853755954004,tiles_2s,Tiles (2s),50,0.5332684902241454,446,7,0.787645040384597,0.8045897553209318,0.03326849089353345,True,False,False,True,0,0.7876451015472412,0.5332686305046082,0.6942125,0.7440858499999999,0.6824960112571716,0.7281664222478866,0.050399,0.06787239999999997,13.774330839897617,True,True,False,-10.246471253337287,-5.485531942625199,True,0,0.0,0.0
453,2,0250c8d2f1e499db1f3ead3dffa53a9be983dd1aa2ab5af76249342b4679d5b1,40,model.layers.16.mlp.up_proj,up_proj,0,0.6944229103344413,896x4864,2,896,4864,9.5,1,0.7,0.6999999990628566,0.5,448,False,False,0.57301060037571,448,0.8646064533183855,0.7037140977627132,576,29,1.084564118729978,1.096505733139082,tiles_half_s,Tiles (s/2),12,0.7029443222272675,588,17,1.0681873386478742,1.0839208246612124,0.0029443231644109558,True,False,False,True,0,1.0681873559951782,0.7029441595077515,0.723908,0.8243048499999999,0.7106559872627258,0.7927807778120041,0.11895249999999999,0.12432119999999999,6.085689666043169,True,True,False,0.059313604208000026,2.582603413311646,True,0,0.0,0.0
453,2,0250c8d2f1e499db1f3ead3dffa53a9be983dd1aa2ab5af76249342b4679d5b1,40,model.layers.16.mlp.up_proj,up_proj,0,0.6944229103344413,896x4864,2,896,4864,9.5,1,0.7,0.6999999990628566,0.5,448,False,False,0.57301060037571,448,0.8646064533183855,0.7037140977627132,576,29,1.084564118729978,1.096505733139082,tiles_s,Tiles (s),25,0.7054259459546302,600,10,1.0596121619523728,1.0855317177815333,0.005425946891773559,True,False,False,True,0,1.0596121549606323,0.7054257988929749,0.713283,0.7598751,0.7009280025959015,0.7471103936433792,0.0698255,0.0772246,10.215222232565466,True,True,False,-0.0892154769686071,3.364649182552837,False,12,0.0015619875986601084,0.0
453,2,0250c8d2f1e499db1f3ead3dffa53a9be983dd1aa2ab5af76249342b4679d5b1,40,model.layers.16.mlp.up_proj,up_proj,0,0.6944229103344413,896x4864,2,896,4864,9.5,1,0.7,0.6999999990628566,0.5,448,False,False,0.57301060037571,448,0.8646064533183855,0.7037140977627132,576,29,1.084564118729978,1.096505733139082,tiles_2s,Tiles (2s),50,0.723614332586294,625,4,1.1037626687003883,1.1275080651918887,0.023614333523437447,True,False,False,True,25,1.1037626266479492,0.7236143946647644,0.7093605000000001,0.7457254499999999,0.696832001209259,0.7249408036470413,0.050684999999999994,0.055752199999999995,13.995472033145903,True,True,False,-3.959558104522043,-0.661823768174119,True,25,0.0,0.0
453,2,0250c8d2f1e499db1f3ead3dffa53a9be983dd1aa2ab5af76249342b4679d5b1,40,model.layers.16.mlp.up_proj,up_proj,0,0.6944229103344413,896x4864,2,896,4864,9.5,2,0.9,0.8999999987951014,0.75,672,False,False,0.8010921354289167,672,1.2697938842246907,0.9042393239797093,783,30,1.4458247278928804,1.4445119683572543,tiles_half_s,Tiles (s/2),12,0.9031249549880158,792,9,1.3986880537771322,1.4287782202111614,0.0031249561929144187,True,False,False,True,6,1.3986880779266357,0.903124988079071,0.7131179999999999,0.79157255,0.7009280025959015,0.7638528227806091,0.1281145,0.13494305,5.566255185790835,True,True,False,1.1790161942078714,3.1722765601059355,False,0,0.0,2.220446049250313e-16
453,2,0250c8d2f1e499db1f3ead3dffa53a9be983dd1aa2ab5af76249342b4679d5b1,40,model.layers.16.mlp.up_proj,up_proj,0,0.6944229103344413,896x4864,2,896,4864,9.5,2,0.9,0.8999999987951014,0.75,672,False,False,0.8010921354289167,672,1.2697938842246907,0.9042393239797093,783,30,1.4458247278928804,1.4445119683572543,tiles_s,Tiles (s),25,0.9035584751109127,796,4,1.4057521348568145,1.4365149343612762,0.0035584763158112986,True,False,False,True,0,1.405752182006836,0.9035583734512329,0.7060845,0.7444681,0.694271981716156,0.7215616106987,0.076233,0.08291174999999999,9.262189602927867,True,True,False,0.6439088605969645,2.6832476538438566,True,0,0.0,0.0
453,2,0250c8d2f1e499db1f3ead3dffa53a9be983dd1aa2ab5af76249342b4679d5b1,40,model.layers.16.mlp.up_proj,up_proj,0,0.6944229103344413,896x4864,2,896,4864,9.5,2,0.9,0.8999999987951014,0.75,672,False,False,0.8010921354289167,672,1.2697938842246907,0.9042393239797093,783,30,1.4458247278928804,1.4445119683572543,tiles_2s,Tiles (2s),50,0.9291472701006569,825,2,1.4569667226845127,1.488310646053293,0.0291472713055555,True,False,False,True,25,1.456966757774353,0.9291471838951111,0.671875,0.726558,0.6615839898586273,0.7128064036369324,0.0550325,0.05754,12.208694862126926,True,True,False,-2.938524797700137,-0.8622119165563102,True,25,0.0,0.0
454,2,0250c8d2f1e499db1f3ead3dffa53a9be983dd1aa2ab5af76249342b4679d5b1,40,model.layers.16.mlp.down_proj,down_proj,0,0.7399214596070602,4864x896,3,4864,896,1.75,0,0.5,0.5000000000763976,0.25,1216,False,False,0.28587593365227804,1212,0.42400376274385576,0.5001979216467589,2208,20,0.7551577010688019,0.7584962197696845,tiles_half_s,Tiles (s/2),68,0.5093765893143427,2312,13,0.7796055214937597,0.7878593940413805,0.009376589237945154,True,False,False,True,0,0.779605507850647,0.5093770027160645,0.7193945,0.73619875,0.705024003982544,0.7229440212249756,0.13858900000000002,0.1459137,5.190848480038098,True,True,False,-4.330445538235894,-2.783046398106648,True,0,0.0,0.0
454,2,0250c8d2f1e499db1f3ead3dffa53a9be983dd1aa2ab5af76249342b4679d5b1,40,model.layers.16.mlp.down_proj,down_proj,0,0.7399214596070602,4864x896,3,4864,896,1.75,0,0.5,0.5000000000763976,0.25,1216,False,False,0.28587593365227804,1212,0.42400376274385576,0.5001979216467589,2208,20,0.7551577010688019,0.7584962197696845,tiles_s,Tiles (s),135,0.5233512617487577,2430,9,0.7905264418776252,0.8061215168150926,0.023351261672360124,True,False,False,True,67,0.7905265092849731,0.5233513116836548,0.7208275,0.7537985500000001,0.7086079716682434,0.7384064197540283,0.09185650000000001,0.0987311,7.847321637554227,True,True,False,-6.748764618855074,-4.222858502533677,True,67,0.0,0.0
454,2,0250c8d2f1e499db1f3ead3dffa53a9be983dd1aa2ab5af76249342b4679d5b1,40,model.layers.16.mlp.down_proj,down_proj,0,0.7399214596070602,4864x896,3,4864,896,1.75,0,0.5,0.5000000000763976,0.25,1216,False,False,0.28587593365227804,1212,0.42400376274385576,0.5001979216467589,2208,20,0.7551577010688019,0.7584962197696845,tiles_2s,Tiles (2s),270,0.5164893276523799,2430,5,0.7905264418776252,0.80753314479638,0.016489327575982315,True,False,False,True,0,0.7905264496803284,0.5164891481399536,0.7225905,0.77989715,0.7106559872627258,0.7670783996582031,0.067992,0.07161859999999999,10.627581186021885,True,True,False,-6.935696166966099,-4.222858502533677,True,0,0.0,0.0
454,2,0250c8d2f1e499db1f3ead3dffa53a9be983dd1aa2ab5af76249342b4679d5b1,40,model.layers.16.mlp.down_proj,down_proj,0,0.7399214596070602,4864x896,3,4864,896,1.75,1,0.7,0.7000000001069565,0.5,2432,False,False,0.5479790987592423,2430,0.8437553258410415,0.7050274444991373,3216,28,1.098632851977346,1.10186543052814,tiles_half_s,Tiles (s/2),68,0.7005199625527894,3264,14,1.0728296377498252,1.0929737716899397,0.0005199624458328556,True,False,False,True,0,1.0728296041488647,0.7005201578140259,0.7263425,0.7595282,0.7132160067558289,0.7443967998027802,0.1262155,0.14369579999999996,5.754780514279149,True,True,False,0.5151020449844612,2.6351487190588663,True,0,0.0,0.0
454,2,0250c8d2f1e499db1f3ead3dffa53a9be983dd1aa2ab5af76249342b4679d5b1,40,model.layers.16.mlp.down_proj,down_proj,0,0.7399214596070602,4864x896,3,4864,896,1.75,1,0.7,0.7000000001069565,0.5,2432,False,False,0.5479790987592423,2430,0.8437553258410415,0.7050274444991373,3216,28,1.098632851977346,1.10186543052814,tiles_s,Tiles (s),135,0.7131733421665558,3375,7,1.0979533914967017,1.1212914866209371,0.013173342059599302,True,False,False,True,67,1.09795343875885,0.7131734490394592,0.7218439999999999,0.7621433999999999,0.7096319794654846,0.7501312047243117,0.086552,0.09432555,8.34000369719937,True,True,False,-2.062439203671129,0.3550378225009809,True,67,0.0,0.0
454,2,0250c8d2f1e499db1f3ead3dffa53a9be983dd1aa2ab5af76249342b4679d5b1,40,model.layers.16.mlp.down_proj,down_proj,0,0.7399214596070602,4864x896,3,4864,896,1.75,1,0.7,0.7000000001069565,0.5,2432,False,False,0.5479790987592423,2430,0.8437553258410415,0.7050274444991373,3216,28,1.098632851977346,1.10186543052814,tiles_2s,Tiles (2s),270,0.737534043368214,3510,4,1.1418715271565698,1.1664367647058824,0.03753404326125753,True,False,False,True,0,1.1418715715408325,0.7375340461730957,0.7170905000000001,0.75211085,0.7034879922866821,0.7357951998710632,0.0677615,0.07289725,10.582565321015622,True,True,False,-6.171662590145677,-3.6307606645989754,True,0,0.0,0.0
454,2,0250c8d2f1e499db1f3ead3dffa53a9be983dd1aa2ab5af76249342b4679d5b1,40,model.layers.16.mlp.down_proj,down_proj,0,0.7399214596070602,4864x896,3,4864,896,1.75,2,0.9,0.9000000001375156,0.75,3648,False,False,0.7877618283127958,3648,1.2448409171418986,0.9038971523514192,4302,32,1.4556057357575094,1.4448565202099308,tiles_half_s,Tiles (s/2),68,0.9079228566988604,4352,8,1.415790565864784,1.4466905598462225,0.007922856561344838,True,False,False,True,0,1.4157905578613281,0.9079228043556213,0.7274145000000001,0.75867085,0.7132160067558289,0.7399120151996612,0.1326735,0.14714760000000002,5.482741466833995,True,True,False,0.6124718866024059,2.011684477910902,True,0,0.0,0.0
454,2,0250c8d2f1e499db1f3ead3dffa53a9be983dd1aa2ab5af76249342b4679d5b1,40,model.layers.16.mlp.down_proj,down_proj,0,0.7399214596070602,4864x896,3,4864,896,1.75,2,0.9,0.9000000001375156,0.75,3648,False,False,0.7877618283127958,3648,1.2448409171418986,0.9038971523514192,4302,32,1.4556057357575094,1.4448565202099308,tiles_s,Tiles (s),135,0.9221467779643717,4455,3,1.4492984767756463,1.480477432126697,0.022146777826856145,True,False,False,True,67,1.449298620223999,0.9221467971801758,0.721959,0.75441165,0.7080959975719452,0.7422464162111282,0.0886555,0.0958966,8.143420317972376,True,True,False,-1.7086835918686427,-0.30743236463852686,True,67,0.0,0.0
454,2,0250c8d2f1e499db1f3ead3dffa53a9be983dd1aa2ab5af76249342b4679d5b1,40,model.layers.16.mlp.down_proj,down_proj,0,0.7399214596070602,4864x896,3,4864,896,1.75,2,0.9,0.9000000001375156,0.75,3648,False,False,0.7877618283127958,3648,1.2448409171418986,0.9038971523514192,4302,32,1.4556057357575094,1.4448565202099308,tiles_2s,Tiles (2s),270,0.9485726307793811,4590,2,1.4932166124355142,1.5253403846153846,0.048572630641865566,True,False,False,True,0,1.493216633796692,0.9485726952552795,0.7140595000000001,0.7397257,0.7024639844894409,0.7246336013078689,0.068824,0.07405869999999999,10.3751525630594,True,True,False,-4.790764912834367,-3.3470515272033374,True,0,0.0,0.0
464,2,0250c8d2f1e499db1f3ead3dffa53a9be983dd1aa2ab5af76249342b4679d5b1,40,model.layers.18.self_attn.v_proj,v_proj,0,0.8976108449540546,896x128,1,896,128,0.25,0,0.5,0.5000000013387762,0.25,224,False,False,0.2690549755352549,224,0.018949429657794677,0.8349958585458808,736,1,0.03559616,0.03664651603113517,tiles_half_s,Tiles (s/2),472,0.5213817531766836,472,1,0.02747613916319621,0.02632202643171806,0.02138175183790736,True,False,False,True,0,0.02747613936662674,0.5213817954063416,0.706831,0.7418483499999999,0.6947839856147766,0.7153152227401733,0.032907000000000006,0.03794959999999999,21.47965478469626,True,True,False,26.05374728139761,25.023870918991953,True,0,0.0,0.0
464,2,0250c8d2f1e499db1f3ead3dffa53a9be983dd1aa2ab5af76249342b4679d5b1,40,model.layers.18.self_attn.v_proj,v_proj,0,0.8976108449540546,896x128,1,896,128,0.25,0,0.5,0.5000000013387762,0.25,224,False,False,0.2690549755352549,224,0.018949429657794677,0.8349958585458808,736,1,0.03559616,0.03664651603113517,tiles_s,Tiles (s),896,0.5096285713661928,448,1,0.026642468538838122,0.025773178458289338,0.009628570027416572,True,False,False,True,448,0.026642467826604843,0.5096286535263062,0.6394150000000001,0.7052226,0.6292479932308197,0.6938111782073975,0.032736,0.040089849999999976,19.53247189638319,True,True,False,27.59562138643793,27.298768275263953,True,448,0.0,0.0
464,2,0250c8d2f1e499db1f3ead3dffa53a9be983dd1aa2ab5af76249342b4679d5b1,40,model.layers.18.self_attn.v_proj,v_proj,0,0.8976108449540546,896x128,1,896,128,0.25,0,0.5,0.5000000013387762,0.25,224,False,False,0.2690549755352549,224,0.018949429657794677,0.8349958585458808,736,1,0.03559616,0.03664651603113517,tiles_2s,Tiles (2s),896,0.5096285713661928,448,1,0.026642468538838122,0.025773178458289338,0.009628570027416572,True,False,False,True,448,0.026642467826604843,0.5096286535263062,0.71436,0.7859280499999999,0.7009280025959015,0.7537839889526368,0.033797999999999995,0.038017699999999995,21.13616190307119,True,True,False,27.59562138643793,27.298768275263953,True,448,0.0,0.0
464,2,0250c8d2f1e499db1f3ead3dffa53a9be983dd1aa2ab5af76249342b4679d5b1,40,model.layers.18.self_attn.v_proj,v_proj,0,0.8976108449540546,896x128,1,896,128,0.25,1,0.7,0.7000000018742867,0.5,448,False,False,0.5366583799186628,448,0.03634124909539145,0.8349958585458808,736,1,0.03559616,0.03664651603113517,tiles_half_s,Tiles (s/2),472,0.7987016270344611,708,1,0.0356739003027174,0.03657105263157895,0.09870162516017444,True,False,False,True,236,0.035673901438713074,0.7987016439437866,0.627237,0.74645125,0.6178560256958008,0.7240191966295242,0.034069,0.040896899999999986,18.41078399718219,True,True,False,-2.7387578648341515,2.654046915650654,True,236,0.0,0.0
464,2,0250c8d2f1e499db1f3ead3dffa53a9be983dd1aa2ab5af76249342b4679d5b1,40,model.layers.18.self_attn.v_proj,v_proj,0,0.8976108449540546,896x128,1,896,128,0.25,1,0.7,0.7000000018742867,0.5,448,False,False,0.5366583799186628,448,0.03634124909539145,0.8349958585458808,736,1,0.03559616,0.03664651603113517,tiles_s,Tiles (s),896,1.0000000026775524,896,1,0.04220432019352241,0.043105703422053235,0.3000000008032657,True,False,False,True,0,0.042204320430755615,1.0000001192092896,0.7062145,0.7378724499999999,0.6932480037212372,0.7230976164340972,0.0323755,0.03464845,21.813238405584467,True,True,False,-21.09649867304011,-15.165982375146637,True,0,0.0,0.0
464,2,0250c8d2f1e499db1f3ead3dffa53a9be983dd1aa2ab5af76249342b4679d5b1,40,model.layers.18.self_attn.v_proj,v_proj,0,0.8976108449540546,896x128,1,896,128,0.25,1,0.7,0.7000000018742867,0.5,448,False,False,0.5366583799186628,448,0.03634124909539145,0.8349958585458808,736,1,0.03559616,0.03664651603113517,tiles_2s,Tiles (2s),896,1.0000000026775524,896,1,0.04220432019352241,0.043105703422053235,0.3000000008032657,True,False,False,True,0,0.042204320430755615,1.0000001192092896,0.6355025,0.7319572999999999,0.6252320110797882,0.7109632164239883,0.0328115,0.0352866,19.368285509653628,True,True,False,-21.09649867304011,-15.165982375146637,True,0,0.0,0.0
464,2,0250c8d2f1e499db1f3ead3dffa53a9be983dd1aa2ab5af76249342b4679d5b1,40,model.layers.18.self_attn.v_proj,v_proj,0,0.8976108449540546,896x128,1,896,128,0.25,2,0.9,0.9000000024097972,0.75,672,False,False,0.763487282267306,672,0.04411609029795707,0.9664105102128815,864,1,0.04185874769797422,0.041092759361044964,tiles_half_s,Tiles (s/2),472,1.0000000026775524,896,1,0.04220432019352241,0.043105703422053235,0.10000000026775524,True,False,False,True,0,0.042204320430755615,1.0000001192092896,0.6806665000000001,0.7320996,0.6702080070972443,0.7203839957714081,0.033067,0.0377491,20.584464874346025,True,True,False,-2.9789608926579447,-2.70500411693253,True,0,0.0,0.0
464,2,0250c8d2f1e499db1f3ead3dffa53a9be983dd1aa2ab5af76249342b4679d5b1,40,model.layers.18.self_attn.v_proj,v_proj,0,0.8976108449540546,896x128,1,896,128,0.25,2,0.9,0.9000000024097972,0.75,672,False,False,0.763487282267306,672,0.04411609029795707,0.9664105102128815,864,1,0.04185874769797422,0.041092759361044964,tiles_s,Tiles (s),896,1.0000000026775524,896,1,0.04220432019352241,0.043105703422053235,0.10000000026775524,True,False,False,True,0,0.042204320430755615,1.0000001192092896,0.7082085,0.7325752,0.6947839856147766,0.7188479900360107,0.032535999999999995,0.03655855,21.76691971969511,True,True,False,-2.9789608926579447,-2.70500411693253,True,0,0.0,0.0
464,2,0250c8d2f1e499db1f3ead3dffa53a9be983dd1aa2ab5af76249342b4679d5b1,40,model.layers.18.self_attn.v_proj,v_proj,0,0.8976108449540546,896x128,1,896,128,0.25,2,0.9,0.9000000024097972,0.75,672,False,False,0.763487282267306,672,0.04411609029795707,0.9664105102128815,864,1,0.04185874769797422,0.041092759361044964,tiles_2s,Tiles (2s),896,1.0000000026775524,896,1,0.04220432019352241,0.043105703422053235,0.10000000026775524,True,False,False,True,0,0.042204320430755615,1.0000001192092896,0.6611454999999999,0.7245566,0.650111973285675,0.7127040028572083,0.032009499999999996,0.03464564999999999,20.654665021321797,True,True,False,-2.9789608926579447,-2.70500411693253,True,0,0.0,0.0
465,2,0250c8d2f1e499db1f3ead3dffa53a9be983dd1aa2ab5af76249342b4679d5b1,40,model.layers.18.self_attn.o_proj,o_proj,0,0.7780008103464604,896x896,0,896,896,1.75,0,0.5,0.5000000002983143,0.25,224,True,False,0.44014919351320714,224,0.0993381240390939,0.577116760192439,360,4,0.12753346335983934,0.13185788309421445,tiles_half_s,Tiles (s/2),68,0.5573219738580519,340,1,0.11060863795818625,0.11298817663817665,0.05732197355973767,True,False,False,True,34,0.11060863733291626,0.5573220252990723,0.6912325,0.7552584999999999,0.6799359917640686,0.7429631948471069,0.042584,0.04465,16.232211628780764,True,True,False,11.405074667048554,16.115263370977452,True,34,0.0,0.0
465,2,0250c8d2f1e499db1f3ead3dffa53a9be983dd1aa2ab5af76249342b4679d5b1,40,model.layers.18.self_attn.o_proj,o_proj,0,0.7780008103464604,896x896,0,896,896,1.75,0,0.5,0.5000000002983143,0.25,224,True,False,0.44014919351320714,224,0.0993381240390939,0.577116760192439,360,4,0.12753346335983934,0.13185788309421445,tiles_s,Tiles (s),135,0.6008203564560972,405,1,0.13175440697960422,0.13458885746606333,0.10082035615778295,True,False,False,True,67,0.13175441324710846,0.6008204221725464,0.7334054999999999,0.79064125,0.7193599939346313,0.7744511961936951,0.038045999999999996,0.04723669999999998,19.27680965147453,True,True,False,-5.5321904701333136,0.07847548601723764,True,67,0.0,0.0
465,2,0250c8d2f1e499db1f3ead3dffa53a9be983dd1aa2ab5af76249342b4679d5b1,40,model.layers.18.self_attn.o_proj,o_proj,0,0.7780008103464604,896x896,0,896,896,1.75,0,0.5,0.5000000002983143,0.25,224,True,False,0.44014919351320714,224,0.0993381240390939,0.577116760192439,360,4,0.12753346335983934,0.13185788309421445,tiles_2s,Tiles (2s),270,0.6842370397353079,491,1,0.1597318859925572,0.16316821979219037,0.18423703943699365,True,False,False,True,135,0.1597318947315216,0.6842371225357056,0.7202014999999999,0.79111775,0.7080959975719452,0.7774207860231399,0.033833,0.03747969999999999,21.286953566044982,True,True,False,-27.941495113173985,-21.139428484853152,True,135,0.0,0.0
465,2,0250c8d2f1e499db1f3ead3dffa53a9be983dd1aa2ab5af76249342b4679d5b1,40,model.layers.18.self_attn.o_proj,o_proj,0,0.7780008103464604,896x896,0,896,896,1.75,1,0.7,0.7000000004176399,0.5,448,True,False,0.685003878432326,448,0.16359094103804783,0.7340232833521441,496,3,0.16786093395896273,0.16741526148270733,tiles_half_s,Tiles (s/2),68,0.711996975413058,476,3,0.16583880649269803,0.16588152475347598,0.011996974995418075,True,False,False,True,34,0.1658388078212738,0.7119970321655273,0.7112045,0.7417206,0.6993920207023621,0.7211008071899414,0.045274499999999995,0.05176164999999999,15.708721244850857,True,True,False,1.1791958729186258,0.9416435371826237,True,34,0.0,0.0
465,2,0250c8d2f1e499db1f3ead3dffa53a9be983dd1aa2ab5af76249342b4679d5b1,40,model.layers.18.self_attn.o_proj,o_proj,0,0.7780008103464604,896x896,0,896,896,1.75,1,0.7,0.7000000004176399,0.5,448,True,False,0.685003878432326,448,0.16359094103804783,0.7340232833521441,496,3,0.16786093395896273,0.16741526148270733,tiles_s,Tiles (s),135,0.7274010865367018,540,1,0.17567254263947227,0.17945180995475113,0.02740108611906189,True,False,False,True,67,0.17567254602909088,0.7274011969566345,0.7117100000000001,0.74243825,0.7004159986972809,0.7300096094608306,0.038131,0.0401435,18.66486585717658,True,True,False,-6.905046768429179,-4.932215309186638,True,67,0.0,0.0
465,2,0250c8d2f1e499db1f3ead3dffa53a9be983dd1aa2ab5af76249342b4679d5b1,40,model.layers.18.self_attn.o_proj,o_proj,0,0.7780008103464604,896x896,0,896,896,1.75,1,0.7,0.7000000004176399,0.5,448,True,False,0.685003878432326,448,0.16359094103804783,0.7340232833521441,496,3,0.16786093395896273,0.16741526148270733,tiles_2s,Tiles (2s),270,0.716253019956639,540,1,0.17567254263947227,0.17945180995475113,0.01625301953899916,True,False,False,True,0,0.17567254602909088,0.7162529826164246,0.7047725,0.7480574,0.6917119920253754,0.735897621512413,0.034379,0.03725314999999999,20.500087262573082,True,True,False,-6.905046768429179,-4.932215309186638,True,0,0.0,0.0
465,2,0250c8d2f1e499db1f3ead3dffa53a9be983dd1aa2ab5af76249342b4679d5b1,40,model.layers.18.self_attn.o_proj,o_proj,0,0.7780008103464604,896x896,0,896,896,1.75,2,0.9,0.9000000005369657,0.75,672,True,False,0.8944661326240748,672,0.2310939287348111,0.9234141933702631,732,4,0.24628802127252067,0.24419066900662484,tiles_half_s,Tiles (s/2),68,0.9125107080617454,748,2,0.24333900350800974,0.2485739886039886,0.012510707524779674,True,False,False,True,0,0.24333900213241577,0.9125108122825623,0.712361,0.8238127499999999,0.7004159986972809,0.8123903959989546,0.045144000000000004,0.04799655,15.779749246854509,True,True,False,-0.9281682964753291,0.34877069712765385,True,0,0.0,0.0
465,2,0250c8d2f1e499db1f3ead3dffa53a9be983dd1aa2ab5af76249342b4679d5b1,40,model.layers.18.self_attn.o_proj,o_proj,0,0.7780008103464604,896x896,0,896,896,1.75,2,0.9,0.9000000005369657,0.75,672,True,False,0.8944661326240748,672,0.2310939287348111,0.9234141933702631,732,4,0.24628802127252067,0.24419066900662484,tiles_s,Tiles (s),135,0.9379185157449683,810,1,0.26350881395920844,0.26917771493212667,0.0379185152080026,True,False,False,True,0,0.2635088264942169,0.9379185438156128,0.714791,0.76553365,0.7024640142917633,0.7504384130239485,0.038446999999999995,0.04330655,18.591593622389265,True,True,False,-9.29387208575534,-7.911090555249478,True,0,0.0,0.0
465,2,0250c8d2f1e499db1f3ead3dffa53a9be983dd1aa2ab5af76249342b4679d5b1,40,model.layers.18.self_attn.o_proj,o_proj,0,0.7780008103464604,896x896,0,896,896,1.75,2,0.9,0.9000000005369657,0.75,672,True,False,0.8944661326240748,672,0.2310939287348111,0.9234141933702631,732,4,0.24628802127252067,0.24419066900662484,tiles_2s,Tiles (2s),270,0.9113506313296966,761,1,0.24756815731229334,0.25289412476956596,0.01135063079273091,True,False,False,True,135,0.24756816029548645,0.9113507270812988,0.7119804999999999,0.7611318,0.6983680129051208,0.7483904033899307,0.0340335,0.0365305,20.91999059749952,True,True,False,-2.6822674780985656,-1.3831356944998152,True,135,0.0,0.0
467,2,0250c8d2f1e499db1f3ead3dffa53a9be983dd1aa2ab5af76249342b4679d5b1,40,model.layers.18.mlp.up_proj,up_proj,0,0.6031338410268274,896x4864,2,896,4864,9.5,0,0.5,0.5000000027939677,0.25,224,False,False,0.3153439980815165,224,0.4416678199182831,0.5164733610872645,402,21,0.753463880268372,0.7660709853089622,tiles_half_s,Tiles (s/2),12,0.5053616490331478,408,18,0.7686148789808911,0.7750245372639811,0.005361646239180118,True,False,False,True,6,0.7686148881912231,0.5053617358207703,0.644344,0.8132538999999999,0.6343680024147034,0.7894160091876983,0.10835249999999999,0.1132181,5.946738653930459,True,True,False,-2.8615382316574456,-0.3320702285706467,False,6,0.0020598564246397943,0.005352501376243768
467,2,0250c8d2f1e499db1f3ead3dffa53a9be983dd1aa2ab5af76249342b4679d5b1,40,model.layers.18.mlp.up_proj,up_proj,0,0.6031338410268274,896x4864,2,896,4864,9.5,0,0.5,0.5000000027939677,0.25,224,False,False,0.3153439980815165,224,0.4416678199182831,0.5164733610872645,402,21,0.753463880268372,0.7660709853089622,tiles_s,Tiles (s),25,0.513616766576888,425,12,0.7505586147162641,0.7703501220606912,0.013616763782920316,True,False,False,True,0,0.7505586743354797,0.513616681098938,0.7113345,0.7642722999999999,0.6999039947986603,0.7489024013280868,0.0661235,0.07431409999999998,10.75766558031562,True,True,False,-2.2411481471818595,2.0249260042712547,True,0,0.0,0.0
467,2,0250c8d2f1e499db1f3ead3dffa53a9be983dd1aa2ab5af76249342b4679d5b1,40,model.layers.18.mlp.up_proj,up_proj,0,0.6031338410268274,896x4864,2,896,4864,9.5,0,0.5,0.5000000027939677,0.25,224,False,False,0.3153439980815165,224,0.4416678199182831,0.5164733610872645,402,21,0.753463880268372,0.7660709853089622,tiles_2s,Tiles (2s),50,0.5000491699029226,425,5,0.7505586147162641,0.7667054843304844,4.916710895486176e-05,True,False,False,True,25,0.750558614730835,0.5000491142272949,0.7321435000000001,0.8276465,0.7183359861373901,0.8138751924037932,0.049903,0.05947134999999998,14.671332384826563,True,True,False,-1.757430503157753,2.0249260042712547,True,25,0.0,0.0
467,2,0250c8d2f1e499db1f3ead3dffa53a9be983dd1aa2ab5af76249342b4679d5b1,40,model.layers.18.mlp.up_proj,up_proj,0,0.6031338410268274,896x4864,2,896,4864,9.5,1,0.7,0.7000000039115548,0.5,448,False,False,0.5682731145352591,448,0.8431786735480893,0.7151640488009434,590,31,1.104282369986291,1.1250331100010913,tiles_half_s,Tiles (s/2),12,0.7021127034968231,588,18,1.0746666824191167,1.090803914137909,0.002112699585268274,True,False,False,True,0,1.0746667385101318,0.70211261510849,0.7224305,0.77894675,0.7096319794654846,0.763545599579811,0.112921,0.12366305,6.397662967915623,True,True,False,1.2205624407957694,4.476884025388883,True,0,0.0,0.0
467,2,0250c8d2f1e499db1f3ead3dffa53a9be983dd1aa2ab5af76249342b4679d5b1,40,model.layers.18.mlp.up_proj,up_proj,0,0.6031338410268274,896x4864,2,896,4864,9.5,1,0.7,0.7000000039115548,0.5,448,False,False,0.5682731145352591,448,0.8431786735480893,0.7151640488009434,590,31,1.104282369986291,1.1250331100010913,tiles_s,Tiles (s),25,0.7025994557188824,600,10,1.0596121619523728,1.0855317177815333,0.0025994518073275685,True,False,False,True,0,1.0596121549606323,0.7025993466377258,0.689709,0.7297531,0.6788640022277832,0.7179263830184937,0.069285,0.0745233,9.954665512015588,True,True,False,1.6979943458655722,5.815024239478161,False,12,0.002603312664433588,0.0
467,2,0250c8d2f1e499db1f3ead3dffa53a9be983dd1aa2ab5af76249342b4679d5b1,40,model.layers.18.mlp.up_proj,up_proj,0,0.6031338410268274,896x4864,2,896,4864,9.5,1,0.7,0.7000000039115548,0.5,448,False,False,0.5682731145352591,448,0.8431786735480893,0.7151640488009434,590,31,1.104282369986291,1.1250331100010913,tiles_2s,Tiles (2s),50,0.7203142783546355,625,4,1.1037626687003883,1.1275080651918887,0.02031427444308065,True,False,False,True,25,1.1037626266479492,0.7203143835067749,0.7150615,0.74607925,0.7009280025959015,0.7343103885650635,0.0504545,0.06323254999999998,14.172402858020593,True,True,False,-2.1032387944295516,1.890650249456427,True,25,0.0,0.0
467,2,0250c8d2f1e499db1f3ead3dffa53a9be983dd1aa2ab5af76249342b4679d5b1,40,model.layers.18.mlp.up_proj,up_proj,0,0.6031338410268274,896x4864,2,896,4864,9.5,2,0.9,0.9000000050291419,0.75,672,False,False,0.7984158477629535,672,1.2621191136567653,0.9018088541924953,781,26,1.4299094723233028,1.425344989586806,tiles_half_s,Tiles (s/2),12,0.9024775231664535,792,8,1.3994392820404644,1.4319937089125325,0.002477518137311563,True,False,False,True,6,1.3994393348693848,0.9024774432182312,0.7287665,0.7681973999999999,0.7162880003452301,0.7562240242958068,0.118937,0.13165464999999998,6.127332117003119,True,True,False,-0.14576003793045356,1.8175043751233466,True,6,0.0,0.0
467,2,0250c8d2f1e499db1f3ead3dffa53a9be983dd1aa2ab5af76249342b4679d5b1,40,model.layers.18.mlp.up_proj,up_proj,0,0.6031338410268274,896x4864,2,896,4864,9.5,2,0.9,0.9000000050291419,0.75,672,False,False,0.7984158477629535,672,1.2621191136567653,0.9018088541924953,781,26,1.4299094723233028,1.425344989586806,tiles_s,Tiles (s),25,0.9037140700384043,796,4,1.4057521348568145,1.4359942718283896,0.003714065009262413,True,False,False,True,0,1.405752182006836,0.9037140607833862,0.7162185000000001,0.7702193999999999,0.7039999961853027,0.755609592795372,0.0701415,0.075942,10.211051944996901,True,True,False,-0.4255373940002194,1.3746043851230239,True,0,0.0,0.0
467,2,0250c8d2f1e499db1f3ead3dffa53a9be983dd1aa2ab5af76249342b4679d5b1,40,model.layers.18.mlp.up_proj,up_proj,0,0.6031338410268274,896x4864,2,896,4864,9.5,2,0.9,0.9000000050291419,0.75,672,False,False,0.7984158477629535,672,1.2621191136567653,0.9018088541924953,781,26,1.4299094723233028,1.425344989586806,tiles_2s,Tiles (2s),50,0.9017424786579795,796,3,1.4057521348568145,1.4359942718283896,0.0017424736288376153,True,False,False,True,25,1.405752182006836,0.9017423987388611,0.7097465000000001,0.74562885,0.6973440051078796,0.7296368092298507,0.051897,0.057647699999999996,13.676060273233523,True,True,False,-0.4255373940002194,1.3746043851230239,True,25,0.0,0.0
468,2,0250c8d2f1e499db1f3ead3dffa53a9be983dd1aa2ab5af76249342b4679d5b1,40,model.layers.18.mlp.down_proj,down_proj,0,0.4931973130903963,4864x896,3,4864,896,1.75,0,0.5,0.5000000001455192,0.25,1216,False,False,0.2715582096425351,1212,0.41121115937861963,0.5120072441422963,2364,19,0.7986374159807571,0.7853476162938237,tiles_half_s,Tiles (s/2),68,0.5102960791700752,2380,15,0.8072206057610156,0.8143060680990302,0.010296079024556093,True,False,False,True,0,0.8072206377983093,0.510296106338501,0.6654990000000001,0.73995515,0.6548480093479156,0.728166401386261,0.1208105,0.1296631,5.508618870048547,True,True,False,-1.9619231211489563,-2.7851347624143763,True,0,0.0,0.0
468,2,0250c8d2f1e499db1f3ead3dffa53a9be983dd1aa2ab5af76249342b4679d5b1,40,model.layers.18.mlp.down_proj,down_proj,0,0.4931973130903963,4864x896,3,4864,896,1.75,0,0.5,0.5000000001455192,0.25,1216,False,False,0.2715582096425351,1212,0.41121115937861963,0.5120072441422963,2364,19,0.7986374159807571,0.7853476162938237,tiles_s,Tiles (s),135,0.5151662891948945,2430,9,0.7905264418776252,0.8066861680076076,0.015166289049375337,True,False,False,True,67,0.7905264496803284,0.5151662826538086,0.7129125000000001,0.75771265,0.7009120285511017,0.7418880134820938,0.08349100000000001,0.08861855,8.538794600615635,True,True,False,-1.0078105365206813,-0.6594309928947384,True,67,0.0,0.0
468,2,0250c8d2f1e499db1f3ead3dffa53a9be983dd1aa2ab5af76249342b4679d5b1,40,model.layers.18.mlp.down_proj,down_proj,0,0.4931973130903963,4864x896,3,4864,896,1.75,0,0.5,0.5000000001455192,0.25,1216,False,False,0.2715582096425351,1212,0.41121115937861963,0.5120072441422963,2364,19,0.7986374159807571,0.7853476162938237,tiles_2s,Tiles (2s),270,0.511941698998271,2430,6,0.7905264418776252,0.80753314479638,0.01194169885275187,True,False,False,True,0,0.7905264496803284,0.5119417905807495,0.704707,0.76657965,0.6927359998226166,0.7517184019088745,0.06570799999999999,0.06969449999999999,10.724828027028673,True,True,False,-1.1138632673124427,-0.6594309928947384,True,0,0.0,0.0
468,2,0250c8d2f1e499db1f3ead3dffa53a9be983dd1aa2ab5af76249342b4679d5b1,40,model.layers.18.mlp.down_proj,down_proj,0,0.4931973130903963,4864x896,3,4864,896,1.75,1,0.7,0.7000000002037268,0.5,2432,False,False,0.5263203442009399,2430,0.823950133782455,0.7083839346014429,3342,25,1.127101375376467,1.1093790809925972,tiles_half_s,Tiles (s/2),68,0.7040425029044854,3332,14,1.1004447220170812,1.1197150449992972,0.004042502700758677,True,False,False,True,34,1.1004446744918823,0.7040427923202515,0.7169745000000001,0.7679366999999999,0.705024003982544,0.7568384021520614,0.12671700000000002,0.1343976,5.6580766590118134,True,True,False,0.6553386002836392,0.805347705630266,False,0,0.00029459925170782775,0.0
468,2,0250c8d2f1e499db1f3ead3dffa53a9be983dd1aa2ab5af76249342b4679d5b1,40,model.layers.18.mlp.down_proj,down_proj,0,0.4931973130903963,4864x896,3,4864,896,1.75,1,0.7,0.7000000002037268,0.5,2432,False,False,0.5263203442009399,2430,0.823950133782455,0.7083839346014429,3342,25,1.127101375376467,1.1093790809925972,tiles_s,Tiles (s),135,0.7047303565923357,3375,6,1.0979533914967017,1.1215738122171945,0.0047303563886089695,True,False,False,True,67,1.09795343875885,0.7047302722930908,0.7050225,0.7576007499999999,0.6922240257263184,0.7453696072101592,0.084483,0.0936825,8.345140442455879,True,True,False,0.4904228918562126,1.029917517975243,True,67,0.0,0.0
468,2,0250c8d2f1e499db1f3ead3dffa53a9be983dd1aa2ab5af76249342b4679d5b1,40,model.layers.18.mlp.down_proj,down_proj,0,0.4931973130903963,4864x896,3,4864,896,1.75,1,0.7,0.7000000002037268,0.5,2432,False,False,0.5263203442009399,2430,0.823950133782455,0.7083839346014429,3342,25,1.127101375376467,1.1093790809925972,tiles_2s,Tiles (2s),270,0.7055051124552847,3375,5,1.0979533914967017,1.1215738122171945,0.00550511225155792,True,False,False,True,135,1.09795343875885,0.70550537109375,0.7125509999999999,0.73787665,0.7009280025959015,0.7219200134277344,0.0676015,0.07522584999999998,10.540461380294817,True,True,False,0.4904228918562126,1.029917517975243,True,135,0.0,0.0
468,2,0250c8d2f1e499db1f3ead3dffa53a9be983dd1aa2ab5af76249342b4679d5b1,40,model.layers.18.mlp.down_proj,down_proj,0,0.4931973130903963,4864x896,3,4864,896,1.75,2,0.9,0.9000000002619345,0.75,3648,False,False,0.7696876014742884,3648,1.2426078171099713,0.901020513047115,4338,24,1.456762083342055,1.4356979628618574,tiles_half_s,Tiles (s/2),68,0.902714739102521,4352,8,1.4212839225404026,1.4502449993245292,0.0027147388405864836,True,False,False,True,0,1.4212838411331177,0.9027146697044373,0.7070265,0.73315,0.6953279972076416,0.7211008071899414,0.132603,0.14065424999999998,5.331904255559829,True,True,False,0.447367768014284,1.003974421801257,True,0,0.0,0.0
468,2,0250c8d2f1e499db1f3ead3dffa53a9be983dd1aa2ab5af76249342b4679d5b1,40,model.layers.18.mlp.down_proj,down_proj,0,0.4931973130903963,4864x896,3,4864,896,1.75,2,0.9,0.9000000002619345,0.75,3648,False,False,0.7696876014742884,3648,1.2426078171099713,0.901020513047115,4338,24,1.456762083342055,1.4356979628618574,tiles_s,Tiles (s),135,0.9182363699146663,4455,2,1.4492984767756463,1.4801951065304393,0.018236369652731788,True,False,False,True,67,1.4492985010147095,0.9182363152503967,0.7091305,0.757295,0.6978560090065002,0.7454720139503479,0.08843999999999999,0.09556714999999999,8.018210085933967,True,True,False,-1.6085689939585146,-0.9473102466954986,True,67,0.0,0.0
468,2,0250c8d2f1e499db1f3ead3dffa53a9be983dd1aa2ab5af76249342b4679d5b1,40,model.layers.18.mlp.down_proj,down_proj,0,0.4931973130903963,4864x896,3,4864,896,1.75,2,0.9,0.9000000002619345,0.75,3648,False,False,0.7696876014742884,3648,1.2426078171099713,0.901020513047115,4338,24,1.456762083342055,1.4356979628618574,tiles_2s,Tiles (2s),270,0.9208018286735751,4455,2,1.4492984767756463,1.480477432126697,0.020801828411640577,True,False,False,True,135,1.4492985010147095,0.9208018183708191,0.7115495000000001,0.7409349,0.6983680129051208,0.7297536134719849,0.06902849999999999,0.07571264999999999,10.308053919757784,True,True,False,-1.627949344359303,-0.9473102466954986,True,135,0.0,0.0
482,2,0250c8d2f1e499db1f3ead3dffa53a9be983dd1aa2ab5af76249342b4679d5b1,40,model.layers.20.mlp.down_proj,down_proj,0,0.8796674933040246,4864x896,3,4864,896,1.75,0,0.5,0.5000000001500666,0.25,1216,False,False,0.29633116090190015,1212,0.4222166071452894,0.5154591185346362,2244,21,0.7713002887114709,0.7783303782095983,tiles_half_s,Tiles (s/2),68,0.5018526954991103,2244,18,0.7849505772802157,0.7849488512413784,0.0018526953490436426,True,False,False,True,34,0.7849505543708801,0.5018529891967773,0.7166295,0.7669363,0.7014400064945221,0.7520767986774444,0.12219350000000001,0.1349895,5.864710479689999,True,True,False,-1.7695523688586512,-0.8505641377952955,True,34,0.0,0.0
482,2,0250c8d2f1e499db1f3ead3dffa53a9be983dd1aa2ab5af76249342b4679d5b1,40,model.layers.20.mlp.down_proj,down_proj,0,0.8796674933040246,4864x896,3,4864,896,1.75,0,0.5,0.5000000001500666,0.25,1216,False,False,0.29633116090190015,1212,0.4222166071452894,0.5154591185346362,2244,21,0.7713002887114709,0.7783303782095983,tiles_s,Tiles (s),135,0.503856399189317,2295,9,0.7466083062177571,0.7609762387301473,0.003856399039250391,True,False,False,True,67,0.746608316898346,0.5038564801216125,0.7041805000000001,0.75982275,0.692223995923996,0.7447040021419524,0.083937,0.0944426,8.389393235402745,True,True,False,1.3385253619664694,4.07565641531451,True,67,0.0,0.0
482,2,0250c8d2f1e499db1f3ead3dffa53a9be983dd1aa2ab5af76249342b4679d5b1,40,model.layers.20.mlp.down_proj,down_proj,0,0.8796674933040246,4864x896,3,4864,896,1.75,0,0.5,0.5000000001500666,0.25,1216,False,False,0.29633116090190015,1212,0.4222166071452894,0.5154591185346362,2244,21,0.7713002887114709,0.7783303782095983,tiles_2s,Tiles (2s),270,0.5229114235662564,2430,5,0.7905264418776252,0.80753314479638,0.02291142341618979,True,False,False,True,0,0.7905265092849731,0.5229116678237915,0.7212080000000001,0.7764283,0.707584023475647,0.7505920141935348,0.0662835,0.0761794,10.880656573657095,True,True,False,-4.697632895410875,-1.5669520308434715,True,0,0.0,0.0
482,2,0250c8d2f1e499db1f3ead3dffa53a9be983dd1aa2ab5af76249342b4679d5b1,40,model.layers.20.mlp.down_proj,down_proj,0,0.8796674933040246,4864x896,3,4864,896,1.75,1,0.7,0.7000000002100932,0.5,2432,False,False,0.5540657271048985,2430,0.8382634648327214,0.7033262792174355,3186,27,1.0878007941101975,1.0906503400657404,tiles_half_s,Tiles (s/2),68,0.7057082029496087,3264,16,1.0948030644523,1.1083699266099971,0.0057082027395154444,True,False,False,True,34,1.0948030948638916,0.7057082056999207,0.7168194999999999,0.74767,0.7039999961853027,0.7365632057189941,0.128585,0.14030365,5.574674339930785,True,True,False,-1.8908914767455043,-0.3807567131285383,True,34,0.0,0.0
482,2,0250c8d2f1e499db1f3ead3dffa53a9be983dd1aa2ab5af76249342b4679d5b1,40,model.layers.20.mlp.down_proj,down_proj,0,0.8796674933040246,4864x896,3,4864,896,1.75,1,0.7,0.7000000002100932,0.5,2432,False,False,0.5540657271048985,2430,0.8382634648327214,0.7033262792174355,3186,27,1.0878007941101975,1.0906503400657404,tiles_s,Tiles (s),135,0.7152653308239678,3375,6,1.0979533914967017,1.121291486620937,0.015265330613874584,True,False,False,True,0,1.09795343875885,0.7152655720710754,0.7210775,0.7559051,0.7086079716682434,0.7385087877511978,0.086307,0.09358504999999999,8.354797409248382,True,True,False,-3.078752349885372,-0.6696052036733624,True,0,0.0,0.0
482,2,0250c8d2f1e499db1f3ead3dffa53a9be983dd1aa2ab5af76249342b4679d5b1,40,model.layers.20.mlp.down_proj,down_proj,0,0.8796674933040246,4864x896,3,4864,896,1.75,1,0.7,0.7000000002100932,0.5,2432,False,False,0.5540657271048985,2430,0.8382634648327214,0.7033262792174355,3186,27,1.0878007941101975,1.0906503400657404,tiles_2s,Tiles (2s),270,0.7399504348559276,3510,5,1.1418715271565698,1.1664367647058822,0.039950434645834365,True,False,False,True,0,1.1418715715408325,0.7399506568908691,0.713749,0.73270055,0.7004160284996033,0.7194111943244934,0.068222,0.0744381,10.462152971182315,True,True,False,-7.228894391459573,-4.69638941182029,True,0,0.0,0.0
482,2,0250c8d2f1e499db1f3ead3dffa53a9be983dd1aa2ab5af76249342b4679d5b1,40,model.layers.20.mlp.down_proj,down_proj,0,0.8796674933040246,4864x896,3,4864,896,1.75,2,0.9,0.90000000027012,0.75,3648,False,False,0.7908492799469968,3648,1.2490184592956795,0.90331311409318,4278,32,1.4596917667405473,1.4594683201320047,tiles_half_s,Tiles (s/2),68,0.9090789966667217,4352,7,1.4212839225404026,1.4500976996986754,0.009078996396601702,True,False,False,True,34,1.4212839603424072,0.9090789556503296,0.715347,0.7494198,0.6978560090065002,0.7343103885650635,0.1348275,0.1450387,5.305646103354286,True,True,False,0.657266640839882,2.61632246927761,True,34,0.0,0.0
482,2,0250c8d2f1e499db1f3ead3dffa53a9be983dd1aa2ab5af76249342b4679d5b1,40,model.layers.20.mlp.down_proj,down_proj,0,0.8796674933040246,4864x896,3,4864,896,1.75,2,0.9,0.90000000027012,0.75,3648,False,False,0.7908492799469968,3648,1.2490184592956795,0.90331311409318,4278,32,1.4596917667405473,1.4594683201320047,tiles_s,Tiles (s),135,0.9224160116955318,4455,3,1.4492984767756463,1.480477432126697,0.02241601142541183,True,False,False,True,67,1.4492985010147095,0.922416090965271,0.7212879999999999,0.7730831,0.7091200053691864,0.7494144111871719,0.08952750000000001,0.09974639999999999,8.056608304710842,True,True,False,-1.4239763393722127,0.6968183698182973,True,67,0.0,0.0
482,2,0250c8d2f1e499db1f3ead3dffa53a9be983dd1aa2ab5af76249342b4679d5b1,40,model.layers.20.mlp.down_proj,down_proj,0,0.8796674933040246,4864x896,3,4864,896,1.75,2,0.9,0.90000000027012,0.75,3648,False,False,0.7908492799469968,3648,1.2490184592956795,0.90331311409318,4278,32,1.4596917667405473,1.4594683201320047,tiles_2s,Tiles (2s),270,0.9485204512184282,4590,2,1.4932166124355144,1.5253403846153846,0.04852045094830826,True,False,False,True,0,1.493216633796692,0.9485204815864563,0.7201215000000001,0.7542829,0.7070720195770264,0.7426047921180725,0.06950999999999999,0.07933559999999998,10.35996978851964,True,True,False,-4.497430167838035,-2.312368952308419,True,0,0.0,0.0
483,2,0250c8d2f1e499db1f3ead3dffa53a9be983dd1aa2ab5af76249342b4679d5b1,40,model.layers.21.self_attn.q_proj,q_proj,0,1.3188229131500335,896x896,0,896,896,1.75,0,0.5,0.4999999985448085,0.25,224,True,False,0.3128026820195373,224,0.08557969796656362,0.5571447039546911,436,4,0.14902417875089624,0.15033758193415203,tiles_half_s,Tiles (s/2),68,0.5064232390141115,408,4,0.14921043557667943,0.147132928155855,0.006423240469302982,True,False,False,True,0,0.14921043813228607,0.5064231753349304,0.6623779999999999,0.73808455,0.6512640118598938,0.7255551815032959,0.0442475,0.0464315,14.969840103960673,True,True,False,1.2690897617376518,0.7497435724131085,True,0,0.0,0.0
483,2,0250c8d2f1e499db1f3ead3dffa53a9be983dd1aa2ab5af76249342b4679d5b1,40,model.layers.21.self_attn.q_proj,q_proj,0,1.3188229131500335,896x896,0,896,896,1.75,0,0.5,0.4999999985448085,0.25,224,True,False,0.3128026820195373,224,0.08557969796656362,0.5571447039546911,436,4,0.14902417875089624,0.15033758193415203,tiles_s,Tiles (s),135,0.5610195531626232,472,3,0.15912633731475564,0.16027724635519708,0.06101955461781472,True,False,False,True,67,0.15912634134292603,0.5610195398330688,0.7046319999999999,0.75527645,0.6927359998226166,0.7413248091936111,0.0393285,0.04641819999999998,17.916574494323452,True,True,False,-7.551169010708714,-5.846013530038752,True,67,0.0,0.0
483,2,0250c8d2f1e499db1f3ead3dffa53a9be983dd1aa2ab5af76249342b4679d5b1,40,model.layers.21.self_attn.q_proj,q_proj,0,1.3188229131500335,896x896,0,896,896,1.75,0,0.5,0.4999999985448085,0.25,224,True,False,0.3128026820195373,224,0.08557969796656362,0.5571447039546911,436,4,0.14902417875089624,0.15033758193415203,tiles_2s,Tiles (2s),270,0.6304781693615951,540,2,0.17567254263947227,0.17945180995475113,0.1304781708167866,True,False,False,True,0,0.17567254602909088,0.6304780840873718,0.7101219999999999,0.7533566,0.6947839856147766,0.7237119942903518,0.03479,0.038610649999999996,20.41167002012072,True,True,False,-20.41791570931364,-16.852047491635847,True,0,0.0,0.0
483,2,0250c8d2f1e499db1f3ead3dffa53a9be983dd1aa2ab5af76249342b4679d5b1,40,model.layers.21.self_attn.q_proj,q_proj,0,1.3188229131500335,896x896,0,896,896,1.75,1,0.7,0.6999999979627318,0.5,448,True,False,0.577696092572296,448,0.16461645517366047,0.7055487231118605,560,5,0.1907500567545931,0.1915692863992567,tiles_half_s,Tiles (s/2),68,0.7225338555581402,612,3,0.2045889050003539,0.20722775667873228,0.02253385759540838,True,False,False,True,0,0.2045889049768448,0.7225338220596313,0.7156370000000001,0.7516544999999999,0.7039999961853027,0.7267840176820755,0.045931,0.048590549999999996,15.580697132655507,True,True,False,-8.63837222619457,-6.796297488921343,True,0,0.0,0.0
483,2,0250c8d2f1e499db1f3ead3dffa53a9be983dd1aa2ab5af76249342b4679d5b1,40,model.layers.21.self_attn.q_proj,q_proj,0,1.3188229131500335,896x896,0,896,896,1.75,1,0.7,0.6999999979627318,0.5,448,True,False,0.577696092572296,448,0.16461645517366047,0.7055487231118605,560,5,0.1907500567545931,0.1915692863992567,tiles_s,Tiles (s),135,0.7018480785773136,607,3,0.20304447297462375,0.20514019884388485,0.0018480806145817485,True,False,False,True,67,0.20304447412490845,0.7018480896949768,0.7067665000000001,0.7505799999999999,0.6911999881267548,0.7371776044368743,0.039779999999999996,0.04289755,17.766880341880345,True,True,False,-7.54397788085861,-5.990097259876603,True,67,0.0,0.0
483,2,0250c8d2f1e499db1f3ead3dffa53a9be983dd1aa2ab5af76249342b4679d5b1,40,model.layers.21.self_attn.q_proj,q_proj,0,1.3188229131500335,896x896,0,896,896,1.75,1,0.7,0.6999999979627318,0.5,448,True,False,0.577696092572296,448,0.16461645517366047,0.7055487231118605,560,5,0.1907500567545931,0.1915692863992567,tiles_2s,Tiles (2s),270,0.7665409041510429,675,1,0.21959067829934034,0.22431476244343893,0.0665409061883111,True,False,False,True,135,0.2195906788110733,0.7665408253669739,0.70894,0.729233,0.6973440051078796,0.7147520184516907,0.0350355,0.03828855,20.23490459676614,True,True,False,-17.59617074821007,-14.627288343958877,True,135,0.0,0.0
483,2,0250c8d2f1e499db1f3ead3dffa53a9be983dd1aa2ab5af76249342b4679d5b1,40,model.layers.21.self_attn.q_proj,q_proj,0,1.3188229131500335,896x896,0,896,896,1.75,2,0.9,0.8999999973806553,0.75,672,False,False,0.8122800620330963,672,0.23719785815516636,0.9340255112037994,816,4,0.2757467875915762,0.2719400748708895,tiles_half_s,Tiles (s/2),68,0.9209674908197485,816,1,0.265460731099647,0.2711716239316239,0.02096749343909321,True,False,False,True,34,0.265460729598999,0.9209674596786499,0.7056685,0.7385119,0.692223995923996,0.7267840176820755,0.046151,0.05180279999999999,15.290427076336375,True,True,False,1.6591901939865372,2.382636606362165,True,34,0.0,0.0
483,2,0250c8d2f1e499db1f3ead3dffa53a9be983dd1aa2ab5af76249342b4679d5b1,40,model.layers.21.self_attn.q_proj,q_proj,0,1.3188229131500335,896x896,0,896,896,1.75,2,0.9,0.8999999973806553,0.75,672,False,False,0.8122800620330963,672,0.23719785815516636,0.9340255112037994,816,4,0.2757467875915762,0.2719400748708895,tiles_s,Tiles (s),135,0.9165177591494285,810,1,0.26350881395920844,0.26917771493212667,0.016517761768773176,True,False,False,True,0,0.2635088264942169,0.9165176153182983,0.7132585,0.7643515,0.6988800168037415,0.7501535773277282,0.0387825,0.04415755,18.391246051698577,True,True,False,2.3822843837366436,3.100411337197728,True,0,0.0,0.0
483,2,0250c8d2f1e499db1f3ead3dffa53a9be983dd1aa2ab5af76249342b4679d5b1,40,model.layers.21.self_attn.q_proj,q_proj,0,1.3188229131500335,896x896,0,896,896,1.75,2,0.9,0.8999999973806553,0.75,672,False,False,0.8122800620330963,672,0.23719785815516636,0.9340255112037994,816,4,0.2757467875915762,0.2719400748708895,tiles_2s,Tiles (2s),270,0.9165177591494285,810,1,0.26350881395920844,0.26917771493212667,0.016517761768773176,True,False,False,True,0,0.2635088264942169,0.9165176153182983,0.708063,0.74700775,0.6947839856147766,0.7355391979217529,0.035015500000000005,0.0374875,20.221416229955302,True,True,False,2.3822843837366436,3.100411337197728,True,0,0.0,0.0
484,2,0250c8d2f1e499db1f3ead3dffa53a9be983dd1aa2ab5af76249342b4679d5b1,40,model.layers.21.self_attn.k_proj,k_proj,0,1.3188229131500335,896x128,1,896,128,0.25,0,0.5,0.4999999985448085,0.25,224,True,False,0.2700972060847562,224,0.018949429657794677,0.9478375971375499,832,1,0.04029536541889483,0.03998119852856752,tiles_half_s,Tiles (s/2),472,0.5144865131005645,472,1,0.02747613916319621,0.02632202643171806,0.014486514555756003,True,False,False,True,236,0.02747613936662674,0.51448655128479,0.6342555,0.71365395,0.6245919764041901,0.7022591769695281,0.0330815,0.03631955,19.172513338270633,True,True,False,34.677285692573854,31.277349918452657,True,236,0.0,0.0
484,2,0250c8d2f1e499db1f3ead3dffa53a9be983dd1aa2ab5af76249342b4679d5b1,40,model.layers.21.self_attn.k_proj,k_proj,0,1.3188229131500335,896x128,1,896,128,0.25,0,0.5,0.4999999985448085,0.25,224,True,False,0.2700972060847562,224,0.018949429657794677,0.9478375971375499,832,1,0.04029536541889483,0.03998119852856752,tiles_s,Tiles (s),896,0.5063062728731893,448,1,0.026642468538838122,0.025773178458289338,0.006306274328380823,True,False,False,True,448,0.026642467826604843,0.5063061118125916,0.715027,0.7504410499999999,0.7024639844894409,0.7389183908700943,0.032295000000000004,0.035047199999999994,22.14048614336584,True,True,False,36.03934797373972,33.36250657968284,True,448,0.0,0.0
484,2,0250c8d2f1e499db1f3ead3dffa53a9be983dd1aa2ab5af76249342b4679d5b1,40,model.layers.21.self_attn.k_proj,k_proj,0,1.3188229131500335,896x128,1,896,128,0.25,0,0.5,0.4999999985448085,0.25,224,True,False,0.2700972060847562,224,0.018949429657794677,0.9478375971375499,832,1,0.04029536541889483,0.03998119852856752,tiles_2s,Tiles (2s),896,0.5063062728731893,448,1,0.026642468538838122,0.025773178458289338,0.006306274328380823,True,False,False,True,448,0.026642467826604843,0.5063061118125916,0.6980649999999999,0.7557517999999999,0.6855680048465729,0.7436288207769394,0.032796000000000006,0.03682479999999999,21.285065251859976,True,True,False,36.03934797373972,33.36250657968284,True,448,0.0,0.0
484,2,0250c8d2f1e499db1f3ead3dffa53a9be983dd1aa2ab5af76249342b4679d5b1,40,model.layers.21.self_attn.k_proj,k_proj,0,1.3188229131500335,896x128,1,896,128,0.25,1,0.7,0.6999999979627318,0.5,448,True,False,0.5428697258175816,448,0.03634124909539145,0.9478375971375499,832,1,0.04029536541889483,0.03998119852856752,tiles_half_s,Tiles (s/2),472,0.7994335779803805,708,1,0.0356739003027174,0.03657105263157895,0.09943358001764868,True,False,False,True,236,0.035673901438713074,0.7994335889816284,0.6925345,0.7301413499999999,0.6814240217208862,0.7183360129594802,0.0336075,0.037662899999999985,20.60654615785167,True,True,False,9.242533846260937,10.773309416355914,True,236,0.0,0.0
484,2,0250c8d2f1e499db1f3ead3dffa53a9be983dd1aa2ab5af76249342b4679d5b1,40,model.layers.21.self_attn.k_proj,k_proj,0,1.3188229131500335,896x128,1,896,128,0.25,1,0.7,0.6999999979627318,0.5,448,True,False,0.5428697258175816,448,0.03634124909539145,0.9478375971375499,832,1,0.04029536541889483,0.03998119852856752,tiles_s,Tiles (s),896,0.999999997089617,896,1,0.04220432019352241,0.043105703422053235,0.29999999912688513,True,False,False,True,0,0.042204320430755615,0.9999998807907104,0.697173,0.7648434,0.6855679750442505,0.7480831950902939,0.032671,0.03539074999999999,21.33919990205381,True,True,False,-6.974345495922996,-5.560417763280445,True,0,0.0,0.0
484,2,0250c8d2f1e499db1f3ead3dffa53a9be983dd1aa2ab5af76249342b4679d5b1,40,model.layers.21.self_attn.k_proj,k_proj,0,1.3188229131500335,896x128,1,896,128,0.25,1,0.7,0.6999999979627318,0.5,448,True,False,0.5428697258175816,448,0.03634124909539145,0.9478375971375499,832,1,0.04029536541889483,0.03998119852856752,tiles_2s,Tiles (2s),896,0.999999997089617,896,1,0.04220432019352241,0.043105703422053235,0.29999999912688513,True,False,False,True,0,0.042204320430755615,0.9999998807907104,0.7052080000000001,0.7283878,0.6932480037212372,0.7106559872627258,0.032245,0.03486005,21.870305473716854,True,True,False,-6.974345495922996,-5.560417763280445,True,0,0.0,0.0
484,2,0250c8d2f1e499db1f3ead3dffa53a9be983dd1aa2ab5af76249342b4679d5b1,40,model.layers.21.self_attn.k_proj,k_proj,0,1.3188229131500335,896x128,1,896,128,0.25,2,0.9,0.8999999973806553,0.75,672,False,False,0.7874108411197085,672,0.04411609029795707,0.9478375971375499,832,1,0.04029536541889483,0.03998119852856752,tiles_half_s,Tiles (s/2),472,0.999999997089617,896,1,0.04220432019352241,0.043105703422053235,0.09999999970896167,True,False,False,True,236,0.042204320430755615,0.9999998211860657,0.702162,0.7273697499999999,0.6896640062332153,0.716441598534584,0.033643,0.03631805,20.870968700769847,True,True,False,-6.974345495922996,-5.560417763280445,True,0,0.0,0.0
484,2,0250c8d2f1e499db1f3ead3dffa53a9be983dd1aa2ab5af76249342b4679d5b1,40,model.layers.21.self_attn.k_proj,k_proj,0,1.3188229131500335,896x128,1,896,128,0.25,2,0.9,0.8999999973806553,0.75,672,False,False,0.7874108411197085,672,0.04411609029795707,0.9478375971375499,832,1,0.04029536541889483,0.03998119852856752,tiles_s,Tiles (s),896,0.999999997089617,896,1,0.04220432019352241,0.043105703422053235,0.09999999970896167,True,False,False,True,0,0.042204320430755615,0.9999998807907104,0.7117005000000001,0.7434539499999999,0.6978560090065002,0.7280127882957458,0.032296,0.03598824999999999,22.036800222937828,True,True,False,-6.974345495922996,-5.560417763280445,True,0,0.0,0.0
484,2,0250c8d2f1e499db1f3ead3dffa53a9be983dd1aa2ab5af76249342b4679d5b1,40,model.layers.21.self_attn.k_proj,k_proj,0,1.3188229131500335,896x128,1,896,128,0.25,2,0.9,0.8999999973806553,0.75,672,False,False,0.7874108411197085,672,0.04411609029795707,0.9478375971375499,832,1,0.04029536541889483,0.03998119852856752,tiles_2s,Tiles (2s),896,0.999999997089617,896,1,0.04220432019352241,0.043105703422053235,0.09999999970896167,True,False,False,True,0,0.042204320430755615,0.9999998807907104,0.631781,0.7352561999999999,0.6211360096931458,0.7230464220046997,0.032240000000000005,0.0343955,19.596184863523572,True,True,False,-6.974345495922996,-5.560417763280445,True,0,0.0,0.0
487,2,0250c8d2f1e499db1f3ead3dffa53a9be983dd1aa2ab5af76249342b4679d5b1,40,model.layers.21.mlp.gate_proj,gate_proj,0,0.622538683434085,896x4864,2,896,4864,9.5,0,0.5,0.49999999978172127,0.25,224,False,False,0.325086535041919,224,0.43910019174999454,0.5082678122853395,381,21,0.7194373648877328,0.7356047587112465,tiles_half_s,Tiles (s/2),12,0.5107502213795669,396,21,0.7756875991497276,0.7701066419382383,0.010750221597845666,True,False,False,True,0,0.7756876945495605,0.510750412940979,0.7157825,0.7429334,0.7019519805908203,0.7307775884866714,0.107491,0.11376565,6.658999358085793,True,True,False,-7.042903180099969,-5.448964265634282,True,0,0.0,0.0
487,2,0250c8d2f1e499db1f3ead3dffa53a9be983dd1aa2ab5af76249342b4679d5b1,40,model.layers.21.mlp.gate_proj,gate_proj,0,0.622538683434085,896x4864,2,896,4864,9.5,0,0.5,0.49999999978172127,0.25,224,False,False,0.325086535041919,224,0.43910019174999454,0.5082678122853395,381,21,0.7194373648877328,0.7356047587112465,tiles_s,Tiles (s),25,0.5150645080721006,425,12,0.7505586147162641,0.7713914471264646,0.015064508290379308,True,False,False,True,0,0.750558614730835,0.5150646567344666,0.634621,0.6694162,0.6246080100536346,0.6538895756006241,0.0659385,0.0738057,9.62443792321633,True,True,False,-7.221487897954693,-2.0328655882020374,True,0,0.0,0.0
487,2,0250c8d2f1e499db1f3ead3dffa53a9be983dd1aa2ab5af76249342b4679d5b1,40,model.layers.21.mlp.gate_proj,gate_proj,0,0.622538683434085,896x4864,2,896,4864,9.5,0,0.5,0.49999999978172127,0.25,224,False,False,0.325086535041919,224,0.43910019174999454,0.5082678122853395,381,21,0.7194373648877328,0.7356047587112465,tiles_2s,Tiles (2s),50,0.528577376913745,446,4,0.7876450403845972,0.8045897553209318,0.028577377132023685,True,False,False,True,0,0.7876450419425964,0.5285775065422058,0.7412155,0.7721152,0.7249920070171356,0.7594496011734009,0.048651,0.051681149999999995,15.23536001315492,True,True,False,-11.835969966125814,-7.074489534913209,True,0,0.0,0.0
487,2,0250c8d2f1e499db1f3ead3dffa53a9be983dd1aa2ab5af76249342b4679d5b1,40,model.layers.21.mlp.gate_proj,gate_proj,0,0.622538683434085,896x4864,2,896,4864,9.5,1,0.7,0.6999999996944097,0.5,448,False,False,0.58252184453886,448,0.8487416537560747,0.7092614117136691,575,28,1.0731135809486765,1.0855136907601095,tiles_half_s,Tiles (s/2),12,0.7095061558065936,588,17,1.0632104514032967,1.083468712587258,0.009506156112183861,True,False,False,True,0,1.0632104873657227,0.7095063924789429,0.7177715,0.7580798,0.7060480117797852,0.7450112104415894,0.1145945,0.12217665,6.263577222292518,True,True,False,-0.9649613817604541,2.054625339750016,True,0,0.0,0.0
487,2,0250c8d2f1e499db1f3ead3dffa53a9be983dd1aa2ab5af76249342b4679d5b1,40,model.layers.21.mlp.gate_proj,gate_proj,0,0.622538683434085,896x4864,2,896,4864,9.5,1,0.7,0.6999999996944097,0.5,448,False,False,0.58252184453886,448,0.8487416537560747,0.7092614117136691,575,28,1.0731135809486765,1.0855136907601095,tiles_s,Tiles (s),25,0.702144746814156,596,11,1.0525480808726904,1.0783156661643052,0.0021447471197462153,True,False,False,True,0,1.0525481700897217,0.7021446824073792,0.718593,0.7679408999999999,0.7065759897232056,0.7561727970838547,0.069084,0.07692034999999998,10.40172833072781,True,True,False,-0.48476557449117497,3.0368672609127234,True,0,0.0,0.0
487,2,0250c8d2f1e499db1f3ead3dffa53a9be983dd1aa2ab5af76249342b4679d5b1,40,model.layers.21.mlp.gate_proj,gate_proj,0,0.622538683434085,896x4864,2,896,4864,9.5,1,0.7,0.6999999996944097,0.5,448,False,False,0.58252184453886,448,0.8487416537560747,0.7092614117136691,575,28,1.0731135809486765,1.0855136907601095,tiles_2s,Tiles (2s),50,0.7458258326223586,646,4,1.1408490943687213,1.1653923361823362,0.04582583292794884,True,False,False,True,0,1.140849232673645,0.7458258867263794,0.707778,0.7252978,0.6958079934120178,0.7138304114341736,0.050685,0.055986549999999996,13.964249778040841,True,True,False,-8.599160132898653,-5.097623740688539,True,0,0.0,0.0
487,2,0250c8d2f1e499db1f3ead3dffa53a9be983dd1aa2ab5af76249342b4679d5b1,40,model.layers.21.mlp.gate_proj,gate_proj,0,0.622538683434085,896x4864,2,896,4864,9.5,2,0.9,0.8999999996070983,0.75,672,False,False,0.803239105065586,672,1.2506094268290888,0.9043006184801925,781,27,1.4360576016925628,1.4281620955743028,tiles_half_s,Tiles (s/2),12,0.9057754428940825,792,8,1.3990636679087982,1.4303859645618469,0.005775443286984205,True,False,False,True,6,1.3990637063980103,0.905775249004364,0.7192989999999999,0.735271,0.7045120000839233,0.7222271829843521,0.1190325,0.12562515,6.042879045638795,True,True,False,0.39494496070570095,2.0374737402481857,True,6,0.0,0.0
487,2,0250c8d2f1e499db1f3ead3dffa53a9be983dd1aa2ab5af76249342b4679d5b1,40,model.layers.21.mlp.gate_proj,gate_proj,0,0.622538683434085,896x4864,2,896,4864,9.5,2,0.9,0.8999999996070983,0.75,672,False,False,0.803239105065586,672,1.2506094268290888,0.9043006184801925,781,27,1.4360576016925628,1.4281620955743028,tiles_s,Tiles (s),25,0.9062087782949675,796,5,1.4057521348568145,1.4365149343612762,0.006208778687869176,True,False,False,True,0,1.405752182006836,0.9062088131904602,0.7149565,0.7486535999999999,0.7029759883880615,0.7330304056406021,0.071038,0.07653014999999999,10.064423266420789,True,True,False,-0.031846401437829464,1.5691468627359595,True,0,0.0,0.0
487,2,0250c8d2f1e499db1f3ead3dffa53a9be983dd1aa2ab5af76249342b4679d5b1,40,model.layers.21.mlp.gate_proj,gate_proj,0,0.622538683434085,896x4864,2,896,4864,9.5,2,0.9,0.8999999996070983,0.75,672,False,False,0.803239105065586,672,1.2506094268290888,0.9043006184801925,781,27,1.4360576016925628,1.4281620955743028,tiles_2s,Tiles (2s),50,0.9000763896910939,796,2,1.4057521348568147,1.4359942718283896,7.639008399562552e-05,True,False,False,True,0,1.405752182006836,0.9000763297080994,0.708469,0.73646695,0.694271981716156,0.7249919772148132,0.050780000000000006,0.0552335,13.95173296573454,True,True,False,0.0044099807764430565,1.5691468627359484,False,25,0.0,2.220446049250313e-16
499,2,0250c8d2f1e499db1f3ead3dffa53a9be983dd1aa2ab5af76249342b4679d5b1,40,model.layers.23.self_attn.v_proj,v_proj,0,1.4667685791872782,896x128,1,896,128,0.25,0,0.5,0.5000000000582077,0.25,224,True,False,0.28923833832959644,224,0.018949429657794677,0.8377440040349029,736,1,0.03559616,0.03664651603113517,tiles_half_s,Tiles (s/2),472,0.5424041708756704,472,1,0.02747613916319621,0.02632202643171806,0.04240417081746273,True,False,False,True,236,0.02747613936662674,0.5424041748046875,0.7180925,0.82614375,0.7039999961853027,0.8071168065071106,0.033673,0.043846849999999986,21.325468476227243,True,True,False,26.05374728139761,25.023870918991953,True,236,0.0,0.0
499,2,0250c8d2f1e499db1f3ead3dffa53a9be983dd1aa2ab5af76249342b4679d5b1,40,model.layers.23.self_attn.v_proj,v_proj,0,1.4667685791872782,896x128,1,896,128,0.25,0,0.5,0.5000000000582077,0.25,224,True,False,0.28923833832959644,224,0.018949429657794677,0.8377440040349029,736,1,0.03559616,0.03664651603113517,tiles_s,Tiles (s),896,0.5263685616955627,448,1,0.026642468538838122,0.025773178458289338,0.026368561637355015,True,False,False,True,448,0.026642467826604843,0.5263684988021851,0.7106735,0.737507,0.6973440051078796,0.7214592099189758,0.032987,0.03516295,21.54404765513687,True,True,False,27.59562138643793,27.298768275263953,True,448,0.0,0.0
499,2,0250c8d2f1e499db1f3ead3dffa53a9be983dd1aa2ab5af76249342b4679d5b1,40,model.layers.23.self_attn.v_proj,v_proj,0,1.4667685791872782,896x128,1,896,128,0.25,0,0.5,0.5000000000582077,0.25,224,True,False,0.28923833832959644,224,0.018949429657794677,0.8377440040349029,736,1,0.03559616,0.03664651603113517,tiles_2s,Tiles (2s),896,0.5263685616955627,448,1,0.026642468538838122,0.025773178458289338,0.026368561637355015,True,False,False,True,448,0.026642467826604843,0.5263684988021851,0.714275,0.80838995,0.7025599777698517,0.7877632051706314,0.0318195,0.0345291,22.44771288046638,True,True,False,27.59562138643793,27.298768275263953,True,448,0.0,0.0
499,2,0250c8d2f1e499db1f3ead3dffa53a9be983dd1aa2ab5af76249342b4679d5b1,40,model.layers.23.self_attn.v_proj,v_proj,0,1.4667685791872782,896x128,1,896,128,0.25,1,0.7,0.7000000000814907,0.5,448,True,False,0.5492190114164259,448,0.025773178458289338,0.8377440040349029,736,1,0.03559616,0.03664651603113517,tiles_half_s,Tiles (s/2),472,0.8065653460507747,708,1,0.0356739003027174,0.03657105263157895,0.10656534596928402,True,False,False,True,236,0.035673901438713074,0.8065654039382935,0.7185779999999999,0.7696191,0.7055360078811646,0.7337471842765808,0.033311999999999994,0.03673115,21.571145533141213,True,True,False,-2.7387578648341515,2.654046915650654,True,236,0.0,0.0
499,2,0250c8d2f1e499db1f3ead3dffa53a9be983dd1aa2ab5af76249342b4679d5b1,40,model.layers.23.self_attn.v_proj,v_proj,0,1.4667685791872782,896x128,1,896,128,0.25,1,0.7,0.7000000000814907,0.5,448,True,False,0.5492190114164259,448,0.025773178458289338,0.8377440040349029,736,1,0.03559616,0.03664651603113517,tiles_s,Tiles (s),896,1.0000000001164153,896,1,0.04220432019352241,0.043105703422053235,0.30000000003492466,True,False,False,True,0,0.042204320430755615,0.9999998807907104,0.7160985,0.7475536,0.7039999961853027,0.734785595536232,0.032341,0.03466105,22.142126093812806,True,True,False,-21.09649867304011,-15.165982375146637,True,0,0.0,0.0
499,2,0250c8d2f1e499db1f3ead3dffa53a9be983dd1aa2ab5af76249342b4679d5b1,40,model.layers.23.self_attn.v_proj,v_proj,0,1.4667685791872782,896x128,1,896,128,0.25,1,0.7,0.7000000000814907,0.5,448,True,False,0.5492190114164259,448,0.025773178458289338,0.8377440040349029,736,1,0.03559616,0.03664651603113517,tiles_2s,Tiles (2s),896,1.0000000001164153,896,1,0.04220432019352241,0.043105703422053235,0.30000000003492466,True,False,False,True,0,0.042204320430755615,0.9999998807907104,0.713954,0.73698805,0.7004160284996033,0.7230464220046997,0.0323455,0.035063199999999996,22.072745822448255,True,True,False,-21.09649867304011,-15.165982375146637,True,0,0.0,0.0
499,2,0250c8d2f1e499db1f3ead3dffa53a9be983dd1aa2ab5af76249342b4679d5b1,40,model.layers.23.self_attn.v_proj,v_proj,0,1.4667685791872782,896x128,1,896,128,0.25,2,0.9,0.9000000001047738,0.75,672,True,False,0.768475797114661,672,0.033354733727810656,1.0000000001164153,896,1,0.043105703422053235,0.04220432019352241,tiles_half_s,Tiles (s/2),472,1.0000000001164153,896,1,0.04220432019352241,0.043105703422053235,0.10000000001164155,True,False,False,True,0,0.042204320430755615,0.9999998807907104,0.7154575,0.7657364,0.7029759883880615,0.7491584092378616,0.033687999999999996,0.03672565,21.237755283780576,True,True,False,0.0,0.0,True,0,0.0,0.0
499,2,0250c8d2f1e499db1f3ead3dffa53a9be983dd1aa2ab5af76249342b4679d5b1,40,model.layers.23.self_attn.v_proj,v_proj,0,1.4667685791872782,896x128,1,896,128,0.25,2,0.9,0.9000000001047738,0.75,672,True,False,0.768475797114661,672,0.033354733727810656,1.0000000001164153,896,1,0.043105703422053235,0.04220432019352241,tiles_s,Tiles (s),896,1.0000000001164153,896,1,0.04220432019352241,0.043105703422053235,0.10000000001164155,True,False,False,True,0,0.042204320430755615,0.9999998807907104,0.7166595,0.748932,0.7045120000839233,0.7331839799880981,0.0328715,0.039187049999999994,21.801849626576214,True,True,False,0.0,0.0,True,0,0.0,0.0
499,2,0250c8d2f1e499db1f3ead3dffa53a9be983dd1aa2ab5af76249342b4679d5b1,40,model.layers.23.self_attn.v_proj,v_proj,0,1.4667685791872782,896x128,1,896,128,0.25,2,0.9,0.9000000001047738,0.75,672,True,False,0.768475797114661,672,0.033354733727810656,1.0000000001164153,896,1,0.043105703422053235,0.04220432019352241,tiles_2s,Tiles (2s),896,1.0000000001164153,896,1,0.04220432019352241,0.043105703422053235,0.10000000001164155,True,False,False,True,0,0.042204320430755615,0.9999998807907104,0.7110585,0.7511991,0.6983680129051208,0.7259648114442825,0.032480499999999995,0.03512405,21.891858191838185,True,True,False,0.0,0.0,True,0,0.0,0.0
500,2,0250c8d2f1e499db1f3ead3dffa53a9be983dd1aa2ab5af76249342b4679d5b1,40,model.layers.23.self_attn.o_proj,o_proj,0,0.7226408074955704,896x896,0,896,896,1.75,0,0.5,0.5000000003055902,0.25,224,False,False,0.3837372795678675,224,0.07654504280859703,0.5110234863532241,324,3,0.11095284377441263,0.11202372465430072,tiles_half_s,Tiles (s/2),68,0.5196309763123281,340,1,0.11060863795818625,0.11298817663817665,0.01963097600673791,True,False,False,True,34,0.11060863733291626,0.5196311473846436,0.7178015,0.7524352499999999,0.7024639844894409,0.7392767935991287,0.042263999999999996,0.0463416,16.98375686163165,True,True,False,-1.8344125256511967,1.2632026836113086,True,34,0.0,0.0
500,2,0250c8d2f1e499db1f3ead3dffa53a9be983dd1aa2ab5af76249342b4679d5b1,40,model.layers.23.self_attn.o_proj,o_proj,0,0.7226408074955704,896x896,0,896,896,1.75,0,0.5,0.5000000003055902,0.25,224,False,False,0.3837372795678675,224,0.07654504280859703,0.5110234863532241,324,3,0.11095284377441263,0.11202372465430072,tiles_s,Tiles (s),135,0.5940864680160303,405,1,0.13175440697960422,0.13458885746606333,0.09408646771044005,True,False,False,True,67,0.13175441324710846,0.5940864086151123,0.7211325,0.7561957499999999,0.707584023475647,0.7451136112213135,0.036874000000000004,0.0391356,19.55666594348321,True,True,False,-21.302756096731535,-17.612949744521835,True,67,0.0,0.0
500,2,0250c8d2f1e499db1f3ead3dffa53a9be983dd1aa2ab5af76249342b4679d5b1,40,model.layers.23.self_attn.o_proj,o_proj,0,0.7226408074955704,896x896,0,896,896,1.75,0,0.5,0.5000000003055902,0.25,224,False,False,0.3837372795678675,224,0.07654504280859703,0.5110234863532241,324,3,0.11095284377441263,0.11202372465430072,tiles_2s,Tiles (2s),270,0.605283678160049,405,1,0.13175440697960422,0.13458885746606333,0.1052836778544588,True,False,False,True,135,0.13175441324710846,0.6052836179733276,0.7247545,0.776269,0.711679995059967,0.7630335956811904,0.033943,0.03677,21.35210499955808,True,True,False,-21.302756096731535,-17.612949744521835,True,135,0.0,0.0
500,2,0250c8d2f1e499db1f3ead3dffa53a9be983dd1aa2ab5af76249342b4679d5b1,40,model.layers.23.self_attn.o_proj,o_proj,0,0.7226408074955704,896x896,0,896,896,1.75,1,0.7,0.7000000004278263,0.5,448,True,False,0.6558398015331477,448,0.16321681246811437,0.7225362304889131,532,4,0.18269171221542266,0.1823194844445018,tiles_half_s,Tiles (s/2),68,0.7107633017876651,510,2,0.17140631361289801,0.17333130368727928,0.010763301359838828,True,False,False,True,34,0.1714063137769699,0.7107632756233215,0.688672,0.7348243,0.6768639981746674,0.7231487900018692,0.044092,0.05128584999999999,15.618978499501042,True,True,False,5.123608736616337,5.98574028708696,True,34,0.0,0.0
500,2,0250c8d2f1e499db1f3ead3dffa53a9be983dd1aa2ab5af76249342b4679d5b1,40,model.layers.23.self_attn.o_proj,o_proj,0,0.7226408074955704,896x896,0,896,896,1.75,1,0.7,0.7000000004278263,0.5,448,True,False,0.6558398015331477,448,0.16321681246811437,0.7225362304889131,532,4,0.18269171221542266,0.1823194844445018,tiles_s,Tiles (s),135,0.7223827058915049,540,1,0.17567254263947227,0.17945180995475113,0.022382705463678598,True,False,False,True,0,0.17567254602909088,0.722382664680481,0.713328,0.7653625,0.7024639844894409,0.7525888025760651,0.03783,0.043565899999999984,18.856145915939727,True,True,False,1.7734259651861817,3.645766016332097,True,0,0.0,0.0
500,2,0250c8d2f1e499db1f3ead3dffa53a9be983dd1aa2ab5af76249342b4679d5b1,40,model.layers.23.self_attn.o_proj,o_proj,0,0.7226408074955704,896x896,0,896,896,1.75,1,0.7,0.7000000004278263,0.5,448,True,False,0.6558398015331477,448,0.16321681246811437,0.7225362304889131,532,4,0.18269171221542266,0.1823194844445018,tiles_2s,Tiles (2s),270,0.7223827058915049,540,1,0.17567254263947227,0.17945180995475113,0.022382705463678598,True,False,False,True,0,0.17567254602909088,0.722382664680481,0.7103325,0.7702795499999999,0.6983680129051208,0.7570944041013717,0.035501500000000005,0.04102714999999999,20.008520766728164,True,True,False,1.7734259651861817,3.645766016332097,True,0,0.0,0.0
500,2,0250c8d2f1e499db1f3ead3dffa53a9be983dd1aa2ab5af76249342b4679d5b1,40,model.layers.23.self_attn.o_proj,o_proj,0,0.7226408074955704,896x896,0,896,896,1.75,2,0.9,0.9000000005500625,0.75,672,False,False,0.8393463890824933,672,0.22950268877556565,0.9091658358229324,768,5,0.2614052327675214,0.26008087906404315,tiles_half_s,Tiles (s/2),68,0.9058589923079126,760,3,0.25444993394023274,0.25780420133781085,0.005858991757850096,True,False,False,True,34,0.2544499337673187,0.9058589935302734,0.715427,0.75893,0.7034879922866821,0.7473152220249175,0.047758999999999996,0.051857249999999994,14.979940953537556,True,True,False,1.3775666965753275,2.165074627582997,True,34,0.0,0.0
500,2,0250c8d2f1e499db1f3ead3dffa53a9be983dd1aa2ab5af76249342b4679d5b1,40,model.layers.23.self_attn.o_proj,o_proj,0,0.7226408074955704,896x896,0,896,896,1.75,2,0.9,0.9000000005500625,0.75,672,False,False,0.8393463890824933,672,0.22950268877556565,0.9091658358229324,768,5,0.2614052327675214,0.26008087906404315,tiles_s,Tiles (s),135,0.9268434093391988,810,1,0.26350881395920844,0.26917771493212667,0.02684340878913638,True,False,False,True,0,0.2635088264942169,0.926843523979187,0.6865885,0.72380005,0.6763519942760468,0.7112047880887985,0.0392085,0.04441184999999999,17.511215680273413,True,True,False,-2.9733460506192744,-1.3180264952584952,True,0,0.0,0.0
500,2,0250c8d2f1e499db1f3ead3dffa53a9be983dd1aa2ab5af76249342b4679d5b1,40,model.layers.23.self_attn.o_proj,o_proj,0,0.7226408074955704,896x896,0,896,896,1.75,2,0.9,0.9000000005500625,0.75,672,False,False,0.8393463890824933,672,0.22950268877556565,0.9091658358229324,768,5,0.2614052327675214,0.26008087906404315,tiles_2s,Tiles (2s),270,0.9268434093391988,810,1,0.26350881395920844,0.26917771493212667,0.02684340878913638,True,False,False,True,0,0.2635088264942169,0.926843523979187,0.7145505000000001,0.73081115,0.7024639844894409,0.7163391977548599,0.034615,0.0381937,20.642799364437384,True,True,False,-2.9733460506192744,-1.3180264952584952,True,0,0.0,0.0
502,2,0250c8d2f1e499db1f3ead3dffa53a9be983dd1aa2ab5af76249342b4679d5b1,40,model.layers.23.mlp.up_proj,up_proj,0,0.6212628294838286,896x4864,2,896,4864,9.5,0,0.5,0.49999997047564193,0.25,224,False,False,0.32126356524827315,224,0.44050227607883785,0.5142368998233451,386,21,0.7285566917685193,0.7422046511540814,tiles_half_s,Tiles (s/2),12,0.5098533510783909,396,22,0.7768144415447263,0.7749298749902949,0.009853380602748985,True,False,False,True,0,0.7768145203590393,0.5098532438278198,0.637832,0.7296914,0.6255680024623871,0.7166464000940322,0.1071855,0.12282919999999997,5.950730276016811,True,True,False,-6.365075462996295,-4.663106103798853,True,0,0.0,0.0
502,2,0250c8d2f1e499db1f3ead3dffa53a9be983dd1aa2ab5af76249342b4679d5b1,40,model.layers.23.mlp.up_proj,up_proj,0,0.6212628294838286,896x4864,2,896,4864,9.5,0,0.5,0.49999997047564193,0.25,224,False,False,0.32126356524827315,224,0.44050227607883785,0.5142368998233451,386,21,0.7285566917685193,0.7422046511540814,tiles_s,Tiles (s),25,0.5078353495075589,421,11,0.7452082731123088,0.7640067639153898,0.007835379031917,True,False,False,True,0,0.7452083230018616,0.507835328578949,0.7052275,0.7355266,0.6932480037212372,0.7184895873069763,0.065016,0.07084339999999999,10.846983819367539,True,True,False,-4.8657945973727745,-0.4046891855981949,True,0,0.0,0.0
502,2,0250c8d2f1e499db1f3ead3dffa53a9be983dd1aa2ab5af76249342b4679d5b1,40,model.layers.23.mlp.up_proj,up_proj,0,0.6212628294838286,896x4864,2,896,4864,9.5,0,0.5,0.49999997047564193,0.25,224,False,False,0.32126356524827315,224,0.44050227607883785,0.5142368998233451,386,21,0.7285566917685193,0.7422046511540814,tiles_2s,Tiles (2s),50,0.5239195739588922,446,4,0.7876450403845972,0.8045897553209318,0.023919603483250285,True,False,False,True,0,0.7876450419425964,0.5239197015762329,0.7247195,0.75684515,0.7121919989585876,0.7440048068761825,0.048731,0.055539049999999986,14.871837228868687,True,True,False,-10.436121774936646,-6.122353067965669,True,0,0.0,0.0
502,2,0250c8d2f1e499db1f3ead3dffa53a9be983dd1aa2ab5af76249342b4679d5b1,40,model.layers.23.mlp.up_proj,up_proj,0,0.6212628294838286,896x4864,2,896,4864,9.5,1,0.7,0.6999999586658987,0.5,448,False,False,0.5842690522870271,448,0.853180065321643,0.7084808285319468,571,28,1.067202831241867,1.0815719021499026,tiles_half_s,Tiles (s/2),12,0.7051361769874802,588,15,1.056355493500388,1.074977878759876,0.005136218321581509,True,False,False,True,6,1.0563554763793945,0.7051357626914978,0.7248945,0.7750579499999999,0.7127040028572083,0.7551487892866134,0.1127005,0.12286355,6.432043336098776,True,True,False,-0.7285444987961132,2.3314592954375435,True,6,0.0,0.0
502,2,0250c8d2f1e499db1f3ead3dffa53a9be983dd1aa2ab5af76249342b4679d5b1,40,model.layers.23.mlp.up_proj,up_proj,0,0.6212628294838286,896x4864,2,896,4864,9.5,1,0.7,0.6999999586658987,0.5,448,False,False,0.5842690522870271,448,0.853180065321643,0.7084808285319468,571,28,1.067202831241867,1.0815719021499026,tiles_s,Tiles (s),25,0.7051249660173653,600,8,1.0596121619523728,1.0834490676499866,0.005125007351466593,True,False,False,True,12,1.0596121549606323,0.7051251530647278,0.712557,0.75320115,0.6999040246009827,0.7315455943346023,0.0686335,0.07415115,10.382058324287701,True,True,False,-1.522319462853594,2.0303541682137993,True,12,0.0,0.0
502,2,0250c8d2f1e499db1f3ead3dffa53a9be983dd1aa2ab5af76249342b4679d5b1,40,model.layers.23.mlp.up_proj,up_proj,0,0.6212628294838286,896x4864,2,896,4864,9.5,1,0.7,0.6999999586658987,0.5,448,False,False,0.5842690522870271,448,0.853180065321643,0.7084808285319468,571,28,1.067202831241867,1.0815719021499026,tiles_2s,Tiles (2s),50,0.7415499068185909,646,5,1.1408490943687213,1.1653923361823362,0.041549948152692195,True,False,False,True,0,1.1408491134643555,0.7415499687194824,0.7297585,0.80315555,0.7147520184516907,0.790067195892334,0.0509205,0.05538984999999999,14.331330210818825,True,True,False,-9.200641346332382,-5.480652012223142,True,0,0.0,0.0
502,2,0250c8d2f1e499db1f3ead3dffa53a9be983dd1aa2ab5af76249342b4679d5b1,40,model.layers.23.mlp.up_proj,up_proj,0,0.6212628294838286,896x4864,2,896,4864,9.5,2,0.9,0.8999999468561555,0.75,672,False,False,0.8048553847795574,672,1.2631391301180244,0.9054527979781142,784,27,1.4458883867903627,1.444259062669469,tiles_half_s,Tiles (s/2),12,0.9042382594518585,788,8,1.3916239726974495,1.4215621685939333,0.004238312595703064,True,False,False,True,0,1.3916239738464355,0.9042383432388306,0.725902,0.7516826999999999,0.7127040028572083,0.7389695912599563,0.1191325,0.13108344999999996,6.093232325352024,True,True,False,1.6824409420999387,3.6444354986239325,True,0,0.0,0.0
502,2,0250c8d2f1e499db1f3ead3dffa53a9be983dd1aa2ab5af76249342b4679d5b1,40,model.layers.23.mlp.up_proj,up_proj,0,0.6212628294838286,896x4864,2,896,4864,9.5,2,0.9,0.8999999468561555,0.75,672,False,False,0.8048553847795574,672,1.2631391301180244,0.9054527979781142,784,27,1.4458883867903627,1.444259062669469,tiles_s,Tiles (s),25,0.9062151543650998,796,4,1.4057521348568145,1.4365149343612762,0.0062152075089443315,True,False,False,True,0,1.405752182006836,0.9062151312828064,0.7305405,0.8388614499999999,0.7142399847507477,0.8252287864685058,0.07134850000000001,0.07810689999999997,10.239044969410708,True,True,False,0.6482832640971714,2.666206417391692,True,0,0.0,0.0
502,2,0250c8d2f1e499db1f3ead3dffa53a9be983dd1aa2ab5af76249342b4679d5b1,40,model.layers.23.mlp.up_proj,up_proj,0,0.6212628294838286,896x4864,2,896,4864,9.5,2,0.9,0.8999999468561555,0.75,672,False,False,0.8048553847795574,672,1.2631391301180244,0.9054527979781142,784,27,1.4458883867903627,1.444259062669469,tiles_2s,Tiles (2s),50,0.9005684848264082,796,3,1.4057521348568147,1.4359942718283893,0.0005685379702526916,True,False,False,True,0,1.4057520627975464,0.9005686044692993,0.7275695,0.771077,0.7101440131664276,0.7582720190286636,0.0519925,0.06015504999999999,13.993739481656009,True,True,False,0.6842931344055336,2.66620641739167,True,0,0.0,0.0
503,2,0250c8d2f1e499db1f3ead3dffa53a9be983dd1aa2ab5af76249342b4679d5b1,40,model.layers.23.mlp.down_proj,down_proj,0,2.492152742805577,4864x896,3,4864,896,1.75,0,0.5,0.49999999980173016,0.25,1216,True,False,0.4006771063723136,1212,0.4657276814841335,0.5159934311195684,1716,23,0.6464280115104764,0.6721063358267606,tiles_half_s,Tiles (s/2),68,0.5047325398700195,1836,19,0.6632069250816295,0.657208416361449,0.0047325400682893815,True,False,False,True,34,0.663206934928894,0.504732608795166,0.6458269999999999,0.74435575,0.6353919804096222,0.7325696021318435,0.117214,0.1252651,5.509811114713259,True,True,False,-1.6676883827764,1.3241075512528733,True,34,0.0,0.0
503,2,0250c8d2f1e499db1f3ead3dffa53a9be983dd1aa2ab5af76249342b4679d5b1,40,model.layers.23.mlp.down_proj,down_proj,0,2.492152742805577,4864x896,3,4864,896,1.75,0,0.5,0.49999999980173016,0.25,1216,True,False,0.4006771063723136,1212,0.4657276814841335,0.5159934311195684,1716,23,0.6464280115104764,0.6721063358267606,tiles_s,Tiles (s),135,0.5228163185784069,2097,10,0.6873597348936947,0.6986829497090757,0.02281631877667678,True,False,False,True,67,0.6873597502708435,0.5228161811828613,0.7204360000000001,0.7925177999999999,0.7091519832611084,0.7797760039567947,0.081247,0.09016815,8.867232020874617,True,True,False,-8.083643850225153,-2.269491932131662,True,67,0.0,0.0
503,2,0250c8d2f1e499db1f3ead3dffa53a9be983dd1aa2ab5af76249342b4679d5b1,40,model.layers.23.mlp.down_proj,down_proj,0,2.492152742805577,4864x896,3,4864,896,1.75,0,0.5,0.49999999980173016,0.25,1216,True,False,0.4006771063723136,1212,0.4657276814841335,0.5159934311195684,1716,23,0.6464280115104764,0.6721063358267606,tiles_2s,Tiles (2s),270,0.5345209496408643,2299,6,0.7479095843113829,0.7642214390606367,0.03452094983913412,True,False,False,True,135,0.7479095458984375,0.534521222114563,0.7663675,0.81794155,0.7536640167236328,0.8034816056489944,0.06582299999999999,0.07443064999999997,11.642852802211994,True,True,False,-18.222203470873467,-11.278460630991738,True,135,0.0,0.0
503,2,0250c8d2f1e499db1f3ead3dffa53a9be983dd1aa2ab5af76249342b4679d5b1,40,model.layers.23.mlp.down_proj,down_proj,0,2.492152742805577,4864x896,3,4864,896,1.75,1,0.7,0.6999999997224222,0.5,2432,True,False,0.650592527596018,2430,0.9060401518991049,0.7063126743087196,2760,34,1.0136199570237088,1.04784582666949,tiles_half_s,Tiles (s/2),68,0.7056956063897815,2960,13,0.9739325026342706,0.9920963486746004,0.005695606667359243,True,False,False,True,0,0.9739325046539307,0.7056956887245178,0.660504,0.8148359999999999,0.6502399742603302,0.7867903918027878,0.126832,0.13742005000000002,5.207707833985114,True,True,False,2.123439677757344,7.053835798549512,True,0,0.0,0.0
503,2,0250c8d2f1e499db1f3ead3dffa53a9be983dd1aa2ab5af76249342b4679d5b1,40,model.layers.23.mlp.down_proj,down_proj,0,2.492152742805577,4864x896,3,4864,896,1.75,1,0.7,0.6999999997224222,0.5,2432,True,False,0.650592527596018,2430,0.9060401518991049,0.7063126743087196,2760,34,1.0136199570237088,1.04784582666949,tiles_s,Tiles (s),135,0.7082356502323819,3042,9,0.9896219902023605,1.009782560360068,0.008235650509959669,True,False,False,True,67,0.9896219968795776,0.708235502243042,0.650982,0.7530759999999999,0.6403999924659729,0.7407103866338728,0.08648700000000001,0.09200259999999999,7.5269346838253135,True,True,False,0.3785833770389102,5.556527018119661,True,67,0.0,0.0
503,2,0250c8d2f1e499db1f3ead3dffa53a9be983dd1aa2ab5af76249342b4679d5b1,40,model.layers.23.mlp.down_proj,down_proj,0,2.492152742805577,4864x896,3,4864,896,1.75,1,0.7,0.6999999997224222,0.5,2432,True,False,0.650592527596018,2430,0.9060401518991049,0.7063126743087196,2760,34,1.0136199570237088,1.04784582666949,tiles_2s,Tiles (2s),270,0.7292061259540787,3244,6,1.0553365339304595,1.078262106481451,0.029206126231656526,True,False,False,True,135,1.0553364753723145,0.7292064428329468,0.6718955,0.7761454999999999,0.6579200029373169,0.7607807993888854,0.0700665,0.0796901,9.589397215502414,True,True,False,-6.377355636085835,-0.7148673087507662,True,135,0.0,0.0
503,2,0250c8d2f1e499db1f3ead3dffa53a9be983dd1aa2ab5af76249342b4679d5b1,40,model.layers.23.mlp.down_proj,down_proj,0,2.492152742805577,4864x896,3,4864,896,1.75,2,0.9,0.8999999996431143,0.75,3648,True,False,0.8440033638798923,3648,1.3112209267145447,0.9040221379545983,4098,42,1.4677394885013508,1.4993451842986292,tiles_half_s,Tiles (s/2),68,0.9021256669839204,4148,8,1.354918739765491,1.3824520933416231,0.0021256673408061033,True,False,False,True,34,1.3549187183380127,0.9021256566047668,0.6552845,0.70459525,0.6410239934921265,0.6934528023004531,0.12968249999999998,0.13920385,5.052990958687565,True,True,False,5.8107992479517705,9.632634702508403,True,34,0.0,0.0
503,2,0250c8d2f1e499db1f3ead3dffa53a9be983dd1aa2ab5af76249342b4679d5b1,40,model.layers.23.mlp.down_proj,down_proj,0,2.492152742805577,4864x896,3,4864,896,1.75,2,0.9,0.8999999996431143,0.75,3648,True,False,0.8440033638798923,3648,1.3112209267145447,0.9040221379545983,4098,42,1.4677394885013508,1.4993451842986292,tiles_s,Tiles (s),135,0.9020196456694975,4189,5,1.362763483549536,1.3917984742193952,0.0020196460263832705,True,False,False,True,67,1.3627634048461914,0.9020195007324219,0.6525845,0.7560734999999998,0.6365440189838409,0.7440096050500868,0.0887655,0.09525,7.351780815744856,True,True,False,5.174011796841138,9.109423378912185,True,67,0.0,0.0
503,2,0250c8d2f1e499db1f3ead3dffa53a9be983dd1aa2ab5af76249342b4679d5b1,40,model.layers.23.mlp.down_proj,down_proj,0,2.492152742805577,4864x896,3,4864,896,1.75,2,0.9,0.8999999996431143,0.75,3648,True,False,0.8440033638798923,3648,1.3112209267145447,0.9040221379545983,4098,42,1.4677394885013508,1.4993451842986292,tiles_2s,Tiles (2s),270,0.9213062889866706,4324,3,1.4066816192094038,1.4369437523043407,0.021306289343556273,True,False,False,True,135,1.4066816568374634,0.9213062524795532,0.6358235,0.670326,0.6257280111312866,0.6605311900377273,0.0702065,0.07461295,9.05647625219887,True,True,False,2.0981745356224213,6.180268964052593,True,135,0.0,0.0
