scope,n,spatial_mode,target_cv,budget_fraction,cases,affine_latency_ratio_mean,affine_latency_ratio_median,affine_saving_pct_mean,lookup_latency_ratio_mean,lookup_saving_pct_mean,affine_strict_win_rate,lookup_strict_win_rate,paper_chunks_mean,refined_chunks_mean,refined_row_ratio_mean,post_runtime_ms_mean,total_runtime_ms_mean
N,4864,,,,2520,0.8396613559994277,0.8327631523731704,16.033864400057247,0.9605137555789797,3.9486244421020102,0.9246031746031746,0.8031746031746032,24.987301587301587,9.664285714285715,1.0061496611119571,1.4432920706349206,8.81109549484127
N,8960,,,,2520,0.8943211931904043,0.9009393445403868,10.56788068095958,0.9927043935056031,0.7295606494396792,0.9773809523809524,0.676984126984127,57.20515873015873,27.81547619047619,1.0140147316367023,2.545865799603175,17.10909560555556
N,14336,,,,2520,0.9104305480879092,0.9098748299206441,8.956945191209062,0.9914640636356936,0.8535936364306377,0.9996031746031746,0.85,207.3031746031746,110.66825396825396,1.0047703253858589,4.1668320436507935,17.654289798412698
N,18944,,,,2520,0.919076677575833,0.9176205305384717,8.092332242416706,0.9869043097746621,1.309569022533784,0.9988095238095238,0.9182539682539682,241.05238095238096,140.7345238095238,1.0012460778699617,5.279806836904762,25.54133368293651
N-ordering,4864,hot-cold,,,840,0.7741561359870412,0.7800909449657154,22.58438640129588,0.9419597261068721,5.804027389312785,0.9988095238095238,0.9416666666666667,17.63095238095238,2.2142857142857144,0.9751895561461492,1.4407075809523808,8.629956791666666
N-ordering,4864,local,,,840,0.8516201894992497,0.8535872456312696,14.837981050075026,0.9493468580569671,5.0653141943032995,0.9404761904761905,0.9095238095238095,31.01904761904762,14.040476190476191,1.0190372582887346,1.4795157785714286,9.895816351190476
N-ordering,4864,random,,,840,0.8932077425119918,0.9116955334868364,10.67922574880083,0.9902346825731005,0.9765317426899475,0.8345238095238096,0.5583333333333333,26.311904761904763,12.738095238095237,1.0242221689009876,1.4096528523809524,7.907513341666666
N-ordering,8960,hot-cold,,,840,0.8548610608728582,0.8551065639980366,14.513893912714186,0.9869711791505024,1.3028820849497567,1.0,0.8690476190476191,34.32261904761905,6.5928571428571425,1.0002050787576937,2.4476624011904766,16.557220511904763
N-ordering,8960,local,,,840,0.9340906037799658,0.9296306404990304,6.59093962200343,0.9948486340291497,0.5151365970850134,0.986904761904762,0.6630952380952381,57.82142857142857,38.46904761904762,1.0112438578109815,2.475744426190476,18.356065764285713
N-ordering,8960,random,,,840,0.8940119149183887,0.8985638686552565,10.59880850816113,0.9962933673371572,0.3706632662842674,0.9452380952380952,0.4988095238095238,79.47142857142858,38.38452380952381,1.0305952583414317,2.7141905714285715,16.414000540476188
N-ordering,14336,hot-cold,,,840,0.8828890019320794,0.880770568169591,11.711099806792056,0.992018140802369,0.7981859197631006,1.0,0.9130952380952381,138.42380952380952,42.99166666666667,1.0028227670346412,4.020278303571429,17.135867942857143
N-ordering,14336,local,,,840,0.9565275504886614,0.9555606249367379,4.347244951133859,0.9932721612899792,0.6727838710020857,1.0,0.9702380952380952,152.18690476190477,115.50714285714285,0.994466939863743,3.7803650630952386,17.447943557142857
N-ordering,14336,random,,,840,0.8918750918429874,0.8813058147664455,10.812490815701269,0.9891018888147327,1.0898111185267265,0.9988095238095238,0.6666666666666666,331.2988095238095,173.50595238095238,1.0170212692591918,4.699852764285715,18.379057895238095
N-ordering,18944,hot-cold,,,840,0.8912657535589317,0.8908529416889512,10.873424644106844,0.9890515456919096,1.0948454308090365,1.0,0.9702380952380952,157.79166666666666,55.90833333333333,0.9994442553203714,5.122455183333333,24.762394970238095
N-ordering,18944,local,,,840,0.9628299702772828,0.9619904062314748,3.71700297227173,0.9908260191569509,0.9173980843049189,1.0,0.9976190476190476,183.41666666666666,146.80119047619047,0.9946972183439817,4.859136317857144,25.68225130595238
N-ordering,18944,random,,,840,0.9031343088912845,0.8961909108351734,9.686569110871545,0.9808353644751262,1.916463552487396,0.9964285714285714,0.7869047619047619,381.94880952380953,219.49404761904762,1.0095967599455324,5.85782900952381,26.179354772619046
N-CV,4864,,1.07,,420,0.8693109921112163,0.8554526070842302,13.068900788878366,0.982897554333313,1.7102445666686996,0.8952380952380953,0.6547619047619048,20.866666666666667,8.895238095238096,1.003797783810541,1.3718578666666665,8.018596378571427
N-CV,4864,,1.25,,420,0.8678833604235842,0.8547152526278874,13.21166395764158,0.9810382011165449,1.896179888345495,0.9023809523809524,0.7,21.38809523809524,9.152380952380952,1.0061855261828032,1.3981677976190479,8.24372400952381
N-CV,4864,,1.44,,420,0.8586581629514106,0.8462858589940428,14.13418370485893,0.9762107310605275,2.3789268939472588,0.9095238095238095,0.7142857142857143,22.607142857142858,9.395238095238096,1.0056332804470427,1.4187444142857144,8.518764540476191
N-CV,4864,,2.48,,420,0.8290113679233077,0.8144085680180294,17.098863207669236,0.9549777488067037,4.502225119329623,0.9285714285714286,0.8785714285714286,26.576190476190476,10.016666666666667,1.0072943089596489,1.4627235500000002,9.136225788095238
N-CV,4864,,3.3,,420,0.8140485837445252,0.8001165356976045,18.595141625547495,0.941015704516778,5.8984295483222065,0.9380952380952381,0.9214285714285714,28.545238095238094,10.235714285714286,1.0069766505668973,1.497325030952381,9.359485697619046
N-CV,4864,,4.55,,420,0.7990556688425212,0.7880844389776043,20.094433115747876,0.9269425936400122,7.3057406359987835,0.9738095238095238,0.95,29.94047619047619,10.290476190476191,1.00701041670481,1.5109337642857146,9.589776554761904
N-CV,8960,,1.07,,420,0.9020816656912507,0.9022934246262344,9.791833430874933,0.9978553702387398,0.21446297612602072,0.969047619047619,0.5571428571428572,50.5,25.488095238095237,1.0047877945821186,2.506145078571429,15.658867947619049
N-CV,8960,,1.25,,420,0.9000129841080038,0.9020675479374638,9.99870158919962,0.9963368969457566,0.3663103054243416,0.9547619047619048,0.5904761904761905,52.34047619047619,26.126190476190477,1.006560505749919,2.4850216809523804,15.980403338095238
N-CV,8960,,1.44,,420,0.8990358906543894,0.9039632320414461,10.096410934561066,0.9971326236418592,0.28673763581408884,0.9761904761904762,0.580952380952381,53.726190476190474,26.48095238095238,1.0093375445416262,2.5274338476190477,16.35835158809524
N-CV,8960,,2.48,,420,0.8925825929204646,0.9005234541224294,10.741740707953536,0.9923610533974736,0.7638946602526295,0.9738095238095238,0.7166666666666667,59.10476190476191,28.585714285714285,1.0169910562439262,2.619256285714286,17.823637473809526
N-CV,8960,,3.3,,420,0.8884091910572243,0.899914501525936,11.159080894277555,0.9885518609498085,1.1448139050191495,0.9952380952380953,0.8071428571428572,61.80238095238095,29.666666666666668,1.0196767239633948,2.5496727333333333,18.12174660952381
N-CV,8960,,4.55,,420,0.8838048347110923,0.897509964724339,11.61951652889078,0.9839885558599816,1.601144414001845,0.9952380952380953,0.8095238095238095,65.75714285714285,30.545238095238094,1.026734764739229,2.587665171428571,18.711566676190476
N-CV,14336,,1.07,,420,0.9168280065996243,0.9130269596107685,8.317199340037575,0.9963808325142832,0.3619167485716684,0.9976190476190476,0.7976190476190477,189.4047619047619,103.85,1.0003989164490201,4.08714150952381,16.48855943095238
N-CV,14336,,1.25,,420,0.9143104409677454,0.9144132633581912,8.568955903225472,0.9951776238645672,0.48223761354329847,1.0,0.8404761904761905,193.12857142857143,104.71666666666667,1.0013095712615403,4.129039547619048,16.93460005
N-CV,14336,,1.44,,420,0.9128625043540012,0.912883527157577,8.713749564599885,0.9945948896706668,0.5405110329333198,1.0,0.8285714285714286,197.73333333333332,106.32380952380953,1.0023188123835844,4.19253724047619,17.25636295
N-CV,14336,,2.48,,420,0.9089214544657407,0.9112256315694939,9.10785455342593,0.9904271127848224,0.9572887215177515,1.0,0.8714285714285714,212.41904761904763,113.00714285714285,1.0063325918164885,4.197018609523809,18.087919547619048
N-CV,14336,,3.3,,420,0.9053083745674068,0.9062675836552325,9.469162543259314,0.9874307424473845,1.2569257552615587,1.0,0.8857142857142857,222.95,116.38571428571429,1.0088283242984695,4.192428866666666,18.440545776190472
N-CV,14336,,4.55,,420,0.9043525075729382,0.9034504698428413,9.564749242706192,0.9847731805324378,1.5226819467562285,1.0,0.8761904761904762,228.18333333333334,119.72619047619048,1.0094337361060495,4.202826488095238,18.717751035714286
N-CV,18944,,1.07,,420,0.9277398232452889,0.9262422142875855,7.226017675471097,0.9932862540035271,0.6713745996472898,0.9976190476190476,0.8738095238095238,212.7642857142857,128.37142857142857,0.998421012689986,5.177083328571429,23.592606271428572
N-CV,18944,,1.25,,420,0.926936558265604,0.9232818100470814,7.306344173439607,0.9925562422003771,0.7443757799622869,0.9976190476190476,0.8904761904761904,218.1261904761905,131.30238095238096,0.999093257798615,5.2008866,24.11277445952381
N-CV,18944,,1.44,,420,0.9252107319367483,0.9208290056632634,7.478926806325172,0.9912978621473301,0.8702137852669916,0.9976190476190476,0.8976190476190476,224.44285714285715,134.5547619047619,0.9996996685780168,5.262278004761905,24.87500423333333
N-CV,18944,,2.48,,420,0.9169676465344472,0.9167249045727197,8.303235346555287,0.9851139815449979,1.4886018455002095,1.0,0.9476190476190476,248.84047619047618,145.7357142857143,1.0010085412261753,5.340457928571428,26.24339160952381
N-CV,18944,,3.3,,420,0.9115292454830488,0.9129804527054513,8.84707545169512,0.9815114096764649,1.8488590323535135,1.0,0.95,261.96190476190475,149.08809523809524,1.0033997278528528,5.3324493523809515,26.848571861904766
N-CV,18944,,4.55,,420,0.9060760599898604,0.9061763869445163,9.392394001013956,0.9776601090752759,2.233989092472412,1.0,0.95,280.17857142857144,155.35476190476192,1.005854259074125,5.3656858071428575,27.57565366190476
N-budget,4864,,,0.125,360,0.9356785808936656,0.9568072345648847,6.432141910633439,0.9839697388859524,1.6030261114047473,0.6055555555555555,0.5027777777777778,8.933333333333334,7.4527777777777775,1.0083745874587458,0.35364579444444444,3.3986323638888885
N-budget,4864,,,0.25,360,0.899170379294743,0.9306658461738043,10.082962070525694,0.975451490264638,2.4548509735362063,0.8777777777777778,0.7583333333333333,15.405555555555555,11.208333333333334,1.0031078107810782,0.6893261,4.850650266666667
N-budget,4864,,,0.375,360,0.8736276449822166,0.8934754300165761,12.637235501778331,0.9662125179969987,3.3787482003001186,0.9888888888888889,0.8777777777777778,21.191666666666666,13.419444444444444,1.0031524122807018,1.0360181222222224,6.30385825
N-budget,4864,,,0.5,360,0.8434578548697115,0.85591173128753,15.65421451302886,0.9592142435750977,4.0785756424902315,1.0,0.8722222222222222,26.53611111111111,13.577777777777778,1.0084179240969364,1.4000696361111111,8.649352963888889
N-budget,4864,,,0.625,360,0.809507010503416,0.8158099024294513,19.04929894965841,0.9523877867951396,4.761221320486051,1.0,0.8638888888888889,31.094444444444445,11.566666666666666,1.010829307568438,1.8581353472222224,10.862054641666665
N-budget,4864,,,0.75,360,0.7740025052541583,0.7783319816435088,22.59974947458418,0.9460676984037254,5.3932301596274455,1.0,0.8472222222222222,34.72222222222222,7.75,1.0078086927387913,2.2537161777777777,12.787848858333334
N-budget,4864,,,0.875,360,0.7421855161980818,0.7436142769129758,25.78144838019181,0.9402928131313072,5.970718686869277,1.0,0.9,37.02777777777778,2.675,1.0013568928590084,2.512133316666667,14.825271119444444
N-budget,8960,,,0.125,360,0.9359397693038146,0.9580551856614428,6.406023069618545,0.9921044258639505,0.7895574136049485,0.8444444444444444,0.5916666666666667,25.719444444444445,21.419444444444444,1.0029141865079365,0.6652006138888888,5.3519037916666665
N-budget,8960,,,0.25,360,0.9123160782663325,0.9421287055365187,8.768392173366749,0.9884612251660394,1.1538774833960659,0.9972222222222222,0.7972222222222223,43.49722222222222,32.53055555555556,1.0022408234126985,1.2557622611111112,8.8600804
N-budget,8960,,,0.375,360,0.9006364126632433,0.9236638620579642,9.936358733675672,0.9865244553198661,1.3475544680133742,1.0,0.8611111111111112,57.075,38.525,1.006259093915344,1.970373933333333,12.828415541666669
N-budget,8960,,,0.5,360,0.888616525105727,0.90081955065539,11.138347489427304,0.9881901337000967,1.1809866299903269,1.0,0.8305555555555556,67.2611111111111,38.66388888888889,1.014836929563492,2.647437952777778,17.008190205555557
N-budget,8960,,,0.625,360,0.8770058940629389,0.8750516896251999,12.299410593706115,0.991819049564766,0.8180950435233985,1.0,0.7333333333333333,73.28611111111111,33.03333333333333,1.0224677579365078,3.290692875,21.375788958333334
N-budget,8960,,,0.75,360,0.8682245996883182,0.8723286346337644,13.177540031168176,0.9967065457411753,0.3293454258824565,1.0,0.5555555555555556,72.99722222222222,22.016666666666666,1.0258540013227513,3.8405322333333327,25.367952991666666
N-budget,8960,,,0.875,360,0.877509073242455,0.8849804722867896,12.249092675754511,1.0051249191833282,-0.512491918332816,1.0,0.36944444444444446,60.6,8.519444444444444,1.0235303287981858,4.151060727777779,28.971337349999995
N-budget,14336,,,0.125,360,0.9337755944367065,0.9475169098553254,6.622440556329345,0.9842697101006899,1.573028989931011,0.9972222222222222,0.8944444444444445,103.64722222222223,87.425,0.9851872519841268,1.1873581500000001,5.7121011527777785
N-budget,14336,,,0.25,360,0.914875526182579,0.9297661962210935,8.512447381742108,0.9831670199950201,1.6832980004979934,1.0,0.9138888888888889,170.98611111111111,129.40277777777777,0.9901824466765874,2.3437279833333333,9.593323352777778
N-budget,14336,,,0.375,360,0.9062439883758879,0.9088233893838764,9.375601162411193,0.9833882021207714,1.6611797879228642,1.0,0.9944444444444445,220.07222222222222,149.90277777777777,0.9971509176587302,3.405315175,13.598415816666668
N-budget,14336,,,0.5,360,0.9011690102064033,0.8885426522052686,9.883098979359668,0.9865228801234707,1.347711987652945,1.0,1.0,252.45,149.61111111111111,1.006363544766865,4.421370047222222,17.806053191666667
N-budget,14336,,,0.625,360,0.8992403473489392,0.89025355594098,10.075965265106074,0.9924331771118416,0.7566822888158302,1.0,0.8888888888888888,263.94444444444446,129.05,1.014271453373016,5.306067852777778,21.96378401666667
N-budget,14336,,,0.75,360,0.9010698250258571,0.904080213340626,9.893017497414299,1.0004180875712376,-0.04180875712377506,1.0,0.6527777777777778,248.30277777777778,89.25833333333334,1.0196263227513227,6.040133986111111,25.808838794444444
N-budget,14336,,,0.875,360,0.9166395450389925,0.9179680987242853,8.336045496100747,1.0100493684268241,-1.0049368426824055,1.0,0.6055555555555555,191.71944444444443,40.02777777777778,1.0206103404903628,6.4638511111111105,29.097512263888888
N-budget,18944,,,0.125,360,0.9457502809191668,0.9633637829092319,5.424971908083315,0.9826991635226967,1.7300836477303405,0.9916666666666667,0.9638888888888889,118.68333333333334,103.73333333333333,0.9866401557807808,1.4657539277777778,8.262980227777778
N-budget,18944,,,0.25,360,0.9276191893988295,0.9473233816382541,7.238081060117051,0.9810133017758378,1.898669822416224,1.0,0.9583333333333334,195.7888888888889,156.18055555555554,0.9892003331456457,2.9607294916666667,13.836880894444443
N-budget,18944,,,0.375,360,0.9177561137622263,0.9269901656408209,8.224388623777385,0.9794368724243744,2.056312757562563,1.0,1.0,252.26666666666668,184.0888888888889,0.9933613300800801,4.2746738861111115,19.568065519444445
N-budget,18944,,,0.5,360,0.912277569514259,0.9052667322937713,8.772243048574115,0.9811780244557952,1.8821975544204825,1.0,1.0,290.1333333333333,189.44166666666666,1.0003783079954955,5.510471708333333,25.52855335
N-budget,18944,,,0.625,360,0.9076721371598312,0.8966875636029868,9.2327862840169,0.9858274256921193,1.4172574307880716,1.0,1.0,307.6166666666667,169.74444444444444,1.0083452984234234,6.681538202777778,31.52773151111111
N-budget,18944,,,0.75,360,0.9063753589186907,0.908123486464856,9.362464108130922,0.9936633272215836,0.6336672778416458,1.0,0.8444444444444444,292.94444444444446,123.7611111111111,1.0141780452327327,7.697369505555556,37.416533083333334
N-budget,18944,,,0.875,360,0.9160860933578274,0.9194865713363032,8.39139066421726,1.0045120533302285,-0.45120533302284,1.0,0.6611111111111111,229.93333333333334,58.19166666666667,1.0166190744315744,8.36811113611111,42.64859119444444
N-ordering-CV-budget,4864,hot-cold,1.07,0.125,20,0.8799564162659637,0.8716161342992349,12.004358373403639,0.9893018336029147,1.0698166397085,1.0,0.65,5.25,2.9,1.0059405940594057,0.35369265,3.2043383999999997
N-ordering-CV-budget,4864,hot-cold,1.07,0.25,20,0.8315617646462083,0.8295066583095103,16.84382353537918,0.9828400515261387,1.7159948473861317,1.0,0.85,8.2,2.25,1.000206270627063,0.6853259500000001,4.542103750000001
N-ordering-CV-budget,4864,hot-cold,1.07,0.375,20,0.8213492594939622,0.8201894662791631,17.865074050603774,0.9841223195193379,1.5877680480662122,1.0,0.95,11.45,2.25,0.9965460526315791,0.9872376500000002,5.85303505
N-ordering-CV-budget,4864,hot-cold,1.07,0.5,20,0.8135838573951611,0.8155789446248516,18.641614260483884,0.9749995247526491,2.5000475247350904,1.0,0.9,14.4,2.4,0.9852674897119341,1.31568175,8.2051703
N-ordering-CV-budget,4864,hot-cold,1.07,0.625,20,0.8118623244783791,0.8056267004298981,18.813767552162098,0.9704197262276996,2.958027377230061,1.0,0.95,16.35,1.95,0.9785408432147562,1.67087805,9.84853325
N-ordering-CV-budget,4864,hot-cold,1.07,0.75,20,0.8072514082598119,0.8003814472077013,19.274859174018818,0.9641664429007758,3.5833557099224285,1.0,1.0,19.15,1.85,0.9736430921052632,1.9634206999999997,11.4921041
N-ordering-CV-budget,4864,hot-cold,1.07,0.875,20,0.8076432418833643,0.8074113570343348,19.235675811663558,0.9584974081087457,4.150259189125437,1.0,1.0,21.0,1.9,0.9660437235543018,2.41467795,13.58864755
N-ordering-CV-budget,4864,hot-cold,1.25,0.125,20,0.8714798336336008,0.8682631053888052,12.85201663663993,0.9920704575304157,0.792954246958451,0.95,0.6,5.1,2.5,1.0131188118811882,0.376038,3.2663658499999997
N-ordering-CV-budget,4864,hot-cold,1.25,0.25,20,0.8145948912024037,0.8081456974251213,18.54051087975963,0.9786358450581029,2.136415494189718,1.0,0.8,8.7,2.0,1.0010726072607263,0.7128979999999999,4.775229
N-ordering-CV-budget,4864,hot-cold,1.25,0.375,20,0.8228306958848897,0.8252246305607208,17.716930411511033,0.979513764518566,2.0486235481433965,1.0,1.0,11.0,2.2,0.9898848684210526,0.9827038499999998,6.129747500000001
N-ordering-CV-budget,4864,hot-cold,1.25,0.5,20,0.8196541961827813,0.8205920733527353,18.034580381721867,0.974787022199717,2.5212977800283127,1.0,1.0,14.05,2.6,0.9836008230452675,1.3017366999999997,8.335639500000001
N-ordering-CV-budget,4864,hot-cold,1.25,0.625,20,0.8110514457020381,0.8116481517256189,18.894855429796184,0.9655790912376798,3.442090876232008,1.0,1.0,16.8,2.3,0.9779150197628459,1.7061014,10.086758049999998
N-ordering-CV-budget,4864,hot-cold,1.25,0.75,20,0.8026066218485118,0.8032707123372358,19.739337815148815,0.9576514095945063,4.234859040549373,1.0,1.0,19.1,1.75,0.9692160087719298,2.08805195,11.924873750000001
N-ordering-CV-budget,4864,hot-cold,1.25,0.875,20,0.8006374146275765,0.7888239792292979,19.93625853724235,0.951042711330431,4.895728866956904,1.0,1.0,21.2,1.65,0.9617771509167842,2.4346432499999997,13.824048199999998
N-ordering-CV-budget,4864,hot-cold,1.44,0.125,20,0.8655843603604817,0.860130182548366,13.441563963951817,0.986679328882666,1.332067111733419,1.0,0.65,5.45,2.65,1.0175742574257427,0.39024384999999995,3.4740363000000003
N-ordering-CV-budget,4864,hot-cold,1.44,0.25,20,0.8132854549735186,0.8165409888612795,18.671454502648135,0.9858013889778988,1.4198611022101326,1.0,0.7,9.25,2.4,1.0023102310231027,0.7524238,5.09307765
N-ordering-CV-budget,4864,hot-cold,1.44,0.375,20,0.7986814644159383,0.789462981869951,20.13185355840616,0.9705186731827246,2.948132681727564,1.0,1.0,12.45,2.05,0.9915021929824561,1.0144886999999998,6.24577965
N-ordering-CV-budget,4864,hot-cold,1.44,0.5,20,0.7880703145602543,0.7921673676552039,21.192968543974565,0.9619819864115753,3.8018013588424866,1.0,1.0,16.35,2.4,0.9811111111111112,1.3532028500000002,8.378564800000001
N-ordering-CV-budget,4864,hot-cold,1.44,0.625,20,0.782666885428858,0.7785939067072014,21.733311457114198,0.955963185842825,4.403681415717489,1.0,1.0,19.1,1.95,0.9737812911725955,1.7775005500000003,10.44635885
N-ordering-CV-budget,4864,hot-cold,1.44,0.75,20,0.7770724338667454,0.7725731139939145,22.292756613325466,0.9478198824166689,5.218011758333111,1.0,1.0,22.3,2.1,0.9632127192982454,2.10220725,11.98711055
N-ordering-CV-budget,4864,hot-cold,1.44,0.875,20,0.7721010545315661,0.7657754300289656,22.78989454684338,0.935482812215246,6.451718778475413,1.0,1.0,24.3,1.45,0.9535260930888574,2.4486403,14.039892849999998
N-ordering-CV-budget,4864,hot-cold,2.48,0.125,20,0.8335486374514239,0.8270454934884619,16.645136254857622,0.9819690141895434,1.8030985810456663,1.0,0.8,6.45,2.65,1.0344059405940593,0.3983421,3.5244422500000008
N-ordering-CV-budget,4864,hot-cold,2.48,0.25,20,0.781754044345389,0.772835229248974,21.824595565461113,0.968333934785355,3.16660652146448,1.0,0.9,11.65,3.05,1.0046617161716171,0.710763,5.27353135
N-ordering-CV-budget,4864,hot-cold,2.48,0.375,20,0.7629317176804025,0.755645197430902,23.706828231959758,0.9483943767836841,5.160562321631613,1.0,1.0,15.95,2.9,0.9896381578947369,1.0467165500000002,6.538504950000001
N-ordering-CV-budget,4864,hot-cold,2.48,0.5,20,0.7406806750717029,0.7277888368834624,25.931932492829713,0.9319260613104301,6.80739386895697,1.0,1.0,19.9,2.3,0.9691769547325103,1.4061542999999999,8.6884794
N-ordering-CV-budget,4864,hot-cold,2.48,0.625,20,0.7302553796017988,0.7195684182178252,26.97446203982013,0.9171280183473115,8.287198165268851,1.0,1.0,23.6,1.95,0.9544137022397893,1.82493435,10.716020250000003
N-ordering-CV-budget,4864,hot-cold,2.48,0.75,20,0.7219066735972612,0.7153366143485379,27.809332640273873,0.9016494883116524,9.83505116883477,1.0,1.0,27.1,1.85,0.9384594298245614,2.2542130000000005,12.426547900000001
N-ordering-CV-budget,4864,hot-cold,2.48,0.875,20,0.7071884034973841,0.7055358406678728,29.28115965026158,0.8837671694700557,11.623283052994424,1.0,1.0,30.6,1.4,0.9197696285848613,2.6504416,14.583184
N-ordering-CV-budget,4864,hot-cold,3.3,0.125,20,0.8357012395937005,0.8421398751840312,16.42987604062993,0.9630249993296788,3.697500067032105,1.0,1.0,7.25,3.55,1.021039603960396,0.40175584999999997,3.572956799999999
N-ordering-CV-budget,4864,hot-cold,3.3,0.25,20,0.7587409790317904,0.7552482138960686,24.12590209682096,0.9487580440872503,5.124195591274973,1.0,0.95,12.5,2.7,1.0087871287128711,0.71599885,5.3829306
N-ordering-CV-budget,4864,hot-cold,3.3,0.375,20,0.7385734210018609,0.7376650270629437,26.142657899813912,0.9360859934984769,6.391400650152326,1.0,1.0,17.2,2.55,0.9861567982456142,1.0561922,6.59763395
N-ordering-CV-budget,4864,hot-cold,3.3,0.5,20,0.7238330111704686,0.7221404360289769,27.61669888295314,0.9174005821764769,8.259941782352298,1.0,1.0,21.4,2.25,0.9660288065843623,1.3786017000000002,8.772825649999998
N-ordering-CV-budget,4864,hot-cold,3.3,0.625,20,0.7028305938020887,0.7023873911865265,29.71694061979113,0.9003239536129698,9.967604638703028,1.0,1.0,25.9,1.45,0.9485177865612648,1.89358285,10.797175
N-ordering-CV-budget,4864,hot-cold,3.3,0.75,20,0.6903319945748205,0.6699090685167959,30.966800542517944,0.8779224377732533,12.207756222674679,1.0,1.0,30.15,1.65,0.9230948464912281,2.3273431999999996,12.51535695
N-ordering-CV-budget,4864,hot-cold,3.3,0.875,20,0.6747189193953333,0.6629985666579241,32.52810806046666,0.8524175065249858,14.758249347501433,1.0,1.0,32.85,1.15,0.8928185237423601,2.7701967,14.699074450000001
N-ordering-CV-budget,4864,hot-cold,4.55,0.125,20,0.8161974341296064,0.8128153820646232,18.380256587039348,0.9540551382433746,4.5944861756625475,1.0,0.9,8.15,3.5,1.0494224422442247,0.38719380000000003,3.5171827
N-ordering-CV-budget,4864,hot-cold,4.55,0.25,20,0.7570984202903516,0.7496024753676909,24.29015797096486,0.9442195127276316,5.578048727236847,1.0,0.95,13.35,3.05,1.017079207920792,0.7391274499999999,5.26590915
N-ordering-CV-budget,4864,hot-cold,4.55,0.375,20,0.7264147524430438,0.7267855695738643,27.35852475569564,0.923026529875554,7.697347012444586,1.0,1.0,18.05,2.6,0.9836896929824563,1.0647196499999998,6.5953011
N-ordering-CV-budget,4864,hot-cold,4.55,0.5,20,0.7048283422853279,0.7010592771189701,29.517165771467212,0.8993534484950201,10.064655150497988,1.0,1.0,23.3,2.35,0.9631481481481481,1.41748,9.034662100000002
N-ordering-CV-budget,4864,hot-cold,4.55,0.625,20,0.6888300361622325,0.6776073866528374,31.116996383776733,0.8823828047859648,11.76171952140351,1.0,1.0,27.35,1.75,0.939262187088274,1.8352163000000001,10.96033685
N-ordering-CV-budget,4864,hot-cold,4.55,0.75,20,0.667783760015742,0.6690444963923659,33.22162399842581,0.8498798325315942,15.012016746840576,1.0,1.0,30.95,1.5,0.9010690789473683,2.3717691000000003,12.886273249999999
N-ordering-CV-budget,4864,hot-cold,4.55,0.875,20,0.6368839366719851,0.6421522064057813,36.31160633280148,0.8124147835910834,18.758521640891665,1.0,1.0,35.9,1.35,0.8615303244005641,3.0271807,15.3684417
N-ordering-CV-budget,4864,local,1.07,0.125,20,0.9774390063135765,1.0,2.2560993686423463,0.9929342468185697,0.7065753181430339,0.45,0.35,9.35,8.8,1.0022277227722773,0.33218875,3.41596885
N-ordering-CV-budget,4864,local,1.07,0.25,20,0.9486176163623334,0.9557595572999942,5.138238363766672,0.9849959221137847,1.5004077886215212,0.95,0.85,17.65,15.2,1.0054042904290428,0.668191,5.118984150000001
N-ordering-CV-budget,4864,local,1.07,0.375,20,0.9097580130080534,0.9042947213177988,9.024198699194686,0.9734384266625051,2.6561573337494684,1.0,0.95,24.9,18.55,1.0098958333333334,1.0186324,6.973439600000001
N-ordering-CV-budget,4864,local,1.07,0.5,20,0.8711854928726618,0.8671680809828642,12.881450712733818,0.9719445982310386,2.8055401768961215,1.0,1.0,30.75,18.8,1.0184567901234567,1.44387335,9.3477958
N-ordering-CV-budget,4864,local,1.07,0.625,20,0.8244436793490143,0.8203739721239969,17.555632065098553,0.9603449470701543,3.9655052929845667,1.0,1.0,35.85,16.1,1.0232707509881422,1.9218818499999997,11.85896215
N-ordering-CV-budget,4864,local,1.07,0.75,20,0.7814912633356849,0.7700810225318608,21.85087366643152,0.954433724287318,4.556627571268205,1.0,1.0,38.8,10.9,1.0199013157894739,2.28201435,13.499517899999997
N-ordering-CV-budget,4864,local,1.07,0.875,20,0.7377448411555904,0.7279862566068738,26.225515884440973,0.9460999981427758,5.3900001857223945,1.0,1.0,41.1,3.95,1.0157498824635636,2.5098414,15.2705309
N-ordering-CV-budget,4864,local,1.25,0.125,20,0.9728126493338658,0.9895413057351734,2.718735066613417,0.9846279438755587,1.5372056124441313,0.5,0.5,10.2,9.5,1.0042904290429044,0.34156400000000003,3.423908349999999
N-ordering-CV-budget,4864,local,1.25,0.25,20,0.9545497560536729,0.9547423307237456,4.545024394632713,0.98658683768142,1.3413162318579985,0.85,0.65,17.75,15.45,1.009529702970297,0.6517690499999998,4.9608618
N-ordering-CV-budget,4864,local,1.25,0.375,20,0.9188959504857452,0.9171312414175898,8.110404951425476,0.9756516799795862,2.4348320020413654,1.0,0.9,25.2,19.3,1.0137883771929823,1.0221781499999998,6.87047785
N-ordering-CV-budget,4864,local,1.25,0.5,20,0.8822724140670941,0.8805909155401634,11.772758593290574,0.9706888954771736,2.931110452282635,1.0,0.95,31.0,19.75,1.0226954732510287,1.4146736,9.4320333
N-ordering-CV-budget,4864,local,1.25,0.625,20,0.8345888385435588,0.8401142854567567,16.54111614564413,0.9612486650939533,3.8751334906046564,1.0,1.0,35.7,16.7,1.0281126482213438,1.8959188000000005,11.9857286
N-ordering-CV-budget,4864,local,1.25,0.75,20,0.7896173365491377,0.793428124483416,21.03826634508622,0.9577621943720882,4.22378056279117,1.0,0.95,38.5,10.8,1.0305372807017543,2.2635002,13.686819600000002
N-ordering-CV-budget,4864,local,1.25,0.875,20,0.7508514835852933,0.7530206746491628,24.914851641470662,0.9573130628863471,4.2686937113652865,1.0,0.95,40.45,3.95,1.029301833568406,2.4658787,15.294608700000003
N-ordering-CV-budget,4864,local,1.44,0.125,20,0.9690400989041839,0.9627566233888818,3.0959901095815976,0.9855816672571874,1.4418332742812523,0.65,0.5,10.85,10.1,0.9990924092409239,0.3464967,3.3876874500000005
N-ordering-CV-budget,4864,local,1.44,0.25,20,0.9500459745720716,0.9484006088699228,4.995402542792839,0.9819751324594742,1.8024867540525746,0.95,0.85,19.2,16.7,1.0070544554455447,0.6683172500000001,5.259834
N-ordering-CV-budget,4864,local,1.44,0.375,20,0.9120401381657874,0.9120344116449026,8.79598618342126,0.9670527463439195,3.2947253656080497,1.0,1.0,26.5,20.2,1.009813596491228,1.0675369999999997,7.250920150000001
N-ordering-CV-budget,4864,local,1.44,0.5,20,0.8733240733005061,0.871663711229469,12.667592669949405,0.9617345866358672,3.8265413364132668,1.0,1.0,31.65,19.55,1.022530864197531,1.4409482,9.9032804
N-ordering-CV-budget,4864,local,1.44,0.625,20,0.8225845147501161,0.8230280562094755,17.741548524988396,0.9504644072084091,4.953559279159092,1.0,1.0,36.8,16.25,1.0299077733860345,1.9741444000000006,12.28866065
N-ordering-CV-budget,4864,local,1.44,0.75,20,0.7782501582441193,0.7745530381432955,22.174984175588072,0.9453867332683569,5.461326673164319,1.0,1.0,39.75,10.75,1.0266310307017545,2.3828248499999996,14.06573385
N-ordering-CV-budget,4864,local,1.44,0.875,20,0.7449806360678225,0.7397457651154701,25.50193639321775,0.9507586473740133,4.924135262598664,1.0,0.9,41.0,3.8,1.0269511048425013,2.4442687,15.583898100000003
N-ordering-CV-budget,4864,local,2.48,0.125,20,0.9684071299633077,0.9712502951922002,3.1592870036692347,0.9826081161131809,1.739188388681923,0.6,0.5,12.2,11.25,1.0099834983498353,0.35733735,3.862375699999999
N-ordering-CV-budget,4864,local,2.48,0.25,20,0.9313132294598233,0.9316635096466747,6.868677054017674,0.9614894197553951,3.8510580244604844,0.95,0.95,21.35,17.85,1.0058993399339933,0.7244816000000001,6.015104999999999
N-ordering-CV-budget,4864,local,2.48,0.375,20,0.8997027858250419,0.8992263995802032,10.029721417495804,0.9493588246908764,5.064117530912363,1.0,1.0,28.45,21.1,1.0097587719298244,1.06653155,7.7875501
N-ordering-CV-budget,4864,local,2.48,0.5,20,0.8498464720059948,0.8478518438404954,15.015352799400532,0.9356882356876431,6.431176431235707,1.0,1.0,34.95,20.15,1.025946502057613,1.4977185,10.48557095
N-ordering-CV-budget,4864,local,2.48,0.625,20,0.797923854585026,0.7978907230886568,20.2076145414974,0.9243671087247473,7.563289127525275,1.0,1.0,39.95,15.85,1.0338274044795785,1.9486061499999998,12.7450407
N-ordering-CV-budget,4864,local,2.48,0.75,20,0.7611962011525628,0.7599003686485303,23.880379884743725,0.9266097858482798,7.339021415172001,1.0,1.0,42.65,10.15,1.034580592105263,2.2711324999999993,14.248313550000002
N-ordering-CV-budget,4864,local,2.48,0.875,20,0.7380726341480749,0.7363703017932205,26.192736585192524,0.9404515307539792,5.954846924602076,1.0,0.95,43.2,3.5,1.0366243535496005,2.4491483,15.868787350000002
N-ordering-CV-budget,4864,local,3.3,0.125,20,0.9607815731565023,0.9539249612869716,3.9218426843497776,0.9675531808758979,3.2446819124102206,0.7,0.7,13.25,12.25,0.996122112211221,0.3454702,3.8327628
N-ordering-CV-budget,4864,local,3.3,0.25,20,0.9232813131889985,0.9298200964720571,7.671868681100145,0.9541340166497025,4.586598335029732,1.0,1.0,22.75,18.65,1.009818481848185,0.72843,6.024805649999999
N-ordering-CV-budget,4864,local,3.3,0.375,20,0.8761172020097832,0.8737213499299209,12.388279799021689,0.9304903514801234,6.950964851987672,1.0,1.0,30.6,21.2,1.013870614035088,1.0985649,8.00256495
N-ordering-CV-budget,4864,local,3.3,0.5,20,0.8357026004980413,0.8326350315232277,16.42973995019586,0.9164099621851165,8.359003781488374,1.0,1.0,37.5,20.65,1.0329012345679014,1.49047895,10.61315975
N-ordering-CV-budget,4864,local,3.3,0.625,20,0.7884055643667517,0.7840236029897208,21.159443563324828,0.9093347445546497,9.066525544535034,1.0,1.0,41.5,16.25,1.031455862977602,2.0423389999999997,13.09271675
N-ordering-CV-budget,4864,local,3.3,0.75,20,0.7476329202325205,0.7489875077819074,25.236707976747944,0.9067838000887083,9.321619991129168,1.0,1.0,44.75,10.75,1.026672149122807,2.4620799499999992,14.569426149999998
N-ordering-CV-budget,4864,local,3.3,0.875,20,0.7229034005961508,0.7205688010231941,27.70965994038491,0.9205571864967693,7.944281350323061,1.0,1.0,45.4,3.8,1.0284320639398215,2.4998721500000003,15.83850545
N-ordering-CV-budget,4864,local,4.55,0.125,20,0.9480159647519241,0.9543376835066476,5.19840352480759,0.9673753238450926,3.2624676154907477,0.9,0.85,13.95,12.35,1.011056105610561,0.37018995,4.12188675
N-ordering-CV-budget,4864,local,4.55,0.25,20,0.9042549329910413,0.900642782438158,9.57450670089588,0.9390441379528095,6.095586204719043,1.0,1.0,23.9,18.75,1.0099422442244226,0.7423124,6.2339696
N-ordering-CV-budget,4864,local,4.55,0.375,20,0.8664373322952216,0.8577007939458099,13.356266770477845,0.9221483136170863,7.785168638291365,1.0,1.0,32.05,21.15,1.0286184210526317,1.1247232999999999,8.7945913
N-ordering-CV-budget,4864,local,4.55,0.5,20,0.8165712370648031,0.8192904073753028,18.342876293519666,0.9048609971071425,9.513900289285747,1.0,1.0,38.45,19.7,1.0318518518518518,1.5178981,11.08574115
N-ordering-CV-budget,4864,local,4.55,0.625,20,0.7739819873812657,0.7799028009819218,22.601801261873426,0.8940392697548643,10.596073024513583,1.0,1.0,42.5,15.5,1.0291666666666668,2.03492605,13.250629649999999
N-ordering-CV-budget,4864,local,4.55,0.75,20,0.7389838927419212,0.7347458538756751,26.101610725807888,0.8923469050408107,10.765309495918938,1.0,1.0,44.55,10.05,1.0182291666666667,2.3570327,14.508035000000001
N-ordering-CV-budget,4864,local,4.55,0.875,20,0.713981795533843,0.7095637563717652,28.601820446615704,0.9058917639302368,9.410823606976301,1.0,0.95,45.95,3.7,1.0196638457921958,2.4537464,15.7630963
N-ordering-CV-budget,4864,random,1.07,0.125,20,0.9953882501199501,1.0,0.4611749880049915,0.999535148644419,0.04648513555809641,0.1,0.05,6.4,6.3,1.0005775577557756,0.3109593,2.90504405
N-ordering-CV-budget,4864,random,1.07,0.25,20,0.9849097960872013,1.0,1.5090203912798628,1.0023421583715555,-0.23421583715553088,0.45,0.15,11.5,10.9,1.0008663366336634,0.6014438,3.17798115
N-ordering-CV-budget,4864,random,1.07,0.375,20,0.9634608269190356,0.9621009444128252,3.6539173080964593,1.002755637475722,-0.2755637475722461,0.85,0.25,16.4,14.3,1.0003563596491225,0.9411917500000001,3.6962858999999995
N-ordering-CV-budget,4864,random,1.07,0.5,20,0.9332663881095605,0.9326615993883696,6.673361189043928,1.0069078133032057,-0.6907813303205974,1.0,0.15,21.3,15.85,1.0076954732510286,1.2775674000000001,5.330496
N-ordering-CV-budget,4864,random,1.07,0.625,20,0.9015129551771807,0.9001079041160079,9.84870448228193,1.0090423865844997,-0.9042386584499585,1.0,0.15,26.05,15.8,1.0151844532279315,1.6459595500000002,7.5474715
N-ordering-CV-budget,4864,random,1.07,0.75,20,0.8527285948816239,0.852501479003708,14.727140511837609,1.0083799596124001,-0.8379959612399956,1.0,0.15,30.3,11.85,1.0249588815789472,2.0595456499999996,10.08589945
N-ordering-CV-budget,4864,random,1.07,0.875,20,0.8003758382212259,0.8002000545754628,19.962416177877394,1.0033463670433629,-0.33463670433625414,1.0,0.4,32.05,4.0,1.0290197461212975,2.4048099499999998,13.428214149999999
N-ordering-CV-budget,4864,random,1.25,0.125,20,0.9974497618853675,1.0,0.25502381146324027,0.999714637613566,0.028536238643400158,0.05,0.05,6.9,6.85,0.9998349834983499,0.30962074999999994,2.85423195
N-ordering-CV-budget,4864,random,1.25,0.25,20,0.9754713453239565,0.9711577586993385,2.452865467604343,0.9989777570843618,0.10222429156381607,0.6,0.25,12.25,11.3,0.9993811881188119,0.617389,3.3008110999999998
N-ordering-CV-budget,4864,random,1.25,0.375,20,0.9555070947689852,0.9605786458636895,4.4492905231014905,1.0002522397742908,-0.025223977429076894,1.0,0.5,17.65,15.05,1.0000548245614038,1.01208575,4.1692891
N-ordering-CV-budget,4864,random,1.25,0.5,20,0.9304330800000816,0.9344813114641466,6.956691999991835,1.0015214978089888,-0.15214978089887976,1.0,0.5,22.9,17.1,1.008024691358025,1.3542122,6.006357200000001
N-ordering-CV-budget,4864,random,1.25,0.625,20,0.8921811825832526,0.894427267249007,10.781881741674736,1.0052669874854245,-0.5266987485424524,1.0,0.3,27.75,15.95,1.0223649538866932,1.6910254999999998,7.982859299999999
N-ordering-CV-budget,4864,random,1.25,0.75,20,0.843246720083443,0.8368272567398408,15.675327991655703,1.0040589748801516,-0.40589748801513786,1.0,0.25,32.3,11.95,1.0311677631578946,2.21560035,10.897986249999999
N-ordering-CV-budget,4864,random,1.25,0.875,20,0.7848178565500115,0.7803931435694781,21.51821434499886,0.9988505479651171,0.11494520348831913,1.0,0.55,34.65,3.55,1.0342266102491773,2.50393455,13.909569249999999
N-ordering-CV-budget,4864,random,1.44,0.125,20,0.9954918316082109,1.0,0.45081683917890636,0.9993444921839503,0.06555078160498495,0.1,0.05,7.25,7.15,1.0004125412541254,0.32206395,2.8644059500000005
N-ordering-CV-budget,4864,random,1.44,0.25,20,0.9837644952401245,1.0,1.6235504759875503,1.0000468855047384,-0.0046885504738386485,0.45,0.2,12.75,12.1,0.9999587458745873,0.6237998499999999,3.55370675
N-ordering-CV-budget,4864,random,1.44,0.375,20,0.9657407382783036,0.971863665991465,3.4259261721696292,1.0013530094994234,-0.13530094994235242,0.95,0.45,18.3,16.25,1.000685307017544,0.9514900500000001,4.40634015
N-ordering-CV-budget,4864,random,1.44,0.5,20,0.9269730845201906,0.9285286793397891,7.302691547980932,1.0029338289539438,-0.29338289539438733,1.0,0.4,23.8,17.5,1.0112551440329218,1.3233745999999997,6.492082999999999
N-ordering-CV-budget,4864,random,1.44,0.625,20,0.8914617513759306,0.8948909393653199,10.85382486240694,1.0042152470653742,-0.4215247065374322,1.0,0.4,29.0,16.8,1.0252140974967063,1.7429701999999998,8.45193775
N-ordering-CV-budget,4864,random,1.44,0.75,20,0.837081886135357,0.8330849240106297,16.2918113864643,1.006102862569845,-0.6102862569844708,1.0,0.3,33.55,11.8,1.0371984649122807,2.1946636000000006,11.47182595
N-ordering-CV-budget,4864,random,1.44,0.875,20,0.7835800726795378,0.7774834012056566,21.641992732046223,0.9992278480169692,0.07721519830310053,1.0,0.6,35.15,3.35,1.0385754583921014,2.47202605,14.24892055
N-ordering-CV-budget,4864,random,2.48,0.125,20,0.9901551965844592,1.0,0.9844803415540904,0.9935489759542258,0.6451024045774317,0.2,0.2,9.55,9.35,0.9976897689768978,0.33554505,3.19730065
N-ordering-CV-budget,4864,random,2.48,0.25,20,0.9704069871831272,0.9668830214101833,2.959301281687273,0.990352024617901,0.9647975382099029,0.75,0.75,16.3,15.15,0.9948432343234324,0.6598672999999999,4.068005
N-ordering-CV-budget,4864,random,2.48,0.375,20,0.9395782920323732,0.9354727902574036,6.042170796762669,0.986940940406952,1.3059059593047988,1.0,0.85,23.0,18.95,1.0049890350877193,1.02999375,5.4015217
N-ordering-CV-budget,4864,random,2.48,0.5,20,0.9009786302398904,0.9008527670621987,9.902136976010976,0.9863413842603201,1.3658615739679862,1.0,0.9,29.6,19.75,1.0288888888888887,1.3774182499999998,7.7603447
N-ordering-CV-budget,4864,random,2.48,0.625,20,0.8550369544262317,0.8535583968035123,14.49630455737682,0.9865717671163825,1.3428232883617315,1.0,0.85,35.9,17.8,1.045602766798419,1.9154156999999998,10.5436746
N-ordering-CV-budget,4864,random,2.48,0.75,20,0.7943716089821236,0.790505181579745,20.562839101787635,0.9825781137674845,1.7421886232515569,1.0,0.85,40.8,11.05,1.056921600877193,2.3024916999999996,12.936115849999998
N-ordering-CV-budget,4864,random,2.48,0.875,20,0.7339832185560622,0.7335860794428662,26.601678144393787,0.9744584340453795,2.554156595462059,1.0,0.95,44.95,2.35,1.057099200752233,2.48994195,15.1903256
N-ordering-CV-budget,4864,random,3.3,0.125,20,0.9932146746300182,1.0,0.6785325369981754,0.9961153829486868,0.3884617051313216,0.15,0.15,11.0,10.85,0.9985148514851485,0.33546515000000005,3.26949975
N-ordering-CV-budget,4864,random,3.3,0.25,20,0.9625284446000153,0.9622423505258244,3.7471555399984764,0.9820430907259816,1.7956909274018567,0.85,0.85,18.2,16.85,0.9875,0.6760447500000001,4.529034
N-ordering-CV-budget,4864,random,3.3,0.375,20,0.9305186581639704,0.9306597453367508,6.948134183602957,0.9783853348000464,2.1614665199953587,1.0,0.95,25.25,20.15,1.012938596491228,1.0686755,5.90084055
N-ordering-CV-budget,4864,random,3.3,0.5,20,0.8897493875345992,0.8906904974281515,11.025061246540092,0.9774806616345323,2.251933836546769,1.0,0.95,32.35,20.3,1.0463580246913582,1.4406425,8.7279254
N-ordering-CV-budget,4864,random,3.3,0.625,20,0.8372137193287978,0.836521503444493,16.278628067120216,0.9790228414172886,2.0977158582711413,1.0,0.95,38.6,16.8,1.0666831357048747,1.9729509,11.32038705
N-ordering-CV-budget,4864,random,3.3,0.75,20,0.774965786885833,0.7795622129083897,22.5034213114167,0.9779330937079358,2.2066906292064448,1.0,0.9,44.0,9.35,1.0794407894736842,2.34483195,13.386683450000001
N-ordering-CV-budget,4864,random,3.3,0.875,20,0.7272748548729813,0.7279560978408655,27.272514512701882,0.9691526302838065,3.0847369716193405,1.0,0.95,47.05,1.8,1.069358251057828,2.394308400000001,15.102934550000004
N-ordering-CV-budget,4864,random,4.55,0.125,20,0.9715503973998374,0.9624966460966335,2.8449602600162565,0.9754154120382177,2.45845879617822,0.55,0.55,12.25,11.65,0.9894389438943895,0.3514569,3.480988
N-ordering-CV-budget,4864,random,4.55,0.25,20,0.938887381753348,0.9365548688947247,6.111261824665208,0.9675506646839814,3.2449335316018733,1.0,1.0,20.05,17.4,0.9916254125412541,0.7292867500000001,4.7358251000000005
N-ordering-CV-budget,4864,random,4.55,0.375,20,0.9167592668075024,0.9175192514120666,8.324073319249763,0.9623361618371034,3.7663838162896743,1.0,1.0,27.05,20.8,1.0145559210526316,1.0946635,6.25562495
N-ordering-CV-budget,4864,random,4.55,0.5,20,0.8812881307756856,0.8856711326388214,11.871186922431438,0.9688952977209173,3.1104702279082685,1.0,0.95,34.0,21.0,1.0465843621399178,1.4495905000000002,9.088223950000001
N-ordering-CV-budget,4864,random,4.55,0.625,20,0.8242945220189648,0.8209482975034088,17.570547798103505,0.9672650101823127,3.2734989817687308,1.0,0.95,41.0,17.05,1.0717061923583662,1.9520846500000002,11.5937326
N-ordering-CV-budget,4864,random,4.55,0.75,20,0.7655258331876285,0.7635569610889581,23.447416681237158,0.9677529302952312,3.2247069704768805,1.0,0.85,46.3,9.4,1.0856222587719295,2.3241682000000004,13.59265595
N-ordering-CV-budget,4864,random,4.55,0.875,20,0.7215996889916703,0.7250618075117583,27.84003110083297,0.9655402281842266,3.445977181577343,1.0,1.0,49.7,1.5,1.0839562764456983,2.3848426499999995,15.2522005
N-ordering-CV-budget,8960,hot-cold,1.07,0.125,20,0.8710909393665535,0.8756992730155061,12.89090606334467,1.0062389354059846,-0.6238935405984791,1.0,0.25,14.95,7.0,1.0114732142857146,0.67875155,4.931147849999999
N-ordering-CV-budget,8960,hot-cold,1.07,0.25,20,0.8448246148484335,0.8439206135739057,15.517538515156653,0.9981162459434956,0.18837540565045385,1.0,0.65,24.4,7.15,1.0020982142857142,1.27297395,8.311126799999997
N-ordering-CV-budget,8960,hot-cold,1.07,0.375,20,0.8450886549315626,0.8417049966815315,15.491134506843746,0.9913490602001662,0.8650939799833886,1.0,0.95,30.25,6.4,0.9941666666666666,1.91039085,12.3581106
N-ordering-CV-budget,8960,hot-cold,1.07,0.5,20,0.8468763815766905,0.8477475247851765,15.312361842330947,0.9857174450481463,1.4282554951853785,1.0,1.0,35.55,6.0,0.9878571428571428,2.519298,15.655823799999999
N-ordering-CV-budget,8960,hot-cold,1.07,0.625,20,0.8600114991234313,0.8588637988129475,13.998850087656871,0.9844363907480563,1.556360925194364,1.0,1.0,37.6,5.45,0.9856875,3.00784445,18.93042225
N-ordering-CV-budget,8960,hot-cold,1.07,0.75,20,0.8704956228821837,0.8687658288667026,12.950437711781628,0.9844507640123098,1.554923598769015,1.0,1.0,40.0,5.15,0.9860714285714286,3.6807072499999998,23.300948599999998
N-ordering-CV-budget,8960,hot-cold,1.07,0.875,20,0.8764239460886959,0.8792090145228555,12.357605391130422,0.9817622238995511,1.8237776100448997,1.0,1.0,41.4,4.2,0.9834821428571429,4.108948249999999,26.841686650000003
N-ordering-CV-budget,8960,hot-cold,1.25,0.125,20,0.8732122812699881,0.8685704679140824,12.678771873001192,1.003935363633579,-0.3935363633579142,1.0,0.4,15.45,7.55,1.0120089285714287,0.6674244999999999,4.8683346499999995
N-ordering-CV-budget,8960,hot-cold,1.25,0.25,20,0.8362456220166357,0.831423741037171,16.375437798336453,0.9985562919867036,0.14437080132964186,1.0,0.45,24.35,5.65,1.0079464285714284,1.2846161999999999,8.71065445
N-ordering-CV-budget,8960,hot-cold,1.25,0.375,20,0.8347835513929155,0.8317157095678122,16.521644860708456,0.9900045452864811,0.9995454713518829,1.0,0.85,32.45,6.5,0.9947916666666666,1.9639393000000003,12.2446582
N-ordering-CV-budget,8960,hot-cold,1.25,0.5,20,0.8407832350652145,0.8433164255709212,15.921676493478568,0.9851021472299344,1.4897852770065767,1.0,1.0,36.8,5.8,0.9876785714285712,2.5023918000000003,15.71682195
N-ordering-CV-budget,8960,hot-cold,1.25,0.625,20,0.8485132756558068,0.848912843808862,15.148672434419325,0.9804752693399618,1.952473066003828,1.0,1.0,39.9,4.65,0.9850982142857143,3.07885695,19.53454095
N-ordering-CV-budget,8960,hot-cold,1.25,0.75,20,0.8615978240982466,0.8638685489635144,13.840217590175346,0.9807838117521912,1.921618824780868,1.0,1.0,41.55,4.25,0.9844791666666668,3.4167454500000005,22.736649049999997
N-ordering-CV-budget,8960,hot-cold,1.25,0.875,20,0.8711453345259349,0.8679042675132852,12.885466547406528,0.9804185297676178,1.9581470232382299,1.0,1.0,43.2,3.8,0.9841198979591838,3.8867205999999994,26.554488350000003
N-ordering-CV-budget,8960,hot-cold,1.44,0.125,20,0.8880130497422221,0.8796800055072235,11.1986950257778,1.005776549873374,-0.577654987337396,1.0,0.3,15.7,8.65,1.011919642857143,0.8025836500000001,5.565814700000001
N-ordering-CV-budget,8960,hot-cold,1.44,0.25,20,0.8458796626922267,0.8462492057898179,15.412033730777335,0.9973353275012029,0.26646724987970605,1.0,0.55,24.95,7.15,1.008660714285714,1.2790757999999998,8.696309150000001
N-ordering-CV-budget,8960,hot-cold,1.44,0.375,20,0.8414949725030269,0.8430198240318301,15.850502749697316,0.9875791256684792,1.2420874331520966,1.0,0.95,31.0,6.4,0.994732142857143,2.0148792999999996,12.919109350000003
N-ordering-CV-budget,8960,hot-cold,1.44,0.5,20,0.8507575929800135,0.8537232245444071,14.924240701998647,0.9855557049259451,1.4444295074054947,1.0,1.0,35.4,6.2,0.9904129464285714,2.5502012499999998,16.284981350000002
N-ordering-CV-budget,8960,hot-cold,1.44,0.625,20,0.8536333556025635,0.8533714240450229,14.636664439743651,0.9813890114292805,1.8610988570719713,1.0,1.0,39.35,5.35,0.9855178571428572,3.2344841000000004,20.3029803
N-ordering-CV-budget,8960,hot-cold,1.44,0.75,20,0.8654789682356292,0.8659796892270086,13.452103176437081,0.9820995861254709,1.7900413874529177,1.0,1.0,41.2,4.85,0.9854836309523808,3.6798727000000007,23.7721899
N-ordering-CV-budget,8960,hot-cold,1.44,0.875,20,0.8796406515028551,0.8797944747034154,12.035934849714502,0.9829669681683597,1.7033031831640169,1.0,1.0,41.25,4.15,0.9868686224489795,4.2880769999999995,27.620684800000003
N-ordering-CV-budget,8960,hot-cold,2.48,0.125,20,0.8526287766828664,0.8477641196551763,14.737122331713346,0.9950839267255251,0.49160732744750585,1.0,0.5,19.25,8.85,1.02875,0.6952815500000001,5.742670650000001
N-ordering-CV-budget,8960,hot-cold,2.48,0.25,20,0.8239824852912336,0.8223587952548379,17.601751470876625,0.9938805278133911,0.6119472186609043,1.0,0.75,29.25,7.7,1.0154241071428571,1.38098425,9.4434131
N-ordering-CV-budget,8960,hot-cold,2.48,0.375,20,0.8342396306918742,0.8329060861007103,16.57603693081258,0.9810949885540297,1.8905011445970206,1.0,0.95,34.8,8.2,0.9963690476190477,2.0167637000000003,13.23719375
N-ordering-CV-budget,8960,hot-cold,2.48,0.5,20,0.8391933925789214,0.8325578782034426,16.080660742107852,0.9811049553664022,1.8895044633597915,1.0,1.0,38.5,5.8,0.9940513392857142,2.62285815,17.232316299999997
N-ordering-CV-budget,8960,hot-cold,2.48,0.625,20,0.8588156407386756,0.8571669176794112,14.118435926132449,0.9821131700736924,1.788682992630747,1.0,1.0,40.15,6.25,0.9907142857142857,3.04512265,20.749598700000004
N-ordering-CV-budget,8960,hot-cold,2.48,0.75,20,0.8754793422435355,0.8743477855868202,12.452065775646457,0.9829045768408852,1.7095423159114922,1.0,1.0,40.55,5.9,0.9906026785714286,3.5250718000000005,24.265934350000002
N-ordering-CV-budget,8960,hot-cold,2.48,0.875,20,0.8933723830256441,0.8950484021713135,10.662761697435574,0.9866781979567673,1.3321802043232647,1.0,1.0,39.5,5.7,0.9921364795918368,3.9887404500000003,28.1856127
N-ordering-CV-budget,8960,hot-cold,3.3,0.125,20,0.840244411081368,0.8440949122963104,15.975558891863193,0.9914330569475878,0.8566943052412015,1.0,0.7,21.5,9.6,1.0377678571428572,0.71219465,5.735761900000001
N-ordering-CV-budget,8960,hot-cold,3.3,0.25,20,0.8173605639670944,0.8133299662271666,18.263943603290553,0.9914106711537665,0.858932884623339,1.0,0.75,31.85,8.15,1.0262946428571427,1.31021765,9.407948899999997
N-ordering-CV-budget,8960,hot-cold,3.3,0.375,20,0.8287536992710549,0.8297913890021695,17.124630072894526,0.983533909858543,1.6466090141456824,1.0,0.95,35.9,7.2,1.004404761904762,2.0475827000000004,13.46575875
N-ordering-CV-budget,8960,hot-cold,3.3,0.5,20,0.8422896946687531,0.842637146207428,15.771030533124687,0.9791211216845775,2.0878878315422478,1.0,1.0,38.55,6.6,0.993325892857143,2.5122262500000003,17.210932550000003
N-ordering-CV-budget,8960,hot-cold,3.3,0.625,20,0.8654460738895112,0.8630794893656601,13.45539261104889,0.9838375380807298,1.616246191927031,1.0,0.95,39.25,6.45,0.9937053571428571,2.9618265000000004,20.800575200000004
N-ordering-CV-budget,8960,hot-cold,3.3,0.75,20,0.8856588192870284,0.8887136599792818,11.434118071297146,0.9866347797235424,1.3365220276457461,1.0,1.0,39.45,6.8,0.9951339285714287,3.4507057499999996,24.443862799999998
N-ordering-CV-budget,8960,hot-cold,3.3,0.875,20,0.8984572329889808,0.8994573825380832,10.15427670110192,0.9881875260230327,1.1812473976967195,1.0,1.0,39.0,5.9,0.9957397959183675,4.01741905,28.306095
N-ordering-CV-budget,8960,hot-cold,4.55,0.125,20,0.843825139702213,0.847612107874548,15.617486029778693,0.9791524572250676,2.0847542774932526,1.0,0.85,22.85,10.65,1.0452232142857143,0.7301221499999999,6.010489349999999
N-ordering-CV-budget,8960,hot-cold,4.55,0.25,20,0.8147906099172376,0.8086780547776518,18.520939008276226,0.9848175643981822,1.5182435601817628,1.0,0.85,33.6,8.95,1.0302008928571431,1.2844695499999998,9.603514950000001
N-ordering-CV-budget,8960,hot-cold,4.55,0.375,20,0.8098044452307878,0.8049352530922929,19.019555476921223,0.9759885937478522,2.401140625214781,1.0,1.0,40.0,6.6,1.0105208333333335,1.9584942,13.639081850000002
N-ordering-CV-budget,8960,hot-cold,4.55,0.5,20,0.8333125528070738,0.8417131774987119,16.668744719292622,0.9750862394778373,2.4913760522162693,1.0,1.0,43.85,8.0,0.9998883928571429,2.5314194999999997,17.5075771
N-ordering-CV-budget,8960,hot-cold,4.55,0.625,20,0.8644976834982735,0.8607829235218075,13.550231650172638,0.9834849424794893,1.6515057520510623,1.0,1.0,42.85,8.0,1.0000892857142858,2.9179234999999997,21.27323705
N-ordering-CV-budget,8960,hot-cold,4.55,0.75,20,0.8820753509215681,0.8874261266169632,11.792464907843172,0.9856830769051695,1.4316923094830152,1.0,0.95,42.0,7.0,0.9988318452380953,3.3694625,24.53120175
N-ordering-CV-budget,8960,hot-cold,4.55,0.875,20,0.8939455920755173,0.8920447570048,10.605440792448267,0.9875084053387401,1.2491594661260075,1.0,0.95,42.2,6.3,0.9988839285714286,3.89415145,28.753001099999995
N-ordering-CV-budget,8960,local,1.07,0.125,20,0.9737877090967049,0.9757347636172062,2.621229090329526,0.9957380803703352,0.42619196296647227,0.8,0.55,26.35,24.55,0.9994196428571428,0.6935323499999999,5.433701050000001
N-ordering-CV-budget,8960,local,1.07,0.25,20,0.953076119167329,0.950273839921526,4.692388083267085,0.9951922516554781,0.4807748344521957,1.0,0.75,46.0,39.95,0.9985714285714286,1.1745243999999997,9.17243005
N-ordering-CV-budget,8960,local,1.07,0.375,20,0.9375974356073599,0.9399977400486916,6.240256439264007,0.9944953833080936,0.550461669190651,1.0,0.8,61.25,48.95,1.0036160714285716,1.8674414499999998,13.516801599999999
N-ordering-CV-budget,8960,local,1.07,0.5,20,0.9237413163718168,0.923444689136511,7.6258683628183235,0.9954235837871936,0.4576416212806361,1.0,0.75,68.6,48.85,1.00859375,2.5883904499999995,17.60174015
N-ordering-CV-budget,8960,local,1.07,0.625,20,0.9115832241371136,0.9129463856073045,8.841677586288638,0.9960068760934586,0.3993123906541385,1.0,0.65,70.6,43.35,1.0097678571428574,3.1911146,21.549637
N-ordering-CV-budget,8960,local,1.07,0.75,20,0.9086424603974098,0.9101683977168493,9.135753960259008,0.9991430458239778,0.08569541760221289,1.0,0.55,63.55,31.5,1.0109672619047618,3.7566216999999993,25.088538999999997
N-ordering-CV-budget,8960,local,1.07,0.875,20,0.9174139090684876,0.9199007145473088,8.258609093151225,1.0038764732053322,-0.3876473205332287,1.0,0.2,47.55,15.75,1.010529336734694,4.0137372,28.597522199999997
N-ordering-CV-budget,8960,local,1.25,0.125,20,0.9775254159945101,0.9761105219222859,2.247458400548988,0.9988850205871541,0.11149794128460233,0.85,0.45,27.15,25.6,0.9995089285714288,0.61733185,5.4220274
N-ordering-CV-budget,8960,local,1.25,0.25,20,0.960293029082656,0.9593771825675965,3.9706970917344306,0.9941816956966164,0.5818304303383581,1.0,0.8,47.9,42.65,0.9994419642857144,1.1778164000000002,9.51860015
N-ordering-CV-budget,8960,local,1.25,0.375,20,0.9406068580847888,0.9421102602966511,5.939314191521108,0.9898508335736095,1.014916642639084,1.0,0.95,61.8,49.95,1.0041964285714284,1.8786999500000001,13.671044400000003
N-ordering-CV-budget,8960,local,1.25,0.5,20,0.924928524032493,0.9228951851370806,7.5071475967507,0.9923015699647187,0.7698430035281313,1.0,1.0,70.4,50.5,1.0102678571428572,2.6310093500000002,17.866897299999998
N-ordering-CV-budget,8960,local,1.25,0.625,20,0.9143322253834171,0.915511609474322,8.566777461658287,0.994912015590654,0.5087984409345891,1.0,0.8,72.05,44.65,1.013544642857143,3.3065919,22.13930715
N-ordering-CV-budget,8960,local,1.25,0.75,20,0.9081278941298873,0.9107036832087549,9.187210587011261,0.996599210027641,0.34007899723591306,1.0,0.75,65.05,32.3,1.012328869047619,3.6476138500000004,25.721520050000002
N-ordering-CV-budget,8960,local,1.25,0.875,20,0.9214133493266914,0.9201811337914054,7.858665067330861,1.0029004473521395,-0.2900447352139496,1.0,0.15,46.95,15.95,1.012640306122449,3.9254506,28.726659850000004
N-ordering-CV-budget,8960,local,1.44,0.125,20,0.9727153643185602,0.9712323024571985,2.728463568143971,0.9978023972693293,0.21976027306707838,0.9,0.6,27.9,25.95,1.000535714285714,0.5971697,5.231804100000001
N-ordering-CV-budget,8960,local,1.44,0.25,20,0.9587076358470414,0.9599283227999756,4.129236415295877,0.9926060425367647,0.73939574632355,1.0,0.9,48.9,43.45,0.9989732142857145,1.2315614000000001,9.37865745
N-ordering-CV-budget,8960,local,1.44,0.375,20,0.9412930839450271,0.942734908065047,5.870691605497304,0.9950208433483428,0.4979156651657129,1.0,0.7,63.55,51.3,1.0077380952380954,1.92961885,13.6207185
N-ordering-CV-budget,8960,local,1.44,0.5,20,0.9249906264230325,0.9247691392691282,7.500937357696747,0.994889456739698,0.511054326030183,1.0,0.75,72.05,51.65,1.0127008928571428,2.52944285,18.314780650000003
N-ordering-CV-budget,8960,local,1.44,0.625,20,0.9145723030191787,0.9161139523815899,8.542769698082122,0.9977669398789221,0.22330601210778894,1.0,0.55,72.45,44.5,1.0162857142857142,3.263591699999999,22.4249845
N-ordering-CV-budget,8960,local,1.44,0.75,20,0.9098105862648665,0.9088162875924519,9.018941373513325,0.9993647749074587,0.0635225092541497,1.0,0.4,65.2,32.4,1.0147247023809525,3.631866,25.9227426
N-ordering-CV-budget,8960,local,1.44,0.875,20,0.9212731092617759,0.9234202019119542,7.872689073822433,1.0055106000210232,-0.551060002102308,1.0,0.25,47.05,15.15,1.0154719387755102,4.0075734,29.074132150000004
N-ordering-CV-budget,8960,local,2.48,0.125,20,0.9692190074741036,0.970654742469427,3.078099252589646,0.9895211244234792,1.0478875576520648,0.95,0.75,31.45,29.25,0.9983035714285714,0.6191332499999999,6.157992649999999
N-ordering-CV-budget,8960,local,2.48,0.25,20,0.9538506172781294,0.957520753504322,4.6149382721870555,0.9867251543320081,1.3274845667991828,1.0,0.9,52.85,46.4,1.0008928571428573,1.2276274999999999,10.66598205
N-ordering-CV-budget,8960,local,2.48,0.375,20,0.9383255448715806,0.9403226683077242,6.16744551284195,0.9873744550951578,1.2625544904842205,1.0,0.95,67.75,54.35,1.0102083333333334,2.02171795,15.2592601
N-ordering-CV-budget,8960,local,2.48,0.5,20,0.9247458428808301,0.9259650247214395,7.525415711916986,0.9892426662667348,1.0757333733265182,1.0,0.9,73.65,52.55,1.0154352678571428,2.8541381,19.6834038
N-ordering-CV-budget,8960,local,2.48,0.625,20,0.9160881581890363,0.9145800672337503,8.391184181096367,0.9947944695132509,0.5205530486749073,1.0,0.75,73.5,44.75,1.0216339285714287,3.28634555,23.8525169
N-ordering-CV-budget,8960,local,2.48,0.75,20,0.9166635620516972,0.9165288176276005,8.33364379483027,1.0033617408142148,-0.33617408142148475,1.0,0.35,64.75,31.75,1.024300595238095,3.6499767999999997,26.891811999999998
N-ordering-CV-budget,8960,local,2.48,0.875,20,0.9328781235715932,0.9323390456611048,6.712187642840695,1.0112319531422942,-1.1231953142294404,1.0,0.0,45.1,15.4,1.021983418367347,3.9710869000000004,30.057032099999997
N-ordering-CV-budget,8960,local,3.3,0.125,20,0.9630839414505615,0.9614585015082613,3.691605854943828,0.9839672865400905,1.6032713459909629,0.95,0.95,33.4,30.5,1.0012500000000002,0.63536715,6.30960165
N-ordering-CV-budget,8960,local,3.3,0.25,20,0.9467624632917019,0.9467059164938001,5.323753670829811,0.9819420312079602,1.805796879203991,1.0,1.0,56.15,48.7,0.9985714285714286,1.21958255,10.850122899999999
N-ordering-CV-budget,8960,local,3.3,0.375,20,0.9343904844268559,0.930452559233709,6.560951557314392,0.9822104053877437,1.7789594612256305,1.0,1.0,68.95,54.65,1.0105357142857143,1.9038955999999998,15.506035849999995
N-ordering-CV-budget,8960,local,3.3,0.5,20,0.9224200165558181,0.9224009619905862,7.7579983444182,0.987004316151349,1.2995683848651025,1.0,0.95,74.95,52.4,1.020345982142857,2.6556388500000003,19.820808399999997
N-ordering-CV-budget,8960,local,3.3,0.625,20,0.9125235470505151,0.9126286546244282,8.7476452949485,0.9934506571682252,0.654934283177469,1.0,0.8,74.9,44.4,1.0245000000000002,3.1394670499999995,23.868894700000002
N-ordering-CV-budget,8960,local,3.3,0.75,20,0.9143630747701256,0.9143906651898308,8.563692522987445,0.9997291492283917,0.027085077160818316,1.0,0.45,66.25,32.9,1.0222098214285715,3.62505065,27.07843335
N-ordering-CV-budget,8960,local,3.3,0.875,20,0.9320998859166781,0.9330303504239155,6.790011408332181,1.0106941196718835,-1.0694119671883406,1.0,0.05,46.05,16.3,1.0210778061224488,3.8961984999999997,30.33735765
N-ordering-CV-budget,8960,local,4.55,0.125,20,0.9678591594383683,0.9688946160561716,3.214084056163177,0.9841580915048878,1.5841908495112196,1.0,1.0,34.25,32.0,0.9947321428571432,0.61479525,6.5888205
N-ordering-CV-budget,8960,local,4.55,0.25,20,0.9442143953575417,0.9448308288241425,5.578560464245837,0.9772413468971255,2.275865310287442,1.0,1.0,56.95,48.8,1.0023214285714286,1.2500444,11.54510915
N-ordering-CV-budget,8960,local,4.55,0.375,20,0.9347493331815618,0.9361396441393157,6.525066681843806,0.9829806073614205,1.7019392638579531,1.0,0.95,68.75,54.15,1.0135714285714283,1.9881761999999998,15.937915100000001
N-ordering-CV-budget,8960,local,4.55,0.5,20,0.9223875277276958,0.9220913546116596,7.761247227230422,0.9888404708680063,1.1159529131993424,1.0,0.9,76.1,52.85,1.0238727678571429,2.65660805,20.2474616
N-ordering-CV-budget,8960,local,4.55,0.625,20,0.9174529299528184,0.916396055615758,8.254707004718172,0.9953461544606699,0.465384553933022,1.0,0.7,75.6,45.8,1.027723214285714,3.2858465000000003,24.3945657
N-ordering-CV-budget,8960,local,4.55,0.75,20,0.916897117445726,0.914843890182834,8.310288255427398,1.0066707682826266,-0.667076828262657,1.0,0.15,68.1,32.95,1.0318749999999999,3.7315779499999997,27.506490050000004
N-ordering-CV-budget,8960,local,4.55,0.875,20,0.9343984469154737,0.9318913015787065,6.560155308452648,1.0146881191688333,-1.4688119168833242,1.0,0.05,46.75,15.95,1.0270727040816325,4.0882912,30.400898599999998
N-ordering-CV-budget,8960,random,1.07,0.125,20,0.985685191599049,0.979654647285701,1.4314808400950967,0.9995897116960932,0.041028830390669735,0.55,0.25,20.4,19.65,0.9963392857142856,0.5916273000000001,3.9794846
N-ordering-CV-budget,8960,random,1.07,0.25,20,0.9715250464243835,0.970348635470562,2.847495357561653,0.9977361575918039,0.22638424081960706,1.0,0.65,38.25,35.1,0.9955803571428572,1.2465985499999996,5.72737675
N-ordering-CV-budget,8960,random,1.07,0.375,20,0.9531092834389827,0.9554031891668449,4.689071656101728,1.000393791313116,-0.039379131311605975,1.0,0.5,55.5,46.75,1.0010714285714284,1.7817414,7.842406049999999
N-ordering-CV-budget,8960,random,1.07,0.5,20,0.9264042069082723,0.9266087405043649,7.3595793091727515,1.0038334593807925,-0.383345938079237,1.0,0.2,72.55,52.65,1.0116183035714286,2.48211735,11.56705485
N-ordering-CV-budget,8960,random,1.07,0.625,20,0.8868400209912117,0.8854343385858747,11.315997900878815,1.0088549700424856,-0.8854970042485621,1.0,0.0,88.0,48.2,1.0265535714285712,3.29873445,17.071910050000003
N-ordering-CV-budget,8960,random,1.07,0.75,20,0.8448820826664891,0.8441840406292318,15.511791733351098,1.0124182248394074,-1.2418224839407055,1.0,0.0,96.2,31.85,1.0376339285714284,4.16706025,23.124055499999997
N-ordering-CV-budget,8960,random,1.07,0.875,20,0.8346153148241031,0.8355197309853201,16.538468517589685,1.0201897006482583,-2.018970064825829,1.0,0.0,81.55,6.8,1.0394451530612243,4.5968909,28.234301499999997
N-ordering-CV-budget,8960,random,1.25,0.125,20,0.9948338022860431,1.0,0.5166197713956905,0.9982584775751103,0.1741522424889752,0.25,0.25,21.65,21.4,0.998080357142857,0.5785348000000001,3.75692125
N-ordering-CV-budget,8960,random,1.25,0.25,20,0.9735309113305671,0.9724704980736258,2.6469088669432996,0.9963549331437683,0.36450668562315053,0.95,0.8,40.5,37.65,0.9943080357142857,1.17311875,6.03653655
N-ordering-CV-budget,8960,random,1.25,0.375,20,0.9477117814793358,0.9445761585936369,5.22882185206642,0.9992842020498897,0.07157979501102141,1.0,0.45,59.3,49.15,1.0026636904761905,1.8563789500000003,9.1226331
N-ordering-CV-budget,8960,random,1.25,0.5,20,0.918718144329158,0.9156856467709056,8.128185567084193,1.003716057390799,-0.3716057390799388,1.0,0.25,76.35,53.35,1.016986607142857,2.4874494,12.603549349999998
N-ordering-CV-budget,8960,random,1.25,0.625,20,0.8815515200549642,0.8836876229253499,11.844847994503585,1.0069980132843441,-0.6998013284344029,1.0,0.05,91.35,48.7,1.0305446428571428,3.3642751499999997,17.90350855
N-ordering-CV-budget,8960,random,1.25,0.75,20,0.8408126244232192,0.8436756143286415,15.918737557678067,1.0102017638452585,-1.0201763845258394,1.0,0.0,99.75,31.95,1.043340773809524,4.2022903,23.985915100000003
N-ordering-CV-budget,8960,random,1.25,0.875,20,0.8296054623056073,0.8290187835235999,17.039453769439273,1.0193546367827164,-1.935463678271632,1.0,0.0,85.25,6.65,1.0437946428571427,4.53819925,28.747202300000005
N-ordering-CV-budget,8960,random,1.44,0.125,20,0.9804041572570197,0.9784836168676259,1.959584274298026,0.9953892486861001,0.46107513138999473,0.6,0.5,23.45,22.4,0.9944196428571429,0.5833573999999999,3.92387285
N-ordering-CV-budget,8960,random,1.44,0.25,20,0.958571681716841,0.958696727407951,4.142831828315886,0.996579278220589,0.34207217794109507,1.0,0.55,43.65,38.65,0.9959598214285712,1.1737870000000004,5.91247435
N-ordering-CV-budget,8960,random,1.44,0.375,20,0.9397628032858701,0.9391232843250323,6.023719671412988,0.9983953306194581,0.16046693805420953,1.0,0.6,62.85,50.5,1.0066369047619048,1.8739556499999999,8.972003400000002
N-ordering-CV-budget,8960,random,1.44,0.5,20,0.9091254325246817,0.908881034680097,9.087456747531846,1.0017095597027603,-0.17095597027603993,1.0,0.45,81.45,54.7,1.022377232142857,2.63936735,13.38765285
N-ordering-CV-budget,8960,random,1.44,0.625,20,0.869990479653244,0.8701499957450831,13.000952034675597,1.0079500877380847,-0.7950087738084549,1.0,0.15,97.85,48.45,1.0416785714285715,3.4238485499999998,19.168120249999998
N-ordering-CV-budget,8960,random,1.44,0.75,20,0.8295646818704432,0.82912688061117,17.04353181295567,1.0126243549245526,-1.2624354924552494,1.0,0.0,104.6,29.25,1.0539062500000003,4.0123938500000005,24.52522515
N-ordering-CV-budget,8960,random,1.44,0.875,20,0.8240735050960571,0.8254975671737588,17.592649490394273,1.0214739081938464,-2.1473908193846527,1.0,0.0,88.45,5.0,1.0510841836734695,4.3294033,28.506145000000004
N-ordering-CV-budget,8960,random,2.48,0.125,20,0.9791919655017592,0.9899892918051897,2.08080344982407,0.9890568871437821,1.094311285621797,0.5,0.5,30.35,29.25,0.9903571428571428,0.6707079999999999,4.8597594
N-ordering-CV-budget,8960,random,2.48,0.25,20,0.9485584340626267,0.950822353183169,5.144156593737309,0.9807365140490008,1.9263485950999197,1.0,1.0,54.7,48.35,0.9897991071428571,1.24825465,8.07656585
N-ordering-CV-budget,8960,random,2.48,0.375,20,0.9238367749430678,0.9239272959415418,7.616322505693217,0.9841889411126956,1.5811058887304452,1.0,0.95,76.75,59.45,1.0131696428571428,2.175575,11.989654
N-ordering-CV-budget,8960,random,2.48,0.5,20,0.8908529971505639,0.8950584934543118,10.914700284943615,0.9916686126932912,0.8331387306708866,1.0,0.8,97.8,61.05,1.0434040178571427,3.0412871500000005,17.40574325
N-ordering-CV-budget,8960,random,2.48,0.625,20,0.8484257796940142,0.8493678289374528,15.157422030598573,0.9966983353792198,0.3301664620780115,1.0,0.8,113.75,49.55,1.068285714285714,3.8200034,22.5244295
N-ordering-CV-budget,8960,random,2.48,0.75,20,0.809228382433117,0.8096525356610392,19.077161756688316,1.0054306197426521,-0.5430619742651965,1.0,0.2,117.75,26.4,1.0779166666666664,4.671811150000001,27.565035849999997
N-ordering-CV-budget,8960,random,2.48,0.875,20,0.8146576099748873,0.8145334858785812,18.53423900251126,1.0266903043084734,-2.669030430847338,1.0,0.0,99.05,3.4,1.073073979591837,4.47189405,30.45045995
N-ordering-CV-budget,8960,random,3.3,0.125,20,0.9614466770162913,0.9561056308256027,3.855332298370885,0.979248783673768,2.075121632623204,0.95,0.95,35.3,33.55,0.9707589285714284,0.7099451000000001,5.54781315
N-ordering-CV-budget,8960,random,3.3,0.25,20,0.9407994028636553,0.9410458160332816,5.920059713634469,0.9724006214694041,2.7599378530595855,1.0,1.0,60.65,53.3,0.9843526785714285,1.31977875,8.677912000000001
N-ordering-CV-budget,8960,random,3.3,0.375,20,0.9190114861068764,0.9184182733812285,8.098851389312358,0.9753037030667805,2.46962969332194,1.0,1.0,83.7,64.75,1.0135416666666668,2.1082411,13.0851529
N-ordering-CV-budget,8960,random,3.3,0.5,20,0.8832994156083831,0.8825256983227185,11.670058439161682,0.9792148154437488,2.078518455625132,1.0,1.0,104.15,63.05,1.0523660714285712,2.8209959,18.0992941
N-ordering-CV-budget,8960,random,3.3,0.625,20,0.8388651021117853,0.8373755610934818,16.113489788821465,0.9875032957268608,1.249670427313898,1.0,1.0,119.85,48.9,1.0802232142857142,3.7456060500000006,23.28343895
N-ordering-CV-budget,8960,random,3.3,0.75,20,0.7987000482306637,0.8001061183947362,20.129995176933633,0.9991322655696113,0.08677344303887169,1.0,0.45,125.35,25.5,1.0896502976190476,4.37341,27.81031825
N-ordering-CV-budget,8960,random,3.3,0.875,20,0.8106169716480107,0.8117102605854856,18.938302835198925,1.023629026168381,-2.362902616838094,1.0,0.0,102.7,3.4,1.0774553571428571,4.377777599999999,30.910559850000006
N-ordering-CV-budget,8960,random,4.55,0.125,20,0.9521488581904798,0.9486283688910482,4.785114180952013,0.9646442662698614,3.5355733730138645,0.9,0.9,41.6,39.15,0.9616071428571429,0.7757508500000001,6.268250550000001
N-ordering-CV-budget,8960,random,4.55,0.25,20,0.9287161136386508,0.932877013973584,7.128388636134924,0.956489397391447,4.351060260855301,1.0,1.0,68.05,57.8,0.9909375,1.3486889499999999,9.7467126
N-ordering-CV-budget,8960,random,4.55,0.375,20,0.9068956045458505,0.9091227658238603,9.310439545414948,0.9583914762057335,4.16085237942662,1.0,1.0,92.8,68.2,1.0307291666666665,2.16923865,14.52394225
N-ordering-CV-budget,8960,random,4.55,0.5,20,0.8702705517136733,0.8738619624653987,12.972944828632663,0.967890224479806,3.2109775520194077,1.0,1.0,114.0,63.95,1.0758816964285716,3.0290434,19.94058435
N-ordering-CV-budget,8960,random,4.55,0.625,20,0.8229632743873389,0.8247803414776599,17.70367256126611,0.9767247551384022,2.3275244861597626,1.0,1.0,130.15,47.2,1.1028660714285714,3.860988699999999,24.991533549999996
N-ordering-CV-budget,8960,random,4.55,0.75,20,0.7895643520378914,0.7900510109476298,21.043564796210855,0.9934853099757965,0.6514690024203301,1.0,0.75,132.65,23.6,1.1059151785714287,4.53734225,28.3522805
N-ordering-CV-budget,8960,random,4.55,0.875,20,0.809132490247195,0.8085658010215568,19.08675097528051,1.0244874054826572,-2.4487405482656923,1.0,0.0,107.8,3.55,1.088686224489796,4.3185334,31.180232550000007
N-ordering-CV-budget,14336,hot-cold,1.07,0.125,20,0.8954309689522658,0.8963322789366734,10.456903104773417,1.0037558448980994,-0.3755844898099592,1.0,0.15,71.45,43.95,1.0052455357142858,1.2073512000000002,5.48133145
N-ordering-CV-budget,14336,hot-cold,1.07,0.25,20,0.8718747269035667,0.8731161982059175,12.812527309643318,1.0007709067125368,-0.07709067125369229,1.0,0.45,107.8,46.6,1.001702008928571,2.24738965,9.1325854
N-ordering-CV-budget,14336,hot-cold,1.07,0.375,20,0.8674451214907934,0.8679530057072915,13.255487850920673,0.9951189387575884,0.4881061242411783,1.0,1.0,129.65,41.7,0.9967912946428571,3.2626717,12.67610765
N-ordering-CV-budget,14336,hot-cold,1.07,0.5,20,0.8666175257786739,0.8673680553710993,13.33824742213261,0.987891124225996,1.2108875774003962,1.0,1.0,146.75,36.25,0.9913225446428573,4.0866294000000005,16.2653941
N-ordering-CV-budget,14336,hot-cold,1.07,0.625,20,0.8784034180812161,0.8778704627270336,12.159658191878375,0.9874932206032451,1.2506779396754868,1.0,1.0,155.95,35.1,0.9901785714285714,5.23224225,20.371866699999998
N-ordering-CV-budget,14336,hot-cold,1.07,0.75,20,0.8923291330787076,0.8934094990139609,10.767086692129224,0.9891568546322743,1.0843145367725733,1.0,1.0,158.35,32.45,0.9918108258928571,5.8405093,24.3950812
N-ordering-CV-budget,14336,hot-cold,1.07,0.875,20,0.9069737217230127,0.9090286528653949,9.302627827698721,0.9912845551004954,0.8715444899504643,1.0,1.0,155.0,29.6,0.9939453124999998,6.5350104,27.83254335
N-ordering-CV-budget,14336,hot-cold,1.25,0.125,20,0.8876340148545001,0.8859069819777483,11.236598514549977,0.9994449179720493,0.0555082027950643,1.0,0.65,73.85,44.1,1.0052176339285712,1.2355275000000003,5.40140335
N-ordering-CV-budget,14336,hot-cold,1.25,0.25,20,0.8632294056857568,0.8628853142446822,13.677059431424311,0.998163044344054,0.18369556559457545,1.0,0.6,114.5,48.15,1.0022181919642854,2.2986635,9.103942399999998
N-ordering-CV-budget,14336,hot-cold,1.25,0.375,20,0.8594075157118063,0.8592132481505109,14.059248428819377,0.9923687529753102,0.7631247024689608,1.0,1.0,134.55,39.9,0.9978980654761905,3.32787905,13.056719550000002
N-ordering-CV-budget,14336,hot-cold,1.25,0.5,20,0.8658135715210229,0.8653945136548205,13.418642847897711,0.9879709154532128,1.2029084546787185,1.0,1.0,149.0,36.55,0.9925990513392857,4.3068892000000005,16.95455245
N-ordering-CV-budget,14336,hot-cold,1.25,0.625,20,0.8832507029219323,0.8819614050583766,11.674929707806777,0.9884670453437826,1.1532954656217473,1.0,1.0,154.85,38.45,0.9911049107142856,5.1552317,20.800022500000004
N-ordering-CV-budget,14336,hot-cold,1.25,0.75,20,0.8967223160693717,0.8978925757191709,10.327768393062831,0.989453966286084,1.0546033713916207,1.0,1.0,155.15,34.3,0.992573474702381,5.8261283,24.441455950000005
N-ordering-CV-budget,14336,hot-cold,1.25,0.875,20,0.9133056518502606,0.9136509723833581,8.669434814973949,0.9919275326851735,0.8072467314826547,1.0,1.0,149.5,33.1,0.9943837691326529,6.7281132999999995,28.588620149999997
N-ordering-CV-budget,14336,hot-cold,1.44,0.125,20,0.8931230777663769,0.8951407515364316,10.687692223362301,1.00049364127468,-0.04936412746798291,1.0,0.6,76.75,47.95,1.0061383928571428,1.18227925,5.5009074
N-ordering-CV-budget,14336,hot-cold,1.44,0.25,20,0.8587578382094266,0.8597590105494939,14.12421617905735,0.9986959932387967,0.13040067612033301,1.0,0.7,113.95,43.5,1.0077985491071426,2.3238192,9.3156885
N-ordering-CV-budget,14336,hot-cold,1.44,0.375,20,0.8563838601719281,0.860445606317716,14.3616139828072,0.9918400140107002,0.8159985989299722,1.0,0.9,137.2,40.6,0.996977306547619,3.5186278,13.303708050000001
N-ordering-CV-budget,14336,hot-cold,1.44,0.5,20,0.8661910870074138,0.8675526862878173,13.380891299258607,0.9881248799440987,1.1875120055901238,1.0,1.0,150.7,37.6,0.9936244419642858,4.28209835,16.993770700000002
N-ordering-CV-budget,14336,hot-cold,1.44,0.625,20,0.8821287186435478,0.8819187151744432,11.787128135645213,0.9881155669638779,1.188443303612205,1.0,1.0,155.45,36.65,0.9923716517857144,5.24047465,20.773650200000002
N-ordering-CV-budget,14336,hot-cold,1.44,0.75,20,0.9018460007314172,0.9033508907997129,9.815399926858285,0.9911217677144396,0.8878232285560564,1.0,1.0,154.35,38.4,0.9940011160714288,5.7701968500000005,24.48576285
N-ordering-CV-budget,14336,hot-cold,1.44,0.875,20,0.916088988375541,0.9155703396858004,8.391101162445898,0.9931950433731966,0.6804956626803248,1.0,1.0,149.35,35.05,0.995866549744898,6.431674599999999,28.340036700000002
N-ordering-CV-budget,14336,hot-cold,2.48,0.125,20,0.8729071467866227,0.873857245851893,12.709285321337749,0.9923398255705017,0.7660174429498301,1.0,0.85,90.25,52.3,1.0181640625,1.19239585,5.906444
N-ordering-CV-budget,14336,hot-cold,2.48,0.25,20,0.8510003235351224,0.8506830703201407,14.899967646487752,0.9941581031987614,0.5841896801238651,1.0,0.8,129.85,50.5,1.0154575892857143,2.3291900500000002,9.7311765
N-ordering-CV-budget,14336,hot-cold,2.48,0.375,20,0.8599824211034951,0.86144240518597,14.001757889650474,0.9917076886754803,0.8292311324519863,1.0,1.0,147.85,48.0,1.0047247023809525,3.3195467499999998,13.70706435
N-ordering-CV-budget,14336,hot-cold,2.48,0.5,20,0.873930617949733,0.8737227297979983,12.606938205026708,0.9901091444173353,0.9890855582664692,1.0,1.0,153.4,40.6,1.002099609375,4.1034018,17.481156249999998
N-ordering-CV-budget,14336,hot-cold,2.48,0.625,20,0.8939344798443167,0.8937935782761592,10.606552015568312,0.9915202352586165,0.8479764741383529,1.0,1.0,155.25,43.05,0.9989955357142859,4.831385900000001,21.001118899999998
N-ordering-CV-budget,14336,hot-cold,2.48,0.75,20,0.9111910842185518,0.9115952476330004,8.88089157814482,0.9941706367540162,0.5829363245983854,1.0,1.0,154.3,42.75,1.000664992559524,5.7550624500000005,25.09853305
N-ordering-CV-budget,14336,hot-cold,2.48,0.875,20,0.921519930673162,0.9215283645317958,7.848006932683793,0.9953064450769349,0.4693554923065257,1.0,1.0,147.25,33.5,1.0016262755102043,6.2463443,28.300244549999995
N-ordering-CV-budget,14336,hot-cold,3.3,0.125,20,0.8736047217301168,0.8727483446779611,12.639527826988322,0.9826787385476632,1.7321261452336771,1.0,0.95,96.6,58.25,1.0168247767857141,1.21072705,6.0521458500000005
N-ordering-CV-budget,14336,hot-cold,3.3,0.25,20,0.8486108176644598,0.8499257503272102,15.138918233554026,0.991009398143506,0.8990601856494213,1.0,0.9,135.85,51.95,1.0223214285714284,2.36726615,10.37150055
N-ordering-CV-budget,14336,hot-cold,3.3,0.375,20,0.852547073164885,0.8545816505751276,14.745292683511497,0.987601061937105,1.239893806289524,1.0,1.0,154.85,46.35,1.0091424851190478,3.4110177,13.970288449999998
N-ordering-CV-budget,14336,hot-cold,3.3,0.5,20,0.8742337133743879,0.8764162229988988,12.576628662561212,0.9898282649426295,1.01717350573704,1.0,1.0,159.55,44.75,1.004150390625,4.0410963,17.24987785
N-ordering-CV-budget,14336,hot-cold,3.3,0.625,20,0.8972752066097438,0.8969703824687709,10.272479339025612,0.9930745968343324,0.6925403165667737,1.0,1.0,157.5,44.7,1.0032979910714286,4.7914788999999995,21.2610588
N-ordering-CV-budget,14336,hot-cold,3.3,0.75,20,0.9122136124735232,0.9118992063611382,8.778638752647662,0.9942155907084869,0.5784409291513171,1.0,0.95,155.3,42.95,1.0024832589285715,5.3780428,24.584947699999997
N-ordering-CV-budget,14336,hot-cold,3.3,0.875,20,0.9235303418493984,0.9232862637702093,7.646965815060151,0.9951979152192637,0.4802084780736304,1.0,1.0,148.1,35.9,1.0025908801020411,6.27710935,28.433943949999993
N-ordering-CV-budget,14336,hot-cold,4.55,0.125,20,0.8649263475358293,0.8642562570121401,13.50736524641707,0.9774606335185533,2.2539366481446574,1.0,0.95,102.8,60.25,1.0221819196428572,1.2162253,6.1686289
N-ordering-CV-budget,14336,hot-cold,4.55,0.25,20,0.8503859902934441,0.8500338161433862,14.961400970655585,0.9880017464934946,1.1998253506505323,1.0,1.0,143.05,58.15,1.024497767857143,2.31389655,10.278098750000002
N-ordering-CV-budget,14336,hot-cold,4.55,0.375,20,0.8582780140259253,0.8583803505478964,14.172198597407476,0.9894111369090499,1.058886309094999,1.0,1.0,159.35,51.15,1.0147879464285716,3.329405199999999,14.006670349999998
N-ordering-CV-budget,14336,hot-cold,4.55,0.5,20,0.87720136395216,0.8775468906315993,12.279863604784012,0.9894766083583011,1.0523391641698843,1.0,1.0,164.7,49.65,1.0072265625,4.14114695,17.9588225
N-ordering-CV-budget,14336,hot-cold,4.55,0.625,20,0.8997104649680333,0.9018942786350339,10.028953503196675,0.9924015679975401,0.7598432002459665,1.0,1.0,159.2,47.4,1.0048660714285715,4.765602100000001,21.151914549999997
N-ordering-CV-budget,14336,hot-cold,4.55,0.75,20,0.9128337085004674,0.9133464818958155,8.716629149953267,0.993371213152647,0.6628786847353124,1.0,1.0,157.3,44.55,1.003413318452381,5.505134750000001,24.871986600000003
N-ordering-CV-budget,14336,hot-cold,4.55,0.875,20,0.9285633353654184,0.9305722586718642,7.1436664634581435,0.9968668354755877,0.3133164524412469,1.0,0.9,147.4,39.0,1.0052694515306124,6.2868054,28.9056806
N-ordering-CV-budget,14336,local,1.07,0.125,20,0.976686396798622,0.9768663253079036,2.3313603201377995,0.9960961541976718,0.39038458023279876,1.0,1.0,80.65,75.65,0.9937499999999998,1.0003937999999999,5.27997555
N-ordering-CV-budget,14336,local,1.07,0.25,20,0.9641981325769382,0.961875531866931,3.580186742306163,0.9946253088584507,0.5374691141549297,1.0,1.0,133.5,117.95,0.9936802455357142,1.93139115,8.70381875
N-ordering-CV-budget,14336,local,1.07,0.375,20,0.9567095986469483,0.9574938962849586,4.329040135305191,0.9941617753460676,0.5838224653932695,1.0,1.0,169.5,142.15,0.9932663690476191,2.8071639999999998,12.4598521
N-ordering-CV-budget,14336,local,1.07,0.5,20,0.9508166406643713,0.9496647240351768,4.918335933562839,0.9934174523718431,0.6582547628156787,1.0,1.0,187.8,147.5,0.9933942522321428,3.9013374999999995,16.41022125
N-ordering-CV-budget,14336,local,1.07,0.625,20,0.9486928725352994,0.9487247490388822,5.130712746470061,0.9936533435225016,0.6346656477498597,1.0,1.0,186.4,135.65,0.9938671875,4.832479049999999,20.5088748
N-ordering-CV-budget,14336,local,1.07,0.75,20,0.9493173496706966,0.9491273326397833,5.068265032930331,0.9948904206846467,0.5109579315353285,1.0,1.0,166.75,108.05,0.9952659970238097,5.528218600000001,24.164689699999997
N-ordering-CV-budget,14336,local,1.07,0.875,20,0.9560859733677409,0.9544157143453122,4.391402663225909,0.9967801768063911,0.3219823193608806,1.0,0.9,119.0,60.95,0.997476881377551,6.025628299999999,27.956960950000003
N-ordering-CV-budget,14336,local,1.25,0.125,20,0.9713095317781532,0.9722054523736325,2.86904682218469,0.9943886131088062,0.5611386891193876,1.0,1.0,80.7,74.45,0.9928571428571429,1.11685645,5.68787545
N-ordering-CV-budget,14336,local,1.25,0.25,20,0.9615293656134808,0.9614279008468752,3.8470634386519302,0.9923263149897583,0.767368501024162,1.0,1.0,135.15,118.7,0.9924107142857144,2.1064122000000003,9.298876000000002
N-ordering-CV-budget,14336,local,1.25,0.375,20,0.9560211346169252,0.9560794941207771,4.39788653830748,0.9921761575530279,0.7823842446972022,1.0,1.0,172.2,144.6,0.9926153273809524,3.0887912,13.1436091
N-ordering-CV-budget,14336,local,1.25,0.5,20,0.9501131560677465,0.9501616141040241,4.9886843932253635,0.9925841459482054,0.7415854051794535,1.0,1.0,191.1,149.75,0.9937151227678571,4.039676050000001,17.447720599999997
N-ordering-CV-budget,14336,local,1.25,0.625,20,0.9475495499979937,0.9455761066995031,5.2450450002006335,0.9927578001775949,0.7242199822405171,1.0,1.0,188.1,136.0,0.9938392857142855,4.801356950000001,20.9196957
N-ordering-CV-budget,14336,local,1.25,0.75,20,0.9500298630686027,0.9483310501340195,4.9970136931397295,0.9948479650003005,0.515203499969948,1.0,1.0,165.05,107.0,0.9955403645833332,5.5532062,24.777943300000004
N-ordering-CV-budget,14336,local,1.25,0.875,20,0.9576351657685832,0.9575537483395279,4.236483423141699,0.9971433614905025,0.2856638509497422,1.0,1.0,116.85,60.2,0.9981385522959186,5.920235700000001,28.106654699999996
N-ordering-CV-budget,14336,local,1.44,0.125,20,0.9761477572451984,0.9747228739056768,2.3852242754801485,0.9941939535650676,0.5806046434932305,1.0,1.0,81.55,76.5,0.9931919642857142,1.00655685,5.654440900000001
N-ordering-CV-budget,14336,local,1.44,0.25,20,0.963638737139687,0.9627811894867073,3.6361262860313035,0.9932600173887615,0.6739982611238522,1.0,1.0,137.05,121.35,0.9930524553571427,2.0163083499999996,9.3890766
N-ordering-CV-budget,14336,local,1.44,0.375,20,0.9546966494951675,0.9552252818040246,4.530335050483233,0.992906876710974,0.7093123289025944,1.0,1.0,173.55,144.35,0.9937034970238097,3.1019856,13.684694700000003
N-ordering-CV-budget,14336,local,1.44,0.5,20,0.9480688588731953,0.9502252975170289,5.193114112680478,0.9924567390747259,0.7543260925274203,1.0,1.0,191.95,148.65,0.9937639508928571,4.1056506,17.3067543
N-ordering-CV-budget,14336,local,1.44,0.625,20,0.9447700481559839,0.9452017986717672,5.5229951844016165,0.9926642881481165,0.7335711851883464,1.0,1.0,191.5,135.65,0.9944252232142858,4.8554451,21.26363175
N-ordering-CV-budget,14336,local,1.44,0.75,20,0.9481493406639452,0.9482638624411857,5.185065933605513,0.994517852664235,0.5482147335764953,1.0,1.0,167.55,106.7,0.9958193824404761,5.5549711,25.15324545
N-ordering-CV-budget,14336,local,1.44,0.875,20,0.9609678181273983,0.9614922242342528,3.903218187260177,0.997797879369738,0.22021206302621604,1.0,0.85,113.85,61.45,0.9985451211734692,6.03886445,28.472999549999997
N-ordering-CV-budget,14336,local,2.48,0.125,20,0.9663626168608073,0.9690586617516562,3.3637383139192556,0.9902746487706773,0.9725351229322682,1.0,1.0,86.6,79.35,0.990122767857143,1.0230427,5.94749365
N-ordering-CV-budget,14336,local,2.48,0.25,20,0.9577469735472326,0.9585813769255294,4.225302645276771,0.9895573014608988,1.0442698539100967,1.0,1.0,145.05,127.1,0.9901646205357142,2.1377583499999995,10.266713300000001
N-ordering-CV-budget,14336,local,2.48,0.375,20,0.9525594238683046,0.9526635845259396,4.744057613169536,0.9901524815504781,0.9847518449522046,1.0,1.0,176.6,146.65,0.9919921875000002,3.0854206,13.90206795
N-ordering-CV-budget,14336,local,2.48,0.5,20,0.9516104739074513,0.9511017298937573,4.8389526092548625,0.9917874407977848,0.8212559202215314,1.0,1.0,188.4,147.95,0.9945452008928569,3.9899746500000006,17.918276049999996
N-ordering-CV-budget,14336,local,2.48,0.625,20,0.9510373066769718,0.9512087993770824,4.896269332302821,0.9942331920798833,0.5766807920116862,1.0,1.0,185.05,134.25,0.9968191964285713,4.848962950000001,21.89663745
N-ordering-CV-budget,14336,local,2.48,0.75,20,0.9556099748147139,0.9555153185911658,4.439002518528612,0.9963868718839194,0.3613128116080522,1.0,0.95,160.05,106.1,0.9984374999999999,5.50422515,25.49452565
N-ordering-CV-budget,14336,local,2.48,0.875,20,0.9661653779901828,0.9663558582346475,3.383462200981737,0.9988644938497252,0.11355061502746844,1.0,0.7,110.9,63.9,1.000063775510204,5.894187499999999,29.002134050000002
N-ordering-CV-budget,14336,local,3.3,0.125,20,0.9631759716393751,0.9631309941295012,3.6824028360625007,0.9875281557065019,1.247184429349828,1.0,1.0,89.8,82.15,0.9870814732142857,1.0336429,5.921709850000001
N-ordering-CV-budget,14336,local,3.3,0.25,20,0.9545521603074707,0.9555020550256074,4.544783969252916,0.9870727698392955,1.292723016070458,1.0,1.0,149.8,130.3,0.9893973214285715,2.1109646,10.2059779
N-ordering-CV-budget,14336,local,3.3,0.375,20,0.9511948825760859,0.9512010184664925,4.880511742391422,0.9895068318733642,1.0493168126635717,1.0,1.0,185.75,154.25,0.9922340029761907,2.9842645000000005,14.162948
N-ordering-CV-budget,14336,local,3.3,0.5,20,0.949561302613286,0.949775788259464,5.043869738671398,0.9914643176955715,0.8535682304428421,1.0,1.0,198.75,156.0,0.9944475446428571,4.03395555,18.04277975
N-ordering-CV-budget,14336,local,3.3,0.625,20,0.950600156782088,0.9523547339403525,4.93998432179121,0.9935272554029844,0.6472744597015401,1.0,1.0,192.8,141.45,0.9964620535714286,4.701107550000001,22.238827300000004
N-ordering-CV-budget,14336,local,3.3,0.75,20,0.9563764965950503,0.9567497149701631,4.36235034049497,0.9968083123754111,0.3191687624588768,1.0,0.95,166.5,112.0,0.9995675223214286,5.449728250000001,25.90842785
N-ordering-CV-budget,14336,local,3.3,0.875,20,0.9647950469607878,0.9646614775163618,3.5204953039212206,0.9987806253400795,0.12193746599204969,1.0,0.85,114.6,64.55,1.0008609693877553,6.1015650500000005,29.32042875
N-ordering-CV-budget,14336,local,4.55,0.125,20,0.9616694272319366,0.9630685126346609,3.833057276806334,0.9857963216267922,1.4203678373207762,1.0,1.0,92.2,84.05,0.9868024553571431,1.0479902999999997,6.274398699999999
N-ordering-CV-budget,14336,local,4.55,0.25,20,0.9551767321887727,0.9548659342313353,4.4823267811227305,0.987386520193577,1.261347980642316,1.0,1.0,149.35,130.3,0.9890066964285715,2.1438435499999997,10.373532549999998
N-ordering-CV-budget,14336,local,4.55,0.375,20,0.9507338818700518,0.9522132802314309,4.926611812994803,0.9897910806152804,1.0208919384719561,1.0,1.0,184.05,151.85,0.9929780505952381,3.10419065,14.67891735
N-ordering-CV-budget,14336,local,4.55,0.5,20,0.9484277287045554,0.9490399985811211,5.157227129544444,0.9909725119081644,0.902748809183566,1.0,1.0,197.6,153.75,0.9945731026785714,3.9161953999999994,18.325313600000005
N-ordering-CV-budget,14336,local,4.55,0.625,20,0.9508208940534704,0.9521536826064158,4.9179105946529695,0.9937950883836179,0.6204911616382309,1.0,0.95,192.15,140.0,0.9976506696428574,4.824961,22.249408199999998
N-ordering-CV-budget,14336,local,4.55,0.75,20,0.9558621306496837,0.9560728427954404,4.413786935031616,0.9964906718513836,0.35093281486165695,1.0,0.9,165.15,109.45,1.000116257440476,5.4364196499999995,25.70542205
N-ordering-CV-budget,14336,local,4.55,0.875,20,0.9669842198128237,0.9672645619183644,3.30157801871765,0.9996072839963469,0.03927160036530819,1.0,0.7,110.95,62.65,1.001969068877551,6.0700026000000005,29.186078249999998
N-ordering-CV-budget,14336,random,1.07,0.125,20,0.9790348165282057,0.9789940422975082,2.0965183471794435,0.992454515518089,0.7545484481910841,0.95,0.95,104.65,101.15,0.9861886160714286,1.15322,4.4101822
N-ordering-CV-budget,14336,random,1.07,0.25,20,0.9536131646772356,0.9549242536388665,4.638683532276444,0.9878778554415983,1.212214455840153,1.0,1.0,196.05,175.9,0.9839006696428572,2.3109820999999995,7.387377149999999
N-ordering-CV-budget,14336,random,1.07,0.375,20,0.9300822143255489,0.9308326650859193,6.9917785674451185,0.988396183072107,1.1603816927893083,1.0,1.0,280.95,227.1,0.9926525297619045,3.3241999,10.960363949999998
N-ordering-CV-budget,14336,random,1.07,0.5,20,0.9047131277417121,0.904948624740895,9.528687225828799,0.9940400351713867,0.5959964828613302,1.0,1.0,352.85,244.05,1.0078543526785713,4.6716023,15.4375273
N-ordering-CV-budget,14336,random,1.07,0.625,20,0.8788535283059691,0.8791336250917305,12.114647169403097,1.0026673960597057,-0.26673960597055624,1.0,0.3,396.1,214.85,1.025128348214286,5.98879395,21.085453249999997
N-ordering-CV-budget,14336,random,1.07,0.75,20,0.8575918545839517,0.8575264648265837,14.24081454160483,1.01234071480169,-1.2340714801690003,1.0,0.0,388.25,135.75,1.0379789806547621,6.8493156,25.910432049999997
N-ordering-CV-budget,14336,random,1.07,0.875,20,0.8679178521606327,0.8678341603608943,13.208214783936725,1.0271247060175648,-2.7124706017564755,1.0,0.0,290.1,28.5,1.0429767219387753,7.09344155,29.4291092
N-ordering-CV-budget,14336,random,1.25,0.125,20,0.9728979738298232,0.9743863574340175,2.710202617017673,0.9884204012760698,1.1579598723930173,1.0,1.0,111.25,106.7,0.9813337053571427,1.1529274500000002,4.6022729
N-ordering-CV-budget,14336,random,1.25,0.25,20,0.9489875502835885,0.9494738629236054,5.10124497164116,0.9839454666638667,1.6054533336133392,1.0,1.0,206.35,183.85,0.9818359375,2.195651,7.5105097
N-ordering-CV-budget,14336,random,1.25,0.375,20,0.9238084054437279,0.9237391513537232,7.6191594556272095,0.985150313443711,1.4849686556289217,1.0,1.0,292.3,231.7,0.9939081101190477,3.3780540499999994,11.37084665
N-ordering-CV-budget,14336,random,1.25,0.5,20,0.8983267349078501,0.8980056336468315,10.16732650921502,0.9919924059229975,0.8007594077002433,1.0,1.0,364.95,244.8,1.012241908482143,4.651646700000001,16.485712650000004
N-ordering-CV-budget,14336,random,1.25,0.625,20,0.8727220502467548,0.8720608500023733,12.727794975324516,1.0012411772451815,-0.12411772451814462,1.0,0.4,407.05,211.7,1.0302232142857142,5.817129499999999,21.3813635
N-ordering-CV-budget,14336,random,1.25,0.75,20,0.854181859489772,0.8515336509887594,14.581814051022807,1.0136629388829417,-1.3662938882941478,1.0,0.0,395.05,129.45,1.0444010416666667,6.7388934,26.346018249999997
N-ordering-CV-budget,14336,random,1.25,0.875,20,0.8660437405949992,0.8664622251019445,13.395625940500077,1.0302968643932773,-3.0296864393277154,1.0,0.0,298.2,25.6,1.0484454719387757,7.2705611,30.200786199999992
N-ordering-CV-budget,14336,random,1.44,0.125,20,0.9645764109055254,0.9632560703610801,3.5423589094474566,0.9822888008824142,1.771119911758597,1.0,1.0,119.4,113.6,0.9732142857142858,1.2068743000000002,4.894664450000001
N-ordering-CV-budget,14336,random,1.44,0.25,20,0.9408421408132301,0.9405843550159474,5.9157859186769866,0.97734006202435,2.2659937975649957,1.0,1.0,218.2,192.25,0.9766462053571431,2.527877,8.4391371
N-ordering-CV-budget,14336,random,1.44,0.375,20,0.916748245094732,0.9149749293535723,8.325175490526794,0.9801110673849645,1.9888932615035468,1.0,1.0,307.6,240.55,0.992559523809524,3.66848375,12.36780345
N-ordering-CV-budget,14336,random,1.44,0.5,20,0.8929788193912168,0.8931923981088081,10.702118060878329,0.9892006850833462,1.0799314916653908,1.0,1.0,381.0,251.3,1.0149762834821427,4.958855850000001,17.348778700000004
N-ordering-CV-budget,14336,random,1.44,0.625,20,0.8672213230725966,0.8675825398252252,13.277867692740363,1.000204756230017,-0.020475623001702248,1.0,0.35,421.8,211.5,1.0365736607142857,6.119401600000001,22.63416545
N-ordering-CV-budget,14336,random,1.44,0.75,20,0.8491784417813755,0.849414219233606,15.082155821862449,1.014044081088422,-1.4044081088421745,1.0,0.0,407.0,125.0,1.0509533110119047,7.01743065,27.118074000000007
N-ordering-CV-budget,14336,random,1.44,0.875,20,0.8676084297691211,0.867435683243941,13.239157023087888,1.033918716949081,-3.391871694908123,1.0,0.0,302.65,24.2,1.0544921875,7.11540615,29.94263115
N-ordering-CV-budget,14336,random,2.48,0.125,20,0.9411039816805973,0.9388336103540492,5.889601831940257,0.9611823526015959,3.881764739840409,1.0,1.0,153.25,144.0,0.942271205357143,1.4245963499999998,6.089411800000001
N-ordering-CV-budget,14336,random,2.48,0.25,20,0.9184576462727746,0.9176081135559055,8.154235372722527,0.9558930760784822,4.410692392151778,1.0,1.0,264.15,228.05,0.9583705357142855,2.80763745,10.12402025
N-ordering-CV-budget,14336,random,2.48,0.375,20,0.8982205451845072,0.8966401607825718,10.177945481549278,0.96008440903008,3.9915590969919976,1.0,1.0,360.75,271.85,0.9936476934523808,4.113102499999999,14.812871750000003
N-ordering-CV-budget,14336,random,2.48,0.5,20,0.8769823461454307,0.8767737455673354,12.301765385456939,0.9725624534156536,2.74375465843465,1.0,1.0,432.4,267.0,1.0308942522321427,5.55004375,20.317292899999998
N-ordering-CV-budget,14336,random,2.48,0.625,20,0.8528988670354776,0.8530142236073994,14.71011329645224,0.9906722792603,0.9327720739699874,1.0,1.0,464.8,208.2,1.0594698660714283,6.104508600000001,24.4755661
N-ordering-CV-budget,14336,random,2.48,0.75,20,0.8425423807444241,0.8417538244609901,15.745761925557588,1.0144042434973897,-1.4404243497389781,1.0,0.0,436.75,116.25,1.072749255952381,6.97222795,28.155882100000003
N-ordering-CV-budget,14336,random,2.48,0.875,20,0.8715866249406752,0.8717029583122817,12.841337505932483,1.043602045252758,-4.360204525275788,1.0,0.0,317.9,21.8,1.0717036033163265,6.9043752,30.2176799
N-ordering-CV-budget,14336,random,3.3,0.125,20,0.9276578508647386,0.9294909538140115,7.2342149135261495,0.9485812920450643,5.141870795493559,1.0,1.0,169.25,157.8,0.9231026785714287,1.4398051,6.50001675
N-ordering-CV-budget,14336,random,3.3,0.25,20,0.9077076376711073,0.9090463877600017,9.229236232889253,0.9452410714481315,5.47589285518685,1.0,1.0,288.95,244.9,0.9553152901785715,2.9424117,11.148270200000002
N-ordering-CV-budget,14336,random,3.3,0.375,20,0.8872702437909356,0.887359168545572,11.272975620906452,0.9504800934926507,4.951990650734929,1.0,1.0,386.85,281.25,1.000576636904762,4.2617588500000005,15.9799076
N-ordering-CV-budget,14336,random,3.3,0.5,20,0.8652964388298761,0.8655455515283441,13.47035611701239,0.9649387450969803,3.506125490301988,1.0,1.0,457.6,265.65,1.04404296875,5.440582150000001,21.017062149999997
N-ordering-CV-budget,14336,random,3.3,0.625,20,0.8440026491742791,0.844957031494217,15.599735082572067,0.9858043245854053,1.4195675414594588,1.0,1.0,488.55,203.9,1.0727511160714287,6.37874225,25.452285949999997
N-ordering-CV-budget,14336,random,3.3,0.75,20,0.8357569502898423,0.8366406371915718,16.424304971015765,1.015501296806383,-1.5501296806383003,1.0,0.0,456.25,106.05,1.087513950892857,6.96386985,28.835647799999997
N-ordering-CV-budget,14336,random,3.3,0.875,20,0.8715125909541059,0.8711618611980725,12.848740904589388,1.047204933354263,-4.7204933354262995,1.0,0.0,328.75,19.0,1.081230070153061,6.7218696499999995,30.593408300000004
N-ordering-CV-budget,14336,random,4.55,0.125,20,0.9197116868720231,0.9222601736278262,8.028831312797687,0.9394759707321205,6.052402926787956,1.0,1.0,184.65,171.45,0.9096819196428573,1.52203435,7.044517600000001
N-ordering-CV-budget,14336,random,4.55,0.25,20,0.8974501279031257,0.8944742789043986,10.254987209687432,0.9316814033920411,6.8318596607959154,1.0,1.0,309.15,259.75,0.9455078125,3.07564115,11.899518749999999
N-ordering-CV-budget,14336,random,4.55,0.375,20,0.8803025601842174,0.8780363232239716,11.969743981578258,0.9400227748359455,5.997722516405433,1.0,1.0,407.75,294.25,0.9982607886904761,4.20910935,16.527043699999997
N-ordering-CV-budget,14336,random,4.55,0.5,20,0.8601586762851774,0.8554793708033388,13.984132371482257,0.9585939723942373,4.140602760576284,1.0,1.0,475.6,271.2,1.049072265625,5.363878349999999,21.54794435
N-ordering-CV-budget,14336,random,4.55,0.625,20,0.8424540151752324,0.8383519259152741,15.754598482476757,0.981504053916448,1.8495946083551869,1.0,1.0,498.5,204.4,1.078861607142857,6.219917350000001,25.8825712
N-ordering-CV-budget,14336,random,4.55,0.75,20,0.8375243530413294,0.8353068058083757,16.247564695867062,1.0121401774976098,-1.2140177497609739,1.0,0.0,460.35,109.45,1.0899832589285716,7.0788309,29.11102275
N-ordering-CV-budget,14336,random,4.55,0.875,20,0.8722270004180219,0.8725364220450558,12.777299958197833,1.0459892179324541,-4.59892179324541,1.0,0.0,330.6,21.55,1.0814014668367347,6.6881254,30.925280449999995
N-ordering-CV-budget,18944,hot-cold,1.07,0.125,20,0.9091261047853065,0.9079646184148944,9.087389521469367,0.9960697137605367,0.393028623946326,1.0,0.85,76.9,50.3,1.0021326013513514,1.3921583000000002,7.4102733999999995
N-ordering-CV-budget,18944,hot-cold,1.07,0.25,20,0.8879249829203394,0.8876396640666381,11.20750170796606,0.999580415546184,0.04195844538160631,1.0,0.55,117.95,57.15,1.0007495777027027,2.91726265,12.71546135
N-ordering-CV-budget,18944,hot-cold,1.07,0.375,20,0.8797609673883835,0.881482043312344,12.023903261161632,0.9941902409762031,0.5809759023796773,1.0,1.0,145.35,55.2,0.9946579391891894,4.144885749999999,18.14766865
N-ordering-CV-budget,18944,hot-cold,1.07,0.5,20,0.8827200435522358,0.8818170121385014,11.727995644776424,0.9907748383587087,0.9225161641291496,1.0,1.0,163.5,52.7,0.9913956925675675,5.2454144,23.78741505
N-ordering-CV-budget,18944,hot-cold,1.07,0.625,20,0.8867476260202141,0.8881802987199761,11.32523739797859,0.9880405048353884,1.1959495164611642,1.0,1.0,176.3,48.8,0.9887922297297296,6.429418100000001,28.691130849999997
N-ordering-CV-budget,18944,hot-cold,1.07,0.75,20,0.8978396996009039,0.8969702247957951,10.216030039909606,0.9889867888253512,1.101321117464874,1.0,1.0,183.8,48.5,0.9899493243243244,7.4113203,34.41777055000001
N-ordering-CV-budget,18944,hot-cold,1.07,0.875,20,0.9082754378778148,0.9082111395957344,9.172456212218519,0.9893235653709024,1.067643462909751,1.0,1.0,180.1,42.0,0.9906672297297296,8.5080974,40.27290655
N-ordering-CV-budget,18944,hot-cold,1.25,0.125,20,0.9107443390458283,0.9119400349830149,8.92556609541717,0.996200680646574,0.3799319353425957,1.0,0.85,78.95,52.3,1.003737331081081,1.43447615,7.770464550000002
N-ordering-CV-budget,18944,hot-cold,1.25,0.25,20,0.8863540353186117,0.8884030029690905,11.364596468138846,0.9982587991600731,0.17412008399268208,1.0,0.8,121.75,59.8,1.0003589527027024,2.92202675,13.174882299999998
N-ordering-CV-budget,18944,hot-cold,1.25,0.375,20,0.8791573533592721,0.8812342683533176,12.08426466407279,0.9927277167282937,0.7272283271706337,1.0,1.0,148.35,56.55,0.9959740990990993,4.28283195,18.86015745
N-ordering-CV-budget,18944,hot-cold,1.25,0.5,20,0.8796608678908584,0.8780668573549006,12.033913210914175,0.9890989601904765,1.0901039809523487,1.0,1.0,164.8,50.95,0.9911951013513514,5.377551899999999,24.193191849999998
N-ordering-CV-budget,18944,hot-cold,1.25,0.625,20,0.8882534121887508,0.8872604519450672,11.174658781124931,0.9887170017211309,1.1282998278869087,1.0,1.0,175.35,48.15,0.9903505067567566,6.40722335,29.212590349999992
N-ordering-CV-budget,18944,hot-cold,1.25,0.75,20,0.9002465125373172,0.8975775640591508,9.97534874626827,0.9894573765634116,1.0542623436588276,1.0,1.0,178.25,45.3,0.9913006756756756,7.4353036,35.08125235
N-ordering-CV-budget,18944,hot-cold,1.25,0.875,20,0.9142139119732013,0.9135561966248635,8.57860880267987,0.991440068478668,0.8559931521332075,1.0,1.0,175.7,44.75,0.9927636341698841,8.37579515,40.980631149999994
N-ordering-CV-budget,18944,hot-cold,1.44,0.125,20,0.9053465752879065,0.9088327994101109,9.465342471209357,0.9941947317396552,0.5805268260344871,1.0,0.8,82.3,53.85,1.0033361486486485,1.41155445,7.85741
N-ordering-CV-budget,18944,hot-cold,1.44,0.25,20,0.8815802724077122,0.8833404453772322,11.841972759228774,0.9965158982339688,0.34841017660311335,1.0,0.9,125.25,60.15,1.0008340371621622,3.01973785,13.685586599999999
N-ordering-CV-budget,18944,hot-cold,1.44,0.375,20,0.8764707037315785,0.8788407788308199,12.35292962684214,0.9930409946660568,0.6959005333943091,1.0,1.0,148.2,54.3,0.996044481981982,4.12678045,18.7759091
N-ordering-CV-budget,18944,hot-cold,1.44,0.5,20,0.8808801178808489,0.8782524993095288,11.911988211915125,0.9893938843308543,1.060611566914556,1.0,1.0,164.2,51.35,0.9915012668918919,5.28753565,23.907271400000003
N-ordering-CV-budget,18944,hot-cold,1.44,0.625,20,0.8927556562268247,0.8919622276006782,10.724434377317552,0.9894468698643889,1.0553130135610993,1.0,1.0,173.1,50.8,0.9911739864864864,6.3345256,29.633749500000004
N-ordering-CV-budget,18944,hot-cold,1.44,0.75,20,0.9060939996404365,0.9054788007783162,9.390600035956348,0.9905881716333965,0.9411828366603563,1.0,1.0,174.4,48.9,0.9923951295045047,7.3230141500000006,34.89467125
N-ordering-CV-budget,18944,hot-cold,1.44,0.875,20,0.9183692925446426,0.9185110166571079,8.163070745535755,0.9918043436018179,0.8195656398182039,1.0,1.0,169.55,44.35,0.9938495415057915,8.28746335,40.62196675
N-ordering-CV-budget,18944,hot-cold,2.48,0.125,20,0.8948423485475715,0.895198070921885,10.515765145242836,0.9829964542201368,1.7003545779862967,1.0,1.0,97.45,63.7,1.00625,1.4771513500000002,8.3731715
N-ordering-CV-budget,18944,hot-cold,2.48,0.25,20,0.8666049345726978,0.8681256455262248,13.339506542730197,0.9879375722736581,1.2062427726341984,1.0,1.0,143.3,65.1,1.0065878378378375,3.052898849999999,14.409263050000002
N-ordering-CV-budget,18944,hot-cold,2.48,0.375,20,0.8651169013569936,0.8646171407103699,13.488309864300627,0.9864147317832614,1.358526821673885,1.0,1.0,168.4,61.15,0.9987190315315315,4.303102699999999,20.25696825
N-ordering-CV-budget,18944,hot-cold,2.48,0.5,20,0.8792232314223423,0.880170495843456,12.077676857765775,0.9875763039531081,1.2423696046892068,1.0,1.0,178.4,58.85,0.9954022381756756,5.5166458,25.37211575
N-ordering-CV-budget,18944,hot-cold,2.48,0.625,20,0.8968643009644893,0.8948764024287852,10.313569903551075,0.9892900340490687,1.0709965950931348,1.0,1.0,177.3,55.75,0.9948268581081081,6.3255901,30.79105075
N-ordering-CV-budget,18944,hot-cold,2.48,0.75,20,0.9120773207228566,0.9130058840374853,8.792267927714333,0.990951401321127,0.9048598678872788,1.0,1.0,175.9,54.4,0.9959424268018019,7.36465395,35.931610000000006
N-ordering-CV-budget,18944,hot-cold,2.48,0.875,20,0.9253244505433494,0.9255014545762266,7.467554945665062,0.9931100978819629,0.6889902118037082,1.0,1.0,166.05,47.65,0.9971766409266408,8.2277101,41.81083745000001
N-ordering-CV-budget,18944,hot-cold,3.3,0.125,20,0.8845976270108726,0.8865345455041024,11.540237298912738,0.9740806887794735,2.5919311220526753,1.0,1.0,104.35,65.55,1.0112964527027026,1.49826145,8.744167999999998
N-ordering-CV-budget,18944,hot-cold,3.3,0.25,20,0.8607462960673427,0.8643971444133816,13.925370393265732,0.9846479146176097,1.5352085382390266,1.0,1.0,154.05,67.75,1.0144003378378377,2.9289917,14.328662349999998
N-ordering-CV-budget,18944,hot-cold,3.3,0.375,20,0.8650307159502308,0.8661519491448171,13.496928404976932,0.9868450874983303,1.3154912501669753,1.0,1.0,173.35,60.75,1.0060247747747746,4.2093346,20.1949656
N-ordering-CV-budget,18944,hot-cold,3.3,0.5,20,0.878660512019964,0.8787477847802134,12.133948798003596,0.9859549918717937,1.4045008128206231,1.0,1.0,185.0,60.5,0.999730785472973,5.11263535,25.233993400000003
N-ordering-CV-budget,18944,hot-cold,3.3,0.625,20,0.8946488254498352,0.8953163223630114,10.53511745501648,0.9883732978686017,1.1626702131398214,1.0,1.0,184.9,54.75,0.9996790540540539,6.121961949999999,30.681295549999998
N-ordering-CV-budget,18944,hot-cold,3.3,0.75,20,0.9124329100092939,0.9145184636090897,8.756708999070597,0.9911006941456882,0.8899305854311862,1.0,1.0,181.4,56.65,0.9985219594594593,7.1451232000000005,36.1880674
N-ordering-CV-budget,18944,hot-cold,3.3,0.875,20,0.9230277601242106,0.9235290242318508,7.697223987578933,0.9933574600925997,0.6642539907400485,1.0,1.0,177.55,49.5,1.0005520028957529,8.173404799999998,41.686364100000006
N-ordering-CV-budget,18944,hot-cold,4.55,0.125,20,0.8793668938486736,0.879497835879965,12.063310615132648,0.9650829105064405,3.491708949355934,1.0,1.0,117.05,75.2,1.010958614864865,1.5384555,8.846589900000001
N-ordering-CV-budget,18944,hot-cold,4.55,0.25,20,0.8531515641484468,0.8529366646219454,14.684843585155324,0.9791623284135756,2.0837671586424205,1.0,1.0,169.75,73.1,1.0231946790540543,2.82942815,14.9307231
N-ordering-CV-budget,18944,hot-cold,4.55,0.375,20,0.8570779482435805,0.8599515308325836,14.292205175641962,0.9805429978383371,1.945700216166293,1.0,1.0,190.85,66.4,1.0106770833333334,4.1747743,20.366561400000002
N-ordering-CV-budget,18944,hot-cold,4.55,0.5,20,0.8797304740658289,0.8782167012154577,12.026952593417104,0.9849970973011283,1.5002902698871652,1.0,1.0,192.8,63.4,1.005637668918919,5.285275,26.09737415
N-ordering-CV-budget,18944,hot-cold,4.55,0.625,20,0.8964241073507916,0.8939664153771462,10.357589264920854,0.9877861055303219,1.221389446967791,1.0,1.0,195.4,62.4,1.0034248310810812,6.305462250000001,31.920406549999996
N-ordering-CV-budget,18944,hot-cold,4.55,0.75,20,0.9124787895287797,0.9108762371471417,8.752121047122028,0.9902726512248201,0.9727348775179957,1.0,1.0,190.1,59.6,1.0025021114864863,7.196508850000001,36.945075599999996
N-ordering-CV-budget,18944,hot-cold,4.55,0.875,20,0.9232118253479868,0.9222982585045065,7.678817465201318,0.9918325326571203,0.8167467342879908,1.0,1.0,179.85,49.85,1.0019938465250966,8.2813705,42.8189639
N-ordering-CV-budget,18944,local,1.07,0.125,20,0.9822051484779483,0.9836327795837357,1.7794851522051676,0.9931161134811817,0.6883886518818298,1.0,1.0,93.8,89.3,0.9955869932432432,1.3517842000000002,7.942251000000001
N-ordering-CV-budget,18944,local,1.07,0.25,20,0.9714992240629516,0.9725930626031902,2.8500775937048317,0.9916988430796678,0.8301156920332147,1.0,1.0,156.05,141.75,0.9948479729729728,2.6189646499999997,13.421524450000001
N-ordering-CV-budget,18944,local,1.07,0.375,20,0.9652187443441969,0.9666388070411425,3.47812556558031,0.9911236314281583,0.8876368571841968,1.0,1.0,199.4,174.15,0.9941582207207208,3.7853718,18.930965250000007
N-ordering-CV-budget,18944,local,1.07,0.5,20,0.9599687136647281,0.959685114563072,4.003128633527193,0.9917217007054573,0.8278299294542608,1.0,1.0,219.1,181.3,0.9943887246621621,5.117519149999999,24.327990149999998
N-ordering-CV-budget,18944,local,1.07,0.625,20,0.9571896917895563,0.9582850085861123,4.281030821044362,0.9923626290630075,0.7637370936992355,1.0,1.0,218.5,169.6,0.994695945945946,6.1581451000000005,30.086597599999997
N-ordering-CV-budget,18944,local,1.07,0.75,20,0.9564297711993659,0.9563150839828196,4.35702288006341,0.9936164085992545,0.6383591400745575,1.0,1.0,193.65,136.4,0.995020411036036,7.192458600000002,35.61068110000001
N-ordering-CV-budget,18944,local,1.07,0.875,20,0.9622600801553018,0.961359062281236,3.773991984469822,0.9957033685885174,0.42966314114825427,1.0,1.0,136.75,81.2,0.9964104729729728,7.753975049999998,41.18538704999999
N-ordering-CV-budget,18944,local,1.25,0.125,20,0.9828677382460602,0.983322434014611,1.7132261753939697,0.9928457146018721,0.715428539812773,1.0,1.0,96.8,92.45,0.9956081081081083,1.2653626500000001,8.041056150000001
N-ordering-CV-budget,18944,local,1.25,0.25,20,0.9737961226843023,0.9738019534376324,2.6203877315697683,0.9910115569374291,0.8988443062570829,1.0,1.0,160.3,147.4,0.9944467905405405,2.6092381500000004,13.38792015
N-ordering-CV-budget,18944,local,1.25,0.375,20,0.9661958065933149,0.9653463433678032,3.3804193406685146,0.9912885045944062,0.8711495405593862,1.0,1.0,203.15,177.95,0.9951998873873874,3.8559358500000003,19.3661906
N-ordering-CV-budget,18944,local,1.25,0.5,20,0.9605221090680613,0.9614356619059422,3.9477890931938546,0.9916884383636715,0.8311561636328391,1.0,1.0,225.9,188.0,0.9949113175675676,4.92477065,24.64869475
N-ordering-CV-budget,18944,local,1.25,0.625,20,0.9564628411358684,0.9559484962634335,4.353715886413139,0.9923372715490941,0.7662728450905721,1.0,1.0,225.3,174.85,0.9950295608108108,5.9824209,30.34354675
N-ordering-CV-budget,18944,local,1.25,0.75,20,0.9549109442072024,0.9555769297071255,4.5089055792797526,0.9936455966627827,0.6354403337217367,1.0,1.0,198.2,138.0,0.9954497466216216,7.108597400000001,35.634335899999996
N-ordering-CV-budget,18944,local,1.25,0.875,20,0.9604249088025945,0.9606892137251433,3.957509119740545,0.9960948996051554,0.39051003948447904,1.0,1.0,141.1,81.35,0.9971434604247105,8.0330469,41.72286414999999
N-ordering-CV-budget,18944,local,1.44,0.125,20,0.980756690751484,0.9836381502228337,1.9243309248516116,0.9913686647382246,0.8631335261775552,1.0,1.0,96.75,91.85,0.9951013513513514,1.3075019,8.7911078
N-ordering-CV-budget,18944,local,1.44,0.25,20,0.9708078284509634,0.9708204979789554,2.919217154903669,0.9896436014374632,1.0356398562536822,1.0,1.0,162.9,148.45,0.9937394425675675,2.7895976,14.24574115
N-ordering-CV-budget,18944,local,1.44,0.375,20,0.9640149560006577,0.9640828883037573,3.5985043999342325,0.9898377302385419,1.0162269761458003,1.0,1.0,206.65,180.65,0.9933558558558557,3.8909623499999997,19.833648399999998
N-ordering-CV-budget,18944,local,1.44,0.5,20,0.9605844791229778,0.9603567080570558,3.9415520877022283,0.9908048952871626,0.9195104712837276,1.0,1.0,228.35,191.1,0.9940878378378379,5.114052850000001,25.274829349999997
N-ordering-CV-budget,18944,local,1.44,0.625,20,0.9582527304499877,0.9583610907260693,4.174726955001233,0.9920381123278075,0.7961887672192652,1.0,1.0,225.75,177.3,0.9952871621621622,6.2869862,31.40721535
N-ordering-CV-budget,18944,local,1.44,0.75,20,0.9566008387969266,0.9564603975816027,4.339916120307356,0.99358972853212,0.6410271467880092,1.0,1.0,198.65,139.95,0.9962028434684684,7.0668338,36.7246748
N-ordering-CV-budget,18944,local,1.44,0.875,20,0.9631814887616554,0.9636864884225784,3.6818511238344427,0.9965943710667163,0.3405628933283572,1.0,1.0,137.7,81.4,0.9979126447876446,7.8358142,42.02161865000001
N-ordering-CV-budget,18944,local,2.48,0.125,20,0.9731368760075118,0.9748534972218218,2.6863123992488225,0.9873602622546072,1.2639737745392874,1.0,1.0,106.65,99.8,0.9920185810810809,1.3298686999999998,8.93216235
N-ordering-CV-budget,18944,local,2.48,0.25,20,0.962529864968751,0.9644561301476724,3.7470135031248857,0.9851260820366974,1.4873917963302583,1.0,1.0,175.9,157.25,0.9910578547297296,2.7457155500000003,14.692990850000001
N-ordering-CV-budget,18944,local,2.48,0.375,20,0.9598755310874459,0.9605228809711948,4.012446891255399,0.9875817561826199,1.2418243817379984,1.0,1.0,216.7,187.45,0.9923634572072073,3.893861499999999,20.3258932
N-ordering-CV-budget,18944,local,2.48,0.5,20,0.9580332670555455,0.9575831678493274,4.196673294445448,0.9892136247886704,1.0786375211329708,1.0,1.0,233.8,193.85,0.9937394425675674,5.0481155,26.33128765
N-ordering-CV-budget,18944,local,2.48,0.625,20,0.9570719271185549,0.9561314032237848,4.292807288144509,0.9916834135431412,0.8316586456858875,1.0,1.0,227.55,177.4,0.9953758445945946,6.09376795,32.04320545
N-ordering-CV-budget,18944,local,2.48,0.75,20,0.958531818943689,0.9587649830991513,4.146818105631117,0.9936130822323674,0.6386917767632416,1.0,1.0,196.15,139.25,0.9971002252252253,7.0033156000000005,37.6912936
N-ordering-CV-budget,18944,local,2.48,0.875,20,0.9666865519680344,0.9664832263349821,3.3313448031965662,0.9967307449054801,0.32692550945199794,1.0,0.95,133.55,81.95,0.9986516650579149,7.888279800000002,42.17706785000001
N-ordering-CV-budget,18944,local,3.3,0.125,20,0.9705196861151967,0.9701849709823871,2.9480313884803424,0.9845756290805223,1.5424370919477624,1.0,1.0,111.05,103.75,0.9896114864864863,1.3790711500000001,9.231447300000001
N-ordering-CV-budget,18944,local,3.3,0.25,20,0.9618677523174748,0.9632044062173222,3.813224768252528,0.9839874308784768,1.6012569121523093,1.0,1.0,182.05,162.95,0.9906566722972974,2.8583017,15.471621250000002
N-ordering-CV-budget,18944,local,3.3,0.375,20,0.9566972963511544,0.9585825288654845,4.330270364884563,0.9856523237961339,1.434767620386593,1.0,1.0,221.55,189.3,0.9924831081081079,4.054573200000002,20.93229285
N-ordering-CV-budget,18944,local,3.3,0.5,20,0.9536520106354196,0.952972237745525,4.634798936458045,0.9880507425003827,1.1949257499617454,1.0,1.0,238.55,193.85,0.9935494087837837,5.041165050000001,27.10590095
N-ordering-CV-budget,18944,local,3.3,0.625,20,0.9554217996265558,0.9558973734521277,4.457820037344412,0.9902481711668735,0.9751828833126586,1.0,1.0,235.5,183.6,0.9947001689189188,6.114092099999999,32.33904254999999
N-ordering-CV-budget,18944,local,3.3,0.75,20,0.959126662099354,0.9584947150345655,4.087333790064572,0.9936599695225367,0.6340030477463243,1.0,1.0,202.35,145.95,0.9971811655405405,7.0590923499999985,38.24318625
N-ordering-CV-budget,18944,local,3.3,0.875,20,0.9683931926325535,0.9682962075738248,3.160680736744667,0.9973224049165431,0.2677595083456824,1.0,1.0,135.45,85.65,0.999248914092664,7.70734665,42.7695953
N-ordering-CV-budget,18944,local,4.55,0.125,20,0.9692614712738525,0.9685352877673092,3.073852872614734,0.9829877018551691,1.7012298144830875,1.0,1.0,116.25,108.6,0.9885135135135135,1.4264210999999998,9.460062699999998
N-ordering-CV-budget,18944,local,4.55,0.25,20,0.9608147517884197,0.961670542485783,3.918524821158029,0.9821040993285148,1.7895900671485119,1.0,1.0,187.45,168.0,0.989527027027027,2.7766099,15.860480449999997
N-ordering-CV-budget,18944,local,4.55,0.375,20,0.9553666332888804,0.9556397196921029,4.463336671111962,0.9843668391010321,1.563316089896809,1.0,1.0,230.4,196.25,0.9930813626126126,3.9904568000000005,21.503079250000003
N-ordering-CV-budget,18944,local,4.55,0.5,20,0.9518630394348151,0.9516558148998786,4.813696056518481,0.98695024368274,1.3049756317260037,1.0,1.0,245.05,197.6,0.9941195101351349,4.89008425,27.179239250000002
N-ordering-CV-budget,18944,local,4.55,0.625,20,0.9512134483174339,0.9513194427625635,4.878655168256589,0.9896030453108795,1.0396954689120386,1.0,1.0,241.15,181.75,0.9963851351351354,5.994420949999999,32.449653850000004
N-ordering-CV-budget,18944,local,4.55,0.75,20,0.957078470215999,0.9569013241814324,4.292152978400099,0.994393577820737,0.560642217926295,1.0,1.0,205.1,143.35,0.9989477759009009,7.1843654,38.02023275
N-ordering-CV-budget,18944,local,4.55,0.875,20,0.9675658436331253,0.9677558466828233,3.2434156366874776,0.9973498788001167,0.26501211998831814,1.0,0.95,136.55,83.7,1.0003861003861003,7.555460199999999,42.94597865
N-ordering-CV-budget,18944,random,1.07,0.125,20,0.985183343421409,0.9842824729346406,1.4816656578590859,0.9896052459687956,1.0394754031204303,0.95,0.95,110.65,107.95,0.9902238175675677,1.4533494,6.241291250000001
N-ordering-CV-budget,18944,random,1.07,0.25,20,0.9668790054036114,0.9656934820553356,3.31209945963884,0.9843220558397157,1.5677944160284434,1.0,1.0,206.8,191.55,0.9868032094594593,2.8203191,10.1217393
N-ordering-CV-budget,18944,random,1.07,0.375,20,0.9473314380034049,0.9490609559501113,5.266856199659493,0.9830696158990804,1.6930384100919493,1.0,1.0,297.8,254.85,0.9904490427927927,4.1330620499999995,14.507610450000001
N-ordering-CV-budget,18944,random,1.07,0.5,20,0.9255414544547176,0.9259997044231794,7.4458545545282675,0.9873476203987451,1.2652379601255028,1.0,1.0,377.55,286.35,1.000390625,5.591912150000001,20.737351
N-ordering-CV-budget,18944,random,1.07,0.625,20,0.8990489998420964,0.8992413297889922,10.095100015790369,0.9952260075186603,0.4773992481339784,1.0,1.0,436.05,270.45,1.0144510135135134,7.231165000000002,28.104254349999998
N-ordering-CV-budget,18944,random,1.07,0.75,20,0.877312297641538,0.8777232613275556,12.268770235846208,1.0049362357996816,-0.4936235799681632,1.0,0.0,438.35,195.25,1.0270692567567568,8.4665281,36.2402404
N-ordering-CV-budget,18944,random,1.07,0.875,20,0.8740735135450448,0.8743442946186493,12.592648645495512,1.0181957900308716,-1.8195790030871541,1.0,0.0,339.7,61.05,1.0340009652509654,8.99563865,42.54422195
N-ordering-CV-budget,18944,random,1.25,0.125,20,0.982636453647624,0.9816156490669476,1.7363546352376098,0.9880843452135549,1.1915654786445031,0.95,0.95,117.95,115.0,0.9869087837837837,1.42865425,6.53108735
N-ordering-CV-budget,18944,random,1.25,0.25,20,0.9658277056991919,0.9658456492811749,3.4172294300808184,0.9816252505349372,1.8374749465062752,1.0,1.0,219.2,204.05,0.9840054898648649,2.93616045,10.62611495
N-ordering-CV-budget,18944,random,1.25,0.375,20,0.9433998513610294,0.9436693651501734,5.660014863897048,0.979687887044232,2.0312112955768082,1.0,1.0,312.3,265.85,0.9889076576576576,4.2873481500000015,15.711690999999998
N-ordering-CV-budget,18944,random,1.25,0.5,20,0.92036060048612,0.9200865592791536,7.963939951387998,0.984067594650693,1.593240534930684,1.0,1.0,393.1,293.5,1.0013935810810812,5.7777063,21.935816949999996
N-ordering-CV-budget,18944,random,1.25,0.625,20,0.8958186094099062,0.8955324174534233,10.41813905900938,0.9919716386240991,0.802836137590095,1.0,1.0,448.2,274.0,1.0168581081081078,7.3195898999999995,29.346867350000004
N-ordering-CV-budget,18944,random,1.25,0.75,20,0.8733077073740564,0.8730574224606598,12.669229262594364,1.0036151384642293,-0.3615138464229162,1.0,0.1,446.95,191.2,1.0308206644144144,8.44870885,36.762400449999994
N-ordering-CV-budget,18944,random,1.25,0.875,20,0.8705058925485109,0.8704033867409895,12.949410745148928,1.0198166458731348,-1.9816645873134964,1.0,0.0,349.05,55.95,1.0385949565637067,9.00586935,43.03650715
N-ordering-CV-budget,18944,random,1.44,0.125,20,0.9798379459877051,0.9802183485415465,2.0162054012294868,0.9844266850762062,1.557331492379387,0.95,0.95,129.75,126.35,0.983572635135135,1.447748,6.817535049999999
N-ordering-CV-budget,18944,random,1.44,0.25,20,0.961374722452628,0.9606417485700494,3.862527754737176,0.9775841780630037,2.2415821936996396,1.0,1.0,236.0,218.8,0.9805743243243242,2.9310917499999998,11.18806455
N-ordering-CV-budget,18944,random,1.44,0.375,20,0.9380226013238667,0.9369910930197458,6.197739867613335,0.9753388350078522,2.466116499214779,1.0,1.0,333.85,282.0,0.9873170045045045,4.3664301,16.88089825
N-ordering-CV-budget,18944,random,1.44,0.5,20,0.9138912263940187,0.9135030105413351,8.610877360598133,0.9787979545983522,2.1202045401647944,1.0,1.0,417.75,306.7,1.0029719172297298,5.99989205,23.9086022
N-ordering-CV-budget,18944,random,1.44,0.625,20,0.8873937510379463,0.8867283552299059,11.260624896205375,0.9878983981337081,1.210160186629187,1.0,1.0,473.05,278.05,1.021913006756757,7.5486188499999995,31.7043861
N-ordering-CV-budget,18944,random,1.44,0.75,20,0.8664306109634843,0.8659745901153832,13.356938903651564,1.002309283432601,-0.23092834326011338,1.0,0.2,467.7,189.0,1.0374542511261262,8.832261599999999,39.32493584999999
N-ordering-CV-budget,18944,random,1.44,0.875,20,0.8667788824574629,0.8656888955282298,13.322111754253715,1.0220377730840338,-2.203777308403371,1.0,0.0,361.45,50.35,1.045068170849421,9.299435350000001,44.8752668
N-ordering-CV-budget,18944,random,2.48,0.125,20,0.9622854251430482,0.9606774235226103,3.77145748569518,0.9715812974211266,2.8418702578873374,1.0,1.0,175.5,169.85,0.957643581081081,1.5844726999999998,8.40537425
N-ordering-CV-budget,18944,random,2.48,0.25,20,0.9380774511262537,0.9388292084551053,6.192254887374636,0.9598460401780237,4.015395982197626,1.0,1.0,299.25,270.65,0.9618982263513512,3.30673835,14.054534399999998
N-ordering-CV-budget,18944,random,2.48,0.375,20,0.914471337252829,0.9146523968726713,8.552866274717088,0.9545377917102801,4.546220828972002,1.0,1.0,409.55,332.35,0.9811585022522522,5.0640544499999995,20.583284850000002
N-ordering-CV-budget,18944,random,2.48,0.5,20,0.8908726261232769,0.8910458327420581,10.912737387672328,0.9594408841465816,4.055911585341845,1.0,1.0,493.25,338.8,1.010230152027027,6.465797450000001,28.219407949999997
N-ordering-CV-budget,18944,random,2.48,0.625,20,0.8670320693118496,0.8661281098343276,13.296793068815045,0.971978612119971,2.802138788002889,1.0,1.0,538.5,286.65,1.038099662162162,7.65227365,34.84498655
N-ordering-CV-budget,18944,random,2.48,0.75,20,0.8468039582233594,0.8469745659180558,15.319604177664065,0.9933373122551888,0.6662687744811213,1.0,0.95,521.0,176.95,1.055806587837838,8.68361865,40.799752149999996
N-ordering-CV-budget,18944,random,2.48,0.875,20,0.8608583847629397,0.8612857292623739,13.914161523706028,1.0270861131878777,-2.708611318787775,1.0,0.0,391.5,41.65,1.0611305501930501,9.121983799999999,45.06496595
N-ordering-CV-budget,18944,random,3.3,0.125,20,0.9409452981749945,0.9401775445964118,5.905470182500556,0.959438470363145,4.056152963685501,1.0,1.0,197.05,186.3,0.9362119932432433,1.7887138,9.243031349999999
N-ordering-CV-budget,18944,random,3.3,0.25,20,0.9222169065566976,0.9228151766471697,7.778309344330215,0.948193194127841,5.1806805872159085,1.0,1.0,330.9,291.9,0.9533150337837839,3.5563946,15.610868599999998
N-ordering-CV-budget,18944,random,3.3,0.375,20,0.9008670803017272,0.9003946947295107,9.913291969827274,0.9427651308236722,5.723486917632781,1.0,1.0,442.6,346.25,0.9837134009009008,5.087634050000001,22.64160295
N-ordering-CV-budget,18944,random,3.3,0.5,20,0.8795369553901613,0.8785314758162206,12.046304460983862,0.9486998959162637,5.130010408373621,1.0,1.0,525.8,344.15,1.019747677364865,6.648988,29.71518285
N-ordering-CV-budget,18944,random,3.3,0.625,20,0.8561831549862842,0.856035225665176,14.381684501371591,0.9641066267657582,3.5893373234241865,1.0,1.0,569.45,282.2,1.050962837837838,7.913193950000002,36.1114518
N-ordering-CV-budget,18944,random,3.3,0.75,20,0.8387322320751387,0.8380052520197423,16.12677679248613,0.9907754404161366,0.9224559583863503,1.0,0.95,543.6,164.9,1.0688309403153153,8.7797104,42.02257375000001
N-ordering-CV-budget,18944,random,3.3,0.875,20,0.8588094812495622,0.859607049886645,14.119051875043766,1.02990403805738,-2.9904038057380022,1.0,0.0,404.7,34.65,1.0709761100386102,8.80344635,45.324694949999994
N-ordering-CV-budget,18944,random,4.55,0.125,20,0.92984509077201,0.9300051022245537,7.015490922798986,0.9545696337013163,4.543036629868357,1.0,1.0,227.1,215.1,0.9108108108108107,1.8685656500000003,10.0951602
N-ordering-CV-budget,18944,random,4.55,0.25,20,0.905091988232534,0.9074746221572836,9.490801176746592,0.9369941712782399,6.300582872176025,1.0,1.0,375.35,325.45,0.9386085304054055,3.6736531,17.13767725
N-ordering-CV-budget,18944,random,4.55,0.375,20,0.8855341817815241,0.8891658272192468,11.446581821847605,0.9308518883222474,6.914811167775253,1.0,1.0,492.35,372.2,0.9862190315315317,5.2927299,24.40579185
N-ordering-CV-budget,18944,random,4.55,0.5,20,0.8652945225947397,0.8669481109844248,13.47054774052603,0.9366247691595235,6.337523084047645,1.0,1.0,575.5,357.0,1.0324165962837837,6.74342925,31.538295650000002
N-ordering-CV-budget,18944,random,4.55,0.625,20,0.841315517650013,0.8428661918765994,15.868448234998713,0.9537859224662462,4.621407753375378,1.0,1.0,615.75,278.9,1.0682094594594598,8.048831750000002,37.78773595
N-ordering-CV-budget,18944,random,4.55,0.75,20,0.8283219167567323,0.8282707563672616,17.167808324326774,0.9870910325370732,1.2908967462926617,1.0,1.0,577.45,154.15,1.084709318693694,8.8512363,42.96484135000001
N-ordering-CV-budget,18944,random,4.55,0.875,20,0.8575887815129025,0.8582799412688351,14.24112184870975,1.0335128637452133,-3.351286374521321,1.0,0.0,422.5,30.45,1.0826164333976833,8.771862849999998,45.81480315
