trial,coverage_target,coverage_achieved,coverage_overshoot,coverage_rows,coverage_row_fraction,coverage_chunks,coverage_aff_ms,coverage_table_ms,lagrangian_achieved,lagrangian_overshoot,lagrangian_rows,lagrangian_row_fraction,lagrangian_chunks,lagrangian_aff_ms,lagrangian_table_ms,lagrangian_target_gap_pct,lagrangian_achieved_gap_pct,lagrangian_candidate_count,lagrangian_probe_count
0,0.1,0.10207892067645678,0.0020789206764567775,16,0.0625,1,0.013237889458506534,0.014520079654829075,0.9895124624572426,0.8895124624572426,251,0.98046875,1,0.04609388048469387,0.04799157894736842,248.19659605991356,0.0,4,2
0,0.2,0.20447879953245743,0.004478799532457417,37,0.14453125,1,0.01617395674169774,0.017040686274509803,0.9895124624572426,0.7895124624572425,251,0.98046875,1,0.04609388048469387,0.04799157894736842,184.9882760342755,0.0,4,2
0,0.3,0.30076368971999634,0.0007636897199963522,58,0.2265625,1,0.019110024024888952,0.019890460739779365,0.9895124624572426,0.6895124624572426,251,0.98046875,1,0.04609388048469387,0.04799157894736842,141.2026297018835,0.0,4,2
0,0.4,0.4033545407271977,0.0033545407271976524,89,0.34765625,1,0.02344421858579026,0.02250882612533098,0.9895124624572426,0.5895124624572425,251,0.98046875,1,0.04609388048469387,0.04799157894736842,96.61086299814559,0.0,4,2
0,0.5,0.5025591941716833,0.0025591941716832656,117,0.45703125,1,0.027358974963378538,0.025853610503282276,0.9895124624572426,0.48951246245724256,251,0.98046875,1,0.04609388048469387,0.04799157894736842,68.47809739360855,0.0,4,2
0,0.6,0.6046123098432521,0.004612309843252116,143,0.55859375,1,0.030994105885424797,0.030185419354838712,0.9895124624572426,0.3895124624572426,251,0.98046875,1,0.04609388048469387,0.04799157894736842,48.71821324702208,0.0,4,2
0,0.7,0.7025876543861399,0.002587654386139948,169,0.66015625,1,0.034629236807471056,0.033990044576523035,0.9895124624572426,0.2895124624572426,251,0.98046875,1,0.04609388048469387,0.04799157894736842,33.1068332258174,0.0,4,2
0,0.8,0.8007138285048216,0.0007138285048216009,200,0.78125,1,0.03896343136837237,0.03915611015490534,0.9895124624572426,0.18951246245724251,251,0.98046875,1,0.04609388048469387,0.04799157894736842,18.30036232925183,0.0,4,2
0,0.85,0.856044397637117,0.0060443976371170605,216,0.84375,1,0.04120043501270853,0.04185874769797422,0.9895124624572426,0.13951246245724258,251,0.98046875,1,0.04609388048469387,0.04799157894736842,11.877169429099311,0.0,4,2
0,0.9,0.9012329314908318,0.0012329314908318123,227,0.88671875,1,0.04273837501818963,0.04437192307692307,0.9895124624572426,0.08951246245724254,251,0.98046875,1,0.04609388048469387,0.04799157894736842,7.851270585454229,0.0,4,2
0,0.95,0.9508746740918005,0.0008746740918005314,240,0.9375,1,0.04455594047921276,0.04549817813765182,0.9895124624572426,0.0395124624572426,251,0.98046875,1,0.04609388048469387,0.04799157894736842,3.4517058532265166,0.0,4,2
0,0.97,0.9719962965669404,0.0019962965669404475,246,0.9609375,1,0.04539481684583883,0.04721863354037267,0.9895124624572426,0.019512462457242585,251,0.98046875,1,0.04609388048469387,0.04799157894736842,1.5399635628646102,0.0,4,2
0,0.99,0.9925352803139711,0.0025352803139711,253,0.98828125,1,0.04637350594023589,0.04783099787685775,0.9986392822851969,0.008639282285196948,255,0.99609375,1,0.04665313139577791,0.048423504273504274,0.6029853682022468,0.0,4,2
1,0.1,0.10242821787703021,0.0024282178770302087,17,0.06640625,1,0.013377702186277544,0.015339002036659877,0.98635531227296,0.88635531227296,247,0.96484375,1,0.04553462957360983,0.04780103734439834,240.37706131863158,0.0,5,3
1,0.2,0.20483976800789508,0.004839768007895068,39,0.15234375,1,0.01645358219723976,0.017378827690752906,0.98635531227296,0.7863553122729601,247,0.96484375,1,0.04553462957360983,0.04780103734439834,176.74599383743126,0.0,5,3
1,0.3,0.30061942936712677,0.0006194293671267781,59,0.23046875,1,0.01924983675265996,0.019197965879265092,0.98635531227296,0.68635531227296,247,0.96484375,1,0.04553462957360983,0.04780103734439834,136.54553624886097,0.0,5,3
1,0.4,0.4035160586838535,0.0035160586838534624,84,0.328125,1,0.02274515494693521,0.02176891891891892,0.98635531227296,0.58635531227296,247,0.96484375,1,0.04553462957360983,0.04780103734439834,100.19485327685307,0.0,5,3
1,0.5,0.5006386974721666,0.000638697472166605,111,0.43359375,1,0.02652009859675248,0.02610922431865828,0.98635531227296,0.48635531227296,247,0.96484375,1,0.04553462957360983,0.04780103734439834,71.69856819154428,0.0,5,3
1,0.6,0.6038764944720076,0.0038764944720076633,140,0.546875,1,0.03057466770211177,0.029551584283903677,0.98635531227296,0.38635531227296005,247,0.96484375,1,0.04553462957360983,0.04780103734439834,48.92927052307681,0.0,5,3
1,0.7,0.7055660964040952,0.005566096404095222,168,0.65625,1,0.03448942407970005,0.033354733727810656,0.98635531227296,0.28635531227296007,247,0.96484375,1,0.04553462957360983,0.04780103734439834,32.02490557217168,0.0,5,3
1,0.8,0.800990023755353,0.0009900237553529534,194,0.7578125,1,0.03812455500174631,0.03832177554438861,0.98635531227296,0.18635531227295998,247,0.96484375,1,0.04553462957360983,0.04780103734439834,19.436488036448175,0.0,5,3
1,0.85,0.8502912587283281,0.0002912587283281365,209,0.81640625,1,0.04022174591831146,0.040852951699463326,0.98635531227296,0.13635531227296005,247,0.96484375,1,0.04553462957360983,0.04780103734439834,13.208983185584744,0.0,5,3
1,0.9,0.9016997527015466,0.001699752701546542,225,0.87890625,1,0.04245874956264761,0.0438043893129771,0.98635531227296,0.08635531227296,247,0.96484375,1,0.04553462957360983,0.04780103734439834,7.244396131882724,0.0,5,3
1,0.95,0.952850754112244,0.0028507541122440028,237,0.92578125,1,0.044136502295899736,0.0458994,0.98635531227296,0.03635531227296007,247,0.96484375,1,0.04553462957360983,0.04780103734439834,3.167734652684473,0.0,5,3
1,0.97,0.9735841251721715,0.0035841251721715484,243,0.94921875,1,0.044975378662525795,0.046523312883435586,0.98635531227296,0.016355312272960054,247,0.96484375,1,0.04553462957360983,0.04780103734439834,1.2434601502310683,0.0,5,3
1,0.99,0.9910489323163247,0.0010489323163247466,250,0.9765625,1,0.045954067756922866,0.04733333333333334,0.9993788565096675,0.009378856509667521,255,0.99609375,1,0.04665313139577791,0.048423504273504274,1.5212225445477179,0.0,5,3
2,0.1,0.10232033723189252,0.002320337231892511,18,0.0703125,1,0.013517514914048553,0.014918147120055517,0.9993027793354894,0.8993027793354894,254,0.9921875,1,0.046513318668006905,0.04839595744680851,244.09666986693165,0.0,3,2
2,0.2,0.20089837034919156,0.0008983703491915462,39,0.15234375,1,0.01645358219723976,0.017378827690752906,0.9993027793354894,0.7993027793354894,254,0.9921875,1,0.046513318668006905,0.04839595744680851,182.69417632234482,0.0,3,2
2,0.3,0.3002899115230259,0.00028991152302593193,64,0.25,1,0.019948900391515013,0.019484455239417074,0.9993027793354894,0.6993027793354893,254,0.9921875,1,0.046513318668006905,0.04839595744680851,133.1623184994733,0.0,3,2
2,0.4,0.40329225976137856,0.0032922597613785354,90,0.3515625,1,0.023584031313561273,0.022319679430097952,0.9993027793354894,0.5993027793354894,254,0.9921875,1,0.046513318668006905,0.04839595744680851,97.22378269257493,0.0,3,2
2,0.5,0.501595252673141,0.0015952526731409788,115,0.44921875,1,0.02707934950783652,0.025499892125134843,0.9993027793354894,0.4993027793354894,254,0.9921875,1,0.046513318668006905,0.04839595744680851,71.76675035914866,0.0,3,2
2,0.6,0.6005256595394709,0.000525659539470924,140,0.546875,1,0.03057466770211177,0.029551584283903677,0.9993027793354894,0.3993027793354894,254,0.9921875,1,0.046513318668006905,0.04839595744680851,52.13025083767062,0.0,3,2
2,0.7,0.7016374012499185,0.001637401249918513,169,0.66015625,1,0.034629236807471056,0.033990044576523035,0.9993027793354894,0.29930277933548943,254,0.9921875,1,0.046513318668006905,0.04839595744680851,34.31805883163999,0.0,3,2
2,0.8,0.8031338004676414,0.0031338004676413345,199,0.77734375,1,0.03882361864060136,0.03939914383561644,0.9993027793354894,0.19930277933548934,254,0.9921875,1,0.046513318668006905,0.04839595744680851,19.806757578655308,0.0,3,2
2,0.85,0.8514936243622129,0.0014936243622128975,213,0.83203125,1,0.0407809968293955,0.04163018181818182,0.9993027793354894,0.1493027793354894,254,0.9921875,1,0.046513318668006905,0.04839595744680851,14.056355372067486,0.0,3,2
2,0.9,0.9009986733834924,0.0009986733834923545,227,0.88671875,1,0.04273837501818963,0.04437192307692307,0.9993027793354894,0.09930277933548937,254,0.9921875,1,0.046513318668006905,0.04839595744680851,8.832679408636013,0.0,3,2
2,0.95,0.9505090561170805,0.0005090561170805197,239,0.93359375,1,0.044416127751441756,0.04510987903225806,0.9993027793354894,0.04930277933548943,254,0.9921875,1,0.046513318668006905,0.04839595744680851,4.721687870453928,0.0,3,2
2,0.97,0.9712012792084941,0.0012012792084941104,245,0.95703125,1,0.045255004118067814,0.04686082474226804,0.9993027793354894,0.029302779335489415,254,0.9921875,1,0.046513318668006905,0.04839595744680851,2.7804981448155797,0.0,3,2
2,0.99,0.9917238135262444,0.0017238135262443999,252,0.984375,1,0.046233693212464885,0.047364904862579285,0.9993027793354894,0.009302779335489397,254,0.9921875,1,0.046513318668006905,0.04839595744680851,0.6048088225550474,0.0,3,2
3,0.1,0.10251202522540054,0.0025120252254005326,19,0.07421875,1,0.013657327641819563,0.015312371499468274,0.925418040501728,0.8254180405017281,226,0.8828125,1,0.042598562290418626,0.0439360153256705,211.9099388080817,0.0,5,2
3,0.2,0.2001894978196814,0.000189497819681389,42,0.1640625,1,0.016873020380552793,0.01772222808870116,0.925418040501728,0.7254180405017281,226,0.8828125,1,0.042598562290418626,0.0439360153256705,152.46554161409134,0.0,5,2
3,0.3,0.30220784751916346,0.002207847519163475,66,0.2578125,1,0.020228525847057033,0.02009113475177305,0.925418040501728,0.625418040501728,226,0.8828125,1,0.042598562290418626,0.0439360153256705,110.58658753730253,0.0,5,2
3,0.4,0.4012401282978736,0.0012401282978735662,87,0.33984375,1,0.02316459313024824,0.022755073720728537,0.925418040501728,0.525418040501728,226,0.8828125,1,0.042598562290418626,0.0439360153256705,83.895145711813,0.0,5,2
3,0.5,0.5020330082967525,0.0020330082967524588,113,0.44140625,1,0.0267997240522945,0.025414468085106383,0.925418040501728,0.42541804050172805,226,0.8828125,1,0.042598562290418626,0.0439360153256705,58.95149594561397,0.0,5,2
3,0.6,0.6001625725703461,0.00016257257034613115,141,0.55078125,1,0.030714480429882778,0.029799617346938777,0.925418040501728,0.32541804050172807,226,0.8828125,1,0.042598562290418626,0.0439360153256705,38.69211425427066,0.0,5,2
3,0.7,0.7003436242982953,0.0003436242982953752,169,0.66015625,1,0.034629236807471056,0.033990044576523035,0.925418040501728,0.2254180405017281,226,0.8828125,1,0.042598562290418626,0.0439360153256705,23.01328651062917,0.0,5,2
3,0.8,0.8018817169557586,0.0018817169557585611,193,0.75390625,1,0.037984742273975296,0.038588,0.925418040501728,0.125418040501728,226,0.8828125,1,0.042598562290418626,0.0439360153256705,12.14650867752345,0.0,5,2
3,0.85,0.8523288405250693,0.00232884052506932,206,0.8046875,1,0.039802307734998425,0.039936572438162544,0.925418040501728,0.07541804050172807,226,0.8828125,1,0.042598562290418626,0.0439360153256705,7.025357861251447,0.0,5,2
3,0.9,0.9035564606829442,0.003556460682944129,220,0.859375,1,0.04175968592379257,0.04211292134831461,0.925418040501728,0.025418040501728023,226,0.8828125,1,0.042598562290418626,0.0439360153256705,2.0088186682172937,0.0,5,2
3,0.95,0.9501084628528661,0.00010846285286614243,236,0.921875,1,0.04399668956812872,0.04414103585657371,0.9954113031481039,0.04541130314810393,253,0.98828125,1,0.04637350594023589,0.04783099787685775,5.402261841602152,0.0,5,2
3,0.97,0.9711175918560482,0.0011175918560482057,245,0.95703125,1,0.045255004118067814,0.04686082474226804,0.9954113031481039,0.025411303148103914,253,0.98828125,1,0.04637350594023589,0.04783099787685775,2.4715539065027325,0.0,5,2
3,0.99,0.9921570548655524,0.002157054865552399,252,0.984375,1,0.046233693212464885,0.047364904862579285,0.9954113031481039,0.0054113031481038965,253,0.98828125,1,0.04637350594023589,0.04783099787685775,0.3024044112775126,0.0,5,2
4,0.1,0.10168879307212889,0.0016887930721288802,21,0.08203125,1,0.013936953097361583,0.015592276422764229,0.9985247234368462,0.8985247234368462,255,0.99609375,1,0.04665313139577791,0.048423504273504274,234.7441228356423,0.0,3,2
4,0.2,0.20332763737917742,0.003327637379177406,44,0.171875,1,0.017152645836094813,0.017583269961977187,0.9985247234368462,0.7985247234368462,255,0.99609375,1,0.04665313139577791,0.048423504273504274,171.98795941792474,0.0,3,2
4,0.3,0.3055156737157387,0.005515673715738689,71,0.27734375,1,0.02092758948591208,0.020301941747572817,0.9985247234368462,0.6985247234368461,255,0.99609375,1,0.04665313139577791,0.048423504273504274,122.92644562424933,0.0,3,2
4,0.4,0.4001710354103175,0.00017103541031748826,95,0.37109375,1,0.02428309495241632,0.023273191094619665,0.9985247234368462,0.5985247234368462,255,0.99609375,1,0.04665313139577791,0.048423504273504274,92.12185055980943,0.0,3,2
4,0.5,0.5002047824583526,0.00020478245835264808,122,0.4765625,1,0.02805803860223359,0.026395814479638006,0.9985247234368462,0.4985247234368462,255,0.99609375,1,0.04665313139577791,0.048423504273504274,66.27367314286907,0.0,3,2
4,0.6,0.6004620629417851,0.00046206294178507967,152,0.59375,1,0.03225242043536389,0.03150054347826087,0.9985247234368462,0.3985247234368462,255,0.99609375,1,0.04665313139577791,0.048423504273504274,44.650016234515036,0.0,3,2
4,0.7,0.7012485996509636,0.0012485996509636887,176,0.6875,1,0.03560792590186813,0.03554692307692307,0.9985247234368462,0.2985247234368462,255,0.99609375,1,0.04665313139577791,0.048423504273504274,31.018952141018442,0.0,3,2
4,0.8,0.801367266436728,0.0013672664367279097,203,0.79296875,1,0.0393828695516854,0.03993362369337979,0.9985247234368462,0.19852472343684613,255,0.99609375,1,0.04665313139577791,0.048423504273504274,18.46046752522983,0.0,3,2
4,0.85,0.8519301228944777,0.0019301228944776927,215,0.83984375,1,0.041060622284937516,0.0420308256880734,0.9985247234368462,0.1485247234368462,255,0.99609375,1,0.04665313139577791,0.048423504273504274,13.620127508130642,0.0,3,2
4,0.9,0.9061334842913894,0.0061334842913893795,230,0.8984375,1,0.043157813201502665,0.04402826510721248,0.9985247234368462,0.09852472343684615,255,0.99609375,1,0.04665313139577791,0.048423504273504274,8.0989233118826,0.0,3,2
4,0.95,0.9545663016372977,0.004566301637297765,243,0.94921875,1,0.044975378662525795,0.046523312883435586,0.9985247234368462,0.04852472343684622,255,0.99609375,1,0.04665313139577791,0.048423504273504274,3.730380450693227,0.0,3,2
4,0.97,0.9722273952573747,0.002227395257374698,247,0.96484375,1,0.04553462957360983,0.04780103734439834,0.9985247234368462,0.0285247234368462,255,0.99609375,1,0.04665313139577791,0.048423504273504274,2.456376240768443,0.0,3,2
4,0.99,0.9909011729592659,0.0009011729592659501,253,0.98828125,1,0.04637350594023589,0.04783099787685775,0.9985247234368462,0.008524723436846182,255,0.99609375,1,0.04665313139577791,0.048423504273504274,0.6029853682022468,0.0,3,2
5,0.1,0.10102833391982315,0.0010283339198231406,17,0.06640625,1,0.013377702186277544,0.015339002036659877,0.8580823378702448,0.7580823378702448,197,0.76953125,1,0.038543993185059335,0.03893089983022071,188.1211784232769,0.0,6,2
5,0.2,0.20286481133135031,0.002864811331350303,39,0.15234375,1,0.01645358219723976,0.017378827690752906,0.8580823378702448,0.6580823378702447,197,0.76953125,1,0.038543993185059335,0.03893089983022071,134.25897608804874,0.0,6,2
5,0.3,0.3004869332482696,0.0004869332482695943,62,0.2421875,1,0.019669274935972994,0.019521860149355058,0.8580823378702448,0.5580823378702449,197,0.76953125,1,0.038543993185059335,0.03893089983022071,95.96041699822145,0.0,6,2
5,0.4,0.4051357800996802,0.005135780099680187,85,0.33203125,1,0.02288496767470622,0.022947314578005116,0.8580823378702448,0.45808233787024477,197,0.76953125,1,0.038543993185059335,0.03893089983022071,68.42494048029776,0.0,6,2
5,0.5,0.502351757441211,0.0023517574412109665,109,0.42578125,1,0.02624047314121046,0.025803102378490178,0.8580823378702448,0.3580823378702448,197,0.76953125,1,0.038543993185059335,0.03893089983022071,46.88756935760541,0.0,6,2
5,0.6,0.6055986537780951,0.005598653778095097,132,0.515625,1,0.029456165879943687,0.027515579710144927,0.8580823378702448,0.2580823378702448,197,0.76953125,1,0.038543993185059335,0.03893089983022071,30.85203737022486,0.0,6,2
5,0.7,0.7012135166207611,0.0012135166207611903,157,0.61328125,1,0.03295148407421894,0.032014804469273746,0.8580823378702448,0.15808233787024484,197,0.76953125,1,0.038543993185059335,0.03893089983022071,16.97194911841906,0.0,6,2
5,0.8,0.8018296732681457,0.0018296732681456485,184,0.71875,1,0.036726427724036205,0.03559616,0.8580823378702448,0.05808233787024475,197,0.76953125,1,0.038543993185059335,0.03893089983022071,4.94893071191238,0.0,6,2
5,0.85,0.8519937597560998,0.0019937597560998332,196,0.765625,1,0.03840418045728833,0.038024493243243244,0.8580823378702448,0.008082337870244816,197,0.76953125,1,0.038543993185059335,0.03893089983022071,0.36405601188782555,0.0,6,2
5,0.9,0.9010747299583398,0.001074729958339793,214,0.8359375,1,0.04092080955716651,0.041812979890310784,0.9357421623441511,0.03574216234415106,226,0.8828125,1,0.042598562290418626,0.0439360153256705,4.099998879319067,0.0,6,2
5,0.95,0.9525941522950586,0.0025941522950586604,236,0.921875,1,0.04399668956812872,0.04414103585657371,0.9995273849422068,0.049527384942206876,255,0.99609375,1,0.04665313139577791,0.048423504273504274,6.037822058261222,0.0,6,2
5,0.97,0.9708060984445516,0.0008060984445515951,244,0.953125,1,0.04511519139029681,0.046086858316221765,0.9995273849422068,0.029527384942206858,255,0.99609375,1,0.04665313139577791,0.048423504273504274,3.408918278050077,0.0,6,2
5,0.99,0.9911965239412496,0.0011965239412495832,252,0.984375,1,0.046233693212464885,0.047364904862579285,0.9995273849422068,0.00952738494220684,255,0.99609375,1,0.04665313139577791,0.048423504273504274,0.90721323383256,0.0,6,2
6,0.1,0.1028904857919827,0.0028904857919827,19,0.07421875,1,0.013657327641819563,0.015312371499468274,0.9787800367736887,0.8787800367736888,246,0.9609375,1,0.04539481684583883,0.04721863354037267,232.3843290310848,0.0,5,2
6,0.2,0.20035747076413085,0.00035747076413084056,44,0.171875,1,0.017152645836094813,0.017583269961977187,0.9787800367736887,0.7787800367736888,246,0.9609375,1,0.04539481684583883,0.04721863354037267,164.6519801062597,0.0,5,2
6,0.3,0.3019593853324008,0.0019593853324008093,73,0.28515625,1,0.0212072149414541,0.02042172256097561,0.9787800367736887,0.6787800367736887,246,0.9609375,1,0.04539481684583883,0.04721863354037267,114.05364622916521,0.0,5,2
6,0.4,0.40248083261111123,0.0024808326111112056,97,0.37890625,1,0.02456272040795834,0.02290433962264151,0.9787800367736887,0.5787800367736887,246,0.9609375,1,0.04539481684583883,0.04721863354037267,84.81184531633097,0.0,5,2
6,0.5,0.5005123940217279,0.0005123940217278689,124,0.484375,1,0.02833766405777561,0.02639587155963303,0.9787800367736887,0.47878003677368874,246,0.9609375,1,0.04539481684583883,0.04721863354037267,60.19251535090058,0.0,5,2
6,0.6,0.6023360149320837,0.0023360149320836854,151,0.58984375,1,0.03211260770759288,0.031588648648648646,0.9787800367736887,0.37878003677368877,246,0.9609375,1,0.04539481684583883,0.04721863354037267,41.361353332589765,0.0,5,2
6,0.7,0.7035782351753802,0.003578235175380251,176,0.6875,1,0.03560792590186813,0.03554692307692307,0.9787800367736887,0.2787800367736888,246,0.9609375,1,0.04539481684583883,0.04721863354037267,27.485147466725213,0.0,5,2
6,0.8,0.8003307739171717,0.00033077391717162286,199,0.77734375,1,0.03882361864060136,0.03939914383561644,0.9787800367736887,0.1787800367736887,246,0.9609375,1,0.04539481684583883,0.04721863354037267,16.925774658123636,0.0,5,2
6,0.85,0.8511153113363525,0.0011153113363525646,215,0.83984375,1,0.041060622284937516,0.0420308256880734,0.9787800367736887,0.12878003677368877,246,0.9609375,1,0.04539481684583883,0.04721863354037267,10.55559881880126,0.0,5,2
6,0.9,0.9003914684101109,0.0003914684101108401,228,0.890625,1,0.042878187745960646,0.04490405405405405,0.9787800367736887,0.07878003677368872,246,0.9609375,1,0.04539481684583883,0.04721863354037267,5.869252485175891,0.0,5,2
6,0.95,0.9513147299655208,0.0013147299655208444,239,0.93359375,1,0.044416127751441756,0.04510987903225806,0.9787800367736887,0.02878003677368879,246,0.9609375,1,0.04539481684583883,0.04721863354037267,2.2034543395451633,0.0,5,2
6,0.97,0.9707875774681233,0.0007875774681233016,244,0.953125,1,0.04511519139029681,0.046086858316221765,0.9787800367736887,0.00878003677368877,246,0.9609375,1,0.04539481684583883,0.04721863354037267,0.6198033232818423,0.0,5,2
6,0.99,0.9902840749930142,0.0002840749930141939,250,0.9765625,1,0.045954067756922866,0.04733333333333334,0.9902840749930144,0.00028407499301441597,250,0.9765625,1,0.045954067756922866,0.04733333333333334,0.0,0.0,5,2
7,0.1,0.10001079610924599,1.0796109245980734e-05,19,0.07421875,1,0.013657327641819563,0.015312371499468274,0.9906917148963621,0.8906917148963621,250,0.9765625,1,0.045954067756922866,0.04733333333333334,236.47920707568537,0.0,3,2
7,0.2,0.20170514551547777,0.0017051455154777628,45,0.17578125,1,0.017292458563865822,0.018111618942731278,0.9906917148963621,0.7906917148963621,250,0.9765625,1,0.045954067756922866,0.04733333333333334,165.74629389569915,0.0,3,2
7,0.3,0.30021672885223893,0.00021672885223894545,70,0.2734375,1,0.02078777675814107,0.020093865484109387,0.9906917148963621,0.690691714896362,250,0.9765625,1,0.045954067756922866,0.04733333333333334,121.06292698629244,0.0,3,2
7,0.4,0.4039640141856665,0.003964014185666498,96,0.375,1,0.02442290768018733,0.022693451824134705,0.9906917148963621,0.5906917148963621,250,0.9765625,1,0.045954067756922866,0.04733333333333334,88.15969154320771,0.0,3,2
7,0.5,0.5025395320191633,0.0025395320191633486,126,0.4921875,1,0.02861728951331763,0.02715029036004646,0.9906917148963621,0.4906917148963621,250,0.9765625,1,0.045954067756922866,0.04733333333333334,60.58148251789262,0.0,3,2
7,0.6,0.602374075817801,0.0023740758178010246,152,0.59375,1,0.03225242043536389,0.03150054347826087,0.9906917148963621,0.3906917148963621,250,0.9765625,1,0.045954067756922866,0.04733333333333334,42.48253971827647,0.0,3,2
7,0.7,0.7012359222527449,0.0012359222527449365,177,0.69140625,1,0.03574773862963914,0.03657105263157895,0.9906917148963621,0.29069171489636214,250,0.9765625,1,0.045954067756922866,0.04733333333333334,28.55097837943086,0.0,3,2
7,0.8,0.8001853925849066,0.00018539258490657406,203,0.79296875,1,0.0393828695516854,0.03993362369337979,0.9906917148963621,0.19069171489636205,250,0.9765625,1,0.045954067756922866,0.04733333333333334,16.685422570880814,0.0,3,2
7,0.85,0.8520904846872598,0.002090484687259808,215,0.83984375,1,0.041060622284937516,0.0420308256880734,0.9906917148963621,0.14069171489636212,250,0.9765625,1,0.045954067756922866,0.04733333333333334,11.917611569614328,0.0,3,2
7,0.9,0.9016803777132608,0.0016803777132607944,228,0.890625,1,0.042878187745960646,0.04490405405405405,0.9906917148963621,0.09069171489636207,250,0.9765625,1,0.045954067756922866,0.04733333333333334,7.17353081521499,0.0,3,2
7,0.95,0.9520758194107535,0.002075819410753521,241,0.94140625,1,0.044695753206983775,0.04639878048780488,0.9906917148963621,0.04069171489636214,250,0.9765625,1,0.045954067756922866,0.04733333333333334,2.815288835411045,0.0,3,2
7,0.97,0.9739377307485421,0.00393773074854209,246,0.9609375,1,0.04539481684583883,0.04721863354037267,0.9906917148963621,0.020691714896362123,250,0.9765625,1,0.045954067756922866,0.04733333333333334,1.231970850291697,0.0,3,2
7,0.99,0.9906917148963627,0.0006917148963626607,250,0.9765625,1,0.045954067756922866,0.04733333333333334,0.9906917148963621,0.0006917148963621056,250,0.9765625,1,0.045954067756922866,0.04733333333333334,0.0,0.0,3,2
8,0.1,0.10197936011585906,0.001979360115859058,20,0.078125,1,0.013797140369590573,0.014549891383055758,0.9605153265966475,0.8605153265966475,242,0.9453125,1,0.04483556593475478,0.046679633401222,224.962743972469,0.0,4,2
8,0.2,0.20461444978166002,0.004614449781660007,44,0.171875,1,0.017152645836094813,0.017583269961977187,0.9605153265966475,0.7605153265966476,242,0.9453125,1,0.04483556593475478,0.046679633401222,161.39154485663076,0.0,4,2
8,0.3,0.3015409136212882,0.0015409136212882202,68,0.265625,1,0.020508151302599052,0.019579362780593773,0.9605153265966475,0.6605153265966475,242,0.9453125,1,0.04483556593475478,0.046679633401222,118.62314780695348,0.0,4,2
8,0.4,0.40412235292284804,0.004122352922848016,93,0.36328125,1,0.0240034694968743,0.022591232876712327,0.9605153265966475,0.5605153265966475,242,0.9453125,1,0.04483556593475478,0.046679633401222,86.78785556643471,0.0,4,2
8,0.5,0.5026946404201096,0.002694640420109584,117,0.45703125,1,0.027358974963378538,0.025853610503282276,0.9605153265966475,0.4605153265966475,242,0.9453125,1,0.04483556593475478,0.046679633401222,63.87882219553036,0.0,4,2
8,0.6,0.6031297169052946,0.0031297169052946217,143,0.55859375,1,0.030994105885424797,0.030185419354838712,0.9605153265966475,0.36051532659664753,242,0.9453125,1,0.04483556593475478,0.046679633401222,44.65836214310357,0.0,4,2
8,0.7,0.7042701335332219,0.00427013353322192,170,0.6640625,1,0.03476904953524207,0.0338881913303438,0.9605153265966475,0.26051532659664756,242,0.9453125,1,0.04483556593475478,0.046679633401222,28.952521090083994,0.0,4,2
8,0.8,0.8016673602995146,0.001667360299514531,199,0.77734375,1,0.03882361864060136,0.03939914383561644,0.9605153265966475,0.16051532659664747,242,0.9453125,1,0.04483556593475478,0.046679633401222,15.485283197857779,0.0,4,2
8,0.85,0.850108811634201,0.00010881163420106699,212,0.828125,1,0.04064118410162449,0.04085869565217391,0.9605153265966475,0.11051532659664753,242,0.9453125,1,0.04483556593475478,0.046679633401222,10.320520737393156,0.0,4,2
8,0.9,0.9034337553218167,0.003433755321816667,226,0.8828125,1,0.042598562290418626,0.0439360153256705,0.9605153265966475,0.06051532659664749,242,0.9453125,1,0.04483556593475478,0.046679633401222,5.251359492100294,0.0,4,2
8,0.95,0.9511357698744387,0.0011357698744387523,240,0.9375,1,0.04455594047921276,0.04549817813765182,0.9605153265966475,0.010515326596647556,242,0.9453125,1,0.04483556593475478,0.046679633401222,0.6275828824048091,0.0,4,2
8,0.97,0.972328602267547,0.002328602267547053,247,0.96484375,1,0.04553462957360983,0.04780103734439834,0.9949053521906395,0.024905352190639496,254,0.9921875,1,0.046513318668006905,0.04839595744680851,2.1493292106724127,0.0,4,2
8,0.99,0.9900126088697856,1.260886978560194e-05,253,0.98828125,1,0.04637350594023589,0.04783099787685775,0.9949053521906395,0.004905352190639478,254,0.9921875,1,0.046513318668006905,0.04839595744680851,0.3014926841011345,0.0,4,2
9,0.1,0.10151799563143682,0.0015179956314368137,18,0.0703125,1,0.013517514914048553,0.014918147120055517,0.9995779639860483,0.8995779639860483,255,0.99609375,1,0.04665313139577791,0.048423504273504274,245.1309777900966,0.0,3,2
9,0.2,0.20223596976088695,0.002235969760886941,39,0.15234375,1,0.01645358219723976,0.017378827690752906,0.9995779639860483,0.7995779639860483,255,0.99609375,1,0.04665313139577791,0.048423504273504274,183.54391667733245,0.0,3,2
9,0.3,0.3004280355643471,0.00042803556434711787,64,0.25,1,0.019948900391515013,0.019484455239417074,0.9995779639860483,0.6995779639860482,255,0.99609375,1,0.04665313139577791,0.048423504273504274,133.8631728073652,0.0,3,2
9,0.4,0.4005228854332956,0.0005228854332955946,93,0.36328125,1,0.0240034694968743,0.022591232876712327,0.9995779639860483,0.5995779639860482,255,0.99609375,1,0.04665313139577791,0.048423504273504274,94.35995034739881,0.0,3,2
9,0.5,0.5005025377035802,0.0005025377035802192,119,0.46484375,1,0.027638600418920557,0.026446674057649666,0.9995779639860483,0.49957796398604826,255,0.99609375,1,0.04665313139577791,0.048423504273504274,68.79701102317965,0.0,3,2
9,0.6,0.6018907120793578,0.0018907120793578702,145,0.56640625,1,0.031273731340966816,0.030195300261096607,0.9995779639860483,0.3995779639860483,255,0.99609375,1,0.04665313139577791,0.048423504273504274,49.17673521951937,0.0,3,2
9,0.7,0.7006698179389648,0.0006698179389648118,171,0.66796875,1,0.034908862263013075,0.03412912912912913,0.9995779639860483,0.2995779639860483,255,0.99609375,1,0.04665313139577791,0.048423504273504274,33.64265797114854,0.0,3,2
9,0.8,0.8001602985472088,0.00016029854720878145,201,0.78515625,1,0.03910324409614338,0.039963385146804836,0.9995779639860483,0.1995779639860482,255,0.99609375,1,0.04665313139577791,0.048423504273504274,19.307572745298508,0.0,3,2
9,0.85,0.8535254698067601,0.003525469806760162,213,0.83203125,1,0.0407809968293955,0.04163018181818182,0.9995779639860483,0.14957796398604828,255,0.99609375,1,0.04665313139577791,0.048423504273504274,14.399193307971569,0.0,3,2
9,0.9,0.9006478071838782,0.0006478071838781352,228,0.890625,1,0.042878187745960646,0.04490405405405405,0.9995779639860483,0.09957796398604823,255,0.99609375,1,0.04665313139577791,0.048423504273504274,8.803878727763825,0.0,3,2
9,0.95,0.9523090505266883,0.0023090505266883943,243,0.94921875,1,0.044975378662525795,0.046523312883435586,0.9995779639860483,0.0495779639860483,255,0.99609375,1,0.04665313139577791,0.048423504273504274,3.730380450693227,0.0,3,2
9,0.97,0.9730293480413444,0.0030293480413444707,248,0.96875,1,0.045674442301380846,0.04718708333333334,0.9995779639860483,0.029577963986048283,255,0.99609375,1,0.04665313139577791,0.048423504273504274,2.142749960556123,0.0,3,2
9,0.99,0.9995779639860478,0.009577963986047822,255,0.99609375,1,0.04665313139577791,0.048423504273504274,0.9995779639860483,0.009577963986048266,255,0.99609375,1,0.04665313139577791,0.048423504273504274,0.0,0.0,3,2
10,0.1,0.10081982571581936,0.0008198257158193584,16,0.0625,1,0.013237889458506534,0.014520079654829075,0.9943076184435271,0.8943076184435271,252,0.984375,1,0.046233693212464885,0.047364904862579285,249.25275178782812,0.0,4,2
10,0.2,0.20000339410557955,3.3941055795350117e-06,43,0.16796875,1,0.017012833108323803,0.018372790573111943,0.9943076184435271,0.7943076184435272,252,0.984375,1,0.046233693212464885,0.047364904862579285,171.75775438509598,0.0,4,2
10,0.3,0.3041627840824273,0.004162784082427318,66,0.2578125,1,0.020228525847057033,0.02009113475177305,0.9943076184435271,0.6943076184435271,252,0.984375,1,0.046233693212464885,0.047364904862579285,128.55690801211418,0.0,4,2
10,0.4,0.4001779387125936,0.00017793871259358385,92,0.359375,1,0.023863656769103292,0.02210280542986425,0.9943076184435271,0.5943076184435271,252,0.984375,1,0.046233693212464885,0.047364904862579285,93.74102493933152,0.0,4,2
10,0.5,0.5033436113531121,0.003343611353112119,119,0.46484375,1,0.027638600418920557,0.026446674057649666,0.9943076184435271,0.4943076184435271,252,0.984375,1,0.046233693212464885,0.047364904862579285,67.27942989766835,0.0,4,2
10,0.6,0.602418054886495,0.002418054886495047,147,0.57421875,1,0.031553356796508836,0.0300998678996037,0.9943076184435271,0.39430761844352713,252,0.984375,1,0.046233693212464885,0.047364904862579285,46.52543471248145,0.0,4,2
10,0.7,0.7040879842955069,0.004087984295506941,175,0.68359375,1,0.03546811317409712,0.035867534456355286,0.9943076184435271,0.29430761844352715,252,0.984375,1,0.046233693212464885,0.047364904862579285,30.352841115410744,0.0,4,2
10,0.8,0.8012775961598457,0.0012775961598456842,201,0.78515625,1,0.03910324409614338,0.039963385146804836,0.9943076184435271,0.19430761844352706,252,0.984375,1,0.046233693212464885,0.047364904862579285,18.234929815004165,0.0,4,2
10,0.85,0.8532840086941673,0.0032840086941673396,217,0.84765625,1,0.041340247740479535,0.041725878003696856,0.9943076184435271,0.14430761844352713,252,0.984375,1,0.046233693212464885,0.047364904862579285,11.837000839242151,0.0,4,2
10,0.9,0.9018739689514622,0.0018739689514621904,228,0.890625,1,0.042878187745960646,0.04490405405405405,0.9943076184435271,0.09430761844352709,252,0.984375,1,0.046233693212464885,0.047364904862579285,7.825669980234529,0.0,4,2
10,0.95,0.9549352312723165,0.004935231272316543,241,0.94140625,1,0.044695753206983775,0.04639878048780488,0.9943076184435271,0.04430761844352715,252,0.984375,1,0.046233693212464885,0.047364904862579285,3.4409085766134995,0.0,4,2
10,0.97,0.970168223489337,0.00016822348933698272,246,0.9609375,1,0.04539481684583883,0.04721863354037267,0.9943076184435271,0.024307618443527135,252,0.984375,1,0.046233693212464885,0.047364904862579285,1.8479562754375456,0.0,4,2
10,0.99,0.9943076184435273,0.004307618443527339,252,0.984375,1,0.046233693212464885,0.047364904862579285,0.9943076184435271,0.004307618443527117,252,0.984375,1,0.046233693212464885,0.047364904862579285,0.0,0.0,4,2
11,0.1,0.10209759150013449,0.0020975915001344853,17,0.06640625,1,0.013377702186277544,0.015339002036659877,0.9761404714239597,0.8761404714239597,247,0.96484375,1,0.04553462957360983,0.04780103734439834,240.37706131863158,0.0,4,2
11,0.2,0.20341996239225446,0.0034199623922544498,35,0.13671875,1,0.015894331286155722,0.01692347908745247,0.9761404714239597,0.7761404714239597,247,0.96484375,1,0.04553462957360983,0.04780103734439834,186.4834559807584,0.0,4,2
11,0.3,0.30369766476931775,0.0036976647693177656,58,0.2265625,1,0.019110024024888952,0.019890460739779365,0.9761404714239597,0.6761404714239596,247,0.96484375,1,0.04553462957360983,0.04780103734439834,138.27615032982376,0.0,4,2
11,0.4,0.40006993303555904,6.99330355590222e-05,88,0.34375,1,0.023304405858019253,0.021696150481189853,0.9761404714239597,0.5761404714239596,247,0.96484375,1,0.04553462957360983,0.04780103734439834,95.39064780722981,0.0,4,2
11,0.5,0.5009238055213414,0.0009238055213414142,114,0.4453125,1,0.026939536780065512,0.025315755627009644,0.9761404714239597,0.47614047142395965,247,0.96484375,1,0.04553462957360983,0.04780103734439834,69.0252877967232,0.0,4,2
11,0.6,0.6009084557725535,0.0009084557725534959,145,0.56640625,1,0.031273731340966816,0.030195300261096607,0.9761404714239597,0.3761404714239597,247,0.96484375,1,0.04553462957360983,0.04780103734439834,45.6002453853725,0.0,4,2
11,0.7,0.7003322179016553,0.000332217901655385,169,0.66015625,1,0.034629236807471056,0.033990044576523035,0.9761404714239597,0.2761404714239597,247,0.96484375,1,0.04553462957360983,0.04780103734439834,31.491865751387294,0.0,4,2
11,0.8,0.8003703902654901,0.0003703902654900171,200,0.78125,1,0.03896343136837237,0.03915611015490534,0.9761404714239597,0.1761404714239596,247,0.96484375,1,0.04553462957360983,0.04780103734439834,16.865039793624238,0.0,4,2
11,0.85,0.8516850931434506,0.0016850931434506666,212,0.828125,1,0.04064118410162449,0.04085869565217391,0.9761404714239597,0.12614047142395968,247,0.96484375,1,0.04553462957360983,0.04780103734439834,12.040607526958702,0.0,4,2
11,0.9,0.9003490348003454,0.0003490348003454269,223,0.87109375,1,0.042179124107105594,0.04327405303030303,0.9761404714239597,0.07614047142395963,247,0.96484375,1,0.04553462957360983,0.04780103734439834,7.955370192096911,0.0,4,2
11,0.95,0.9500463407749837,4.634077498377742e-05,242,0.9453125,1,0.04483556593475478,0.046679633401222,0.9761404714239597,0.0261404714239597,247,0.96484375,1,0.04553462957360983,0.04780103734439834,1.5591721087503174,0.0,4,2
11,0.97,0.972175990345161,0.0021759903451610274,246,0.9609375,1,0.04539481684583883,0.04721863354037267,0.9761404714239597,0.006140471423959681,247,0.96484375,1,0.04553462957360983,0.04780103734439834,0.30799271257291316,0.0,4,2
11,0.99,0.9924934420256961,0.0024934420256961243,253,0.98828125,1,0.04637350594023589,0.04783099787685775,0.998245409544669,0.008245409544669013,255,0.99609375,1,0.04665313139577791,0.048423504273504274,0.6029853682022468,0.0,4,2
12,0.1,0.10028762386218192,0.00028762386218190994,18,0.0703125,1,0.013517514914048553,0.014918147120055517,0.9148390319247462,0.8148390319247463,222,0.8671875,1,0.04203931137933459,0.04317018867924528,210.99881632565283,0.0,5,2
12,0.2,0.2022286659627285,0.002228665962728499,39,0.15234375,1,0.01645358219723976,0.017378827690752906,0.9148390319247462,0.7148390319247462,222,0.8671875,1,0.04203931137933459,0.04317018867924528,155.50248496274,0.0,5,2
12,0.3,0.30426577331010235,0.004265773310102361,64,0.25,1,0.019948900391515013,0.019484455239417074,0.9148390319247462,0.6148390319247463,222,0.8671875,1,0.04203931137933459,0.04317018867924528,110.7349806469304,0.0,5,2
12,0.4,0.4040567712082183,0.0040567712082182905,87,0.33984375,1,0.02316459313024824,0.022755073720728537,0.9148390319247462,0.5148390319247462,222,0.8671875,1,0.04203931137933459,0.04317018867924528,81.48089691435077,0.0,5,2
12,0.5,0.5027367325718377,0.002736732571837708,109,0.42578125,1,0.02624047314121046,0.025803102378490178,0.9148390319247462,0.41483903192474625,222,0.8671875,1,0.04203931137933459,0.04317018867924528,60.2079015614706,0.0,5,2
12,0.6,0.6006222095399898,0.0006222095399898153,141,0.55078125,1,0.030714480429882778,0.029799617346938777,0.9148390319247462,0.31483903192474627,222,0.8671875,1,0.04203931137933459,0.04317018867924528,36.871308877599105,0.0,5,2
12,0.7,0.7043542560120835,0.004354256012083502,167,0.65234375,1,0.03434961135192904,0.03351941176470589,0.9148390319247462,0.2148390319247463,222,0.8671875,1,0.04203931137933459,0.04317018867924528,22.386570691064623,0.0,5,2
12,0.8,0.8021896500991691,0.0021896500991690493,197,0.76953125,1,0.038543993185059335,0.03893089983022071,0.9148390319247462,0.1148390319247462,222,0.8671875,1,0.04203931137933459,0.04317018867924528,9.068386291719598,0.0,5,2
12,0.85,0.8528366657104123,0.0028366657104123005,208,0.8125,1,0.040081933190540445,0.04029536541889483,0.9148390319247462,0.06483903192474627,222,0.8671875,1,0.04203931137933459,0.04317018867924528,4.883442571218333,0.0,5,2
12,0.9,0.9029253192720356,0.0029253192720355425,219,0.85546875,1,0.041619873196021555,0.0424804104477612,0.9148390319247462,0.014839031924746227,222,0.8671875,1,0.04203931137933459,0.04317018867924528,1.007783424369313,0.0,5,2
12,0.95,0.9504952255216232,0.0004952255216232881,237,0.92578125,1,0.044136502295899736,0.0458994,1.0,0.050000000000000044,256,1.0,1,0.046792944123548924,0.048613400368694486,6.01869584010053,0.0,5,2
12,0.97,0.9704308635178277,0.0004308635178277287,245,0.95703125,1,0.045255004118067814,0.04686082474226804,1.0,0.030000000000000027,256,1.0,1,0.046792944123548924,0.048613400368694486,3.398386621441274,0.0,5,2
12,0.99,0.9909228478401144,0.0009228478401144269,253,0.98828125,1,0.04637350594023589,0.04783099787685775,1.0,0.010000000000000009,256,1.0,1,0.046792944123548924,0.048613400368694486,0.9044780523033591,0.0,5,2
13,0.1,0.10626341981974877,0.006263419819748761,16,0.0625,1,0.013237889458506534,0.014520079654829075,0.9828306335785669,0.882830633578567,248,0.96875,1,0.045674442301380846,0.04718708333333334,245.02812887616997,0.0,7,2
13,0.2,0.2025423929658847,0.0025423929658846822,42,0.1640625,1,0.016873020380552793,0.01772222808870116,0.9828306335785669,0.7828306335785669,248,0.96875,1,0.045674442301380846,0.04718708333333334,170.69511724186316,0.0,7,2
13,0.3,0.3011929698964409,0.0011929698964409097,64,0.25,1,0.019948900391515013,0.019484455239417074,0.9828306335785669,0.682830633578567,248,0.96875,1,0.045674442301380846,0.04718708333333334,128.95719265212148,0.0,7,2
13,0.4,0.4037993464012323,0.003799346401232251,85,0.33203125,1,0.02288496767470622,0.022947314578005116,0.9828306335785669,0.5828306335785669,248,0.96875,1,0.045674442301380846,0.04718708333333334,99.58272587757622,0.0,7,2
13,0.5,0.5044310543003026,0.00443105430030255,111,0.43359375,1,0.02652009859675248,0.02610922431865828,0.9828306335785669,0.4828306335785669,248,0.96875,1,0.045674442301380846,0.04718708333333334,72.22576354589387,0.0,7,2
13,0.6,0.6001860657582474,0.00018606575824742233,138,0.5390625,1,0.030295042246569752,0.02862305764411028,0.9828306335785669,0.38283063357856695,248,0.96875,1,0.045674442301380846,0.04718708333333334,50.7654022385543,0.0,7,2
13,0.7,0.7011322052519224,0.0011322052519224801,164,0.640625,1,0.03393017316861601,0.034000434782608696,0.9828306335785669,0.28283063357856697,248,0.96875,1,0.045674442301380846,0.04718708333333334,34.61305391635252,0.0,7,2
13,0.8,0.8007065681523046,0.0007065681523045209,193,0.75390625,1,0.037984742273975296,0.038588,0.9828306335785669,0.18283063357856688,248,0.96875,1,0.045674442301380846,0.04718708333333334,20.244181129205764,0.0,7,2
13,0.85,0.8528439666433997,0.002843966643399698,207,0.80859375,1,0.03994212046276944,0.040131205673758864,0.9828306335785669,0.13283063357856695,248,0.96875,1,0.045674442301380846,0.04718708333333334,14.351571153951582,0.0,7,2
13,0.9,0.9012377142566871,0.0012377142566870614,222,0.8671875,1,0.04203931137933459,0.04317018867924528,0.9828306335785669,0.0828306335785669,248,0.96875,1,0.045674442301380846,0.04718708333333334,8.646980178255713,0.0,7,2
13,0.95,0.9521123889814528,0.0021123889814528285,239,0.93359375,1,0.044416127751441756,0.04510987903225806,0.9828306335785669,0.03283063357856697,248,0.96875,1,0.045674442301380846,0.04718708333333334,2.8330127222723656,0.0,7,2
13,0.97,0.9737721503258054,0.003772150325805468,245,0.95703125,1,0.045255004118067814,0.04686082474226804,0.9828306335785669,0.012830633578566952,248,0.96875,1,0.045674442301380846,0.04718708333333334,0.9268327149385414,0.0,7,2
13,0.99,0.991367745221653,0.0013677452216530606,251,0.98046875,1,0.04609388048469387,0.04799157894736842,0.991367745221653,0.0013677452216530606,251,0.98046875,1,0.04609388048469387,0.04799157894736842,0.0,0.0,7,2
14,0.1,0.10157200827944317,0.0015720082794431628,20,0.078125,1,0.013797140369590573,0.014549891383055758,0.9941881564182545,0.8941881564182546,253,0.98828125,1,0.04637350594023589,0.04783099787685775,236.1095466017355,0.0,3,2
14,0.2,0.20250916856912093,0.002509168569120923,46,0.1796875,1,0.017432271291636832,0.018484486607142858,0.9941881564182545,0.7941881564182545,253,0.98828125,1,0.04637350594023589,0.04783099787685775,166.0210202355196,0.0,3,2
14,0.3,0.301781583177207,0.0017815831772070023,70,0.2734375,1,0.02078777675814107,0.020093865484109387,0.9941881564182545,0.6941881564182546,253,0.98828125,1,0.04637350594023589,0.04783099787685775,123.08064243606394,0.0,3,2
14,0.4,0.40289673932721976,0.002896739327219733,98,0.3828125,1,0.02470253313572935,0.023184980988593156,0.9941881564182545,0.5941881564182545,253,0.98828125,1,0.04637350594023589,0.04783099787685775,87.72773498747783,0.0,3,2
14,0.5,0.5004866085708158,0.0004866085708158385,122,0.4765625,1,0.02805803860223359,0.026395814479638006,0.9941881564182545,0.49418815641825453,253,0.98828125,1,0.04637350594023589,0.04783099787685775,65.27707655425449,0.0,3,2
14,0.6,0.6002922827747277,0.0002922827747277035,151,0.58984375,1,0.03211260770759288,0.031588648648648646,0.9941881564182545,0.39418815641825455,253,0.98828125,1,0.04637350594023589,0.04783099787685775,44.40903199920163,0.0,3,2
14,0.7,0.7051206623891024,0.0051206623891024705,178,0.6953125,1,0.03588755135741015,0.0360710730948678,0.9941881564182545,0.2941881564182546,253,0.98828125,1,0.04637350594023589,0.04783099787685775,29.218919057459125,0.0,3,2
14,0.8,0.8026075791778037,0.0026075791778036317,202,0.7890625,1,0.039243056823914386,0.039569791666666666,0.9941881564182545,0.1941881564182545,253,0.98828125,1,0.04637350594023589,0.04783099787685775,18.169963538559685,0.0,3,2
14,0.85,0.8544753133609997,0.004475313360999711,215,0.83984375,1,0.041060622284937516,0.0420308256880734,0.9941881564182545,0.14418815641825455,253,0.98828125,1,0.04637350594023589,0.04783099787685775,12.939121132724107,0.0,3,2
14,0.9,0.9025034913480222,0.002503491348022191,228,0.890625,1,0.042878187745960646,0.04490405405405405,0.9941881564182545,0.09418815641825451,253,0.98828125,1,0.04637350594023589,0.04783099787685775,8.151739562744286,0.0,3,2
14,0.95,0.9532190830767637,0.0032190830767637735,241,0.94140625,1,0.044695753206983775,0.04639878048780488,0.9941881564182545,0.044188156418254576,253,0.98828125,1,0.04637350594023589,0.04783099787685775,3.7537184472147267,0.0,3,2
14,0.97,0.9717643652155976,0.0017643652155976408,246,0.9609375,1,0.04539481684583883,0.04721863354037267,0.9941881564182545,0.02418815641825456,253,0.98828125,1,0.04637350594023589,0.04783099787685775,2.1559489880104588,0.0,3,2
14,0.99,0.9941881564182545,0.0041881564182545405,253,0.98828125,1,0.04637350594023589,0.04783099787685775,0.9941881564182545,0.0041881564182545405,253,0.98828125,1,0.04637350594023589,0.04783099787685775,0.0,0.0,3,2
15,0.1,0.10192054269245854,0.0019205426924585323,19,0.07421875,1,0.013657327641819563,0.015312371499468274,0.9794754515694489,0.879475451569449,247,0.96484375,1,0.04553462957360983,0.04780103734439834,233.40804854223492,0.0,3,2
15,0.2,0.203239161315068,0.00323916131506799,44,0.171875,1,0.017152645836094813,0.017583269961977187,0.9794754515694489,0.7794754515694489,247,0.96484375,1,0.04553462957360983,0.04780103734439834,165.46708891866692,0.0,3,2
15,0.3,0.3015693900076383,0.0015693900076383382,69,0.26953125,1,0.020647964030370062,0.02049846378931968,0.9794754515694489,0.679475451569449,247,0.96484375,1,0.04553462957360983,0.04780103734439834,120.52842356096329,0.0,3,2
15,0.4,0.40062060939682953,0.0006206093968295079,95,0.37109375,1,0.02428309495241632,0.023273191094619665,0.9794754515694489,0.5794754515694489,247,0.96484375,1,0.04553462957360983,0.04780103734439834,87.51575803181896,0.0,3,2
15,0.5,0.5037935052216134,0.003793505221613369,120,0.46875,1,0.02777841314669157,0.02587689732142857,0.9794754515694489,0.47947545156944893,247,0.96484375,1,0.04553462957360983,0.04780103734439834,63.920917055814776,0.0,3,2
15,0.6,0.6028137425057194,0.0028137425057194188,144,0.5625,1,0.03113391861319581,0.02980935064935065,0.9794754515694489,0.37947545156944895,247,0.96484375,1,0.04553462957360983,0.04780103734439834,46.25409072120596,0.0,3,2
15,0.7,0.7029008763678846,0.0029008763678846083,169,0.66015625,1,0.034629236807471056,0.033990044576523035,0.9794754515694489,0.279475451569449,247,0.96484375,1,0.04553462957360983,0.04780103734439834,31.491865751387294,0.0,3,2
15,0.8,0.8032971757292374,0.0032971757292373782,196,0.765625,1,0.03840418045728833,0.038024493243243244,0.9794754515694489,0.17947545156944889,247,0.96484375,1,0.04553462957360983,0.04780103734439834,18.566856606279416,0.0,3,2
15,0.85,0.8552276268857223,0.005227626885722314,211,0.82421875,1,0.04050137137385348,0.040935559566787,0.9794754515694489,0.12947545156944895,247,0.96484375,1,0.04553462957360983,0.04780103734439834,12.427377219640734,0.0,3,2
15,0.9,0.9020933384398904,0.0020933384398903465,224,0.875,1,0.04231893683487661,0.043105703422053235,0.9794754515694489,0.07947545156944891,247,0.96484375,1,0.04553462957360983,0.04780103734439834,7.598708708776103,0.0,3,2
15,0.95,0.9550856909938601,0.005085690993860137,242,0.9453125,1,0.04483556593475478,0.046679633401222,0.9794754515694489,0.029475451569448974,247,0.96484375,1,0.04553462957360983,0.04780103734439834,1.5591721087503174,0.0,3,2
15,0.97,0.9713077770689817,0.0013077770689817747,245,0.95703125,1,0.045255004118067814,0.04686082474226804,0.9794754515694489,0.009475451569448956,247,0.96484375,1,0.04553462957360983,0.04780103734439834,0.6178884766256942,0.0,3,2
15,0.99,0.9935292527520244,0.0035292527520244255,254,0.9921875,1,0.046513318668006905,0.04839595744680851,1.0,0.010000000000000009,256,1.0,1,0.046792944123548924,0.048613400368694486,0.6011728759624191,0.0,3,2
16,0.1,0.10185692713755763,0.0018569271375576263,20,0.078125,1,0.013797140369590573,0.014549891383055758,0.9974272266096522,0.8974272266096522,255,0.99609375,1,0.04665313139577791,0.048423504273504274,238.13623798887485,0.0,3,2
16,0.2,0.20195575904795074,0.001955759047950728,45,0.17578125,1,0.017292458563865822,0.018111618942731278,0.9974272266096522,0.7974272266096523,255,0.99609375,1,0.04665313139577791,0.048423504273504274,169.7888864297406,0.0,3,2
16,0.3,0.3030194283141142,0.0030194283141142253,72,0.28125,1,0.02106740221368309,0.02044079939668175,0.9974272266096522,0.6974272266096522,255,0.99609375,1,0.04665313139577791,0.048423504273504274,121.44700577025635,0.0,3,2
16,0.4,0.4032121776248042,0.003212177624804191,98,0.3828125,1,0.02470253313572935,0.023184980988593156,0.9974272266096522,0.5974272266096522,255,0.99609375,1,0.04665313139577791,0.048423504273504274,88.85970576150982,0.0,3,2
16,0.5,0.5004896748213101,0.0004896748213101265,123,0.48046875,1,0.028197851330004603,0.02735512528473804,0.9974272266096522,0.4974272266096522,255,0.99609375,1,0.04665313139577791,0.048423504273504274,65.44924239009488,0.0,3,2
16,0.6,0.6063162854504047,0.006316285450404746,147,0.57421875,1,0.031553356796508836,0.0300998678996037,0.9974272266096522,0.39742722660965224,255,0.99609375,1,0.04665313139577791,0.048423504273504274,47.854732847123785,0.0,3,2
16,0.7,0.700451236091683,0.00045123609168307155,175,0.68359375,1,0.03546811317409712,0.035867534456355286,0.9974272266096522,0.29742722660965226,255,0.99609375,1,0.04665313139577791,0.048423504273504274,31.535419340686467,0.0,3,2
16,0.8,0.8016053788399312,0.0016053788399311708,199,0.77734375,1,0.03882361864060136,0.03939914383561644,0.9974272266096522,0.19742722660965217,255,0.99609375,1,0.04665313139577791,0.048423504273504274,20.166880443721745,0.0,3,2
16,0.85,0.8515049673506162,0.0015049673506162264,214,0.8359375,1,0.04092080955716651,0.041812979890310784,0.9974272266096522,0.14742722660965224,255,0.99609375,1,0.04665313139577791,0.048423504273504274,14.008329504340145,0.0,3,2
16,0.9,0.9042920659380044,0.004292065938004352,229,0.89453125,1,0.04301800047373165,0.04447320388349515,0.9974272266096522,0.0974272266096522,255,0.99609375,1,0.04665313139577791,0.048423504273504274,8.45025543264384,0.0,3,2
16,0.95,0.9541964154152226,0.004196415415222643,242,0.9453125,1,0.04483556593475478,0.046679633401222,0.9974272266096522,0.04742722660965226,255,0.99609375,1,0.04665313139577791,0.048423504273504274,4.053847482750794,0.0,3,2
16,0.97,0.9720531637061591,0.0020531637061591557,249,0.97265625,1,0.04581425502915185,0.04799748953974896,0.9974272266096522,0.027427226609652244,255,0.99609375,1,0.04665313139577791,0.048423504273504274,1.8310378856805087,0.0,3,2
16,0.99,0.9935216729748548,0.003521672974854839,254,0.9921875,1,0.046513318668006905,0.04839595744680851,0.9974272266096522,0.007427226609652227,255,0.99609375,1,0.04665313139577791,0.048423504273504274,0.30058643798120954,0.0,3,2
17,0.1,0.10103667864358772,0.0010366786435877101,21,0.08203125,1,0.013936953097361583,0.015592276422764229,0.9978411139114474,0.8978411139114474,255,0.99609375,1,0.04665313139577791,0.048423504273504274,234.7441228356423,0.0,3,2
17,0.2,0.20093243965772736,0.0009324396577273519,46,0.1796875,1,0.017432271291636832,0.018484486607142858,0.9978411139114474,0.7978411139114474,255,0.99609375,1,0.04665313139577791,0.048423504273504274,167.6250880638821,0.0,3,2
17,0.3,0.301184991572613,0.0011849915726130367,71,0.27734375,1,0.02092758948591208,0.020301941747572817,0.9978411139114474,0.6978411139114473,255,0.99609375,1,0.04665313139577791,0.048423504273504274,122.92644562424933,0.0,3,2
17,0.4,0.4005190144841826,0.0005190144841825672,97,0.37890625,1,0.02456272040795834,0.02290433962264151,0.9978411139114474,0.5978411139114473,255,0.99609375,1,0.04665313139577791,0.048423504273504274,89.93470845624356,0.0,3,2
17,0.5,0.5015008550471356,0.0015008550471355964,123,0.48046875,1,0.028197851330004603,0.02735512528473804,0.9978411139114474,0.49784111391144736,255,0.99609375,1,0.04665313139577791,0.048423504273504274,65.44924239009488,0.0,3,2
17,0.6,0.6007736177482517,0.000773617748251687,153,0.59765625,1,0.0323922331631349,0.032209426229508197,0.9978411139114474,0.3978411139114474,255,0.99609375,1,0.04665313139577791,0.048423504273504274,44.02567171217178,0.0,3,2
17,0.7,0.7038892072384433,0.0038892072384433263,179,0.69921875,1,0.03602736408518116,0.036170468750000004,0.9978411139114474,0.2978411139114474,255,0.99609375,1,0.04665313139577791,0.048423504273504274,29.49360182297478,0.0,3,2
17,0.8,0.8003869771492496,0.0003869771492495122,208,0.8125,1,0.040081933190540445,0.04029536541889483,0.9978411139114474,0.19784111391144732,255,0.99609375,1,0.04665313139577791,0.048423504273504274,16.394414346232942,0.0,3,2
17,0.85,0.8522780237152117,0.0022780237152116856,221,0.86328125,1,0.041899498651563574,0.0428687969924812,0.9978411139114474,0.14784111391144739,255,0.99609375,1,0.04665313139577791,0.048423504273504274,11.345321297864608,0.0,3,2
17,0.9,0.9057639631560679,0.005763963156067864,233,0.91015625,1,0.0435772513848157,0.04426082677165354,0.9978411139114474,0.09784111391144734,255,0.99609375,1,0.04665313139577791,0.048423504273504274,7.058453466466208,0.0,3,2
17,0.95,0.9523358124805447,0.002335812480544708,246,0.9609375,1,0.04539481684583883,0.04721863354037267,0.9978411139114474,0.04784111391144741,255,0.99609375,1,0.04665313139577791,0.048423504273504274,2.7719344131563073,0.0,3,2
17,0.97,0.9721093655086397,0.0021093655086397156,250,0.9765625,1,0.045954067756922866,0.04733333333333334,0.9978411139114474,0.02784111391144739,255,0.99609375,1,0.04665313139577791,0.048423504273504274,1.5212225445477179,0.0,3,2
17,0.99,0.9942586303466365,0.004258630346636538,254,0.9921875,1,0.046513318668006905,0.04839595744680851,0.9978411139114474,0.007841113911447373,255,0.99609375,1,0.04665313139577791,0.048423504273504274,0.30058643798120954,0.0,3,2
18,0.1,0.10651065900750366,0.0065106590075036525,19,0.07421875,1,0.013657327641819563,0.015312371499468274,0.999664312627243,0.899664312627243,254,0.9921875,1,0.046513318668006905,0.04839595744680851,240.574085120286,0.0,3,2
18,0.2,0.20231870700732377,0.002318707007323756,41,0.16015625,1,0.016733207652781783,0.01797626236335242,0.999664312627243,0.7996643126272429,254,0.9921875,1,0.046513318668006905,0.04839595744680851,177.97012762388314,0.0,3,2
18,0.3,0.3034716838257758,0.0034716838257757843,68,0.265625,1,0.020508151302599052,0.019579362780593773,0.999664312627243,0.699664312627243,254,0.9921875,1,0.046513318668006905,0.04839595744680851,126.80405455226062,0.0,3,2
18,0.4,0.40187748413299174,0.0018774841329917136,94,0.3671875,1,0.02414328222464531,0.022798618784530385,0.999664312627243,0.599664312627243,254,0.9921875,1,0.046513318668006905,0.04839595744680851,92.65532430601502,0.0,3,2
18,0.5,0.5016484277652182,0.00164842776521823,127,0.49609375,1,0.028757102241088642,0.027297660818713453,0.999664312627243,0.499664312627243,254,0.9921875,1,0.046513318668006905,0.04839595744680851,61.745499522367986,0.0,3,2
18,0.6,0.6011415930564192,0.0011415930564192545,153,0.59765625,1,0.0323922331631349,0.032209426229508197,0.999664312627243,0.399664312627243,254,0.9921875,1,0.046513318668006905,0.04839595744680851,43.594047479699526,0.0,3,2
18,0.7,0.7009671051655917,0.0009671051655917307,181,0.70703125,1,0.03630698954072318,0.03636829652996846,0.999664312627243,0.299664312627243,254,0.9921875,1,0.046513318668006905,0.04839595744680851,28.11119637400934,0.0,3,2
18,0.8,0.8090173422297433,0.009017342229743264,208,0.8125,1,0.040081933190540445,0.04029536541889483,0.999664312627243,0.19966431262724293,254,0.9921875,1,0.046513318668006905,0.04839595744680851,16.04559701971735,0.0,3,2
18,0.85,0.8600194117031226,0.010019411703122594,217,0.84765625,1,0.041340247740479535,0.041725878003696856,0.999664312627243,0.149664312627243,254,0.9921875,1,0.046513318668006905,0.04839595744680851,12.513400887198856,0.0,3,2
18,0.9,0.9012585123200272,0.0012585123200271608,228,0.890625,1,0.042878187745960646,0.04490405405405405,0.999664312627243,0.09966431262724296,254,0.9921875,1,0.046513318668006905,0.04839595744680851,8.477809145254067,0.0,3,2
18,0.95,0.9509213717642158,0.0009213717642158059,242,0.9453125,1,0.04483556593475478,0.046679633401222,0.999664312627243,0.049664312627243024,254,0.9921875,1,0.046513318668006905,0.04839595744680851,3.7420130610007485,0.0,3,2
18,0.97,0.9720012717476509,0.002001271747650968,248,0.96875,1,0.045674442301380846,0.04718708333333334,0.999664312627243,0.029664312627243006,254,0.9921875,1,0.046513318668006905,0.04839595744680851,1.8366428233338228,0.0,3,2
18,0.99,0.9902874771318755,0.00028747713187549095,252,0.984375,1,0.046233693212464885,0.047364904862579285,0.999664312627243,0.009664312627242988,254,0.9921875,1,0.046513318668006905,0.04839595744680851,0.6048088225550474,0.0,3,2
19,0.1,0.10203274580422715,0.0020327458042271457,18,0.0703125,1,0.013517514914048553,0.014918147120055517,0.9909030747891705,0.8909030747891705,251,0.98046875,1,0.04609388048469387,0.04799157894736842,240.99374609743677,0.0,4,2
19,0.2,0.20057281832488844,0.0005728183248884244,44,0.171875,1,0.017152645836094813,0.017583269961977187,0.9909030747891705,0.7909030747891705,251,0.98046875,1,0.04609388048469387,0.04799157894736842,168.72752416829582,0.0,4,2
19,0.3,0.3038804777588524,0.0038804777588524186,73,0.28515625,1,0.0212072149414541,0.02042172256097561,0.9909030747891705,0.6909030747891705,251,0.98046875,1,0.04609388048469387,0.04799157894736842,117.3499943860775,0.0,4,2
19,0.4,0.4005243205057116,0.0005243205057115508,98,0.3828125,1,0.02470253313572935,0.023184980988593156,0.9909030747891705,0.5909030747891705,251,0.98046875,1,0.04609388048469387,0.04799157894736842,86.59576421344586,0.0,4,2
19,0.5,0.501468972533025,0.0014689725330250258,123,0.48046875,1,0.028197851330004603,0.02735512528473804,0.9909030747891705,0.4909030747891705,251,0.98046875,1,0.04609388048469387,0.04799157894736842,63.46593201463746,0.0,4,2
19,0.6,0.6075328357623996,0.007532835762399603,149,0.58203125,1,0.03183298225205086,0.030745393858477972,0.9909030747891705,0.3909030747891705,251,0.98046875,1,0.04609388048469387,0.04799157894736842,44.79912726908972,0.0,4,2
19,0.7,0.70106660030785,0.0010666003078499964,179,0.69921875,1,0.03602736408518116,0.036170468750000004,0.9909030747891705,0.29090307478917055,251,0.98046875,1,0.04609388048469387,0.04799157894736842,27.941306990186643,0.0,4,2
19,0.8,0.8001188696246982,0.0001188696246982035,203,0.79296875,1,0.0393828695516854,0.03993362369337979,0.9909030747891705,0.19090307478917046,251,0.98046875,1,0.04609388048469387,0.04799157894736842,17.040431561750612,0.0,4,2
19,0.85,0.8539092145968475,0.0039092145968475656,216,0.84375,1,0.04120043501270853,0.04185874769797422,0.9909030747891705,0.14090307478917052,251,0.98046875,1,0.04609388048469387,0.04799157894736842,11.877169429099311,0.0,4,2
19,0.9,0.9004072253293772,0.00040722532937720324,229,0.89453125,1,0.04301800047373165,0.04447320388349515,0.9909030747891705,0.09090307478917048,251,0.98046875,1,0.04609388048469387,0.04799157894736842,7.150216135314014,0.0,4,2
19,0.95,0.9503262228121896,0.000326222812189636,242,0.9453125,1,0.04483556593475478,0.046679633401222,0.9909030747891705,0.040903074789170546,251,0.98046875,1,0.04609388048469387,0.04799157894736842,2.8065097957505447,0.0,4,2
19,0.97,0.9742007487313791,0.0042007487313791,247,0.96484375,1,0.04553462957360983,0.04780103734439834,0.9909030747891705,0.020903074789170528,251,0.98046875,1,0.04609388048469387,0.04799157894736842,1.2281881203842326,0.0,4,2
19,0.99,0.9909030747891713,0.0009030747891712876,251,0.98046875,1,0.04609388048469387,0.04799157894736842,0.9909030747891705,0.0009030747891705104,251,0.98046875,1,0.04609388048469387,0.04799157894736842,0.0,0.0,4,2
20,0.1,0.10620796747101341,0.006207967471013404,18,0.0703125,1,0.013517514914048553,0.014918147120055517,0.9081673462286524,0.8081673462286524,222,0.8671875,1,0.04203931137933459,0.04317018867924528,210.99881632565283,0.0,4,2
20,0.2,0.20268410190005315,0.0026841019000531374,41,0.16015625,1,0.016733207652781783,0.01797626236335242,0.9081673462286524,0.7081673462286524,222,0.8671875,1,0.04203931137933459,0.04317018867924528,151.23283145503686,0.0,4,2
20,0.3,0.302072204256293,0.0020722042562930088,65,0.25390625,1,0.02008871311928602,0.019898385964912283,0.9081673462286524,0.6081673462286523,222,0.8671875,1,0.04203931137933459,0.04317018867924528,109.26831464866238,0.0,4,2
20,0.4,0.4028250729053353,0.0028250729053352908,90,0.3515625,1,0.023584031313561273,0.022319679430097952,0.9081673462286524,0.5081673462286523,222,0.8671875,1,0.04203931137933459,0.04317018867924528,78.25328850865787,0.0,4,2
20,0.5,0.5020702604177845,0.002070260417784464,117,0.45703125,1,0.027358974963378538,0.025853610503282276,0.9081673462286524,0.40816734622865236,222,0.8671875,1,0.04203931137933459,0.04317018867924528,53.65821064424552,0.0,4,2
20,0.6,0.6009464744285952,0.0009464744285951898,146,0.5703125,1,0.03141354406873783,0.029954461942257222,0.9081673462286524,0.3081673462286524,222,0.8671875,1,0.04203931137933459,0.04317018867924528,33.82543302769623,0.0,4,2
20,0.7,0.7000416880066562,4.1688006656270815e-05,170,0.6640625,1,0.03476904953524207,0.0338881913303438,0.9081673462286524,0.2081673462286524,222,0.8671875,1,0.04203931137933459,0.04317018867924528,20.91015412061623,0.0,4,2
20,0.8,0.8036070482240545,0.0036070482240544433,194,0.7578125,1,0.03812455500174631,0.03832177554438861,0.9081673462286524,0.10816734622865232,222,0.8671875,1,0.04203931137933459,0.04317018867924528,10.268333302274502,0.0,4,2
20,0.85,0.8518407914045905,0.0018407914045904805,207,0.80859375,1,0.03994212046276944,0.040131205673758864,0.9081673462286524,0.05816734622865238,222,0.8671875,1,0.04203931137933459,0.04317018867924528,5.250574812421305,0.0,4,2
20,0.9,0.9028522357365041,0.0028522357365040607,221,0.86328125,1,0.041899498651563574,0.0428687969924812,0.9081673462286524,0.008167346228652339,222,0.8671875,1,0.04203931137933459,0.04317018867924528,0.33368592052542834,0.0,4,2
20,0.95,0.9500407037008483,4.070370084829911e-05,239,0.93359375,1,0.044416127751441756,0.04510987903225806,0.9884304061214467,0.03843040612144677,251,0.98046875,1,0.04609388048469387,0.04799157894736842,3.7773502963631467,0.0,4,2
20,0.97,0.9722192854346488,0.0022192854346487767,245,0.95703125,1,0.045255004118067814,0.04686082474226804,0.9884304061214467,0.018430406121446752,251,0.98046875,1,0.04609388048469387,0.04799157894736842,1.8536654298770605,0.0,4,2
20,0.99,0.9927043618824535,0.0027043618824534876,254,0.9921875,1,0.046513318668006905,0.04839595744680851,1.0,0.010000000000000009,256,1.0,1,0.046792944123548924,0.048613400368694486,0.6011728759624191,0.0,4,2
21,0.1,0.10188243417984667,0.0018824341798466676,18,0.0703125,1,0.013517514914048553,0.014918147120055517,0.9775890161672985,0.8775890161672986,244,0.953125,1,0.04511519139029681,0.046086858316221765,233.75359063528208,0.0,4,2
21,0.2,0.20150763343482797,0.0015076334348279596,42,0.1640625,1,0.016873020380552793,0.01772222808870116,0.9775890161672985,0.7775890161672985,244,0.953125,1,0.04511519139029681,0.046086858316221765,167.38064894590465,0.0,4,2
21,0.3,0.3005455031747136,0.0005455031747136352,67,0.26171875,1,0.02036833857482804,0.020534767025089606,0.9775890161672985,0.6775890161672986,244,0.953125,1,0.04511519139029681,0.046086858316221765,121.49666858961123,0.0,4,2
21,0.4,0.40141360414709903,0.0014136041470990124,92,0.359375,1,0.023863656769103292,0.02210280542986425,0.9775890161672985,0.5775890161672985,244,0.953125,1,0.04511519139029681,0.046086858316221765,89.05397369236496,0.0,4,2
21,0.5,0.5070023741629065,0.0070023741629064995,116,0.453125,1,0.02721916223560753,0.02512554347826087,0.9775890161672985,0.47758901616729854,244,0.953125,1,0.04511519139029681,0.046086858316221765,65.7479058311283,0.0,4,2
21,0.6,0.6015006891637238,0.0015006891637238118,142,0.5546875,1,0.03085429315765379,0.030083717948717947,0.9775890161672985,0.37758901616729856,244,0.953125,1,0.04511519139029681,0.046086858316221765,46.22014239566341,0.0,4,2
21,0.7,0.7063762413920934,0.0063762413920934735,171,0.66796875,1,0.034908862263013075,0.03412912912912913,0.9775890161672985,0.2775890161672986,244,0.953125,1,0.04511519139029681,0.046086858316221765,29.237071808260072,0.0,4,2
21,0.8,0.8005509131819364,0.0005509131819363411,195,0.76171875,1,0.038264367729517315,0.038550673400673405,0.9775890161672985,0.1775890161672985,244,0.953125,1,0.04511519139029681,0.046086858316221765,17.903924897456847,0.0,4,2
21,0.85,0.8505889270634499,0.0005889270634499288,209,0.81640625,1,0.04022174591831146,0.040852951699463326,0.9775890161672985,0.12758901616729856,244,0.953125,1,0.04511519139029681,0.046086858316221765,12.166168723564908,0.0,4,2
21,0.9,0.9031889157348071,0.003188915734807063,224,0.875,1,0.04231893683487661,0.043105703422053235,0.9775890161672985,0.07758901616729852,244,0.953125,1,0.04511519139029681,0.046086858316221765,6.6075727902400905,0.0,4,2
21,0.95,0.9507660703547602,0.0007660703547602843,236,0.921875,1,0.04399668956812872,0.04414103585657371,0.9775890161672985,0.027589016167298586,244,0.953125,1,0.04511519139029681,0.046086858316221765,2.542240866636325,0.0,4,2
21,0.97,0.9713592629279687,0.0013592629279687296,242,0.9453125,1,0.04483556593475478,0.046679633401222,0.9775890161672985,0.007589016167298568,244,0.953125,1,0.04511519139029681,0.046086858316221765,0.6236688435001358,0.0,4,2
21,0.99,0.9918932380468977,0.0018932380468976717,251,0.98046875,1,0.04609388048469387,0.04799157894736842,0.9964409031855894,0.0064409031855894305,253,0.98828125,1,0.04637350594023589,0.04783099787685775,0.6066433387722059,0.0,4,2
22,0.1,0.10054432564748413,0.0005443256474841202,18,0.0703125,1,0.013517514914048553,0.014918147120055517,0.9874385711677975,0.8874385711677976,251,0.98046875,1,0.04609388048469387,0.04799157894736842,240.99374609743677,0.0,4,2
22,0.2,0.20001180677607688,1.1806776076872527e-05,40,0.15625,1,0.016593394925010774,0.017043641025641026,0.9874385711677975,0.7874385711677976,251,0.98046875,1,0.04609388048469387,0.04799157894736842,177.78450819137566,0.0,4,2
22,0.3,0.30184375875649705,0.0018437587564970603,64,0.25,1,0.019948900391515013,0.019484455239417074,0.9874385711677975,0.6874385711677975,251,0.98046875,1,0.04609388048469387,0.04799157894736842,131.05975557579734,0.0,4,2
22,0.4,0.40170937418854985,0.0017093741885498281,89,0.34765625,1,0.02344421858579026,0.02250882612533098,0.9874385711677975,0.5874385711677975,251,0.98046875,1,0.04609388048469387,0.04799157894736842,96.61086299814559,0.0,4,2
22,0.5,0.5020886972947476,0.002088697294747588,111,0.43359375,1,0.02652009859675248,0.02610922431865828,0.9874385711677975,0.48743857116779754,251,0.98046875,1,0.04609388048469387,0.04799157894736842,73.80734960894264,0.0,4,2
22,0.6,0.6033314914744742,0.003331491474474202,135,0.52734375,1,0.02987560406325672,0.028700123001230017,0.9874385711677975,0.38743857116779756,251,0.98046875,1,0.04609388048469387,0.04799157894736842,54.28602008212988,0.0,4,2
22,0.7,0.7011557692393385,0.0011557692393385777,164,0.640625,1,0.03393017316861601,0.034000434782608696,0.9874385711677975,0.2874385711677976,251,0.98046875,1,0.04609388048469387,0.04799157894736842,35.849234413365096,0.0,4,2
22,0.8,0.8028180608724231,0.0028180608724230893,195,0.76171875,1,0.038264367729517315,0.038550673400673405,0.9874385711677975,0.1874385711677975,251,0.98046875,1,0.04609388048469387,0.04799157894736842,20.46162845423638,0.0,4,2
22,0.85,0.8520092636885587,0.0020092636885586934,210,0.8203125,1,0.040361558646082464,0.04064524236983842,0.9874385711677975,0.13743857116779756,251,0.98046875,1,0.04609388048469387,0.04799157894736842,14.202429318640286,0.0,4,2
22,0.9,0.9030391536097903,0.003039153609790235,225,0.87890625,1,0.04245874956264761,0.0438043893129771,0.9874385711677975,0.08743857116779752,251,0.98046875,1,0.04609388048469387,0.04799157894736842,8.561559064952306,0.0,4,2
22,0.95,0.9541966374285206,0.004196637428520611,241,0.94140625,1,0.044695753206983775,0.04639878048780488,0.9874385711677975,0.037438571167797585,251,0.98046875,1,0.04609388048469387,0.04799157894736842,3.1280987060122722,0.0,4,2
22,0.97,0.9718258734746219,0.0018258734746219307,246,0.9609375,1,0.04539481684583883,0.04721863354037267,0.9874385711677975,0.017438571167797567,251,0.98046875,1,0.04609388048469387,0.04799157894736842,1.5399635628646102,0.0,4,2
22,0.99,0.991558960211415,0.0015589602114149947,253,0.98828125,1,0.04637350594023589,0.04783099787685775,0.9958796109563832,0.00587961095638323,254,0.9921875,1,0.046513318668006905,0.04839595744680851,0.3014926841011345,0.0,4,2
23,0.1,0.101987054825476,0.001987054825475995,18,0.0703125,1,0.013517514914048553,0.014918147120055517,0.9948026055115078,0.8948026055115078,254,0.9921875,1,0.046513318668006905,0.04839595744680851,244.09666986693165,0.0,3,2
23,0.2,0.20438648371923343,0.004386483719233419,48,0.1875,1,0.01771189674717885,0.018507798165137614,0.9948026055115078,0.7948026055115078,254,0.9921875,1,0.046513318668006905,0.04839595744680851,162.6106019696368,0.0,3,2
23,0.3,0.3069319030850218,0.006931903085021784,72,0.28125,1,0.02106740221368309,0.02044079939668175,0.9948026055115078,0.6948026055115077,254,0.9921875,1,0.046513318668006905,0.04839595744680851,120.78336092998177,0.0,3,2
23,0.4,0.40058555912253774,0.0005855591225377155,98,0.3828125,1,0.02470253313572935,0.023184980988593156,0.9948026055115078,0.5948026055115078,254,0.9921875,1,0.046513318668006905,0.04839595744680851,88.29372037449383,0.0,3,2
23,0.5,0.5030847085069201,0.0030847085069201086,123,0.48046875,1,0.028197851330004603,0.02735512528473804,0.9948026055115078,0.4948026055115078,254,0.9921875,1,0.046513318668006905,0.04839595744680851,64.95341479623056,0.0,3,2
23,0.6,0.6008490064157251,0.000849006415725162,152,0.59375,1,0.03225242043536389,0.03150054347826087,0.9948026055115078,0.3948026055115078,254,0.9921875,1,0.046513318668006905,0.04839595744680851,44.21652093126733,0.0,3,2
23,0.7,0.702014117829886,0.0020141178298860307,177,0.69140625,1,0.03574773862963914,0.03657105263157895,0.9948026055115078,0.29480260551150783,254,0.9921875,1,0.046513318668006905,0.04839595744680851,30.115415550906533,0.0,3,2
23,0.8,0.8016450434260838,0.0016450434260837365,202,0.7890625,1,0.039243056823914386,0.039569791666666666,0.9948026055115078,0.19480260551150774,254,0.9921875,1,0.046513318668006905,0.04839595744680851,18.526237333433414,0.0,3,2
23,0.85,0.8525062189095955,0.00250621890959557,218,0.8515625,1,0.04148006046825055,0.04183506493506493,0.9948026055115078,0.1448026055115078,254,0.9921875,1,0.046513318668006905,0.04839595744680851,12.13416312063693,0.0,3,2
23,0.9,0.9053960540120027,0.005396054012002716,229,0.89453125,1,0.04301800047373165,0.04447320388349515,0.9948026055115078,0.09480260551150776,254,0.9921875,1,0.046513318668006905,0.04839595744680851,8.125245608311381,0.0,3,2
23,0.95,0.9551609070822821,0.005160907082282118,244,0.953125,1,0.04511519139029681,0.046086858316221765,0.9948026055115078,0.04480260551150783,254,0.9921875,1,0.046513318668006905,0.04839595744680851,3.099016616409167,0.0,3,2
23,0.97,0.9713651441266182,0.0013651441266182562,248,0.96875,1,0.045674442301380846,0.04718708333333334,0.9948026055115078,0.024802605511507814,254,0.9921875,1,0.046513318668006905,0.04839595744680851,1.8366428233338228,0.0,3,2
23,0.99,0.9948026055115077,0.004802605511507685,254,0.9921875,1,0.046513318668006905,0.04839595744680851,0.9948026055115078,0.004802605511507796,254,0.9921875,1,0.046513318668006905,0.04839595744680851,0.0,0.0,3,2
24,0.1,0.10395666816050374,0.003956668160503732,17,0.06640625,1,0.013377702186277544,0.015339002036659877,0.9196380196158042,0.8196380196158042,226,0.8828125,1,0.042598562290418626,0.0439360153256705,218.42959050258264,0.0,6,2
24,0.2,0.20411231143255829,0.004112311432558274,38,0.1484375,1,0.016313769469468754,0.017068690890990543,0.9196380196158042,0.7196380196158041,226,0.8828125,1,0.042598562290418626,0.0439360153256705,161.12029086926785,0.0,6,2
24,0.3,0.30444569207656924,0.004445692076569252,63,0.24609375,1,0.019809087663744,0.02000727522306108,0.9196380196158042,0.6196380196158042,226,0.8828125,1,0.042598562290418626,0.0439360153256705,115.04555390698555,0.0,6,2
24,0.4,0.40129906763700524,0.0012990676370052134,87,0.33984375,1,0.02316459313024824,0.022755073720728537,0.9196380196158042,0.5196380196158041,226,0.8828125,1,0.042598562290418626,0.0439360153256705,83.895145711813,0.0,6,2
24,0.5,0.5030197755907581,0.003019775590758056,120,0.46875,1,0.02777841314669157,0.02587689732142857,0.9196380196158042,0.41963801961580416,226,0.8828125,1,0.042598562290418626,0.0439360153256705,53.35131659776666,0.0,6,2
24,0.6,0.6006090534389871,0.000609053438987095,150,0.5859375,1,0.03197279497982187,0.031179032258064517,0.9196380196158042,0.3196380196158042,226,0.8828125,1,0.042598562290418626,0.0439360153256705,33.233776769602756,0.0,6,2
24,0.7,0.7015030748327971,0.0015030748327971022,176,0.6875,1,0.03560792590186813,0.03554692307692307,0.9196380196158042,0.2196380196158042,226,0.8828125,1,0.042598562290418626,0.0439360153256705,19.63224819051801,0.0,6,2
24,0.8,0.801832685277671,0.0018326852776709979,199,0.77734375,1,0.03882361864060136,0.03939914383561644,0.9196380196158042,0.11963801961580411,226,0.8828125,1,0.042598562290418626,0.0439360153256705,9.723317356794414,0.0,6,2
24,0.85,0.8554148382027256,0.0054148382027255915,213,0.83203125,1,0.0407809968293955,0.04163018181818182,0.9196380196158042,0.06963801961580418,226,0.8828125,1,0.042598562290418626,0.0439360153256705,4.456893166753106,0.0,6,2
24,0.9,0.90486826136785,0.004868261367850013,223,0.87109375,1,0.042179124107105594,0.04327405303030303,0.9196380196158042,0.019638019615804136,226,0.8828125,1,0.042598562290418626,0.0439360153256705,0.994421274012125,0.0,6,2
24,0.95,0.9514486038858996,0.0014486038858996242,237,0.92578125,1,0.044136502295899736,0.0458994,0.9514486038858996,0.0014486038858996242,237,0.92578125,1,0.044136502295899736,0.0458994,0.0,0.0,6,2
24,0.97,0.9702671945753779,0.0002671945753779381,245,0.95703125,1,0.045255004118067814,0.04686082474226804,0.9936315798465882,0.023631579846588258,253,0.98828125,1,0.04637350594023589,0.04783099787685775,2.4715539065027325,0.0,6,2
24,0.99,0.993631579846588,0.003631579846588018,253,0.98828125,1,0.04637350594023589,0.04783099787685775,0.9936315798465882,0.00363157984658824,253,0.98828125,1,0.04637350594023589,0.04783099787685775,0.0,0.0,6,2
25,0.1,0.10514008443027913,0.005140084430279121,18,0.0703125,1,0.013517514914048553,0.014918147120055517,0.9843895166140768,0.8843895166140768,250,0.9765625,1,0.045954067756922866,0.04733333333333334,239.95943817427184,0.0,4,2
25,0.2,0.20127127946690002,0.001271279466900005,42,0.1640625,1,0.016873020380552793,0.01772222808870116,0.9843895166140768,0.7843895166140769,250,0.9765625,1,0.045954067756922866,0.04733333333333334,172.3523513898424,0.0,4,2
25,0.3,0.3035445604586533,0.003544560458653312,71,0.27734375,1,0.02092758948591208,0.020301941747572817,0.9843895166140768,0.6843895166140768,250,0.9765625,1,0.045954067756922866,0.04733333333333334,119.5860530801121,0.0,4,2
25,0.4,0.4069961536541865,0.006996153654186488,98,0.3828125,1,0.02470253313572935,0.023184980988593156,0.9843895166140768,0.5843895166140768,250,0.9765625,1,0.045954067756922866,0.04733333333333334,86.02977882642988,0.0,4,2
25,0.5,0.5001454519903467,0.00014545199034665668,122,0.4765625,1,0.02805803860223359,0.026395814479638006,0.9843895166140768,0.4843895166140768,250,0.9765625,1,0.045954067756922866,0.04733333333333334,63.78218167133267,0.0,4,2
25,0.6,0.6015997884241455,0.001599788424145543,147,0.57421875,1,0.031553356796508836,0.0300998678996037,0.9843895166140768,0.38438951661407683,250,0.9765625,1,0.045954067756922866,0.04733333333333334,45.639235956053234,0.0,4,2
25,0.7,0.7014864277612421,0.0014864277612421928,173,0.67578125,1,0.0351884877185551,0.03480166919575114,0.9843895166140768,0.28438951661407685,250,0.9765625,1,0.045954067756922866,0.04733333333333334,30.594040086272333,0.0,4,2
25,0.8,0.8007990378740475,0.000799037874047448,201,0.78515625,1,0.03910324409614338,0.039963385146804836,0.9843895166140768,0.18438951661407676,250,0.9765625,1,0.045954067756922866,0.04733333333333334,17.519834528141253,0.0,4,2
25,0.85,0.8513450644737188,0.0013450644737188489,214,0.8359375,1,0.04092080955716651,0.041812979890310784,0.9843895166140768,0.13438951661407683,250,0.9765625,1,0.045954067756922866,0.04733333333333334,12.299996637957221,0.0,4,2
25,0.9,0.9010436731266782,0.0010436731266781907,228,0.890625,1,0.042878187745960646,0.04490405405405405,0.9843895166140768,0.08438951661407679,250,0.9765625,1,0.045954067756922866,0.04733333333333334,7.17353081521499,0.0,4,2
25,0.95,0.9503836829728233,0.0003836829728233182,241,0.94140625,1,0.044695753206983775,0.04639878048780488,0.9843895166140768,0.034389516614076854,250,0.9765625,1,0.045954067756922866,0.04733333333333334,2.815288835411045,0.0,4,2
25,0.97,0.9722487770931919,0.0022487770931919338,247,0.96484375,1,0.04553462957360983,0.04780103734439834,0.9843895166140768,0.014389516614076836,250,0.9765625,1,0.045954067756922866,0.04733333333333334,0.92114109028818,0.0,4,2
25,0.99,0.9920232987763175,0.0020232987763174615,253,0.98828125,1,0.04637350594023589,0.04783099787685775,0.997945375710079,0.007945375710079028,255,0.99609375,1,0.04665313139577791,0.048423504273504274,0.6029853682022468,0.0,4,2
26,0.1,0.10177479727226091,0.001774797272260903,17,0.06640625,1,0.013377702186277544,0.015339002036659877,0.997165889106844,0.897165889106844,254,0.9921875,1,0.046513318668006905,0.04839595744680851,247.69288492398127,0.0,4,2
26,0.2,0.2035029608290025,0.003502960829002477,36,0.140625,1,0.01603414401392673,0.017852944015444017,0.997165889106844,0.797165889106844,254,0.9921875,1,0.046513318668006905,0.04839595744680851,190.0891910887601,0.0,4,2
26,0.3,0.3055042933229464,0.005504293322946385,68,0.265625,1,0.020508151302599052,0.019579362780593773,0.997165889106844,0.697165889106844,254,0.9921875,1,0.046513318668006905,0.04839595744680851,126.80405455226062,0.0,4,2
26,0.4,0.40657752645067247,0.006577526450672444,88,0.34375,1,0.023304405858019253,0.021696150481189853,0.997165889106844,0.597165889106844,254,0.9921875,1,0.046513318668006905,0.04839595744680851,99.59023607547263,0.0,4,2
26,0.5,0.5018621504716624,0.0018621504716623827,112,0.4375,1,0.026659911324523493,0.025773178458289338,0.997165889106844,0.497165889106844,254,0.9921875,1,0.046513318668006905,0.04839595744680851,74.46914245817831,0.0,4,2
26,0.6,0.6049544886808308,0.004954488680830815,142,0.5546875,1,0.03085429315765379,0.030083717948717947,0.997165889106844,0.39716588910684403,254,0.9921875,1,0.046513318668006905,0.04839595744680851,50.75152890504218,0.0,4,2
26,0.7,0.702519374413709,0.0025193744137090857,171,0.66796875,1,0.034908862263013075,0.03412912912912913,0.997165889106844,0.29716588910684405,254,0.9921875,1,0.046513318668006905,0.04839595744680851,33.2421501381587,0.0,4,2
26,0.8,0.8009506582389376,0.000950658238937585,200,0.78125,1,0.03896343136837237,0.03915611015490534,0.997165889106844,0.19716588910684396,254,0.9921875,1,0.046513318668006905,0.04839595744680851,19.37685423097253,0.0,4,2
26,0.85,0.8510864254081183,0.001086425408118319,211,0.82421875,1,0.04050137137385348,0.040935559566787,0.997165889106844,0.14716588910684403,254,0.9921875,1,0.046513318668006905,0.04839595744680851,14.843811679015317,0.0,4,2
26,0.9,0.9018717259563573,0.0018717259563573174,225,0.87890625,1,0.04245874956264761,0.0438043893129771,0.997165889106844,0.09716588910684398,254,0.9921875,1,0.046513318668006905,0.04839595744680851,9.549431264754515,0.0,4,2
26,0.95,0.9504069665847266,0.00040696658472660907,239,0.93359375,1,0.044416127751441756,0.04510987903225806,0.997165889106844,0.04716588910684405,254,0.9921875,1,0.046513318668006905,0.04839595744680851,4.721687870453928,0.0,4,2
26,0.97,0.9736171334229279,0.0036171334229279095,247,0.96484375,1,0.04553462957360983,0.04780103734439834,0.997165889106844,0.027165889106844032,254,0.9921875,1,0.046513318668006905,0.04839595744680851,2.1493292106724127,0.0,4,2
26,0.99,0.993611302712625,0.0036113027126249975,253,0.98828125,1,0.04637350594023589,0.04783099787685775,0.997165889106844,0.0071658891068440145,254,0.9921875,1,0.046513318668006905,0.04839595744680851,0.3014926841011345,0.0,4,2
27,0.1,0.1025555443774124,0.0025555443774124,19,0.07421875,1,0.013657327641819563,0.015312371499468274,1.0,0.9,256,1.0,1,0.046792944123548924,0.048613400368694486,242.62152414258628,0.0,2,2
27,0.2,0.20218738092723162,0.0021873809272316136,43,0.16796875,1,0.017012833108323803,0.018372790573111943,1.0,0.8,256,1.0,1,0.046792944123548924,0.048613400368694486,175.044984134093,0.0,2,2
27,0.3,0.30202881191182024,0.0020288119118202497,69,0.26953125,1,0.020647964030370062,0.02049846378931968,1.0,0.7,256,1.0,1,0.046792944123548924,0.048613400368694486,126.62255733651762,0.0,2,2
27,0.4,0.4026901851151252,0.0026901851151251988,94,0.3671875,1,0.02414328222464531,0.022798618784530385,1.0,0.6,256,1.0,1,0.046792944123548924,0.048613400368694486,93.81351585984021,0.0,2,2
27,0.5,0.5008214567472599,0.0008214567472598633,122,0.4765625,1,0.02805803860223359,0.026395814479638006,1.0,0.5,256,1.0,1,0.046792944123548924,0.048613400368694486,66.77197143717638,0.0,2,2
27,0.6,0.601015446450127,0.0010154464501270777,148,0.578125,1,0.03169316952427985,0.029753917662682604,1.0,0.4,256,1.0,1,0.046792944123548924,0.048613400368694486,47.64362424433843,0.0,2,2
27,0.7,0.7004111759925712,0.0004111759925712333,170,0.6640625,1,0.03476904953524207,0.0338881913303438,1.0,0.30000000000000004,256,1.0,1,0.046792944123548924,0.048613400368694486,34.582177968711456,0.0,2,2
27,0.8,0.8025579363379773,0.0025579363379772957,200,0.78125,1,0.03896343136837237,0.03915611015490534,1.0,0.19999999999999996,256,1.0,1,0.046792944123548924,0.048613400368694486,20.094515498786315,0.0,2,2
27,0.85,0.8504731638632493,0.00047316386324935955,216,0.84375,1,0.04120043501270853,0.04185874769797422,1.0,0.15000000000000002,256,1.0,1,0.046792944123548924,0.048613400368694486,13.57390791897064,0.0,2,2
27,0.9,0.902767235256138,0.0027672352561379787,228,0.890625,1,0.042878187745960646,0.04490405405405405,1.0,0.09999999999999998,256,1.0,1,0.046792944123548924,0.048613400368694486,9.129948310273605,0.0,2,2
27,0.95,0.9503331309705281,0.00033313097052811713,243,0.94921875,1,0.044975378662525795,0.046523312883435586,1.0,0.050000000000000044,256,1.0,1,0.046792944123548924,0.048613400368694486,4.041245488251,0.0,2,2
27,0.97,0.9720952499409571,0.0020952499409571113,250,0.9765625,1,0.045954067756922866,0.04733333333333334,1.0,0.030000000000000027,256,1.0,1,0.046792944123548924,0.048613400368694486,1.8254670534572748,0.0,2,2
27,0.99,0.9909821302234988,0.0009821302234988005,254,0.9921875,1,0.046513318668006905,0.04839595744680851,1.0,0.010000000000000009,256,1.0,1,0.046792944123548924,0.048613400368694486,0.6011728759624191,0.0,2,2
28,0.1,0.10126478803882928,0.001264788038829276,18,0.0703125,1,0.013517514914048553,0.014918147120055517,0.9886893903715233,0.8886893903715233,248,0.96875,1,0.045674442301380846,0.04718708333333334,237.8908223279419,0.0,3,3
28,0.2,0.20152572696132823,0.0015257269613282165,43,0.16796875,1,0.017012833108323803,0.018372790573111943,0.9886893903715233,0.7886893903715233,248,0.96875,1,0.045674442301380846,0.04718708333333334,168.4705246360989,0.0,3,3
28,0.3,0.3022870660635931,0.002287066063593135,66,0.2578125,1,0.020228525847057033,0.02009113475177305,0.9886893903715233,0.6886893903715232,248,0.96875,1,0.045674442301380846,0.04718708333333334,125.79224332368165,0.0,3,3
28,0.4,0.4033273857541831,0.0033273857541830654,91,0.35546875,1,0.02372384404133228,0.022570736086175942,0.9886893903715233,0.5886893903715232,248,0.96875,1,0.045674442301380846,0.04718708333333334,92.52547024759427,0.0,3,3
28,0.5,0.5028232293962758,0.0028232293962757726,119,0.46484375,1,0.027638600418920557,0.026446674057649666,0.9886893903715233,0.48868939037152326,248,0.96875,1,0.045674442301380846,0.04718708333333334,65.25598839698661,0.0,3,3
28,0.6,0.602810437536924,0.0028104375369240042,146,0.5703125,1,0.03141354406873783,0.029954461942257222,0.9886893903715233,0.3886893903715233,248,0.96875,1,0.045674442301380846,0.04718708333333334,45.39729169506601,0.0,3,3
28,0.7,0.7019856712631506,0.0019856712631506346,171,0.66796875,1,0.034908862263013075,0.03412912912912913,0.9886893903715233,0.2886893903715233,248,0.96875,1,0.045674442301380846,0.04718708333333334,30.839103140219514,0.0,3,3
28,0.8,0.8019432013103011,0.0019432013103010126,200,0.78125,1,0.03896343136837237,0.03915611015490534,0.9886893903715233,0.1886893903715232,248,0.96875,1,0.045674442301380846,0.04718708333333334,17.22387042753113,0.0,3,3
28,0.85,0.8517025510290693,0.0017025510290693546,214,0.8359375,1,0.04092080955716651,0.041812979890310784,0.9886893903715233,0.13868939037152328,248,0.96875,1,0.045674442301380846,0.04718708333333334,11.616663491404044,0.0,3,3
28,0.9,0.9008819731205405,0.0008819731205405024,228,0.890625,1,0.042878187745960646,0.04490405405405405,0.9886893903715233,0.08868939037152324,248,0.96875,1,0.045674442301380846,0.04718708333333334,6.521391650195429,0.0,3,3
28,0.95,0.9500179753652629,1.7975365262934417e-05,238,0.9296875,1,0.04427631502367074,0.0453425702811245,0.9886893903715233,0.0386893903715233,248,0.96875,1,0.045674442301380846,0.04718708333333334,3.15773179624963,0.0,3,3
28,0.97,0.9707647028159189,0.000764702815918894,243,0.94921875,1,0.044975378662525795,0.046523312883435586,0.9886893903715233,0.018689390371523285,248,0.96875,1,0.045674442301380846,0.04718708333333334,1.554325187788863,0.0,3,3
28,0.99,0.9906331644938533,0.000633164493853311,250,0.9765625,1,0.045954067756922866,0.04733333333333334,1.0,0.010000000000000009,256,1.0,1,0.046792944123548924,0.048613400368694486,1.8254670534572748,0.0,3,3
29,0.1,0.10266263040446828,0.0026626304044682775,18,0.0703125,1,0.013517514914048553,0.014918147120055517,0.9998306945030762,0.8998306945030762,255,0.99609375,1,0.04665313139577791,0.048423504273504274,245.1309777900966,0.0,3,2
29,0.2,0.20556216982853856,0.005562169828538549,43,0.16796875,1,0.017012833108323803,0.018372790573111943,0.9998306945030762,0.7998306945030762,255,0.99609375,1,0.04665313139577791,0.048423504273504274,174.2231766968437,0.0,3,2
29,0.3,0.30058126822121517,0.000581268221215181,65,0.25390625,1,0.02008871311928602,0.019898385964912283,0.9998306945030762,0.6998306945030761,255,0.99609375,1,0.04665313139577791,0.048423504273504274,132.2355400206742,0.0,3,2
29,0.4,0.4040901453423095,0.0040901453423095036,92,0.359375,1,0.023863656769103292,0.02210280542986425,0.9998306945030762,0.5998306945030761,255,0.99609375,1,0.04665313139577791,0.048423504273504274,95.49866915694398,0.0,3,2
29,0.5,0.5028883574641531,0.0028883574641530574,120,0.46875,1,0.02777841314669157,0.02587689732142857,0.9998306945030762,0.49983069450307616,255,0.99609375,1,0.04665313139577791,0.048423504273504274,67.94743151602356,0.0,3,2
29,0.6,0.6024428508966799,0.002442850896679949,147,0.57421875,1,0.031553356796508836,0.0300998678996037,0.9998306945030762,0.3998306945030762,255,0.99609375,1,0.04665313139577791,0.048423504273504274,47.854732847123785,0.0,3,2
29,0.7,0.7024075745457656,0.0024075745457656783,171,0.66796875,1,0.034908862263013075,0.03412912912912913,0.9998306945030762,0.2998306945030762,255,0.99609375,1,0.04665313139577791,0.048423504273504274,33.64265797114854,0.0,3,2
29,0.8,0.8029659431909993,0.0029659431909992984,197,0.76953125,1,0.038543993185059335,0.03893089983022071,0.9998306945030762,0.1998306945030761,255,0.99609375,1,0.04665313139577791,0.048423504273504274,21.038656196789418,0.0,3,2
29,0.85,0.8539152494113897,0.003915249411389765,213,0.83203125,1,0.0407809968293955,0.04163018181818182,0.9998306945030762,0.14983069450307618,255,0.99609375,1,0.04665313139577791,0.048423504273504274,14.399193307971569,0.0,3,2
29,0.9,0.9008832628667726,0.0008832628667725384,228,0.890625,1,0.042878187745960646,0.04490405405405405,0.9998306945030762,0.09983069450307613,255,0.99609375,1,0.04665313139577791,0.048423504273504274,8.803878727763825,0.0,3,2
29,0.95,0.9512932630509587,0.0012932630509587817,242,0.9453125,1,0.04483556593475478,0.046679633401222,0.9998306945030762,0.0498306945030762,255,0.99609375,1,0.04665313139577791,0.048423504273504274,4.053847482750794,0.0,3,2
29,0.97,0.9736611617172698,0.003661161717269823,247,0.96484375,1,0.04553462957360983,0.04780103734439834,0.9998306945030762,0.029830694503076183,255,0.99609375,1,0.04665313139577791,0.048423504273504274,2.456376240768443,0.0,3,2
29,0.99,0.9930281630981826,0.003028163098182657,254,0.9921875,1,0.046513318668006905,0.04839595744680851,0.9998306945030762,0.009830694503076165,255,0.99609375,1,0.04665313139577791,0.048423504273504274,0.30058643798120954,0.0,3,2
30,0.1,0.10379253635018051,0.0037925363501805087,18,0.0703125,1,0.013517514914048553,0.014918147120055517,0.9951159892834475,0.8951159892834475,254,0.9921875,1,0.046513318668006905,0.04839595744680851,244.09666986693165,0.0,4,2
30,0.2,0.20261149216697,0.0026114921669699864,40,0.15625,1,0.016593394925010774,0.017043641025641026,0.9951159892834475,0.7951159892834474,254,0.9921875,1,0.046513318668006905,0.04839595744680851,180.31225001400193,0.0,4,2
30,0.3,0.30021260683738643,0.00021260683738644204,68,0.265625,1,0.020508151302599052,0.019579362780593773,0.9951159892834475,0.6951159892834475,254,0.9921875,1,0.046513318668006905,0.04839595744680851,126.80405455226062,0.0,4,2
30,0.4,0.4015334892618512,0.0015334892618511509,95,0.37109375,1,0.02428309495241632,0.023273191094619665,0.9951159892834475,0.5951159892834474,254,0.9921875,1,0.046513318668006905,0.04839595744680851,91.54608899381063,0.0,4,2
30,0.5,0.5025306932767997,0.002530693276799667,123,0.48046875,1,0.028197851330004603,0.02735512528473804,0.9951159892834475,0.49511598928344747,254,0.9921875,1,0.046513318668006905,0.04839595744680851,64.95341479623056,0.0,4,2
30,0.6,0.601526069174889,0.0015260691748890665,147,0.57421875,1,0.031553356796508836,0.0300998678996037,0.9951159892834475,0.3951159892834475,254,0.9921875,1,0.046513318668006905,0.04839595744680851,47.411633468909685,0.0,4,2
30,0.7,0.7011997627920099,0.0011997627920099507,172,0.671875,1,0.03504867499078409,0.03383906485671191,0.9951159892834475,0.2951159892834475,254,0.9921875,1,0.046513318668006905,0.04839595744680851,32.71063365515929,0.0,4,2
30,0.8,0.8010038974509498,0.0010038974509497534,198,0.7734375,1,0.03868380591283035,0.03888293515358362,0.9951159892834475,0.19511598928344742,254,0.9921875,1,0.046513318668006905,0.04839595744680851,20.239768477847008,0.0,4,2
30,0.85,0.850192170358815,0.00019217035881502476,213,0.83203125,1,0.0407809968293955,0.04163018181818182,0.9951159892834475,0.1451159892834475,254,0.9921875,1,0.046513318668006905,0.04839595744680851,14.056355372067486,0.0,4,2
30,0.9,0.901502246032042,0.001502246032041965,228,0.890625,1,0.042878187745960646,0.04490405405405405,0.9951159892834475,0.09511598928344744,254,0.9921875,1,0.046513318668006905,0.04839595744680851,8.477809145254067,0.0,4,2
30,0.95,0.9505766367282155,0.0005766367282155072,242,0.9453125,1,0.04483556593475478,0.046679633401222,0.9951159892834475,0.04511598928344751,254,0.9921875,1,0.046513318668006905,0.04839595744680851,3.7420130610007485,0.0,4,2
30,0.97,0.970241073429975,0.0002410734299750361,247,0.96484375,1,0.04553462957360983,0.04780103734439834,0.9951159892834475,0.025115989283447493,254,0.9921875,1,0.046513318668006905,0.04839595744680851,2.1493292106724127,0.0,4,2
30,0.99,0.9920416155640491,0.0020416155640491374,253,0.98828125,1,0.04637350594023589,0.04783099787685775,0.9951159892834475,0.005115989283447475,254,0.9921875,1,0.046513318668006905,0.04839595744680851,0.3014926841011345,0.0,4,2
31,0.1,0.10413374069837875,0.004133740698378741,16,0.0625,1,0.013237889458506534,0.014520079654829075,0.9949783056599789,0.8949783056599789,252,0.984375,1,0.046233693212464885,0.047364904862579285,249.25275178782812,0.0,3,2
31,0.2,0.20090463861863078,0.0009046386186307709,44,0.171875,1,0.017152645836094813,0.017583269961977187,0.9949783056599789,0.7949783056599788,252,0.984375,1,0.046233693212464885,0.047364904862579285,169.54263298070305,0.0,3,2
31,0.3,0.30332241334190274,0.0033224133419027524,70,0.2734375,1,0.02078777675814107,0.020093865484109387,0.9949783056599789,0.694978305659979,252,0.984375,1,0.046233693212464885,0.047364904862579285,122.40807061947345,0.0,3,2
31,0.4,0.4061828104947059,0.00618281049470587,99,0.38671875,1,0.02484234586350036,0.023348467432950194,0.9949783056599789,0.5949783056599789,252,0.984375,1,0.046233693212464885,0.047364904862579285,86.10840323414779,0.0,3,2
31,0.5,0.501505034215418,0.001505034215418033,123,0.48046875,1,0.028197851330004603,0.02735512528473804,0.9949783056599789,0.4949783056599789,252,0.984375,1,0.046233693212464885,0.047364904862579285,63.961759608501836,0.0,3,2
31,0.6,0.6060073687336763,0.006007368733676355,151,0.58984375,1,0.03211260770759288,0.031588648648648646,0.9949783056599789,0.39497830565997893,252,0.984375,1,0.046233693212464885,0.047364904862579285,43.9736493325428,0.0,3,2
31,0.7,0.705828343998926,0.005828343998926067,175,0.68359375,1,0.03546811317409712,0.035867534456355286,0.9949783056599789,0.29497830565997896,252,0.984375,1,0.046233693212464885,0.047364904862579285,30.352841115410744,0.0,3,2
31,0.8,0.8020478817513066,0.002047881751306546,201,0.78515625,1,0.03910324409614338,0.039963385146804836,0.9949783056599789,0.19497830565997887,252,0.984375,1,0.046233693212464885,0.047364904862579285,18.234929815004165,0.0,3,2
31,0.85,0.8500620762660848,6.207626608478733e-05,210,0.8203125,1,0.040361558646082464,0.04064524236983842,0.9949783056599789,0.14497830565997893,252,0.984375,1,0.046233693212464885,0.047364904862579285,14.548830033729088,0.0,3,2
31,0.9,0.9006005249088478,0.000600524908847766,225,0.87890625,1,0.04245874956264761,0.0438043893129771,0.9949783056599789,0.09497830565997889,252,0.984375,1,0.046233693212464885,0.047364904862579285,8.890849798219724,0.0,3,2
31,0.95,0.9531565902591558,0.0031565902591558226,239,0.93359375,1,0.044416127751441756,0.04510987903225806,0.9949783056599789,0.04497830565997896,252,0.984375,1,0.046233693212464885,0.047364904862579285,4.092129487726748,0.0,3,2
31,0.97,0.9704364787004124,0.00043647870041241266,245,0.95703125,1,0.045255004118067814,0.04686082474226804,0.9949783056599789,0.02497830565997894,252,0.984375,1,0.046233693212464885,0.047364904862579285,2.1626096681899076,0.0,3,2
31,0.99,0.9949783056599789,0.004978305659978921,252,0.984375,1,0.046233693212464885,0.047364904862579285,0.9949783056599789,0.004978305659978921,252,0.984375,1,0.046233693212464885,0.047364904862579285,0.0,0.0,3,2
32,0.1,0.10085302328691555,0.0008530232869155413,17,0.06640625,1,0.013377702186277544,0.015339002036659877,0.9923629606305729,0.892362960630573,252,0.984375,1,0.046233693212464885,0.047364904862579285,245.6026496081671,0.0,4,2
32,0.2,0.20000390478020438,3.904780204372349e-06,42,0.1640625,1,0.016873020380552793,0.01772222808870116,0.9923629606305729,0.7923629606305729,252,0.984375,1,0.046233693212464885,0.047364904862579285,174.00958553782164,0.0,4,2
32,0.3,0.30041304534985,0.0004130453498500386,65,0.25390625,1,0.02008871311928602,0.019898385964912283,0.9923629606305729,0.692362960630573,252,0.984375,1,0.046233693212464885,0.047364904862579285,130.14761044140042,0.0,4,2
32,0.4,0.40080305023652574,0.0008030502365257153,91,0.35546875,1,0.02372384404133228,0.022570736086175942,0.9923629606305729,0.5923629606305729,252,0.984375,1,0.046233693212464885,0.047364904862579285,94.88280706918903,0.0,4,2
32,0.5,0.5048001435136273,0.004800143513627342,119,0.46484375,1,0.027638600418920557,0.026446674057649666,0.9923629606305729,0.49236296063057294,252,0.984375,1,0.046233693212464885,0.047364904862579285,67.27942989766835,0.0,4,2
32,0.6,0.6017229945650974,0.001722994565097391,145,0.56640625,1,0.031273731340966816,0.030195300261096607,0.9923629606305729,0.39236296063057297,252,0.984375,1,0.046233693212464885,0.047364904862579285,47.8355515317143,0.0,4,2
32,0.7,0.7005305097775167,0.0005305097775167855,171,0.66796875,1,0.034908862263013075,0.03412912912912913,0.9923629606305729,0.292362960630573,252,0.984375,1,0.046233693212464885,0.047364904862579285,32.44113447217898,0.0,4,2
32,0.8,0.8004216789714649,0.0004216789714648339,199,0.77734375,1,0.03882361864060136,0.03939914383561644,0.9923629606305729,0.1923629606305729,252,0.984375,1,0.046233693212464885,0.047364904862579285,19.08651184852239,0.0,4,2
32,0.85,0.8567724282012897,0.00677242820128976,214,0.8359375,1,0.04092080955716651,0.041812979890310784,0.9923629606305729,0.14236296063057297,252,0.984375,1,0.046233693212464885,0.047364904862579285,12.9833297845104,0.0,4,2
32,0.9,0.9036528749644284,0.003652874964428343,228,0.890625,1,0.042878187745960646,0.04490405405405405,0.9923629606305729,0.09236296063057292,252,0.984375,1,0.046233693212464885,0.047364904862579285,7.825669980234529,0.0,4,2
32,0.95,0.9516381931931029,0.001638193193102988,242,0.9453125,1,0.04483556593475478,0.046679633401222,0.9923629606305729,0.04236296063057299,252,0.984375,1,0.046233693212464885,0.047364904862579285,3.1183442175006126,0.0,4,2
32,0.97,0.9735384451167308,0.0035384451167308484,247,0.96484375,1,0.04553462957360983,0.04780103734439834,0.9923629606305729,0.02236296063057297,252,0.984375,1,0.046233693212464885,0.047364904862579285,1.5352351504802852,0.0,4,2
32,0.99,0.992362960630572,0.002362960630572064,252,0.984375,1,0.046233693212464885,0.047364904862579285,0.9923629606305729,0.0023629606305729522,252,0.984375,1,0.046233693212464885,0.047364904862579285,0.0,0.0,4,2
33,0.1,0.10534928861039333,0.005349288610393327,15,0.05859375,1,0.013098076730735523,0.014725624391826144,0.9929698776056126,0.8929698776056126,253,0.98828125,1,0.04637350594023589,0.04783099787685775,254.04820794351681,0.0,4,2
33,0.2,0.2054708606842389,0.005470860684238882,41,0.16015625,1,0.016733207652781783,0.01797626236335242,0.9929698776056126,0.7929698776056127,253,0.98828125,1,0.04637350594023589,0.04783099787685775,177.1345871186067,0.0,4,2
33,0.3,0.3029135091439188,0.002913509143918802,66,0.2578125,1,0.020228525847057033,0.02009113475177305,0.9929698776056126,0.6929698776056126,253,0.98828125,1,0.04637350594023589,0.04783099787685775,129.2480741842223,0.0,4,2
33,0.4,0.40362076415342396,0.0036207641534239388,93,0.36328125,1,0.0240034694968743,0.022591232876712327,0.9929698776056126,0.5929698776056126,253,0.98828125,1,0.04637350594023589,0.04783099787685775,93.19501268878894,0.0,4,2
33,0.5,0.5037586907502575,0.0037586907502574762,115,0.44921875,1,0.02707934950783652,0.025499892125134843,0.9929698776056126,0.4929698776056126,253,0.98828125,1,0.04637350594023589,0.04783099787685775,71.25044280260802,0.0,4,2
33,0.6,0.6018104598960362,0.0018104598960362317,141,0.55078125,1,0.030714480429882778,0.029799617346938777,0.9929698776056126,0.39296987760561264,253,0.98828125,1,0.04637350594023589,0.04783099787685775,50.982550546803694,0.0,4,2
33,0.7,0.7027974029691498,0.002797402969149876,167,0.65234375,1,0.03434961135192904,0.03351941176470589,0.9929698776056126,0.29296987760561266,253,0.98828125,1,0.04637350594023589,0.04783099787685775,35.00445598966466,0.0,4,2
33,0.8,0.8007990861709995,0.0007990861709994412,199,0.77734375,1,0.03882361864060136,0.03939914383561644,0.9929698776056126,0.19296987760561257,253,0.98828125,1,0.04637350594023589,0.04783099787685775,19.44663471358883,0.0,4,2
33,0.85,0.8523584983533432,0.00235849835334323,218,0.8515625,1,0.04148006046825055,0.04183506493506493,0.9929698776056126,0.14296987760561264,253,0.98828125,1,0.04637350594023589,0.04783099787685775,11.79710303395256,0.0,4,2
33,0.9,0.9067036211225591,0.006703621122559067,232,0.90625,1,0.043437438657044684,0.04410235294117647,0.9929698776056126,0.0929698776056126,253,0.98828125,1,0.04637350594023589,0.04783099787685775,6.759301132768414,0.0,4,2
33,0.95,0.9533244624278661,0.003324462427866104,244,0.953125,1,0.04511519139029681,0.046086858316221765,0.9929698776056126,0.04296987760561266,253,0.98828125,1,0.04637350594023589,0.04783099787685775,2.789114954768235,0.0,4,2
33,0.97,0.9707792676812415,0.00077926768124148,248,0.96875,1,0.045674442301380846,0.04718708333333334,0.9929698776056126,0.022969877605612643,253,0.98828125,1,0.04637350594023589,0.04783099787685775,1.5305356861115005,0.0,4,2
33,0.99,0.9929698776056132,0.0029698776056131804,253,0.98828125,1,0.04637350594023589,0.04783099787685775,0.9929698776056126,0.0029698776056126253,253,0.98828125,1,0.04637350594023589,0.04783099787685775,0.0,0.0,4,2
34,0.1,0.10087766222703932,0.0008776622270393192,19,0.07421875,1,0.013657327641819563,0.015312371499468274,0.9946013028409757,0.8946013028409757,254,0.9921875,1,0.046513318668006905,0.04839595744680851,240.574085120286,0.0,3,2
34,0.2,0.20151046381512006,0.0015104638151200445,42,0.1640625,1,0.016873020380552793,0.01772222808870116,0.9946013028409757,0.7946013028409757,254,0.9921875,1,0.046513318668006905,0.04839595744680851,175.6668196858009,0.0,3,2
34,0.3,0.30008923808944016,8.923808944016898e-05,62,0.2421875,1,0.019669274935972994,0.019521860149355058,0.9946013028409757,0.6946013028409757,254,0.9921875,1,0.046513318668006905,0.04839595744680851,136.47703750858162,0.0,3,2
34,0.4,0.4043715935754136,0.004371593575413557,91,0.35546875,1,0.02372384404133228,0.022570736086175942,0.9946013028409757,0.5946013028409757,254,0.9921875,1,0.046513318668006905,0.04839595744680851,96.06147547998643,0.0,3,2
34,0.5,0.5046408067395926,0.004640806739592551,119,0.46484375,1,0.027638600418920557,0.026446674057649666,0.9946013028409757,0.4946013028409757,254,0.9921875,1,0.046513318668006905,0.04839595744680851,68.29115064800924,0.0,3,2
34,0.6,0.6009790156706792,0.0009790156706792619,147,0.57421875,1,0.031553356796508836,0.0300998678996037,0.9946013028409757,0.3946013028409757,254,0.9921875,1,0.046513318668006905,0.04839595744680851,47.411633468909685,0.0,3,2
34,0.7,0.7023598380142826,0.0023598380142826336,175,0.68359375,1,0.03546811317409712,0.035867534456355286,0.9946013028409757,0.29460130284097574,254,0.9921875,1,0.046513318668006905,0.04839595744680851,31.141226598927908,0.0,3,2
34,0.8,0.8024704101414623,0.0024704101414622093,204,0.796875,1,0.039522682279456406,0.039092994746059546,0.9946013028409757,0.19460130284097565,254,0.9921875,1,0.046513318668006905,0.04839595744680851,17.687656771676608,0.0,3,2
34,0.85,0.850486154121998,0.0004861541219980392,215,0.83984375,1,0.041060622284937516,0.0420308256880734,0.9946013028409757,0.14460130284097572,254,0.9921875,1,0.046513318668006905,0.04839595744680851,13.279624320427374,0.0,3,2
34,0.9,0.9020255463061234,0.0020255463061233936,231,0.90234375,1,0.04329762592927368,0.044601562500000004,0.9946013028409757,0.09460130284097568,254,0.9921875,1,0.046513318668006905,0.04839595744680851,7.426949329706978,0.0,3,2
34,0.95,0.9518859164763153,0.001885916476315308,243,0.94921875,1,0.044975378662525795,0.046523312883435586,0.9946013028409757,0.04460130284097574,254,0.9921875,1,0.046513318668006905,0.04839595744680851,3.4195154131354766,0.0,3,2
34,0.97,0.9716003208444474,0.0016003208444473893,250,0.9765625,1,0.045954067756922866,0.04733333333333334,0.9946013028409757,0.024601302840975725,254,0.9921875,1,0.046513318668006905,0.04839595744680851,1.2169780356381832,0.0,3,2
34,0.99,0.9905564569350562,0.0005564569350562376,253,0.98828125,1,0.04637350594023589,0.04783099787685775,0.9946013028409757,0.004601302840975707,254,0.9921875,1,0.046513318668006905,0.04839595744680851,0.3014926841011345,0.0,3,2
35,0.1,0.10376665241234033,0.003766652412340324,19,0.07421875,1,0.013657327641819563,0.015312371499468274,0.9987832645398218,0.8987832645398218,255,0.99609375,1,0.04665313139577791,0.048423504273504274,241.59780463143613,0.0,3,2
35,0.2,0.20301554384854148,0.0030155438485414687,42,0.1640625,1,0.016873020380552793,0.01772222808870116,0.9987832645398218,0.7987832645398218,255,0.99609375,1,0.04665313139577791,0.048423504273504274,176.4954367597905,0.0,3,2
35,0.3,0.3007357907609061,0.0007357907609061298,66,0.2578125,1,0.020228525847057033,0.02009113475177305,0.9987832645398218,0.6987832645398218,255,0.99609375,1,0.04665313139577791,0.048423504273504274,130.63040652843858,0.0,3,2
35,0.4,0.4021285024001411,0.0021285024001410635,93,0.36328125,1,0.0240034694968743,0.022591232876712327,0.9987832645398218,0.5987832645398218,255,0.99609375,1,0.04665313139577791,0.048423504273504274,94.35995034739881,0.0,3,2
35,0.5,0.5046210065515763,0.004621006551576268,119,0.46484375,1,0.027638600418920557,0.026446674057649666,0.9987832645398218,0.4987832645398218,255,0.99609375,1,0.04665313139577791,0.048423504273504274,68.79701102317965,0.0,3,2
35,0.6,0.6052809551921993,0.005280955192199288,150,0.5859375,1,0.03197279497982187,0.031179032258064517,0.9987832645398218,0.3987832645398218,255,0.99609375,1,0.04665313139577791,0.048423504273504274,45.91508632642485,0.0,3,2
35,0.7,0.7033585204501311,0.003358520450131186,177,0.69140625,1,0.03574773862963914,0.03657105263157895,0.9987832645398218,0.29878326453982185,255,0.99609375,1,0.04665313139577791,0.048423504273504274,30.50652484377543,0.0,3,2
35,0.8,0.8021706425226607,0.0021706425226606374,202,0.7890625,1,0.039243056823914386,0.039569791666666666,0.9987832645398218,0.19878326453982176,255,0.99609375,1,0.04665313139577791,0.048423504273504274,18.882511128307122,0.0,3,2
35,0.85,0.8520593526542939,0.002059352654293911,215,0.83984375,1,0.041060622284937516,0.0420308256880734,0.9987832645398218,0.14878326453982182,255,0.99609375,1,0.04665313139577791,0.048423504273504274,13.620127508130642,0.0,3,2
35,0.9,0.9006748959035628,0.0006748959035627333,230,0.8984375,1,0.043157813201502665,0.04402826510721248,0.9987832645398218,0.09878326453982178,255,0.99609375,1,0.04665313139577791,0.048423504273504274,8.0989233118826,0.0,3,2
35,0.95,0.9517093721609174,0.0017093721609174883,244,0.953125,1,0.04511519139029681,0.046086858316221765,0.9987832645398218,0.04878326453982185,255,0.99609375,1,0.04665313139577791,0.048423504273504274,3.408918278050077,0.0,3,2
35,0.97,0.9708017372358541,0.0008017372358540831,248,0.96875,1,0.045674442301380846,0.04718708333333334,0.9987832645398218,0.02878326453982183,255,0.99609375,1,0.04665313139577791,0.048423504273504274,2.142749960556123,0.0,3,2
35,0.99,0.9953141545926479,0.005314154592647946,254,0.9921875,1,0.046513318668006905,0.04839595744680851,0.9987832645398218,0.008783264539821811,255,0.99609375,1,0.04665313139577791,0.048423504273504274,0.30058643798120954,0.0,3,2
36,0.1,0.10092604864385468,0.0009260486438546767,19,0.07421875,1,0.013657327641819563,0.015312371499468274,0.9944800211094101,0.8944800211094102,252,0.984375,1,0.046233693212464885,0.047364904862579285,238.52664609798566,0.0,3,2
36,0.2,0.20592118346237565,0.005921183462375634,45,0.17578125,1,0.017292458563865822,0.018111618942731278,0.9944800211094101,0.7944800211094101,252,0.984375,1,0.046233693212464885,0.047364904862579285,167.36333090931575,0.0,3,2
36,0.3,0.3037895299853006,0.0037895299853006326,69,0.26953125,1,0.020647964030370062,0.02049846378931968,0.9944800211094101,0.6944800211094102,252,0.984375,1,0.046233693212464885,0.047364904862579285,123.91405343627122,0.0,3,2
36,0.4,0.40540049445754767,0.005400494457547644,94,0.3671875,1,0.02414328222464531,0.022798618784530385,0.9944800211094101,0.5944800211094101,252,0.984375,1,0.046233693212464885,0.047364904862579285,91.49713275218984,0.0,3,2
36,0.5,0.5056577418094528,0.0056577418094527765,120,0.46875,1,0.02777841314669157,0.02587689732142857,0.9944800211094101,0.49448002110941014,252,0.984375,1,0.046233693212464885,0.047364904862579285,66.43748859344527,0.0,3,2
36,0.6,0.6002520286056602,0.0002520286056602039,146,0.5703125,1,0.03141354406873783,0.029954461942257222,0.9944800211094101,0.39448002110941016,252,0.984375,1,0.046233693212464885,0.047364904862579285,47.17757764389212,0.0,3,2
36,0.7,0.7036414333603724,0.0036414333603724813,172,0.671875,1,0.03504867499078409,0.03383906485671191,0.9944800211094101,0.2944800211094102,252,0.984375,1,0.046233693212464885,0.047364904862579285,31.912813322106626,0.0,3,2
36,0.8,0.8040149670111262,0.004014967011126136,198,0.7734375,1,0.03868380591283035,0.03888293515358362,0.9944800211094101,0.1944800211094101,252,0.984375,1,0.046233693212464885,0.047364904862579285,19.516919603638193,0.0,3,2
36,0.85,0.8523054235525002,0.0023054235525001854,210,0.8203125,1,0.040361558646082464,0.04064524236983842,0.9944800211094101,0.14448002110941016,252,0.984375,1,0.046233693212464885,0.047364904862579285,14.548830033729088,0.0,3,2
36,0.9,0.9006274344948012,0.0006274344948011823,227,0.88671875,1,0.04273837501818963,0.04437192307692307,0.9944800211094101,0.09448002110941012,252,0.984375,1,0.046233693212464885,0.047364904862579285,8.178406859848163,0.0,3,2
36,0.95,0.9516729090325164,0.0016729090325164897,239,0.93359375,1,0.044416127751441756,0.04510987903225806,0.9944800211094101,0.044480021109410184,252,0.984375,1,0.046233693212464885,0.047364904862579285,4.092129487726748,0.0,3,2
36,0.97,0.9724834129825285,0.002483412982528521,246,0.9609375,1,0.04539481684583883,0.04721863354037267,0.9944800211094101,0.024480021109410166,252,0.984375,1,0.046233693212464885,0.047364904862579285,1.8479562754375456,0.0,3,2
36,0.99,0.9944800211094101,0.004480021109410148,252,0.984375,1,0.046233693212464885,0.047364904862579285,0.9944800211094101,0.004480021109410148,252,0.984375,1,0.046233693212464885,0.047364904862579285,0.0,0.0,3,2
37,0.1,0.10442081390238123,0.004420813902381221,19,0.07421875,1,0.013657327641819563,0.015312371499468274,0.9908705929397327,0.8908705929397327,249,0.97265625,1,0.04581425502915185,0.04799748953974896,235.4554875645352,0.0,3,2
37,0.2,0.2024912447567133,0.002491244756713279,40,0.15625,1,0.016593394925010774,0.017043641025641026,0.9908705929397327,0.7908705929397326,249,0.97265625,1,0.04581425502915185,0.04799748953974896,176.09934697629157,0.0,3,2
37,0.3,0.30185038138271764,0.0018503813827176474,66,0.2578125,1,0.020228525847057033,0.02009113475177305,0.9908705929397327,0.6908705929397327,249,0.97265625,1,0.04581425502915185,0.04799748953974896,126.48340949578976,0.0,3,2
37,0.4,0.4033879036975925,0.0033879036975924537,87,0.33984375,1,0.02316459313024824,0.022755073720728537,0.9908705929397327,0.5908705929397327,249,0.97265625,1,0.04581425502915185,0.04799748953974896,97.7770762972209,0.0,3,2
37,0.5,0.5091802956968439,0.009180295696843865,110,0.4296875,1,0.02638028586898147,0.0260125,0.9908705929397327,0.4908705929397327,249,0.97265625,1,0.04581425502915185,0.04799748953974896,73.66853132937909,0.0,3,2
37,0.6,0.6029499791365858,0.0029499791365857897,136,0.53125,1,0.030015416791027733,0.028063985148514853,0.9908705929397327,0.3908705929397327,249,0.97265625,1,0.04581425502915185,0.04799748953974896,52.635744984379954,0.0,3,2
37,0.7,0.7023651705011578,0.0023651705011578095,167,0.65234375,1,0.03434961135192904,0.03351941176470589,0.9908705929397327,0.2908705929397327,249,0.97265625,1,0.04581425502915185,0.04799748953974896,33.376341757587234,0.0,3,2
37,0.8,0.8034638871992088,0.0034638871992087594,192,0.75,1,0.03784492954620429,0.03774518272425249,0.9908705929397327,0.19087059293973263,249,0.97265625,1,0.04581425502915185,0.04799748953974896,21.057842037248186,0.0,3,2
37,0.85,0.8500490616430192,4.9061643019210344e-05,206,0.8046875,1,0.039802307734998425,0.039936572438162544,0.9908705929397327,0.1408705929397327,249,0.97265625,1,0.04581425502915185,0.04799748953974896,15.104519401690574,0.0,3,2
37,0.9,0.9000766102508637,7.661025086369566e-05,220,0.859375,1,0.04175968592379257,0.04211292134831461,0.9908705929397327,0.09087059293973265,249,0.97265625,1,0.04581425502915185,0.04799748953974896,9.70929022971696,0.0,3,2
37,0.95,0.9521244208914273,0.002124420891427392,240,0.9375,1,0.04455594047921276,0.04549817813765182,0.9908705929397327,0.04087059293973272,249,0.97265625,1,0.04581425502915185,0.04799748953974896,2.8241229708217075,0.0,3,2
37,0.97,0.9702395531993788,0.00023955319937885022,244,0.953125,1,0.04511519139029681,0.046086858316221765,0.9908705929397327,0.0208705929397327,249,0.97265625,1,0.04581425502915185,0.04799748953974896,1.5495083082045724,0.0,3,2
37,0.99,0.9908705929397328,0.000870592939732795,249,0.97265625,1,0.04581425502915185,0.04799748953974896,0.9908705929397327,0.0008705929397326839,249,0.97265625,1,0.04581425502915185,0.04799748953974896,0.0,0.0,3,2
38,0.1,0.10438140036222643,0.004381400362226423,18,0.0703125,1,0.013517514914048553,0.014918147120055517,0.9923254061347714,0.8923254061347714,252,0.984375,1,0.046233693212464885,0.047364904862579285,242.02805402060176,0.0,4,2
38,0.2,0.20289972877899543,0.002899728778995414,43,0.16796875,1,0.017012833108323803,0.018372790573111943,0.9923254061347714,0.7923254061347713,252,0.984375,1,0.046233693212464885,0.047364904862579285,171.75775438509598,0.0,4,2
38,0.3,0.30181307289439163,0.001813072894391643,72,0.28125,1,0.02106740221368309,0.02044079939668175,0.9923254061347714,0.6923254061347714,252,0.984375,1,0.046233693212464885,0.047364904862579285,119.4560712494325,0.0,4,2
38,0.4,0.4031125761577179,0.0031125761577178723,98,0.3828125,1,0.02470253313572935,0.023184980988593156,0.9923254061347714,0.5923254061347714,252,0.984375,1,0.046233693212464885,0.047364904862579285,87.16174960046186,0.0,4,2
38,0.5,0.5005663819202045,0.0005663819202045284,122,0.4765625,1,0.02805803860223359,0.026395814479638006,0.9923254061347714,0.4923254061347714,252,0.984375,1,0.046233693212464885,0.047364904862579285,64.77877825994725,0.0,4,2
38,0.6,0.6008221508686468,0.0008221508686467871,150,0.5859375,1,0.03197279497982187,0.031179032258064517,0.9923254061347714,0.3923254061347714,252,0.984375,1,0.046233693212464885,0.047364904862579285,44.603226717098444,0.0,4,2
38,0.7,0.7002124282932114,0.00021242829321144185,177,0.69140625,1,0.03574773862963914,0.03657105263157895,0.9923254061347714,0.2923254061347714,252,0.984375,1,0.046233693212464885,0.047364904862579285,29.333196965168696,0.0,4,2
38,0.8,0.8069870986871275,0.006987098687127435,205,0.80078125,1,0.03966249500722742,0.039896836555360284,0.9923254061347714,0.19232540613477134,252,0.984375,1,0.046233693212464885,0.047364904862579285,16.567788294811116,0.0,4,2
38,0.85,0.8516730857335668,0.001673085733566837,219,0.85546875,1,0.041619873196021555,0.0424804104477612,0.9923254061347714,0.1423254061347714,252,0.984375,1,0.046233693212464885,0.047364904862579285,11.085617668062397,0.0,4,2
38,0.9,0.9019932952241188,0.0019932952241187296,230,0.8984375,1,0.043157813201502665,0.04402826510721248,0.9923254061347714,0.09232540613477136,252,0.984375,1,0.046233693212464885,0.047364904862579285,7.127052514456689,0.0,4,2
38,0.95,0.95033835639642,0.00033835639641999204,242,0.9453125,1,0.04483556593475478,0.046679633401222,0.9923254061347714,0.042325406134771426,252,0.984375,1,0.046233693212464885,0.047364904862579285,3.1183442175006126,0.0,4,2
38,0.97,0.9746269899799929,0.00462698997999289,247,0.96484375,1,0.04553462957360983,0.04780103734439834,0.9923254061347714,0.02232540613477141,252,0.984375,1,0.046233693212464885,0.047364904862579285,1.5352351504802852,0.0,4,2
38,0.99,0.9923254061347713,0.0023254061347712796,252,0.984375,1,0.046233693212464885,0.047364904862579285,0.9923254061347714,0.0023254061347713906,252,0.984375,1,0.046233693212464885,0.047364904862579285,0.0,0.0,4,2
39,0.1,0.10312167010451764,0.0031216701045176376,16,0.0625,1,0.013237889458506534,0.014520079654829075,0.9942368658236584,0.8942368658236585,254,0.9921875,1,0.046513318668006905,0.04839595744680851,251.36506324365712,0.0,3,2
39,0.2,0.20011871368377776,0.00011871368377774916,39,0.15234375,1,0.01645358219723976,0.017378827690752906,0.9942368658236584,0.7942368658236585,254,0.9921875,1,0.046513318668006905,0.04839595744680851,182.69417632234482,0.0,3,2
39,0.3,0.30277285313307645,0.0027728531330764583,67,0.26171875,1,0.02036833857482804,0.020534767025089606,0.9942368658236584,0.6942368658236584,254,0.9921875,1,0.046513318668006905,0.04839595744680851,128.36088715399603,0.0,3,2
39,0.4,0.40333225593608996,0.003332255936089934,92,0.359375,1,0.023863656769103292,0.02210280542986425,0.9942368658236584,0.5942368658236584,254,0.9921875,1,0.046513318668006905,0.04839595744680851,94.91278775107317,0.0,3,2
39,0.5,0.5020050634321023,0.002005063432102272,121,0.47265625,1,0.027918225874462577,0.026121709786276714,0.9942368658236584,0.49423686582365844,254,0.9921875,1,0.046513318668006905,0.04839595744680851,66.60556754988387,0.0,3,2
39,0.6,0.6023706008816553,0.002370600881655305,155,0.60546875,1,0.03267185861867692,0.03163743093922652,0.9942368658236584,0.39423686582365847,254,0.9921875,1,0.046513318668006905,0.04839595744680851,42.36508308534823,0.0,3,2
39,0.7,0.7021860197704067,0.0021860197704067774,177,0.69140625,1,0.03574773862963914,0.03657105263157895,0.9942368658236584,0.2942368658236585,254,0.9921875,1,0.046513318668006905,0.04839595744680851,30.115415550906533,0.0,3,2
39,0.8,0.800996036971933,0.0009960369719329565,198,0.7734375,1,0.03868380591283035,0.03888293515358362,0.9942368658236584,0.1942368658236584,254,0.9921875,1,0.046513318668006905,0.04839595744680851,20.239768477847008,0.0,3,2
39,0.85,0.8520366783257792,0.002036678325779251,213,0.83203125,1,0.0407809968293955,0.04163018181818182,0.9942368658236584,0.14423686582365847,254,0.9921875,1,0.046513318668006905,0.04839595744680851,14.056355372067486,0.0,3,2
39,0.9,0.9036904913828153,0.0036904913828152974,228,0.890625,1,0.042878187745960646,0.04490405405405405,0.9942368658236584,0.09423686582365842,254,0.9921875,1,0.046513318668006905,0.04839595744680851,8.477809145254067,0.0,3,2
39,0.95,0.951320281005512,0.0013202810055120695,240,0.9375,1,0.04455594047921276,0.04549817813765182,0.9942368658236584,0.04423686582365849,254,0.9921875,1,0.046513318668006905,0.04839595744680851,4.393080176833752,0.0,3,2
39,0.97,0.9755191619758077,0.005519161975807707,248,0.96875,1,0.045674442301380846,0.04718708333333334,0.9942368658236584,0.02423686582365847,254,0.9921875,1,0.046513318668006905,0.04839595744680851,1.8366428233338228,0.0,3,2
39,0.99,0.9942368658236579,0.004236865823657898,254,0.9921875,1,0.046513318668006905,0.04839595744680851,0.9942368658236584,0.004236865823658453,254,0.9921875,1,0.046513318668006905,0.04839595744680851,0.0,0.0,3,2
40,0.1,0.10078780395578846,0.000787803955788452,17,0.06640625,1,0.013377702186277544,0.015339002036659877,0.9648082209290896,0.8648082209290896,240,0.9375,1,0.04455594047921276,0.04549817813765182,233.0612377132819,0.0,4,2
40,0.2,0.20119522720206556,0.0011952272020655519,38,0.1484375,1,0.016313769469468754,0.017068690890990543,0.9648082209290896,0.7648082209290896,240,0.9375,1,0.04455594047921276,0.04549817813765182,173.11861040208564,0.0,4,2
40,0.3,0.30448701313574766,0.004487013135747675,64,0.25,1,0.019948900391515013,0.019484455239417074,0.9648082209290896,0.6648082209290895,240,0.9375,1,0.04455594047921276,0.04549817813765182,123.35035818898574,0.0,4,2
40,0.4,0.4005949273657825,0.0005949273657824827,91,0.35546875,1,0.02372384404133228,0.022570736086175942,0.9648082209290896,0.5648082209290896,240,0.9375,1,0.04455594047921276,0.04549817813765182,87.81079660440474,0.0,4,2
40,0.5,0.500829579357074,0.0008295793570739507,116,0.453125,1,0.02721916223560753,0.02512554347826087,0.9648082209290896,0.4648082209290896,240,0.9375,1,0.04455594047921276,0.04549817813765182,63.693283773905506,0.0,4,2
40,0.6,0.6027852746688689,0.002785274668868909,141,0.55078125,1,0.030714480429882778,0.029799617346938777,0.9648082209290896,0.3648082209290896,240,0.9375,1,0.04455594047921276,0.04549817813765182,45.064933072621116,0.0,4,2
40,0.7,0.7063515604125886,0.006351560412588664,172,0.671875,1,0.03504867499078409,0.03383906485671191,0.9648082209290896,0.2648082209290896,240,0.9375,1,0.04455594047921276,0.04549817813765182,27.12589132379062,0.0,4,2
40,0.8,0.8029599737025839,0.002959973702583829,195,0.76171875,1,0.038264367729517315,0.038550673400673405,0.9648082209290896,0.16480822092908953,240,0.9375,1,0.04455594047921276,0.04549817813765182,16.442380007868508,0.0,4,2
40,0.85,0.8533591512206646,0.003359151220664658,209,0.81640625,1,0.04022174591831146,0.040852951699463326,0.9648082209290896,0.1148082209290896,240,0.9375,1,0.04455594047921276,0.04549817813765182,10.775749440871763,0.0,4,2
40,0.9,0.900244935239555,0.0002449352395549331,221,0.86328125,1,0.041899498651563574,0.0428687969924812,0.9648082209290896,0.06480822092908956,240,0.9375,1,0.04455594047921276,0.04549817813765182,6.340032489983161,0.0,4,2
40,0.95,0.9522835495102034,0.0022835495102034864,237,0.92578125,1,0.044136502295899736,0.0458994,0.9648082209290896,0.014808220929089622,240,0.9375,1,0.04455594047921276,0.04549817813765182,0.9503203958053374,0.0,4,2
40,0.97,0.9725162878156527,0.002516287815652718,244,0.953125,1,0.04511519139029681,0.046086858316221765,0.9966300142441182,0.02663001424411826,252,0.984375,1,0.046233693212464885,0.047364904862579285,2.4792132931273247,0.0,4,2
40,0.99,0.9966300142441181,0.006630014244118132,252,0.984375,1,0.046233693212464885,0.047364904862579285,0.9966300142441182,0.006630014244118243,252,0.984375,1,0.046233693212464885,0.047364904862579285,0.0,0.0,4,2
41,0.1,0.10080947261848792,0.0008094726184879192,17,0.06640625,1,0.013377702186277544,0.015339002036659877,0.9872869173330627,0.8872869173330628,251,0.98046875,1,0.04609388048469387,0.04799157894736842,244.55753195025994,0.0,3,2
41,0.2,0.2021130152017826,0.0021130152017825865,43,0.16796875,1,0.017012833108323803,0.018372790573111943,0.9872869173330627,0.7872869173330628,251,0.98046875,1,0.04609388048469387,0.04799157894736842,170.93594694784667,0.0,3,2
41,0.3,0.30096628065891434,0.0009662806589143536,68,0.265625,1,0.020508151302599052,0.019579362780593773,0.9872869173330627,0.6872869173330627,251,0.98046875,1,0.04609388048469387,0.04799157894736842,124.75882786593382,0.0,3,2
41,0.4,0.4012878624642745,0.0012878624642744807,96,0.375,1,0.02442290768018733,0.022693451824134705,0.9872869173330627,0.5872869173330627,251,0.98046875,1,0.04609388048469387,0.04799157894736842,88.73215707270903,0.0,3,2
41,0.5,0.5013263793442692,0.0013263793442691574,116,0.453125,1,0.02721916223560753,0.02512554347826087,0.9872869173330627,0.48728691733306273,251,0.98046875,1,0.04609388048469387,0.04799157894736842,69.3434944312681,0.0,3,2
41,0.6,0.6001856237030322,0.00018562370303221165,139,0.54296875,1,0.030434854974340758,0.029702770780856425,0.9872869173330627,0.38728691733306275,251,0.98046875,1,0.04609388048469387,0.04799157894736842,51.450961483322466,0.0,3,2
41,0.7,0.7017111763652933,0.0017111763652933876,170,0.6640625,1,0.03476904953524207,0.0338881913303438,0.9872869173330627,0.2872869173330628,251,0.98046875,1,0.04609388048469387,0.04799157894736842,32.57158622634451,0.0,3,2
41,0.8,0.8021329536999516,0.0021329536999515897,202,0.7890625,1,0.039243056823914386,0.039569791666666666,0.9872869173330627,0.18728691733306269,251,0.98046875,1,0.04609388048469387,0.04799157894736842,17.457415948812248,0.0,3,2
41,0.85,0.8544689261953781,0.004468926195378087,215,0.83984375,1,0.041060622284937516,0.0420308256880734,0.9872869173330627,0.13728691733306275,251,0.98046875,1,0.04609388048469387,0.04799157894736842,12.258114757317573,0.0,3,2
41,0.9,0.9028189565141235,0.0028189565141234496,230,0.8984375,1,0.043157813201502665,0.04402826510721248,0.9872869173330627,0.08728691733306271,251,0.98046875,1,0.04609388048469387,0.04799157894736842,6.803095581981378,0.0,3,2
41,0.95,0.9550079598159306,0.005007959815930607,245,0.95703125,1,0.045255004118067814,0.04686082474226804,0.9872869173330627,0.037286917333062775,251,0.98046875,1,0.04609388048469387,0.04799157894736842,1.8536654298770605,0.0,3,2
41,0.97,0.9746169210670644,0.004616921067064461,249,0.97265625,1,0.04581425502915185,0.04799748953974896,0.9872869173330627,0.017286917333062757,251,0.98046875,1,0.04609388048469387,0.04799157894736842,0.6103459618935103,0.0,3,2
41,0.99,0.9911936162179907,0.001193616217990745,253,0.98828125,1,0.04637350594023589,0.04783099787685775,1.0,0.010000000000000009,256,1.0,1,0.046792944123548924,0.048613400368694486,0.9044780523033591,0.0,3,2
42,0.1,0.10215596849400888,0.0021559684940088697,18,0.0703125,1,0.013517514914048553,0.014918147120055517,0.929347474253492,0.829347474253492,230,0.8984375,1,0.043157813201502665,0.04402826510721248,219.27327971097253,0.0,4,2
42,0.2,0.2029040212729562,0.002904021272956192,40,0.15625,1,0.016593394925010774,0.017043641025641026,0.929347474253492,0.729347474253492,230,0.8984375,1,0.043157813201502665,0.04402826510721248,160.09031543299233,0.0,4,2
42,0.3,0.3014186675892466,0.001418667589246636,66,0.2578125,1,0.020228525847057033,0.02009113475177305,0.929347474253492,0.6293474742534919,230,0.8984375,1,0.043157813201502665,0.04402826510721248,113.35125222573508,0.0,4,2
42,0.4,0.4056125760191985,0.005612576019198456,92,0.359375,1,0.023863656769103292,0.02210280542986425,0.929347474253492,0.5293474742534919,230,0.8984375,1,0.043157813201502665,0.04402826510721248,80.85163401017343,0.0,4,2
42,0.5,0.5022706002250484,0.002270600225048436,117,0.45703125,1,0.027358974963378538,0.025853610503282276,0.929347474253492,0.42934747425349196,230,0.8984375,1,0.043157813201502665,0.04402826510721248,57.746455264759454,0.0,4,2
42,0.6,0.6034967947923543,0.0034967947923543186,143,0.55859375,1,0.030994105885424797,0.030185419354838712,0.929347474253492,0.329347474253492,230,0.8984375,1,0.043157813201502665,0.04402826510721248,39.245227337878916,0.0,4,2
42,0.7,0.7010039012385706,0.001003901238570637,167,0.65234375,1,0.03434961135192904,0.03351941176470589,0.929347474253492,0.229347474253492,230,0.8984375,1,0.043157813201502665,0.04402826510721248,25.642799155219475,0.0,4,2
42,0.8,0.8016526287289691,0.0016526287289690966,196,0.765625,1,0.03840418045728833,0.038024493243243244,0.929347474253492,0.1293474742534919,230,0.8984375,1,0.043157813201502665,0.04402826510721248,12.377904404186268,0.0,4,2
42,0.85,0.8523187645809696,0.002318764580969579,208,0.8125,1,0.040081933190540445,0.04029536541889483,0.929347474253492,0.07934747425349198,230,0.8984375,1,0.043157813201502665,0.04402826510721248,7.6739811833430815,0.0,4,2
42,0.9,0.9020258913387601,0.0020258913387600774,223,0.87109375,1,0.042179124107105594,0.04327405303030303,0.929347474253492,0.029347474253491934,230,0.8984375,1,0.043157813201502665,0.04402826510721248,2.3203163060282694,0.0,4,2
42,0.95,0.9515557492731304,0.0015557492731304023,239,0.93359375,1,0.044416127751441756,0.04510987903225806,0.9999231165564503,0.04992311655645032,255,0.99609375,1,0.04665313139577791,0.048423504273504274,5.036467061817529,0.0,4,2
42,0.97,0.9706072670366822,0.0006072670366822353,247,0.96484375,1,0.04553462957360983,0.04780103734439834,0.9999231165564503,0.029923116556450302,255,0.99609375,1,0.04665313139577791,0.048423504273504274,2.456376240768443,0.0,4,2
42,0.99,0.9956332082118603,0.005633208211860308,254,0.9921875,1,0.046513318668006905,0.04839595744680851,0.9999231165564503,0.009923116556450284,255,0.99609375,1,0.04665313139577791,0.048423504273504274,0.30058643798120954,0.0,4,2
43,0.1,0.10184030388527447,0.0018403038852744663,21,0.08203125,1,0.013936953097361583,0.015592276422764229,0.9946591616762004,0.8946591616762004,253,0.98828125,1,0.04637350594023589,0.04783099787685775,232.73776281140607,0.0,4,2
43,0.2,0.2005040088839832,0.0005040088839831924,45,0.17578125,1,0.017292458563865822,0.018111618942731278,0.9946591616762004,0.7946591616762004,253,0.98828125,1,0.04637350594023589,0.04783099787685775,168.171849416124,0.0,4,2
43,0.3,0.300131941326445,0.00013194132644500645,70,0.2734375,1,0.02078777675814107,0.020093865484109387,0.9946591616762004,0.6946591616762003,253,0.98828125,1,0.04637350594023589,0.04783099787685775,123.08064243606394,0.0,4,2
43,0.4,0.40164701577200923,0.0016470157720092082,99,0.38671875,1,0.02484234586350036,0.023348467432950194,0.9946591616762004,0.5946591616762004,253,0.98828125,1,0.04637350594023589,0.04783099787685775,86.67120325528602,0.0,4,2
43,0.5,0.50245474531785,0.002454745317849949,127,0.49609375,1,0.028757102241088642,0.027297660818713453,0.9946591616762004,0.4946591616762004,253,0.98828125,1,0.04637350594023589,0.04783099787685775,61.25931448675879,0.0,4,2
43,0.6,0.6027689543881781,0.0027689543881781464,153,0.59765625,1,0.0323922331631349,0.032209426229508197,0.9946591616762004,0.3946591616762004,253,0.98828125,1,0.04637350594023589,0.04783099787685775,43.16242324722723,0.0,4,2
43,0.7,0.7002660184610396,0.0002660184610396854,178,0.6953125,1,0.03588755135741015,0.0360710730948678,0.9946591616762004,0.29465916167620043,253,0.98828125,1,0.04637350594023589,0.04783099787685775,29.218919057459125,0.0,4,2
43,0.8,0.8008563538241888,0.0008563538241888047,201,0.78515625,1,0.03910324409614338,0.039963385146804836,0.9946591616762004,0.19465916167620034,253,0.98828125,1,0.04637350594023589,0.04783099787685775,18.592477458435617,0.0,4,2
43,0.85,0.8518254545364574,0.0018254545364574382,216,0.84375,1,0.04120043501270853,0.04185874769797422,0.9946591616762004,0.1446591616762004,253,0.98828125,1,0.04637350594023589,0.04783099787685775,12.555864825047824,0.0,4,2
43,0.9,0.9013247349252528,0.0013247349252527574,231,0.90234375,1,0.04329762592927368,0.044601562500000004,0.9946591616762004,0.09465916167620037,253,0.98828125,1,0.04637350594023589,0.04783099787685775,7.104038489284936,0.0,4,2
43,0.95,0.9523701301513569,0.0023701301513568973,245,0.95703125,1,0.045255004118067814,0.04686082474226804,0.9946591616762004,0.04465916167620043,253,0.98828125,1,0.04637350594023589,0.04783099787685775,2.4715539065027325,0.0,4,2
43,0.97,0.9757670683177944,0.005767068317794388,249,0.97265625,1,0.04581425502915185,0.04799748953974896,0.9946591616762004,0.024659161676200414,253,0.98828125,1,0.04637350594023589,0.04783099787685775,1.2206919237869984,0.0,4,2
43,0.99,0.9946591616762003,0.004659161676200285,253,0.98828125,1,0.04637350594023589,0.04783099787685775,0.9946591616762004,0.004659161676200396,253,0.98828125,1,0.04637350594023589,0.04783099787685775,0.0,0.0,4,2
44,0.1,0.10194918871815699,0.0019491887181569828,19,0.07421875,1,0.013657327641819563,0.015312371499468274,0.9856800682796631,0.8856800682796632,249,0.97265625,1,0.04581425502915185,0.04799748953974896,235.4554875645352,0.0,4,3
44,0.2,0.20305985982614566,0.00305985982614565,42,0.1640625,1,0.016873020380552793,0.01772222808870116,0.9856800682796631,0.7856800682796632,249,0.97265625,1,0.04581425502915185,0.04799748953974896,171.52373431585275,0.0,4,3
44,0.3,0.30216579004256183,0.0021657900425618437,65,0.25390625,1,0.02008871311928602,0.019898385964912283,0.9856800682796631,0.6856800682796631,249,0.97265625,1,0.04581425502915185,0.04799748953974896,128.0596808621266,0.0,4,3
44,0.4,0.4020906196312592,0.002090619631259172,93,0.36328125,1,0.0240034694968743,0.022591232876712327,0.9856800682796631,0.5856800682796631,249,0.97265625,1,0.04581425502915185,0.04799748953974896,90.86513737156923,0.0,4,3
44,0.5,0.5021001191654845,0.002100119165484471,125,0.48828125,1,0.028477476785546622,0.027028752886836028,0.9856800682796631,0.48568006827966315,249,0.97265625,1,0.04581425502915185,0.04799748953974896,60.878912742733895,0.0,4,3
44,0.6,0.6005504977537767,0.0005504977537766909,150,0.5859375,1,0.03197279497982187,0.031179032258064517,0.9856800682796631,0.38568006827966317,249,0.97265625,1,0.04581425502915185,0.04799748953974896,43.29136710777202,0.0,4,3
44,0.7,0.7018253195679288,0.0018253195679288625,176,0.6875,1,0.03560792590186813,0.03554692307692307,0.9856800682796631,0.2856800682796632,249,0.97265625,1,0.04581425502915185,0.04799748953974896,28.663082358156288,0.0,4,3
44,0.8,0.8000278136867504,2.781368675031093e-05,200,0.78125,1,0.03896343136837237,0.03915611015490534,0.9856800682796631,0.1856800682796631,249,0.97265625,1,0.04581425502915185,0.04799748953974896,17.582701061438023,0.0,4,3
44,0.85,0.8552527667632915,0.005252766763291561,217,0.84765625,1,0.041340247740479535,0.041725878003696856,0.9856800682796631,0.13568006827966317,249,0.97265625,1,0.04581425502915185,0.04799748953974896,10.822400767307116,0.0,4,3
44,0.9,0.9012402537283022,0.0012402537283021653,229,0.89453125,1,0.04301800047373165,0.04447320388349515,0.9856800682796631,0.08568006827966312,249,0.97265625,1,0.04581425502915185,0.04799748953974896,6.500196486649101,0.0,4,3
44,0.95,0.952603030742252,0.0026030307422520993,241,0.94140625,1,0.044695753206983775,0.04639878048780488,0.9856800682796631,0.03568006827966319,249,0.97265625,1,0.04581425502915185,0.04799748953974896,2.502478964809818,0.0,4,3
44,0.97,0.971100881388034,0.0011008813880339918,245,0.95703125,1,0.045255004118067814,0.04686082474226804,0.9856800682796631,0.015680068279663173,249,0.97265625,1,0.04581425502915185,0.04799748953974896,1.2357769532513663,0.0,4,3
44,0.99,0.9907990734309998,0.0007990734309998304,252,0.984375,1,0.046233693212464885,0.047364904862579285,1.0,0.010000000000000009,256,1.0,1,0.046792944123548924,0.048613400368694486,1.2096176451100948,0.0,4,3
45,0.1,0.10132456326483516,0.0013245632648351546,17,0.06640625,1,0.013377702186277544,0.015339002036659877,0.9749450086755884,0.8749450086755884,247,0.96484375,1,0.04553462957360983,0.04780103734439834,240.37706131863158,0.0,3,2
45,0.2,0.2045166161473874,0.004516616147387381,40,0.15625,1,0.016593394925010774,0.017043641025641026,0.9749450086755884,0.7749450086755885,247,0.96484375,1,0.04553462957360983,0.04780103734439834,174.41418576120748,0.0,3,2
45,0.3,0.30217139201551063,0.0021713920155106425,66,0.2578125,1,0.020228525847057033,0.02009113475177305,0.9749450086755884,0.6749450086755884,247,0.96484375,1,0.04553462957360983,0.04780103734439834,125.10107715157348,0.0,3,2
45,0.4,0.4061682484088883,0.006168248408888299,89,0.34765625,1,0.02344421858579026,0.02250882612533098,0.9749450086755884,0.5749450086755884,247,0.96484375,1,0.04553462957360983,0.04780103734439834,94.22540959078398,0.0,3,2
45,0.5,0.506740855632891,0.006740855632890952,112,0.4375,1,0.026659911324523493,0.025773178458289338,0.9749450086755884,0.4749450086755884,247,0.96484375,1,0.04553462957360983,0.04780103734439834,70.79812839333852,0.0,3,2
45,0.6,0.6012664670471186,0.0012664670471186357,133,0.51953125,1,0.0295959786077147,0.02826670716889429,0.9749450086755884,0.37494500867558844,247,0.96484375,1,0.04553462957360983,0.04780103734439834,53.85411030720386,0.0,3,2
45,0.7,0.7032477996922416,0.0032477996922416486,163,0.63671875,1,0.033790360440845,0.032777233429394814,0.9749450086755884,0.27494500867558846,247,0.96484375,1,0.04553462957360983,0.04780103734439834,34.75627066282678,0.0,3,2
45,0.8,0.8051273855889874,0.005127385588987399,194,0.7578125,1,0.03812455500174631,0.03832177554438861,0.9749450086755884,0.17494500867558838,247,0.96484375,1,0.04553462957360983,0.04780103734439834,19.436488036448175,0.0,3,2
45,0.85,0.8516925047253733,0.0016925047253733005,209,0.81640625,1,0.04022174591831146,0.040852951699463326,0.9749450086755884,0.12494500867558844,247,0.96484375,1,0.04553462957360983,0.04780103734439834,13.208983185584744,0.0,3,2
45,0.9,0.9000447296745329,4.47296745328396e-05,224,0.875,1,0.04231893683487661,0.043105703422053235,0.9749450086755884,0.0749450086755884,247,0.96484375,1,0.04553462957360983,0.04780103734439834,7.598708708776103,0.0,3,2
45,0.95,0.9510789019509266,0.0010789019509266362,240,0.9375,1,0.04455594047921276,0.04549817813765182,0.9749450086755884,0.024945008675588465,247,0.96484375,1,0.04553462957360983,0.04780103734439834,2.196540088416876,0.0,3,2
45,0.97,0.971252745399796,0.0012527453997960292,246,0.9609375,1,0.04539481684583883,0.04721863354037267,0.9749450086755884,0.004945008675588447,247,0.96484375,1,0.04553462957360983,0.04780103734439834,0.30799271257291316,0.0,3,2
45,0.99,0.9935611554090311,0.003561155409031125,255,0.99609375,1,0.04665313139577791,0.048423504273504274,1.0,0.010000000000000009,256,1.0,1,0.046792944123548924,0.048613400368694486,0.2996856236399781,0.0,3,2
46,0.1,0.10269789572401843,0.0026978957240184204,19,0.07421875,1,0.013657327641819563,0.015312371499468274,1.0,0.9,256,1.0,1,0.046792944123548924,0.048613400368694486,242.62152414258628,0.0,2,2
46,0.2,0.2001794122033677,0.00017941220336770147,42,0.1640625,1,0.016873020380552793,0.01772222808870116,1.0,0.8,256,1.0,1,0.046792944123548924,0.048613400368694486,177.32405383378014,0.0,2,2
46,0.3,0.3010321328392278,0.0010321328392278173,66,0.2578125,1,0.020228525847057033,0.02009113475177305,1.0,0.7,256,1.0,1,0.046792944123548924,0.048613400368694486,131.32157270054674,0.0,2,2
46,0.4,0.4027445929793834,0.002744592979383398,94,0.3671875,1,0.02414328222464531,0.022798618784530385,1.0,0.6,256,1.0,1,0.046792944123548924,0.048613400368694486,93.81351585984021,0.0,2,2
46,0.5,0.5005214977872066,0.0005214977872065596,120,0.46875,1,0.02777841314669157,0.02587689732142857,1.0,0.5,256,1.0,1,0.046792944123548924,0.048613400368694486,68.45074582354967,0.0,2,2
46,0.6,0.6025121922307739,0.002512192230773924,147,0.57421875,1,0.031553356796508836,0.0300998678996037,1.0,0.4,256,1.0,1,0.046792944123548924,0.048613400368694486,48.2978322253379,0.0,2,2
46,0.7,0.701774075481925,0.001774075481925097,172,0.671875,1,0.03504867499078409,0.03383906485671191,1.0,0.30000000000000004,256,1.0,1,0.046792944123548924,0.048613400368694486,33.50845398821196,0.0,2,2
46,0.8,0.8062644057654553,0.006264405765455283,203,0.79296875,1,0.0393828695516854,0.03993362369337979,1.0,0.19999999999999996,256,1.0,1,0.046792944123548924,0.048613400368694486,18.81547651609965,0.0,2,2
46,0.85,0.8540442059083025,0.004044205908302567,215,0.83984375,1,0.041060622284937516,0.0420308256880734,1.0,0.15000000000000002,256,1.0,1,0.046792944123548924,0.048613400368694486,13.96063069583391,0.0,2,2
46,0.9,0.9015503552339235,0.0015503552339234394,229,0.89453125,1,0.04301800047373165,0.04447320388349515,1.0,0.09999999999999998,256,1.0,1,0.046792944123548924,0.048613400368694486,8.775265256976294,0.0,2,2
46,0.95,0.951825115625291,0.001825115625291085,242,0.9453125,1,0.04483556593475478,0.046679633401222,1.0,0.050000000000000044,256,1.0,1,0.046792944123548924,0.048613400368694486,4.365681904500862,0.0,2,2
46,0.97,0.9705493887264689,0.0005493887264689246,249,0.97265625,1,0.04581425502915185,0.04799748953974896,1.0,0.030000000000000027,256,1.0,1,0.046792944123548924,0.048613400368694486,2.136210866627275,0.0,2,2
46,0.99,0.9924230777956858,0.0024230777956858462,254,0.9921875,1,0.046513318668006905,0.04839595744680851,1.0,0.010000000000000009,256,1.0,1,0.046792944123548924,0.048613400368694486,0.6011728759624191,0.0,2,2
47,0.1,0.10323733636329306,0.0032373363632930557,19,0.07421875,1,0.013657327641819563,0.015312371499468274,0.9992191249131493,0.8992191249131494,254,0.9921875,1,0.046513318668006905,0.04839595744680851,240.574085120286,0.0,3,2
47,0.2,0.2008998141249897,0.000899814124989684,45,0.17578125,1,0.017292458563865822,0.018111618942731278,0.9992191249131493,0.7992191249131493,254,0.9921875,1,0.046513318668006905,0.04839595744680851,168.9803679229323,0.0,3,2
47,0.3,0.3038226737148918,0.003822673714891811,73,0.28515625,1,0.0212072149414541,0.02042172256097561,0.9992191249131493,0.6992191249131494,254,0.9921875,1,0.046513318668006905,0.04839595744680851,119.32780328022487,0.0,3,2
47,0.4,0.4022001674017461,0.002200167401746056,99,0.38671875,1,0.02484234586350036,0.023348467432950194,0.9992191249131493,0.5992191249131493,254,0.9921875,1,0.046513318668006905,0.04839595744680851,87.23400327642423,0.0,3,2
47,0.5,0.5009537112777909,0.0009537112777908696,121,0.47265625,1,0.027918225874462577,0.026121709786276714,0.9992191249131493,0.49921912491314935,254,0.9921875,1,0.046513318668006905,0.04839595744680851,66.60556754988387,0.0,3,2
47,0.6,0.6007340377181802,0.0007340377181802582,151,0.58984375,1,0.03211260770759288,0.031588648648648646,0.9992191249131493,0.39921912491314937,254,0.9921875,1,0.046513318668006905,0.04839595744680851,44.84441466586047,0.0,3,2
47,0.7,0.7003306551613114,0.0003306551613114772,177,0.69140625,1,0.03574773862963914,0.03657105263157895,0.9992191249131493,0.2992191249131494,254,0.9921875,1,0.046513318668006905,0.04839595744680851,30.115415550906533,0.0,3,2
47,0.8,0.8041711938296694,0.004171193829669351,205,0.80078125,1,0.03966249500722742,0.039896836555360284,0.9992191249131493,0.1992191249131493,254,0.9921875,1,0.046513318668006905,0.04839595744680851,17.272800562675418,0.0,3,2
47,0.85,0.8535054709815477,0.0035054709815477425,219,0.85546875,1,0.041619873196021555,0.0424804104477612,0.9992191249131493,0.14921912491314937,254,0.9921875,1,0.046513318668006905,0.04839595744680851,11.757473284308606,0.0,3,2
47,0.9,0.9089609964353678,0.00896099643536774,231,0.90234375,1,0.04329762592927368,0.044601562500000004,0.9992191249131493,0.09921912491314933,254,0.9921875,1,0.046513318668006905,0.04839595744680851,7.426949329706978,0.0,3,2
47,0.95,0.951823314692886,0.0018233146928859911,243,0.94921875,1,0.044975378662525795,0.046523312883435586,0.9992191249131493,0.04921912491314939,254,0.9921875,1,0.046513318668006905,0.04839595744680851,3.4195154131354766,0.0,3,2
47,0.97,0.9742539546632312,0.004253954663231196,246,0.9609375,1,0.04539481684583883,0.04721863354037267,0.9992191249131493,0.029219124913149375,254,0.9921875,1,0.046513318668006905,0.04839595744680851,2.463941700583394,0.0,3,2
47,0.99,0.9916923035050501,0.001692303505050119,252,0.984375,1,0.046233693212464885,0.047364904862579285,0.9992191249131493,0.009219124913149357,254,0.9921875,1,0.046513318668006905,0.04839595744680851,0.6048088225550474,0.0,3,2
48,0.1,0.10231334310466668,0.0023133431046666736,18,0.0703125,1,0.013517514914048553,0.014918147120055517,0.992659922522208,0.892659922522208,251,0.98046875,1,0.04609388048469387,0.04799157894736842,240.99374609743677,0.0,3,2
48,0.2,0.20133614849859618,0.0013361484985961736,45,0.17578125,1,0.017292458563865822,0.018111618942731278,0.992659922522208,0.792659922522208,251,0.98046875,1,0.04609388048469387,0.04799157894736842,166.55481240250745,0.0,3,2
48,0.3,0.3032343745601881,0.0032343745601881024,69,0.26953125,1,0.020647964030370062,0.02049846378931968,0.992659922522208,0.6926599225222081,251,0.98046875,1,0.04609388048469387,0.04799157894736842,123.23692746120965,0.0,3,2
48,0.4,0.40159220194362977,0.0015922019436297452,94,0.3671875,1,0.02414328222464531,0.022798618784530385,0.992659922522208,0.592659922522208,251,0.98046875,1,0.04609388048469387,0.04799157894736842,90.91803697527723,0.0,3,2
48,0.5,0.5034413819861856,0.0034413819861855988,122,0.4765625,1,0.02805803860223359,0.026395814479638006,0.992659922522208,0.492659922522208,251,0.98046875,1,0.04609388048469387,0.04799157894736842,64.28047996563994,0.0,3,2
48,0.6,0.6044917853911271,0.004491785391127157,155,0.60546875,1,0.03267185861867692,0.03163743093922652,0.992659922522208,0.39265992252220805,251,0.98046875,1,0.04609388048469387,0.04799157894736842,41.08129268882252,0.0,3,2
48,0.7,0.7006745370106912,0.0006745370106912008,178,0.6953125,1,0.03588755135741015,0.0360710730948678,0.992659922522208,0.29265992252220807,251,0.98046875,1,0.04609388048469387,0.04799157894736842,28.439747882593558,0.0,3,2
48,0.8,0.8002115500337663,0.00021155003376627235,203,0.79296875,1,0.0393828695516854,0.03993362369337979,0.992659922522208,0.19265992252220798,251,0.98046875,1,0.04609388048469387,0.04799157894736842,17.040431561750612,0.0,3,2
48,0.85,0.8514274216138523,0.0014274216138523421,218,0.8515625,1,0.04148006046825055,0.04183506493506493,0.992659922522208,0.14265992252220805,251,0.98046875,1,0.04609388048469387,0.04799157894736842,11.122982860583841,0.0,3,2
48,0.9,0.9002426108107346,0.00024261081073462254,231,0.90234375,1,0.04329762592927368,0.044601562500000004,0.992659922522208,0.092659922522208,251,0.98046875,1,0.04609388048469387,0.04799157894736842,6.458216808440853,0.0,3,2
48,0.95,0.9500714875471682,7.148754716823635e-05,242,0.9453125,1,0.04483556593475478,0.046679633401222,0.992659922522208,0.04265992252220807,251,0.98046875,1,0.04609388048469387,0.04799157894736842,2.8065097957505447,0.0,3,2
48,0.97,0.9745591096917725,0.004559109691772534,247,0.96484375,1,0.04553462957360983,0.04780103734439834,0.992659922522208,0.022659922522208054,251,0.98046875,1,0.04609388048469387,0.04799157894736842,1.2281881203842326,0.0,3,2
48,0.99,0.9926599225222072,0.0026599225222072587,251,0.98046875,1,0.04609388048469387,0.04799157894736842,0.992659922522208,0.002659922522208036,251,0.98046875,1,0.04609388048469387,0.04799157894736842,0.0,0.0,3,2
49,0.1,0.10405082005431525,0.004050820054315243,20,0.078125,1,0.013797140369590573,0.014549891383055758,0.9960466115121106,0.8960466115121106,252,0.984375,1,0.046233693212464885,0.047364904862579285,235.09620090816586,0.0,3,2
49,0.2,0.2043563473004921,0.004356347300492086,46,0.1796875,1,0.017432271291636832,0.018484486607142858,0.9960466115121106,0.7960466115121105,252,0.984375,1,0.046233693212464885,0.047364904862579285,165.21898632133838,0.0,3,2
49,0.3,0.3013823116027436,0.0013823116027436022,68,0.265625,1,0.020508151302599052,0.019579362780593773,0.9960466115121106,0.6960466115121107,252,0.984375,1,0.046233693212464885,0.047364904862579285,125.44057009470944,0.0,3,2
49,0.4,0.4002578333979535,0.0002578333979534886,96,0.375,1,0.02442290768018733,0.022693451824134705,0.9960466115121106,0.5960466115121106,252,0.984375,1,0.046233693212464885,0.047364904862579285,89.30462260221039,0.0,3,2
49,0.5,0.5065271404357549,0.0065271404357548635,125,0.48828125,1,0.028477476785546622,0.027028752886836028,0.9960466115121106,0.4960466115121106,252,0.984375,1,0.046233693212464885,0.047364904862579285,62.35178966392909,0.0,3,2
49,0.6,0.6014451529018948,0.0014451529018948417,149,0.58203125,1,0.03183298225205086,0.030745393858477972,0.9960466115121106,0.3960466115121106,252,0.984375,1,0.046233693212464885,0.047364904862579285,45.23833439917886,0.0,3,2
49,0.7,0.7056447145658503,0.005644714565850362,176,0.6875,1,0.03560792590186813,0.03554692307692307,0.9960466115121106,0.29604661151211065,252,0.984375,1,0.046233693212464885,0.047364904862579285,29.841017249587367,0.0,3,2
49,0.8,0.8052607827819254,0.005260782781925322,199,0.77734375,1,0.03882361864060136,0.03939914383561644,0.9960466115121106,0.19604661151211056,252,0.984375,1,0.046233693212464885,0.047364904862579285,19.08651184852239,0.0,3,2
49,0.85,0.8501447508761688,0.00014475087616883098,211,0.82421875,1,0.04050137137385348,0.040935559566787,0.9960466115121106,0.14604661151211062,252,0.984375,1,0.046233693212464885,0.047364904862579285,14.153401833479728,0.0,3,2
49,0.9,0.9036803182056071,0.0036803182056071027,226,0.8828125,1,0.042598562290418626,0.0439360153256705,0.9960466115121106,0.09604661151211058,252,0.984375,1,0.046233693212464885,0.047364904862579285,8.533459174662994,0.0,3,2
49,0.95,0.9522735913061918,0.002273591306191869,241,0.94140625,1,0.044695753206983775,0.04639878048780488,0.9960466115121106,0.04604661151211065,252,0.984375,1,0.046233693212464885,0.047364904862579285,3.4409085766134995,0.0,3,2
49,0.97,0.9705778469858967,0.0005778469858966906,244,0.953125,1,0.04511519139029681,0.046086858316221765,0.9960466115121106,0.02604661151211063,252,0.984375,1,0.046233693212464885,0.047364904862579285,2.4792132931273247,0.0,3,2
49,0.99,0.9900999014276938,9.990142769378263e-05,250,0.9765625,1,0.045954067756922866,0.04733333333333334,0.9960466115121106,0.006046611512110611,252,0.984375,1,0.046233693212464885,0.047364904862579285,0.6084890178190916,0.0,3,2
50,0.1,0.10576834248715963,0.005768342487159628,17,0.06640625,1,0.013377702186277544,0.015339002036659877,0.9911980318545196,0.8911980318545196,251,0.98046875,1,0.04609388048469387,0.04799157894736842,244.55753195025994,0.0,4,2
50,0.2,0.20328297700440753,0.0032829770044075224,40,0.15625,1,0.016593394925010774,0.017043641025641026,0.9911980318545196,0.7911980318545195,251,0.98046875,1,0.04609388048469387,0.04799157894736842,177.78450819137566,0.0,4,2
50,0.3,0.3006590817919119,0.0006590817919119307,63,0.24609375,1,0.019809087663744,0.02000727522306108,0.9911980318545196,0.6911980318545197,251,0.98046875,1,0.04609388048469387,0.04799157894736842,132.69057751235138,0.0,4,2
50,0.4,0.40151197917473314,0.0015119791747331135,86,0.3359375,1,0.02302478040247723,0.02323981083404987,0.9911980318545196,0.5911980318545196,251,0.98046875,1,0.04609388048469387,0.04799157894736842,100.19248687268542,0.0,4,2
50,0.5,0.5009949614067072,0.0009949614067071844,113,0.44140625,1,0.0267997240522945,0.025414468085106383,0.9911980318545196,0.4911980318545196,251,0.98046875,1,0.04609388048469387,0.04799157894736842,71.99386230526308,0.0,4,2
50,0.6,0.6018086213848767,0.0018086213848766963,139,0.54296875,1,0.030434854974340758,0.029702770780856425,0.9911980318545196,0.3911980318545196,251,0.98046875,1,0.04609388048469387,0.04799157894736842,51.450961483322466,0.0,4,2
50,0.7,0.7030166052690233,0.0030166052690233647,166,0.6484375,1,0.03420979862415803,0.0328891654465593,0.9911980318545196,0.29119803185451965,251,0.98046875,1,0.04609388048469387,0.04799157894736842,34.73882436754137,0.0,4,2
50,0.8,0.8025637797023558,0.002563779702355773,192,0.75,1,0.03784492954620429,0.03774518272425249,0.9911980318545196,0.19119803185451956,251,0.98046875,1,0.04609388048469387,0.04799157894736842,21.79671368767795,0.0,4,2
50,0.85,0.850066036921476,6.603692147599816e-05,206,0.8046875,1,0.039802307734998425,0.039936572438162544,0.9911980318545196,0.14119803185451962,251,0.98046875,1,0.04609388048469387,0.04799157894736842,15.80705518781571,0.0,4,2
50,0.9,0.90251717304138,0.002517173041379994,226,0.8828125,1,0.042598562290418626,0.0439360153256705,0.9911980318545196,0.09119803185451958,251,0.98046875,1,0.04609388048469387,0.04799157894736842,8.205249206406728,0.0,4,2
50,0.95,0.9522523134302225,0.0022523134302225856,240,0.9375,1,0.04455594047921276,0.04549817813765182,0.9911980318545196,0.041198031854519646,251,0.98046875,1,0.04609388048469387,0.04799157894736842,3.4517058532265166,0.0,4,2
50,0.97,0.9721837236891929,0.0021837236891929512,248,0.96875,1,0.045674442301380846,0.04718708333333334,0.9911980318545196,0.021198031854519628,251,0.98046875,1,0.04609388048469387,0.04799157894736842,0.9183214116669003,0.0,4,2
50,0.99,0.9911980318545189,0.001198031854518944,251,0.98046875,1,0.04609388048469387,0.04799157894736842,0.9911980318545196,0.00119803185451961,251,0.98046875,1,0.04609388048469387,0.04799157894736842,0.0,0.0,4,2
51,0.1,0.10525901099948064,0.005259010999480632,20,0.078125,1,0.013797140369590573,0.014549891383055758,0.98844288788676,0.8884428878867601,251,0.98046875,1,0.04609388048469387,0.04799157894736842,234.08285521459615,0.0,4,2
51,0.2,0.206552904486144,0.0065529044861439845,43,0.16796875,1,0.017012833108323803,0.018372790573111943,0.98844288788676,0.78844288788676,251,0.98046875,1,0.04609388048469387,0.04799157894736842,170.93594694784667,0.0,4,2
51,0.3,0.30378699101488965,0.0037869910148896624,69,0.26953125,1,0.020647964030370062,0.02049846378931968,0.98844288788676,0.6884428878867601,251,0.98046875,1,0.04609388048469387,0.04799157894736842,123.23692746120965,0.0,4,2
51,0.4,0.4000973854435674,9.73854435673549e-05,97,0.37890625,1,0.02456272040795834,0.02290433962264151,0.98844288788676,0.58844288788676,251,0.98046875,1,0.04609388048469387,0.04799157894736842,87.65788039406017,0.0,4,2
51,0.5,0.5023138593407309,0.002313859340730917,123,0.48046875,1,0.028197851330004603,0.02735512528473804,0.98844288788676,0.48844288788676005,251,0.98046875,1,0.04609388048469387,0.04799157894736842,63.46593201463746,0.0,4,2
51,0.6,0.6031792170811883,0.0031792170811882903,148,0.578125,1,0.03169316952427985,0.029753917662682604,0.98844288788676,0.38844288788676007,251,0.98046875,1,0.04609388048469387,0.04799157894736842,45.437900899693126,0.0,4,2
51,0.7,0.7010707174926563,0.0010707174926563034,172,0.671875,1,0.03504867499078409,0.03383906485671191,0.98844288788676,0.2884428878867601,251,0.98046875,1,0.04609388048469387,0.04799157894736842,31.51390315558027,0.0,4,2
51,0.8,0.8014775381572806,0.001477538157280578,196,0.765625,1,0.03840418045728833,0.038024493243243244,0.98844288788676,0.18844288788676,251,0.98046875,1,0.04609388048469387,0.04799157894736842,20.02308065383074,0.0,4,2
51,0.85,0.8508052796243172,0.0008052796243172011,213,0.83203125,1,0.0407809968293955,0.04163018181818182,0.98844288788676,0.13844288788676007,251,0.98046875,1,0.04609388048469387,0.04799157894736842,13.027841564355235,0.0,4,2
51,0.9,0.9030483133230435,0.00304831332304345,226,0.8828125,1,0.042598562290418626,0.0439360153256705,0.98844288788676,0.08844288788676002,251,0.98046875,1,0.04609388048469387,0.04799157894736842,8.205249206406728,0.0,4,2
51,0.95,0.9510173825061486,0.0010173825061486896,240,0.9375,1,0.04455594047921276,0.04549817813765182,0.98844288788676,0.03844288788676009,251,0.98046875,1,0.04609388048469387,0.04799157894736842,3.4517058532265166,0.0,4,2
51,0.97,0.973066137922754,0.0030661379227540086,246,0.9609375,1,0.04539481684583883,0.04721863354037267,0.98844288788676,0.018442887886760073,251,0.98046875,1,0.04609388048469387,0.04799157894736842,1.5399635628646102,0.0,4,2
51,0.99,0.9904706818997432,0.0004706818997431972,253,0.98828125,1,0.04637350594023589,0.04783099787685775,0.9985945861979918,0.008594586197991805,255,0.99609375,1,0.04665313139577791,0.048423504273504274,0.6029853682022468,0.0,4,2
52,0.1,0.1015704643079831,0.001570464307983091,17,0.06640625,1,0.013377702186277544,0.015339002036659877,0.9695509911152207,0.8695509911152207,240,0.9375,1,0.04455594047921276,0.04549817813765182,233.0612377132819,0.0,6,2
52,0.2,0.20129985566945086,0.0012998556694508445,40,0.15625,1,0.016593394925010774,0.017043641025641026,0.9695509911152207,0.7695509911152207,240,0.9375,1,0.04455594047921276,0.04549817813765182,168.516121508413,0.0,6,2
52,0.3,0.30277636273983394,0.0027763627398339485,63,0.24609375,1,0.019809087663744,0.02000727522306108,0.9695509911152207,0.6695509911152207,240,0.9375,1,0.04455594047921276,0.04549817813765182,124.92676712599042,0.0,6,2
52,0.4,0.40275219594200695,0.0027521959420069297,93,0.36328125,1,0.0240034694968743,0.022591232876712327,0.9695509911152207,0.5695509911152207,240,0.9375,1,0.04455594047921276,0.04549817813765182,85.62291790782484,0.0,6,2
52,0.5,0.5016743754055645,0.0016743754055644766,121,0.47265625,1,0.027918225874462577,0.026121709786276714,0.9695509911152207,0.4695509911152207,240,0.9375,1,0.04455594047921276,0.04549817813765182,59.594455176211866,0.0,6,2
52,0.6,0.6021799778239507,0.0021799778239507406,145,0.56640625,1,0.031273731340966816,0.030195300261096607,0.9695509911152207,0.3695509911152207,240,0.9375,1,0.04455594047921276,0.04549817813765182,42.470816780494005,0.0,6,2
52,0.7,0.7012309563785675,0.001230956378567516,170,0.6640625,1,0.03476904953524207,0.0338881913303438,0.9695509911152207,0.26955099111522074,240,0.9375,1,0.04455594047921276,0.04549817813765182,28.148284393137214,0.0,6,2
52,0.8,0.804866676074666,0.004866676074665954,195,0.76171875,1,0.038264367729517315,0.038550673400673405,0.9695509911152207,0.16955099111522065,240,0.9375,1,0.04455594047921276,0.04549817813765182,16.442380007868508,0.0,6,2
52,0.85,0.852037182656642,0.0020371826566419893,208,0.8125,1,0.040081933190540445,0.04029536541889483,0.9695509911152207,0.11955099111522072,240,0.9375,1,0.04455594047921276,0.04549817813765182,11.162154448499017,0.0,6,2
52,0.9,0.9038477427663534,0.003847742766353357,222,0.8671875,1,0.04203931137933459,0.04317018867924528,0.9695509911152207,0.06955099111522067,240,0.9375,1,0.04455594047921276,0.04549817813765182,5.9863708926385595,0.0,6,2
52,0.95,0.9535470859161443,0.003547085916144388,237,0.92578125,1,0.044136502295899736,0.0458994,0.9695509911152207,0.01955099111522074,240,0.9375,1,0.04455594047921276,0.04549817813765182,0.9503203958053374,0.0,6,2
52,0.97,0.9719284867531897,0.0019284867531896843,241,0.94140625,1,0.044695753206983775,0.04639878048780488,0.9719284867531899,0.0019284867531899064,241,0.94140625,1,0.044695753206983775,0.04639878048780488,0.0,0.0,6,2
52,0.99,0.9905001841505923,0.0005001841505922755,250,0.9765625,1,0.045954067756922866,0.04733333333333334,0.9905001841505925,0.0005001841505924975,250,0.9765625,1,0.045954067756922866,0.04733333333333334,0.0,0.0,6,2
53,0.1,0.10270787809349313,0.002707878093493127,18,0.0703125,1,0.013517514914048553,0.014918147120055517,0.9958085560374932,0.8958085560374932,254,0.9921875,1,0.046513318668006905,0.04839595744680851,244.09666986693165,0.0,4,2
53,0.2,0.20283728628542055,0.0028372862854205427,43,0.16796875,1,0.017012833108323803,0.018372790573111943,0.9958085560374932,0.7958085560374932,254,0.9921875,1,0.046513318668006905,0.04839595744680851,173.40136925959447,0.0,4,2
53,0.3,0.30044068300723975,0.0004406830072397616,67,0.26171875,1,0.02036833857482804,0.020534767025089606,0.9958085560374932,0.6958085560374931,254,0.9921875,1,0.046513318668006905,0.04839595744680851,128.36088715399603,0.0,4,2
53,0.4,0.40008623653820785,8.623653820782895e-05,90,0.3515625,1,0.023584031313561273,0.022319679430097952,0.9958085560374932,0.5958085560374932,254,0.9921875,1,0.046513318668006905,0.04839595744680851,97.22378269257493,0.0,4,2
53,0.5,0.5016026279528045,0.001602627952804525,125,0.48828125,1,0.028477476785546622,0.027028752886836028,0.9958085560374932,0.4958085560374932,254,0.9921875,1,0.046513318668006905,0.04839595744680851,63.33370761139252,0.0,4,2
53,0.6,0.6080458277754468,0.008045827775446823,157,0.61328125,1,0.03295148407421894,0.032014804469273746,0.9958085560374932,0.3958085560374932,254,0.9921875,1,0.046513318668006905,0.04839595744680851,41.15697661216622,0.0,4,2
53,0.7,0.7015609043475937,0.0015609043475937057,179,0.69921875,1,0.03602736408518116,0.036170468750000004,0.9958085560374932,0.29580855603749323,254,0.9921875,1,0.046513318668006905,0.04839595744680851,29.105528114777755,0.0,4,2
53,0.8,0.8035525362172569,0.0035525362172568187,205,0.80078125,1,0.03966249500722742,0.039896836555360284,0.9958085560374932,0.19580855603749314,254,0.9921875,1,0.046513318668006905,0.04839595744680851,17.272800562675418,0.0,4,2
53,0.85,0.8520613108702914,0.0020613108702913774,215,0.83984375,1,0.041060622284937516,0.0420308256880734,0.9958085560374932,0.1458085560374932,254,0.9921875,1,0.046513318668006905,0.04839595744680851,13.279624320427374,0.0,4,2
53,0.9,0.9003766580392362,0.00037665803923614405,230,0.8984375,1,0.043157813201502665,0.04402826510721248,0.9958085560374932,0.09580855603749316,254,0.9921875,1,0.046513318668006905,0.04839595744680851,7.774966379407311,0.0,4,2
53,0.95,0.9553951314594036,0.005395131459403624,243,0.94921875,1,0.044975378662525795,0.046523312883435586,0.9958085560374932,0.04580855603749323,254,0.9921875,1,0.046513318668006905,0.04839595744680851,3.4195154131354766,0.0,4,2
53,0.97,0.9730315443072284,0.0030315443072284065,247,0.96484375,1,0.04553462957360983,0.04780103734439834,0.9958085560374932,0.025808556037493213,254,0.9921875,1,0.046513318668006905,0.04839595744680851,2.1493292106724127,0.0,4,2
53,0.99,0.9958085560374934,0.0058085560374934175,254,0.9921875,1,0.046513318668006905,0.04839595744680851,0.9958085560374932,0.0058085560374931955,254,0.9921875,1,0.046513318668006905,0.04839595744680851,0.0,0.0,4,2
54,0.1,0.10508323072688035,0.005083230726880342,18,0.0703125,1,0.013517514914048553,0.014918147120055517,0.9772333747428282,0.8772333747428283,246,0.9609375,1,0.04539481684583883,0.04721863354037267,235.82220648161197,0.0,4,2
54,0.2,0.20384048101567043,0.003840481015670416,39,0.15234375,1,0.01645358219723976,0.017378827690752906,0.9772333747428282,0.7772333747428282,246,0.9609375,1,0.04539481684583883,0.04721863354037267,175.89625348244363,0.0,4,2
54,0.3,0.3007459031777564,0.0007459031777564129,67,0.26171875,1,0.02036833857482804,0.020534767025089606,0.9772333747428282,0.6772333747428283,246,0.9609375,1,0.04539481684583883,0.04721863354037267,122.86951230248819,0.0,4,2
54,0.4,0.40037276026161955,0.00037276026161953135,93,0.36328125,1,0.0240034694968743,0.022591232876712327,0.9772333747428282,0.5772333747428282,246,0.9609375,1,0.04539481684583883,0.04721863354037267,89.11773088365445,0.0,4,2
54,0.5,0.5007577192770526,0.0007577192770525931,122,0.4765625,1,0.02805803860223359,0.026395814479638006,0.9772333747428282,0.47723337474282823,246,0.9609375,1,0.04539481684583883,0.04721863354037267,61.78898849410353,0.0,4,2
54,0.6,0.6035152713261214,0.003515271326121394,148,0.578125,1,0.03169316952427985,0.029753917662682604,0.9772333747428282,0.37723337474282825,246,0.9609375,1,0.04539481684583883,0.04721863354037267,43.23217755504785,0.0,4,2
54,0.7,0.7031807746701676,0.003180774670167641,169,0.66015625,1,0.034629236807471056,0.033990044576523035,0.9772333747428282,0.2772333747428283,246,0.9609375,1,0.04539481684583883,0.04721863354037267,31.088123882779772,0.0,4,2
54,0.8,0.8020892607478247,0.0020892607478246727,194,0.7578125,1,0.03812455500174631,0.03832177554438861,0.9772333747428282,0.1772333747428282,246,0.9609375,1,0.04539481684583883,0.04721863354037267,19.069761847081246,0.0,4,2
54,0.85,0.8505877680439079,0.0005877680439079214,209,0.81640625,1,0.04022174591831146,0.040852951699463326,0.9772333747428282,0.12723337474282825,246,0.9609375,1,0.04539481684583883,0.04721863354037267,12.861378364911458,0.0,4,2
54,0.9,0.9039445728869623,0.003944572886962261,226,0.8828125,1,0.042598562290418626,0.0439360153256705,0.9772333747428282,0.07723337474282821,246,0.9609375,1,0.04539481684583883,0.04721863354037267,6.564199365125378,0.0,4,2
54,0.95,0.9508098340456966,0.0008098340456966779,239,0.93359375,1,0.044416127751441756,0.04510987903225806,0.9772333747428282,0.027233374742828276,246,0.9609375,1,0.04539481684583883,0.04721863354037267,2.2034543395451633,0.0,4,2
54,0.97,0.9713248961636659,0.001324896163665934,245,0.95703125,1,0.045255004118067814,0.04686082474226804,0.9772333747428282,0.007233374742828258,246,0.9609375,1,0.04539481684583883,0.04721863354037267,0.3089442383128471,0.0,4,2
54,0.99,0.9923048164567954,0.0023048164567953666,253,0.98828125,1,0.04637350594023589,0.04783099787685775,0.9988147484424187,0.008814748442418696,255,0.99609375,1,0.04665313139577791,0.048423504273504274,0.6029853682022468,0.0,4,2
55,0.1,0.10748635628943212,0.007486356289432117,15,0.05859375,1,0.013098076730735523,0.014725624391826144,0.9968224620256505,0.8968224620256505,253,0.98828125,1,0.04637350594023589,0.04783099787685775,254.04820794351681,0.0,3,2
55,0.2,0.20262571686999334,0.0026257168699933275,36,0.140625,1,0.01603414401392673,0.017852944015444017,0.9968224620256505,0.7968224620256505,253,0.98828125,1,0.04637350594023589,0.04783099787685775,189.21722232229789,0.0,3,2
55,0.3,0.30144517641671353,0.001445176416713545,62,0.2421875,1,0.019669274935972994,0.019521860149355058,0.9968224620256505,0.6968224620256505,253,0.98828125,1,0.04637350594023589,0.04783099787685775,135.7662196048911,0.0,3,2
55,0.4,0.40011228116892744,0.00011228116892741946,89,0.34765625,1,0.02344421858579026,0.02250882612533098,0.9968224620256505,0.5968224620256505,253,0.98828125,1,0.04637350594023589,0.04783099787685775,97.80358970182638,0.0,3,2
55,0.5,0.5005209785915044,0.0005209785915043508,114,0.4453125,1,0.026939536780065512,0.025315755627009644,0.9968224620256505,0.4968224620256505,253,0.98828125,1,0.04637350594023589,0.04783099787685775,72.13921055447013,0.0,3,2
55,0.6,0.6020552818745117,0.0020552818745117607,143,0.55859375,1,0.030994105885424797,0.030185419354838712,0.9968224620256505,0.3968224620256505,253,0.98828125,1,0.04637350594023589,0.04783099787685775,49.6204023812262,0.0,3,2
55,0.7,0.7003779403066716,0.00037794030667159806,172,0.671875,1,0.03504867499078409,0.03383906485671191,0.9968224620256505,0.29682246202565055,253,0.98828125,1,0.04637350594023589,0.04783099787685775,32.311723488632936,0.0,3,2
55,0.8,0.8007675923095208,0.000767592309520726,200,0.78125,1,0.03896343136837237,0.03915611015490534,0.9968224620256505,0.19682246202565046,253,0.98828125,1,0.04637350594023589,0.04783099787685775,19.018023597065614,0.0,3,2
55,0.85,0.8520261643329634,0.0020261643329634316,211,0.82421875,1,0.04050137137385348,0.040935559566787,0.9968224620256505,0.14682246202565052,253,0.98828125,1,0.04637350594023589,0.04783099787685775,14.4986067562475,0.0,3,2
55,0.9,0.9057560104662125,0.005756010466212436,226,0.8828125,1,0.042598562290418626,0.0439360153256705,0.9968224620256505,0.09682246202565048,253,0.98828125,1,0.04637350594023589,0.04783099787685775,8.86166914291926,0.0,3,2
55,0.95,0.9508474210359463,0.0008474210359463719,240,0.9375,1,0.04455594047921276,0.04549817813765182,0.9968224620256505,0.046822462025650546,253,0.98828125,1,0.04637350594023589,0.04783099787685775,4.079288735631348,0.0,3,2
55,0.97,0.9733020607339743,0.0033020607339743213,247,0.96484375,1,0.04553462957360983,0.04780103734439834,0.9968224620256505,0.02682246202565053,253,0.98828125,1,0.04637350594023589,0.04783099787685775,1.8422821805763379,0.0,3,2
55,0.99,0.9933457600575323,0.0033457600575322877,252,0.984375,1,0.046233693212464885,0.047364904862579285,0.9968224620256505,0.006822462025650511,253,0.98828125,1,0.04637350594023589,0.04783099787685775,0.3024044112775126,0.0,3,2
56,0.1,0.10350539412122847,0.0035053941212284667,18,0.0703125,1,0.013517514914048553,0.014918147120055517,0.9351166524494933,0.8351166524494933,228,0.890625,1,0.042878187745960646,0.04490405405405405,217.20466386464258,0.0,5,2
56,0.2,0.20079313734980644,0.0007931373498064331,39,0.15234375,1,0.01645358219723976,0.017378827690752906,0.9351166524494933,0.7351166524494932,228,0.890625,1,0.042878187745960646,0.04490405405405405,160.60092709266593,0.0,5,2
56,0.3,0.3012238170643012,0.0012238170643011914,60,0.234375,1,0.01938964948043097,0.019595683930942895,0.9351166524494933,0.6351166524494933,228,0.890625,1,0.042878187745960646,0.04490405405405405,121.13957134313083,0.0,5,2
56,0.4,0.4051585517280279,0.005158551728027871,86,0.3359375,1,0.02302478040247723,0.02323981083404987,0.9351166524494933,0.5351166524494932,228,0.890625,1,0.042878187745960646,0.04490405405405405,86.22626142982624,0.0,5,2
56,0.5,0.5000923936664915,9.239366649149705e-05,109,0.42578125,1,0.02624047314121046,0.025803102378490178,0.9351166524494933,0.43511665244949327,228,0.890625,1,0.042878187745960646,0.04490405405405405,63.40478129039824,0.0,5,2
56,0.6,0.6000737662335741,7.376623357413514e-05,135,0.52734375,1,0.02987560406325672,0.028700123001230017,0.9351166524494933,0.3351166524494933,228,0.890625,1,0.042878187745960646,0.04490405405405405,43.52241265205241,0.0,5,2
56,0.7,0.7004503612955364,0.0004503612955364389,160,0.625,1,0.033370922257531965,0.031587092198581565,0.9351166524494933,0.2351166524494933,228,0.890625,1,0.042878187745960646,0.04490405405405405,28.489669584372514,0.0,5,2
56,0.8,0.8034893614623463,0.003489361462346241,190,0.7421875,1,0.03756530409066227,0.036915789473684214,0.9351166524494933,0.13511665244949322,228,0.890625,1,0.042878187745960646,0.04490405405405405,14.143060422127697,0.0,5,2
56,0.85,0.852042173476152,0.002042173476151987,203,0.79296875,1,0.0393828695516854,0.03993362369337979,0.9351166524494933,0.08511665244949329,228,0.890625,1,0.042878187745960646,0.04490405405405405,8.875224771745117,0.0,5,2
56,0.9,0.9001946559121049,0.00019465591210487965,220,0.859375,1,0.04175968592379257,0.04211292134831461,0.9351166524494933,0.035116652449493246,228,0.890625,1,0.042878187745960646,0.04490405405405405,2.678424890956399,0.0,5,2
56,0.95,0.9513430540484465,0.0013430540484465903,236,0.921875,1,0.04399668956812872,0.04414103585657371,0.9704687702544678,0.020468770254467805,242,0.9453125,1,0.04483556593475478,0.046679633401222,1.9066806499772326,0.0,5,2
56,0.97,0.9704687702544684,0.00046877025446845355,242,0.9453125,1,0.04483556593475478,0.046679633401222,0.9704687702544678,0.0004687702544677874,242,0.9453125,1,0.04483556593475478,0.046679633401222,0.0,0.0,5,2
56,0.99,0.9909522977305829,0.0009522977305829183,253,0.98828125,1,0.04637350594023589,0.04783099787685775,0.9992821095059713,0.009282109505971303,255,0.99609375,1,0.04665313139577791,0.048423504273504274,0.6029853682022468,0.0,5,2
57,0.1,0.10578208421061666,0.005782084210616656,20,0.078125,1,0.013797140369590573,0.014549891383055758,0.9904671536924392,0.8904671536924392,251,0.98046875,1,0.04609388048469387,0.04799157894736842,234.08285521459615,0.0,4,2
57,0.2,0.20269744405426993,0.002697444054269915,43,0.16796875,1,0.017012833108323803,0.018372790573111943,0.9904671536924392,0.7904671536924393,251,0.98046875,1,0.04609388048469387,0.04799157894736842,170.93594694784667,0.0,4,2
57,0.3,0.3006713640516866,0.0006713640516866071,68,0.265625,1,0.020508151302599052,0.019579362780593773,0.9904671536924392,0.6904671536924392,251,0.98046875,1,0.04609388048469387,0.04799157894736842,124.75882786593382,0.0,4,2
57,0.4,0.40133986719821074,0.0013398671982107202,96,0.375,1,0.02442290768018733,0.022693451824134705,0.9904671536924392,0.5904671536924392,251,0.98046875,1,0.04609388048469387,0.04799157894736842,88.73215707270903,0.0,4,2
57,0.5,0.5041906147341135,0.004190614734113529,127,0.49609375,1,0.028757102241088642,0.027297660818713453,0.9904671536924392,0.4904671536924392,251,0.98046875,1,0.04609388048469387,0.04799157894736842,60.28694441554039,0.0,4,2
57,0.6,0.6042107083032245,0.004210708303224564,156,0.609375,1,0.032811671346447926,0.03109736111111111,0.9904671536924392,0.39046715369243923,251,0.98046875,1,0.04609388048469387,0.04799157894736842,40.48013585776644,0.0,4,2
57,0.7,0.7013617412152999,0.001361741215299972,180,0.703125,1,0.036167176812952166,0.03563437990580848,0.9904671536924392,0.29046715369243925,251,0.98046875,1,0.04609388048469387,0.04799157894736842,27.446719778765694,0.0,4,2
57,0.8,0.8025717171913007,0.002571717191300671,206,0.8046875,1,0.039802307734998425,0.039936572438162544,0.9904671536924392,0.19046715369243916,251,0.98046875,1,0.04609388048469387,0.04799157894736842,15.80705518781571,0.0,4,2
57,0.85,0.85544668751547,0.005446687515470061,220,0.859375,1,0.04175968592379257,0.04211292134831461,0.9904671536924392,0.14046715369243923,251,0.98046875,1,0.04609388048469387,0.04799157894736842,10.378896452456065,0.0,4,2
57,0.9,0.9003295147666194,0.0003295147666193543,233,0.91015625,1,0.0435772513848157,0.04426082677165354,0.9904671536924392,0.09046715369243918,251,0.98046875,1,0.04609388048469387,0.04799157894736842,5.775098290745073,0.0,4,2
57,0.95,0.9551542411288582,0.005154241128858206,244,0.953125,1,0.04511519139029681,0.046086858316221765,0.9904671536924392,0.04046715369243925,251,0.98046875,1,0.04609388048469387,0.04799157894736842,2.1693116314864147,0.0,4,2
57,0.97,0.974204935767449,0.0042049357674490695,248,0.96875,1,0.045674442301380846,0.04718708333333334,0.9904671536924392,0.020467153692439233,251,0.98046875,1,0.04609388048469387,0.04799157894736842,0.9183214116669003,0.0,4,2
57,0.99,0.9904671536924397,0.0004671536924396591,251,0.98046875,1,0.04609388048469387,0.04799157894736842,0.9904671536924392,0.000467153692439215,251,0.98046875,1,0.04609388048469387,0.04799157894736842,0.0,0.0,4,2
58,0.1,0.10347012634724402,0.0034701263472440153,17,0.06640625,1,0.013377702186277544,0.015339002036659877,1.0,0.9,256,1.0,1,0.046792944123548924,0.048613400368694486,249.78312023979547,0.0,2,2
58,0.2,0.2041827189247228,0.0041827189247228,42,0.1640625,1,0.016873020380552793,0.01772222808870116,1.0,0.8,256,1.0,1,0.046792944123548924,0.048613400368694486,177.32405383378014,0.0,2,2
58,0.3,0.3023179395478848,0.002317939547884784,66,0.2578125,1,0.020228525847057033,0.02009113475177305,1.0,0.7,256,1.0,1,0.046792944123548924,0.048613400368694486,131.32157270054674,0.0,2,2
58,0.4,0.40359719384766696,0.003597193847666935,95,0.37109375,1,0.02428309495241632,0.023273191094619665,1.0,0.6,256,1.0,1,0.046792944123548924,0.048613400368694486,92.69761212580825,0.0,2,2
58,0.5,0.5014230067690099,0.0014230067690098602,119,0.46484375,1,0.027638600418920557,0.026446674057649666,1.0,0.5,256,1.0,1,0.046792944123548924,0.048613400368694486,69.30287139835009,0.0,2,2
58,0.6,0.6041778875779433,0.004177887577943351,148,0.578125,1,0.03169316952427985,0.029753917662682604,1.0,0.4,256,1.0,1,0.046792944123548924,0.048613400368694486,47.64362424433843,0.0,2,2
58,0.7,0.7005476639748501,0.0005476639748501766,176,0.6875,1,0.03560792590186813,0.03554692307692307,1.0,0.30000000000000004,256,1.0,1,0.046792944123548924,0.048613400368694486,31.411597104828815,0.0,2,2
58,0.8,0.8037859069719436,0.0037859069719435867,207,0.80859375,1,0.03994212046276944,0.040131205673758864,1.0,0.19999999999999996,256,1.0,1,0.046792944123548924,0.048613400368694486,17.15187772057627,0.0,2,2
58,0.85,0.8516094312370719,0.0016094312370719122,221,0.86328125,1,0.041899498651563574,0.0428687969924812,1.0,0.15000000000000002,256,1.0,1,0.046792944123548924,0.048613400368694486,11.679007218390037,0.0,2,2
58,0.9,0.906487413163416,0.006487413163415945,233,0.91015625,1,0.0435772513848157,0.04426082677165354,1.0,0.09999999999999998,256,1.0,1,0.046792944123548924,0.048613400368694486,7.379292260396486,0.0,2,2
58,0.95,0.9521360304577313,0.002136030457731364,242,0.9453125,1,0.04483556593475478,0.046679633401222,1.0,0.050000000000000044,256,1.0,1,0.046792944123548924,0.048613400368694486,4.365681904500862,0.0,2,2
58,0.97,0.9720334904008191,0.002033490400819127,248,0.96875,1,0.045674442301380846,0.04718708333333334,1.0,0.030000000000000027,256,1.0,1,0.046792944123548924,0.048613400368694486,2.448857097778423,0.0,2,2
58,0.99,0.9931447681097703,0.0031447681097702684,254,0.9921875,1,0.046513318668006905,0.04839595744680851,1.0,0.010000000000000009,256,1.0,1,0.046792944123548924,0.048613400368694486,0.6011728759624191,0.0,2,2
59,0.1,0.10579093015897836,0.005790930158978358,20,0.078125,1,0.013797140369590573,0.014549891383055758,0.9923183743904922,0.8923183743904922,251,0.98046875,1,0.04609388048469387,0.04799157894736842,234.08285521459615,0.0,3,2
59,0.2,0.20304318793552326,0.003043187935523245,45,0.17578125,1,0.017292458563865822,0.018111618942731278,0.9923183743904922,0.7923183743904922,251,0.98046875,1,0.04609388048469387,0.04799157894736842,166.55481240250745,0.0,3,2
59,0.3,0.3051650434058218,0.005165043405821801,70,0.2734375,1,0.02078777675814107,0.020093865484109387,0.9923183743904922,0.6923183743904922,251,0.98046875,1,0.04609388048469387,0.04799157894736842,121.73549880288293,0.0,3,2
59,0.4,0.4020347188450607,0.002034718845060679,98,0.3828125,1,0.02470253313572935,0.023184980988593156,0.9923183743904922,0.5923183743904922,251,0.98046875,1,0.04609388048469387,0.04799157894736842,86.59576421344586,0.0,3,2
59,0.5,0.5005320244047617,0.000532024404761744,124,0.484375,1,0.02833766405777561,0.02639587155963303,0.9923183743904922,0.4923183743904922,251,0.98046875,1,0.04609388048469387,0.04799157894736842,62.65942171774075,0.0,3,2
59,0.6,0.604200891280368,0.0042008912803680465,149,0.58203125,1,0.03183298225205086,0.030745393858477972,0.9923183743904922,0.3923183743904922,251,0.98046875,1,0.04609388048469387,0.04799157894736842,44.79912726908972,0.0,3,2
59,0.7,0.7024582029177191,0.0024582029177191433,174,0.6796875,1,0.03532830044632611,0.03477317073170731,0.9923183743904922,0.29231837439049224,251,0.98046875,1,0.04609388048469387,0.04799157894736842,30.472963325036794,0.0,3,2
59,0.8,0.8019473094297355,0.001947309429735422,202,0.7890625,1,0.039243056823914386,0.039569791666666666,0.9923183743904922,0.19231837439049215,251,0.98046875,1,0.04609388048469387,0.04799157894736842,17.457415948812248,0.0,3,2
59,0.85,0.8500672208667023,6.722086670229999e-05,217,0.84765625,1,0.041340247740479535,0.041725878003696856,0.9923183743904922,0.14231837439049222,251,0.98046875,1,0.04609388048469387,0.04799157894736842,11.498800815263799,0.0,3,2
59,0.9,0.9047697351998347,0.0047697351998347015,230,0.8984375,1,0.043157813201502665,0.04402826510721248,0.9923183743904922,0.09231837439049217,251,0.98046875,1,0.04609388048469387,0.04799157894736842,6.803095581981378,0.0,3,2
59,0.95,0.9541552004572232,0.004155200457223285,241,0.94140625,1,0.044695753206983775,0.04639878048780488,0.9923183743904922,0.04231837439049224,251,0.98046875,1,0.04609388048469387,0.04799157894736842,3.1280987060122722,0.0,3,2
59,0.97,0.9703235266591141,0.00032352665911417056,245,0.95703125,1,0.045255004118067814,0.04686082474226804,0.9923183743904922,0.022318374390492224,251,0.98046875,1,0.04609388048469387,0.04799157894736842,1.8536654298770605,0.0,3,2
59,0.99,0.992318374390492,0.002318374390491984,251,0.98046875,1,0.04609388048469387,0.04799157894736842,0.9923183743904922,0.002318374390492206,251,0.98046875,1,0.04609388048469387,0.04799157894736842,0.0,0.0,3,2
60,0.1,0.10250353289364925,0.0025035328936492407,18,0.0703125,1,0.013517514914048553,0.014918147120055517,0.9936248141977593,0.8936248141977593,253,0.98828125,1,0.04637350594023589,0.04783099787685775,243.06236194376672,0.0,3,2
60,0.2,0.20160633037423445,0.0016063303742344381,40,0.15625,1,0.016593394925010774,0.017043641025641026,0.9936248141977593,0.7936248141977593,253,0.98828125,1,0.04637350594023589,0.04783099787685775,179.46966940645984,0.0,3,2
60,0.3,0.3014911325543947,0.001491132554394703,61,0.23828125,1,0.01952946220820198,0.019800402955003356,0.9936248141977593,0.6936248141977592,253,0.98828125,1,0.04637350594023589,0.04783099787685775,137.45408575951444,0.0,3,2
60,0.4,0.4069194319811935,0.006919431981193491,85,0.33203125,1,0.02288496767470622,0.022947314578005116,0.9936248141977593,0.5936248141977593,253,0.98828125,1,0.04637350594023589,0.04783099787685775,102.63741072044664,0.0,3,2
60,0.5,0.5007119658841408,0.0007119658841407972,121,0.47265625,1,0.027918225874462577,0.026121709786276714,0.9936248141977593,0.4936248141977593,253,0.98828125,1,0.04637350594023589,0.04783099787685775,66.1047738089073,0.0,3,2
60,0.6,0.6032531510646141,0.0032531510646141015,150,0.5859375,1,0.03197279497982187,0.031179032258064517,0.9936248141977593,0.3936248141977593,253,0.98828125,1,0.04637350594023589,0.04783099787685775,45.04051325354057,0.0,3,2
60,0.7,0.7022406172325705,0.0022406172325705187,174,0.6796875,1,0.03532830044632611,0.03477317073170731,0.9936248141977593,0.2936248141977593,253,0.98828125,1,0.04637350594023589,0.04783099787685775,31.264468865946824,0.0,3,2
60,0.8,0.8030156056610186,0.00301560566101855,197,0.76953125,1,0.038543993185059335,0.03893089983022071,0.9936248141977593,0.19362481419775923,253,0.98828125,1,0.04637350594023589,0.04783099787685775,20.313185293451852,0.0,3,2
60,0.85,0.8502200154132774,0.00022001541327743013,210,0.8203125,1,0.040361558646082464,0.04064524236983842,0.9936248141977593,0.1436248141977593,253,0.98828125,1,0.04637350594023589,0.04783099787685775,14.895230748817866,0.0,3,2
60,0.9,0.9012107542233314,0.0012107542233313895,225,0.87890625,1,0.04245874956264761,0.0438043893129771,0.9936248141977593,0.09362481419775925,253,0.98828125,1,0.04637350594023589,0.04783099787685775,9.22014053148712,0.0,3,2
60,0.95,0.9517108892911016,0.001710889291101636,242,0.9453125,1,0.04483556593475478,0.046679633401222,0.9936248141977593,0.04362481419775932,253,0.98828125,1,0.04637350594023589,0.04783099787685775,3.4301786392506806,0.0,3,2
60,0.97,0.9715371514235577,0.0015371514235577033,247,0.96484375,1,0.04553462957360983,0.04780103734439834,0.9936248141977593,0.023624814197759303,253,0.98828125,1,0.04637350594023589,0.04783099787685775,1.8422821805763379,0.0,3,2
60,0.99,0.9936248141977598,0.0036248141977598403,253,0.98828125,1,0.04637350594023589,0.04783099787685775,0.9936248141977593,0.003624814197759285,253,0.98828125,1,0.04637350594023589,0.04783099787685775,0.0,0.0,3,2
61,0.1,0.10497830260329624,0.004978302603296236,19,0.07421875,1,0.013657327641819563,0.015312371499468274,0.9899204322938011,0.8899204322938011,250,0.9765625,1,0.045954067756922866,0.04733333333333334,236.47920707568537,0.0,5,3
61,0.2,0.20186525427719895,0.001865254277198941,42,0.1640625,1,0.016873020380552793,0.01772222808870116,0.9899204322938011,0.7899204322938012,250,0.9765625,1,0.045954067756922866,0.04733333333333334,172.3523513898424,0.0,5,3
61,0.3,0.30144045971633737,0.0014404597163373833,65,0.25390625,1,0.02008871311928602,0.019898385964912283,0.9899204322938011,0.6899204322938011,250,0.9765625,1,0.045954067756922866,0.04733333333333334,128.75565738855119,0.0,5,3
61,0.4,0.40744092677804433,0.00744092677804431,90,0.3515625,1,0.023584031313561273,0.022319679430097952,0.9899204322938011,0.5899204322938011,250,0.9765625,1,0.045954067756922866,0.04733333333333334,94.85247091958529,0.0,5,3
61,0.5,0.5019445776888377,0.001944577688837712,117,0.45703125,1,0.027358974963378538,0.025853610503282276,0.9899204322938011,0.4899204322938011,250,0.9765625,1,0.045954067756922866,0.04733333333333334,67.96706681604432,0.0,5,3
61,0.6,0.6033775832357978,0.003377583235797843,145,0.56640625,1,0.031273731340966816,0.030195300261096607,0.9899204322938011,0.38992043229380113,250,0.9765625,1,0.045954067756922866,0.04733333333333334,46.9414290731776,0.0,5,3
61,0.7,0.7017764581450033,0.001776458145003379,168,0.65625,1,0.03448942407970005,0.033354733727810656,0.9899204322938011,0.28992043229380116,250,0.9765625,1,0.045954067756922866,0.04733333333333334,33.24104122681113,0.0,5,3
61,0.8,0.8006303965785542,0.0006303965785541266,196,0.765625,1,0.03840418045728833,0.038024493243243244,0.9899204322938011,0.18992043229380107,250,0.9765625,1,0.045954067756922866,0.04733333333333334,19.659024641942914,0.0,5,3
61,0.85,0.8501606946549242,0.00016069465492418722,211,0.82421875,1,0.04050137137385348,0.040935559566787,0.9899204322938011,0.13992043229380113,250,0.9765625,1,0.045954067756922866,0.04733333333333334,13.462991987944118,0.0,5,3
61,0.9,0.904843356462503,0.004843356462503001,226,0.8828125,1,0.042598562290418626,0.0439360153256705,0.9899204322938011,0.08992043229380109,250,0.9765625,1,0.045954067756922866,0.04733333333333334,7.877039238150463,0.0,5,3
61,0.95,0.9524675008346183,0.0024675008346183303,238,0.9296875,1,0.04427631502367074,0.0453425702811245,0.9899204322938011,0.039920432293801156,250,0.9765625,1,0.045954067756922866,0.04733333333333334,3.7892781554995647,0.0,5,3
61,0.97,0.9712386020871383,0.0012386020871383296,244,0.953125,1,0.04511519139029681,0.046086858316221765,0.9899204322938011,0.019920432293801138,250,0.9765625,1,0.045954067756922866,0.04733333333333334,1.8594099698455047,0.0,5,3
61,0.99,0.9912086345478583,0.001208634547858356,251,0.98046875,1,0.04609388048469387,0.04799157894736842,0.9976212140918438,0.007621214091843798,254,0.9921875,1,0.046513318668006905,0.04839595744680851,0.9099650081583199,0.0,5,3
62,0.1,0.10184863736322744,0.0018486373632274344,14,0.0546875,1,0.012958264002964513,0.014248495407031991,0.901290073289668,0.8012900732896681,220,0.859375,1,0.04175968592379257,0.04211292134831461,222.26296604420966,0.0,4,2
62,0.2,0.20451208361334236,0.004512083613342349,35,0.13671875,1,0.015894331286155722,0.01692347908745247,0.901290073289668,0.7012900732896681,220,0.859375,1,0.04175968592379257,0.04211292134831461,162.73320451151085,0.0,4,2
62,0.3,0.30155639588305333,0.0015563958830533409,65,0.25390625,1,0.02008871311928602,0.019898385964912283,0.901290073289668,0.601290073289668,220,0.859375,1,0.04175968592379257,0.04211292134831461,107.8763615958132,0.0,4,2
62,0.4,0.4000270817056098,2.7081705609777185e-05,94,0.3671875,1,0.02414328222464531,0.022798618784530385,0.901290073289668,0.501290073289668,220,0.859375,1,0.04175968592379257,0.04211292134831461,72.96606789098685,0.0,4,2
62,0.5,0.5001695671787446,0.0001695671787446118,117,0.45703125,1,0.027358974963378538,0.025853610503282276,0.901290073289668,0.40129007328966804,220,0.859375,1,0.04175968592379257,0.04211292134831461,52.63614948911703,0.0,4,2
62,0.6,0.6010823636199722,0.0010823636199722708,147,0.57421875,1,0.031553356796508836,0.0300998678996037,0.901290073289668,0.30129007328966806,220,0.859375,1,0.04175968592379257,0.04211292134831461,32.346254609629966,0.0,4,2
62,0.7,0.7012500551820645,0.0012500551820645578,174,0.6796875,1,0.03532830044632611,0.03477317073170731,0.901290073289668,0.20129007328966808,220,0.859375,1,0.04175968592379257,0.04211292134831461,18.204627440931077,0.0,4,2
62,0.8,0.801054479776872,0.0010544797768720082,201,0.78515625,1,0.03910324409614338,0.039963385146804836,0.901290073289668,0.10129007328966799,220,0.859375,1,0.04175968592379257,0.04211292134831461,6.793405225197624,0.0,4,2
62,0.85,0.8512863448731158,0.0012863448731158522,210,0.8203125,1,0.040361558646082464,0.04064524236983842,0.901290073289668,0.05129007328966806,220,0.859375,1,0.04175968592379257,0.04211292134831461,3.4640071508878822,0.0,4,2
62,0.9,0.9012900732896686,0.0012900732896685696,220,0.859375,1,0.04175968592379257,0.04211292134831461,0.901290073289668,0.0012900732896680145,220,0.859375,1,0.04175968592379257,0.04211292134831461,0.0,0.0,4,2
62,0.95,0.9513825635088987,0.0013825635088987598,240,0.9375,1,0.04455594047921276,0.04549817813765182,0.9994696062938513,0.04946960629385133,254,0.9921875,1,0.046513318668006905,0.04839595744680851,4.393080176833752,0.0,4,2
62,0.97,0.9718444351525919,0.0018444351525919167,247,0.96484375,1,0.04553462957360983,0.04780103734439834,0.9994696062938513,0.029469606293851314,254,0.9921875,1,0.046513318668006905,0.04839595744680851,2.1493292106724127,0.0,4,2
62,0.99,0.9919778755224511,0.0019778755224511,252,0.984375,1,0.046233693212464885,0.047364904862579285,0.9994696062938513,0.009469606293851296,254,0.9921875,1,0.046513318668006905,0.04839595744680851,0.6048088225550474,0.0,4,2
63,0.1,0.10408073650842002,0.004080736508420016,20,0.078125,1,0.013797140369590573,0.014549891383055758,0.9834662239428403,0.8834662239428404,250,0.9765625,1,0.045954067756922866,0.04733333333333334,233.0695095210265,0.0,4,2
63,0.2,0.20317700207397743,0.0031770020739774196,48,0.1875,1,0.01771189674717885,0.018507798165137614,0.9834662239428403,0.7834662239428403,250,0.9765625,1,0.045954067756922866,0.04733333333333334,159.4531145527507,0.0,4,2
63,0.3,0.3007578687408481,0.0007578687408481,72,0.28125,1,0.02106740221368309,0.02044079939668175,0.9834662239428403,0.6834662239428404,250,0.9765625,1,0.045954067756922866,0.04733333333333334,118.12878156888327,0.0,4,2
63,0.4,0.4009967971135519,0.0009967971135518838,100,0.390625,1,0.02498215859127137,0.02386515444015444,0.9834662239428403,0.5834662239428403,250,0.9765625,1,0.045954067756922866,0.04733333333333334,83.94754636206243,0.0,4,2
63,0.5,0.500787725864784,0.000787725864784039,125,0.48828125,1,0.028477476785546622,0.027028752886836028,0.9834662239428403,0.48346622394284033,250,0.9765625,1,0.045954067756922866,0.04733333333333334,61.36987171646564,0.0,4,2
63,0.6,0.6019821210327161,0.001982121032716111,153,0.59765625,1,0.0323922331631349,0.032209426229508197,0.9834662239428403,0.38346622394284036,250,0.9765625,1,0.045954067756922866,0.04733333333333334,41.86755054981044,0.0,4,2
63,0.7,0.7025507572487377,0.002550757248737767,179,0.69921875,1,0.03602736408518116,0.036170468750000004,0.9834662239428403,0.2834662239428404,250,0.9765625,1,0.045954067756922866,0.04733333333333334,27.5532332819896,0.0,4,2
63,0.8,0.8014854468475016,0.0014854468475015148,205,0.80078125,1,0.03966249500722742,0.039896836555360284,0.9834662239428403,0.1834662239428403,250,0.9765625,1,0.045954067756922866,0.04733333333333334,15.862776026946811,0.0,4,2
63,0.85,0.8531914882450764,0.0031914882450764237,218,0.8515625,1,0.04148006046825055,0.04183506493506493,0.9834662239428403,0.13346622394284036,250,0.9765625,1,0.045954067756922866,0.04733333333333334,10.785922773899493,0.0,4,2
63,0.9,0.9007206189210902,0.0007206189210902103,230,0.8984375,1,0.043157813201502665,0.04402826510721248,0.9834662239428403,0.08346622394284031,250,0.9765625,1,0.045954067756922866,0.04733333333333334,6.479138649506089,0.0,4,2
63,0.95,0.950224322556479,0.00022432255647908406,242,0.9453125,1,0.04483556593475478,0.046679633401222,0.9834662239428403,0.03346622394284038,250,0.9765625,1,0.045954067756922866,0.04733333333333334,2.494675374000499,0.0,4,2
63,0.97,0.976957334124168,0.006957334124167991,249,0.97265625,1,0.04581425502915185,0.04799748953974896,0.9834662239428403,0.01346622394284036,250,0.9765625,1,0.045954067756922866,0.04733333333333334,0.30517298094676626,0.0,4,2
63,0.99,0.9922393071027045,0.0022393071027044797,254,0.9921875,1,0.046513318668006905,0.04839595744680851,0.997666879162976,0.007666879162976037,255,0.99609375,1,0.04665313139577791,0.048423504273504274,0.30058643798120954,0.0,4,2
64,0.1,0.1040499340951753,0.004049934095175289,17,0.06640625,1,0.013377702186277544,0.015339002036659877,0.9708606463823558,0.8708606463823558,243,0.94921875,1,0.044975378662525795,0.046523312883435586,236.1965906870032,0.0,4,2
64,0.2,0.20041261472562652,0.0004126147256265089,39,0.15234375,1,0.01645358219723976,0.017378827690752906,0.9708606463823558,0.7708606463823557,243,0.94921875,1,0.044975378662525795,0.046523312883435586,173.34703241748065,0.0,4,2
64,0.3,0.3003116406564755,0.000311640656475487,64,0.25,1,0.019948900391515013,0.019484455239417074,0.9708606463823558,0.6708606463823559,243,0.94921875,1,0.044975378662525795,0.046523312883435586,125.45292111266164,0.0,4,2
64,0.4,0.40277126278655095,0.002771262786550932,91,0.35546875,1,0.02372384404133228,0.022570736086175942,0.9708606463823558,0.5708606463823558,243,0.94921875,1,0.044975378662525795,0.046523312883435586,89.57879922060084,0.0,4,2
64,0.5,0.5025655623731312,0.002565562373131214,112,0.4375,1,0.026659911324523493,0.025773178458289338,0.9708606463823558,0.4708606463823558,243,0.94921875,1,0.044975378662525795,0.046523312883435586,68.70040607057295,0.0,4,2
64,0.6,0.6025472515604703,0.0025472515604703094,138,0.5390625,1,0.030295042246569752,0.02862305764411028,0.9708606463823558,0.37086064638235583,243,0.94921875,1,0.044975378662525795,0.046523312883435586,48.45788395498365,0.0,4,2
64,0.7,0.701787219128792,0.0017872191287920947,166,0.6484375,1,0.03420979862415803,0.0328891654465593,0.9708606463823558,0.27086064638235585,243,0.94921875,1,0.044975378662525795,0.046523312883435586,31.469287956478652,0.0,4,2
64,0.8,0.8009413219538911,0.0009413219538910722,192,0.75,1,0.03784492954620429,0.03774518272425249,0.9708606463823558,0.17086064638235576,243,0.94921875,1,0.044975378662525795,0.046523312883435586,18.8412270859589,0.0,4,2
64,0.85,0.8525139625936752,0.002513962593675201,209,0.81640625,1,0.04022174591831146,0.040852951699463326,0.9708606463823558,0.12086064638235583,243,0.94921875,1,0.044975378662525795,0.046523312883435586,11.818563902891599,0.0,4,2
64,0.9,0.9013335516252383,0.001333551625238294,223,0.87109375,1,0.042179124107105594,0.04327405303030303,0.9708606463823558,0.07086064638235579,243,0.94921875,1,0.044975378662525795,0.046523312883435586,6.629475160080767,0.0,4,2
64,0.95,0.9516135427658386,0.0016135427658386936,238,0.9296875,1,0.04427631502367074,0.0453425702811245,0.9708606463823558,0.020860646382355852,243,0.94921875,1,0.044975378662525795,0.046523312883435586,1.578865898124815,0.0,4,2
64,0.97,0.970860646382356,0.0008606463823560562,243,0.94921875,1,0.044975378662525795,0.046523312883435586,0.9708606463823558,0.0008606463823558341,243,0.94921875,1,0.044975378662525795,0.046523312883435586,0.0,0.0,4,2
64,0.99,0.9925410731094257,0.002541073109425751,252,0.984375,1,0.046233693212464885,0.047364904862579285,0.9925410731094256,0.00254107310942564,252,0.984375,1,0.046233693212464885,0.047364904862579285,0.0,0.0,4,2
65,0.1,0.10370688606109603,0.0037068860610960236,18,0.0703125,1,0.013517514914048553,0.014918147120055517,0.8885075685509942,0.7885075685509942,214,0.8359375,1,0.04092080955716651,0.041812979890310784,202.72435294033312,0.0,8,2
65,0.2,0.20204967108993155,0.0020496710899315373,38,0.1484375,1,0.016313769469468754,0.017068690890990543,0.8885075685509942,0.6885075685509943,214,0.8359375,1,0.04092080955716651,0.041812979890310784,150.83601698399548,0.0,8,2
65,0.3,0.3019891996607182,0.0019891996607181994,66,0.2578125,1,0.020228525847057033,0.02009113475177305,0.8885075685509942,0.5885075685509942,214,0.8359375,1,0.04092080955716651,0.041812979890310784,102.29259347200484,0.0,8,2
65,0.4,0.40150818413391703,0.0015081841339170121,92,0.359375,1,0.023863656769103292,0.02210280542986425,0.8885075685509942,0.4885075685509942,214,0.8359375,1,0.04092080955716651,0.041812979890310784,71.4775315162403,0.0,8,2
65,0.5,0.5015982348793862,0.0015982348793861512,115,0.44921875,1,0.02707934950783652,0.025499892125134843,0.8885075685509942,0.3885075685509942,214,0.8359375,1,0.04092080955716651,0.041812979890310784,51.114448097523166,0.0,8,2
65,0.6,0.6013917765821954,0.0013917765821954697,142,0.5546875,1,0.03085429315765379,0.030083717948717947,0.8885075685509942,0.28850756855099424,214,0.8359375,1,0.04092080955716651,0.041812979890310784,32.625982867527114,0.0,8,2
65,0.7,0.7027478584454764,0.0027478584454764254,167,0.65234375,1,0.03434961135192904,0.03351941176470589,0.8885075685509942,0.18850756855099426,214,0.8359375,1,0.04092080955716651,0.041812979890310784,19.130342226909768,0.0,8,2
65,0.8,0.8021623529586773,0.0021623529586772827,194,0.7578125,1,0.03812455500174631,0.03832177554438861,0.8885075685509942,0.08850756855099418,214,0.8359375,1,0.04092080955716651,0.041812979890310784,7.334523787338942,0.0,8,2
65,0.85,0.8525615414168491,0.002561541416849167,205,0.80078125,1,0.03966249500722742,0.039896836555360284,0.8885075685509942,0.03850756855099424,214,0.8359375,1,0.04092080955716651,0.041812979890310784,3.1725552053893713,0.0,8,2
65,0.9,0.9007569975134253,0.0007569975134252838,220,0.859375,1,0.04175968592379257,0.04211292134831461,0.9615022497059291,0.0615022497059291,239,0.93359375,1,0.044416127751441756,0.04510987903225806,6.361259116021456,0.0,8,2
65,0.95,0.9512922952885948,0.001292295288594869,237,0.92578125,1,0.044136502295899736,0.0458994,0.9615022497059291,0.011502249705929168,239,0.93359375,1,0.044416127751441756,0.04510987903225806,0.633546930536899,0.0,8,2
65,0.97,0.9707368328541661,0.0007368328541661473,243,0.94921875,1,0.044975378662525795,0.046523312883435586,0.9820126870417708,0.012012687041770831,247,0.96484375,1,0.04553462957360983,0.04780103734439834,1.2434601502310683,0.0,8,2
65,0.99,0.993346119738326,0.003346119738325992,252,0.984375,1,0.046233693212464885,0.047364904862579285,0.9933461197383263,0.0033461197383263253,252,0.984375,1,0.046233693212464885,0.047364904862579285,0.0,0.0,8,2
66,0.1,0.10554664800339159,0.00554664800339158,16,0.0625,1,0.013237889458506534,0.014520079654829075,0.9981444820910995,0.8981444820910995,255,0.99609375,1,0.04665313139577791,0.048423504273504274,252.42121897157165,0.0,3,2
66,0.2,0.2000527234625791,5.272346257909066e-05,39,0.15234375,1,0.01645358219723976,0.017378827690752906,0.9981444820910995,0.7981444820910994,255,0.99609375,1,0.04665313139577791,0.048423504273504274,183.54391667733245,0.0,3,2
66,0.3,0.30361127670984567,0.003611276709845679,64,0.25,1,0.019948900391515013,0.019484455239417074,0.9981444820910995,0.6981444820910996,255,0.99609375,1,0.04665313139577791,0.048423504273504274,133.8631728073652,0.0,3,2
66,0.4,0.400745416328766,0.0007454163287659576,94,0.3671875,1,0.02414328222464531,0.022798618784530385,0.9981444820910995,0.5981444820910995,255,0.99609375,1,0.04665313139577791,0.048423504273504274,93.23442008292761,0.0,3,2
66,0.5,0.5031825279115598,0.003182527911559818,118,0.4609375,1,0.02749878769114955,0.02632202643171806,0.9981444820910995,0.4981444820910995,255,0.99609375,1,0.04665313139577791,0.048423504273504274,69.65522960415147,0.0,3,2
66,0.6,0.6043919791345455,0.004391979134545476,146,0.5703125,1,0.03141354406873783,0.029954461942257222,0.9981444820910995,0.39814448209109954,255,0.99609375,1,0.04665313139577791,0.048423504273504274,48.51279210551169,0.0,3,2
66,0.7,0.7043450020739626,0.0043450020739626005,178,0.6953125,1,0.03588755135741015,0.0360710730948678,0.9981444820910995,0.29814448209109956,255,0.99609375,1,0.04665313139577791,0.048423504273504274,29.998090232324692,0.0,3,2
66,0.8,0.8014095278394071,0.0014095278394070654,203,0.79296875,1,0.0393828695516854,0.03993362369337979,0.9981444820910995,0.19814448209109947,255,0.99609375,1,0.04665313139577791,0.048423504273504274,18.46046752522983,0.0,3,2
66,0.85,0.8519931851909714,0.0019931851909714693,215,0.83984375,1,0.041060622284937516,0.0420308256880734,0.9981444820910995,0.14814448209109954,255,0.99609375,1,0.04665313139577791,0.048423504273504274,13.620127508130642,0.0,3,2
66,0.9,0.9010467019427967,0.0010467019427966573,229,0.89453125,1,0.04301800047373165,0.04447320388349515,0.9981444820910995,0.0981444820910995,255,0.99609375,1,0.04665313139577791,0.048423504273504274,8.45025543264384,0.0,3,2
66,0.95,0.9503366703437804,0.00033667034378048744,242,0.9453125,1,0.04483556593475478,0.046679633401222,0.9981444820910995,0.04814448209109956,255,0.99609375,1,0.04665313139577791,0.048423504273504274,4.053847482750794,0.0,3,2
66,0.97,0.9704808160344722,0.0004808160344722534,248,0.96875,1,0.045674442301380846,0.04718708333333334,0.9981444820910995,0.028144482091099543,255,0.99609375,1,0.04665313139577791,0.048423504273504274,2.142749960556123,0.0,3,2
66,0.99,0.9932917405189416,0.003291740518941655,254,0.9921875,1,0.046513318668006905,0.04839595744680851,0.9981444820910995,0.008144482091099525,255,0.99609375,1,0.04665313139577791,0.048423504273504274,0.30058643798120954,0.0,3,2
67,0.1,0.10288768315459643,0.002887683154596421,20,0.078125,1,0.013797140369590573,0.014549891383055758,0.9875126986056123,0.8875126986056123,250,0.9765625,1,0.045954067756922866,0.04733333333333334,233.0695095210265,0.0,4,2
67,0.2,0.20184495631012964,0.0018449563101296251,40,0.15625,1,0.016593394925010774,0.017043641025641026,0.9875126986056123,0.7875126986056122,250,0.9765625,1,0.045954067756922866,0.04733333333333334,176.94192758383366,0.0,4,2
67,0.3,0.30263269820130684,0.002632698201306849,68,0.265625,1,0.020508151302599052,0.019579362780593773,0.9875126986056123,0.6875126986056124,250,0.9765625,1,0.045954067756922866,0.04733333333333334,124.07708563715825,0.0,4,2
67,0.4,0.4061967814625334,0.006196781462533385,98,0.3828125,1,0.02470253313572935,0.023184980988593156,0.9875126986056123,0.5875126986056123,250,0.9765625,1,0.045954067756922866,0.04733333333333334,86.02977882642988,0.0,4,2
67,0.5,0.5050483076327787,0.005048307632778748,123,0.48046875,1,0.028197851330004603,0.02735512528473804,0.9875126986056123,0.4875126986056123,250,0.9765625,1,0.045954067756922866,0.04733333333333334,62.97010442077313,0.0,4,2
67,0.6,0.6027998916923247,0.002799891692324752,147,0.57421875,1,0.031553356796508836,0.0300998678996037,0.9875126986056123,0.3875126986056123,250,0.9765625,1,0.045954067756922866,0.04733333333333334,45.639235956053234,0.0,4,2
67,0.7,0.7014408079356512,0.001440807935651267,173,0.67578125,1,0.0351884877185551,0.03480166919575114,0.9875126986056123,0.28751269860561235,250,0.9765625,1,0.045954067756922866,0.04733333333333334,30.594040086272333,0.0,4,2
67,0.8,0.8061742053786256,0.0061742053786255635,205,0.80078125,1,0.03966249500722742,0.039896836555360284,0.9875126986056123,0.18751269860561226,250,0.9765625,1,0.045954067756922866,0.04733333333333334,15.862776026946811,0.0,4,2
67,0.85,0.8518659041938574,0.0018659041938574594,216,0.84375,1,0.04120043501270853,0.04185874769797422,0.9875126986056123,0.13751269860561233,250,0.9765625,1,0.045954067756922866,0.04733333333333334,11.537821731125053,0.0,4,2
67,0.9,0.9027653037760639,0.0027653037760638766,230,0.8984375,1,0.043157813201502665,0.04402826510721248,0.9875126986056123,0.08751269860561228,250,0.9765625,1,0.045954067756922866,0.04733333333333334,6.479138649506089,0.0,4,2
67,0.95,0.9525500423811754,0.002550042381175399,241,0.94140625,1,0.044695753206983775,0.04639878048780488,0.9875126986056123,0.03751269860561235,250,0.9765625,1,0.045954067756922866,0.04733333333333334,2.815288835411045,0.0,4,2
67,0.97,0.9705516216830369,0.000551621683036907,246,0.9609375,1,0.04539481684583883,0.04721863354037267,0.9875126986056123,0.01751269860561233,250,0.9765625,1,0.045954067756922866,0.04733333333333334,1.231970850291697,0.0,4,2
67,0.99,0.9906273482067423,0.000627348206742262,252,0.984375,1,0.046233693212464885,0.047364904862579285,0.998857055149752,0.008857055149751991,255,0.99609375,1,0.04665313139577791,0.048423504273504274,0.90721323383256,0.0,4,2
68,0.1,0.10275476599153383,0.0027547659915338196,15,0.05859375,1,0.013098076730735523,0.014725624391826144,0.8737174308022866,0.7737174308022866,208,0.8125,1,0.040081933190540445,0.04029536541889483,206.01388291217958,0.0,5,2
68,0.2,0.20176402806046065,0.0017640280604606373,36,0.140625,1,0.01603414401392673,0.017852944015444017,0.8737174308022866,0.6737174308022866,208,0.8125,1,0.040081933190540445,0.04029536541889483,149.97862783149878,0.0,5,2
68,0.3,0.3007990874641,0.0007990874641000123,62,0.2421875,1,0.019669274935972994,0.019521860149355058,0.8737174308022866,0.5737174308022865,208,0.8125,1,0.040081933190540445,0.04029536541889483,103.77941393881729,0.0,5,2
68,0.4,0.4008850325463176,0.0008850325463175546,89,0.34765625,1,0.02344421858579026,0.02250882612533098,0.8737174308022866,0.47371743080228657,208,0.8125,1,0.040081933190540445,0.04029536541889483,70.96723886900817,0.0,5,2
68,0.5,0.5012837914382092,0.0012837914382092253,114,0.4453125,1,0.026939536780065512,0.025315755627009644,0.8737174308022866,0.3737174308022866,208,0.8125,1,0.040081933190540445,0.04029536541889483,48.784789871368275,0.0,5,2
68,0.6,0.6005976199782581,0.0005976199782581348,140,0.546875,1,0.03057466770211177,0.029551584283903677,0.8737174308022866,0.2737174308022866,208,0.8125,1,0.040081933190540445,0.04029536541889483,31.095237341768446,0.0,5,2
68,0.7,0.7040367463667704,0.004036746366770427,163,0.63671875,1,0.033790360440845,0.032777233429394814,0.8737174308022866,0.17371743080228663,208,0.8125,1,0.040081933190540445,0.04029536541889483,18.619430712228624,0.0,5,2
68,0.8,0.8013989031944683,0.0013989031944682262,189,0.73828125,1,0.03742549136289126,0.03696301145662848,0.8737174308022866,0.07371743080228654,208,0.8125,1,0.040081933190540445,0.04029536541889483,7.097947764777102,0.0,5,2
68,0.85,0.8508946111431662,0.0008946111431662462,201,0.78515625,1,0.03910324409614338,0.039963385146804836,0.8737174308022866,0.02371743080228661,208,0.8125,1,0.040081933190540445,0.04029536541889483,2.5028335040201632,0.0,5,2
68,0.9,0.9039450712407252,0.003945071240725184,223,0.87109375,1,0.042179124107105594,0.04327405303030303,0.9475343415777973,0.047534341577797234,234,0.9140625,1,0.043717064112586704,0.044589723320158106,3.646211338044414,0.0,5,2
68,0.95,0.9522679723520663,0.0022679723520663275,236,0.921875,1,0.04399668956812872,0.04414103585657371,0.9613666819323288,0.011366681932328815,239,0.93359375,1,0.044416127751441756,0.04510987903225806,0.9533403249886163,0.0,5,2
68,0.97,0.9726682745509205,0.0026682745509205574,246,0.9609375,1,0.04539481684583883,0.04721863354037267,1.0,0.030000000000000027,256,1.0,1,0.046792944123548924,0.048613400368694486,3.0799271257292427,0.0,5,2
68,0.99,0.991357032949462,0.0013570329494619893,253,0.98828125,1,0.04637350594023589,0.04783099787685775,1.0,0.010000000000000009,256,1.0,1,0.046792944123548924,0.048613400368694486,0.9044780523033591,0.0,5,2
69,0.1,0.10128537870291902,0.0012853787029190183,19,0.07421875,1,0.013657327641819563,0.015312371499468274,0.9911492794729883,0.8911492794729883,252,0.984375,1,0.046233693212464885,0.047364904862579285,238.52664609798566,0.0,4,2
69,0.2,0.20385025248367228,0.0038502524836722674,43,0.16796875,1,0.017012833108323803,0.018372790573111943,0.9911492794729883,0.7911492794729882,252,0.984375,1,0.046233693212464885,0.047364904862579285,171.75775438509598,0.0,4,2
69,0.3,0.3021867689646894,0.0021867689646893895,70,0.2734375,1,0.02078777675814107,0.020093865484109387,0.9911492794729883,0.6911492794729883,252,0.984375,1,0.046233693212464885,0.047364904862579285,122.40807061947345,0.0,4,2
69,0.4,0.40211839027191937,0.002118390271919346,99,0.38671875,1,0.02484234586350036,0.023348467432950194,0.9911492794729883,0.5911492794729882,252,0.984375,1,0.046233693212464885,0.047364904862579285,86.10840323414779,0.0,4,2
69,0.5,0.5014359977689317,0.0014359977689316628,123,0.48046875,1,0.028197851330004603,0.02735512528473804,0.9911492794729883,0.49114927947298825,252,0.984375,1,0.046233693212464885,0.047364904862579285,63.961759608501836,0.0,4,2
69,0.6,0.6003885010131847,0.00038850101318477215,150,0.5859375,1,0.03197279497982187,0.031179032258064517,0.9911492794729883,0.3911492794729883,252,0.984375,1,0.046233693212464885,0.047364904862579285,44.603226717098444,0.0,4,2
69,0.7,0.7013657068433582,0.0013657068433582387,176,0.6875,1,0.03560792590186813,0.03554692307692307,0.9911492794729883,0.2911492794729883,252,0.984375,1,0.046233693212464885,0.047364904862579285,29.841017249587367,0.0,4,2
69,0.8,0.8032524906485045,0.0032524906485044136,206,0.8046875,1,0.039802307734998425,0.039936572438162544,0.9911492794729883,0.1911492794729882,252,0.984375,1,0.046233693212464885,0.047364904862579285,16.1583230808783,0.0,4,2
69,0.85,0.8547833268197043,0.004783326819704281,219,0.85546875,1,0.041619873196021555,0.0424804104477612,0.9911492794729883,0.14114927947298828,252,0.984375,1,0.046233693212464885,0.047364904862579285,11.085617668062397,0.0,4,2
69,0.9,0.9004488198541303,0.0004488198541302557,228,0.890625,1,0.042878187745960646,0.04490405405405405,0.9911492794729883,0.09114927947298823,252,0.984375,1,0.046233693212464885,0.047364904862579285,7.825669980234529,0.0,4,2
69,0.95,0.9523066343897664,0.0023066343897664154,242,0.9453125,1,0.04483556593475478,0.046679633401222,0.9911492794729883,0.0411492794729883,252,0.984375,1,0.046233693212464885,0.047364904862579285,3.1183442175006126,0.0,4,2
69,0.97,0.9720924043738517,0.0020924043738517195,247,0.96484375,1,0.04553462957360983,0.04780103734439834,0.9911492794729883,0.02114927947298828,252,0.984375,1,0.046233693212464885,0.047364904862579285,1.5352351504802852,0.0,4,2
69,0.99,0.9911492794729883,0.0011492794729882627,252,0.984375,1,0.046233693212464885,0.047364904862579285,0.9911492794729883,0.0011492794729882627,252,0.984375,1,0.046233693212464885,0.047364904862579285,0.0,0.0,4,2
70,0.1,0.10020667590904139,0.00020667590904138722,17,0.06640625,1,0.013377702186277544,0.015339002036659877,0.9951730784955494,0.8951730784955494,254,0.9921875,1,0.046513318668006905,0.04839595744680851,247.69288492398127,0.0,4,2
70,0.2,0.20560212402350508,0.005602124023505073,41,0.16015625,1,0.016733207652781783,0.01797626236335242,0.9951730784955494,0.7951730784955493,254,0.9921875,1,0.046513318668006905,0.04839595744680851,177.97012762388314,0.0,4,2
70,0.3,0.3033780656305381,0.0033780656305381074,60,0.234375,1,0.01938964948043097,0.019595683930942895,0.9951730784955494,0.6951730784955494,254,0.9921875,1,0.046513318668006905,0.04839595744680851,139.88736214623444,0.0,4,2
70,0.4,0.4006893253303898,0.0006893253303897895,86,0.3359375,1,0.02302478040247723,0.02323981083404987,0.9951730784955494,0.5951730784955493,254,0.9921875,1,0.046513318668006905,0.04839595744680851,102.01416845218878,0.0,4,2
70,0.5,0.503949878348967,0.003949878348966984,110,0.4296875,1,0.02638028586898147,0.0260125,0.9951730784955494,0.49517307849554937,254,0.9921875,1,0.046513318668006905,0.04839595744680851,76.31847849950066,0.0,4,2
70,0.6,0.6048305808338926,0.00483058083389265,140,0.546875,1,0.03057466770211177,0.029551584283903677,0.9951730784955494,0.3951730784955494,254,0.9921875,1,0.046513318668006905,0.04839595744680851,52.13025083767062,0.0,4,2
70,0.7,0.7036851112558606,0.0036851112558606847,170,0.6640625,1,0.03476904953524207,0.0338881913303438,0.9951730784955494,0.2951730784955494,254,0.9921875,1,0.046513318668006905,0.04839595744680851,33.777941271764675,0.0,4,2
70,0.8,0.8015531303113517,0.0015531303113516248,197,0.76953125,1,0.038543993185059335,0.03893089983022071,0.9951730784955494,0.19517307849554932,254,0.9921875,1,0.046513318668006905,0.04839595744680851,20.675920745120635,0.0,4,2
70,0.85,0.8583738722743813,0.008373872274381355,212,0.828125,1,0.04064118410162449,0.04085869565217391,0.9951730784955494,0.1451730784955494,254,0.9921875,1,0.046513318668006905,0.04839595744680851,14.44872903235046,0.0,4,2
70,0.9,0.9028402004851178,0.002840200485117794,224,0.875,1,0.04231893683487661,0.043105703422053235,0.9951730784955494,0.09517307849554935,254,0.9921875,1,0.046513318668006905,0.04839595744680851,9.911359185360148,0.0,4,2
70,0.95,0.9516634152032858,0.001663415203285834,241,0.94140625,1,0.044695753206983775,0.04639878048780488,0.9951730784955494,0.04517307849554941,254,0.9921875,1,0.046513318668006905,0.04839595744680851,4.066528317815954,0.0,4,2
70,0.97,0.971430289463656,0.001430289463655976,247,0.96484375,1,0.04553462957360983,0.04780103734439834,0.9951730784955494,0.025173078495549395,254,0.9921875,1,0.046513318668006905,0.04839595744680851,2.1493292106724127,0.0,4,2
70,0.99,0.9916766237363717,0.001676623736371674,253,0.98828125,1,0.04637350594023589,0.04783099787685775,0.9951730784955494,0.005173078495549377,254,0.9921875,1,0.046513318668006905,0.04839595744680851,0.3014926841011345,0.0,4,2
71,0.1,0.10147061028836271,0.001470610288362706,17,0.06640625,1,0.013377702186277544,0.015339002036659877,0.9950246039076974,0.8950246039076974,253,0.98828125,1,0.04637350594023589,0.04783099787685775,246.64776726607417,0.0,4,2
71,0.2,0.20019982456162022,0.0001998245616202099,40,0.15625,1,0.016593394925010774,0.017043641025641026,0.9950246039076974,0.7950246039076974,253,0.98828125,1,0.04637350594023589,0.04783099787685775,179.46966940645984,0.0,4,2
71,0.3,0.3010495943519373,0.0010495943519372997,67,0.26171875,1,0.02036833857482804,0.020534767025089606,0.9950246039076974,0.6950246039076975,253,0.98828125,1,0.04637350594023589,0.04783099787685775,127.67446529755753,0.0,4,2
71,0.4,0.40270901107792945,0.002709011077929424,96,0.375,1,0.02442290768018733,0.022693451824134705,0.9950246039076974,0.5950246039076974,253,0.98828125,1,0.04637350594023589,0.04783099787685775,89.87708813171173,0.0,4,2
71,0.5,0.5015710035308,0.0015710035307999748,124,0.484375,1,0.02833766405777561,0.02639587155963303,0.9950246039076974,0.4950246039076974,253,0.98828125,1,0.04637350594023589,0.04783099787685775,63.646184264476815,0.0,4,2
71,0.6,0.6025398481449608,0.002539848144960777,152,0.59375,1,0.03225242043536389,0.03150054347826087,0.9950246039076974,0.39502460390769745,253,0.98828125,1,0.04637350594023589,0.04783099787685775,43.783025628019615,0.0,4,2
71,0.7,0.7024424896188144,0.0024424896188144363,175,0.68359375,1,0.03546811317409712,0.035867534456355286,0.9950246039076974,0.29502460390769747,253,0.98828125,1,0.04637350594023589,0.04783099787685775,30.747033857169303,0.0,4,2
71,0.8,0.8026834918383942,0.002683491838394114,204,0.796875,1,0.039522682279456406,0.039092994746059546,0.9950246039076974,0.19502460390769738,253,0.98828125,1,0.04637350594023589,0.04783099787685775,17.333903636243054,0.0,4,2
71,0.85,0.8515211307186447,0.001521130718644681,215,0.83984375,1,0.041060622284937516,0.0420308256880734,0.9950246039076974,0.14502460390769745,253,0.98828125,1,0.04637350594023589,0.04783099787685775,12.939121132724107,0.0,4,2
71,0.9,0.900943548825737,0.0009435488257369951,226,0.8828125,1,0.042598562290418626,0.0439360153256705,0.9950246039076974,0.0950246039076974,253,0.98828125,1,0.04637350594023589,0.04783099787685775,8.86166914291926,0.0,4,2
71,0.95,0.9500301314322384,3.0131432238400535e-05,240,0.9375,1,0.04455594047921276,0.04549817813765182,0.9950246039076974,0.04502460390769747,253,0.98828125,1,0.04637350594023589,0.04783099787685775,4.079288735631348,0.0,4,2
71,0.97,0.9726773846439405,0.002677384643940517,247,0.96484375,1,0.04553462957360983,0.04780103734439834,0.9950246039076974,0.02502460390769745,253,0.98828125,1,0.04637350594023589,0.04783099787685775,1.8422821805763379,0.0,4,2
71,0.99,0.9950246039076969,0.0050246039076968785,253,0.98828125,1,0.04637350594023589,0.04783099787685775,0.9950246039076974,0.005024603907697434,253,0.98828125,1,0.04637350594023589,0.04783099787685775,0.0,0.0,4,2
72,0.1,0.10139166726912315,0.0013916672691231396,15,0.05859375,1,0.013098076730735523,0.014725624391826144,0.9702839825830685,0.8702839825830685,245,0.95703125,1,0.045255004118067814,0.04686082474226804,245.5087723823902,0.0,4,2
72,0.2,0.20035556880638197,0.00035556880638196176,39,0.15234375,1,0.01645358219723976,0.017378827690752906,0.9702839825830685,0.7702839825830685,245,0.95703125,1,0.045255004118067814,0.04686082474226804,175.04651312745594,0.0,4,2
72,0.3,0.3011511069791844,0.001151106979184413,67,0.26171875,1,0.02036833857482804,0.020534767025089606,0.9702839825830685,0.6702839825830684,245,0.95703125,1,0.045255004118067814,0.04686082474226804,122.18309044604969,0.0,4,2
72,0.4,0.402294515297069,0.0022945152970689775,95,0.37109375,1,0.02428309495241632,0.023273191094619665,0.9702839825830685,0.5702839825830684,245,0.95703125,1,0.045255004118067814,0.04686082474226804,86.36423489982134,0.0,4,2
72,0.5,0.5011891794942712,0.0011891794942712197,123,0.48046875,1,0.028197851330004603,0.02735512528473804,0.9702839825830685,0.47028398258306847,245,0.95703125,1,0.045255004118067814,0.04686082474226804,60.490966451451335,0.0,4,2
72,0.6,0.6027990896971955,0.002799089697195556,146,0.5703125,1,0.03141354406873783,0.029954461942257222,0.9702839825830685,0.3702839825830685,245,0.95703125,1,0.045255004118067814,0.04686082474226804,44.062077233446395,0.0,4,2
72,0.7,0.7042188335094379,0.004218833509437969,171,0.66796875,1,0.034908862263013075,0.03412912912912913,0.9702839825830685,0.2702839825830685,245,0.95703125,1,0.045255004118067814,0.04686082474226804,29.63757964124991,0.0,4,2
72,0.8,0.8005619438380721,0.0005619438380720654,198,0.7734375,1,0.03868380591283035,0.03888293515358362,0.9702839825830685,0.17028398258306843,245,0.95703125,1,0.045255004118067814,0.04686082474226804,16.98694854390732,0.0,4,2
72,0.85,0.8541879062552077,0.004187906255207707,213,0.83203125,1,0.0407809968293955,0.04163018181818182,0.9702839825830685,0.1202839825830685,245,0.95703125,1,0.045255004118067814,0.04686082474226804,10.970813948930713,0.0,4,2
72,0.9,0.9022814531391323,0.0022814531391323056,228,0.890625,1,0.042878187745960646,0.04490405405405405,0.9702839825830685,0.07028398258306845,245,0.95703125,1,0.045255004118067814,0.04686082474226804,5.543182902666111,0.0,4,2
72,0.95,0.9509408836339991,0.0009408836339991344,241,0.94140625,1,0.044695753206983775,0.04639878048780488,0.9702839825830685,0.020283982583068516,245,0.95703125,1,0.045255004118067814,0.04686082474226804,1.251239482404909,0.0,4,2
72,0.97,0.9702839825830688,0.0002839825830688314,245,0.95703125,1,0.045255004118067814,0.04686082474226804,0.9702839825830685,0.00028398258306849833,245,0.95703125,1,0.045255004118067814,0.04686082474226804,0.0,0.0,4,2
72,0.99,0.9909548873817718,0.0009548873817718517,253,0.98828125,1,0.04637350594023589,0.04783099787685775,0.9994814771623487,0.009481477162348706,255,0.99609375,1,0.04665313139577791,0.048423504273504274,0.6029853682022468,0.0,4,2
73,0.1,0.10158790636624129,0.0015879063662412873,18,0.0703125,1,0.013517514914048553,0.014918147120055517,0.9895318648844543,0.8895318648844543,251,0.98046875,1,0.04609388048469387,0.04799157894736842,240.99374609743677,0.0,3,2
73,0.2,0.20541685528992223,0.005416855289922223,43,0.16796875,1,0.017012833108323803,0.018372790573111943,0.9895318648844543,0.7895318648844543,251,0.98046875,1,0.04609388048469387,0.04799157894736842,170.93594694784667,0.0,3,2
73,0.3,0.30672234761465567,0.006722347614655677,66,0.2578125,1,0.020228525847057033,0.02009113475177305,0.9895318648844543,0.6895318648844544,251,0.98046875,1,0.04609388048469387,0.04799157894736842,127.86574184000602,0.0,3,2
73,0.4,0.4026231640289132,0.002623164028913161,93,0.36328125,1,0.0240034694968743,0.022591232876712327,0.9895318648844543,0.5895318648844543,251,0.98046875,1,0.04609388048469387,0.04799157894736842,92.03007503017908,0.0,3,2
73,0.5,0.5072564069653523,0.007256406965352347,120,0.46875,1,0.02777841314669157,0.02587689732142857,0.9895318648844543,0.4895318648844543,251,0.98046875,1,0.04609388048469387,0.04799157894736842,65.93417428591917,0.0,3,2
73,0.6,0.6000614872253622,6.148722536225559e-05,142,0.5546875,1,0.03085429315765379,0.030083717948717947,0.9895318648844543,0.38953186488445435,251,0.98046875,1,0.04609388048469387,0.04799157894736842,49.39211295222854,0.0,3,2
73,0.7,0.7018864345821931,0.001886434582193175,173,0.67578125,1,0.0351884877185551,0.03480166919575114,0.9895318648844543,0.28953186488445437,251,0.98046875,1,0.04609388048469387,0.04799157894736842,30.991365282197947,0.0,3,2
73,0.8,0.802117125137731,0.0021171251377309908,201,0.78515625,1,0.03910324409614338,0.039963385146804836,0.9895318648844543,0.18953186488445428,251,0.98046875,1,0.04609388048469387,0.04799157894736842,17.87738217157271,0.0,3,2
73,0.85,0.851653036857027,0.0016530368570270015,213,0.83203125,1,0.0407809968293955,0.04163018181818182,0.9895318648844543,0.13953186488445435,251,0.98046875,1,0.04609388048469387,0.04799157894736842,13.027841564355235,0.0,3,2
73,0.9,0.9008589272615884,0.0008589272615884269,230,0.8984375,1,0.043157813201502665,0.04402826510721248,0.9895318648844543,0.0895318648844543,251,0.98046875,1,0.04609388048469387,0.04799157894736842,6.803095581981378,0.0,3,2
73,0.95,0.9548444638560716,0.0048444638560716236,243,0.94921875,1,0.044975378662525795,0.046523312883435586,0.9895318648844543,0.03953186488445437,251,0.98046875,1,0.04609388048469387,0.04799157894736842,2.4869203004621587,0.0,3,2
73,0.97,0.9762310067364804,0.006231006736480471,249,0.97265625,1,0.04581425502915185,0.04799748953974896,0.9895318648844543,0.019531864884454353,251,0.98046875,1,0.04609388048469387,0.04799157894736842,0.6103459618935103,0.0,3,2
73,0.99,0.9906242489160092,0.0006242489160092068,252,0.984375,1,0.046233693212464885,0.047364904862579285,1.0,0.010000000000000009,256,1.0,1,0.046792944123548924,0.048613400368694486,1.2096176451100948,0.0,3,2
74,0.1,0.10374088248144667,0.0037408824814466612,18,0.0703125,1,0.013517514914048553,0.014918147120055517,0.993217013209464,0.893217013209464,251,0.98046875,1,0.04609388048469387,0.04799157894736842,240.99374609743677,0.0,3,2
74,0.2,0.2053623331183321,0.005362333118332091,42,0.1640625,1,0.016873020380552793,0.01772222808870116,0.993217013209464,0.793217013209464,251,0.98046875,1,0.04609388048469387,0.04799157894736842,173.180968463832,0.0,3,2
74,0.3,0.3007145684157827,0.0007145684157827126,67,0.26171875,1,0.02036833857482804,0.020534767025089606,0.993217013209464,0.6932170132094639,251,0.98046875,1,0.04609388048469387,0.04799157894736842,126.30162158468056,0.0,3,2
74,0.4,0.40064819629781356,0.0006481962978135414,90,0.3515625,1,0.023584031313561273,0.022319679430097952,0.993217013209464,0.593217013209464,251,0.98046875,1,0.04609388048469387,0.04799157894736842,95.44529886283269,0.0,3,2
74,0.5,0.5011941200732355,0.001194120073235494,115,0.44921875,1,0.02707934950783652,0.025499892125134843,0.993217013209464,0.493217013209464,251,0.98046875,1,0.04609388048469387,0.04799157894736842,70.21782768952673,0.0,3,2
74,0.6,0.6057858169481859,0.005785816948185918,147,0.57421875,1,0.031553356796508836,0.0300998678996037,0.993217013209464,0.393217013209464,251,0.98046875,1,0.04609388048469387,0.04799157894736842,46.082335334267334,0.0,3,2
74,0.7,0.7016746736639119,0.0016746736639119408,171,0.66796875,1,0.034908862263013075,0.03412912912912913,0.993217013209464,0.29321701320946403,251,0.98046875,1,0.04609388048469387,0.04799157894736842,32.0406266391891,0.0,3,2
74,0.8,0.8007665501848836,0.0007665501848835854,198,0.7734375,1,0.03868380591283035,0.03888293515358362,0.993217013209464,0.19321701320946394,251,0.98046875,1,0.04609388048469387,0.04799157894736842,19.155495166533786,0.0,3,2
74,0.85,0.8531365022913701,0.00313650229137008,210,0.8203125,1,0.040361558646082464,0.04064524236983842,0.993217013209464,0.143217013209464,251,0.98046875,1,0.04609388048469387,0.04799157894736842,14.202429318640286,0.0,3,2
74,0.9,0.9015672906897331,0.0015672906897330474,225,0.87890625,1,0.04245874956264761,0.0438043893129771,0.993217013209464,0.09321701320946396,251,0.98046875,1,0.04609388048469387,0.04799157894736842,8.561559064952306,0.0,3,2
74,0.95,0.9515932428652798,0.0015932428652798425,238,0.9296875,1,0.04427631502367074,0.0453425702811245,0.993217013209464,0.04321701320946403,251,0.98046875,1,0.04609388048469387,0.04799157894736842,4.10505133512451,0.0,3,2
74,0.97,0.9725686920324074,0.0025686920324073936,245,0.95703125,1,0.045255004118067814,0.04686082474226804,0.993217013209464,0.02321701320946401,251,0.98046875,1,0.04609388048469387,0.04799157894736842,1.8536654298770605,0.0,3,2
74,0.99,0.9901897422629984,0.00018974226299839358,250,0.9765625,1,0.045954067756922866,0.04733333333333334,0.993217013209464,0.0032170132094639925,251,0.98046875,1,0.04609388048469387,0.04799157894736842,0.3042445089095347,0.0,3,2
75,0.1,0.10306807497648801,0.0030680749764880055,18,0.0703125,1,0.013517514914048553,0.014918147120055517,0.998948688136105,0.8989486881361051,255,0.99609375,1,0.04665313139577791,0.048423504273504274,245.1309777900966,0.0,3,2
75,0.2,0.20271871866859065,0.002718718668590636,43,0.16796875,1,0.017012833108323803,0.018372790573111943,0.998948688136105,0.798948688136105,255,0.99609375,1,0.04665313139577791,0.048423504273504274,174.2231766968437,0.0,3,2
75,0.3,0.304895339186754,0.004895339186754,68,0.265625,1,0.020508151302599052,0.019579362780593773,0.998948688136105,0.6989486881361051,255,0.99609375,1,0.04665313139577791,0.048423504273504274,127.4857967810362,0.0,3,2
75,0.4,0.4019982214507259,0.0019982214507258678,93,0.36328125,1,0.0240034694968743,0.022591232876712327,0.998948688136105,0.598948688136105,255,0.99609375,1,0.04665313139577791,0.048423504273504274,94.35995034739881,0.0,3,2
75,0.5,0.5055047989221676,0.0055047989221675975,123,0.48046875,1,0.028197851330004603,0.02735512528473804,0.998948688136105,0.49894868813610505,255,0.99609375,1,0.04665313139577791,0.048423504273504274,65.44924239009488,0.0,3,2
75,0.6,0.6004281220835533,0.0004281220835533617,148,0.578125,1,0.03169316952427985,0.029753917662682604,0.998948688136105,0.39894868813610507,255,0.99609375,1,0.04665313139577791,0.048423504273504274,47.20247957540937,0.0,3,2
75,0.7,0.7032056651775493,0.0032056651775493883,176,0.6875,1,0.03560792590186813,0.03554692307692307,0.998948688136105,0.2989486881361051,255,0.99609375,1,0.04665313139577791,0.048423504273504274,31.018952141018442,0.0,3,2
75,0.8,0.8035016869812199,0.003501686981219887,205,0.80078125,1,0.03966249500722742,0.039896836555360284,0.998948688136105,0.198948688136105,255,0.99609375,1,0.04665313139577791,0.048423504273504274,17.625306696607556,0.0,3,2
75,0.85,0.8535862203664332,0.0035862203664331904,219,0.85546875,1,0.041619873196021555,0.0424804104477612,0.998948688136105,0.14894868813610507,255,0.99609375,1,0.04665313139577791,0.048423504273504274,12.093401092431687,0.0,3,2
75,0.9,0.900490270807875,0.000490270807875004,232,0.90625,1,0.043437438657044684,0.04410235294117647,0.998948688136105,0.09894868813610502,255,0.99609375,1,0.04665313139577791,0.048423504273504274,7.403044097793976,0.0,3,2
75,0.95,0.9505213223067287,0.0005213223067287442,244,0.953125,1,0.04511519139029681,0.046086858316221765,0.998948688136105,0.04894868813610509,255,0.99609375,1,0.04665313139577791,0.048423504273504274,3.408918278050077,0.0,3,2
75,0.97,0.972757504169557,0.0027575041695570013,249,0.97265625,1,0.04581425502915185,0.04799748953974896,0.998948688136105,0.028948688136105072,255,0.99609375,1,0.04665313139577791,0.048423504273504274,1.8310378856805087,0.0,3,2
75,0.99,0.9945812130076472,0.004581213007647245,254,0.9921875,1,0.046513318668006905,0.04839595744680851,0.998948688136105,0.008948688136105054,255,0.99609375,1,0.04665313139577791,0.048423504273504274,0.30058643798120954,0.0,3,2
76,0.1,0.10056949495177513,0.0005694949517751208,19,0.07421875,1,0.013657327641819563,0.015312371499468274,0.9964191641992014,0.8964191641992014,252,0.984375,1,0.046233693212464885,0.047364904862579285,238.52664609798566,0.0,3,2
76,0.2,0.200324599450062,0.0003245994500619964,42,0.1640625,1,0.016873020380552793,0.01772222808870116,0.9964191641992014,0.7964191641992013,252,0.984375,1,0.046233693212464885,0.047364904862579285,174.00958553782164,0.0,3,2
76,0.3,0.3030309120933015,0.00303091209330153,69,0.26953125,1,0.020647964030370062,0.02049846378931968,0.9964191641992014,0.6964191641992015,252,0.984375,1,0.046233693212464885,0.047364904862579285,123.91405343627122,0.0,3,2
76,0.4,0.40525893057429185,0.005258930574291831,96,0.375,1,0.02442290768018733,0.022693451824134705,0.9964191641992014,0.5964191641992014,252,0.984375,1,0.046233693212464885,0.047364904862579285,89.30462260221039,0.0,3,2
76,0.5,0.5007829143848082,0.0007829143848081532,122,0.4765625,1,0.02805803860223359,0.026395814479638006,0.9964191641992014,0.4964191641992014,252,0.984375,1,0.046233693212464885,0.047364904862579285,64.77877825994725,0.0,3,2
76,0.6,0.6012909236202838,0.0012909236202838237,150,0.5859375,1,0.03197279497982187,0.031179032258064517,0.9964191641992014,0.3964191641992014,252,0.984375,1,0.046233693212464885,0.047364904862579285,44.603226717098444,0.0,3,2
76,0.7,0.7004920492388862,0.0004920492388862385,174,0.6796875,1,0.03532830044632611,0.03477317073170731,0.9964191641992014,0.29641916419920145,252,0.984375,1,0.046233693212464885,0.047364904862579285,30.86871609549182,0.0,3,2
76,0.8,0.8052072135546775,0.005207213554677459,198,0.7734375,1,0.03868380591283035,0.03888293515358362,0.9964191641992014,0.19641916419920136,252,0.984375,1,0.046233693212464885,0.047364904862579285,19.516919603638193,0.0,3,2
76,0.85,0.851259231965686,0.001259231965686003,211,0.82421875,1,0.04050137137385348,0.040935559566787,0.9964191641992014,0.14641916419920142,252,0.984375,1,0.046233693212464885,0.047364904862579285,14.153401833479728,0.0,3,2
76,0.9,0.9028416754262267,0.0028416754262267085,225,0.87890625,1,0.04245874956264761,0.0438043893129771,0.9964191641992014,0.09641916419920138,252,0.984375,1,0.046233693212464885,0.047364904862579285,8.890849798219724,0.0,3,2
76,0.95,0.9503534454094236,0.0003534454094236139,238,0.9296875,1,0.04427631502367074,0.0453425702811245,0.9964191641992014,0.046419164199201446,252,0.984375,1,0.046233693212464885,0.047364904862579285,4.420824514749477,0.0,3,2
76,0.97,0.9713165317507404,0.001316531750740424,245,0.95703125,1,0.045255004118067814,0.04686082474226804,0.9964191641992014,0.026419164199201428,252,0.984375,1,0.046233693212464885,0.047364904862579285,2.1626096681899076,0.0,3,2
76,0.99,0.9913822250138853,0.0013822250138852965,251,0.98046875,1,0.04609388048469387,0.04799157894736842,0.9964191641992014,0.00641916419920141,252,0.984375,1,0.046233693212464885,0.047364904862579285,0.30332166938611405,0.0,3,2
77,0.1,0.10122141995323235,0.0012214199532323416,19,0.07421875,1,0.013657327641819563,0.015312371499468274,0.9824825102866812,0.8824825102866812,249,0.97265625,1,0.04581425502915185,0.04799748953974896,235.4554875645352,0.0,4,2
77,0.2,0.20204532258124938,0.0020453225812493703,43,0.16796875,1,0.017012833108323803,0.018372790573111943,0.9824825102866812,0.7824825102866813,249,0.97265625,1,0.04581425502915185,0.04799748953974896,169.29233207334815,0.0,4,2
77,0.3,0.3008144707907841,0.0008144707907841164,67,0.26171875,1,0.02036833857482804,0.020534767025089606,0.9824825102866812,0.6824825102866812,249,0.97265625,1,0.04581425502915185,0.04799748953974896,124.9287778718036,0.0,4,2
77,0.4,0.4014163676391766,0.0014163676391765745,94,0.3671875,1,0.02414328222464531,0.022798618784530385,0.9824825102866812,0.5824825102866812,249,0.97265625,1,0.04581425502915185,0.04799748953974896,89.75984542145206,0.0,4,2
77,0.5,0.5046410209975548,0.004641020997554812,124,0.484375,1,0.02833766405777561,0.02639587155963303,0.9824825102866812,0.4824825102866812,249,0.97265625,1,0.04581425502915185,0.04799748953974896,61.67265917100466,0.0,4,2
77,0.6,0.6078166096323298,0.007816609632329774,150,0.5859375,1,0.03197279497982187,0.031179032258064517,0.9824825102866812,0.38248251028668123,249,0.97265625,1,0.04581425502915185,0.04799748953974896,43.29136710777202,0.0,4,2
77,0.7,0.704904388853856,0.004904388853856023,173,0.67578125,1,0.0351884877185551,0.03480166919575114,0.9824825102866812,0.28248251028668125,249,0.97265625,1,0.04581425502915185,0.04799748953974896,30.196714890346698,0.0,4,2
77,0.8,0.8015246462158062,0.001524646215806169,199,0.77734375,1,0.03882361864060136,0.03939914383561644,0.9824825102866812,0.18248251028668117,249,0.97265625,1,0.04581425502915185,0.04799748953974896,18.006143253322993,0.0,4,2
77,0.85,0.8521767185322368,0.0021767185322367766,215,0.83984375,1,0.041060622284937516,0.0420308256880734,0.9824825102866812,0.13248251028668123,249,0.97265625,1,0.04581425502915185,0.04799748953974896,11.577108381911039,0.0,4,2
77,0.9,0.9008235725758501,0.0008235725758500845,226,0.8828125,1,0.042598562290418626,0.0439360153256705,0.9824825102866812,0.08248251028668119,249,0.97265625,1,0.04581425502915185,0.04799748953974896,7.548829269894175,0.0,4,2
77,0.95,0.95005202516875,5.202516875002505e-05,242,0.9453125,1,0.04483556593475478,0.046679633401222,0.9824825102866812,0.032482510286681254,249,0.97265625,1,0.04581425502915185,0.04799748953974896,2.182840952250431,0.0,4,2
77,0.97,0.9709807574209977,0.00098075742099768,246,0.9609375,1,0.04539481684583883,0.04721863354037267,0.9824825102866812,0.012482510286681237,249,0.97265625,1,0.04581425502915185,0.04799748953974896,0.9239781377187617,0.0,4,2
77,0.99,0.9910189665895054,0.001018966589505399,253,0.98828125,1,0.04637350594023589,0.04783099787685775,0.9988009162903401,0.008800916290340077,255,0.99609375,1,0.04665313139577791,0.048423504273504274,0.6029853682022468,0.0,4,2
78,0.1,0.10681131799194414,0.006811317991944135,19,0.07421875,1,0.013657327641819563,0.015312371499468274,0.9856237479524823,0.8856237479524823,250,0.9765625,1,0.045954067756922866,0.04733333333333334,236.47920707568537,0.0,5,2
78,0.2,0.2015038985692946,0.0015038985692945872,43,0.16796875,1,0.017012833108323803,0.018372790573111943,0.9856237479524823,0.7856237479524824,250,0.9765625,1,0.045954067756922866,0.04733333333333334,170.11413951059745,0.0,5,2
78,0.3,0.3031358234207282,0.003135823420728212,66,0.2578125,1,0.020228525847057033,0.02009113475177305,0.9856237479524823,0.6856237479524823,250,0.9765625,1,0.045954067756922866,0.04733333333333334,127.17457566789791,0.0,5,2
78,0.4,0.40383764093941876,0.0038376409394187405,89,0.34765625,1,0.02344421858579026,0.02250882612533098,0.9856237479524823,0.5856237479524823,250,0.9765625,1,0.045954067756922866,0.04733333333333334,96.0144996463052,0.0,5,2
78,0.5,0.5035238158709782,0.003523815870978164,114,0.4453125,1,0.026939536780065512,0.025315755627009644,0.9856237479524823,0.4856237479524823,250,0.9765625,1,0.045954067756922866,0.04733333333333334,70.58224917559667,0.0,5,2
78,0.6,0.6012218066543885,0.0012218066543885353,142,0.5546875,1,0.03085429315765379,0.030083717948717947,0.9856237479524823,0.38562374795248233,250,0.9765625,1,0.045954067756922866,0.04733333333333334,48.938974301290685,0.0,5,2
78,0.7,0.7025696180750587,0.0025696180750587327,167,0.65234375,1,0.03434961135192904,0.03351941176470589,0.9856237479524823,0.28562374795248235,250,0.9765625,1,0.045954067756922866,0.04733333333333334,33.78337031560661,0.0,5,2
78,0.8,0.800033876885711,3.387688571099279e-05,195,0.76171875,1,0.038264367729517315,0.038550673400673405,0.9856237479524823,0.18562374795248227,250,0.9765625,1,0.045954067756922866,0.04733333333333334,20.0962422318393,0.0,5,2
78,0.85,0.8512555564989532,0.0012555564989532586,211,0.82421875,1,0.04050137137385348,0.040935559566787,0.9856237479524823,0.13562374795248233,250,0.9765625,1,0.045954067756922866,0.04733333333333334,13.462991987944118,0.0,5,2
78,0.9,0.9035246997907768,0.003524699790776742,226,0.8828125,1,0.042598562290418626,0.0439360153256705,0.9856237479524823,0.08562374795248229,250,0.9765625,1,0.045954067756922866,0.04733333333333334,7.877039238150463,0.0,5,2
78,0.95,0.9520477163531954,0.00204771635319545,241,0.94140625,1,0.044695753206983775,0.04639878048780488,0.9856237479524823,0.035623747952482354,250,0.9765625,1,0.045954067756922866,0.04733333333333334,2.815288835411045,0.0,5,2
78,0.97,0.9751960149697505,0.005196014969750529,247,0.96484375,1,0.04553462957360983,0.04780103734439834,0.9856237479524823,0.015623747952482336,250,0.9765625,1,0.045954067756922866,0.04733333333333334,0.92114109028818,0.0,5,2
78,0.99,0.9906617544042521,0.0006617544042520906,252,0.984375,1,0.046233693212464885,0.047364904862579285,0.9978283111092544,0.007828311109254416,255,0.99609375,1,0.04665313139577791,0.048423504273504274,0.90721323383256,0.0,5,2
79,0.1,0.10001015272185511,1.0152721855102853e-05,18,0.0703125,1,0.013517514914048553,0.014918147120055517,0.9786148646467432,0.8786148646467432,246,0.9609375,1,0.04539481684583883,0.04721863354037267,235.82220648161197,0.0,5,2
79,0.2,0.20360392181870696,0.0036039218187069455,40,0.15625,1,0.016593394925010774,0.017043641025641026,0.9786148646467432,0.7786148646467432,246,0.9609375,1,0.04539481684583883,0.04721863354037267,173.57160515366542,0.0,5,2
79,0.3,0.3041508756588348,0.004150875658834818,64,0.25,1,0.019948900391515013,0.019484455239417074,0.9786148646467432,0.6786148646467431,246,0.9609375,1,0.04539481684583883,0.04721863354037267,127.55548403633755,0.0,5,2
79,0.4,0.40492467996852094,0.0049246799685209175,91,0.35546875,1,0.02372384404133228,0.022570736086175942,0.9786148646467432,0.5786148646467432,246,0.9609375,1,0.04539481684583883,0.04721863354037267,91.34680183679691,0.0,5,2
79,0.5,0.5019817684375051,0.0019817684375050826,115,0.44921875,1,0.02707934950783652,0.025499892125134843,0.9786148646467432,0.4786148646467432,246,0.9609375,1,0.04539481684583883,0.04721863354037267,67.63628990682358,0.0,5,2
79,0.6,0.6026224713875519,0.0026224713875518946,143,0.55859375,1,0.030994105885424797,0.030185419354838712,0.9786148646467432,0.3786148646467432,246,0.9609375,1,0.04539481684583883,0.04721863354037267,46.46274041151182,0.0,5,2
79,0.7,0.7033956585818177,0.0033956585818177842,169,0.66015625,1,0.034629236807471056,0.033990044576523035,0.9786148646467432,0.27861486464674323,246,0.9609375,1,0.04539481684583883,0.04721863354037267,31.088123882779772,0.0,5,2
79,0.8,0.8048602461693986,0.004860246169398508,197,0.76953125,1,0.038543993185059335,0.03893089983022071,0.9786148646467432,0.17861486464674314,246,0.9609375,1,0.04539481684583883,0.04721863354037267,17.774037131770392,0.0,5,2
79,0.85,0.8501444605295995,0.0001444605295994883,213,0.83203125,1,0.0407809968293955,0.04163018181818182,0.9786148646467432,0.1286148646467432,246,0.9609375,1,0.04539481684583883,0.04721863354037267,11.313651884834819,0.0,5,2
79,0.9,0.9011763232280545,0.0011763232280544988,226,0.8828125,1,0.042598562290418626,0.0439360153256705,0.9786148646467432,0.07861486464674317,246,0.9609375,1,0.04539481684583883,0.04721863354037267,6.564199365125378,0.0,5,2
79,0.95,0.9517289428695072,0.0017289428695071996,239,0.93359375,1,0.044416127751441756,0.04510987903225806,0.9786148646467432,0.028614864646743232,246,0.9609375,1,0.04539481684583883,0.04721863354037267,2.2034543395451633,0.0,5,2
79,0.97,0.9710934212735747,0.0010934212735747018,244,0.953125,1,0.04511519139029681,0.046086858316221765,0.9786148646467432,0.008614864646743214,246,0.9609375,1,0.04539481684583883,0.04721863354037267,0.6198033232818423,0.0,5,2
79,0.99,0.9924897196037877,0.0024897196037877434,251,0.98046875,1,0.04609388048469387,0.04799157894736842,0.9954640614736386,0.005464061473638648,252,0.984375,1,0.046233693212464885,0.047364904862579285,0.30332166938611405,0.0,5,2
80,0.1,0.10206753735743367,0.0020675373574336603,19,0.07421875,1,0.013657327641819563,0.015312371499468274,0.9742959157578414,0.8742959157578414,246,0.9609375,1,0.04539481684583883,0.04721863354037267,232.3843290310848,0.0,4,2
80,0.2,0.20344711597237589,0.003447115972375875,43,0.16796875,1,0.017012833108323803,0.018372790573111943,0.9742959157578414,0.7742959157578413,246,0.9609375,1,0.04539481684583883,0.04721863354037267,166.82690976160038,0.0,4,2
80,0.3,0.3021018209331383,0.002101820933138321,64,0.25,1,0.019948900391515013,0.019484455239417074,0.9742959157578414,0.6742959157578414,246,0.9609375,1,0.04539481684583883,0.04721863354037267,127.55548403633755,0.0,4,2
80,0.4,0.4018989610628853,0.0018989610628852849,88,0.34375,1,0.023304405858019253,0.021696150481189853,0.9742959157578414,0.5742959157578413,246,0.9609375,1,0.04539481684583883,0.04721863354037267,94.79070662605228,0.0,4,2
80,0.5,0.5007363161842979,0.0007363161842979249,114,0.4453125,1,0.026939536780065512,0.025315755627009644,0.9742959157578414,0.47429591575784136,246,0.9609375,1,0.04539481684583883,0.04721863354037267,68.50630067043207,0.0,4,2
80,0.6,0.6000706837685451,7.068376854513225e-05,140,0.546875,1,0.03057466770211177,0.029551584283903677,0.9742959157578414,0.3742959157578414,246,0.9609375,1,0.04539481684583883,0.04721863354037267,48.47198762099198,0.0,4,2
80,0.7,0.7028728078427806,0.002872807842780656,168,0.65625,1,0.03448942407970005,0.033354733727810656,0.9742959157578414,0.2742959157578414,246,0.9609375,1,0.04539481684583883,0.04721863354037267,31.619527020625227,0.0,4,2
80,0.8,0.8017717216911466,0.0017717216911465883,197,0.76953125,1,0.038543993185059335,0.03893089983022071,0.9742959157578414,0.1742959157578413,246,0.9609375,1,0.04539481684583883,0.04721863354037267,17.774037131770392,0.0,4,2
80,0.85,0.8535717738794912,0.003571773879491258,211,0.82421875,1,0.04050137137385348,0.040935559566787,0.9742959157578414,0.12429591575784138,246,0.9609375,1,0.04539481684583883,0.04721863354037267,12.08217229687294,0.0,4,2
80,0.9,0.9007121643460363,0.0007121643460362703,227,0.88671875,1,0.04273837501818963,0.04437192307692307,0.9742959157578414,0.07429591575784134,246,0.9609375,1,0.04539481684583883,0.04721863354037267,6.215589213484596,0.0,4,2
80,0.95,0.9503614950478874,0.0003614950478874057,240,0.9375,1,0.04455594047921276,0.04549817813765182,0.9742959157578414,0.024295915757841402,246,0.9609375,1,0.04539481684583883,0.04721863354037267,1.8827486472144717,0.0,4,2
80,0.97,0.9709708580777818,0.0009708580777818554,245,0.95703125,1,0.045255004118067814,0.04686082474226804,0.9742959157578414,0.004295915757841384,246,0.9609375,1,0.04539481684583883,0.04721863354037267,0.3089442383128471,0.0,4,2
80,0.99,0.9928323051893932,0.0028323051893932583,253,0.98828125,1,0.04637350594023589,0.04783099787685775,0.999745068588286,0.009745068588286054,255,0.99609375,1,0.04665313139577791,0.048423504273504274,0.6029853682022468,0.0,4,2
81,0.1,0.10605247626084471,0.006052476260844708,19,0.07421875,1,0.013657327641819563,0.015312371499468274,0.9443999910104223,0.8443999910104223,234,0.9140625,1,0.043717064112586704,0.044589723320158106,220.09969489728292,0.0,5,2
81,0.2,0.20139805540516378,0.0013980554051637728,44,0.171875,1,0.017152645836094813,0.017583269961977187,0.9443999910104223,0.7443999910104222,234,0.9140625,1,0.043717064112586704,0.044589723320158106,154.870674357373,0.0,5,2
81,0.3,0.3015139398430159,0.001513939843015899,68,0.265625,1,0.020508151302599052,0.019579362780593773,0.9443999910104223,0.6443999910104223,234,0.9140625,1,0.043717064112586704,0.044589723320158106,113.16920997674873,0.0,5,2
81,0.4,0.40222399347554694,0.002223993475546915,93,0.36328125,1,0.0240034694968743,0.022591232876712327,0.9443999910104223,0.5443999910104222,234,0.9140625,1,0.043717064112586704,0.044589723320158106,82.12810493199527,0.0,5,2
81,0.5,0.5053669506287211,0.005366950628721057,116,0.453125,1,0.02721916223560753,0.02512554347826087,0.9443999910104223,0.44439999101042227,234,0.9140625,1,0.043717064112586704,0.044589723320158106,60.611350688071376,0.0,5,2
81,0.6,0.6010633879893502,0.0010633879893502396,146,0.5703125,1,0.03141354406873783,0.029954461942257222,0.9443999910104223,0.3443999910104223,234,0.9140625,1,0.043717064112586704,0.044589723320158106,39.16629087417458,0.0,5,2
81,0.7,0.7003329649442811,0.0003329649442811444,171,0.66796875,1,0.034908862263013075,0.03412912912912913,0.9443999910104223,0.2443999910104223,234,0.9140625,1,0.043717064112586704,0.044589723320158106,25.231993478361424,0.0,5,2
81,0.8,0.802920846127866,0.002920846127865917,196,0.765625,1,0.03840418045728833,0.038024493243243244,0.9443999910104223,0.14439999101042222,234,0.9140625,1,0.043717064112586704,0.044589723320158106,13.834128451737593,0.0,5,2
81,0.85,0.8513194587575631,0.001319458757563119,208,0.8125,1,0.040081933190540445,0.04029536541889483,0.9443999910104223,0.09439999101042229,234,0.9140625,1,0.043717064112586704,0.044589723320158106,9.069250489405455,0.0,5,2
81,0.9,0.9001769006508599,0.00017690065085984585,222,0.8671875,1,0.04203931137933459,0.04317018867924528,0.9443999910104223,0.044399991010422246,234,0.9140625,1,0.043717064112586704,0.044589723320158106,3.990913928425699,0.0,5,2
81,0.95,0.9500779802468763,7.79802468763302e-05,238,0.9296875,1,0.04427631502367074,0.0453425702811245,0.9975697799147666,0.04756977991476663,253,0.98828125,1,0.04637350594023589,0.04783099787685775,4.736597694374423,0.0,5,2
81,0.97,0.9749000427024315,0.004900042702431495,247,0.96484375,1,0.04553462957360983,0.04780103734439834,0.9975697799147666,0.027569779914766612,253,0.98828125,1,0.04637350594023589,0.04783099787685775,1.8422821805763379,0.0,5,2
81,0.99,0.9913491371319311,0.0013491371319310774,251,0.98046875,1,0.04609388048469387,0.04799157894736842,0.9975697799147666,0.0075697799147665945,253,0.98828125,1,0.04637350594023589,0.04783099787685775,0.6066433387722059,0.0,5,2
82,0.1,0.10058159982826985,0.0005815998282698437,19,0.07421875,1,0.013657327641819563,0.015312371499468274,0.989572837910808,0.889572837910808,252,0.984375,1,0.046233693212464885,0.047364904862579285,238.52664609798566,0.0,4,2
82,0.2,0.2014966066863681,0.001496606686368085,45,0.17578125,1,0.017292458563865822,0.018111618942731278,0.989572837910808,0.789572837910808,252,0.984375,1,0.046233693212464885,0.047364904862579285,167.36333090931575,0.0,4,2
82,0.3,0.3006816119227027,0.0006816119227027184,68,0.265625,1,0.020508151302599052,0.019579362780593773,0.989572837910808,0.6895728379108079,252,0.984375,1,0.046233693212464885,0.047364904862579285,125.44057009470944,0.0,4,2
82,0.4,0.4066839288973732,0.006683928897373181,99,0.38671875,1,0.02484234586350036,0.023348467432950194,0.989572837910808,0.589572837910808,252,0.984375,1,0.046233693212464885,0.047364904862579285,86.10840323414779,0.0,4,2
82,0.5,0.5039408604233155,0.00394086042331554,121,0.47265625,1,0.027918225874462577,0.026121709786276714,0.989572837910808,0.48957283791080797,252,0.984375,1,0.046233693212464885,0.047364904862579285,65.60398006793073,0.0,4,2
82,0.6,0.6017342542212039,0.0017342542212038792,153,0.59765625,1,0.0323922331631349,0.032209426229508197,0.989572837910808,0.389572837910808,252,0.984375,1,0.046233693212464885,0.047364904862579285,42.730799014754986,0.0,4,2
82,0.7,0.7014161699177195,0.0014161699177195342,180,0.703125,1,0.036167176812952166,0.03563437990580848,0.989572837910808,0.289572837910808,252,0.984375,1,0.046233693212464885,0.047364904862579285,27.833293296776507,0.0,4,2
82,0.8,0.8008625094783153,0.0008625094783152321,205,0.80078125,1,0.03966249500722742,0.039896836555360284,0.989572837910808,0.18957283791080792,252,0.984375,1,0.046233693212464885,0.047364904862579285,16.567788294811116,0.0,4,2
82,0.85,0.8503729787967681,0.00037297879676811974,216,0.84375,1,0.04120043501270853,0.04185874769797422,0.989572837910808,0.139572837910808,252,0.984375,1,0.046233693212464885,0.047364904862579285,12.216517127073567,0.0,4,2
82,0.9,0.9029891462941024,0.002989146294102407,229,0.89453125,1,0.04301800047373165,0.04447320388349515,0.989572837910808,0.08957283791080795,252,0.984375,1,0.046233693212464885,0.047364904862579285,7.47522595964647,0.0,4,2
82,0.95,0.955685577007564,0.005685577007564002,241,0.94140625,1,0.044695753206983775,0.04639878048780488,0.989572837910808,0.03957283791080801,252,0.984375,1,0.046233693212464885,0.047364904862579285,3.4409085766134995,0.0,4,2
82,0.97,0.9705770990770144,0.0005770990770144202,247,0.96484375,1,0.04553462957360983,0.04780103734439834,0.989572837910808,0.019572837910807994,252,0.984375,1,0.046233693212464885,0.047364904862579285,1.5352351504802852,0.0,4,2
82,0.99,0.9900642539769137,6.425397691367518e-05,253,0.98828125,1,0.04637350594023589,0.04783099787685775,0.9975109131530391,0.007510913153039089,255,0.99609375,1,0.04665313139577791,0.048423504273504274,0.6029853682022468,0.0,4,2
83,0.1,0.10390688945997399,0.003906889459973986,19,0.07421875,1,0.013657327641819563,0.015312371499468274,0.9993939930910531,0.8993939930910532,255,0.99609375,1,0.04665313139577791,0.048423504273504274,241.59780463143613,0.0,3,2
83,0.2,0.20448938511175185,0.004489385111751842,44,0.171875,1,0.017152645836094813,0.017583269961977187,0.9993939930910531,0.7993939930910532,255,0.99609375,1,0.04665313139577791,0.048423504273504274,171.98795941792474,0.0,3,2
83,0.3,0.30173455615243777,0.0017345561524377828,70,0.2734375,1,0.02078777675814107,0.020093865484109387,0.9993939930910531,0.6993939930910531,255,0.99609375,1,0.04665313139577791,0.048423504273504274,124.42578606924499,0.0,3,2
83,0.4,0.4028343934189197,0.0028343934189196673,98,0.3828125,1,0.02470253313572935,0.023184980988593156,0.9993939930910531,0.5993939930910531,255,0.99609375,1,0.04665313139577791,0.048423504273504274,88.85970576150982,0.0,3,2
83,0.5,0.5064444079465267,0.006444407946526676,125,0.48828125,1,0.028477476785546622,0.027028752886836028,0.9993939930910531,0.49939399309105315,255,0.99609375,1,0.04665313139577791,0.048423504273504274,63.82466658512425,0.0,3,2
83,0.6,0.6021957180491666,0.0021957180491666284,150,0.5859375,1,0.03197279497982187,0.031179032258064517,0.9993939930910531,0.39939399309105317,255,0.99609375,1,0.04665313139577791,0.048423504273504274,45.91508632642485,0.0,3,2
83,0.7,0.7020233211130753,0.0020233211130753492,176,0.6875,1,0.03560792590186813,0.03554692307692307,0.9993939930910531,0.2993939930910532,255,0.99609375,1,0.04665313139577791,0.048423504273504274,31.018952141018442,0.0,3,2
83,0.8,0.8040315099863641,0.004031509986364035,201,0.78515625,1,0.03910324409614338,0.039963385146804836,0.9993939930910531,0.1993939930910531,255,0.99609375,1,0.04665313139577791,0.048423504273504274,19.307572745298508,0.0,3,2
83,0.85,0.8503297022978461,0.0003297022978461239,214,0.8359375,1,0.04092080955716651,0.041812979890310784,0.9993939930910531,0.14939399309105317,255,0.99609375,1,0.04665313139577791,0.048423504273504274,14.008329504340145,0.0,3,2
83,0.9,0.9000441925803734,4.4192580373358936e-05,228,0.890625,1,0.042878187745960646,0.04490405405405405,0.9993939930910531,0.09939399309105312,255,0.99609375,1,0.04665313139577791,0.048423504273504274,8.803878727763825,0.0,3,2
83,0.95,0.9506904149364869,0.0006904149364869161,242,0.9453125,1,0.04483556593475478,0.046679633401222,0.9993939930910531,0.04939399309105319,255,0.99609375,1,0.04665313139577791,0.048423504273504274,4.053847482750794,0.0,3,2
83,0.97,0.9723443111338509,0.002344311133850918,248,0.96875,1,0.045674442301380846,0.04718708333333334,0.9993939930910531,0.029393993091053172,255,0.99609375,1,0.04665313139577791,0.048423504273504274,2.142749960556123,0.0,3,2
83,0.99,0.9940900086757014,0.004090008675701418,254,0.9921875,1,0.046513318668006905,0.04839595744680851,0.9993939930910531,0.009393993091053154,255,0.99609375,1,0.04665313139577791,0.048423504273504274,0.30058643798120954,0.0,3,2
84,0.1,0.1016877747474328,0.0016877747474327992,20,0.078125,1,0.013797140369590573,0.014549891383055758,0.9805653073907691,0.8805653073907691,248,0.96875,1,0.045674442301380846,0.04718708333333334,231.04281813388715,0.0,4,2
84,0.2,0.2037097544693776,0.003709754469377602,46,0.1796875,1,0.017432271291636832,0.018484486607142858,0.9805653073907691,0.780565307390769,248,0.96875,1,0.045674442301380846,0.04718708333333334,162.01085066461337,0.0,4,2
84,0.3,0.3021290399883988,0.0021290399883988065,70,0.2734375,1,0.02078777675814107,0.020093865484109387,0.9805653073907691,0.6805653073907691,248,0.96875,1,0.045674442301380846,0.04718708333333334,119.71778335311143,0.0,4,2
84,0.4,0.4044120017212217,0.004412001721221692,96,0.375,1,0.02442290768018733,0.022693451824134705,0.9805653073907691,0.5805653073907691,248,0.96875,1,0.045674442301380846,0.04718708333333334,87.014760484205,0.0,4,2
84,0.5,0.5021118198267378,0.002111819826737804,122,0.4765625,1,0.02805803860223359,0.026395814479638006,0.9805653073907691,0.4805653073907691,248,0.96875,1,0.045674442301380846,0.04718708333333334,62.7855850827181,0.0,4,2
84,0.6,0.6005971862583304,0.0005971862583303844,148,0.578125,1,0.03169316952427985,0.029753917662682604,0.9805653073907691,0.3805653073907691,248,0.96875,1,0.045674442301380846,0.04718708333333334,44.114466892905966,0.0,4,2
84,0.7,0.702191778849335,0.00219177884933508,174,0.6796875,1,0.03532830044632611,0.03477317073170731,0.9805653073907691,0.2805653073907691,248,0.96875,1,0.045674442301380846,0.04718708333333334,29.285705013671738,0.0,4,2
84,0.8,0.8028987605303132,0.002898760530313127,201,0.78515625,1,0.03910324409614338,0.039963385146804836,0.9805653073907691,0.18056530739076904,248,0.96875,1,0.045674442301380846,0.04718708333333334,16.804739241278345,0.0,4,2
84,0.85,0.8507600552183072,0.0007600552183072429,218,0.8515625,1,0.04148006046825055,0.04183506493506493,0.9805653073907691,0.1305653073907691,248,0.96875,1,0.045674442301380846,0.04718708333333334,10.111802600530773,0.0,4,2
84,0.9,0.9034190413857914,0.0034190413857914104,229,0.89453125,1,0.04301800047373165,0.04447320388349515,0.9805653073907691,0.08056530739076906,248,0.96875,1,0.045674442301380846,0.04718708333333334,6.175186662316667,0.0,4,2
84,0.95,0.9532090956625073,0.0032090956625073774,243,0.94921875,1,0.044975378662525795,0.046523312883435586,0.9805653073907691,0.030565307390769125,248,0.96875,1,0.045674442301380846,0.04718708333333334,1.554325187788863,0.0,4,2
84,0.97,0.9727162625215382,0.0027162625215382263,247,0.96484375,1,0.04553462957360983,0.04780103734439834,0.9805653073907691,0.010565307390769108,248,0.96875,1,0.045674442301380846,0.04718708333333334,0.3070470300960748,0.0,4,2
84,0.99,0.9920293819334268,0.0020293819334268326,253,0.98828125,1,0.04637350594023589,0.04783099787685775,0.9959689437956947,0.005968943795694681,254,0.9921875,1,0.046513318668006905,0.04839595744680851,0.3014926841011345,0.0,4,2
85,0.1,0.10327806030654536,0.003278060306545358,20,0.078125,1,0.013797140369590573,0.014549891383055758,0.9996291635949157,0.8996291635949157,255,0.99609375,1,0.04665313139577791,0.048423504273504274,238.13623798887485,0.0,3,2
85,0.2,0.20211271365053396,0.0021127136505339483,43,0.16796875,1,0.017012833108323803,0.018372790573111943,0.9996291635949157,0.7996291635949158,255,0.99609375,1,0.04665313139577791,0.048423504273504274,174.2231766968437,0.0,3,2
85,0.3,0.3004586497567453,0.0004586497567453107,69,0.26953125,1,0.020647964030370062,0.02049846378931968,0.9996291635949157,0.6996291635949157,255,0.99609375,1,0.04665313139577791,0.048423504273504274,125.945431361456,0.0,3,2
85,0.4,0.4053169371315857,0.005316937131585653,94,0.3671875,1,0.02414328222464531,0.022798618784530385,0.9996291635949157,0.5996291635949157,255,0.99609375,1,0.04665313139577791,0.048423504273504274,93.23442008292761,0.0,3,2
85,0.5,0.500212333074048,0.00021233307404799895,122,0.4765625,1,0.02805803860223359,0.026395814479638006,0.9996291635949157,0.4996291635949157,255,0.99609375,1,0.04665313139577791,0.048423504273504274,66.27367314286907,0.0,3,2
85,0.6,0.6060872567310847,0.006087256731084678,151,0.58984375,1,0.03211260770759288,0.031588648648648646,0.9996291635949157,0.39962916359491574,255,0.99609375,1,0.04665313139577791,0.048423504273504274,45.2797973325193,0.0,3,2
85,0.7,0.7008239707349605,0.0008239707349605441,178,0.6953125,1,0.03588755135741015,0.0360710730948678,0.9996291635949157,0.29962916359491576,255,0.99609375,1,0.04665313139577791,0.048423504273504274,29.998090232324692,0.0,3,2
85,0.8,0.8015660531204494,0.0015660531204493289,202,0.7890625,1,0.039243056823914386,0.039569791666666666,0.9996291635949157,0.19962916359491567,255,0.99609375,1,0.04665313139577791,0.048423504273504274,18.882511128307122,0.0,3,2
85,0.85,0.8571072284222201,0.007107228422220113,217,0.84765625,1,0.041340247740479535,0.041725878003696856,0.9996291635949157,0.14962916359491574,255,0.99609375,1,0.04665313139577791,0.048423504273504274,12.851600911177187,0.0,3,2
85,0.9,0.9003074417745935,0.00030744177459351985,231,0.90234375,1,0.04329762592927368,0.044601562500000004,0.9996291635949157,0.09962916359491569,255,0.99609375,1,0.04665313139577791,0.048423504273504274,7.749860170129019,0.0,3,2
85,0.95,0.95060527791316,0.0006052779131600072,242,0.9453125,1,0.04483556593475478,0.046679633401222,0.9996291635949157,0.04962916359491576,255,0.99609375,1,0.04665313139577791,0.048423504273504274,4.053847482750794,0.0,3,2
85,0.97,0.9714326796820607,0.0014326796820607335,248,0.96875,1,0.045674442301380846,0.04718708333333334,0.9996291635949157,0.02962916359491574,255,0.99609375,1,0.04665313139577791,0.048423504273504274,2.142749960556123,0.0,3,2
85,0.99,0.9927482978939102,0.0027482978939101788,253,0.98828125,1,0.04637350594023589,0.04783099787685775,0.9996291635949157,0.009629163594915724,255,0.99609375,1,0.04665313139577791,0.048423504273504274,0.6029853682022468,0.0,3,2
86,0.1,0.10018292818397893,0.00018292818397892818,18,0.0703125,1,0.013517514914048553,0.014918147120055517,0.9809704344260618,0.8809704344260618,245,0.95703125,1,0.045255004118067814,0.04686082474226804,234.78789855844698,0.0,4,3
86,0.2,0.2021271322245401,0.0021271322245400848,40,0.15625,1,0.016593394925010774,0.017043641025641026,0.9809704344260618,0.7809704344260617,245,0.95703125,1,0.045255004118067814,0.04686082474226804,172.7290245461233,0.0,4,3
86,0.3,0.3002850194955825,0.00028501949558251694,66,0.2578125,1,0.020228525847057033,0.02009113475177305,0.9809704344260618,0.6809704344260619,245,0.95703125,1,0.045255004118067814,0.04686082474226804,123.71874480735721,0.0,4,3
86,0.4,0.402969485166802,0.002969485166801955,93,0.36328125,1,0.0240034694968743,0.022591232876712327,0.9809704344260618,0.5809704344260618,245,0.95703125,1,0.045255004118067814,0.04686082474226804,88.53526205434952,0.0,4,3
86,0.5,0.5028359229966003,0.002835922996600293,119,0.46484375,1,0.027638600418920557,0.026446674057649666,0.9809704344260618,0.4809704344260618,245,0.95703125,1,0.045255004118067814,0.04686082474226804,63.73840727147528,0.0,4,3
86,0.6,0.6019934562944325,0.001993456294432483,143,0.55859375,1,0.030994105885424797,0.030185419354838712,0.9809704344260618,0.3809704344260618,245,0.95703125,1,0.045255004118067814,0.04686082474226804,46.011645844409756,0.0,4,3
86,0.7,0.7034097801687096,0.0034097801687096307,170,0.6640625,1,0.03476904953524207,0.0338881913303438,0.9809704344260618,0.28097043442606184,245,0.95703125,1,0.045255004118067814,0.04686082474226804,30.158876135504165,0.0,4,3
86,0.8,0.8001968276935891,0.00019682769358908558,198,0.7734375,1,0.03868380591283035,0.03888293515358362,0.9809704344260618,0.18097043442606175,245,0.95703125,1,0.045255004118067814,0.04686082474226804,16.98694854390732,0.0,4,3
86,0.85,0.8516704644183256,0.0016704644183256345,210,0.8203125,1,0.040361558646082464,0.04064524236983842,0.9809704344260618,0.13097043442606182,245,0.95703125,1,0.045255004118067814,0.04686082474226804,12.124025028107566,0.0,4,3
86,0.9,0.9002904200166328,0.0002904200166328197,224,0.875,1,0.04231893683487661,0.043105703422053235,0.9809704344260618,0.08097043442606178,245,0.95703125,1,0.045255004118067814,0.04686082474226804,6.937951429752087,0.0,4,3
86,0.95,0.952711581869326,0.002711581869326074,239,0.93359375,1,0.044416127751441756,0.04510987903225806,0.9809704344260618,0.030970434426061844,245,0.95703125,1,0.045255004118067814,0.04686082474226804,1.8886751481815622,0.0,4,3
86,0.97,0.9727463610211247,0.002746361021124688,243,0.94921875,1,0.044975378662525795,0.046523312883435586,0.9809704344260618,0.010970434426061826,245,0.95703125,1,0.045255004118067814,0.04686082474226804,0.6217300751155452,0.0,4,3
86,0.99,0.9902542363765995,0.0002542363765994926,250,0.9765625,1,0.045954067756922866,0.04733333333333334,0.9998155208172689,0.009815520817268886,255,0.99609375,1,0.04665313139577791,0.048423504273504274,1.5212225445477179,0.0,4,3
87,0.1,0.1051824126058247,0.005182412605824693,21,0.08203125,1,0.013936953097361583,0.015592276422764229,0.9625985085883215,0.8625985085883215,242,0.9453125,1,0.04483556593475478,0.046679633401222,221.70278267810662,0.0,4,2
87,0.2,0.20345050190247138,0.00345050190247137,44,0.171875,1,0.017152645836094813,0.017583269961977187,0.9625985085883215,0.7625985085883216,242,0.9453125,1,0.04483556593475478,0.046679633401222,161.39154485663076,0.0,4,2
87,0.3,0.30100856663082726,0.0010085666308272678,67,0.26171875,1,0.02036833857482804,0.020534767025089606,0.9625985085883215,0.6625985085883215,242,0.9453125,1,0.04483556593475478,0.046679633401222,120.12382487673423,0.0,4,2
87,0.4,0.4034137019083207,0.0034137019083206877,94,0.3671875,1,0.02414328222464531,0.022798618784530385,0.9625985085883215,0.5625985085883215,242,0.9453125,1,0.04483556593475478,0.046679633401222,85.70617498306387,0.0,4,2
87,0.5,0.5041937147918221,0.004193714791822067,117,0.45703125,1,0.027358974963378538,0.025853610503282276,0.9625985085883215,0.4625985085883215,242,0.9453125,1,0.04483556593475478,0.046679633401222,63.87882219553036,0.0,4,2
87,0.6,0.6057709527013571,0.005770952701357079,141,0.55078125,1,0.030714480429882778,0.029799617346938777,0.9625985085883215,0.36259850858832154,242,0.9453125,1,0.04483556593475478,0.046679633401222,45.975335760956895,0.0,4,2
87,0.7,0.7022082372834638,0.0022082372834638653,169,0.66015625,1,0.034629236807471056,0.033990044576523035,0.9625985085883215,0.26259850858832157,242,0.9453125,1,0.04483556593475478,0.046679633401222,29.473156408349645,0.0,4,2
87,0.8,0.8012143154081556,0.0012143154081555307,196,0.765625,1,0.03840418045728833,0.038024493243243244,0.9625985085883215,0.16259850858832148,242,0.9453125,1,0.04483556593475478,0.046679633401222,16.74657654684024,0.0,4,2
87,0.85,0.8505892199423665,0.0005892199423664923,211,0.82421875,1,0.04050137137385348,0.040935559566787,0.9625985085883215,0.11259850858832154,242,0.9453125,1,0.04483556593475478,0.046679633401222,10.701352605801716,0.0,4,2
87,0.9,0.9062970997165811,0.0062970997165811005,224,0.875,1,0.04231893683487661,0.043105703422053235,0.9625985085883215,0.0625985085883215,242,0.9453125,1,0.04483556593475478,0.046679633401222,5.946815511216075,0.0,4,2
87,0.95,0.9535999071234846,0.0035999071234846802,240,0.9375,1,0.04455594047921276,0.04549817813765182,0.9625985085883215,0.012598508588321566,242,0.9453125,1,0.04483556593475478,0.046679633401222,0.6275828824048091,0.0,4,2
87,0.97,0.9707626930539308,0.0007626930539308407,247,0.96484375,1,0.04553462957360983,0.04780103734439834,0.995575508733423,0.02557550873342307,254,0.9921875,1,0.046513318668006905,0.04839595744680851,2.1493292106724127,0.0,4,2
87,0.99,0.9904357427059252,0.0004357427059251684,253,0.98828125,1,0.04637350594023589,0.04783099787685775,0.995575508733423,0.005575508733423051,254,0.9921875,1,0.046513318668006905,0.04839595744680851,0.3014926841011345,0.0,4,2
88,0.1,0.10384071144521029,0.003840711445210282,19,0.07421875,1,0.013657327641819563,0.015312371499468274,1.0,0.9,256,1.0,1,0.046792944123548924,0.048613400368694486,242.62152414258628,0.0,2,2
88,0.2,0.20955097006476553,0.009550970064765518,46,0.1796875,1,0.017432271291636832,0.018484486607142858,1.0,0.8,256,1.0,1,0.046792944123548924,0.048613400368694486,168.4271219780634,0.0,2,2
88,0.3,0.3016341321166375,0.0016341321166374878,71,0.27734375,1,0.02092758948591208,0.020301941747572817,1.0,0.7,256,1.0,1,0.046792944123548924,0.048613400368694486,123.59452413307675,0.0,2,2
88,0.4,0.4001961068264381,0.00019610682643805832,96,0.375,1,0.02442290768018733,0.022693451824134705,1.0,0.6,256,1.0,1,0.046792944123548924,0.048613400368694486,91.59448472021579,0.0,2,2
88,0.5,0.5002791139820522,0.0002791139820521593,122,0.4765625,1,0.02805803860223359,0.026395814479638006,1.0,0.5,256,1.0,1,0.046792944123548924,0.048613400368694486,66.77197143717638,0.0,2,2
88,0.6,0.6004863913292794,0.000486391329279412,149,0.58203125,1,0.03183298225205086,0.030745393858477972,1.0,0.4,256,1.0,1,0.046792944123548924,0.048613400368694486,46.99516291953532,0.0,2,2
88,0.7,0.7003128323955611,0.0003128323955611245,177,0.69140625,1,0.03574773862963914,0.03657105263157895,1.0,0.30000000000000004,256,1.0,1,0.046792944123548924,0.048613400368694486,30.89763413664435,0.0,2,2
88,0.8,0.8007734160374449,0.0007734160374448518,204,0.796875,1,0.039522682279456406,0.039092994746059546,1.0,0.19999999999999996,256,1.0,1,0.046792944123548924,0.048613400368694486,18.395163042543672,0.0,2,2
88,0.85,0.8509614316323597,0.0009614316323597327,218,0.8515625,1,0.04148006046825055,0.04183506493506493,1.0,0.15000000000000002,256,1.0,1,0.046792944123548924,0.048613400368694486,12.808283294005651,0.0,2,2
88,0.9,0.9026418711447445,0.0026418711447444565,230,0.8984375,1,0.043157813201502665,0.04402826510721248,1.0,0.09999999999999998,256,1.0,1,0.046792944123548924,0.048613400368694486,8.422880244357911,0.0,2,2
88,0.95,0.9529313835110476,0.0029313835110476028,244,0.953125,1,0.04511519139029681,0.046086858316221765,1.0,0.050000000000000044,256,1.0,1,0.046792944123548924,0.048613400368694486,3.7188199396910093,0.0,2,2
88,0.97,0.9743822539721041,0.004382253972104122,250,0.9765625,1,0.045954067756922866,0.04733333333333334,1.0,0.030000000000000027,256,1.0,1,0.046792944123548924,0.048613400368694486,1.8254670534572748,0.0,2,2
88,0.99,0.9938407002703586,0.0038407002703586546,254,0.9921875,1,0.046513318668006905,0.04839595744680851,1.0,0.010000000000000009,256,1.0,1,0.046792944123548924,0.048613400368694486,0.6011728759624191,0.0,2,2
89,0.1,0.1064093887661522,0.006409388766152199,20,0.078125,1,0.013797140369590573,0.014549891383055758,1.0,0.9,256,1.0,1,0.046792944123548924,0.048613400368694486,239.14958368244456,0.0,2,2
89,0.2,0.20177983019367499,0.001779830193674975,42,0.1640625,1,0.016873020380552793,0.01772222808870116,1.0,0.8,256,1.0,1,0.046792944123548924,0.048613400368694486,177.32405383378014,0.0,2,2
89,0.3,0.30359516537997716,0.003595165379977172,69,0.26953125,1,0.020647964030370062,0.02049846378931968,1.0,0.7,256,1.0,1,0.046792944123548924,0.048613400368694486,126.62255733651762,0.0,2,2
89,0.4,0.4019745875529761,0.0019745875529760815,91,0.35546875,1,0.02372384404133228,0.022570736086175942,1.0,0.6,256,1.0,1,0.046792944123548924,0.048613400368694486,97.2401438907838,0.0,2,2
89,0.5,0.5032175386086052,0.003217538608605186,119,0.46484375,1,0.027638600418920557,0.026446674057649666,1.0,0.5,256,1.0,1,0.046792944123548924,0.048613400368694486,69.30287139835009,0.0,2,2
89,0.6,0.6050074593748983,0.0050074593748983265,148,0.578125,1,0.03169316952427985,0.029753917662682604,1.0,0.4,256,1.0,1,0.046792944123548924,0.048613400368694486,47.64362424433843,0.0,2,2
89,0.7,0.7015440723558647,0.001544072355864734,178,0.6953125,1,0.03588755135741015,0.0360710730948678,1.0,0.30000000000000004,256,1.0,1,0.046792944123548924,0.048613400368694486,30.387675819757497,0.0,2,2
89,0.8,0.8015907319345396,0.0015907319345395132,201,0.78515625,1,0.03910324409614338,0.039963385146804836,1.0,0.19999999999999996,256,1.0,1,0.046792944123548924,0.048613400368694486,19.665120388729985,0.0,2,2
89,0.85,0.8517505206706247,0.0017505206706247556,214,0.8359375,1,0.04092080955716651,0.041812979890310784,1.0,0.15000000000000002,256,1.0,1,0.046792944123548924,0.048613400368694486,14.349996077616755,0.0,2,2
89,0.9,0.9034626196485486,0.0034626196485485483,231,0.90234375,1,0.04329762592927368,0.044601562500000004,1.0,0.09999999999999998,256,1.0,1,0.046792944123548924,0.048613400368694486,8.072771010551062,0.0,2,2
89,0.95,0.9538920969371943,0.003892096937194389,242,0.9453125,1,0.04483556593475478,0.046679633401222,1.0,0.050000000000000044,256,1.0,1,0.046792944123548924,0.048613400368694486,4.365681904500862,0.0,2,2
89,0.97,0.972223931110869,0.0022239311108690485,248,0.96875,1,0.045674442301380846,0.04718708333333334,1.0,0.030000000000000027,256,1.0,1,0.046792944123548924,0.048613400368694486,2.448857097778423,0.0,2,2
89,0.99,0.9932448503149642,0.0032448503149642427,254,0.9921875,1,0.046513318668006905,0.04839595744680851,1.0,0.010000000000000009,256,1.0,1,0.046792944123548924,0.048613400368694486,0.6011728759624191,0.0,2,2
90,0.1,0.10138784728342116,0.0013878472834211592,19,0.07421875,1,0.013657327641819563,0.015312371499468274,0.9794249809361928,0.8794249809361928,247,0.96484375,1,0.04553462957360983,0.04780103734439834,233.40804854223492,0.0,5,2
90,0.2,0.20050500720164127,0.000505007201641261,45,0.17578125,1,0.017292458563865822,0.018111618942731278,0.9794249809361928,0.7794249809361928,247,0.96484375,1,0.04553462957360983,0.04780103734439834,163.3207383752743,0.0,5,2
90,0.3,0.3035994567063598,0.003599456706359805,70,0.2734375,1,0.02078777675814107,0.020093865484109387,0.9794249809361928,0.6794249809361927,247,0.96484375,1,0.04553462957360983,0.04780103734439834,119.0452115365209,0.0,5,2
90,0.4,0.40035525070574357,0.00035525070574354833,96,0.375,1,0.02442290768018733,0.022693451824134705,0.9794249809361928,0.5794249809361928,247,0.96484375,1,0.04553462957360983,0.04780103734439834,86.44229495470366,0.0,5,2
90,0.5,0.5023939753609005,0.002393975360900469,124,0.484375,1,0.02833766405777561,0.02639587155963303,0.9794249809361928,0.4794249809361928,247,0.96484375,1,0.04553462957360983,0.04780103734439834,60.6858966242686,0.0,5,2
90,0.6,0.6015111352791205,0.0015111352791205013,150,0.5859375,1,0.03197279497982187,0.031179032258064517,0.9794249809361928,0.3794249809361928,247,0.96484375,1,0.04553462957360983,0.04780103734439834,42.416794034887715,0.0,5,2
90,0.7,0.7008424021808467,0.0008424021808467463,175,0.68359375,1,0.03546811317409712,0.035867534456355286,0.9794249809361928,0.27942498093619283,247,0.96484375,1,0.04553462957360983,0.04780103734439834,28.381877406617818,0.0,5,2
90,0.8,0.8057565549519989,0.0057565549519988934,202,0.7890625,1,0.039243056823914386,0.039569791666666666,0.9794249809361928,0.17942498093619275,247,0.96484375,1,0.04553462957360983,0.04780103734439834,16.032320769317376,0.0,5,2
90,0.85,0.8525009760613151,0.0025009760613151633,213,0.83203125,1,0.0407809968293955,0.04163018181818182,0.9794249809361928,0.1294249809361928,247,0.96484375,1,0.04553462957360983,0.04780103734439834,11.656489820738901,0.0,5,2
90,0.9,0.9033152924852013,0.0033152924852012378,227,0.88671875,1,0.04273837501818963,0.04437192307692307,0.9794249809361928,0.07942498093619277,247,0.96484375,1,0.04553462957360983,0.04780103734439834,6.542725487878531,0.0,5,2
90,0.95,0.95116352450051,0.0011635245005100492,241,0.94140625,1,0.044695753206983775,0.04639878048780488,0.9794249809361928,0.029424980936192835,247,0.96484375,1,0.04553462957360983,0.04780103734439834,1.8768592236073633,0.0,5,2
90,0.97,0.9742690868715738,0.004269086871573791,246,0.9609375,1,0.04539481684583883,0.04721863354037267,0.9794249809361928,0.009424980936192817,247,0.96484375,1,0.04553462957360983,0.04780103734439834,0.30799271257291316,0.0,5,2
90,0.99,0.9928509039966883,0.002850903996688303,252,0.984375,1,0.046233693212464885,0.047364904862579285,0.9928509039966884,0.002850903996688414,252,0.984375,1,0.046233693212464885,0.047364904862579285,0.0,0.0,5,2
91,0.1,0.10310047047000222,0.0031004704700022118,17,0.06640625,1,0.013377702186277544,0.015339002036659877,1.0,0.9,256,1.0,1,0.046792944123548924,0.048613400368694486,249.78312023979547,0.0,2,2
91,0.2,0.2022971671088407,0.0022971671088406753,40,0.15625,1,0.016593394925010774,0.017043641025641026,1.0,0.8,256,1.0,1,0.046792944123548924,0.048613400368694486,181.99741122908603,0.0,2,2
91,0.3,0.30029461244034295,0.0002946124403429562,63,0.24609375,1,0.019809087663744,0.02000727522306108,1.0,0.7,256,1.0,1,0.046792944123548924,0.048613400368694486,136.21958223342457,0.0,2,2
91,0.4,0.4046882056842312,0.0046882056842311726,95,0.37109375,1,0.02428309495241632,0.023273191094619665,1.0,0.6,256,1.0,1,0.046792944123548924,0.048613400368694486,92.69761212580825,0.0,2,2
91,0.5,0.5000649089829081,6.490898290811842e-05,124,0.484375,1,0.02833766405777561,0.02639587155963303,1.0,0.5,256,1.0,1,0.046792944123548924,0.048613400368694486,65.12632808458095,0.0,2,2
91,0.6,0.6046821466619686,0.004682146661968645,149,0.58203125,1,0.03183298225205086,0.030745393858477972,1.0,0.4,256,1.0,1,0.046792944123548924,0.048613400368694486,46.99516291953532,0.0,2,2
91,0.7,0.7012534654695046,0.0012534654695046665,176,0.6875,1,0.03560792590186813,0.03554692307692307,1.0,0.30000000000000004,256,1.0,1,0.046792944123548924,0.048613400368694486,31.411597104828815,0.0,2,2
91,0.8,0.8006129892042938,0.0006129892042937568,201,0.78515625,1,0.03910324409614338,0.039963385146804836,1.0,0.19999999999999996,256,1.0,1,0.046792944123548924,0.048613400368694486,19.665120388729985,0.0,2,2
91,0.85,0.8539386205075423,0.003938620507542345,214,0.8359375,1,0.04092080955716651,0.041812979890310784,1.0,0.15000000000000002,256,1.0,1,0.046792944123548924,0.048613400368694486,14.349996077616755,0.0,2,2
91,0.9,0.9006750060381444,0.0006750060381444101,228,0.890625,1,0.042878187745960646,0.04490405405405405,1.0,0.09999999999999998,256,1.0,1,0.046792944123548924,0.048613400368694486,9.129948310273605,0.0,2,2
91,0.95,0.9512199846461494,0.0012199846461494745,243,0.94921875,1,0.044975378662525795,0.046523312883435586,1.0,0.050000000000000044,256,1.0,1,0.046792944123548924,0.048613400368694486,4.041245488251,0.0,2,2
91,0.97,0.9726032196119595,0.0026032196119595286,249,0.97265625,1,0.04581425502915185,0.04799748953974896,1.0,0.030000000000000027,256,1.0,1,0.046792944123548924,0.048613400368694486,2.136210866627275,0.0,2,2
91,0.99,0.9961860848736851,0.006186084873685105,255,0.99609375,1,0.04665313139577791,0.048423504273504274,1.0,0.010000000000000009,256,1.0,1,0.046792944123548924,0.048613400368694486,0.2996856236399781,0.0,2,2
92,0.1,0.10001702096455724,1.7020964557232232e-05,18,0.0703125,1,0.013517514914048553,0.014918147120055517,0.989039103056571,0.889039103056571,251,0.98046875,1,0.04609388048469387,0.04799157894736842,240.99374609743677,0.0,3,2
92,0.2,0.20615220048448057,0.006152200484480563,41,0.16015625,1,0.016733207652781783,0.01797626236335242,0.989039103056571,0.7890391030565709,251,0.98046875,1,0.04609388048469387,0.04799157894736842,175.4635061080538,0.0,3,2
92,0.3,0.30301280669714886,0.003012806697148873,65,0.25390625,1,0.02008871311928602,0.019898385964912283,0.989039103056571,0.689039103056571,251,0.98046875,1,0.04609388048469387,0.04799157894736842,129.4516339149758,0.0,3,2
92,0.4,0.4041776834807458,0.004177683480745764,86,0.3359375,1,0.02302478040247723,0.02323981083404987,0.989039103056571,0.5890391030565709,251,0.98046875,1,0.04609388048469387,0.04799157894736842,100.19248687268542,0.0,3,2
92,0.5,0.5042967156109988,0.004296715610998758,111,0.43359375,1,0.02652009859675248,0.02610922431865828,0.989039103056571,0.48903910305657095,251,0.98046875,1,0.04609388048469387,0.04799157894736842,73.80734960894264,0.0,3,2
92,0.6,0.6016665251152125,0.0016665251152124805,141,0.55078125,1,0.030714480429882778,0.029799617346938777,0.989039103056571,0.38903910305657097,251,0.98046875,1,0.04609388048469387,0.04799157894736842,50.07214785846792,0.0,3,2
92,0.7,0.7013002455227607,0.0013002455227607568,175,0.68359375,1,0.03546811317409712,0.035867534456355286,0.989039103056571,0.289039103056571,251,0.98046875,1,0.04609388048469387,0.04799157894736842,29.958648373652142,0.0,3,2
92,0.8,0.8025411505502695,0.0025411505502694887,203,0.79296875,1,0.0393828695516854,0.03993362369337979,0.989039103056571,0.1890391030565709,251,0.98046875,1,0.04609388048469387,0.04799157894736842,17.040431561750612,0.0,3,2
92,0.85,0.8500443854910958,4.4385491095866314e-05,219,0.85546875,1,0.041619873196021555,0.0424804104477612,0.989039103056571,0.13903910305657097,251,0.98046875,1,0.04609388048469387,0.04799157894736842,10.749689859939293,0.0,3,2
92,0.9,0.9037090862890563,0.003709086289056307,228,0.890625,1,0.042878187745960646,0.04490405405405405,0.989039103056571,0.08903910305657092,251,0.98046875,1,0.04609388048469387,0.04799157894736842,7.499600397724748,0.0,3,2
92,0.95,0.95434903309827,0.004349033098270061,242,0.9453125,1,0.04483556593475478,0.046679633401222,0.989039103056571,0.03903910305657099,251,0.98046875,1,0.04609388048469387,0.04799157894736842,2.8065097957505447,0.0,3,2
92,0.97,0.9722461930120117,0.002246193012011677,246,0.9609375,1,0.04539481684583883,0.04721863354037267,0.989039103056571,0.019039103056570972,251,0.98046875,1,0.04609388048469387,0.04799157894736842,1.5399635628646102,0.0,3,2
92,0.99,0.9907539341926738,0.0007539341926737775,252,0.984375,1,0.046233693212464885,0.047364904862579285,1.0,0.010000000000000009,256,1.0,1,0.046792944123548924,0.048613400368694486,1.2096176451100948,0.0,3,2
93,0.1,0.10500090963732417,0.0050009096373241635,19,0.07421875,1,0.013657327641819563,0.015312371499468274,0.9673878076772473,0.8673878076772473,242,0.9453125,1,0.04483556593475478,0.046679633401222,228.28945098648413,0.0,5,2
93,0.2,0.20136113546643888,0.001361135466438873,40,0.15625,1,0.016593394925010774,0.017043641025641026,0.9673878076772473,0.7673878076772473,242,0.9453125,1,0.04483556593475478,0.046679633401222,170.20128272349712,0.0,5,2
93,0.3,0.3012797737237866,0.0012797737237866258,67,0.26171875,1,0.02036833857482804,0.020534767025089606,0.9673878076772473,0.6673878076772473,242,0.9453125,1,0.04483556593475478,0.046679633401222,120.12382487673423,0.0,5,2
93,0.4,0.4046072211276439,0.00460722112764389,92,0.359375,1,0.023863656769103292,0.02210280542986425,0.9673878076772473,0.5673878076772473,242,0.9453125,1,0.04483556593475478,0.046679633401222,87.88221088062329,0.0,5,2
93,0.5,0.5002615278565263,0.0002615278565263335,114,0.4453125,1,0.026939536780065512,0.025315755627009644,0.9673878076772473,0.4673878076772473,242,0.9453125,1,0.04483556593475478,0.046679633401222,66.43035216526745,0.0,5,2
93,0.6,0.6015579896446697,0.0015579896446696884,140,0.546875,1,0.03057466770211177,0.029551584283903677,0.9673878076772473,0.3673878076772473,242,0.9453125,1,0.04483556593475478,0.046679633401222,46.64285601265266,0.0,5,2
93,0.7,0.7020779991019105,0.0020779991019105326,174,0.6796875,1,0.03532830044632611,0.03477317073170731,0.9673878076772473,0.26738780767724735,242,0.9453125,1,0.04483556593475478,0.046679633401222,26.911188390941575,0.0,5,2
93,0.8,0.8038354458415798,0.0038354458415797987,196,0.765625,1,0.03840418045728833,0.038024493243243244,0.9673878076772473,0.16738780767724726,242,0.9453125,1,0.04483556593475478,0.046679633401222,16.74657654684024,0.0,5,2
93,0.85,0.8504275227144238,0.0004275227144238114,208,0.8125,1,0.040081933190540445,0.04029536541889483,0.9673878076772473,0.11738780767724732,242,0.9453125,1,0.04483556593475478,0.046679633401222,11.859789101530204,0.0,5,2
93,0.9,0.9007650492028375,0.0007650492028374867,223,0.87109375,1,0.042179124107105594,0.04327405303030303,0.9673878076772473,0.06738780767724728,242,0.9453125,1,0.04483556593475478,0.046679633401222,6.298001402076725,0.0,5,2
93,0.95,0.9501531067427987,0.0001531067427987809,237,0.92578125,1,0.044136502295899736,0.0458994,0.9673878076772473,0.017387807677247347,242,0.9453125,1,0.04483556593475478,0.046679633401222,1.5838673263422365,0.0,5,2
93,0.97,0.9709722700201474,0.0009722700201474366,244,0.953125,1,0.04511519139029681,0.046086858316221765,0.9808892854407151,0.010889285440715102,247,0.96484375,1,0.04553462957360983,0.04780103734439834,0.9297049849227523,0.0,5,2
93,0.99,0.9906023734197332,0.0006023734197332375,251,0.98046875,1,0.04609388048469387,0.04799157894736842,0.9931993042032559,0.0031993042032558705,252,0.984375,1,0.046233693212464885,0.047364904862579285,0.30332166938611405,0.0,5,2
94,0.1,0.10549849768492067,0.005498497684920667,19,0.07421875,1,0.013657327641819563,0.015312371499468274,0.9970065171715607,0.8970065171715608,254,0.9921875,1,0.046513318668006905,0.04839595744680851,240.574085120286,0.0,3,2
94,0.2,0.20323348717997436,0.003233487179974348,41,0.16015625,1,0.016733207652781783,0.01797626236335242,0.9970065171715607,0.7970065171715608,254,0.9921875,1,0.046513318668006905,0.04839595744680851,177.97012762388314,0.0,3,2
94,0.3,0.3044479307407044,0.004447930740704431,65,0.25390625,1,0.02008871311928602,0.019898385964912283,0.9970065171715607,0.6970065171715607,254,0.9921875,1,0.046513318668006905,0.04839595744680851,131.5395634942496,0.0,3,2
94,0.4,0.40197062286201524,0.0019706228620152144,89,0.34765625,1,0.02344421858579026,0.02250882612533098,0.9970065171715607,0.5970065171715607,254,0.9921875,1,0.046513318668006905,0.04839595744680851,98.39995305366682,0.0,3,2
94,0.5,0.5001975854817589,0.00019758548175885515,115,0.44921875,1,0.02707934950783652,0.025499892125134843,0.9970065171715607,0.49700651717156075,254,0.9921875,1,0.046513318668006905,0.04839595744680851,71.76675035914866,0.0,3,2
94,0.6,0.6011632105437105,0.0011632105437104912,142,0.5546875,1,0.03085429315765379,0.030083717948717947,0.9970065171715607,0.39700651717156077,254,0.9921875,1,0.046513318668006905,0.04839595744680851,50.75152890504218,0.0,3,2
94,0.7,0.7026812982383812,0.002681298238381258,172,0.671875,1,0.03504867499078409,0.03383906485671191,0.9970065171715607,0.2970065171715608,254,0.9921875,1,0.046513318668006905,0.04839595744680851,32.71063365515929,0.0,3,2
94,0.8,0.8022279247636303,0.002227924763630207,199,0.77734375,1,0.03882361864060136,0.03939914383561644,0.9970065171715607,0.1970065171715607,254,0.9921875,1,0.046513318668006905,0.04839595744680851,19.806757578655308,0.0,3,2
94,0.85,0.8525760939150042,0.0025760939150042406,214,0.8359375,1,0.04092080955716651,0.041812979890310784,0.9970065171715607,0.14700651717156077,254,0.9921875,1,0.046513318668006905,0.04839595744680851,13.666662931063577,0.0,3,2
94,0.9,0.9027860934640963,0.0027860934640963064,228,0.890625,1,0.042878187745960646,0.04490405405405405,0.9970065171715607,0.09700651717156072,254,0.9921875,1,0.046513318668006905,0.04839595744680851,8.477809145254067,0.0,3,2
94,0.95,0.9554348372791928,0.005434837279192806,241,0.94140625,1,0.044695753206983775,0.04639878048780488,0.9970065171715607,0.04700651717156079,254,0.9921875,1,0.046513318668006905,0.04839595744680851,4.066528317815954,0.0,3,2
94,0.97,0.9722111263124914,0.0022111263124914293,248,0.96875,1,0.045674442301380846,0.04718708333333334,0.9970065171715607,0.027006517171560773,254,0.9921875,1,0.046513318668006905,0.04839595744680851,1.8366428233338228,0.0,3,2
94,0.99,0.993423895247423,0.0034238952474230366,253,0.98828125,1,0.04637350594023589,0.04783099787685775,0.9970065171715607,0.0070065171715607555,254,0.9921875,1,0.046513318668006905,0.04839595744680851,0.3014926841011345,0.0,3,2
95,0.1,0.10049079789060401,0.0004907978906040084,20,0.078125,1,0.013797140369590573,0.014549891383055758,0.9836265611244168,0.8836265611244168,247,0.96484375,1,0.04553462957360983,0.04780103734439834,230.02947244031745,0.0,4,3
95,0.2,0.20195861281670058,0.0019586128167005667,44,0.171875,1,0.017152645836094813,0.017583269961977187,0.9836265611244168,0.7836265611244169,247,0.96484375,1,0.04553462957360983,0.04780103734439834,165.46708891866692,0.0,4,3
95,0.3,0.3024690160112198,0.0024690160112197934,72,0.28125,1,0.02106740221368309,0.02044079939668175,0.9836265611244168,0.6836265611244168,247,0.96484375,1,0.04553462957360983,0.04780103734439834,116.13784704805936,0.0,4,3
95,0.4,0.40313059624839714,0.0031305962483971217,97,0.37890625,1,0.02456272040795834,0.02290433962264151,0.9836265611244168,0.5836265611244168,247,0.96484375,1,0.04553462957360983,0.04780103734439834,85.3810523318768,0.0,4,3
95,0.5,0.5043902077029315,0.004390207702931526,124,0.484375,1,0.02833766405777561,0.02639587155963303,0.9836265611244168,0.4836265611244168,247,0.96484375,1,0.04553462957360983,0.04780103734439834,60.6858966242686,0.0,4,3
95,0.6,0.6020874281678575,0.0020874281678575635,147,0.57421875,1,0.031553356796508836,0.0300998678996037,0.9836265611244168,0.38362656112441684,247,0.96484375,1,0.04553462957360983,0.04780103734439834,44.309937821410905,0.0,4,3
95,0.7,0.7034539480471727,0.0034539480471726947,175,0.68359375,1,0.03546811317409712,0.035867534456355286,0.9836265611244168,0.28362656112441686,247,0.96484375,1,0.04553462957360983,0.04780103734439834,28.381877406617818,0.0,4,3
95,0.8,0.8053496717900626,0.005349671790062516,199,0.77734375,1,0.03882361864060136,0.03939914383561644,0.9836265611244168,0.18362656112441678,247,0.96484375,1,0.04553462957360983,0.04780103734439834,17.285897523190073,0.0,4,3
95,0.85,0.8555233207433304,0.0055233207433303955,212,0.828125,1,0.04064118410162449,0.04085869565217391,0.9836265611244168,0.13362656112441684,247,0.96484375,1,0.04553462957360983,0.04780103734439834,12.040607526958702,0.0,4,3
95,0.9,0.9007302795084142,0.0007302795084142,223,0.87109375,1,0.042179124107105594,0.04327405303030303,0.9836265611244168,0.0836265611244168,247,0.96484375,1,0.04553462957360983,0.04780103734439834,7.955370192096911,0.0,4,3
95,0.95,0.950903928461682,0.0009039284616820797,236,0.921875,1,0.04399668956812872,0.04414103585657371,0.9836265611244168,0.033626561124416865,247,0.96484375,1,0.04553462957360983,0.04780103734439834,3.495581191624919,0.0,4,3
95,0.97,0.9709051867980563,0.00090518679805629,243,0.94921875,1,0.044975378662525795,0.046523312883435586,0.9836265611244168,0.013626561124416847,247,0.96484375,1,0.04553462957360983,0.04780103734439834,1.2434601502310683,0.0,4,3
95,0.99,0.9900948982246601,9.489822466013376e-05,251,0.98046875,1,0.04609388048469387,0.04799157894736842,0.9991324959162514,0.009132495916251426,255,0.99609375,1,0.04665313139577791,0.048423504273504274,1.2132866775444118,0.0,4,3
96,0.1,0.10091949518533623,0.0009194951853362249,19,0.07421875,1,0.013657327641819563,0.015312371499468274,0.9753048511899134,0.8753048511899134,246,0.9609375,1,0.04539481684583883,0.04721863354037267,232.3843290310848,0.0,4,2
96,0.2,0.202591840495386,0.002591840495385994,43,0.16796875,1,0.017012833108323803,0.018372790573111943,0.9753048511899134,0.7753048511899134,246,0.9609375,1,0.04539481684583883,0.04721863354037267,166.82690976160038,0.0,4,2
96,0.3,0.3015398162571423,0.0015398162571423346,65,0.25390625,1,0.02008871311928602,0.019898385964912283,0.9753048511899134,0.6753048511899133,246,0.9609375,1,0.04539481684583883,0.04721863354037267,125.97175128285284,0.0,4,2
96,0.4,0.4022557419501319,0.0022557419501318954,94,0.3671875,1,0.02414328222464531,0.022798618784530385,0.9753048511899134,0.5753048511899134,246,0.9609375,1,0.04539481684583883,0.04721863354037267,88.02255809071428,0.0,4,2
96,0.5,0.5023438231675997,0.0023438231675997345,121,0.47265625,1,0.027918225874462577,0.026121709786276714,0.9753048511899134,0.4753048511899134,246,0.9609375,1,0.04539481684583883,0.04721863354037267,62.59921762207132,0.0,4,2
96,0.6,0.6001616351331857,0.00016163513318567801,146,0.5703125,1,0.03141354406873783,0.029954461942257222,0.9753048511899134,0.3753048511899134,246,0.9609375,1,0.04539481684583883,0.04721863354037267,44.507148720652935,0.0,4,2
96,0.7,0.704582785476596,0.004582785476596074,172,0.671875,1,0.03504867499078409,0.03383906485671191,0.9753048511899134,0.27530485118991344,246,0.9609375,1,0.04539481684583883,0.04721863354037267,29.51935232294862,0.0,4,2
96,0.8,0.8028811251240544,0.0028811251240543623,204,0.796875,1,0.039522682279456406,0.039092994746059546,0.9753048511899134,0.17530485118991335,246,0.9609375,1,0.04539481684583883,0.04721863354037267,14.85763168820835,0.0,4,2
96,0.85,0.8553715357777382,0.00537153577773819,220,0.859375,1,0.04175968592379257,0.04211292134831461,0.9753048511899134,0.1253048511899134,246,0.9609375,1,0.04539481684583883,0.04721863354037267,8.704880895608325,0.0,4,2
96,0.9,0.9032309386643387,0.003230938664338656,232,0.90625,1,0.043437438657044684,0.04410235294117647,0.9753048511899134,0.07530485118991337,246,0.9609375,1,0.04539481684583883,0.04721863354037267,4.506200755178957,0.0,4,2
96,0.95,0.9553498491761753,0.005349849176175314,242,0.9453125,1,0.04483556593475478,0.046679633401222,0.9753048511899134,0.025304851189913435,246,0.9609375,1,0.04539481684583883,0.04721863354037267,1.2473376870002495,0.0,4,2
96,0.97,0.9703004187892654,0.0003004187892654553,245,0.95703125,1,0.045255004118067814,0.04686082474226804,0.9753048511899134,0.005304851189913418,246,0.9609375,1,0.04539481684583883,0.04721863354037267,0.3089442383128471,0.0,4,2
96,0.99,0.9921705422205072,0.0021705422205071656,254,0.9921875,1,0.046513318668006905,0.04839595744680851,0.9994985858568401,0.009498585856840158,255,0.99609375,1,0.04665313139577791,0.048423504273504274,0.30058643798120954,0.0,4,2
97,0.1,0.10408934825265535,0.004089348252655348,17,0.06640625,1,0.013377702186277544,0.015339002036659877,0.9931571831603765,0.8931571831603765,252,0.984375,1,0.046233693212464885,0.047364904862579285,245.6026496081671,0.0,3,2
97,0.2,0.20096669210894869,0.0009666921089486746,41,0.16015625,1,0.016733207652781783,0.01797626236335242,0.9931571831603765,0.7931571831603765,252,0.984375,1,0.046233693212464885,0.047364904862579285,176.29904661333023,0.0,3,2
97,0.3,0.30243705739062426,0.0024370573906242754,66,0.2578125,1,0.020228525847057033,0.02009113475177305,0.9931571831603765,0.6931571831603764,252,0.984375,1,0.046233693212464885,0.047364904862579285,128.55690801211418,0.0,3,2
97,0.4,0.40221065267129497,0.0022106526712949437,95,0.37109375,1,0.02428309495241632,0.023273191094619665,0.9931571831603765,0.5931571831603765,252,0.984375,1,0.046233693212464885,0.047364904862579285,90.39456586181302,0.0,3,2
97,0.5,0.5060697534451548,0.006069753445154813,121,0.47265625,1,0.027918225874462577,0.026121709786276714,0.9931571831603765,0.4931571831603765,252,0.984375,1,0.046233693212464885,0.047364904862579285,65.60398006793073,0.0,3,2
97,0.6,0.6013599697452314,0.0013599697452314485,148,0.578125,1,0.03169316952427985,0.029753917662682604,0.9931571831603765,0.3931571831603765,252,0.984375,1,0.046233693212464885,0.047364904862579285,45.87904556862221,0.0,3,2
97,0.7,0.7004270561031217,0.0004270561031217701,182,0.7109375,1,0.036446802268494186,0.03577638668779715,0.9931571831603765,0.29315718316037653,252,0.984375,1,0.046233693212464885,0.047364904862579285,26.852536669398862,0.0,3,2
97,0.8,0.8009076402323831,0.0009076402323831001,208,0.8125,1,0.040081933190540445,0.04029536541889483,0.9931571831603765,0.19315718316037644,252,0.984375,1,0.046233693212464885,0.047364904862579285,15.347962366686163,0.0,3,2
97,0.85,0.8507694591327241,0.0007694591327240818,219,0.85546875,1,0.041619873196021555,0.0424804104477612,0.9931571831603765,0.1431571831603765,252,0.984375,1,0.046233693212464885,0.047364904862579285,11.085617668062397,0.0,3,2
97,0.9,0.9009567628704295,0.0009567628704294506,229,0.89453125,1,0.04301800047373165,0.04447320388349515,0.9931571831603765,0.09315718316037647,252,0.984375,1,0.046233693212464885,0.047364904862579285,7.47522595964647,0.0,3,2
97,0.95,0.9501026759228375,0.00010267592283752514,241,0.94140625,1,0.044695753206983775,0.04639878048780488,0.9931571831603765,0.04315718316037653,252,0.984375,1,0.046233693212464885,0.047364904862579285,3.4409085766134995,0.0,3,2
97,0.97,0.9705672356232492,0.0005672356232492293,246,0.9609375,1,0.04539481684583883,0.04721863354037267,0.9931571831603765,0.023157183160376515,252,0.984375,1,0.046233693212464885,0.047364904862579285,1.8479562754375456,0.0,3,2
97,0.99,0.9931571831603766,0.0031571831603766087,252,0.984375,1,0.046233693212464885,0.047364904862579285,0.9931571831603765,0.0031571831603764977,252,0.984375,1,0.046233693212464885,0.047364904862579285,0.0,0.0,3,2
98,0.1,0.10164000478096558,0.0016400047809655705,18,0.0703125,1,0.013517514914048553,0.014918147120055517,0.8910923485755124,0.7910923485755125,218,0.8515625,1,0.04148006046825055,0.04183506493506493,206.86158463299296,0.0,5,2
98,0.2,0.20727031718577896,0.007270317185778946,40,0.15625,1,0.016593394925010774,0.017043641025641026,0.8910923485755124,0.6910923485755125,218,0.8515625,1,0.04148006046825055,0.04183506493506493,149.9793481424876,0.0,5,2
98,0.3,0.30174304923551687,0.0017430492355168803,60,0.234375,1,0.01938964948043097,0.019595683930942895,0.8910923485755124,0.5910923485755124,218,0.8515625,1,0.04148006046825055,0.04183506493506493,113.92888257270641,0.0,5,2
98,0.4,0.4032059742071892,0.003205974207189155,88,0.34375,1,0.023304405858019253,0.021696150481189853,0.8910923485755124,0.4910923485755124,218,0.8515625,1,0.04148006046825055,0.04183506493506493,77.992353553081,0.0,5,2
98,0.5,0.5019386898298066,0.0019386898298066058,114,0.4453125,1,0.026939536780065512,0.025315755627009644,0.8910923485755124,0.39109234857551245,218,0.8515625,1,0.04148006046825055,0.04183506493506493,53.97466113427982,0.0,5,2
98,0.6,0.6019901005356634,0.001990100535663397,143,0.55859375,1,0.030994105885424797,0.030185419354838712,0.8910923485755124,0.29109234857551247,218,0.8515625,1,0.04148006046825055,0.04183506493506493,33.832092532654244,0.0,5,2
98,0.7,0.7008808809528668,0.0008808809528668693,167,0.65234375,1,0.03434961135192904,0.03351941176470589,0.8910923485755124,0.1910923485755125,218,0.8515625,1,0.04148006046825055,0.04183506493506493,20.758456458987197,0.0,5,2
98,0.8,0.8046939146084152,0.004693914608415173,192,0.75,1,0.03784492954620429,0.03774518272425249,0.8910923485755124,0.0910923485755124,218,0.8515625,1,0.04148006046825055,0.04183506493506493,9.605331455586885,0.0,5,2
98,0.85,0.854283374827406,0.004283374827406039,207,0.80859375,1,0.03994212046276944,0.040131205673758864,0.8910923485755124,0.04109234857551247,218,0.8515625,1,0.04148006046825055,0.04183506493506493,3.8504215291089716,0.0,5,2
98,0.9,0.9021664573160012,0.00216645731600118,223,0.87109375,1,0.042179124107105594,0.04327405303030303,0.9951450753964552,0.09514507539645523,254,0.9921875,1,0.046513318668006905,0.04839595744680851,10.27568649812518,0.0,5,2
98,0.95,0.9509077048202527,0.0009077048202527083,241,0.94140625,1,0.044695753206983775,0.04639878048780488,0.9951450753964552,0.04514507539645529,254,0.9921875,1,0.046513318668006905,0.04839595744680851,4.066528317815954,0.0,5,2
98,0.97,0.9709513182286869,0.0009513182286868815,247,0.96484375,1,0.04553462957360983,0.04780103734439834,0.9951450753964552,0.025145075396455274,254,0.9921875,1,0.046513318668006905,0.04839595744680851,2.1493292106724127,0.0,5,2
98,0.99,0.990323985443534,0.0003239854435339584,253,0.98828125,1,0.04637350594023589,0.04783099787685775,0.9951450753964552,0.0051450753964552565,254,0.9921875,1,0.046513318668006905,0.04839595744680851,0.3014926841011345,0.0,5,2
99,0.1,0.10907811516159786,0.009078115161597858,21,0.08203125,1,0.013936953097361583,0.015592276422764229,0.9992093474405228,0.8992093474405228,255,0.99609375,1,0.04665313139577791,0.048423504273504274,234.7441228356423,0.0,3,2
99,0.2,0.20135198879725558,0.0013519887972555655,44,0.171875,1,0.017152645836094813,0.017583269961977187,0.9992093474405228,0.7992093474405229,255,0.99609375,1,0.04665313139577791,0.048423504273504274,171.98795941792474,0.0,3,2
99,0.3,0.3017135861749695,0.001713586174969528,67,0.26171875,1,0.02036833857482804,0.020534767025089606,0.9992093474405228,0.6992093474405228,255,0.99609375,1,0.04665313139577791,0.048423504273504274,129.04730901043453,0.0,3,2
99,0.4,0.4009367840083668,0.0009367840083667756,91,0.35546875,1,0.02372384404133228,0.022570736086175942,0.9992093474405228,0.5992093474405228,255,0.99609375,1,0.04665313139577791,0.048423504273504274,96.65080968538508,0.0,3,2
99,0.5,0.5015123086148535,0.0015123086148535192,122,0.4765625,1,0.02805803860223359,0.026395814479638006,0.9992093474405228,0.4992093474405228,255,0.99609375,1,0.04665313139577791,0.048423504273504274,66.27367314286907,0.0,3,2
99,0.6,0.6035820986257587,0.003582098625758756,148,0.578125,1,0.03169316952427985,0.029753917662682604,0.9992093474405228,0.39920934744052283,255,0.99609375,1,0.04665313139577791,0.048423504273504274,47.20247957540937,0.0,3,2
99,0.7,0.7002196068439848,0.00021960684398480979,171,0.66796875,1,0.034908862263013075,0.03412912912912913,0.9992093474405228,0.29920934744052285,255,0.99609375,1,0.04665313139577791,0.048423504273504274,33.64265797114854,0.0,3,2
99,0.8,0.800020714734852,2.0714734851989824e-05,200,0.78125,1,0.03896343136837237,0.03915611015490534,0.9992093474405228,0.19920934744052277,255,0.99609375,1,0.04665313139577791,0.048423504273504274,19.73568486487942,0.0,3,2
99,0.85,0.8529901054109027,0.0029901054109027214,213,0.83203125,1,0.0407809968293955,0.04163018181818182,0.9992093474405228,0.14920934744052283,255,0.99609375,1,0.04665313139577791,0.048423504273504274,14.399193307971569,0.0,3,2
99,0.9,0.9023334235846269,0.002333423584626848,226,0.8828125,1,0.042598562290418626,0.0439360153256705,0.9992093474405228,0.09920934744052279,255,0.99609375,1,0.04665313139577791,0.048423504273504274,9.51808907943179,0.0,3,2
99,0.95,0.9502652069206088,0.0002652069206088292,239,0.93359375,1,0.044416127751441756,0.04510987903225806,0.9992093474405228,0.049209347440522855,255,0.99609375,1,0.04665313139577791,0.048423504273504274,5.036467061817529,0.0,3,2
99,0.97,0.972025654905058,0.0020256549050580164,248,0.96875,1,0.045674442301380846,0.04718708333333334,0.9992093474405228,0.029209347440522837,255,0.99609375,1,0.04665313139577791,0.048423504273504274,2.142749960556123,0.0,3,2
99,0.99,0.9958754068391241,0.005875406839124131,254,0.9921875,1,0.046513318668006905,0.04839595744680851,0.9992093474405228,0.00920934744052282,255,0.99609375,1,0.04665313139577791,0.048423504273504274,0.30058643798120954,0.0,3,2
100,0.1,0.10023677591357709,0.0002367759135770836,17,0.06640625,1,0.013377702186277544,0.015339002036659877,0.9631367545485194,0.8631367545485195,241,0.94140625,1,0.044695753206983775,0.04639878048780488,234.106355371189,0.0,4,2
100,0.2,0.20200268735458815,0.0020026873545881396,43,0.16796875,1,0.017012833108323803,0.018372790573111943,0.9631367545485194,0.7631367545485195,241,0.94140625,1,0.044695753206983775,0.04639878048780488,162.71787257535405,0.0,4,2
100,0.3,0.30029950998257626,0.0002995099825762737,68,0.265625,1,0.020508151302599052,0.019579362780593773,0.9631367545485194,0.6631367545485194,241,0.94140625,1,0.044695753206983775,0.04639878048780488,117.94140557817792,0.0,4,2
100,0.4,0.4005234800143969,0.0005234800143968932,94,0.3671875,1,0.02414328222464531,0.022798618784530385,0.9631367545485194,0.5631367545485194,241,0.94140625,1,0.044695753206983775,0.04639878048780488,85.12707920615131,0.0,4,2
100,0.5,0.5005254262160842,0.0005254262160842016,121,0.47265625,1,0.027918225874462577,0.026121709786276714,0.9631367545485194,0.46313675454851944,241,0.94140625,1,0.044695753206983775,0.04639878048780488,60.09524891718845,0.0,4,2
100,0.6,0.6004697785974279,0.0004697785974279167,150,0.5859375,1,0.03197279497982187,0.031179032258064517,0.9631367545485194,0.36313675454851946,241,0.94140625,1,0.044695753206983775,0.04639878048780488,39.793074816234885,0.0,4,2
100,0.7,0.700086291524493,8.629152449302069e-05,173,0.67578125,1,0.0351884877185551,0.03480166919575114,0.9631367545485194,0.2631367545485195,241,0.94140625,1,0.044695753206983775,0.04639878048780488,27.018113322941794,0.0,4,2
100,0.8,0.8024990322027428,0.0024990322027427236,199,0.77734375,1,0.03882361864060136,0.03939914383561644,0.9631367545485194,0.1631367545485194,241,0.94140625,1,0.044695753206983775,0.04639878048780488,15.12516033279132,0.0,4,2
100,0.85,0.8528271012358649,0.0028271012358649372,211,0.82421875,1,0.04050137137385348,0.040935559566787,0.9631367545485194,0.11313675454851946,241,0.94140625,1,0.044695753206983775,0.04639878048780488,10.356147683033946,0.0,4,2
100,0.9,0.904243211108192,0.004243211108191924,222,0.8671875,1,0.04203931137933459,0.04317018867924528,0.9631367545485194,0.06313675454851941,241,0.94140625,1,0.044695753206983775,0.04639878048780488,6.318947053340707,0.0,4,2
100,0.95,0.9515434447990319,0.0015434447990319011,238,0.9296875,1,0.04427631502367074,0.0453425702811245,0.9631367545485194,0.01313675454851948,241,0.94140625,1,0.044695753206983775,0.04639878048780488,0.9473195388749023,0.0,4,2
100,0.97,0.9705826324514707,0.0005826324514707215,245,0.95703125,1,0.045255004118067814,0.04686082474226804,0.9966295852776412,0.026629585277641254,254,0.9921875,1,0.046513318668006905,0.04839595744680851,2.7804981448155797,0.0,4,2
100,0.99,0.9906682989299301,0.0006682989299301445,253,0.98828125,1,0.04637350594023589,0.04783099787685775,0.9966295852776412,0.006629585277641237,254,0.9921875,1,0.046513318668006905,0.04839595744680851,0.3014926841011345,0.0,4,2
101,0.1,0.1011940491347353,0.001194049134735295,21,0.08203125,1,0.013936953097361583,0.015592276422764229,0.99169160513577,0.8916916051357701,251,0.98046875,1,0.04609388048469387,0.04799157894736842,230.73140278716983,0.0,3,2
101,0.2,0.2002853088919825,0.00028530889198249976,46,0.1796875,1,0.017432271291636832,0.018484486607142858,0.99169160513577,0.7916916051357701,251,0.98046875,1,0.04609388048469387,0.04799157894736842,164.41695240715708,0.0,3,2
101,0.3,0.30743212648231383,0.007432126482313839,72,0.28125,1,0.02106740221368309,0.02044079939668175,0.99169160513577,0.69169160513577,251,0.98046875,1,0.04609388048469387,0.04799157894736842,118.79242640915786,0.0,3,2
101,0.4,0.40237749753346186,0.0023774975334618365,96,0.375,1,0.02442290768018733,0.022693451824134705,0.99169160513577,0.59169160513577,251,0.98046875,1,0.04609388048469387,0.04799157894736842,88.73215707270903,0.0,3,2
101,0.5,0.504438945783117,0.004438945783116988,122,0.4765625,1,0.02805803860223359,0.026395814479638006,0.99169160513577,0.49169160513577004,251,0.98046875,1,0.04609388048469387,0.04799157894736842,64.28047996563994,0.0,3,2
101,0.6,0.6022790764570378,0.002279076457037843,146,0.5703125,1,0.03141354406873783,0.029954461942257222,0.99169160513577,0.39169160513577006,251,0.98046875,1,0.04609388048469387,0.04799157894736842,46.73250615668558,0.0,3,2
101,0.7,0.7006267353882413,0.0006267353882413174,171,0.66796875,1,0.034908862263013075,0.03412912912912913,0.99169160513577,0.2916916051357701,251,0.98046875,1,0.04609388048469387,0.04799157894736842,32.0406266391891,0.0,3,2
101,0.8,0.8003185045153833,0.00031850451538328883,198,0.7734375,1,0.03868380591283035,0.03888293515358362,0.99169160513577,0.19169160513577,251,0.98046875,1,0.04609388048469387,0.04799157894736842,19.155495166533786,0.0,3,2
101,0.85,0.8525312326328178,0.002531232632817848,211,0.82421875,1,0.04050137137385348,0.040935559566787,0.99169160513577,0.14169160513577006,251,0.98046875,1,0.04609388048469387,0.04799157894736842,13.808196910711912,0.0,3,2
101,0.9,0.9023787954322865,0.0023787954322864735,226,0.8828125,1,0.042598562290418626,0.0439360153256705,0.99169160513577,0.09169160513577002,251,0.98046875,1,0.04609388048469387,0.04799157894736842,8.205249206406728,0.0,3,2
101,0.95,0.9504457562661951,0.00044575626619514086,238,0.9296875,1,0.04427631502367074,0.0453425702811245,0.99169160513577,0.04169160513577008,251,0.98046875,1,0.04609388048469387,0.04799157894736842,4.10505133512451,0.0,3,2
101,0.97,0.9718897503721287,0.0018897503721286846,245,0.95703125,1,0.045255004118067814,0.04686082474226804,0.99169160513577,0.021691605135770065,251,0.98046875,1,0.04609388048469387,0.04799157894736842,1.8536654298770605,0.0,3,2
101,0.99,0.9916916051357696,0.0016916051357696027,251,0.98046875,1,0.04609388048469387,0.04799157894736842,0.99169160513577,0.0016916051357700468,251,0.98046875,1,0.04609388048469387,0.04799157894736842,0.0,0.0,3,2
102,0.1,0.10224933353304914,0.0022493335330491387,17,0.06640625,1,0.013377702186277544,0.015339002036659877,1.0,0.9,256,1.0,1,0.046792944123548924,0.048613400368694486,249.78312023979547,0.0,2,2
102,0.2,0.2007025202296301,0.000702520229630077,42,0.1640625,1,0.016873020380552793,0.01772222808870116,1.0,0.8,256,1.0,1,0.046792944123548924,0.048613400368694486,177.32405383378014,0.0,2,2
102,0.3,0.3062546093530388,0.006254609353038787,70,0.2734375,1,0.02078777675814107,0.020093865484109387,1.0,0.7,256,1.0,1,0.046792944123548924,0.048613400368694486,125.09835788583553,0.0,2,2
102,0.4,0.401534818677384,0.0015348186773839756,96,0.375,1,0.02442290768018733,0.022693451824134705,1.0,0.6,256,1.0,1,0.046792944123548924,0.048613400368694486,91.59448472021579,0.0,2,2
102,0.5,0.5026962899948131,0.0026962899948130836,122,0.4765625,1,0.02805803860223359,0.026395814479638006,1.0,0.5,256,1.0,1,0.046792944123548924,0.048613400368694486,66.77197143717638,0.0,2,2
102,0.6,0.6014002707710882,0.0014002707710881745,149,0.58203125,1,0.03183298225205086,0.030745393858477972,1.0,0.4,256,1.0,1,0.046792944123548924,0.048613400368694486,46.99516291953532,0.0,2,2
102,0.7,0.700524521103706,0.0005245211037060438,176,0.6875,1,0.03560792590186813,0.03554692307692307,1.0,0.30000000000000004,256,1.0,1,0.046792944123548924,0.048613400368694486,31.411597104828815,0.0,2,2
102,0.8,0.8041789656211724,0.00417896562117237,202,0.7890625,1,0.039243056823914386,0.039569791666666666,1.0,0.19999999999999996,256,1.0,1,0.046792944123548924,0.048613400368694486,19.23878492318085,0.0,2,2
102,0.85,0.851765845897536,0.0017658458975360336,215,0.83984375,1,0.041060622284937516,0.0420308256880734,1.0,0.15000000000000002,256,1.0,1,0.046792944123548924,0.048613400368694486,13.96063069583391,0.0,2,2
102,0.9,0.9020268281490222,0.0020268281490222195,228,0.890625,1,0.042878187745960646,0.04490405405405405,1.0,0.09999999999999998,256,1.0,1,0.046792944123548924,0.048613400368694486,9.129948310273605,0.0,2,2
102,0.95,0.9509140849773465,0.0009140849773465742,241,0.94140625,1,0.044695753206983775,0.04639878048780488,1.0,0.050000000000000044,256,1.0,1,0.046792944123548924,0.048613400368694486,4.692148059018408,0.0,2,2
102,0.97,0.9726434769271414,0.002643476927141397,248,0.96875,1,0.045674442301380846,0.04718708333333334,1.0,0.030000000000000027,256,1.0,1,0.046792944123548924,0.048613400368694486,2.448857097778423,0.0,2,2
102,0.99,0.9909742633822018,0.0009742633822018565,253,0.98828125,1,0.04637350594023589,0.04783099787685775,1.0,0.010000000000000009,256,1.0,1,0.046792944123548924,0.048613400368694486,0.9044780523033591,0.0,2,2
103,0.1,0.10007123907223363,7.123907223362258e-05,18,0.0703125,1,0.013517514914048553,0.014918147120055517,0.9667341646947593,0.8667341646947593,242,0.9453125,1,0.04483556593475478,0.046679633401222,231.6849747889521,0.0,4,2
103,0.2,0.20354144994032497,0.003541449940324959,42,0.1640625,1,0.016873020380552793,0.01772222808870116,0.9667341646947593,0.7667341646947592,242,0.9453125,1,0.04483556593475478,0.046679633401222,165.72341479792536,0.0,4,2
103,0.3,0.30224517755554225,0.002245177555542266,69,0.26953125,1,0.020647964030370062,0.02049846378931968,0.9667341646947593,0.6667341646947593,242,0.9453125,1,0.04483556593475478,0.046679633401222,117.14279368565532,0.0,4,2
103,0.4,0.40101769130473713,0.0010176913047371117,91,0.35546875,1,0.02372384404133228,0.022570736086175942,0.9667341646947593,0.5667341646947592,242,0.9453125,1,0.04483556593475478,0.046679633401222,88.98946501520213,0.0,4,2
103,0.5,0.5026127394764788,0.002612739476478776,115,0.44921875,1,0.02707934950783652,0.025499892125134843,0.9667341646947593,0.46673416469475926,242,0.9453125,1,0.04483556593475478,0.046679633401222,65.571059680661,0.0,4,2
103,0.6,0.6032666180323057,0.003266618032305768,141,0.55078125,1,0.030714480429882778,0.029799617346938777,0.9667341646947593,0.3667341646947593,242,0.9453125,1,0.04483556593475478,0.046679633401222,45.975335760956895,0.0,4,2
103,0.7,0.7004109184141143,0.00041091841411433627,166,0.6484375,1,0.03420979862415803,0.0328891654465593,0.9667341646947593,0.2667341646947593,242,0.9453125,1,0.04483556593475478,0.046679633401222,31.060595905095802,0.0,4,2
103,0.8,0.8005401718056493,0.0005401718056492477,192,0.75,1,0.03784492954620429,0.03774518272425249,0.9667341646947593,0.1667341646947592,242,0.9453125,1,0.04483556593475478,0.046679633401222,18.47179126074401,0.0,4,2
103,0.85,0.8537583661956655,0.003758366195665497,208,0.8125,1,0.040081933190540445,0.04029536541889483,0.9667341646947593,0.11673416469475928,242,0.9453125,1,0.04483556593475478,0.046679633401222,11.859789101530204,0.0,4,2
103,0.9,0.9011140321101617,0.0011140321101617001,224,0.875,1,0.04231893683487661,0.043105703422053235,0.9667341646947593,0.06673416469475923,242,0.9453125,1,0.04483556593475478,0.046679633401222,5.946815511216075,0.0,4,2
103,0.95,0.9549784169136099,0.0049784169136098955,239,0.93359375,1,0.044416127751441756,0.04510987903225806,0.9667341646947593,0.0167341646947593,242,0.9453125,1,0.04483556593475478,0.046679633401222,0.9443375740907811,0.0,4,2
103,0.97,0.9701397834101867,0.00013978341018672236,244,0.953125,1,0.04511519139029681,0.046086858316221765,0.9980347848470941,0.028034784847094096,254,0.9921875,1,0.046513318668006905,0.04839595744680851,3.099016616409167,0.0,4,2
103,0.99,0.9901415159761648,0.00014151597616485212,252,0.984375,1,0.046233693212464885,0.047364904862579285,0.9980347848470941,0.008034784847094079,254,0.9921875,1,0.046513318668006905,0.04839595744680851,0.6048088225550474,0.0,4,2
104,0.1,0.10013446950135392,0.0001344695013539149,17,0.06640625,1,0.013377702186277544,0.015339002036659877,0.9965079538516628,0.8965079538516628,253,0.98828125,1,0.04637350594023589,0.04783099787685775,246.64776726607417,0.0,3,2
104,0.2,0.201064908958037,0.0010649089580369864,43,0.16796875,1,0.017012833108323803,0.018372790573111943,0.9965079538516628,0.7965079538516628,253,0.98828125,1,0.04637350594023589,0.04783099787685775,172.57956182234517,0.0,3,2
104,0.3,0.30015239151988843,0.00015239151988843957,69,0.26953125,1,0.020647964030370062,0.02049846378931968,0.9965079538516628,0.6965079538516628,253,0.98828125,1,0.04637350594023589,0.04783099787685775,124.5911794113328,0.0,3,2
104,0.4,0.40141298517590024,0.0014129851759002166,95,0.37109375,1,0.02428309495241632,0.023273191094619665,0.9965079538516628,0.5965079538516628,253,0.98828125,1,0.04637350594023589,0.04783099787685775,90.97032742781181,0.0,3,2
104,0.5,0.5017423653572706,0.00174236535727057,117,0.45703125,1,0.027358974963378538,0.025853610503282276,0.9965079538516628,0.4965079538516628,253,0.98828125,1,0.04637350594023589,0.04783099787685775,69.50015854873703,0.0,3,2
104,0.6,0.6016160700288287,0.0016160700288286867,145,0.56640625,1,0.031273731340966816,0.030195300261096607,0.9965079538516628,0.3965079538516628,253,0.98828125,1,0.04637350594023589,0.04783099787685775,48.282612760982644,0.0,3,2
104,0.7,0.7049974613364287,0.0049974613364287546,171,0.66796875,1,0.034908862263013075,0.03412912912912913,0.9965079538516628,0.29650795385166284,253,0.98828125,1,0.04637350594023589,0.04783099787685775,32.84164230516882,0.0,3,2
104,0.8,0.8025743152603741,0.002574315260374105,199,0.77734375,1,0.03882361864060136,0.03939914383561644,0.9965079538516628,0.19650795385166275,253,0.98828125,1,0.04637350594023589,0.04783099787685775,19.44663471358883,0.0,3,2
104,0.85,0.850282787411268,0.0002827874112679707,212,0.828125,1,0.04064118410162449,0.04085869565217391,0.9965079538516628,0.14650795385166282,253,0.98828125,1,0.04637350594023589,0.04783099787685775,14.104711674437343,0.0,3,2
104,0.9,0.9061045370259753,0.006104537025975243,228,0.890625,1,0.042878187745960646,0.04490405405405405,0.9965079538516628,0.09650795385166278,253,0.98828125,1,0.04637350594023589,0.04783099787685775,8.151739562744286,0.0,3,2
104,0.95,0.9513727615379411,0.0013727615379411917,238,0.9296875,1,0.04427631502367074,0.0453425702811245,0.9965079538516628,0.04650795385166284,253,0.98828125,1,0.04637350594023589,0.04783099787685775,4.736597694374423,0.0,3,2
104,0.97,0.9700613619631026,6.136196310257969e-05,246,0.9609375,1,0.04539481684583883,0.04721863354037267,0.9965079538516628,0.026507953851662824,253,0.98828125,1,0.04637350594023589,0.04783099787685775,2.1559489880104588,0.0,3,2
104,0.99,0.9908290076000376,0.0008290076000375679,252,0.984375,1,0.046233693212464885,0.047364904862579285,0.9965079538516628,0.006507953851662807,253,0.98828125,1,0.04637350594023589,0.04783099787685775,0.3024044112775126,0.0,3,2
105,0.1,0.1065064388375488,0.0065064388375487975,20,0.078125,1,0.013797140369590573,0.014549891383055758,0.995841490751747,0.895841490751747,253,0.98828125,1,0.04637350594023589,0.04783099787685775,236.1095466017355,0.0,3,2
105,0.2,0.20214044701297665,0.0021404470129766373,41,0.16015625,1,0.016733207652781783,0.01797626236335242,0.995841490751747,0.795841490751747,253,0.98828125,1,0.04637350594023589,0.04783099787685775,177.1345871186067,0.0,3,2
105,0.3,0.3017663836353223,0.0017663836353223328,63,0.24609375,1,0.019809087663744,0.02000727522306108,0.995841490751747,0.695841490751747,253,0.98828125,1,0.04637350594023589,0.04783099787685775,134.10217940078067,0.0,3,2
105,0.4,0.4011185078395544,0.0011185078395543613,90,0.3515625,1,0.023584031313561273,0.022319679430097952,0.995841490751747,0.595841490751747,253,0.98828125,1,0.04637350594023589,0.04783099787685775,96.63095474932749,0.0,3,2
105,0.5,0.5038551252474023,0.00385512524740228,116,0.453125,1,0.02721916223560753,0.02512554347826087,0.995841490751747,0.495841490751747,253,0.98828125,1,0.04637350594023589,0.04783099787685775,70.37080545987948,0.0,3,2
105,0.6,0.6001689116148692,0.00016891161486920492,143,0.55859375,1,0.030994105885424797,0.030185419354838712,0.995841490751747,0.395841490751747,253,0.98828125,1,0.04637350594023589,0.04783099787685775,49.6204023812262,0.0,3,2
105,0.7,0.7002442963845784,0.00024429638457845737,170,0.6640625,1,0.03476904953524207,0.0338881913303438,0.995841490751747,0.29584149075174704,253,0.98828125,1,0.04637350594023589,0.04783099787685775,33.37582292329129,0.0,3,2
105,0.8,0.8034349042838574,0.0034349042838573984,198,0.7734375,1,0.03868380591283035,0.03888293515358362,0.995841490751747,0.19584149075174695,253,0.98828125,1,0.04637350594023589,0.04783099787685775,19.8783440407426,0.0,3,2
105,0.85,0.8530673469530606,0.0030673469530606567,216,0.84375,1,0.04120043501270853,0.04185874769797422,0.995841490751747,0.14584149075174702,253,0.98828125,1,0.04637350594023589,0.04783099787685775,12.555864825047824,0.0,3,2
105,0.9,0.9030388815484157,0.003038881548415695,230,0.8984375,1,0.043157813201502665,0.04402826510721248,0.995841490751747,0.09584149075174697,253,0.98828125,1,0.04637350594023589,0.04783099787685775,7.451009446932,0.0,3,2
105,0.95,0.9535056431663489,0.0035056431663489374,243,0.94921875,1,0.044975378662525795,0.046523312883435586,0.995841490751747,0.04584149075174704,253,0.98828125,1,0.04637350594023589,0.04783099787685775,3.1086503755776818,0.0,3,2
105,0.97,0.9715036165830843,0.0015036165830842885,247,0.96484375,1,0.04553462957360983,0.04780103734439834,0.995841490751747,0.02584149075174702,253,0.98828125,1,0.04637350594023589,0.04783099787685775,1.8422821805763379,0.0,3,2
105,0.99,0.9958414907517474,0.005841490751747447,253,0.98828125,1,0.04637350594023589,0.04783099787685775,0.995841490751747,0.005841490751747003,253,0.98828125,1,0.04637350594023589,0.04783099787685775,0.0,0.0,3,2
106,0.1,0.1041042189592519,0.004104218959251893,19,0.07421875,1,0.013657327641819563,0.015312371499468274,0.9985541399662279,0.8985541399662279,255,0.99609375,1,0.04665313139577791,0.048423504273504274,241.59780463143613,0.0,3,2
106,0.2,0.2001563081949815,0.00015630819498149706,42,0.1640625,1,0.016873020380552793,0.01772222808870116,0.9985541399662279,0.7985541399662279,255,0.99609375,1,0.04665313139577791,0.048423504273504274,176.4954367597905,0.0,3,2
106,0.3,0.30219272029938693,0.002192720299386941,66,0.2578125,1,0.020228525847057033,0.02009113475177305,0.9985541399662279,0.6985541399662278,255,0.99609375,1,0.04665313139577791,0.048423504273504274,130.63040652843858,0.0,3,2
106,0.4,0.4004736027791138,0.0004736027791137909,92,0.359375,1,0.023863656769103292,0.02210280542986425,0.9985541399662279,0.5985541399662279,255,0.99609375,1,0.04665313139577791,0.048423504273504274,95.49866915694398,0.0,3,2
106,0.5,0.5013321600233165,0.0013321600233164865,122,0.4765625,1,0.02805803860223359,0.026395814479638006,0.9985541399662279,0.4985541399662279,255,0.99609375,1,0.04665313139577791,0.048423504273504274,66.27367314286907,0.0,3,2
106,0.6,0.6043190732493225,0.004319073249322569,150,0.5859375,1,0.03197279497982187,0.031179032258064517,0.9985541399662279,0.3985541399662279,255,0.99609375,1,0.04665313139577791,0.048423504273504274,45.91508632642485,0.0,3,2
106,0.7,0.7035905817837121,0.003590581783712188,180,0.703125,1,0.036167176812952166,0.03563437990580848,0.9985541399662279,0.2985541399662279,255,0.99609375,1,0.04665313139577791,0.048423504273504274,28.993013850808836,0.0,3,2
106,0.8,0.8023477672769468,0.002347767276946744,205,0.80078125,1,0.03966249500722742,0.039896836555360284,0.9985541399662279,0.19855413996622784,255,0.99609375,1,0.04665313139577791,0.048423504273504274,17.625306696607556,0.0,3,2
106,0.85,0.8515505803921339,0.00155058039213396,220,0.859375,1,0.04175968592379257,0.04211292134831461,0.9985541399662279,0.1485541399662279,255,0.99609375,1,0.04665313139577791,0.048423504273504274,11.718108897934275,0.0,3,2
106,0.9,0.9022053560049834,0.0022053560049833942,232,0.90625,1,0.043437438657044684,0.04410235294117647,0.9985541399662279,0.09855413996622786,255,0.99609375,1,0.04665313139577791,0.048423504273504274,7.403044097793976,0.0,3,2
106,0.95,0.9515837440863117,0.001583744086311789,247,0.96484375,1,0.04553462957360983,0.04780103734439834,0.9985541399662279,0.04855413996622793,255,0.99609375,1,0.04665313139577791,0.048423504273504274,2.456376240768443,0.0,3,2
106,0.97,0.9724185196679307,0.0024185196679307186,250,0.9765625,1,0.045954067756922866,0.04733333333333334,0.9985541399662279,0.02855413996622791,255,0.99609375,1,0.04665313139577791,0.048423504273504274,1.5212225445477179,0.0,3,2
106,0.99,0.9931347484921818,0.0031347484921817603,254,0.9921875,1,0.046513318668006905,0.04839595744680851,0.9985541399662279,0.008554139966227892,255,0.99609375,1,0.04665313139577791,0.048423504273504274,0.30058643798120954,0.0,3,2
107,0.1,0.10540598255073488,0.005405982550734878,19,0.07421875,1,0.013657327641819563,0.015312371499468274,0.9973395394647541,0.8973395394647541,255,0.99609375,1,0.04665313139577791,0.048423504273504274,241.59780463143613,0.0,3,2
107,0.2,0.20061924813253768,0.0006192481325376642,43,0.16796875,1,0.017012833108323803,0.018372790573111943,0.9973395394647541,0.797339539464754,255,0.99609375,1,0.04665313139577791,0.048423504273504274,174.2231766968437,0.0,3,2
107,0.3,0.3018942294663272,0.0018942294663272241,70,0.2734375,1,0.02078777675814107,0.020093865484109387,0.9973395394647541,0.6973395394647541,255,0.99609375,1,0.04665313139577791,0.048423504273504274,124.42578606924499,0.0,3,2
107,0.4,0.4022728143171144,0.002272814317114402,97,0.37890625,1,0.02456272040795834,0.02290433962264151,0.9973395394647541,0.597339539464754,255,0.99609375,1,0.04665313139577791,0.048423504273504274,89.93470845624356,0.0,3,2
107,0.5,0.5006134975275135,0.0006134975275134957,122,0.4765625,1,0.02805803860223359,0.026395814479638006,0.9973395394647541,0.49733953946475407,255,0.99609375,1,0.04665313139577791,0.048423504273504274,66.27367314286907,0.0,3,2
107,0.6,0.6028334877838987,0.0028334877838986916,152,0.59375,1,0.03225242043536389,0.03150054347826087,0.9973395394647541,0.3973395394647541,255,0.99609375,1,0.04665313139577791,0.048423504273504274,44.650016234515036,0.0,3,2
107,0.7,0.7053280922486936,0.005328092248693683,180,0.703125,1,0.036167176812952166,0.03563437990580848,0.9973395394647541,0.2973395394647541,255,0.99609375,1,0.04665313139577791,0.048423504273504274,28.993013850808836,0.0,3,2
107,0.8,0.8055905653704823,0.005590565370482303,203,0.79296875,1,0.0393828695516854,0.03993362369337979,0.9973395394647541,0.19733953946475402,255,0.99609375,1,0.04665313139577791,0.048423504273504274,18.46046752522983,0.0,3,2
107,0.85,0.850528622569488,0.0005286225694880464,216,0.84375,1,0.04120043501270853,0.04185874769797422,0.9973395394647541,0.1473395394647541,255,0.99609375,1,0.04665313139577791,0.048423504273504274,13.23456022099636,0.0,3,2
107,0.9,0.9055396424004946,0.005539642400494538,232,0.90625,1,0.043437438657044684,0.04410235294117647,0.9973395394647541,0.09733953946475404,255,0.99609375,1,0.04665313139577791,0.048423504273504274,7.403044097793976,0.0,3,2
107,0.95,0.9536505470367437,0.003650547036743723,245,0.95703125,1,0.045255004118067814,0.04686082474226804,0.9973395394647541,0.04733953946475411,255,0.99609375,1,0.04665313139577791,0.048423504273504274,3.089442383128427,0.0,3,2
107,0.97,0.9702331026415313,0.0002331026415313131,250,0.9765625,1,0.045954067756922866,0.04733333333333334,0.9973395394647541,0.027339539464754092,255,0.99609375,1,0.04665313139577791,0.048423504273504274,1.5212225445477179,0.0,3,2
107,0.99,0.9930036241578452,0.003003624157845164,254,0.9921875,1,0.046513318668006905,0.04839595744680851,0.9973395394647541,0.007339539464754075,255,0.99609375,1,0.04665313139577791,0.048423504273504274,0.30058643798120954,0.0,3,2
108,0.1,0.10225148600380025,0.0022514860038002488,18,0.0703125,1,0.013517514914048553,0.014918147120055517,0.9933149347982859,0.8933149347982859,253,0.98828125,1,0.04637350594023589,0.04783099787685775,243.06236194376672,0.0,3,2
108,0.2,0.20115270309901587,0.001152703099015856,44,0.171875,1,0.017152645836094813,0.017583269961977187,0.9933149347982859,0.793314934798286,253,0.98828125,1,0.04637350594023589,0.04783099787685775,170.35774179311028,0.0,3,2
108,0.3,0.30207414781670483,0.002074147816704841,69,0.26953125,1,0.020647964030370062,0.02049846378931968,0.9933149347982859,0.6933149347982859,253,0.98828125,1,0.04637350594023589,0.04783099787685775,124.5911794113328,0.0,3,2
108,0.4,0.4039579337919781,0.003957933791978063,96,0.375,1,0.02442290768018733,0.022693451824134705,0.9933149347982859,0.5933149347982859,253,0.98828125,1,0.04637350594023589,0.04783099787685775,89.87708813171173,0.0,3,2
108,0.5,0.5048189082242,0.004818908224199947,122,0.4765625,1,0.02805803860223359,0.026395814479638006,0.9933149347982859,0.4933149347982859,253,0.98828125,1,0.04637350594023589,0.04783099787685775,65.27707655425449,0.0,3,2
108,0.6,0.6006641240832581,0.0006641240832581108,146,0.5703125,1,0.03141354406873783,0.029954461942257222,0.9933149347982859,0.39331493479828594,253,0.98828125,1,0.04637350594023589,0.04783099787685775,47.62264913109864,0.0,3,2
108,0.7,0.7006023715711771,0.0006023715711771516,171,0.66796875,1,0.034908862263013075,0.03412912912912913,0.9933149347982859,0.29331493479828596,253,0.98828125,1,0.04637350594023589,0.04783099787685775,32.84164230516882,0.0,3,2
108,0.8,0.8072300258556263,0.007230025855626265,201,0.78515625,1,0.03910324409614338,0.039963385146804836,0.9933149347982859,0.19331493479828588,253,0.98828125,1,0.04637350594023589,0.04783099787685775,18.592477458435617,0.0,3,2
108,0.85,0.8565776668702394,0.006577666870239418,215,0.83984375,1,0.041060622284937516,0.0420308256880734,0.9933149347982859,0.14331493479828594,253,0.98828125,1,0.04637350594023589,0.04783099787685775,12.939121132724107,0.0,3,2
108,0.9,0.900897450075054,0.0008974500750539294,227,0.88671875,1,0.04273837501818963,0.04437192307692307,0.9933149347982859,0.0933149347982859,253,0.98828125,1,0.04637350594023589,0.04783099787685775,8.505543134242078,0.0,3,2
108,0.95,0.9508783570376699,0.000878357037669919,243,0.94921875,1,0.044975378662525795,0.046523312883435586,0.9933149347982859,0.043314934798285964,253,0.98828125,1,0.04637350594023589,0.04783099787685775,3.1086503755776818,0.0,3,2
108,0.97,0.9701156382650897,0.00011563826508975694,247,0.96484375,1,0.04553462957360983,0.04780103734439834,0.9933149347982859,0.023314934798285947,253,0.98828125,1,0.04637350594023589,0.04783099787685775,1.8422821805763379,0.0,3,2
108,0.99,0.9933149347982861,0.003314934798286151,253,0.98828125,1,0.04637350594023589,0.04783099787685775,0.9933149347982859,0.003314934798285929,253,0.98828125,1,0.04637350594023589,0.04783099787685775,0.0,0.0,3,2
109,0.1,0.10290991636104681,0.002909916361046802,19,0.07421875,1,0.013657327641819563,0.015312371499468274,0.9930911047754244,0.8930911047754244,251,0.98046875,1,0.04609388048469387,0.04799157894736842,237.50292658683549,0.0,4,2
109,0.2,0.2061277319683399,0.006127731968339878,41,0.16015625,1,0.016733207652781783,0.01797626236335242,0.9930911047754244,0.7930911047754243,251,0.98046875,1,0.04609388048469387,0.04799157894736842,175.4635061080538,0.0,4,2
109,0.3,0.30072752418594456,0.0007275241859445725,67,0.26171875,1,0.02036833857482804,0.020534767025089606,0.9930911047754244,0.6930911047754245,251,0.98046875,1,0.04609388048469387,0.04799157894736842,126.30162158468056,0.0,4,2
109,0.4,0.40066100854980846,0.0006610085498084395,94,0.3671875,1,0.02414328222464531,0.022798618784530385,0.9930911047754244,0.5930911047754244,251,0.98046875,1,0.04609388048469387,0.04799157894736842,90.91803697527723,0.0,4,2
109,0.5,0.5016113869898561,0.0016113869898560784,123,0.48046875,1,0.028197851330004603,0.02735512528473804,0.9930911047754244,0.4930911047754244,251,0.98046875,1,0.04609388048469387,0.04799157894736842,63.46593201463746,0.0,4,2
109,0.6,0.605581572370733,0.005581572370732979,148,0.578125,1,0.03169316952427985,0.029753917662682604,0.9930911047754244,0.3930911047754244,251,0.98046875,1,0.04609388048469387,0.04799157894736842,45.437900899693126,0.0,4,2
109,0.7,0.7019650923479461,0.0019650923479461735,174,0.6796875,1,0.03532830044632611,0.03477317073170731,0.9930911047754244,0.29309110477542444,251,0.98046875,1,0.04609388048469387,0.04799157894736842,30.472963325036794,0.0,4,2
109,0.8,0.8017680471425891,0.0017680471425890465,196,0.765625,1,0.03840418045728833,0.038024493243243244,0.9930911047754244,0.19309110477542435,251,0.98046875,1,0.04609388048469387,0.04799157894736842,20.02308065383074,0.0,4,2
109,0.85,0.8505737652670997,0.0005737652670997351,210,0.8203125,1,0.040361558646082464,0.04064524236983842,0.9930911047754244,0.14309110477542442,251,0.98046875,1,0.04609388048469387,0.04799157894736842,14.202429318640286,0.0,4,2
109,0.9,0.9016027588277605,0.0016027588277605087,224,0.875,1,0.04231893683487661,0.043105703422053235,0.9930911047754244,0.09309110477542437,251,0.98046875,1,0.04609388048469387,0.04799157894736842,8.920223266824113,0.0,4,2
109,0.95,0.9535579447959813,0.0035579447959813715,240,0.9375,1,0.04455594047921276,0.04549817813765182,0.9930911047754244,0.04309110477542444,251,0.98046875,1,0.04609388048469387,0.04799157894736842,3.4517058532265166,0.0,4,2
109,0.97,0.9725656954624751,0.0025656954624750927,245,0.95703125,1,0.045255004118067814,0.04686082474226804,0.9930911047754244,0.02309110477542442,251,0.98046875,1,0.04609388048469387,0.04799157894736842,1.8536654298770605,0.0,4,2
109,0.99,0.9930911047754248,0.0030911047754248466,251,0.98046875,1,0.04609388048469387,0.04799157894736842,0.9930911047754244,0.0030911047754244025,251,0.98046875,1,0.04609388048469387,0.04799157894736842,0.0,0.0,4,2
110,0.1,0.10317117619314821,0.0031711761931482035,16,0.0625,1,0.013237889458506534,0.014520079654829075,0.975258960346495,0.875258960346495,241,0.94140625,1,0.044695753206983775,0.04639878048780488,237.63503878076827,0.0,4,3
110,0.2,0.20527991702276854,0.005279917022768532,40,0.15625,1,0.016593394925010774,0.017043641025641026,0.975258960346495,0.775258960346495,241,0.94140625,1,0.044695753206983775,0.04639878048780488,169.35870211595505,0.0,4,3
110,0.3,0.3038434291402606,0.0038434291402605902,61,0.23828125,1,0.01952946220820198,0.019800402955003356,0.975258960346495,0.6752589603464949,241,0.94140625,1,0.044695753206983775,0.04639878048780488,128.8632053995448,0.0,4,3
110,0.4,0.4028892688585717,0.0028892688585716586,87,0.33984375,1,0.02316459313024824,0.022755073720728537,0.975258960346495,0.5752589603464949,241,0.94140625,1,0.044695753206983775,0.04639878048780488,92.94857870229643,0.0,4,3
110,0.5,0.5020016799221223,0.0020016799221223014,108,0.421875,1,0.02610066041343945,0.025266974358974358,0.975258960346495,0.47525896034649495,241,0.94140625,1,0.044695753206983775,0.04639878048780488,71.2437635638122,0.0,4,3
110,0.6,0.6009124183385195,0.0009124183385195161,139,0.54296875,1,0.030434854974340758,0.029702770780856425,0.975258960346495,0.375258960346495,241,0.94140625,1,0.044695753206983775,0.04639878048780488,46.85712563659725,0.0,4,3
110,0.7,0.7007100747786725,0.0007100747786725758,170,0.6640625,1,0.03476904953524207,0.0338881913303438,0.975258960346495,0.275258960346495,241,0.94140625,1,0.044695753206983775,0.04639878048780488,28.550402741610625,0.0,4,3
110,0.8,0.804774055327182,0.004774055327182003,198,0.7734375,1,0.03868380591283035,0.03888293515358362,0.975258960346495,0.1752589603464949,241,0.94140625,1,0.044695753206983775,0.04639878048780488,15.54125079548967,0.0,4,3
110,0.85,0.8516211854859989,0.0016211854859988772,210,0.8203125,1,0.040361558646082464,0.04064524236983842,0.975258960346495,0.12525896034649497,241,0.94140625,1,0.044695753206983775,0.04639878048780488,10.738422167752425,0.0,4,3
110,0.9,0.902441287347044,0.0024412873470439633,223,0.87109375,1,0.042179124107105594,0.04327405303030303,0.975258960346495,0.07525896034649493,241,0.94140625,1,0.044695753206983775,0.04639878048780488,5.966527644072683,0.0,4,3
110,0.95,0.9508904121490779,0.0008904121490779238,234,0.9140625,1,0.043717064112586704,0.044589723320158106,0.975258960346495,0.025258960346494996,241,0.94140625,1,0.044695753206983775,0.04639878048780488,2.2386889748053695,0.0,4,3
110,0.97,0.9752589603464953,0.005258960346495312,241,0.94140625,1,0.044695753206983775,0.04639878048780488,0.975258960346495,0.0052589603464949786,241,0.94140625,1,0.044695753206983775,0.04639878048780488,0.0,0.0,4,3
110,0.99,0.9920360551664731,0.002036055166473094,251,0.98046875,1,0.04609388048469387,0.04799157894736842,1.0,0.010000000000000009,256,1.0,1,0.046792944123548924,0.048613400368694486,1.5166083469305258,0.0,4,3
111,0.1,0.1014011464291568,0.0014011464291567993,17,0.06640625,1,0.013377702186277544,0.015339002036659877,0.9976755179507402,0.8976755179507402,255,0.99609375,1,0.04665313139577791,0.048423504273504274,248.73800258188834,0.0,3,2
111,0.2,0.20028305115976983,0.0002830511597698149,40,0.15625,1,0.016593394925010774,0.017043641025641026,0.9976755179507402,0.7976755179507402,255,0.99609375,1,0.04665313139577791,0.048423504273504274,181.15483062154394,0.0,3,2
111,0.3,0.3010724973812656,0.0010724973812656358,64,0.25,1,0.019948900391515013,0.019484455239417074,0.9976755179507402,0.6976755179507401,255,0.99609375,1,0.04665313139577791,0.048423504273504274,133.8631728073652,0.0,3,2
111,0.4,0.40336169251230086,0.00336169251230084,90,0.3515625,1,0.023584031313561273,0.022319679430097952,0.9976755179507402,0.5976755179507401,255,0.99609375,1,0.04665313139577791,0.048423504273504274,97.8166106358223,0.0,3,2
111,0.5,0.5006358343193178,0.0006358343193177962,115,0.44921875,1,0.02707934950783652,0.025499892125134843,0.9976755179507402,0.49767551795074016,255,0.99609375,1,0.04665313139577791,0.048423504273504274,72.2830579156893,0.0,3,2
111,0.6,0.6009685838462749,0.0009685838462749619,143,0.55859375,1,0.030994105885424797,0.030185419354838712,0.9976755179507402,0.3976755179507402,255,0.99609375,1,0.04665313139577791,0.048423504273504274,50.52259151543031,0.0,3,2
111,0.7,0.7017730371438653,0.0017730371438653414,171,0.66796875,1,0.034908862263013075,0.03412912912912913,0.9976755179507402,0.2976755179507402,255,0.99609375,1,0.04665313139577791,0.048423504273504274,33.64265797114854,0.0,3,2
111,0.8,0.8036391614022157,0.0036391614022156515,199,0.77734375,1,0.03882361864060136,0.03939914383561644,0.9976755179507402,0.19767551795074012,255,0.99609375,1,0.04665313139577791,0.048423504273504274,20.166880443721745,0.0,3,2
111,0.85,0.851054716718786,0.0010547167187859863,213,0.83203125,1,0.0407809968293955,0.04163018181818182,0.9976755179507402,0.1476755179507402,255,0.99609375,1,0.04665313139577791,0.048423504273504274,14.399193307971569,0.0,3,2
111,0.9,0.9007031893053101,0.0007031893053101035,229,0.89453125,1,0.04301800047373165,0.04447320388349515,0.9976755179507402,0.09767551795074014,255,0.99609375,1,0.04665313139577791,0.048423504273504274,8.45025543264384,0.0,3,2
111,0.95,0.9554213057251982,0.005421305725198278,244,0.953125,1,0.04511519139029681,0.046086858316221765,0.9976755179507402,0.04767551795074021,255,0.99609375,1,0.04665313139577791,0.048423504273504274,3.408918278050077,0.0,3,2
111,0.97,0.9707034998126496,0.0007034998126496106,249,0.97265625,1,0.04581425502915185,0.04799748953974896,0.9976755179507402,0.02767551795074019,255,0.99609375,1,0.04665313139577791,0.048423504273504274,1.8310378856805087,0.0,3,2
111,0.99,0.9934470099115802,0.003447009911580201,254,0.9921875,1,0.046513318668006905,0.04839595744680851,0.9976755179507402,0.007675517950740174,255,0.99609375,1,0.04665313139577791,0.048423504273504274,0.30058643798120954,0.0,3,2
112,0.1,0.10128734452155083,0.0012873445215508261,18,0.0703125,1,0.013517514914048553,0.014918147120055517,0.9394968690610864,0.8394968690610864,230,0.8984375,1,0.043157813201502665,0.04402826510721248,219.27327971097253,0.0,5,2
112,0.2,0.2021137573184037,0.002113757318403686,39,0.15234375,1,0.01645358219723976,0.017378827690752906,0.9394968690610864,0.7394968690610864,230,0.8984375,1,0.043157813201502665,0.04402826510721248,162.3004078026412,0.0,5,2
112,0.3,0.30189842189580657,0.001898421895806579,63,0.24609375,1,0.019809087663744,0.02000727522306108,0.9394968690610864,0.6394968690610865,230,0.8984375,1,0.043157813201502665,0.04402826510721248,117.86875768384407,0.0,5,2
112,0.4,0.4015453736251132,0.0015453736251132,88,0.34375,1,0.023304405858019253,0.021696150481189853,0.9394968690610864,0.5394968690610864,230,0.8984375,1,0.043157813201502665,0.04402826510721248,85.19164772721155,0.0,5,2
112,0.5,0.5042438740067962,0.0042438740067961556,115,0.44921875,1,0.02707934950783652,0.025499892125134843,0.9394968690610864,0.4394968690610864,230,0.8984375,1,0.043157813201502665,0.04402826510721248,59.37536900217335,0.0,5,2
112,0.6,0.6019771877440533,0.0019771877440533103,142,0.5546875,1,0.03085429315765379,0.030083717948717947,0.9394968690610864,0.33949686906108645,230,0.8984375,1,0.043157813201502665,0.04402826510721248,39.87620128253313,0.0,5,2
112,0.7,0.7001789145048409,0.00017891450484097682,170,0.6640625,1,0.03476904953524207,0.0338881913303438,0.9394968690610864,0.23949686906108647,230,0.8984375,1,0.043157813201502665,0.04402826510721248,24.12710090840333,0.0,5,2
112,0.8,0.8015047920677892,0.0015047920677891957,192,0.75,1,0.03784492954620429,0.03774518272425249,0.9394968690610864,0.13949686906108638,230,0.8984375,1,0.043157813201502665,0.04402826510721248,14.038561358165458,0.0,5,2
112,0.85,0.8527024981382427,0.002702498138242748,206,0.8046875,1,0.039802307734998425,0.039936572438162544,0.9394968690610864,0.08949686906108645,230,0.8984375,1,0.043157813201502665,0.04402826510721248,8.430429433501718,0.0,5,2
112,0.9,0.9030027348553875,0.00300273485538749,218,0.8515625,1,0.04148006046825055,0.04183506493506493,0.9394968690610864,0.039496869061086404,230,0.8984375,1,0.043157813201502665,0.04402826510721248,4.044721040212296,0.0,5,2
112,0.95,0.955029390516972,0.005029390516972043,237,0.92578125,1,0.044136502295899736,0.0458994,0.9916902202217854,0.04169022022178548,250,0.9765625,1,0.045954067756922866,0.04733333333333334,4.118055048489833,0.0,5,2
112,0.97,0.9702550136069275,0.0002550136069274789,243,0.94921875,1,0.044975378662525795,0.046523312883435586,0.9916902202217854,0.02169022022178546,250,0.9765625,1,0.045954067756922866,0.04733333333333334,2.176055262904386,0.0,5,2
112,0.99,0.9916902202217855,0.0016902202217855544,250,0.9765625,1,0.045954067756922866,0.04733333333333334,0.9916902202217854,0.0016902202217854434,250,0.9765625,1,0.045954067756922866,0.04733333333333334,0.0,0.0,5,2
113,0.1,0.10221411768557398,0.002214117685573974,19,0.07421875,1,0.013657327641819563,0.015312371499468274,0.9753368174201646,0.8753368174201647,246,0.9609375,1,0.04539481684583883,0.04721863354037267,232.3843290310848,0.0,4,2
113,0.2,0.20255158895507638,0.0025515889550763726,45,0.17578125,1,0.017292458563865822,0.018111618942731278,0.9753368174201646,0.7753368174201647,246,0.9609375,1,0.04539481684583883,0.04721863354037267,162.512219868466,0.0,4,2
113,0.3,0.3015449986252914,0.0015449986252913939,68,0.265625,1,0.020508151302599052,0.019579362780593773,0.9753368174201646,0.6753368174201646,246,0.9609375,1,0.04539481684583883,0.04721863354037267,121.35011672205587,0.0,4,2
113,0.4,0.4010678679255314,0.0010678679255313739,91,0.35546875,1,0.02372384404133228,0.022570736086175942,0.9753368174201646,0.5753368174201646,246,0.9609375,1,0.04539481684583883,0.04721863354037267,91.34680183679691,0.0,4,2
113,0.5,0.5025433863437854,0.00254338634378537,119,0.46484375,1,0.027638600418920557,0.026446674057649666,0.9753368174201646,0.47533681742016465,246,0.9609375,1,0.04539481684583883,0.04721863354037267,64.24426764664572,0.0,4,2
113,0.6,0.6046310482694429,0.004631048269442939,147,0.57421875,1,0.031553356796508836,0.0300998678996037,0.9753368174201646,0.37533681742016467,246,0.9609375,1,0.04539481684583883,0.04721863354037267,43.86683844319681,0.0,4,2
113,0.7,0.7002910492160546,0.0002910492160546063,177,0.69140625,1,0.03574773862963914,0.03657105263157895,0.9753368174201646,0.2753368174201647,246,0.9609375,1,0.04539481684583883,0.04721863354037267,26.986541207955206,0.0,4,2
113,0.8,0.8031669975330542,0.003166997533054161,201,0.78515625,1,0.03910324409614338,0.039963385146804836,0.9753368174201646,0.1753368174201646,246,0.9609375,1,0.04539481684583883,0.04721863354037267,16.089643954415433,0.0,4,2
113,0.85,0.8520538432474074,0.0020538432474074275,215,0.83984375,1,0.041060622284937516,0.0420308256880734,0.9753368174201646,0.12533681742016467,246,0.9609375,1,0.04539481684583883,0.04721863354037267,10.55559881880126,0.0,4,2
113,0.9,0.9060458187409203,0.00604581874092025,230,0.8984375,1,0.043157813201502665,0.04402826510721248,0.9753368174201646,0.07533681742016463,246,0.9609375,1,0.04539481684583883,0.04721863354037267,5.183310919604867,0.0,4,2
113,0.95,0.95054822670438,0.0005482267043800393,240,0.9375,1,0.04455594047921276,0.04549817813765182,0.9753368174201646,0.025336817420164692,246,0.9609375,1,0.04539481684583883,0.04721863354037267,1.8827486472144717,0.0,4,2
113,0.97,0.9753368174201643,0.0053368174201643415,246,0.9609375,1,0.04539481684583883,0.04721863354037267,0.9753368174201646,0.0053368174201646745,246,0.9609375,1,0.04539481684583883,0.04721863354037267,0.0,0.0,4,2
113,0.99,0.996514215513031,0.0065142155130309964,254,0.9921875,1,0.046513318668006905,0.04839595744680851,0.9990998617598076,0.009099861759807593,255,0.99609375,1,0.04665313139577791,0.048423504273504274,0.30058643798120954,0.0,4,2
114,0.1,0.10086885400976002,0.0008688540097600145,18,0.0703125,1,0.013517514914048553,0.014918147120055517,0.9985472412724163,0.8985472412724164,254,0.9921875,1,0.046513318668006905,0.04839595744680851,244.09666986693165,0.0,3,2
114,0.2,0.20138628127924696,0.001386281279246948,45,0.17578125,1,0.017292458563865822,0.018111618942731278,0.9985472412724163,0.7985472412724164,254,0.9921875,1,0.046513318668006905,0.04839595744680851,168.9803679229323,0.0,3,2
114,0.3,0.3041317522250939,0.004131752225093932,72,0.28125,1,0.02106740221368309,0.02044079939668175,0.9985472412724163,0.6985472412724163,254,0.9921875,1,0.046513318668006905,0.04839595744680851,120.78336092998177,0.0,3,2
114,0.4,0.40193744274339654,0.0019374427433965224,100,0.390625,1,0.02498215859127137,0.02386515444015444,0.9985472412724163,0.5985472412724163,254,0.9921875,1,0.046513318668006905,0.04839595744680851,86.1861475983841,0.0,3,2
114,0.5,0.5018275527147463,0.0018275527147463277,122,0.4765625,1,0.02805803860223359,0.026395814479638006,0.9985472412724163,0.49854724127241634,254,0.9921875,1,0.046513318668006905,0.04839595744680851,65.7753748485618,0.0,3,2
114,0.6,0.6005804386723828,0.000580438672382777,150,0.5859375,1,0.03197279497982187,0.031179032258064517,0.9985472412724163,0.39854724127241636,254,0.9921875,1,0.046513318668006905,0.04839595744680851,45.47779978998272,0.0,3,2
114,0.7,0.7016206424064797,0.0016206424064797442,179,0.69921875,1,0.03602736408518116,0.036170468750000004,0.9985472412724163,0.2985472412724164,254,0.9921875,1,0.046513318668006905,0.04839595744680851,29.105528114777755,0.0,3,2
114,0.8,0.8023339675686972,0.002333967568697193,204,0.796875,1,0.039522682279456406,0.039092994746059546,0.9985472412724163,0.1985472412724163,254,0.9921875,1,0.046513318668006905,0.04839595744680851,17.687656771676608,0.0,3,2
114,0.85,0.8518395862393862,0.0018395862393861817,216,0.84375,1,0.04120043501270853,0.04185874769797422,0.9985472412724163,0.14854724127241636,254,0.9921875,1,0.046513318668006905,0.04839595744680851,12.895212523022103,0.0,3,2
114,0.9,0.9014625703329514,0.001462570332951385,229,0.89453125,1,0.04301800047373165,0.04447320388349515,0.9985472412724163,0.09854724127241632,254,0.9921875,1,0.046513318668006905,0.04839595744680851,8.125245608311381,0.0,3,2
114,0.95,0.9551826108009297,0.005182610800929743,242,0.9453125,1,0.04483556593475478,0.046679633401222,0.9985472412724163,0.048547241272416386,254,0.9921875,1,0.046513318668006905,0.04839595744680851,3.7420130610007485,0.0,3,2
114,0.97,0.971033483970526,0.0010334839705260501,245,0.95703125,1,0.045255004118067814,0.04686082474226804,0.9985472412724163,0.028547241272416368,254,0.9921875,1,0.046513318668006905,0.04839595744680851,2.7804981448155797,0.0,3,2
114,0.99,0.9909093475273242,0.0009093475273241891,252,0.984375,1,0.046233693212464885,0.047364904862579285,0.9985472412724163,0.00854724127241635,254,0.9921875,1,0.046513318668006905,0.04839595744680851,0.6048088225550474,0.0,3,2
115,0.1,0.10334356234316165,0.0033435623431616462,19,0.07421875,1,0.013657327641819563,0.015312371499468274,0.9693088019440697,0.8693088019440697,241,0.94140625,1,0.044695753206983775,0.04639878048780488,227.265731475334,0.0,6,2
115,0.2,0.20056716757363946,0.0005671675736394488,44,0.171875,1,0.017152645836094813,0.017583269961977187,0.9693088019440697,0.7693088019440697,241,0.94140625,1,0.044695753206983775,0.04639878048780488,160.57643604422358,0.0,6,2
115,0.3,0.3000836771022496,8.36771022496019e-05,70,0.2734375,1,0.02078777675814107,0.020093865484109387,0.9693088019440697,0.6693088019440696,241,0.94140625,1,0.044695753206983775,0.04639878048780488,115.00978063697782,0.0,6,2
115,0.4,0.40071280329605435,0.0007128032960543318,93,0.36328125,1,0.0240034694968743,0.022591232876712327,0.9693088019440697,0.5693088019440696,241,0.94140625,1,0.044695753206983775,0.04639878048780488,86.20538673712979,0.0,6,2
115,0.5,0.5005904702340487,0.0005904702340486789,120,0.46875,1,0.02777841314669157,0.02587689732142857,0.9693088019440697,0.46930880194406965,241,0.94140625,1,0.044695753206983775,0.04639878048780488,60.901031210658175,0.0,6,2
115,0.6,0.6003142684481932,0.0003142684481932667,145,0.56640625,1,0.031273731340966816,0.030195300261096607,0.9693088019440697,0.3693088019440697,241,0.94140625,1,0.044695753206983775,0.04639878048780488,42.91787800976237,0.0,6,2
115,0.7,0.7035567875329519,0.003556787532951966,169,0.66015625,1,0.034629236807471056,0.033990044576523035,0.9693088019440697,0.2693088019440697,241,0.94140625,1,0.044695753206983775,0.04639878048780488,29.069414539742123,0.0,6,2
115,0.8,0.8006647382800018,0.0006647382800017976,196,0.765625,1,0.03840418045728833,0.038024493243243244,0.9693088019440697,0.1693088019440696,241,0.94140625,1,0.044695753206983775,0.04639878048780488,16.382520534952416,0.0,6,2
115,0.85,0.8526127612188287,0.0026127612188286964,212,0.828125,1,0.04064118410162449,0.04085869565217391,0.9693088019440697,0.11930880194406968,241,0.94140625,1,0.044695753206983775,0.04639878048780488,9.97650337948006,0.0,6,2
115,0.9,0.9020487203594418,0.0020487203594418135,223,0.87109375,1,0.042179124107105594,0.04327405303030303,0.9693088019440697,0.06930880194406963,241,0.94140625,1,0.044695753206983775,0.04639878048780488,5.966527644072683,0.0,6,2
115,0.95,0.9516353537230178,0.0016353537230178183,236,0.921875,1,0.04399668956812872,0.04414103585657371,0.9693088019440697,0.019308801944069698,241,0.94140625,1,0.044695753206983775,0.04639878048780488,1.5889005416476865,0.0,6,2
115,0.97,0.972120647062334,0.002120647062334058,242,0.9453125,1,0.04483556593475478,0.046679633401222,0.9721206470623341,0.002120647062334169,242,0.9453125,1,0.04483556593475478,0.046679633401222,0.0,0.0,6,2
115,0.99,0.9901088089447228,0.00010880894472276026,249,0.97265625,1,0.04581425502915185,0.04799748953974896,0.9901088089447229,0.00010880894472287128,249,0.97265625,1,0.04581425502915185,0.04799748953974896,0.0,0.0,6,2
116,0.1,0.10025905791448962,0.000259057914489616,21,0.08203125,1,0.013936953097361583,0.015592276422764229,0.9828040861341003,0.8828040861341003,250,0.9765625,1,0.045954067756922866,0.04733333333333334,229.72822277505168,0.0,3,2
116,0.2,0.20237625646566146,0.002376256465661447,45,0.17578125,1,0.017292458563865822,0.018111618942731278,0.9828040861341003,0.7828040861341004,250,0.9765625,1,0.045954067756922866,0.04733333333333334,165.74629389569915,0.0,3,2
116,0.3,0.30566357086130946,0.005663570861309475,70,0.2734375,1,0.02078777675814107,0.020093865484109387,0.9828040861341003,0.6828040861341003,250,0.9765625,1,0.045954067756922866,0.04733333333333334,121.06292698629244,0.0,3,2
116,0.4,0.4030271390432511,0.0030271390432510814,94,0.3671875,1,0.02414328222464531,0.022798618784530385,0.9828040861341003,0.5828040861341003,250,0.9765625,1,0.045954067756922866,0.04733333333333334,90.33894119836465,0.0,3,2
116,0.5,0.5033883592268664,0.003388359226866422,119,0.46484375,1,0.027638600418920557,0.026446674057649666,0.9828040861341003,0.4828040861341003,250,0.9765625,1,0.045954067756922866,0.04733333333333334,66.26770914732747,0.0,3,2
116,0.6,0.602835775841518,0.0028357758415180623,143,0.55859375,1,0.030994105885424797,0.030185419354838712,0.9828040861341003,0.38280408613410033,250,0.9765625,1,0.045954067756922866,0.04733333333333334,48.26711867992004,0.0,3,2
116,0.7,0.7026646627378553,0.0026646627378553722,174,0.6796875,1,0.03532830044632611,0.03477317073170731,0.9828040861341003,0.28280408613410035,250,0.9765625,1,0.045954067756922866,0.04733333333333334,30.077210554581768,0.0,3,2
116,0.8,0.8007722999427489,0.0007722999427488553,201,0.78515625,1,0.03910324409614338,0.039963385146804836,0.9828040861341003,0.18280408613410026,250,0.9765625,1,0.045954067756922866,0.04733333333333334,17.519834528141253,0.0,3,2
116,0.85,0.852885738715058,0.0028857387150580394,213,0.83203125,1,0.0407809968293955,0.04163018181818182,0.9828040861341003,0.13280408613410033,250,0.9765625,1,0.045954067756922866,0.04733333333333334,12.685003628451152,0.0,3,2
116,0.9,0.9008447100696794,0.0008447100696793441,230,0.8984375,1,0.043157813201502665,0.04402826510721248,0.9828040861341003,0.08280408613410029,250,0.9765625,1,0.045954067756922866,0.04733333333333334,6.479138649506089,0.0,3,2
116,0.95,0.9545727654048082,0.004572765404808221,244,0.953125,1,0.04511519139029681,0.046086858316221765,0.9828040861341003,0.03280408613410035,250,0.9765625,1,0.045954067756922866,0.04733333333333334,1.8594099698455047,0.0,3,2
116,0.97,0.9713539277573338,0.0013539277573337838,248,0.96875,1,0.045674442301380846,0.04718708333333334,0.9828040861341003,0.012804086134100334,250,0.9765625,1,0.045954067756922866,0.04733333333333334,0.6122142744446002,0.0,3,2
116,0.99,0.9930282797581638,0.0030282797581637766,254,0.9921875,1,0.046513318668006905,0.04839595744680851,1.0,0.010000000000000009,256,1.0,1,0.046792944123548924,0.048613400368694486,0.6011728759624191,0.0,3,2
117,0.1,0.10218323520865975,0.002183235208659748,19,0.07421875,1,0.013657327641819563,0.015312371499468274,0.9973704693416781,0.8973704693416781,255,0.99609375,1,0.04665313139577791,0.048423504273504274,241.59780463143613,0.0,3,2
117,0.2,0.2018547625991585,0.0018547625991584826,45,0.17578125,1,0.017292458563865822,0.018111618942731278,0.9973704693416781,0.7973704693416781,255,0.99609375,1,0.04665313139577791,0.048423504273504274,169.7888864297406,0.0,3,2
117,0.3,0.30154566498268975,0.001545664982689765,69,0.26953125,1,0.020647964030370062,0.02049846378931968,0.9973704693416781,0.697370469341678,255,0.99609375,1,0.04665313139577791,0.048423504273504274,125.945431361456,0.0,3,2
117,0.4,0.4016453839757288,0.0016453839757287758,97,0.37890625,1,0.02456272040795834,0.02290433962264151,0.9973704693416781,0.597370469341678,255,0.99609375,1,0.04665313139577791,0.048423504273504274,89.93470845624356,0.0,3,2
117,0.5,0.5063877591936642,0.006387759193664189,121,0.47265625,1,0.027918225874462577,0.026121709786276714,0.9973704693416781,0.49737046934167806,255,0.99609375,1,0.04665313139577791,0.048423504273504274,67.10636129086043,0.0,3,2
117,0.6,0.6044541420902905,0.004454142090290492,147,0.57421875,1,0.031553356796508836,0.0300998678996037,0.9973704693416781,0.3973704693416781,255,0.99609375,1,0.04665313139577791,0.048423504273504274,47.854732847123785,0.0,3,2
117,0.7,0.7026091733135466,0.0026091733135465978,177,0.69140625,1,0.03574773862963914,0.03657105263157895,0.9973704693416781,0.2973704693416781,255,0.99609375,1,0.04665313139577791,0.048423504273504274,30.50652484377543,0.0,3,2
117,0.8,0.8005603760146119,0.0005603760146118963,201,0.78515625,1,0.03910324409614338,0.039963385146804836,0.9973704693416781,0.197370469341678,255,0.99609375,1,0.04665313139577791,0.048423504273504274,19.307572745298508,0.0,3,2
117,0.85,0.8504689202819635,0.0004689202819635474,215,0.83984375,1,0.041060622284937516,0.0420308256880734,0.9973704693416781,0.14737046934167808,255,0.99609375,1,0.04665313139577791,0.048423504273504274,13.620127508130642,0.0,3,2
117,0.9,0.9008213620546877,0.0008213620546876355,226,0.8828125,1,0.042598562290418626,0.0439360153256705,0.9973704693416781,0.09737046934167803,255,0.99609375,1,0.04665313139577791,0.048423504273504274,9.51808907943179,0.0,3,2
117,0.95,0.953802318843125,0.0038023188431250965,241,0.94140625,1,0.044695753206983775,0.04639878048780488,0.9973704693416781,0.0473704693416781,255,0.99609375,1,0.04665313139577791,0.048423504273504274,4.379338188417181,0.0,3,2
117,0.97,0.9717742170413621,0.0017742170413621583,249,0.97265625,1,0.04581425502915185,0.04799748953974896,0.9973704693416781,0.027370469341678083,255,0.99609375,1,0.04665313139577791,0.048423504273504274,1.8310378856805087,0.0,3,2
117,0.99,0.9915506239542138,0.0015506239542137923,254,0.9921875,1,0.046513318668006905,0.04839595744680851,0.9973704693416781,0.007370469341678065,255,0.99609375,1,0.04665313139577791,0.048423504273504274,0.30058643798120954,0.0,3,2
118,0.1,0.1043540185691913,0.0043540185691912925,18,0.0703125,1,0.013517514914048553,0.014918147120055517,0.9463564488792781,0.8463564488792781,235,0.91796875,1,0.04385687684035772,0.04478630952380953,224.44481932679733,0.0,6,2
118,0.2,0.20171581801715394,0.001715818017153925,41,0.16015625,1,0.016733207652781783,0.01797626236335242,0.9463564488792781,0.746356448879278,235,0.91796875,1,0.04385687684035772,0.04478630952380953,162.09485802363068,0.0,6,2
118,0.3,0.3035927838997312,0.0035927838997312223,65,0.25390625,1,0.02008871311928602,0.019898385964912283,0.9463564488792781,0.6463564488792781,235,0.91796875,1,0.04385687684035772,0.04478630952380953,118.31600949218219,0.0,6,2
118,0.4,0.4013926842288888,0.0013926842288887742,93,0.36328125,1,0.0240034694968743,0.022591232876712327,0.9463564488792781,0.546356448879278,235,0.91796875,1,0.04385687684035772,0.04478630952380953,82.7105737613002,0.0,6,2
118,0.5,0.5015955433856504,0.0015955433856503776,115,0.44921875,1,0.02707934950783652,0.025499892125134843,0.9463564488792781,0.44635644887927806,235,0.91796875,1,0.04385687684035772,0.04478630952380953,61.95690678487655,0.0,6,2
118,0.6,0.6038150584298227,0.0038150584298227708,140,0.546875,1,0.03057466770211177,0.029551584283903677,0.9463564488792781,0.3463564488792781,235,0.91796875,1,0.04385687684035772,0.04478630952380953,43.441875698058865,0.0,6,2
118,0.7,0.706881922327115,0.006881922327115042,167,0.65234375,1,0.03434961135192904,0.03351941176470589,0.9463564488792781,0.2463564488792781,235,0.91796875,1,0.04385687684035772,0.04478630952380953,27.677941945316253,0.0,6,2
118,0.8,0.8023367623399194,0.002336762339919307,194,0.7578125,1,0.03812455500174631,0.03832177554438861,0.9463564488792781,0.146356448879278,235,0.91796875,1,0.04385687684035772,0.04478630952380953,15.035773764044812,0.0,6,2
118,0.85,0.8503860028893802,0.000386002889380177,208,0.8125,1,0.040081933190540445,0.04029536541889483,0.9463564488792781,0.09635644887927808,235,0.91796875,1,0.04385687684035772,0.04478630952380953,9.418067815921072,0.0,6,2
118,0.9,0.9005315857238742,0.0005315857238741284,222,0.8671875,1,0.04203931137933459,0.04317018867924528,0.9463564488792781,0.046356448879278034,235,0.91796875,1,0.04385687684035772,0.04478630952380953,4.323490089127846,0.0,6,2
118,0.95,0.9518957821389403,0.0018957821389403717,237,0.92578125,1,0.044136502295899736,0.0458994,0.9727272382585006,0.02272723825850065,244,0.953125,1,0.04511519139029681,0.046086858316221765,2.2174142568791355,0.0,6,2
118,0.97,0.9727272382585007,0.0027272382585007415,244,0.953125,1,0.04511519139029681,0.046086858316221765,0.9727272382585006,0.0027272382585006305,244,0.953125,1,0.04511519139029681,0.046086858316221765,0.0,0.0,6,2
118,0.99,0.9901428779117777,0.0001428779117776946,251,0.98046875,1,0.04609388048469387,0.04799157894736842,0.9989230032859046,0.008923003285904563,254,0.9921875,1,0.046513318668006905,0.04839595744680851,0.9099650081583199,0.0,6,2
119,0.1,0.10199524887479859,0.001995248874798586,17,0.06640625,1,0.013377702186277544,0.015339002036659877,0.9903570920515608,0.8903570920515608,252,0.984375,1,0.046233693212464885,0.047364904862579285,245.6026496081671,0.0,3,2
119,0.2,0.20517259916019137,0.00517259916019136,40,0.15625,1,0.016593394925010774,0.017043641025641026,0.9903570920515608,0.7903570920515608,252,0.984375,1,0.046233693212464885,0.047364904862579285,178.62708879891778,0.0,3,2
119,0.3,0.3027433664384625,0.0027433664384625134,64,0.25,1,0.019948900391515013,0.019484455239417074,0.9903570920515608,0.6903570920515607,252,0.984375,1,0.046233693212464885,0.047364904862579285,131.76060988368934,0.0,3,2
119,0.4,0.401057124371488,0.001057124371487972,86,0.3359375,1,0.02302478040247723,0.02323981083404987,0.9903570920515608,0.5903570920515607,252,0.984375,1,0.046233693212464885,0.047364904862579285,100.7997140658532,0.0,3,2
119,0.5,0.5012654441282566,0.0012654441282565765,120,0.46875,1,0.02777841314669157,0.02587689732142857,0.9903570920515608,0.49035709205156075,252,0.984375,1,0.046233693212464885,0.047364904862579285,66.43748859344527,0.0,3,2
119,0.6,0.6027467639297908,0.0027467639297907853,150,0.5859375,1,0.03197279497982187,0.031179032258064517,0.9903570920515608,0.3903570920515608,252,0.984375,1,0.046233693212464885,0.047364904862579285,44.603226717098444,0.0,3,2
119,0.7,0.7004732439758836,0.00047324397588366374,178,0.6953125,1,0.03588755135741015,0.0360710730948678,0.9903570920515608,0.2903570920515608,252,0.984375,1,0.046233693212464885,0.047364904862579285,28.82933347002634,0.0,3,2
119,0.8,0.8009324128549402,0.0009324128549401678,200,0.78125,1,0.03896343136837237,0.03915611015490534,0.9903570920515608,0.1903570920515607,252,0.984375,1,0.046233693212464885,0.047364904862579285,18.659192963158723,0.0,3,2
119,0.85,0.8517077786286448,0.001707778628644796,212,0.828125,1,0.04064118410162449,0.04085869565217391,0.9903570920515608,0.14035709205156077,252,0.984375,1,0.046233693212464885,0.047364904862579285,13.760694316524248,0.0,3,2
119,0.9,0.9020943607786973,0.0020943607786972906,227,0.88671875,1,0.04273837501818963,0.04437192307692307,0.9903570920515608,0.09035709205156073,252,0.984375,1,0.046233693212464885,0.047364904862579285,8.178406859848163,0.0,3,2
119,0.95,0.9529049141126471,0.00290491411264715,240,0.9375,1,0.04455594047921276,0.04549817813765182,0.9903570920515608,0.040357092051560794,252,0.984375,1,0.046233693212464885,0.047364904862579285,3.7654972944289433,0.0,3,2
119,0.97,0.9703249910519528,0.0003249910519528276,246,0.9609375,1,0.04539481684583883,0.04721863354037267,0.9903570920515608,0.020357092051560777,252,0.984375,1,0.046233693212464885,0.047364904862579285,1.8479562754375456,0.0,3,2
119,0.99,0.9903570920515604,0.0003570920515604259,252,0.984375,1,0.046233693212464885,0.047364904862579285,0.9903570920515608,0.00035709205156075896,252,0.984375,1,0.046233693212464885,0.047364904862579285,0.0,0.0,3,2
120,0.1,0.10108967498787615,0.0010896749878761408,19,0.07421875,1,0.013657327641819563,0.015312371499468274,0.9837952722642274,0.8837952722642274,250,0.9765625,1,0.045954067756922866,0.04733333333333334,236.47920707568537,0.0,4,2
120,0.2,0.20176641591493916,0.0017664159149391456,40,0.15625,1,0.016593394925010774,0.017043641025641026,0.9837952722642274,0.7837952722642274,250,0.9765625,1,0.045954067756922866,0.04733333333333334,176.94192758383366,0.0,4,2
120,0.3,0.30721219175744513,0.007212191757445141,69,0.26953125,1,0.020647964030370062,0.02049846378931968,0.9837952722642274,0.6837952722642273,250,0.9765625,1,0.045954067756922866,0.04733333333333334,122.55980148614807,0.0,4,2
120,0.4,0.4012484215558626,0.0012484215558625777,96,0.375,1,0.02442290768018733,0.022693451824134705,0.9837952722642274,0.5837952722642273,250,0.9765625,1,0.045954067756922866,0.04733333333333334,88.15969154320771,0.0,4,2
120,0.5,0.5031492561760352,0.003149256176035231,124,0.484375,1,0.02833766405777561,0.02639587155963303,0.9837952722642274,0.48379527226422736,250,0.9765625,1,0.045954067756922866,0.04733333333333334,62.166040444372726,0.0,4,2
120,0.6,0.6003952854962856,0.0003952854962856467,146,0.5703125,1,0.03141354406873783,0.029954461942257222,0.9837952722642274,0.3837952722642274,250,0.9765625,1,0.045954067756922866,0.04733333333333334,46.28743466947907,0.0,4,2
120,0.7,0.7001736315943382,0.0001736315943382527,171,0.66796875,1,0.034908862263013075,0.03412912912912913,0.9837952722642274,0.2837952722642274,250,0.9765625,1,0.045954067756922866,0.04733333333333334,31.640118806199236,0.0,4,2
120,0.8,0.8017507652102751,0.0017507652102750626,201,0.78515625,1,0.03910324409614338,0.039963385146804836,0.9837952722642274,0.18379527226422732,250,0.9765625,1,0.045954067756922866,0.04733333333333334,17.519834528141253,0.0,4,2
120,0.85,0.8507313829889356,0.0007313829889356027,216,0.84375,1,0.04120043501270853,0.04185874769797422,0.9837952722642274,0.13379527226422738,250,0.9765625,1,0.045954067756922866,0.04733333333333334,11.537821731125053,0.0,4,2
120,0.9,0.9022031160261972,0.0022031160261971605,226,0.8828125,1,0.042598562290418626,0.0439360153256705,0.9837952722642274,0.08379527226422734,250,0.9765625,1,0.045954067756922866,0.04733333333333334,7.877039238150463,0.0,4,2
120,0.95,0.9504763360536764,0.0004763360536764738,241,0.94140625,1,0.044695753206983775,0.04639878048780488,0.9837952722642274,0.033795272264227405,250,0.9765625,1,0.045954067756922866,0.04733333333333334,2.815288835411045,0.0,4,2
120,0.97,0.9734659347636847,0.0034659347636847304,248,0.96875,1,0.045674442301380846,0.04718708333333334,0.9837952722642274,0.013795272264227387,250,0.9765625,1,0.045954067756922866,0.04733333333333334,0.6122142744446002,0.0,4,2
120,0.99,0.9939268020874561,0.003926802087456105,254,0.9921875,1,0.046513318668006905,0.04839595744680851,0.9981022859572863,0.008102285957286348,255,0.99609375,1,0.04665313139577791,0.048423504273504274,0.30058643798120954,0.0,4,2
121,0.1,0.10266901167795689,0.002669011677956884,19,0.07421875,1,0.013657327641819563,0.015312371499468274,0.9892162723397075,0.8892162723397076,252,0.984375,1,0.046233693212464885,0.047364904862579285,238.52664609798566,0.0,3,2
121,0.2,0.2019928876765277,0.0019928876765276937,44,0.171875,1,0.017152645836094813,0.017583269961977187,0.9892162723397075,0.7892162723397076,252,0.984375,1,0.046233693212464885,0.047364904862579285,169.54263298070305,0.0,3,2
121,0.3,0.3007028218103032,0.0007028218103032335,70,0.2734375,1,0.02078777675814107,0.020093865484109387,0.9892162723397075,0.6892162723397075,252,0.984375,1,0.046233693212464885,0.047364904862579285,122.40807061947345,0.0,3,2
121,0.4,0.408590872715432,0.008590872715431963,96,0.375,1,0.02442290768018733,0.022693451824134705,0.9892162723397075,0.5892162723397075,252,0.984375,1,0.046233693212464885,0.047364904862579285,89.30462260221039,0.0,3,2
121,0.5,0.5026297563155214,0.0026297563155214254,121,0.47265625,1,0.027918225874462577,0.026121709786276714,0.9892162723397075,0.48921627233970755,252,0.984375,1,0.046233693212464885,0.047364904862579285,65.60398006793073,0.0,3,2
121,0.6,0.6052972154993181,0.005297215499318164,148,0.578125,1,0.03169316952427985,0.029753917662682604,0.9892162723397075,0.38921627233970757,252,0.984375,1,0.046233693212464885,0.047364904862579285,45.87904556862221,0.0,3,2
121,0.7,0.7011046487768732,0.0011046487768732183,176,0.6875,1,0.03560792590186813,0.03554692307692307,0.9892162723397075,0.2892162723397076,252,0.984375,1,0.046233693212464885,0.047364904862579285,29.841017249587367,0.0,3,2
121,0.8,0.801727761937996,0.001727761937995953,201,0.78515625,1,0.03910324409614338,0.039963385146804836,0.9892162723397075,0.1892162723397075,252,0.984375,1,0.046233693212464885,0.047364904862579285,18.234929815004165,0.0,3,2
121,0.85,0.852588119015703,0.0025881190157029943,213,0.83203125,1,0.0407809968293955,0.04163018181818182,0.9892162723397075,0.13921627233970757,252,0.984375,1,0.046233693212464885,0.047364904862579285,13.37067950025932,0.0,3,2
121,0.9,0.9019181755078269,0.0019181755078269136,228,0.890625,1,0.042878187745960646,0.04490405405405405,0.9892162723397075,0.08921627233970753,252,0.984375,1,0.046233693212464885,0.047364904862579285,7.825669980234529,0.0,3,2
121,0.95,0.9535015976392428,0.0035015976392428483,243,0.94921875,1,0.044975378662525795,0.046523312883435586,0.9892162723397075,0.03921627233970759,252,0.984375,1,0.046233693212464885,0.047364904862579285,2.7977853380199313,0.0,3,2
121,0.97,0.9734661781164234,0.0034661781164234684,248,0.96875,1,0.045674442301380846,0.04718708333333334,0.9892162723397075,0.019216272339707574,252,0.984375,1,0.046233693212464885,0.047364904862579285,1.2244285488892226,0.0,3,2
121,0.99,0.9926500918438843,0.002650091843884317,254,0.9921875,1,0.046513318668006905,0.04839595744680851,1.0,0.010000000000000009,256,1.0,1,0.046792944123548924,0.048613400368694486,0.6011728759624191,0.0,3,2
122,0.1,0.10146441310013105,0.00146441310013104,18,0.0703125,1,0.013517514914048553,0.014918147120055517,0.988309579850426,0.888309579850426,250,0.9765625,1,0.045954067756922866,0.04733333333333334,239.95943817427184,0.0,4,2
122,0.2,0.20045779541637843,0.0004577954163784148,41,0.16015625,1,0.016733207652781783,0.01797626236335242,0.988309579850426,0.788309579850426,250,0.9765625,1,0.045954067756922866,0.04733333333333334,174.62796560277738,0.0,4,2
122,0.3,0.3018123743424056,0.0018123743424056094,67,0.26171875,1,0.02036833857482804,0.020534767025089606,0.988309579850426,0.688309579850426,250,0.9765625,1,0.045954067756922866,0.04733333333333334,125.61519972824212,0.0,4,2
122,0.4,0.40215367278611547,0.002153672786115446,94,0.3671875,1,0.02414328222464531,0.022798618784530385,0.988309579850426,0.588309579850426,250,0.9765625,1,0.045954067756922866,0.04733333333333334,90.33894119836465,0.0,4,2
122,0.5,0.5029957236841723,0.0029957236841723356,124,0.484375,1,0.02833766405777561,0.02639587155963303,0.988309579850426,0.488309579850426,250,0.9765625,1,0.045954067756922866,0.04733333333333334,62.166040444372726,0.0,4,2
122,0.6,0.6002276055998782,0.00022760559987822226,147,0.57421875,1,0.031553356796508836,0.0300998678996037,0.988309579850426,0.388309579850426,250,0.9765625,1,0.045954067756922866,0.04733333333333334,45.639235956053234,0.0,4,2
122,0.7,0.705174091254519,0.005174091254519064,172,0.671875,1,0.03504867499078409,0.03383906485671191,0.988309579850426,0.28830957985042605,250,0.9765625,1,0.045954067756922866,0.04733333333333334,31.11499298905396,0.0,4,2
122,0.8,0.8046823640562881,0.00468236405628808,199,0.77734375,1,0.03882361864060136,0.03939914383561644,0.988309579850426,0.18830957985042596,250,0.9765625,1,0.045954067756922866,0.04733333333333334,18.366266118389476,0.0,4,2
122,0.85,0.850493149720431,0.0004931497204310187,212,0.828125,1,0.04064118410162449,0.04085869565217391,0.988309579850426,0.13830957985042602,250,0.9765625,1,0.045954067756922866,0.04733333333333334,13.072659600698033,0.0,4,2
122,0.9,0.9014966791947612,0.0014966791947611524,226,0.8828125,1,0.042598562290418626,0.0439360153256705,0.988309579850426,0.08830957985042598,250,0.9765625,1,0.045954067756922866,0.04733333333333334,7.877039238150463,0.0,4,2
122,0.95,0.953095492977054,0.0030954929770540263,240,0.9375,1,0.04455594047921276,0.04549817813765182,0.988309579850426,0.038309579850426045,250,0.9765625,1,0.045954067756922866,0.04733333333333334,3.137914412024112,0.0,4,2
122,0.97,0.9721379097823537,0.0021379097823537307,245,0.95703125,1,0.045255004118067814,0.04686082474226804,0.988309579850426,0.018309579850426028,250,0.9765625,1,0.045954067756922866,0.04733333333333334,1.5447211915642134,0.0,4,2
122,0.99,0.9926289223219475,0.0026289223219475577,253,0.98828125,1,0.04637350594023589,0.04783099787685775,0.99839643443994,0.008396434439939982,255,0.99609375,1,0.04665313139577791,0.048423504273504274,0.6029853682022468,0.0,4,2
123,0.1,0.10318603329194403,0.0031860332919440293,19,0.07421875,1,0.013657327641819563,0.015312371499468274,0.9590665827096733,0.8590665827096733,238,0.9296875,1,0.04427631502367074,0.0453425702811245,224.1945729418835,0.0,4,2
123,0.2,0.2018038292095212,0.001803829209521185,40,0.15625,1,0.016593394925010774,0.017043641025641026,0.9590665827096733,0.7590665827096732,238,0.9296875,1,0.04427631502367074,0.0453425702811245,166.83096029332884,0.0,4,2
123,0.3,0.30255291778390314,0.0025529177839031525,63,0.24609375,1,0.019809087663744,0.02000727522306108,0.9590665827096733,0.6590665827096733,238,0.9296875,1,0.04427631502367074,0.0453425702811245,123.51516523756115,0.0,4,2
123,0.4,0.40219661368050696,0.0021966136805069425,91,0.35546875,1,0.02372384404133228,0.022570736086175942,0.9590665827096733,0.5590665827096732,238,0.9296875,1,0.04427631502367074,0.0453425702811245,86.63212819360737,0.0,4,2
123,0.5,0.5010544915003391,0.0010544915003390942,117,0.45703125,1,0.027358974963378538,0.025853610503282276,0.9590665827096733,0.45906658270967327,238,0.9296875,1,0.04427631502367074,0.0453425702811245,61.834699885273395,0.0,4,2
123,0.6,0.6023873057532789,0.0023873057532789455,142,0.5546875,1,0.03085429315765379,0.030083717948717947,0.9590665827096733,0.3590665827096733,238,0.9296875,1,0.04427631502367074,0.0453425702811245,43.50131049003614,0.0,4,2
123,0.7,0.7017720765527464,0.001772076552746471,169,0.66015625,1,0.034629236807471056,0.033990044576523035,0.9590665827096733,0.2590665827096733,238,0.9296875,1,0.04427631502367074,0.0453425702811245,27.858188933919514,0.0,4,2
123,0.8,0.8011807048631164,0.0011807048631163886,192,0.75,1,0.03784492954620429,0.03774518272425249,0.9590665827096733,0.15906658270967322,238,0.9296875,1,0.04427631502367074,0.0453425702811245,16.994047959884483,0.0,4,2
123,0.85,0.8540038938650284,0.004003893865028418,207,0.80859375,1,0.03994212046276944,0.040131205673758864,0.9590665827096733,0.10906658270967329,238,0.9296875,1,0.04427631502367074,0.0453425702811245,10.85118794567068,0.0,4,2
123,0.9,0.9002551542302145,0.0002551542302144938,222,0.8671875,1,0.04203931137933459,0.04317018867924528,0.9590665827096733,0.05906658270967324,238,0.9296875,1,0.04427631502367074,0.0453425702811245,5.321218571234265,0.0,4,2
123,0.95,0.9539411839637115,0.00394118396371157,237,0.92578125,1,0.044136502295899736,0.0458994,0.9590665827096733,0.00906658270967331,238,0.9296875,1,0.04427631502367074,0.0453425702811245,0.3167734652684384,0.0,4,2
123,0.97,0.9749552671067099,0.004955267106709904,245,0.95703125,1,0.045255004118067814,0.04686082474226804,0.9981458552189031,0.028145855218903115,254,0.9921875,1,0.046513318668006905,0.04839595744680851,2.7804981448155797,0.0,4,2
123,0.99,0.9905106096445149,0.0005106096445148811,252,0.984375,1,0.046233693212464885,0.047364904862579285,0.9981458552189031,0.008145855218903097,254,0.9921875,1,0.046513318668006905,0.04839595744680851,0.6048088225550474,0.0,4,2
124,0.1,0.10156826708551436,0.0015682670855143577,19,0.07421875,1,0.013657327641819563,0.015312371499468274,0.9493032103939618,0.8493032103939618,234,0.9140625,1,0.043717064112586704,0.044589723320158106,220.09969489728292,0.0,4,2
124,0.2,0.20022162762446408,0.0002216276244640658,42,0.1640625,1,0.016873020380552793,0.01772222808870116,0.9493032103939618,0.7493032103939619,234,0.9140625,1,0.043717064112586704,0.044589723320158106,159.09447820600838,0.0,4,2
124,0.3,0.30320141702811615,0.0032014170281161602,68,0.265625,1,0.020508151302599052,0.019579362780593773,0.9493032103939618,0.6493032103939618,234,0.9140625,1,0.043717064112586704,0.044589723320158106,113.16920997674873,0.0,4,2
124,0.4,0.4023463123486957,0.0023463123486957005,92,0.359375,1,0.023863656769103292,0.02210280542986425,0.9493032103939618,0.5493032103939618,234,0.9140625,1,0.043717064112586704,0.044589723320158106,83.19515963365671,0.0,4,2
124,0.5,0.5031542144957885,0.0031542144957884544,117,0.45703125,1,0.027358974963378538,0.025853610503282276,0.9493032103939618,0.4493032103939618,234,0.9140625,1,0.043717064112586704,0.044589723320158106,59.79057757501642,0.0,4,2
124,0.6,0.6046969245252517,0.004696924525251722,142,0.5546875,1,0.03085429315765379,0.030083717948717947,0.9493032103939618,0.34930321039396184,234,0.9140625,1,0.043717064112586704,0.044589723320158106,41.688755886284646,0.0,4,2
124,0.7,0.7000514155819649,5.141558196497531e-05,168,0.65625,1,0.03448942407970005,0.033354733727810656,0.9493032103939618,0.24930321039396186,234,0.9140625,1,0.043717064112586704,0.044589723320158106,26.75498440206747,0.0,4,2
124,0.8,0.8000853795570086,8.537955700860245e-05,195,0.76171875,1,0.038264367729517315,0.038550673400673405,0.9493032103939618,0.14930321039396177,234,0.9140625,1,0.043717064112586704,0.044589723320158106,14.250062673486052,0.0,4,2
124,0.85,0.8512631793368373,0.0012631793368372835,208,0.8125,1,0.040081933190540445,0.04029536541889483,0.9493032103939618,0.09930321039396184,234,0.9140625,1,0.043717064112586704,0.044589723320158106,9.069250489405455,0.0,4,2
124,0.9,0.9002011107118257,0.00020111071182571383,222,0.8671875,1,0.04203931137933459,0.04317018867924528,0.9493032103939618,0.049303210393961794,234,0.9140625,1,0.043717064112586704,0.044589723320158106,3.990913928425699,0.0,4,2
124,0.95,0.9516546190174586,0.0016546190174586695,235,0.91796875,1,0.04385687684035772,0.04478630952380953,0.9516546190174584,0.0016546190174584474,235,0.91796875,1,0.04385687684035772,0.04478630952380953,0.0,0.0,4,2
124,0.97,0.9710159892767851,0.0010159892767851453,248,0.96875,1,0.045674442301380846,0.04718708333333334,1.0,0.030000000000000027,256,1.0,1,0.046792944123548924,0.048613400368694486,2.448857097778423,0.0,4,2
124,0.99,0.9976485913765037,0.007648591376503755,255,0.99609375,1,0.04665313139577791,0.048423504273504274,1.0,0.010000000000000009,256,1.0,1,0.046792944123548924,0.048613400368694486,0.2996856236399781,0.0,4,2
125,0.1,0.10082171277956163,0.0008217127795616258,18,0.0703125,1,0.013517514914048553,0.014918147120055517,0.9857014521740102,0.8857014521740102,247,0.96484375,1,0.04553462957360983,0.04780103734439834,236.8565144047769,0.0,4,2
125,0.2,0.20259915313844284,0.0025991531384428335,43,0.16796875,1,0.017012833108323803,0.018372790573111943,0.9857014521740102,0.7857014521740102,247,0.96484375,1,0.04553462957360983,0.04780103734439834,167.64871719884962,0.0,4,2
125,0.3,0.30178701647503875,0.0017870164750387607,65,0.25390625,1,0.02008871311928602,0.019898385964912283,0.9857014521740102,0.6857014521740101,247,0.96484375,1,0.04553462957360983,0.04780103734439834,126.66772780927738,0.0,4,2
125,0.4,0.4022999430608515,0.0022999430608514615,91,0.35546875,1,0.02372384404133228,0.022570736086175942,0.9857014521740102,0.5857014521740102,247,0.96484375,1,0.04553462957360983,0.04780103734439834,91.9361360421956,0.0,4,2
125,0.5,0.502682028412433,0.002682028412433035,116,0.453125,1,0.02721916223560753,0.02512554347826087,0.9857014521740102,0.4857014521740102,247,0.96484375,1,0.04553462957360983,0.04780103734439834,67.28887237404535,0.0,4,2
125,0.6,0.6019795889115118,0.0019795889115118426,143,0.55859375,1,0.030994105885424797,0.030185419354838712,0.9857014521740102,0.3857014521740102,247,0.96484375,1,0.04553462957360983,0.04780103734439834,46.913834978613856,0.0,4,2
125,0.7,0.7004606455538708,0.00046064555387081985,168,0.65625,1,0.03448942407970005,0.033354733727810656,0.9857014521740102,0.2857014521740102,247,0.96484375,1,0.04553462957360983,0.04780103734439834,32.02490557217168,0.0,4,2
125,0.8,0.8024727560226149,0.002472756022614875,199,0.77734375,1,0.03882361864060136,0.03939914383561644,0.9857014521740102,0.18570145217401013,247,0.96484375,1,0.04553462957360983,0.04780103734439834,17.285897523190073,0.0,4,2
125,0.85,0.8511528047816993,0.0011528047816993237,212,0.828125,1,0.04064118410162449,0.04085869565217391,0.9857014521740102,0.1357014521740102,247,0.96484375,1,0.04553462957360983,0.04780103734439834,12.040607526958702,0.0,4,2
125,0.9,0.9000381771926583,3.8177192658306325e-05,224,0.875,1,0.04231893683487661,0.043105703422053235,0.9857014521740102,0.08570145217401015,247,0.96484375,1,0.04553462957360983,0.04780103734439834,7.598708708776103,0.0,4,2
125,0.95,0.9509076773466172,0.0009076773466172305,237,0.92578125,1,0.044136502295899736,0.0458994,0.9857014521740102,0.03570145217401022,247,0.96484375,1,0.04553462957360983,0.04780103734439834,3.167734652684473,0.0,4,2
125,0.97,0.9715511632534148,0.0015511632534148667,244,0.953125,1,0.04511519139029681,0.046086858316221765,0.9857014521740102,0.0157014521740102,247,0.96484375,1,0.04553462957360983,0.04780103734439834,0.9297049849227523,0.0,4,2
125,0.99,0.9902405520478064,0.00024055204780637496,249,0.97265625,1,0.04581425502915185,0.04799748953974896,0.9902405520478069,0.00024055204780693007,249,0.97265625,1,0.04581425502915185,0.04799748953974896,0.0,0.0,4,2
126,0.1,0.10432016847745855,0.004320168477458544,17,0.06640625,1,0.013377702186277544,0.015339002036659877,0.973337193205577,0.873337193205577,246,0.9609375,1,0.04539481684583883,0.04721863354037267,239.3319436607245,0.0,3,2
126,0.2,0.20292594574762907,0.002925945747629055,40,0.15625,1,0.016593394925010774,0.017043641025641026,0.973337193205577,0.773337193205577,246,0.9609375,1,0.04539481684583883,0.04721863354037267,173.57160515366542,0.0,3,2
126,0.3,0.3026641077598525,0.0026641077598524854,66,0.2578125,1,0.020228525847057033,0.02009113475177305,0.973337193205577,0.673337193205577,246,0.9609375,1,0.04539481684583883,0.04721863354037267,124.40991097946537,0.0,3,2
126,0.4,0.40138249272553567,0.0013824927255356445,90,0.3515625,1,0.023584031313561273,0.022319679430097952,0.973337193205577,0.573337193205577,246,0.9609375,1,0.04539481684583883,0.04721863354037267,92.48115914659564,0.0,3,2
126,0.5,0.5005323395253749,0.000532339525374903,116,0.453125,1,0.02721916223560753,0.02512554347826087,0.973337193205577,0.473337193205577,246,0.9609375,1,0.04539481684583883,0.04721863354037267,66.77521685973969,0.0,3,2
126,0.6,0.6034765963535437,0.003476596353543693,141,0.55078125,1,0.030714480429882778,0.029799617346938777,0.973337193205577,0.373337193205577,246,0.9609375,1,0.04539481684583883,0.04721863354037267,47.79614113762847,0.0,3,2
126,0.7,0.7029591372101759,0.002959137210175933,173,0.67578125,1,0.0351884877185551,0.03480166919575114,0.973337193205577,0.27333719320557703,246,0.9609375,1,0.04539481684583883,0.04721863354037267,29.00473930256988,0.0,3,2
126,0.8,0.8026397566119184,0.002639756611918398,198,0.7734375,1,0.03868380591283035,0.03888293515358362,0.973337193205577,0.17333719320557694,246,0.9609375,1,0.04539481684583883,0.04721863354037267,17.348372981011728,0.0,3,2
126,0.85,0.8540526071919209,0.0040526071919209095,212,0.828125,1,0.04064118410162449,0.04085869565217391,0.973337193205577,0.12333719320557701,246,0.9609375,1,0.04539481684583883,0.04721863354037267,11.696590169045606,0.0,3,2
126,0.9,0.9019751516786803,0.0019751516786802314,228,0.890625,1,0.042878187745960646,0.04490405405405405,0.973337193205577,0.07333719320557697,246,0.9609375,1,0.04539481684583883,0.04721863354037267,5.869252485175891,0.0,3,2
126,0.95,0.9518265373954199,0.001826537395419936,241,0.94140625,1,0.044695753206983775,0.04639878048780488,0.973337193205577,0.023337193205577034,246,0.9609375,1,0.04539481684583883,0.04721863354037267,1.5640493530061361,0.0,3,2
126,0.97,0.9733371932055772,0.003337193205577238,246,0.9609375,1,0.04539481684583883,0.04721863354037267,0.973337193205577,0.003337193205577016,246,0.9609375,1,0.04539481684583883,0.04721863354037267,0.0,0.0,3,2
126,0.99,0.9952801055592908,0.005280105559290815,255,0.99609375,1,0.04665313139577791,0.048423504273504274,1.0,0.010000000000000009,256,1.0,1,0.046792944123548924,0.048613400368694486,0.2996856236399781,0.0,3,2
127,0.1,0.10106505809302813,0.0010650580930281206,19,0.07421875,1,0.013657327641819563,0.015312371499468274,0.9879225080591956,0.8879225080591956,248,0.96875,1,0.045674442301380846,0.04718708333333334,234.43176805338507,0.0,5,3
127,0.2,0.20001559065152408,1.559065152406669e-05,42,0.1640625,1,0.016873020380552793,0.01772222808870116,0.9879225080591956,0.7879225080591956,248,0.96875,1,0.045674442301380846,0.04718708333333334,170.69511724186316,0.0,5,3
127,0.3,0.3020932073913254,0.0020932073913254023,69,0.26953125,1,0.020647964030370062,0.02049846378931968,0.9879225080591956,0.6879225080591955,248,0.96875,1,0.045674442301380846,0.04718708333333334,121.20554953602488,0.0,5,3
127,0.4,0.4024859561845485,0.002485956184548499,93,0.36328125,1,0.0240034694968743,0.022591232876712327,0.9879225080591956,0.5879225080591955,248,0.96875,1,0.045674442301380846,0.04718708333333334,90.28266854226432,0.0,5,3
127,0.5,0.5012665449320383,0.0012665449320382605,118,0.4609375,1,0.02749878769114955,0.02632202643171806,0.9879225080591956,0.48792250805919557,248,0.96875,1,0.045674442301380846,0.04718708333333334,66.09620327401235,0.0,5,3
127,0.6,0.6049428517524934,0.004942851752493427,144,0.5625,1,0.03113391861319581,0.02980935064935065,0.9879225080591956,0.3879225080591956,248,0.96875,1,0.045674442301380846,0.04718708333333334,46.703159563159446,0.0,5,3
127,0.7,0.7051044996894549,0.005104499689454922,177,0.69140625,1,0.03574773862963914,0.03657105263157895,0.9879225080591956,0.2879225080591956,248,0.96875,1,0.045674442301380846,0.04718708333333334,27.76875979369302,0.0,5,3
127,0.8,0.8028510559432842,0.0028510559432841642,201,0.78515625,1,0.03910324409614338,0.039963385146804836,0.9879225080591956,0.18792250805919553,248,0.96875,1,0.045674442301380846,0.04718708333333334,16.804739241278345,0.0,5,3
127,0.85,0.8559009932968541,0.005900993296854118,213,0.83203125,1,0.0407809968293955,0.04163018181818182,0.9879225080591956,0.1379225080591956,248,0.96875,1,0.045674442301380846,0.04718708333333334,11.999327756642986,0.0,5,3
127,0.9,0.9002355552156871,0.0002355552156870777,225,0.87890625,1,0.04245874956264761,0.0438043893129771,0.9879225080591956,0.08792250805919555,248,0.96875,1,0.045674442301380846,0.04718708333333334,7.573686865150142,0.0,5,3
127,0.95,0.9535544773145029,0.0035544773145029795,239,0.93359375,1,0.044416127751441756,0.04510987903225806,0.9879225080591956,0.037922508059195614,248,0.96875,1,0.045674442301380846,0.04718708333333334,2.8330127222723656,0.0,5,3
127,0.97,0.9725334541552452,0.002533454155245196,244,0.953125,1,0.04511519139029681,0.046086858316221765,0.9879225080591956,0.017922508059195597,248,0.96875,1,0.045674442301380846,0.04718708333333334,1.2396066465636624,0.0,5,3
127,0.99,0.9910404840624808,0.0010404840624808065,250,0.9765625,1,0.045954067756922866,0.04733333333333334,0.991040484062481,0.0010404840624810285,250,0.9765625,1,0.045954067756922866,0.04733333333333334,0.0,0.0,5,3
128,0.1,0.10010783896179239,0.00010783896179238084,19,0.07421875,1,0.013657327641819563,0.015312371499468274,0.9994605644128746,0.8994605644128746,255,0.99609375,1,0.04665313139577791,0.048423504273504274,241.59780463143613,0.0,3,2
128,0.2,0.20002357571846374,2.3575718463730855e-05,46,0.1796875,1,0.017432271291636832,0.018484486607142858,0.9994605644128746,0.7994605644128745,255,0.99609375,1,0.04665313139577791,0.048423504273504274,167.6250880638821,0.0,3,2
128,0.3,0.3001221943817984,0.0001221943817983906,71,0.27734375,1,0.02092758948591208,0.020301941747572817,0.9994605644128746,0.6994605644128746,255,0.99609375,1,0.04665313139577791,0.048423504273504274,122.92644562424933,0.0,3,2
128,0.4,0.4022440699260124,0.002244069926012393,96,0.375,1,0.02442290768018733,0.022693451824134705,0.9994605644128746,0.5994605644128745,255,0.99609375,1,0.04665313139577791,0.048423504273504274,91.02201919071442,0.0,3,2
128,0.5,0.502092162238924,0.0020921622389239447,120,0.46875,1,0.02777841314669157,0.02587689732142857,0.9994605644128746,0.49946056441287456,255,0.99609375,1,0.04665313139577791,0.048423504273504274,67.94743151602356,0.0,3,2
128,0.6,0.605148069406928,0.005148069406928024,150,0.5859375,1,0.03197279497982187,0.031179032258064517,0.9994605644128746,0.3994605644128746,255,0.99609375,1,0.04665313139577791,0.048423504273504274,45.91508632642485,0.0,3,2
128,0.7,0.7038291283360586,0.0038291283360586403,176,0.6875,1,0.03560792590186813,0.03554692307692307,0.9994605644128746,0.2994605644128746,255,0.99609375,1,0.04665313139577791,0.048423504273504274,31.018952141018442,0.0,3,2
128,0.8,0.8002871520134437,0.0002871520134436478,200,0.78125,1,0.03896343136837237,0.03915611015490534,0.9994605644128746,0.19946056441287452,255,0.99609375,1,0.04665313139577791,0.048423504273504274,19.73568486487942,0.0,3,2
128,0.85,0.8506126052628133,0.0006126052628133705,213,0.83203125,1,0.0407809968293955,0.04163018181818182,0.9994605644128746,0.14946056441287459,255,0.99609375,1,0.04665313139577791,0.048423504273504274,14.399193307971569,0.0,3,2
128,0.9,0.9002984263189369,0.0002984263189368397,226,0.8828125,1,0.042598562290418626,0.0439360153256705,0.9994605644128746,0.09946056441287454,255,0.99609375,1,0.04665313139577791,0.048423504273504274,9.51808907943179,0.0,3,2
128,0.95,0.9560142396589578,0.006014239658957865,242,0.9453125,1,0.04483556593475478,0.046679633401222,0.9994605644128746,0.04946056441287461,255,0.99609375,1,0.04665313139577791,0.048423504273504274,4.053847482750794,0.0,3,2
128,0.97,0.9716517047586444,0.0016517047586444011,246,0.9609375,1,0.04539481684583883,0.04721863354037267,0.9994605644128746,0.02946056441287459,255,0.99609375,1,0.04665313139577791,0.048423504273504274,2.7719344131563073,0.0,3,2
128,0.99,0.9927101397304657,0.0027101397304657437,253,0.98828125,1,0.04637350594023589,0.04783099787685775,0.9994605644128746,0.009460564412874573,255,0.99609375,1,0.04665313139577791,0.048423504273504274,0.6029853682022468,0.0,3,2
129,0.1,0.10068167081586134,0.0006816708158613322,16,0.0625,1,0.013237889458506534,0.014520079654829075,0.993277065005828,0.893277065005828,252,0.984375,1,0.046233693212464885,0.047364904862579285,249.25275178782812,0.0,3,2
129,0.2,0.20047885152931944,0.000478851529319424,41,0.16015625,1,0.016733207652781783,0.01797626236335242,0.993277065005828,0.7932770650058281,252,0.984375,1,0.046233693212464885,0.047364904862579285,176.29904661333023,0.0,3,2
129,0.3,0.30149115244171637,0.0014911524417163813,67,0.26171875,1,0.02036833857482804,0.020534767025089606,0.993277065005828,0.693277065005828,252,0.984375,1,0.046233693212464885,0.047364904862579285,126.98804344111907,0.0,3,2
129,0.4,0.40058905813153756,0.0005890581315375343,98,0.3828125,1,0.02470253313572935,0.023184980988593156,0.993277065005828,0.593277065005828,252,0.984375,1,0.046233693212464885,0.047364904862579285,87.16174960046186,0.0,3,2
129,0.5,0.5042386451704405,0.00423864517044048,121,0.47265625,1,0.027918225874462577,0.026121709786276714,0.993277065005828,0.493277065005828,252,0.984375,1,0.046233693212464885,0.047364904862579285,65.60398006793073,0.0,3,2
129,0.6,0.6003834317040463,0.0003834317040463109,147,0.57421875,1,0.031553356796508836,0.0300998678996037,0.993277065005828,0.39327706500582804,252,0.984375,1,0.046233693212464885,0.047364904862579285,46.52543471248145,0.0,3,2
129,0.7,0.700314781652927,0.0003147816529270875,168,0.65625,1,0.03448942407970005,0.033354733727810656,0.993277065005828,0.29327706500582806,252,0.984375,1,0.046233693212464885,0.047364904862579285,34.05179832990408,0.0,3,2
129,0.8,0.8044185569483076,0.004418556948307506,201,0.78515625,1,0.03910324409614338,0.039963385146804836,0.993277065005828,0.19327706500582797,252,0.984375,1,0.046233693212464885,0.047364904862579285,18.234929815004165,0.0,3,2
129,0.85,0.8527507971471816,0.0027507971471816273,211,0.82421875,1,0.04050137137385348,0.040935559566787,0.993277065005828,0.14327706500582804,252,0.984375,1,0.046233693212464885,0.047364904862579285,14.153401833479728,0.0,3,2
129,0.9,0.902311642379712,0.002311642379711931,223,0.87109375,1,0.042179124107105594,0.04327405303030303,0.993277065005828,0.093277065005828,252,0.984375,1,0.046233693212464885,0.047364904862579285,9.612738982117097,0.0,3,2
129,0.95,0.9530652676559852,0.0030652676559852488,239,0.93359375,1,0.044416127751441756,0.04510987903225806,0.993277065005828,0.043277065005828064,252,0.984375,1,0.046233693212464885,0.047364904862579285,4.092129487726748,0.0,3,2
129,0.97,0.973550739343076,0.003550739343076037,246,0.9609375,1,0.04539481684583883,0.04721863354037267,0.993277065005828,0.023277065005828046,252,0.984375,1,0.046233693212464885,0.047364904862579285,1.8479562754375456,0.0,3,2
129,0.99,0.9932770650058284,0.0032770650058283612,252,0.984375,1,0.046233693212464885,0.047364904862579285,0.993277065005828,0.003277065005828028,252,0.984375,1,0.046233693212464885,0.047364904862579285,0.0,0.0,3,2
130,0.1,0.1013302997182473,0.001330299718247288,16,0.0625,1,0.013237889458506534,0.014520079654829075,0.9289234038755655,0.8289234038755655,230,0.8984375,1,0.043157813201502665,0.04402826510721248,226.0173257737085,0.0,5,2
130,0.2,0.20247657835748256,0.0024765783574825506,37,0.14453125,1,0.01617395674169774,0.017040686274509803,0.9289234038755655,0.7289234038755654,230,0.8984375,1,0.043157813201502665,0.04402826510721248,166.8352209094167,0.0,5,2
130,0.3,0.30420369046309814,0.004203690463098153,61,0.23828125,1,0.01952946220820198,0.019800402955003356,0.9289234038755655,0.6289234038755656,230,0.8984375,1,0.043157813201502665,0.04402826510721248,120.98823173623927,0.0,5,2
130,0.4,0.4049164749514691,0.004916474951469074,86,0.3359375,1,0.02302478040247723,0.02323981083404987,0.9289234038755655,0.5289234038755655,230,0.8984375,1,0.043157813201502665,0.04402826510721248,87.44071581616181,0.0,5,2
130,0.5,0.5079324109314168,0.007932410931416833,111,0.43359375,1,0.02652009859675248,0.02610922431865828,0.9289234038755655,0.4289234038755655,230,0.8984375,1,0.043157813201502665,0.04402826510721248,62.73624716760124,0.0,5,2
130,0.6,0.6046391423204995,0.004639142320499556,137,0.53515625,1,0.03015522951879874,0.02874358655043587,0.9289234038755655,0.3289234038755655,230,0.8984375,1,0.043157813201502665,0.04402826510721248,43.118835075017856,0.0,5,2
130,0.7,0.7034293418705866,0.003429341870586633,162,0.6328125,1,0.03365054771307399,0.032181348637015786,0.9289234038755655,0.22892340387556553,230,0.8984375,1,0.043157813201502665,0.04402826510721248,28.25292940101205,0.0,5,2
130,0.8,0.8004983235202373,0.0004983235202372649,190,0.7421875,1,0.03756530409066227,0.036915789473684214,0.9289234038755655,0.12892340387556545,230,0.8984375,1,0.043157813201502665,0.04402826510721248,14.887432023292323,0.0,5,2
130,0.85,0.852149536657055,0.0021495366570549734,212,0.828125,1,0.04064118410162449,0.04085869565217391,0.9289234038755655,0.07892340387556551,230,0.8984375,1,0.043157813201502665,0.04402826510721248,6.192312442435899,0.0,5,2
130,0.9,0.900549612791225,0.0005496127912250071,222,0.8671875,1,0.04203931137933459,0.04317018867924528,0.9289234038755655,0.028923403875565468,230,0.8984375,1,0.043157813201502665,0.04402826510721248,2.6606092856171326,0.0,5,2
130,0.95,0.9503285985351833,0.00032859853518329984,240,0.9375,1,0.04455594047921276,0.04549817813765182,0.9917642593064525,0.041764259306452556,252,0.984375,1,0.046233693212464885,0.047364904862579285,3.7654972944289433,0.0,5,2
130,0.97,0.972521473040109,0.002521473040109079,247,0.96484375,1,0.04553462957360983,0.04780103734439834,0.9917642593064525,0.021764259306452538,252,0.984375,1,0.046233693212464885,0.047364904862579285,1.5352351504802852,0.0,5,2
130,0.99,0.9917642593064522,0.0017642593064521872,252,0.984375,1,0.046233693212464885,0.047364904862579285,0.9917642593064525,0.0017642593064525203,252,0.984375,1,0.046233693212464885,0.047364904862579285,0.0,0.0,5,2
131,0.1,0.10256994257214441,0.002569942572144407,21,0.08203125,1,0.013936953097361583,0.015592276422764229,0.9894237213676282,0.8894237213676283,248,0.96875,1,0.045674442301380846,0.04718708333333334,227.72186275081543,0.0,4,3
131,0.2,0.20273741707776957,0.0027374170777695606,44,0.171875,1,0.017152645836094813,0.017583269961977187,0.9894237213676282,0.7894237213676283,248,0.96875,1,0.045674442301380846,0.04718708333333334,166.28219773107418,0.0,4,3
131,0.3,0.3024135869062174,0.002413586906217402,71,0.27734375,1,0.02092758948591208,0.020301941747572817,0.9894237213676282,0.6894237213676282,248,0.96875,1,0.045674442301380846,0.04718708333333334,118.24989606245721,0.0,4,3
131,0.4,0.40495398024116813,0.00495398024116811,97,0.37890625,1,0.02456272040795834,0.02290433962264151,0.9894237213676282,0.5894237213676282,248,0.96875,1,0.045674442301380846,0.04718708333333334,85.95025934742266,0.0,4,3
131,0.5,0.5010297473813312,0.0010297473813312141,119,0.46484375,1,0.027638600418920557,0.026446674057649666,0.9894237213676282,0.48942372136762824,248,0.96875,1,0.045674442301380846,0.04718708333333334,65.25598839698661,0.0,4,3
131,0.6,0.6005366491419658,0.0005366491419658281,145,0.56640625,1,0.031273731340966816,0.030195300261096607,0.9894237213676282,0.38942372136762826,248,0.96875,1,0.045674442301380846,0.04718708333333334,46.047306614640874,0.0,4,3
131,0.7,0.7009831591456417,0.0009831591456417321,175,0.68359375,1,0.03546811317409712,0.035867534456355286,0.9894237213676282,0.2894237213676283,248,0.96875,1,0.045674442301380846,0.04718708333333334,28.77607014837642,0.0,4,3
131,0.8,0.803756313839935,0.0037563138399349105,201,0.78515625,1,0.03910324409614338,0.039963385146804836,0.9894237213676282,0.1894237213676282,248,0.96875,1,0.045674442301380846,0.04718708333333334,16.804739241278345,0.0,4,3
131,0.85,0.8537703309114089,0.003770330911408881,215,0.83984375,1,0.041060622284937516,0.0420308256880734,0.9894237213676282,0.13942372136762826,248,0.96875,1,0.045674442301380846,0.04718708333333334,11.236605194207794,0.0,4,3
131,0.9,0.9015527330479184,0.0015527330479183643,226,0.8828125,1,0.042598562290418626,0.0439360153256705,0.9894237213676282,0.08942372136762822,248,0.96875,1,0.045674442301380846,0.04718708333333334,7.220619301637932,0.0,4,3
131,0.95,0.953395027349268,0.0033950273492679983,239,0.93359375,1,0.044416127751441756,0.04510987903225806,0.9894237213676282,0.039423721367628284,248,0.96875,1,0.045674442301380846,0.04718708333333334,2.8330127222723656,0.0,4,3
131,0.97,0.9716992935903658,0.0016992935903658024,245,0.95703125,1,0.045255004118067814,0.04686082474226804,0.9894237213676282,0.019423721367628266,248,0.96875,1,0.045674442301380846,0.04718708333333334,0.9268327149385414,0.0,4,3
131,0.99,0.991014607680987,0.0010146076809870452,250,0.9765625,1,0.045954067756922866,0.04733333333333334,0.99854238689869,0.008542386898690024,254,0.9921875,1,0.046513318668006905,0.04839595744680851,1.2169780356381832,0.0,4,3
132,0.1,0.10207983746110408,0.0020798374611040726,18,0.0703125,1,0.013517514914048553,0.014918147120055517,0.9915835111310847,0.8915835111310847,249,0.97265625,1,0.04581425502915185,0.04799748953974896,238.92513025110685,0.0,3,2
132,0.2,0.2002958017235691,0.00029580172356907797,40,0.15625,1,0.016593394925010774,0.017043641025641026,0.9915835111310847,0.7915835111310847,249,0.97265625,1,0.04581425502915185,0.04799748953974896,176.09934697629157,0.0,3,2
132,0.3,0.30220267449518967,0.0022026744951896826,65,0.25390625,1,0.02008871311928602,0.019898385964912283,0.9915835111310847,0.6915835111310846,249,0.97265625,1,0.04581425502915185,0.04799748953974896,128.0596808621266,0.0,3,2
132,0.4,0.40200761215193453,0.0020076121519345125,86,0.3359375,1,0.02302478040247723,0.02323981083404987,0.9915835111310847,0.5915835111310846,249,0.97265625,1,0.04581425502915185,0.04799748953974896,98.97803248634982,0.0,3,2
132,0.5,0.5009026347275002,0.0009026347275001845,112,0.4375,1,0.026659911324523493,0.025773178458289338,0.9915835111310847,0.49158351113108467,249,0.97265625,1,0.04581425502915185,0.04799748953974896,71.8469895547213,0.0,3,2
132,0.6,0.6008112499743631,0.0008112499743631041,141,0.55078125,1,0.030714480429882778,0.029799617346938777,0.9915835111310847,0.3915835111310847,249,0.97265625,1,0.04581425502915185,0.04799748953974896,49.16174517013212,0.0,3,2
132,0.7,0.704820213882536,0.004820213882536062,166,0.6484375,1,0.03420979862415803,0.0328891654465593,0.9915835111310847,0.2915835111310847,249,0.97265625,1,0.04581425502915185,0.04799748953974896,33.92144026477568,0.0,3,2
132,0.8,0.8003674838047095,0.000367483804709412,199,0.77734375,1,0.03882361864060136,0.03939914383561644,0.9915835111310847,0.19158351113108463,249,0.97265625,1,0.04581425502915185,0.04799748953974896,18.006143253322993,0.0,3,2
132,0.85,0.8551704134417468,0.005170413441746846,213,0.83203125,1,0.0407809968293955,0.04163018181818182,0.9915835111310847,0.1415835111310847,249,0.97265625,1,0.04581425502915185,0.04799748953974896,12.34216569254707,0.0,3,2
132,0.9,0.9016121520017885,0.001612152001788436,227,0.88671875,1,0.04273837501818963,0.04437192307692307,0.9915835111310847,0.09158351113108465,249,0.97265625,1,0.04581425502915185,0.04799748953974896,7.19699803666638,0.0,3,2
132,0.95,0.9504892150829685,0.0004892150829685082,240,0.9375,1,0.04455594047921276,0.04549817813765182,0.9915835111310847,0.041583511131084716,249,0.97265625,1,0.04581425502915185,0.04799748953974896,2.8241229708217075,0.0,3,2
132,0.97,0.9741874411868607,0.004187441186860763,245,0.95703125,1,0.045255004118067814,0.04686082474226804,0.9915835111310847,0.0215835111310847,249,0.97265625,1,0.04581425502915185,0.04799748953974896,1.2357769532513663,0.0,3,2
132,0.99,0.9915835111310844,0.0015835111310844585,249,0.97265625,1,0.04581425502915185,0.04799748953974896,0.9915835111310847,0.0015835111310846806,249,0.97265625,1,0.04581425502915185,0.04799748953974896,0.0,0.0,3,2
133,0.1,0.10319154216910874,0.0031915421691087326,21,0.08203125,1,0.013936953097361583,0.015592276422764229,0.9979903983431927,0.8979903983431927,255,0.99609375,1,0.04665313139577791,0.048423504273504274,234.7441228356423,0.0,3,2
133,0.2,0.20261347101711843,0.002613471017118424,47,0.18359375,1,0.01757208401940784,0.018676753393665157,0.9979903983431927,0.7979903983431926,255,0.99609375,1,0.04665313139577791,0.048423504273504274,165.49572233009425,0.0,3,2
133,0.3,0.3020612414734907,0.002061241473490738,73,0.28515625,1,0.0212072149414541,0.02042172256097561,0.9979903983431927,0.6979903983431928,255,0.99609375,1,0.04665313139577791,0.048423504273504274,119.9870729116073,0.0,3,2
133,0.4,0.40210387877739473,0.0021038787773947076,99,0.38671875,1,0.02484234586350036,0.023348467432950194,0.9979903983431927,0.5979903983431927,255,0.99609375,1,0.04665313139577791,0.048423504273504274,87.79680329756245,0.0,3,2
133,0.5,0.5014770074401153,0.0014770074401152522,125,0.48828125,1,0.028477476785546622,0.027028752886836028,0.9979903983431927,0.4979903983431927,255,0.99609375,1,0.04665313139577791,0.048423504273504274,63.82466658512425,0.0,3,2
133,0.6,0.6042959636755212,0.004295963675521208,152,0.59375,1,0.03225242043536389,0.03150054347826087,0.9979903983431927,0.3979903983431927,255,0.99609375,1,0.04665313139577791,0.048423504273504274,44.650016234515036,0.0,3,2
133,0.7,0.7003168068088436,0.000316806808843606,176,0.6875,1,0.03560792590186813,0.03554692307692307,0.9979903983431927,0.29799039834319274,255,0.99609375,1,0.04665313139577791,0.048423504273504274,31.018952141018442,0.0,3,2
133,0.8,0.8044734253023481,0.004473425302348066,203,0.79296875,1,0.0393828695516854,0.03993362369337979,0.9979903983431927,0.19799039834319265,255,0.99609375,1,0.04665313139577791,0.048423504273504274,18.46046752522983,0.0,3,2
133,0.85,0.8535258951862618,0.003525895186261785,217,0.84765625,1,0.041340247740479535,0.041725878003696856,0.9979903983431927,0.14799039834319272,255,0.99609375,1,0.04665313139577791,0.048423504273504274,12.851600911177187,0.0,3,2
133,0.9,0.9017816130681878,0.001781613068187804,229,0.89453125,1,0.04301800047373165,0.04447320388349515,0.9979903983431927,0.09799039834319268,255,0.99609375,1,0.04665313139577791,0.048423504273504274,8.45025543264384,0.0,3,2
133,0.95,0.9500036534191114,3.65341911146011e-06,243,0.94921875,1,0.044975378662525795,0.046523312883435586,0.9979903983431927,0.04799039834319274,255,0.99609375,1,0.04665313139577791,0.048423504273504274,3.730380450693227,0.0,3,2
133,0.97,0.9722598879831849,0.002259887983184883,251,0.98046875,1,0.04609388048469387,0.04799157894736842,0.9979903983431927,0.027990398343192724,255,0.99609375,1,0.04665313139577791,0.048423504273504274,1.2132866775444118,0.0,3,2
133,0.99,0.9979903983431928,0.007990398343192817,255,0.99609375,1,0.04665313139577791,0.048423504273504274,0.9979903983431927,0.007990398343192706,255,0.99609375,1,0.04665313139577791,0.048423504273504274,0.0,0.0,3,2
134,0.1,0.10098598152014968,0.0009859815201496702,19,0.07421875,1,0.013657327641819563,0.015312371499468274,0.9970997612817705,0.8970997612817705,254,0.9921875,1,0.046513318668006905,0.04839595744680851,240.574085120286,0.0,3,2
134,0.2,0.20732488857889633,0.007324888578896321,42,0.1640625,1,0.016873020380552793,0.01772222808870116,0.9970997612817705,0.7970997612817705,254,0.9921875,1,0.046513318668006905,0.04839595744680851,175.6668196858009,0.0,3,2
134,0.3,0.30601493903549787,0.006014939035497879,66,0.2578125,1,0.020228525847057033,0.02009113475177305,0.9970997612817705,0.6970997612817704,254,0.9921875,1,0.046513318668006905,0.04839595744680851,129.93924035633046,0.0,3,2
134,0.4,0.4006184997297596,0.0006184997297595807,91,0.35546875,1,0.02372384404133228,0.022570736086175942,0.9970997612817705,0.5970997612817704,254,0.9921875,1,0.046513318668006905,0.04839595744680851,96.06147547998643,0.0,3,2
134,0.5,0.5045471302930115,0.004547130293011459,123,0.48046875,1,0.028197851330004603,0.02735512528473804,0.9970997612817705,0.49709976128177047,254,0.9921875,1,0.046513318668006905,0.04839595744680851,64.95341479623056,0.0,3,2
134,0.6,0.6043374054726146,0.0043374054726146305,145,0.56640625,1,0.031273731340966816,0.030195300261096607,0.9970997612817705,0.3970997612817705,254,0.9921875,1,0.046513318668006905,0.04839595744680851,48.72967399025101,0.0,3,2
134,0.7,0.7007770115383201,0.0007770115383201048,172,0.671875,1,0.03504867499078409,0.03383906485671191,0.9970997612817705,0.2970997612817705,254,0.9921875,1,0.046513318668006905,0.04839595744680851,32.71063365515929,0.0,3,2
134,0.8,0.8007648935570517,0.0007648935570516713,205,0.80078125,1,0.03966249500722742,0.039896836555360284,0.9970997612817705,0.19709976128177042,254,0.9921875,1,0.046513318668006905,0.04839595744680851,17.272800562675418,0.0,3,2
134,0.85,0.8553804554056543,0.00538045540565435,218,0.8515625,1,0.04148006046825055,0.04183506493506493,0.9970997612817705,0.1470997612817705,254,0.9921875,1,0.046513318668006905,0.04839595744680851,12.13416312063693,0.0,3,2
134,0.9,0.904952366555914,0.004952366555914023,230,0.8984375,1,0.043157813201502665,0.04402826510721248,0.9970997612817705,0.09709976128177045,254,0.9921875,1,0.046513318668006905,0.04839595744680851,7.774966379407311,0.0,3,2
134,0.95,0.9538789156861033,0.0038789156861033236,242,0.9453125,1,0.04483556593475478,0.046679633401222,0.9970997612817705,0.047099761281770514,254,0.9921875,1,0.046513318668006905,0.04839595744680851,3.7420130610007485,0.0,3,2
134,0.97,0.9732149519993486,0.0032149519993486253,248,0.96875,1,0.045674442301380846,0.04718708333333334,0.9970997612817705,0.027099761281770496,254,0.9921875,1,0.046513318668006905,0.04839595744680851,1.8366428233338228,0.0,3,2
134,0.99,0.9970997612817702,0.007099761281770256,254,0.9921875,1,0.046513318668006905,0.04839595744680851,0.9970997612817705,0.007099761281770478,254,0.9921875,1,0.046513318668006905,0.04839595744680851,0.0,0.0,3,2
135,0.1,0.104165977795456,0.004165977795455994,18,0.0703125,1,0.013517514914048553,0.014918147120055517,0.9453401042293782,0.8453401042293782,235,0.91796875,1,0.04385687684035772,0.04478630952380953,224.44481932679733,0.0,7,2
135,0.2,0.20341263691905692,0.0034126369190569106,38,0.1484375,1,0.016313769469468754,0.017068690890990543,0.9453401042293782,0.7453401042293781,235,0.91796875,1,0.04385687684035772,0.04478630952380953,168.83349628322216,0.0,7,2
135,0.3,0.30427768964300544,0.004277689643005456,64,0.25,1,0.019948900391515013,0.019484455239417074,0.9453401042293782,0.6453401042293783,235,0.91796875,1,0.04385687684035772,0.04478630952380953,119.84608664952594,0.0,7,2
135,0.4,0.40127133752951233,0.0012713375295123064,91,0.35546875,1,0.02372384404133228,0.022570736086175942,0.9453401042293782,0.5453401042293782,235,0.91796875,1,0.04385687684035772,0.04478630952380953,84.86412557741131,0.0,7,2
135,0.5,0.5002600617820513,0.0002600617820512907,115,0.44921875,1,0.02707934950783652,0.025499892125134843,0.9453401042293782,0.4453401042293782,235,0.91796875,1,0.04385687684035772,0.04478630952380953,61.95690678487655,0.0,7,2
135,0.6,0.6037457903351748,0.003745790335174859,142,0.5546875,1,0.03085429315765379,0.030083717948717947,0.9453401042293782,0.3453401042293782,235,0.91796875,1,0.04385687684035772,0.04478630952380953,42.14189453722253,0.0,7,2
135,0.7,0.7034499999981046,0.0034499999981046914,173,0.67578125,1,0.0351884877185551,0.03480166919575114,0.9453401042293782,0.24534010422937824,235,0.91796875,1,0.04385687684035772,0.04478630952380953,24.634162147388118,0.0,7,2
135,0.8,0.8075414172745828,0.007541417274582796,199,0.77734375,1,0.03882361864060136,0.03939914383561644,0.9453401042293782,0.14534010422937815,235,0.91796875,1,0.04385687684035772,0.04478630952380953,12.964423142392567,0.0,7,2
135,0.85,0.850087376132406,8.737613240605846e-05,213,0.83203125,1,0.0407809968293955,0.04163018181818182,0.9453401042293782,0.09534010422937822,235,0.91796875,1,0.04385687684035772,0.04478630952380953,7.542434589889879,0.0,7,2
135,0.9,0.90264154399731,0.002641543997309981,226,0.8828125,1,0.042598562290418626,0.0439360153256705,0.9453401042293782,0.045340104229378175,235,0.91796875,1,0.04385687684035772,0.04478630952380953,2.9538897143064347,0.0,7,2
135,0.95,0.953089501510966,0.0030895015109660973,238,0.9296875,1,0.04427631502367074,0.0453425702811245,0.9716987220702695,0.02169872207026957,244,0.953125,1,0.04511519139029681,0.046086858316221765,1.8946390777497824,0.0,7,2
135,0.97,0.971698722070269,0.0016987220702689987,244,0.953125,1,0.04511519139029681,0.046086858316221765,0.9716987220702695,0.0016987220702695538,244,0.953125,1,0.04511519139029681,0.046086858316221765,0.0,0.0,7,2
135,0.99,0.9918704258393805,0.001870425839380463,252,0.984375,1,0.046233693212464885,0.047364904862579285,0.9969578976902168,0.006957897690216819,254,0.9921875,1,0.046513318668006905,0.04839595744680851,0.6048088225550474,0.0,7,2
136,0.1,0.10005201463830694,5.201463830693809e-05,18,0.0703125,1,0.013517514914048553,0.014918147120055517,0.9930211053644428,0.8930211053644428,252,0.984375,1,0.046233693212464885,0.047364904862579285,242.02805402060176,0.0,3,2
136,0.2,0.20021356304706583,0.0002135630470658234,40,0.15625,1,0.016593394925010774,0.017043641025641026,0.9930211053644428,0.7930211053644427,252,0.984375,1,0.046233693212464885,0.047364904862579285,178.62708879891778,0.0,3,2
136,0.3,0.3068550373776899,0.006855037377689888,67,0.26171875,1,0.02036833857482804,0.020534767025089606,0.9930211053644428,0.6930211053644428,252,0.984375,1,0.046233693212464885,0.047364904862579285,126.98804344111907,0.0,3,2
136,0.4,0.40517377995458087,0.005173779954580848,90,0.3515625,1,0.023584031313561273,0.022319679430097952,0.9930211053644428,0.5930211053644427,252,0.984375,1,0.046233693212464885,0.047364904862579285,96.0381268060801,0.0,3,2
136,0.5,0.5027474251652196,0.0027474251652196413,117,0.45703125,1,0.027358974963378538,0.025853610503282276,0.9930211053644428,0.49302110536444277,252,0.984375,1,0.046233693212464885,0.047364904862579285,68.9891279711728,0.0,3,2
136,0.6,0.6007022686891482,0.0007022686891482444,144,0.5625,1,0.03113391861319581,0.02980935064935065,0.9930211053644428,0.3930211053644428,252,0.984375,1,0.046233693212464885,0.047364904862579285,48.499434930973266,0.0,3,2
136,0.7,0.7018026096483447,0.0018026096483447773,171,0.66796875,1,0.034908862263013075,0.03412912912912913,0.9930211053644428,0.2930211053644428,252,0.984375,1,0.046233693212464885,0.047364904862579285,32.44113447217898,0.0,3,2
136,0.8,0.8025289550299105,0.0025289550299104624,199,0.77734375,1,0.03882361864060136,0.03939914383561644,0.9930211053644428,0.19302110536444272,252,0.984375,1,0.046233693212464885,0.047364904862579285,19.08651184852239,0.0,3,2
136,0.85,0.8505463447023853,0.0005463447023853485,209,0.81640625,1,0.04022174591831146,0.040852951699463326,0.9930211053644428,0.1430211053644428,252,0.984375,1,0.046233693212464885,0.047364904862579285,14.947007288951152,0.0,3,2
136,0.9,0.9005223882698661,0.0005223882698660587,227,0.88671875,1,0.04273837501818963,0.04437192307692307,0.9930211053644428,0.09302110536444275,252,0.984375,1,0.046233693212464885,0.047364904862579285,8.178406859848163,0.0,3,2
136,0.95,0.9547610052277214,0.004761005227721493,241,0.94140625,1,0.044695753206983775,0.04639878048780488,0.9930211053644428,0.04302110536444281,252,0.984375,1,0.046233693212464885,0.047364904862579285,3.4409085766134995,0.0,3,2
136,0.97,0.9740232722103294,0.004023272210329387,246,0.9609375,1,0.04539481684583883,0.04721863354037267,0.9930211053644428,0.023021105364442795,252,0.984375,1,0.046233693212464885,0.047364904862579285,1.8479562754375456,0.0,3,2
136,0.99,0.9900426592204342,4.2659220434226874e-05,251,0.98046875,1,0.04609388048469387,0.04799157894736842,0.9930211053644428,0.0030211053644427777,252,0.984375,1,0.046233693212464885,0.047364904862579285,0.30332166938611405,0.0,3,2
137,0.1,0.1012782472466006,0.0012782472466005973,19,0.07421875,1,0.013657327641819563,0.015312371499468274,0.992233618175467,0.892233618175467,253,0.98828125,1,0.04637350594023589,0.04783099787685775,239.55036560913578,0.0,4,2
137,0.2,0.20134715471565726,0.001347154715657245,43,0.16796875,1,0.017012833108323803,0.018372790573111943,0.992233618175467,0.792233618175467,253,0.98828125,1,0.04637350594023589,0.04783099787685775,172.57956182234517,0.0,4,2
137,0.3,0.30382959227280504,0.003829592272805049,69,0.26953125,1,0.020647964030370062,0.02049846378931968,0.992233618175467,0.6922336181754669,253,0.98828125,1,0.04637350594023589,0.04783099787685775,124.5911794113328,0.0,4,2
137,0.4,0.40376298481864,0.0037629848186399584,93,0.36328125,1,0.0240034694968743,0.022591232876712327,0.992233618175467,0.5922336181754669,253,0.98828125,1,0.04637350594023589,0.04783099787685775,93.19501268878894,0.0,4,2
137,0.5,0.5002003105500202,0.0002003105500202329,121,0.47265625,1,0.027918225874462577,0.026121709786276714,0.992233618175467,0.49223361817546696,253,0.98828125,1,0.04637350594023589,0.04783099787685775,66.1047738089073,0.0,4,2
137,0.6,0.6050512912224065,0.005051291222406551,148,0.578125,1,0.03169316952427985,0.029753917662682604,0.992233618175467,0.392233618175467,253,0.98828125,1,0.04637350594023589,0.04783099787685775,46.32019023755125,0.0,4,2
137,0.7,0.7016857415202007,0.0016857415202007342,174,0.6796875,1,0.03532830044632611,0.03477317073170731,0.992233618175467,0.292233618175467,253,0.98828125,1,0.04637350594023589,0.04783099787685775,31.264468865946824,0.0,4,2
137,0.8,0.8038336693243291,0.0038336693243290476,202,0.7890625,1,0.039243056823914386,0.039569791666666666,0.992233618175467,0.1922336181754669,253,0.98828125,1,0.04637350594023589,0.04783099787685775,18.169963538559685,0.0,4,2
137,0.85,0.8504614690096902,0.00046146900969024074,215,0.83984375,1,0.041060622284937516,0.0420308256880734,0.992233618175467,0.14223361817546698,253,0.98828125,1,0.04637350594023589,0.04783099787685775,12.939121132724107,0.0,4,2
137,0.9,0.9009499678290489,0.0009499678290488811,227,0.88671875,1,0.04273837501818963,0.04437192307692307,0.992233618175467,0.09223361817546694,253,0.98828125,1,0.04637350594023589,0.04783099787685775,8.505543134242078,0.0,4,2
137,0.95,0.9505215940484341,0.0005215940484341042,243,0.94921875,1,0.044975378662525795,0.046523312883435586,0.992233618175467,0.042233618175467,253,0.98828125,1,0.04637350594023589,0.04783099787685775,3.1086503755776818,0.0,4,2
137,0.97,0.9718114201993693,0.0018114201993693069,248,0.96875,1,0.045674442301380846,0.04718708333333334,0.992233618175467,0.022233618175466985,253,0.98828125,1,0.04637350594023589,0.04783099787685775,1.5305356861115005,0.0,4,2
137,0.99,0.9922336181754673,0.0022336181754673,253,0.98828125,1,0.04637350594023589,0.04783099787685775,0.992233618175467,0.002233618175466967,253,0.98828125,1,0.04637350594023589,0.04783099787685775,0.0,0.0,4,2
138,0.1,0.10173453912920775,0.0017345391292077489,18,0.0703125,1,0.013517514914048553,0.014918147120055517,0.9951978549474212,0.8951978549474212,252,0.984375,1,0.046233693212464885,0.047364904862579285,242.02805402060176,0.0,3,2
138,0.2,0.20587522754456195,0.005875227544561934,42,0.1640625,1,0.016873020380552793,0.01772222808870116,0.9951978549474212,0.7951978549474212,252,0.984375,1,0.046233693212464885,0.047364904862579285,174.00958553782164,0.0,3,2
138,0.3,0.30260414900458815,0.0026041490045881632,66,0.2578125,1,0.020228525847057033,0.02009113475177305,0.9951978549474212,0.6951978549474211,252,0.984375,1,0.046233693212464885,0.047364904862579285,128.55690801211418,0.0,3,2
138,0.4,0.40652110350385073,0.0065211035038507115,91,0.35546875,1,0.02372384404133228,0.022570736086175942,0.9951978549474212,0.5951978549474212,252,0.984375,1,0.046233693212464885,0.047364904862579285,94.88280706918903,0.0,3,2
138,0.5,0.5009053008309665,0.0009053008309665156,118,0.4609375,1,0.02749878769114955,0.02632202643171806,0.9951978549474212,0.4951978549474212,252,0.984375,1,0.046233693212464885,0.047364904862579285,68.12993260552042,0.0,3,2
138,0.6,0.6003310115718249,0.0003310115718249129,145,0.56640625,1,0.031273731340966816,0.030195300261096607,0.9951978549474212,0.3951978549474212,252,0.984375,1,0.046233693212464885,0.047364904862579285,47.8355515317143,0.0,3,2
138,0.7,0.7032137641538073,0.0032137641538073636,176,0.6875,1,0.03560792590186813,0.03554692307692307,0.9951978549474212,0.29519785494742123,252,0.984375,1,0.046233693212464885,0.047364904862579285,29.841017249587367,0.0,3,2
138,0.8,0.8037244013471465,0.0037244013471464665,201,0.78515625,1,0.03910324409614338,0.039963385146804836,0.9951978549474212,0.19519785494742115,252,0.984375,1,0.046233693212464885,0.047364904862579285,18.234929815004165,0.0,3,2
138,0.85,0.852638588084528,0.002638588084527993,214,0.8359375,1,0.04092080955716651,0.041812979890310784,0.9951978549474212,0.1451978549474212,252,0.984375,1,0.046233693212464885,0.047364904862579285,12.9833297845104,0.0,3,2
138,0.9,0.9003157829035666,0.0003157829035665971,224,0.875,1,0.04231893683487661,0.043105703422053235,0.9951978549474212,0.09519785494742117,252,0.984375,1,0.046233693212464885,0.047364904862579285,9.250601906336131,0.0,3,2
138,0.95,0.951203186883923,0.0012031868839230686,239,0.93359375,1,0.044416127751441756,0.04510987903225806,0.9951978549474212,0.045197854947421234,252,0.984375,1,0.046233693212464885,0.047364904862579285,4.092129487726748,0.0,3,2
138,0.97,0.9713535977184614,0.0013535977184614412,245,0.95703125,1,0.045255004118067814,0.04686082474226804,0.9951978549474212,0.025197854947421217,252,0.984375,1,0.046233693212464885,0.047364904862579285,2.1626096681899076,0.0,3,2
138,0.99,0.9917957707121501,0.001795770712150091,251,0.98046875,1,0.04609388048469387,0.04799157894736842,0.9951978549474212,0.005197854947421199,252,0.984375,1,0.046233693212464885,0.047364904862579285,0.30332166938611405,0.0,3,2
139,0.1,0.10058407353110513,0.0005840735311051226,18,0.0703125,1,0.013517514914048553,0.014918147120055517,0.9935840107182922,0.8935840107182922,252,0.984375,1,0.046233693212464885,0.047364904862579285,242.02805402060176,0.0,4,2
139,0.2,0.20590430645384178,0.005904306453841768,43,0.16796875,1,0.017012833108323803,0.018372790573111943,0.9935840107182922,0.7935840107182921,252,0.984375,1,0.046233693212464885,0.047364904862579285,171.75775438509598,0.0,4,2
139,0.3,0.3066920016747074,0.006692001674707404,64,0.25,1,0.019948900391515013,0.019484455239417074,0.9935840107182922,0.6935840107182922,252,0.984375,1,0.046233693212464885,0.047364904862579285,131.76060988368934,0.0,4,2
139,0.4,0.40054348512552906,0.0005434851255290418,91,0.35546875,1,0.02372384404133228,0.022570736086175942,0.9935840107182922,0.5935840107182921,252,0.984375,1,0.046233693212464885,0.047364904862579285,94.88280706918903,0.0,4,2
139,0.5,0.5004749077073747,0.00047490770737468324,120,0.46875,1,0.02777841314669157,0.02587689732142857,0.9935840107182922,0.49358401071829217,252,0.984375,1,0.046233693212464885,0.047364904862579285,66.43748859344527,0.0,4,2
139,0.6,0.6002198751854765,0.00021987518547650353,144,0.5625,1,0.03113391861319581,0.02980935064935065,0.9935840107182922,0.3935840107182922,252,0.984375,1,0.046233693212464885,0.047364904862579285,48.499434930973266,0.0,4,2
139,0.7,0.7037959321085039,0.00379593210850393,174,0.6796875,1,0.03532830044632611,0.03477317073170731,0.9935840107182922,0.2935840107182922,252,0.984375,1,0.046233693212464885,0.047364904862579285,30.86871609549182,0.0,4,2
139,0.8,0.8015108672198111,0.001510867219811085,198,0.7734375,1,0.03868380591283035,0.03888293515358362,0.9935840107182922,0.19358401071829212,252,0.984375,1,0.046233693212464885,0.047364904862579285,19.516919603638193,0.0,4,2
139,0.85,0.8525714227682337,0.0025714227682337443,211,0.82421875,1,0.04050137137385348,0.040935559566787,0.9935840107182922,0.1435840107182922,252,0.984375,1,0.046233693212464885,0.047364904862579285,14.153401833479728,0.0,4,2
139,0.9,0.9032247850863155,0.003224785086315518,224,0.875,1,0.04231893683487661,0.043105703422053235,0.9935840107182922,0.09358401071829214,252,0.984375,1,0.046233693212464885,0.047364904862579285,9.250601906336131,0.0,4,2
139,0.95,0.9526245226503804,0.0026245226503804897,239,0.93359375,1,0.044416127751441756,0.04510987903225806,0.9935840107182922,0.04358401071829221,252,0.984375,1,0.046233693212464885,0.047364904862579285,4.092129487726748,0.0,4,2
139,0.97,0.9717877919856984,0.0017877919856984503,246,0.9609375,1,0.04539481684583883,0.04721863354037267,0.9935840107182922,0.023584010718292192,252,0.984375,1,0.046233693212464885,0.047364904862579285,1.8479562754375456,0.0,4,2
139,0.99,0.9935840107182932,0.0035840107182931735,252,0.984375,1,0.046233693212464885,0.047364904862579285,0.9935840107182922,0.0035840107182921743,252,0.984375,1,0.046233693212464885,0.047364904862579285,0.0,0.0,4,2
140,0.1,0.10321741347748288,0.003217413477482875,20,0.078125,1,0.013797140369590573,0.014549891383055758,0.9829630340872931,0.8829630340872932,250,0.9765625,1,0.045954067756922866,0.04733333333333334,233.0695095210265,0.0,3,2
140,0.2,0.2056322098060976,0.005632209806097577,42,0.1640625,1,0.016873020380552793,0.01772222808870116,0.9829630340872931,0.7829630340872931,250,0.9765625,1,0.045954067756922866,0.04733333333333334,172.3523513898424,0.0,3,2
140,0.3,0.3001228494402335,0.00012284944023349675,63,0.24609375,1,0.019809087663744,0.02000727522306108,0.9829630340872931,0.6829630340872932,250,0.9765625,1,0.045954067756922866,0.04733333333333334,131.9847765681368,0.0,3,2
140,0.4,0.4016434981222969,0.0016434981222968603,87,0.33984375,1,0.02316459313024824,0.022755073720728537,0.9829630340872931,0.5829630340872931,250,0.9765625,1,0.045954067756922866,0.04733333333333334,98.38063849658647,0.0,3,2
140,0.5,0.5035498549936137,0.0035498549936137103,114,0.4453125,1,0.026939536780065512,0.025315755627009644,0.9829630340872931,0.48296303408729313,250,0.9765625,1,0.045954067756922866,0.04733333333333334,70.58224917559667,0.0,3,2
140,0.6,0.6026831038570395,0.002683103857039515,141,0.55078125,1,0.030714480429882778,0.029799617346938777,0.9829630340872931,0.38296303408729315,250,0.9765625,1,0.045954067756922866,0.04733333333333334,49.61694651430004,0.0,3,2
140,0.7,0.7028864292576883,0.002886429257688339,168,0.65625,1,0.03448942407970005,0.033354733727810656,0.9829630340872931,0.2829630340872932,250,0.9765625,1,0.045954067756922866,0.04733333333333334,33.24104122681113,0.0,3,2
140,0.8,0.8000372430299573,3.7243029957223506e-05,200,0.78125,1,0.03896343136837237,0.03915611015490534,0.9829630340872931,0.18296303408729309,250,0.9765625,1,0.045954067756922866,0.04733333333333334,17.941531695344935,0.0,3,2
140,0.85,0.850356738321603,0.00035673832160298957,213,0.83203125,1,0.0407809968293955,0.04163018181818182,0.9829630340872931,0.13296303408729315,250,0.9765625,1,0.045954067756922866,0.04733333333333334,12.685003628451152,0.0,3,2
140,0.9,0.902140500603375,0.0021405006033750062,228,0.890625,1,0.042878187745960646,0.04490405405405405,0.9829630340872931,0.08296303408729311,250,0.9765625,1,0.045954067756922866,0.04733333333333334,7.17353081521499,0.0,3,2
140,0.95,0.953821948681312,0.0038219486813120263,244,0.953125,1,0.04511519139029681,0.046086858316221765,0.9829630340872931,0.032963034087293175,250,0.9765625,1,0.045954067756922866,0.04733333333333334,1.8594099698455047,0.0,3,2
140,0.97,0.9738698405275646,0.003869840527564672,247,0.96484375,1,0.04553462957360983,0.04780103734439834,0.9829630340872931,0.012963034087293157,250,0.9765625,1,0.045954067756922866,0.04733333333333334,0.92114109028818,0.0,3,2
140,0.99,0.9913849749328909,0.0013849749328909144,253,0.98828125,1,0.04637350594023589,0.04783099787685775,1.0,0.010000000000000009,256,1.0,1,0.046792944123548924,0.048613400368694486,0.9044780523033591,0.0,3,2
141,0.1,0.10419335885950554,0.0041933588595055304,20,0.078125,1,0.013797140369590573,0.014549891383055758,0.9939404738744021,0.8939404738744021,253,0.98828125,1,0.04637350594023589,0.04783099787685775,236.1095466017355,0.0,3,2
141,0.2,0.20226928543786044,0.0022692854378604244,45,0.17578125,1,0.017292458563865822,0.018111618942731278,0.9939404738744021,0.793940473874402,253,0.98828125,1,0.04637350594023589,0.04783099787685775,168.171849416124,0.0,3,2
141,0.3,0.30228152986964973,0.0022815298696497455,70,0.2734375,1,0.02078777675814107,0.020093865484109387,0.9939404738744021,0.6939404738744022,253,0.98828125,1,0.04637350594023589,0.04783099787685775,123.08064243606394,0.0,3,2
141,0.4,0.4048975881140727,0.004897588114072704,98,0.3828125,1,0.02470253313572935,0.023184980988593156,0.9939404738744021,0.5939404738744021,253,0.98828125,1,0.04637350594023589,0.04783099787685775,87.72773498747783,0.0,3,2
141,0.5,0.5061663849301029,0.006166384930102908,126,0.4921875,1,0.02861728951331763,0.02715029036004646,0.9939404738744021,0.4939404738744021,253,0.98828125,1,0.04637350594023589,0.04783099787685775,62.04716354655129,0.0,3,2
141,0.6,0.6041031043347743,0.0041031043347743434,151,0.58984375,1,0.03211260770759288,0.031588648648648646,0.9939404738744021,0.3939404738744021,253,0.98828125,1,0.04637350594023589,0.04783099787685775,44.40903199920163,0.0,3,2
141,0.7,0.7026131088489028,0.0026131088489028675,178,0.6953125,1,0.03588755135741015,0.0360710730948678,0.9939404738744021,0.29394047387440214,253,0.98828125,1,0.04637350594023589,0.04783099787685775,29.218919057459125,0.0,3,2
141,0.8,0.8016908512723997,0.0016908512723996516,206,0.8046875,1,0.039802307734998425,0.039936572438162544,0.9939404738744021,0.19394047387440205,253,0.98828125,1,0.04637350594023589,0.04783099787685775,16.509590973940867,0.0,3,2
141,0.85,0.8541725588153618,0.0041725588153618265,218,0.8515625,1,0.04148006046825055,0.04183506493506493,0.9939404738744021,0.14394047387440212,253,0.98828125,1,0.04637350594023589,0.04783099787685775,11.79710303395256,0.0,3,2
141,0.9,0.9036385948426261,0.003638594842626075,232,0.90625,1,0.043437438657044684,0.04410235294117647,0.9939404738744021,0.09394047387440208,253,0.98828125,1,0.04637350594023589,0.04783099787685775,6.759301132768414,0.0,3,2
141,0.95,0.950359974883685,0.0003599748836849992,243,0.94921875,1,0.044975378662525795,0.046523312883435586,0.9939404738744021,0.04394047387440214,253,0.98828125,1,0.04637350594023589,0.04783099787685775,3.1086503755776818,0.0,3,2
141,0.97,0.9724531977857053,0.0024531977857052967,247,0.96484375,1,0.04553462957360983,0.04780103734439834,0.9939404738744021,0.023940473874402124,253,0.98828125,1,0.04637350594023589,0.04783099787685775,1.8422821805763379,0.0,3,2
141,0.99,0.990875714889369,0.0008757148893689948,252,0.984375,1,0.046233693212464885,0.047364904862579285,0.9939404738744021,0.003940473874402106,253,0.98828125,1,0.04637350594023589,0.04783099787685775,0.3024044112775126,0.0,3,2
142,0.1,0.1059802288324822,0.005980228832482198,19,0.07421875,1,0.013657327641819563,0.015312371499468274,0.9909634112310778,0.8909634112310778,251,0.98046875,1,0.04609388048469387,0.04799157894736842,237.50292658683549,0.0,3,2
142,0.2,0.20163341531593323,0.0016334153159332232,38,0.1484375,1,0.016313769469468754,0.017068690890990543,0.9909634112310778,0.7909634112310777,251,0.98046875,1,0.04609388048469387,0.04799157894736842,182.54586146358537,0.0,3,2
142,0.3,0.30479619588725343,0.0047961958872534405,63,0.24609375,1,0.019809087663744,0.02000727522306108,0.9909634112310778,0.6909634112310779,251,0.98046875,1,0.04609388048469387,0.04799157894736842,132.69057751235138,0.0,3,2
142,0.4,0.4028445068924011,0.0028445068924010664,87,0.33984375,1,0.02316459313024824,0.022755073720728537,0.9909634112310778,0.5909634112310778,251,0.98046875,1,0.04609388048469387,0.04799157894736842,98.98420069595201,0.0,3,2
142,0.5,0.5030560649595524,0.0030560649595523515,116,0.453125,1,0.02721916223560753,0.02512554347826087,0.9909634112310778,0.4909634112310778,251,0.98046875,1,0.04609388048469387,0.04799157894736842,69.3434944312681,0.0,3,2
142,0.6,0.6034098457068974,0.0034098457068973964,143,0.55859375,1,0.030994105885424797,0.030185419354838712,0.9909634112310778,0.3909634112310778,251,0.98046875,1,0.04609388048469387,0.04799157894736842,48.71821324702208,0.0,3,2
142,0.7,0.703251519388798,0.0032515193887980853,169,0.66015625,1,0.034629236807471056,0.033990044576523035,0.9909634112310778,0.29096341123107783,251,0.98046875,1,0.04609388048469387,0.04799157894736842,33.1068332258174,0.0,3,2
142,0.8,0.8055501386631125,0.005550138663112492,197,0.76953125,1,0.038543993185059335,0.03893089983022071,0.9909634112310778,0.19096341123107774,251,0.98046875,1,0.04609388048469387,0.04799157894736842,19.587714390114286,0.0,3,2
142,0.85,0.8513731705265876,0.001373170526587586,210,0.8203125,1,0.040361558646082464,0.04064524236983842,0.9909634112310778,0.1409634112310778,251,0.98046875,1,0.04609388048469387,0.04799157894736842,14.202429318640286,0.0,3,2
142,0.9,0.9024039676042632,0.002403967604263202,226,0.8828125,1,0.042598562290418626,0.0439360153256705,0.9909634112310778,0.09096341123107776,251,0.98046875,1,0.04609388048469387,0.04799157894736842,8.205249206406728,0.0,3,2
142,0.95,0.9501260519262245,0.0001260519262245019,241,0.94140625,1,0.044695753206983775,0.04639878048780488,0.9909634112310778,0.04096341123107783,251,0.98046875,1,0.04609388048469387,0.04799157894736842,3.1280987060122722,0.0,3,2
142,0.97,0.9713212000363274,0.001321200036327408,247,0.96484375,1,0.04553462957360983,0.04780103734439834,0.9909634112310778,0.02096341123107781,251,0.98046875,1,0.04609388048469387,0.04799157894736842,1.2281881203842326,0.0,3,2
142,0.99,0.9909634112310777,0.0009634112310776821,251,0.98046875,1,0.04609388048469387,0.04799157894736842,0.9909634112310778,0.0009634112310777931,251,0.98046875,1,0.04609388048469387,0.04799157894736842,0.0,0.0,3,2
143,0.1,0.10116238918143974,0.001162389181439738,19,0.07421875,1,0.013657327641819563,0.015312371499468274,0.9799357336808535,0.8799357336808535,248,0.96875,1,0.045674442301380846,0.04718708333333334,234.43176805338507,0.0,5,2
143,0.2,0.20220017896351222,0.0022001789635122115,41,0.16015625,1,0.016733207652781783,0.01797626236335242,0.9799357336808535,0.7799357336808534,248,0.96875,1,0.045674442301380846,0.04718708333333334,172.95688459222447,0.0,5,2
143,0.3,0.30071545954956075,0.0007154595495607596,69,0.26953125,1,0.020647964030370062,0.02049846378931968,0.9799357336808535,0.6799357336808536,248,0.96875,1,0.045674442301380846,0.04718708333333334,121.20554953602488,0.0,5,2
143,0.4,0.40182295068154866,0.0018229506815486407,98,0.3828125,1,0.02470253313572935,0.023184980988593156,0.9799357336808535,0.5799357336808535,248,0.96875,1,0.045674442301380846,0.04718708333333334,84.89780805239792,0.0,5,2
143,0.5,0.5028368598474685,0.002836859847468509,123,0.48046875,1,0.028197851330004603,0.02735512528473804,0.9799357336808535,0.4799357336808535,248,0.96875,1,0.045674442301380846,0.04718708333333334,61.97844923304443,0.0,5,2
143,0.6,0.6039218286646894,0.003921828664689375,145,0.56640625,1,0.031273731340966816,0.030195300261096607,0.9799357336808535,0.37993573368085354,248,0.96875,1,0.045674442301380846,0.04718708333333334,46.047306614640874,0.0,5,2
143,0.7,0.7037914263556704,0.003791426355670424,174,0.6796875,1,0.03532830044632611,0.03477317073170731,0.9799357336808535,0.27993573368085356,248,0.96875,1,0.045674442301380846,0.04718708333333334,29.285705013671738,0.0,5,2
143,0.8,0.8033554258715524,0.0033554258715523533,199,0.77734375,1,0.03882361864060136,0.03939914383561644,0.9799357336808535,0.17993573368085347,248,0.96875,1,0.045674442301380846,0.04718708333333334,17.646020388256556,0.0,5,2
143,0.85,0.8503490179737919,0.000349017973791943,211,0.82421875,1,0.04050137137385348,0.040935559566787,0.9799357336808535,0.12993573368085354,248,0.96875,1,0.045674442301380846,0.04718708333333334,12.772582142408528,0.0,5,2
143,0.9,0.9002194378768803,0.0002194378768802796,227,0.88671875,1,0.04273837501818963,0.04437192307692307,0.9799357336808535,0.0799357336808535,248,0.96875,1,0.045674442301380846,0.04718708333333334,6.869861762272467,0.0,5,2
143,0.95,0.9500550036683235,5.500366832356107e-05,239,0.93359375,1,0.044416127751441756,0.04510987903225806,0.9799357336808535,0.02993573368085356,248,0.96875,1,0.045674442301380846,0.04718708333333334,2.8330127222723656,0.0,5,2
143,0.97,0.9712731114857402,0.0012731114857402748,246,0.9609375,1,0.04539481684583883,0.04721863354037267,0.9799357336808535,0.009935733680853542,248,0.96875,1,0.045674442301380846,0.04718708333333334,0.6159854251458485,0.0,5,2
143,0.99,0.9941519874415995,0.004151987441599503,253,0.98828125,1,0.04637350594023589,0.04783099787685775,0.9941519874415994,0.004151987441599392,253,0.98828125,1,0.04637350594023589,0.04783099787685775,0.0,0.0,5,2
144,0.1,0.10311640949789175,0.0031164094978917423,18,0.0703125,1,0.013517514914048553,0.014918147120055517,0.9953968310548666,0.8953968310548667,254,0.9921875,1,0.046513318668006905,0.04839595744680851,244.09666986693165,0.0,3,2
144,0.2,0.2031923933037728,0.0031923933037728003,43,0.16796875,1,0.017012833108323803,0.018372790573111943,0.9953968310548666,0.7953968310548667,254,0.9921875,1,0.046513318668006905,0.04839595744680851,173.40136925959447,0.0,3,2
144,0.3,0.30279160872367117,0.0027916087236711795,68,0.265625,1,0.020508151302599052,0.019579362780593773,0.9953968310548666,0.6953968310548666,254,0.9921875,1,0.046513318668006905,0.04839595744680851,126.80405455226062,0.0,3,2
144,0.4,0.40391240709220183,0.003912407092201808,96,0.375,1,0.02442290768018733,0.022693451824134705,0.9953968310548666,0.5953968310548666,254,0.9921875,1,0.046513318668006905,0.04839595744680851,90.4495536612131,0.0,3,2
144,0.5,0.5049949289697765,0.004994928969776491,124,0.484375,1,0.02833766405777561,0.02639587155963303,0.9953968310548666,0.49539683105486665,254,0.9921875,1,0.046513318668006905,0.04839595744680851,64.13956553784486,0.0,3,2
144,0.6,0.6015837264325585,0.001583726432558552,158,0.6171875,1,0.033091296801989946,0.032119803370786515,0.9953968310548666,0.39539683105486667,254,0.9921875,1,0.046513318668006905,0.04839595744680851,40.56057985980721,0.0,3,2
144,0.7,0.7001913039378759,0.0001913039378759196,187,0.73046875,1,0.03714586590734924,0.036451948051948055,0.9953968310548666,0.2953968310548667,254,0.9921875,1,0.046513318668006905,0.04839595744680851,25.218022333958668,0.0,3,2
144,0.8,0.8014218140109811,0.0014218140109810706,210,0.8203125,1,0.040361558646082464,0.04064524236983842,0.9953968310548666,0.1953968310548666,254,0.9921875,1,0.046513318668006905,0.04839595744680851,15.241631463906646,0.0,3,2
144,0.85,0.8539178142854826,0.003917814285482657,220,0.859375,1,0.04175968592379257,0.04211292134831461,0.9953968310548666,0.14539683105486667,254,0.9921875,1,0.046513318668006905,0.04839595744680851,11.383305786564723,0.0,3,2
144,0.9,0.9013713238430584,0.0013713238430583807,232,0.90625,1,0.043437438657044684,0.04410235294117647,0.9953968310548666,0.09539683105486663,254,0.9921875,1,0.046513318668006905,0.04839595744680851,7.081172615281206,0.0,3,2
144,0.95,0.9537157139671489,0.0037157139671489814,246,0.9609375,1,0.04539481684583883,0.04721863354037267,0.9953968310548666,0.04539683105486669,254,0.9921875,1,0.046513318668006905,0.04839595744680851,2.463941700583394,0.0,3,2
144,0.97,0.9723984848357512,0.0023984848357512245,250,0.9765625,1,0.045954067756922866,0.04733333333333334,0.9953968310548666,0.025396831054866675,254,0.9921875,1,0.046513318668006905,0.04839595744680851,1.2169780356381832,0.0,3,2
144,0.99,0.9922711874937553,0.0022711874937553223,253,0.98828125,1,0.04637350594023589,0.04783099787685775,0.9953968310548666,0.005396831054866658,254,0.9921875,1,0.046513318668006905,0.04839595744680851,0.3014926841011345,0.0,3,2
145,0.1,0.10123635300888299,0.0012363530088829872,19,0.07421875,1,0.013657327641819563,0.015312371499468274,1.0,0.9,256,1.0,1,0.046792944123548924,0.048613400368694486,242.62152414258628,0.0,2,2
145,0.2,0.20024180018673537,0.00024180018673536363,43,0.16796875,1,0.017012833108323803,0.018372790573111943,1.0,0.8,256,1.0,1,0.046792944123548924,0.048613400368694486,175.044984134093,0.0,2,2
145,0.3,0.30193280844498155,0.0019328084449815597,71,0.27734375,1,0.02092758948591208,0.020301941747572817,1.0,0.7,256,1.0,1,0.046792944123548924,0.048613400368694486,123.59452413307675,0.0,2,2
145,0.4,0.4016515584192809,0.0016515584192808852,96,0.375,1,0.02442290768018733,0.022693451824134705,1.0,0.6,256,1.0,1,0.046792944123548924,0.048613400368694486,91.59448472021579,0.0,2,2
145,0.5,0.5052645808492302,0.005264580849230205,123,0.48046875,1,0.028197851330004603,0.02735512528473804,1.0,0.5,256,1.0,1,0.046792944123548924,0.048613400368694486,65.94506998395926,0.0,2,2
145,0.6,0.6019283621467095,0.0019283621467095502,148,0.578125,1,0.03169316952427985,0.029753917662682604,1.0,0.4,256,1.0,1,0.046792944123548924,0.048613400368694486,47.64362424433843,0.0,2,2
145,0.7,0.7020535302154407,0.0020535302154407464,176,0.6875,1,0.03560792590186813,0.03554692307692307,1.0,0.30000000000000004,256,1.0,1,0.046792944123548924,0.048613400368694486,31.411597104828815,0.0,2,2
145,0.8,0.8013268547354941,0.0013268547354940985,201,0.78515625,1,0.03910324409614338,0.039963385146804836,1.0,0.19999999999999996,256,1.0,1,0.046792944123548924,0.048613400368694486,19.665120388729985,0.0,2,2
145,0.85,0.8500866561107907,8.665611079072821e-05,214,0.8359375,1,0.04092080955716651,0.041812979890310784,1.0,0.15000000000000002,256,1.0,1,0.046792944123548924,0.048613400368694486,14.349996077616755,0.0,2,2
145,0.9,0.9034306406147923,0.0034306406147922575,230,0.8984375,1,0.043157813201502665,0.04402826510721248,1.0,0.09999999999999998,256,1.0,1,0.046792944123548924,0.048613400368694486,8.422880244357911,0.0,2,2
145,0.95,0.9519279255580104,0.0019279255580104682,246,0.9609375,1,0.04539481684583883,0.04721863354037267,1.0,0.050000000000000044,256,1.0,1,0.046792944123548924,0.048613400368694486,3.0799271257292427,0.0,2,2
145,0.97,0.9739124853988349,0.003912485398834931,251,0.98046875,1,0.04609388048469387,0.04799157894736842,1.0,0.030000000000000027,256,1.0,1,0.046792944123548924,0.048613400368694486,1.5166083469305258,0.0,2,2
145,0.99,0.9900612076066577,6.120760665773162e-05,254,0.9921875,1,0.046513318668006905,0.04839595744680851,1.0,0.010000000000000009,256,1.0,1,0.046792944123548924,0.048613400368694486,0.6011728759624191,0.0,2,2
146,0.1,0.10059027788247006,0.0005902778824700555,17,0.06640625,1,0.013377702186277544,0.015339002036659877,0.9950330916185163,0.8950330916185163,253,0.98828125,1,0.04637350594023589,0.04783099787685775,246.64776726607417,0.0,4,2
146,0.2,0.20391306403730056,0.003913064037300545,37,0.14453125,1,0.01617395674169774,0.017040686274509803,0.9950330916185163,0.7950330916185162,253,0.98828125,1,0.04637350594023589,0.04783099787685775,186.7171384271192,0.0,4,2
146,0.3,0.301155986548448,0.001155986548448007,65,0.25390625,1,0.02008871311928602,0.019898385964912283,0.9950330916185163,0.6950330916185163,253,0.98828125,1,0.04637350594023589,0.04783099787685775,130.84358696782502,0.0,4,2
146,0.4,0.40718104886575673,0.007181048865756712,95,0.37109375,1,0.02428309495241632,0.023273191094619665,0.9950330916185163,0.5950330916185163,253,0.98828125,1,0.04637350594023589,0.04783099787685775,90.97032742781181,0.0,4,2
146,0.5,0.5064867102848241,0.00648671028482406,120,0.46875,1,0.02777841314669157,0.02587689732142857,0.9950330916185163,0.4950330916185163,253,0.98828125,1,0.04637350594023589,0.04783099787685775,66.94080290097135,0.0,4,2
146,0.6,0.6009927035144915,0.0009927035144915441,144,0.5625,1,0.03113391861319581,0.02980935064935065,0.9950330916185163,0.3950330916185163,253,0.98828125,1,0.04637350594023589,0.04783099787685775,48.9485037729267,0.0,4,2
146,0.7,0.7006232755102946,0.0006232755102946186,168,0.65625,1,0.03448942407970005,0.033354733727810656,0.9950330916185163,0.2950330916185163,253,0.98828125,1,0.04637350594023589,0.04783099787685775,34.457176881450536,0.0,4,2
146,0.8,0.8005434554953936,0.0005434554953935855,195,0.76171875,1,0.038264367729517315,0.038550673400673405,0.9950330916185163,0.19503309161851623,253,0.98828125,1,0.04637350594023589,0.04783099787685775,21.192400899030538,0.0,4,2
146,0.85,0.8518077926315405,0.0018077926315405168,212,0.828125,1,0.04064118410162449,0.04085869565217391,0.9950330916185163,0.1450330916185163,253,0.98828125,1,0.04637350594023589,0.04783099787685775,14.104711674437343,0.0,4,2
146,0.9,0.9021276092365886,0.0021276092365886123,226,0.8828125,1,0.042598562290418626,0.0439360153256705,0.9950330916185163,0.09503309161851625,253,0.98828125,1,0.04637350594023589,0.04783099787685775,8.86166914291926,0.0,4,2
146,0.95,0.9512738232865835,0.001273823286583542,242,0.9453125,1,0.04483556593475478,0.046679633401222,0.9950330916185163,0.04503309161851632,253,0.98828125,1,0.04637350594023589,0.04783099787685775,3.4301786392506806,0.0,4,2
146,0.97,0.9710566428711072,0.001056642871107183,247,0.96484375,1,0.04553462957360983,0.04780103734439834,0.9950330916185163,0.0250330916185163,253,0.98828125,1,0.04637350594023589,0.04783099787685775,1.8422821805763379,0.0,4,2
146,0.99,0.9950330916185162,0.005033091618516172,253,0.98828125,1,0.04637350594023589,0.04783099787685775,0.9950330916185163,0.005033091618516283,253,0.98828125,1,0.04637350594023589,0.04783099787685775,0.0,0.0,4,2
147,0.1,0.1043777331055701,0.004377733105570089,18,0.0703125,1,0.013517514914048553,0.014918147120055517,0.9685266882712953,0.8685266882712953,241,0.94140625,1,0.044695753206983775,0.04639878048780488,230.65066686578714,0.0,5,2
147,0.2,0.2009689890742955,0.0009689890742954899,40,0.15625,1,0.016593394925010774,0.017043641025641026,0.9685266882712953,0.7685266882712953,241,0.94140625,1,0.044695753206983775,0.04639878048780488,169.35870211595505,0.0,5,2
147,0.3,0.3031200132380738,0.0031200132380738155,67,0.26171875,1,0.02036833857482804,0.020534767025089606,0.9685266882712953,0.6685266882712952,241,0.94140625,1,0.044695753206983775,0.04639878048780488,119.43740302029578,0.0,5,2
147,0.4,0.4051617135527147,0.005161713552714664,92,0.359375,1,0.023863656769103292,0.02210280542986425,0.9685266882712953,0.5685266882712953,241,0.94140625,1,0.044695753206983775,0.04639878048780488,87.29632947475248,0.0,5,2
147,0.5,0.5075901766884496,0.007590176688449635,112,0.4375,1,0.026659911324523493,0.025773178458289338,0.9685266882712953,0.4685266882712953,241,0.94140625,1,0.044695753206983775,0.04639878048780488,67.65154490919016,0.0,5,2
147,0.6,0.6049797251973411,0.004979725197341134,138,0.5390625,1,0.030295042246569752,0.02862305764411028,0.9685266882712953,0.3685266882712953,241,0.94140625,1,0.044695753206983775,0.04639878048780488,47.5348766415554,0.0,5,2
147,0.7,0.7037429567329667,0.0037429567329667623,166,0.6484375,1,0.03420979862415803,0.0328891654465593,0.9685266882712953,0.26852668827129533,241,0.94140625,1,0.044695753206983775,0.04639878048780488,30.65190385371297,0.0,5,2
147,0.8,0.8020452543162916,0.002045254316291545,190,0.7421875,1,0.03756530409066227,0.036915789473684214,0.9685266882712953,0.16852668827129524,241,0.94140625,1,0.044695753206983775,0.04639878048780488,18.981475829697715,0.0,5,2
147,0.85,0.8526722125989947,0.00267221259899475,208,0.8125,1,0.040081933190540445,0.04029536541889483,0.9685266882712953,0.11852668827129531,241,0.94140625,1,0.044695753206983775,0.04639878048780488,11.510971775014633,0.0,5,2
147,0.9,0.9021398618150515,0.002139861815051436,221,0.86328125,1,0.041899498651563574,0.0428687969924812,0.9685266882712953,0.06852668827129527,241,0.94140625,1,0.044695753206983775,0.04639878048780488,6.673718410508611,0.0,5,2
147,0.95,0.9505133844223471,0.0005133844223471629,236,0.921875,1,0.04399668956812872,0.04414103585657371,0.9685266882712953,0.018526688271295333,241,0.94140625,1,0.044695753206983775,0.04639878048780488,1.5889005416476865,0.0,5,2
147,0.97,0.9712642189292978,0.0012642189292978445,242,0.9453125,1,0.04483556593475478,0.046679633401222,0.9767048901285946,0.006704890128594654,244,0.953125,1,0.04511519139029681,0.046086858316221765,0.6236688435001358,0.0,5,2
147,0.99,0.9908563250446241,0.0008563250446240733,251,0.98046875,1,0.04609388048469387,0.04799157894736842,0.995954773033782,0.0059547730337820015,253,0.98828125,1,0.04637350594023589,0.04783099787685775,0.6066433387722059,0.0,5,2
148,0.1,0.10123461362351305,0.0012346136235130423,21,0.08203125,1,0.013936953097361583,0.015592276422764229,1.0,0.9,256,1.0,1,0.046792944123548924,0.048613400368694486,235.74730284776044,0.0,2,2
148,0.2,0.20018693486532013,0.00018693486532012082,44,0.171875,1,0.017152645836094813,0.017583269961977187,1.0,0.8,256,1.0,1,0.046792944123548924,0.048613400368694486,172.80306823033195,0.0,2,2
148,0.3,0.30228668171770734,0.0022866817177073506,69,0.26953125,1,0.020647964030370062,0.02049846378931968,1.0,0.7,256,1.0,1,0.046792944123548924,0.048613400368694486,126.62255733651762,0.0,2,2
148,0.4,0.4019116450537071,0.0019116450537070562,92,0.359375,1,0.023863656769103292,0.02210280542986425,1.0,0.6,256,1.0,1,0.046792944123548924,0.048613400368694486,96.08455056281483,0.0,2,2
148,0.5,0.5046480261481631,0.004648026148163065,120,0.46875,1,0.02777841314669157,0.02587689732142857,1.0,0.5,256,1.0,1,0.046792944123548924,0.048613400368694486,68.45074582354967,0.0,2,2
148,0.6,0.6034958849625037,0.003495884962503748,145,0.56640625,1,0.031273731340966816,0.030195300261096607,1.0,0.4,256,1.0,1,0.046792944123548924,0.048613400368694486,49.623796448787736,0.0,2,2
148,0.7,0.7053483456813353,0.005348345681335354,174,0.6796875,1,0.03532830044632611,0.03477317073170731,1.0,0.30000000000000004,256,1.0,1,0.046792944123548924,0.048613400368694486,32.45172717731191,0.0,2,2
148,0.8,0.8014726991350335,0.0014726991350334506,200,0.78125,1,0.03896343136837237,0.03915611015490534,1.0,0.19999999999999996,256,1.0,1,0.046792944123548924,0.048613400368694486,20.094515498786315,0.0,2,2
148,0.85,0.8505178611340428,0.0005178611340428407,216,0.84375,1,0.04120043501270853,0.04185874769797422,1.0,0.15000000000000002,256,1.0,1,0.046792944123548924,0.048613400368694486,13.57390791897064,0.0,2,2
148,0.9,0.9002249027480327,0.00022490274803266264,233,0.91015625,1,0.0435772513848157,0.04426082677165354,1.0,0.09999999999999998,256,1.0,1,0.046792944123548924,0.048613400368694486,7.379292260396486,0.0,2,2
148,0.95,0.9523272019431076,0.0023272019431076485,246,0.9609375,1,0.04539481684583883,0.04721863354037267,1.0,0.050000000000000044,256,1.0,1,0.046792944123548924,0.048613400368694486,3.0799271257292427,0.0,2,2
148,0.97,0.9739883338624448,0.003988333862444793,250,0.9765625,1,0.045954067756922866,0.04733333333333334,1.0,0.030000000000000027,256,1.0,1,0.046792944123548924,0.048613400368694486,1.8254670534572748,0.0,2,2
148,0.99,0.9955647385717573,0.005564738571757322,255,0.99609375,1,0.04665313139577791,0.048423504273504274,1.0,0.010000000000000009,256,1.0,1,0.046792944123548924,0.048613400368694486,0.2996856236399781,0.0,2,2
149,0.1,0.10571394030110783,0.00571394030110782,18,0.0703125,1,0.013517514914048553,0.014918147120055517,0.9985206650256462,0.8985206650256462,255,0.99609375,1,0.04665313139577791,0.048423504273504274,245.1309777900966,0.0,3,2
149,0.2,0.2056551152472866,0.005655115247286596,43,0.16796875,1,0.017012833108323803,0.018372790573111943,0.9985206650256462,0.7985206650256462,255,0.99609375,1,0.04665313139577791,0.048423504273504274,174.2231766968437,0.0,3,2
149,0.3,0.30243244688288706,0.0024324468828870738,65,0.25390625,1,0.02008871311928602,0.019898385964912283,0.9985206650256462,0.6985206650256461,255,0.99609375,1,0.04665313139577791,0.048423504273504274,132.2355400206742,0.0,3,2
149,0.4,0.401493851634938,0.0014938516349379816,89,0.34765625,1,0.02344421858579026,0.02250882612533098,0.9985206650256462,0.5985206650256462,255,0.99609375,1,0.04665313139577791,0.048423504273504274,98.99631640550722,0.0,3,2
149,0.5,0.5042880366266865,0.004288036626686531,114,0.4453125,1,0.026939536780065512,0.025315755627009644,0.9985206650256462,0.4985206650256462,255,0.99609375,1,0.04665313139577791,0.048423504273504274,73.17718480705241,0.0,3,2
149,0.6,0.6044807487942638,0.004480748794263856,140,0.546875,1,0.03057466770211177,0.029551584283903677,0.9985206650256462,0.3985206650256462,255,0.99609375,1,0.04665313139577791,0.048423504273504274,52.58753373975544,0.0,3,2
149,0.7,0.7017464250899821,0.0017464250899821288,171,0.66796875,1,0.034908862263013075,0.03412912912912913,0.9985206650256462,0.2985206650256462,255,0.99609375,1,0.04665313139577791,0.048423504273504274,33.64265797114854,0.0,3,2
149,0.8,0.8017304961773066,0.0017304961773065841,198,0.7734375,1,0.03868380591283035,0.03888293515358362,0.9985206650256462,0.19852066502564614,255,0.99609375,1,0.04665313139577791,0.048423504273504274,20.601192914951415,0.0,3,2
149,0.85,0.8543308680987816,0.004330868098781582,215,0.83984375,1,0.041060622284937516,0.0420308256880734,0.9985206650256462,0.1485206650256462,255,0.99609375,1,0.04665313139577791,0.048423504273504274,13.620127508130642,0.0,3,2
149,0.9,0.9008952011183369,0.0008952011183368525,226,0.8828125,1,0.042598562290418626,0.0439360153256705,0.9985206650256462,0.09852066502564616,255,0.99609375,1,0.04665313139577791,0.048423504273504274,9.51808907943179,0.0,3,2
149,0.95,0.9504775429030363,0.0004775429030363654,240,0.9375,1,0.04455594047921276,0.04549817813765182,0.9985206650256462,0.048520665025646226,255,0.99609375,1,0.04665313139577791,0.048423504273504274,4.706871618036157,0.0,3,2
149,0.97,0.9718108783757659,0.0018108783757658786,249,0.97265625,1,0.04581425502915185,0.04799748953974896,0.9985206650256462,0.028520665025646208,255,0.99609375,1,0.04665313139577791,0.048423504273504274,1.8310378856805087,0.0,3,2
149,0.99,0.9931194636388704,0.00311946363887039,254,0.9921875,1,0.046513318668006905,0.04839595744680851,0.9985206650256462,0.00852066502564619,255,0.99609375,1,0.04665313139577791,0.048423504273504274,0.30058643798120954,0.0,3,2
150,0.1,0.10076130092098715,0.0007613009209871402,17,0.06640625,1,0.013377702186277544,0.015339002036659877,1.0,0.9,256,1.0,1,0.046792944123548924,0.048613400368694486,249.78312023979547,0.0,2,2
150,0.2,0.2011856363750006,0.001185636375000576,43,0.16796875,1,0.017012833108323803,0.018372790573111943,1.0,0.8,256,1.0,1,0.046792944123548924,0.048613400368694486,175.044984134093,0.0,2,2
150,0.3,0.3014611835819511,0.001461183581951131,66,0.2578125,1,0.020228525847057033,0.02009113475177305,1.0,0.7,256,1.0,1,0.046792944123548924,0.048613400368694486,131.32157270054674,0.0,2,2
150,0.4,0.4007262401768905,0.0007262401768904914,94,0.3671875,1,0.02414328222464531,0.022798618784530385,1.0,0.6,256,1.0,1,0.046792944123548924,0.048613400368694486,93.81351585984021,0.0,2,2
150,0.5,0.5043173085298702,0.004317308529870223,117,0.45703125,1,0.027358974963378538,0.025853610503282276,1.0,0.5,256,1.0,1,0.046792944123548924,0.048613400368694486,71.03325028142977,0.0,2,2
150,0.6,0.6034048498174739,0.0034048498174739095,145,0.56640625,1,0.031273731340966816,0.030195300261096607,1.0,0.4,256,1.0,1,0.046792944123548924,0.048613400368694486,49.623796448787736,0.0,2,2
150,0.7,0.7015823250489344,0.0015823250489344076,169,0.66015625,1,0.034629236807471056,0.033990044576523035,1.0,0.30000000000000004,256,1.0,1,0.046792944123548924,0.048613400368694486,35.12554256885505,0.0,2,2
150,0.8,0.800704497405706,0.000704497405705995,196,0.765625,1,0.03840418045728833,0.038024493243243244,1.0,0.19999999999999996,256,1.0,1,0.046792944123548924,0.048613400368694486,21.84336071326991,0.0,2,2
150,0.85,0.8515815298163308,0.0015815298163308622,209,0.81640625,1,0.04022174591831146,0.040852951699463326,1.0,0.15000000000000002,256,1.0,1,0.046792944123548924,0.048613400368694486,16.337426571644276,0.0,2,2
150,0.9,0.9006159910796385,0.0006159910796385004,227,0.88671875,1,0.04273837501818963,0.04437192307692307,1.0,0.09999999999999998,256,1.0,1,0.046792944123548924,0.048613400368694486,9.486951957423862,0.0,2,2
150,0.95,0.9546863945335247,0.004686394533524707,244,0.953125,1,0.04511519139029681,0.046086858316221765,1.0,0.050000000000000044,256,1.0,1,0.046792944123548924,0.048613400368694486,3.7188199396910093,0.0,2,2
150,0.97,0.9732132435280478,0.00321324352804786,248,0.96875,1,0.045674442301380846,0.04718708333333334,1.0,0.030000000000000027,256,1.0,1,0.046792944123548924,0.048613400368694486,2.448857097778423,0.0,2,2
150,0.99,0.992302147588594,0.002302147588594039,254,0.9921875,1,0.046513318668006905,0.04839595744680851,1.0,0.010000000000000009,256,1.0,1,0.046792944123548924,0.048613400368694486,0.6011728759624191,0.0,2,2
151,0.1,0.10127986069902958,0.001279860699029578,19,0.07421875,1,0.013657327641819563,0.015312371499468274,0.9987414866931708,0.8987414866931708,255,0.99609375,1,0.04665313139577791,0.048423504273504274,241.59780463143613,0.0,3,2
151,0.2,0.20025909601879263,0.00025909601879262056,45,0.17578125,1,0.017292458563865822,0.018111618942731278,0.9987414866931708,0.7987414866931708,255,0.99609375,1,0.04665313139577791,0.048423504273504274,169.7888864297406,0.0,3,2
151,0.3,0.3011166828910643,0.0011166828910643134,70,0.2734375,1,0.02078777675814107,0.020093865484109387,0.9987414866931708,0.6987414866931707,255,0.99609375,1,0.04665313139577791,0.048423504273504274,124.42578606924499,0.0,3,2
151,0.4,0.4037121797848316,0.0037121797848315707,95,0.37109375,1,0.02428309495241632,0.023273191094619665,0.9987414866931708,0.5987414866931707,255,0.99609375,1,0.04665313139577791,0.048423504273504274,92.12185055980943,0.0,3,2
151,0.5,0.5007545819259488,0.000754581925948794,124,0.484375,1,0.02833766405777561,0.02639587155963303,0.9987414866931708,0.49874148669317075,255,0.99609375,1,0.04665313139577791,0.048423504273504274,64.6329468112129,0.0,3,2
151,0.6,0.6022179703362674,0.002217970336267472,151,0.58984375,1,0.03211260770759288,0.031588648648648646,0.9987414866931708,0.3987414866931708,255,0.99609375,1,0.04665313139577791,0.048423504273504274,45.2797973325193,0.0,3,2
151,0.7,0.700487751349741,0.00048775134974099466,173,0.67578125,1,0.0351884877185551,0.03480166919575114,0.9987414866931708,0.2987414866931708,255,0.99609375,1,0.04665313139577791,0.048423504273504274,32.5806660659004,0.0,3,2
151,0.8,0.8025811335400935,0.002581133540093483,201,0.78515625,1,0.03910324409614338,0.039963385146804836,0.9987414866931708,0.1987414866931707,255,0.99609375,1,0.04665313139577791,0.048423504273504274,19.307572745298508,0.0,3,2
151,0.85,0.8509686884275771,0.0009686884275771357,220,0.859375,1,0.04175968592379257,0.04211292134831461,0.9987414866931708,0.14874148669317078,255,0.99609375,1,0.04665313139577791,0.048423504273504274,11.718108897934275,0.0,3,2
151,0.9,0.9042237986497839,0.004223798649783839,233,0.91015625,1,0.0435772513848157,0.04426082677165354,0.9987414866931708,0.09874148669317073,255,0.99609375,1,0.04665313139577791,0.048423504273504274,7.058453466466208,0.0,3,2
151,0.95,0.9504862420343885,0.00048624203438851765,246,0.9609375,1,0.04539481684583883,0.04721863354037267,0.9987414866931708,0.0487414866931708,255,0.99609375,1,0.04665313139577791,0.048423504273504274,2.7719344131563073,0.0,3,2
151,0.97,0.9705945210623727,0.0005945210623726771,251,0.98046875,1,0.04609388048469387,0.04799157894736842,0.9987414866931708,0.02874148669317078,255,0.99609375,1,0.04665313139577791,0.048423504273504274,1.2132866775444118,0.0,3,2
151,0.99,0.9931054629482092,0.0031054629482092366,254,0.9921875,1,0.046513318668006905,0.04839595744680851,0.9987414866931708,0.008741486693170764,255,0.99609375,1,0.04665313139577791,0.048423504273504274,0.30058643798120954,0.0,3,2
152,0.1,0.10507495614161864,0.005074956141618639,15,0.05859375,1,0.013098076730735523,0.014725624391826144,0.9374548478445559,0.8374548478445559,234,0.9140625,1,0.043717064112586704,0.044589723320158106,233.7670484858411,0.0,3,2
152,0.2,0.20247410407548247,0.0024741040754824584,38,0.1484375,1,0.016313769469468754,0.017068690890990543,0.9374548478445559,0.737454847844556,234,0.9140625,1,0.043717064112586704,0.044589723320158106,167.97647345944947,0.0,3,2
152,0.3,0.30303176977612734,0.0030317697761273465,61,0.23828125,1,0.01952946220820198,0.019800402955003356,0.9374548478445559,0.6374548478445559,234,0.9140625,1,0.043717064112586704,0.044589723320158106,123.85185852289582,0.0,3,2
152,0.4,0.4025503736889011,0.0025503736889010975,89,0.34765625,1,0.02344421858579026,0.02250882612533098,0.9374548478445559,0.5374548478445559,234,0.9140625,1,0.043717064112586704,0.044589723320158106,86.47268601685872,0.0,3,2
152,0.5,0.5036632415567189,0.0036632415567189325,114,0.4453125,1,0.026939536780065512,0.025315755627009644,0.9374548478445559,0.4374548478445559,234,0.9140625,1,0.043717064112586704,0.044589723320158106,62.27845515493824,0.0,3,2
152,0.6,0.6024532001128847,0.002453200112884746,135,0.52734375,1,0.02987560406325672,0.028700123001230017,0.9374548478445559,0.3374548478445559,234,0.9140625,1,0.043717064112586704,0.044589723320158106,46.3303102425074,0.0,3,2
152,0.7,0.7023011520230974,0.0023011520230974414,162,0.6328125,1,0.03365054771307399,0.032181348637015786,0.9374548478445559,0.23745484784455595,234,0.9140625,1,0.043717064112586704,0.044589723320158106,29.914866424600994,0.0,3,2
152,0.8,0.802656810119505,0.0026568101195049154,191,0.74609375,1,0.037705116818433276,0.03824694214876033,0.9374548478445559,0.13745484784455586,234,0.9140625,1,0.043717064112586704,0.044589723320158106,15.944645717724736,0.0,3,2
152,0.85,0.8540147685511673,0.004014768551167336,209,0.81640625,1,0.04022174591831146,0.040852951699463326,0.9374548478445559,0.08745484784455593,234,0.9140625,1,0.043717064112586704,0.044589723320158106,8.690120516832067,0.0,3,2
152,0.9,0.9015421637335451,0.0015421637335450988,224,0.875,1,0.04231893683487661,0.043105703422053235,0.9374548478445559,0.03745484784455588,234,0.9140625,1,0.043717064112586704,0.044589723320158106,3.303786395120034,0.0,3,2
152,0.95,0.9544853852231406,0.004485385223140681,243,0.94921875,1,0.044975378662525795,0.046523312883435586,1.0,0.050000000000000044,256,1.0,1,0.046792944123548924,0.048613400368694486,4.041245488251,0.0,3,2
152,0.97,0.9708972341223628,0.0008972341223628666,247,0.96484375,1,0.04553462957360983,0.04780103734439834,1.0,0.030000000000000027,256,1.0,1,0.046792944123548924,0.048613400368694486,2.763423270864518,0.0,3,2
152,0.99,0.9902566110870735,0.00025661108707353275,254,0.9921875,1,0.046513318668006905,0.04839595744680851,1.0,0.010000000000000009,256,1.0,1,0.046792944123548924,0.048613400368694486,0.6011728759624191,0.0,3,2
153,0.1,0.10109357719337225,0.0010935771933722471,18,0.0703125,1,0.013517514914048553,0.014918147120055517,0.9866500123444962,0.8866500123444963,251,0.98046875,1,0.04609388048469387,0.04799157894736842,240.99374609743677,0.0,4,2
153,0.2,0.20082464069650924,0.0008246406965092268,46,0.1796875,1,0.017432271291636832,0.018484486607142858,0.9866500123444962,0.7866500123444962,251,0.98046875,1,0.04609388048469387,0.04799157894736842,164.41695240715708,0.0,4,2
153,0.3,0.3024469112129123,0.002446911212912295,73,0.28515625,1,0.0212072149414541,0.02042172256097561,0.9866500123444962,0.6866500123444963,251,0.98046875,1,0.04609388048469387,0.04799157894736842,117.3499943860775,0.0,4,2
153,0.4,0.4002079799758604,0.00020797997586036177,97,0.37890625,1,0.02456272040795834,0.02290433962264151,0.9866500123444962,0.5866500123444962,251,0.98046875,1,0.04609388048469387,0.04799157894736842,87.65788039406017,0.0,4,2
153,0.5,0.5045289374752993,0.004528937475299255,126,0.4921875,1,0.02861728951331763,0.02715029036004646,0.9866500123444962,0.48665001234449623,251,0.98046875,1,0.04609388048469387,0.04799157894736842,61.07004286077884,0.0,4,2
153,0.6,0.600255389247896,0.0002553892478960318,149,0.58203125,1,0.03183298225205086,0.030745393858477972,0.9866500123444962,0.38665001234449625,251,0.98046875,1,0.04609388048469387,0.04799157894736842,44.79912726908972,0.0,4,2
153,0.7,0.7031515402905195,0.003151540290519561,178,0.6953125,1,0.03588755135741015,0.0360710730948678,0.9866500123444962,0.2866500123444963,251,0.98046875,1,0.04609388048469387,0.04799157894736842,28.439747882593558,0.0,4,2
153,0.8,0.805386010770269,0.005386010770268901,204,0.796875,1,0.039522682279456406,0.039092994746059546,0.9866500123444962,0.18665001234449619,251,0.98046875,1,0.04609388048469387,0.04799157894736842,16.62639736537599,0.0,4,2
153,0.85,0.85236536840718,0.0023653684071800463,218,0.8515625,1,0.04148006046825055,0.04183506493506493,0.9866500123444962,0.13665001234449625,251,0.98046875,1,0.04609388048469387,0.04799157894736842,11.122982860583841,0.0,4,2
153,0.9,0.9009630672043463,0.0009630672043462463,228,0.890625,1,0.042878187745960646,0.04490405405405405,0.9866500123444962,0.08665001234449621,251,0.98046875,1,0.04609388048469387,0.04799157894736842,7.499600397724748,0.0,4,2
153,0.95,0.9501394308925547,0.00013943089255474828,242,0.9453125,1,0.04483556593475478,0.046679633401222,0.9866500123444962,0.036650012344496274,251,0.98046875,1,0.04609388048469387,0.04799157894736842,2.8065097957505447,0.0,4,2
153,0.97,0.970632297820371,0.0006322978203709972,247,0.96484375,1,0.04553462957360983,0.04780103734439834,0.9866500123444962,0.016650012344496257,251,0.98046875,1,0.04609388048469387,0.04799157894736842,1.2281881203842326,0.0,4,2
153,0.99,0.9917216105789891,0.001721610578989119,253,0.98828125,1,0.04637350594023589,0.04783099787685775,0.9951765045238623,0.005176504523862313,254,0.9921875,1,0.046513318668006905,0.04839595744680851,0.3014926841011345,0.0,4,2
154,0.1,0.10152486273831189,0.0015248627383118857,17,0.06640625,1,0.013377702186277544,0.015339002036659877,1.0,0.9,256,1.0,1,0.046792944123548924,0.048613400368694486,249.78312023979547,0.0,2,2
154,0.2,0.20066031038596563,0.0006603103859656179,41,0.16015625,1,0.016733207652781783,0.01797626236335242,1.0,0.8,256,1.0,1,0.046792944123548924,0.048613400368694486,179.64120863443603,0.0,2,2
154,0.3,0.30022103963802993,0.00022103963802994064,66,0.2578125,1,0.020228525847057033,0.02009113475177305,1.0,0.7,256,1.0,1,0.046792944123548924,0.048613400368694486,131.32157270054674,0.0,2,2
154,0.4,0.401092904041107,0.0010929040411069568,93,0.36328125,1,0.0240034694968743,0.022591232876712327,1.0,0.6,256,1.0,1,0.046792944123548924,0.048613400368694486,94.94241917670374,0.0,2,2
154,0.5,0.5028090007949365,0.0028090007949365114,121,0.47265625,1,0.027918225874462577,0.026121709786276714,1.0,0.5,256,1.0,1,0.046792944123548924,0.048613400368694486,67.60715503183701,0.0,2,2
154,0.6,0.6028924910637288,0.002892491063728797,150,0.5859375,1,0.03197279497982187,0.031179032258064517,1.0,0.4,256,1.0,1,0.046792944123548924,0.048613400368694486,46.352372862867,0.0,2,2
154,0.7,0.7003370902106799,0.0003370902106799578,174,0.6796875,1,0.03532830044632611,0.03477317073170731,1.0,0.30000000000000004,256,1.0,1,0.046792944123548924,0.048613400368694486,32.45172717731191,0.0,2,2
154,0.8,0.8015908844584887,0.0015908844584886506,199,0.77734375,1,0.03882361864060136,0.03939914383561644,1.0,0.19999999999999996,256,1.0,1,0.046792944123548924,0.048613400368694486,20.527003308788228,0.0,2,2
154,0.85,0.853878201910673,0.003878201910673007,214,0.8359375,1,0.04092080955716651,0.041812979890310784,1.0,0.15000000000000002,256,1.0,1,0.046792944123548924,0.048613400368694486,14.349996077616755,0.0,2,2
154,0.9,0.90009894494655,9.894494654993924e-05,225,0.87890625,1,0.04245874956264761,0.0438043893129771,1.0,0.09999999999999998,256,1.0,1,0.046792944123548924,0.048613400368694486,10.208012731289307,0.0,2,2
154,0.95,0.9520197851097103,0.002019785109710348,241,0.94140625,1,0.044695753206983775,0.04639878048780488,1.0,0.050000000000000044,256,1.0,1,0.046792944123548924,0.048613400368694486,4.692148059018408,0.0,2,2
154,0.97,0.9715875096546442,0.0015875096546442702,249,0.97265625,1,0.04581425502915185,0.04799748953974896,1.0,0.030000000000000027,256,1.0,1,0.046792944123548924,0.048613400368694486,2.136210866627275,0.0,2,2
154,0.99,0.9910052647262781,0.0010052647262781544,254,0.9921875,1,0.046513318668006905,0.04839595744680851,1.0,0.010000000000000009,256,1.0,1,0.046792944123548924,0.048613400368694486,0.6011728759624191,0.0,2,2
155,0.1,0.1041584710384528,0.004158471038452793,20,0.078125,1,0.013797140369590573,0.014549891383055758,0.9794065035175481,0.8794065035175481,247,0.96484375,1,0.04553462957360983,0.04780103734439834,230.02947244031745,0.0,6,2
155,0.2,0.20550624359785594,0.005506243597855925,42,0.1640625,1,0.016873020380552793,0.01772222808870116,0.9794065035175481,0.7794065035175481,247,0.96484375,1,0.04553462957360983,0.04780103734439834,169.8665001678735,0.0,6,2
155,0.3,0.3017163996726153,0.0017163996726153319,66,0.2578125,1,0.020228525847057033,0.02009113475177305,0.9794065035175481,0.679406503517548,247,0.96484375,1,0.04553462957360983,0.04780103734439834,125.10107715157348,0.0,6,2
155,0.4,0.4046447574078164,0.004644757407816391,91,0.35546875,1,0.02372384404133228,0.022570736086175942,0.9794065035175481,0.5794065035175481,247,0.96484375,1,0.04553462957360983,0.04780103734439834,91.9361360421956,0.0,6,2
155,0.5,0.5005372939721013,0.0005372939721013381,122,0.4765625,1,0.02805803860223359,0.026395814479638006,0.9794065035175481,0.4794065035175481,247,0.96484375,1,0.04553462957360983,0.04780103734439834,62.2872867884108,0.0,6,2
155,0.6,0.6027321430450947,0.002732143045094726,151,0.58984375,1,0.03211260770759288,0.031588648648648646,0.9794065035175481,0.3794065035175481,247,0.96484375,1,0.04553462957360983,0.04780103734439834,41.796735999248604,0.0,6,2
155,0.7,0.7016199314147709,0.0016199314147709032,174,0.6796875,1,0.03532830044632611,0.03477317073170731,0.9794065035175481,0.27940650351754814,247,0.96484375,1,0.04553462957360983,0.04780103734439834,28.88995224321671,0.0,6,2
155,0.8,0.8012579275934784,0.001257927593478314,199,0.77734375,1,0.03882361864060136,0.03939914383561644,0.9794065035175481,0.17940650351754805,247,0.96484375,1,0.04553462957360983,0.04780103734439834,17.285897523190073,0.0,6,2
155,0.85,0.8560368637673631,0.006036863767363121,211,0.82421875,1,0.04050137137385348,0.040935559566787,0.9794065035175481,0.12940650351754812,247,0.96484375,1,0.04553462957360983,0.04780103734439834,12.427377219640734,0.0,6,2
155,0.9,0.9077523639949495,0.007752363994949496,225,0.87890625,1,0.04245874956264761,0.0438043893129771,0.9794065035175481,0.07940650351754808,247,0.96484375,1,0.04553462957360983,0.04780103734439834,7.244396131882724,0.0,6,2
155,0.95,0.9513392999533847,0.001339299953384776,240,0.9375,1,0.04455594047921276,0.04549817813765182,0.9794065035175481,0.029406503517548144,247,0.96484375,1,0.04553462957360983,0.04780103734439834,2.196540088416876,0.0,6,2
155,0.97,0.9794065035175488,0.009406503517548792,247,0.96484375,1,0.04553462957360983,0.04780103734439834,0.9794065035175481,0.009406503517548126,247,0.96484375,1,0.04553462957360983,0.04780103734439834,0.0,0.0,6,2
155,0.99,0.9906650937654915,0.000665093765491509,253,0.98828125,1,0.04637350594023589,0.04783099787685775,0.9987238090592699,0.008723809059269949,255,0.99609375,1,0.04665313139577791,0.048423504273504274,0.6029853682022468,0.0,6,2
156,0.1,0.1039927514690929,0.003992751469092892,20,0.078125,1,0.013797140369590573,0.014549891383055758,0.9712136644684005,0.8712136644684005,244,0.953125,1,0.04511519139029681,0.046086858316221765,226.98943535960842,0.0,5,2
156,0.2,0.20165042880107747,0.0016504288010774637,44,0.171875,1,0.017152645836094813,0.017583269961977187,0.9712136644684005,0.7712136644684005,244,0.953125,1,0.04511519139029681,0.046086858316221765,163.02176248144525,0.0,5,2
156,0.3,0.30250408630120407,0.002504086301204078,70,0.2734375,1,0.02078777675814107,0.020093865484109387,0.9712136644684005,0.6712136644684006,244,0.953125,1,0.04511519139029681,0.046086858316221765,117.02749608674937,0.0,5,2
156,0.4,0.4049581183534898,0.004958118353489804,95,0.37109375,1,0.02428309495241632,0.023273191094619665,0.9712136644684005,0.5712136644684005,244,0.953125,1,0.04511519139029681,0.046086858316221765,85.78847333382255,0.0,5,2
156,0.5,0.5013988402638071,0.0013988402638070996,120,0.46875,1,0.02777841314669157,0.02587689732142857,0.9712136644684005,0.4712136644684005,244,0.953125,1,0.04511519139029681,0.046086858316221765,62.410974133236486,0.0,5,2
156,0.6,0.6016957492018676,0.0016957492018676579,146,0.5703125,1,0.03141354406873783,0.029954461942257222,0.9712136644684005,0.37121366446840054,244,0.953125,1,0.04511519139029681,0.046086858316221765,43.617005746239876,0.0,5,2
156,0.7,0.7000738461404153,7.384614041539006e-05,168,0.65625,1,0.03448942407970005,0.033354733727810656,0.9712136644684005,0.27121366446840056,244,0.953125,1,0.04511519139029681,0.046086858316221765,30.808769917532274,0.0,5,2
156,0.8,0.8004891712019119,0.0004891712019118311,197,0.76953125,1,0.038543993185059335,0.03893089983022071,0.9712136644684005,0.17121366446840047,244,0.953125,1,0.04511519139029681,0.046086858316221765,17.048566228432826,0.0,5,2
156,0.85,0.8541358467195177,0.004135846719517722,212,0.828125,1,0.04064118410162449,0.04085869565217391,0.9712136644684005,0.12121366446840054,244,0.953125,1,0.04511519139029681,0.046086858316221765,11.008555453219394,0.0,5,2
156,0.9,0.9011947388293381,0.0011947388293380712,227,0.88671875,1,0.04273837501818963,0.04437192307692307,0.9712136644684005,0.0712136644684005,244,0.953125,1,0.04511519139029681,0.046086858316221765,5.561316664696747,0.0,5,2
156,0.95,0.9526352022164488,0.002635202216448862,240,0.9375,1,0.04455594047921276,0.04549817813765182,0.9712136644684005,0.02121366446840056,244,0.953125,1,0.04511519139029681,0.046086858316221765,1.2551657648096626,0.0,5,2
156,0.97,0.9712136644684005,0.0012136644684005438,244,0.953125,1,0.04511519139029681,0.046086858316221765,0.9712136644684005,0.0012136644684005438,244,0.953125,1,0.04511519139029681,0.046086858316221765,0.0,0.0,5,2
156,0.99,0.9902158115090943,0.00021581150909433244,251,0.98046875,1,0.04609388048469387,0.04799157894736842,0.9972997492349365,0.007299749234936481,254,0.9921875,1,0.046513318668006905,0.04839595744680851,0.9099650081583199,0.0,5,2
157,0.1,0.10306068419473452,0.0030606841947345143,18,0.0703125,1,0.013517514914048553,0.014918147120055517,0.9829670046567862,0.8829670046567862,248,0.96875,1,0.045674442301380846,0.04718708333333334,237.8908223279419,0.0,5,2
157,0.2,0.20046945618459083,0.00046945618459082183,40,0.15625,1,0.016593394925010774,0.017043641025641026,0.9829670046567862,0.7829670046567863,248,0.96875,1,0.045674442301380846,0.04718708333333334,175.2567663687495,0.0,5,2
157,0.3,0.3047230718805673,0.004723071880567309,64,0.25,1,0.019948900391515013,0.019484455239417074,0.9829670046567862,0.6829670046567862,248,0.96875,1,0.045674442301380846,0.04718708333333334,128.95719265212148,0.0,5,2
157,0.4,0.4013903385735873,0.0013903385735872797,89,0.34765625,1,0.02344421858579026,0.02250882612533098,0.9829670046567862,0.5829670046567862,248,0.96875,1,0.045674442301380846,0.04718708333333334,94.82177294262439,0.0,5,2
157,0.5,0.5005897875928914,0.0005897875928914109,117,0.45703125,1,0.027358974963378538,0.025853610503282276,0.9829670046567862,0.4829670046567862,248,0.96875,1,0.045674442301380846,0.04718708333333334,66.94500566091584,0.0,5,2
157,0.6,0.6025509864133942,0.0025509864133942406,148,0.578125,1,0.03169316952427985,0.029753917662682604,0.9829670046567862,0.38296700465678624,248,0.96875,1,0.045674442301380846,0.04718708333333334,44.114466892905966,0.0,5,2
157,0.7,0.7009117380432008,0.0009117380432008826,174,0.6796875,1,0.03532830044632611,0.03477317073170731,0.9829670046567862,0.28296700465678626,248,0.96875,1,0.045674442301380846,0.04718708333333334,29.285705013671738,0.0,5,2
157,0.8,0.800809219129971,0.0008092191299710061,203,0.79296875,1,0.0393828695516854,0.03993362369337979,0.9829670046567862,0.18296700465678617,248,0.96875,1,0.045674442301380846,0.04718708333333334,15.975404589141217,0.0,5,2
157,0.85,0.8554707926249706,0.005470792624970633,215,0.83984375,1,0.041060622284937516,0.0420308256880734,0.9829670046567862,0.13296700465678624,248,0.96875,1,0.045674442301380846,0.04718708333333334,11.236605194207794,0.0,5,2
157,0.9,0.9009184707983016,0.0009184707983015405,228,0.890625,1,0.042878187745960646,0.04490405405405405,0.9829670046567862,0.08296700465678619,248,0.96875,1,0.045674442301380846,0.04718708333333334,6.521391650195429,0.0,5,2
157,0.95,0.9548003338295276,0.004800333829527603,239,0.93359375,1,0.044416127751441756,0.04510987903225806,0.9829670046567862,0.03296700465678626,248,0.96875,1,0.045674442301380846,0.04718708333333334,2.8330127222723656,0.0,5,2
157,0.97,0.9700387896932271,3.878969322712589e-05,244,0.953125,1,0.04511519139029681,0.046086858316221765,0.9829670046567862,0.01296700465678624,248,0.96875,1,0.045674442301380846,0.04718708333333334,1.2396066465636624,0.0,5,2
157,0.99,0.9912185650054639,0.0012185650054639119,251,0.98046875,1,0.04609388048469387,0.04799157894736842,0.9946952990287573,0.004695299028757316,252,0.984375,1,0.046233693212464885,0.047364904862579285,0.30332166938611405,0.0,5,2
158,0.1,0.10649402278763663,0.006494022787636625,19,0.07421875,1,0.013657327641819563,0.015312371499468274,0.939309485157448,0.8393094851574481,234,0.9140625,1,0.043717064112586704,0.044589723320158106,220.09969489728292,0.0,3,2
158,0.2,0.20352731567757995,0.0035273156775799397,42,0.1640625,1,0.016873020380552793,0.01772222808870116,0.939309485157448,0.739309485157448,234,0.9140625,1,0.043717064112586704,0.044589723320158106,159.09447820600838,0.0,3,2
158,0.3,0.300914339842927,0.0009143398429269922,65,0.25390625,1,0.02008871311928602,0.019898385964912283,0.939309485157448,0.6393094851574481,234,0.9140625,1,0.043717064112586704,0.044589723320158106,117.62003296575756,0.0,3,2
158,0.4,0.40092228552519066,0.0009222855251906359,89,0.34765625,1,0.02344421858579026,0.02250882612533098,0.939309485157448,0.539309485157448,234,0.9140625,1,0.043717064112586704,0.044589723320158106,86.47268601685872,0.0,3,2
158,0.5,0.5034232350709321,0.003423235070932118,110,0.4296875,1,0.02638028586898147,0.0260125,0.939309485157448,0.43930948515744805,234,0.9140625,1,0.043717064112586704,0.044589723320158106,65.71868981901446,0.0,3,2
158,0.6,0.6023683159731883,0.0023683159731883174,138,0.5390625,1,0.030295042246569752,0.02862305764411028,0.939309485157448,0.3393094851574481,234,0.9140625,1,0.043717064112586704,0.044589723320158106,44.304351044556476,0.0,3,2
158,0.7,0.7022506253035562,0.002250625303556242,165,0.64453125,1,0.03406998589638702,0.033166666666666664,0.939309485157448,0.2393094851574481,234,0.9140625,1,0.043717064112586704,0.044589723320158106,28.315474639579243,0.0,3,2
158,0.8,0.8037097954259075,0.003709795425907436,195,0.76171875,1,0.038264367729517315,0.038550673400673405,0.939309485157448,0.139309485157448,234,0.9140625,1,0.043717064112586704,0.044589723320158106,14.250062673486052,0.0,3,2
158,0.85,0.8500087012324087,8.701232408703241e-06,209,0.81640625,1,0.04022174591831146,0.040852951699463326,0.939309485157448,0.08930948515744808,234,0.9140625,1,0.043717064112586704,0.044589723320158106,8.690120516832067,0.0,3,2
158,0.9,0.9003125598065477,0.00031255980654765203,225,0.87890625,1,0.04245874956264761,0.0438043893129771,0.939309485157448,0.03930948515744803,234,0.9140625,1,0.043717064112586704,0.044589723320158106,2.963616599406582,0.0,3,2
158,0.95,0.951580592643277,0.0015805926432770345,239,0.93359375,1,0.044416127751441756,0.04510987903225806,1.0,0.050000000000000044,256,1.0,1,0.046792944123548924,0.048613400368694486,5.35124625318113,0.0,3,2
158,0.97,0.9702641790920024,0.0002641790920023812,248,0.96875,1,0.045674442301380846,0.04718708333333334,1.0,0.030000000000000027,256,1.0,1,0.046792944123548924,0.048613400368694486,2.448857097778423,0.0,3,2
158,0.99,0.9933237935073926,0.0033237935073926472,254,0.9921875,1,0.046513318668006905,0.04839595744680851,1.0,0.010000000000000009,256,1.0,1,0.046792944123548924,0.048613400368694486,0.6011728759624191,0.0,3,2
159,0.1,0.10219261736603862,0.00219261736603861,17,0.06640625,1,0.013377702186277544,0.015339002036659877,0.9814625721598997,0.8814625721598998,245,0.95703125,1,0.045255004118067814,0.04686082474226804,238.28682600281738,0.0,5,2
159,0.2,0.20177288603344953,0.0017728860334495222,46,0.1796875,1,0.017432271291636832,0.018484486607142858,0.9814625721598997,0.7814625721598998,245,0.95703125,1,0.045255004118067814,0.04686082474226804,159.6047489220696,0.0,5,2
159,0.3,0.30679122649503193,0.006791226495031943,72,0.28125,1,0.02106740221368309,0.02044079939668175,0.9814625721598997,0.6814625721598997,245,0.95703125,1,0.045255004118067814,0.04686082474226804,114.81055736751014,0.0,5,2
159,0.4,0.4022359810854166,0.0022359810854165607,97,0.37890625,1,0.02456272040795834,0.02290433962264151,0.9814625721598997,0.5814625721598997,245,0.95703125,1,0.045255004118067814,0.04686082474226804,84.24263830078512,0.0,5,2
159,0.5,0.5048514911550398,0.0048514911550398,123,0.48046875,1,0.028197851330004603,0.02735512528473804,0.9814625721598997,0.48146257215989974,245,0.95703125,1,0.045255004118067814,0.04686082474226804,60.490966451451335,0.0,5,2
159,0.6,0.603906918315557,0.003906918315557006,149,0.58203125,1,0.03183298225205086,0.030745393858477972,0.9814625721598997,0.38146257215989976,245,0.95703125,1,0.045255004118067814,0.04686082474226804,42.163884488555034,0.0,5,2
159,0.7,0.7027589104205985,0.0027589104205985038,174,0.6796875,1,0.03532830044632611,0.03477317073170731,0.9814625721598997,0.2814625721598998,245,0.95703125,1,0.045255004118067814,0.04686082474226804,28.098446702306656,0.0,5,2
159,0.8,0.8024025041295264,0.0024025041295263616,201,0.78515625,1,0.03910324409614338,0.039963385146804836,0.9814625721598997,0.1814625721598997,245,0.95703125,1,0.045255004118067814,0.04686082474226804,15.732096310983978,0.0,5,2
159,0.85,0.8549980280463688,0.004998028046368841,214,0.8359375,1,0.04092080955716651,0.041812979890310784,0.9814625721598997,0.13146257215989976,245,0.95703125,1,0.045255004118067814,0.04686082474226804,10.591663771574256,0.0,5,2
159,0.9,0.9006222456369325,0.0006222456369324725,227,0.88671875,1,0.04273837501818963,0.04437192307692307,0.9814625721598997,0.08146257215989972,245,0.95703125,1,0.045255004118067814,0.04686082474226804,5.888452939090683,0.0,5,2
159,0.95,0.9508677508091141,0.000867750809114165,239,0.93359375,1,0.044416127751441756,0.04510987903225806,0.9814625721598997,0.03146257215989978,245,0.95703125,1,0.045255004118067814,0.04686082474226804,1.8886751481815622,0.0,5,2
159,0.97,0.970394103606199,0.0003941036061990699,243,0.94921875,1,0.044975378662525795,0.046523312883435586,0.9814625721598997,0.011462572159899764,245,0.95703125,1,0.045255004118067814,0.04686082474226804,0.6217300751155452,0.0,5,2
159,0.99,0.9916823303952232,0.0016823303952232527,249,0.97265625,1,0.04581425502915185,0.04799748953974896,0.9916823303952235,0.0016823303952234747,249,0.97265625,1,0.04581425502915185,0.04799748953974896,0.0,0.0,5,2
160,0.1,0.10289415585307013,0.002894155853070124,18,0.0703125,1,0.013517514914048553,0.014918147120055517,0.9722157125068759,0.8722157125068759,242,0.9453125,1,0.04483556593475478,0.046679633401222,231.6849747889521,0.0,6,3
160,0.2,0.2031704958154225,0.0031704958154225027,41,0.16015625,1,0.016733207652781783,0.01797626236335242,0.9722157125068759,0.7722157125068758,242,0.9453125,1,0.04483556593475478,0.046679633401222,167.9436415605658,0.0,6,3
160,0.3,0.30138778350642464,0.0013877835064246558,67,0.26171875,1,0.02036833857482804,0.020534767025089606,0.9722157125068759,0.672215712506876,242,0.9453125,1,0.04483556593475478,0.046679633401222,120.12382487673423,0.0,6,3
160,0.4,0.40107798715826226,0.0010779871582622391,94,0.3671875,1,0.02414328222464531,0.022798618784530385,0.9722157125068759,0.5722157125068759,242,0.9453125,1,0.04483556593475478,0.046679633401222,85.70617498306387,0.0,6,3
160,0.5,0.5004671384139712,0.00046713841397116873,117,0.45703125,1,0.027358974963378538,0.025853610503282276,0.9722157125068759,0.4722157125068759,242,0.9453125,1,0.04483556593475478,0.046679633401222,63.87882219553036,0.0,6,3
160,0.6,0.6007434783763237,0.000743478376323714,140,0.546875,1,0.03057466770211177,0.029551584283903677,0.9722157125068759,0.3722157125068759,242,0.9453125,1,0.04483556593475478,0.046679633401222,46.64285601265266,0.0,6,3
160,0.7,0.7019865620322584,0.001986562032258443,169,0.66015625,1,0.034629236807471056,0.033990044576523035,0.9722157125068759,0.27221571250687593,242,0.9453125,1,0.04483556593475478,0.046679633401222,29.473156408349645,0.0,6,3
160,0.8,0.8077241084547272,0.007724108454727152,196,0.765625,1,0.03840418045728833,0.038024493243243244,0.9722157125068759,0.17221571250687584,242,0.9453125,1,0.04483556593475478,0.046679633401222,16.74657654684024,0.0,6,3
160,0.85,0.851061694466405,0.0010616944664050276,208,0.8125,1,0.040081933190540445,0.04029536541889483,0.9722157125068759,0.1222157125068759,242,0.9453125,1,0.04483556593475478,0.046679633401222,11.859789101530204,0.0,6,3
160,0.9,0.9025217166824666,0.0025217166824665904,224,0.875,1,0.04231893683487661,0.043105703422053235,0.9722157125068759,0.07221571250687586,242,0.9453125,1,0.04483556593475478,0.046679633401222,5.946815511216075,0.0,6,3
160,0.95,0.9525335595135646,0.0025335595135645983,236,0.921875,1,0.04399668956812872,0.04414103585657371,0.9722157125068759,0.02221571250687593,242,0.9453125,1,0.04483556593475478,0.046679633401222,1.9066806499772326,0.0,6,3
160,0.97,0.9722157125068763,0.002215712506876355,242,0.9453125,1,0.04483556593475478,0.046679633401222,0.9722157125068759,0.002215712506875911,242,0.9453125,1,0.04483556593475478,0.046679633401222,0.0,0.0,6,3
160,0.99,0.9923893191682034,0.0023893191682033965,250,0.9765625,1,0.045954067756922866,0.04733333333333334,0.992389319168203,0.0023893191682030634,250,0.9765625,1,0.045954067756922866,0.04733333333333334,0.0,0.0,6,3
161,0.1,0.10146685327031901,0.0014668532703190074,18,0.0703125,1,0.013517514914048553,0.014918147120055517,0.9898163974051365,0.8898163974051365,250,0.9765625,1,0.045954067756922866,0.04733333333333334,239.95943817427184,0.0,4,3
161,0.2,0.20105910454650852,0.0010591045465085103,44,0.171875,1,0.017152645836094813,0.017583269961977187,0.9898163974051365,0.7898163974051364,250,0.9765625,1,0.045954067756922866,0.04733333333333334,167.91241535588858,0.0,4,3
161,0.3,0.3058434191709186,0.005843419170918629,69,0.26953125,1,0.020647964030370062,0.02049846378931968,0.9898163974051365,0.6898163974051366,250,0.9765625,1,0.045954067756922866,0.04733333333333334,122.55980148614807,0.0,4,3
161,0.4,0.4021834199588341,0.0021834199588340875,95,0.37109375,1,0.02428309495241632,0.023273191094619665,0.9898163974051365,0.5898163974051365,250,0.9765625,1,0.045954067756922866,0.04733333333333334,89.2430427298154,0.0,4,3
161,0.5,0.5024269180357956,0.0024269180357956444,119,0.46484375,1,0.027638600418920557,0.026446674057649666,0.9898163974051365,0.4898163974051365,250,0.9765625,1,0.045954067756922866,0.04733333333333334,66.26770914732747,0.0,4,3
161,0.6,0.6000459046691423,4.590466914233815e-05,142,0.5546875,1,0.03085429315765379,0.030083717948717947,0.9898163974051365,0.3898163974051365,250,0.9765625,1,0.045954067756922866,0.04733333333333334,48.938974301290685,0.0,4,3
161,0.7,0.704040299580315,0.004040299580315043,174,0.6796875,1,0.03532830044632611,0.03477317073170731,0.9898163974051365,0.28981639740513654,250,0.9765625,1,0.045954067756922866,0.04733333333333334,30.077210554581768,0.0,4,3
161,0.8,0.8008263516611783,0.0008263516611782817,200,0.78125,1,0.03896343136837237,0.03915611015490534,0.9898163974051365,0.18981639740513645,250,0.9765625,1,0.045954067756922866,0.04733333333333334,17.941531695344935,0.0,4,3
161,0.85,0.8527262326007228,0.0027262326007228,216,0.84375,1,0.04120043501270853,0.04185874769797422,0.9898163974051365,0.13981639740513652,250,0.9765625,1,0.045954067756922866,0.04733333333333334,11.537821731125053,0.0,4,3
161,0.9,0.9036298643891905,0.0036298643891904403,227,0.88671875,1,0.04273837501818963,0.04437192307692307,0.9898163974051365,0.08981639740513647,250,0.9765625,1,0.045954067756922866,0.04733333333333334,7.524134311060315,0.0,4,3
161,0.95,0.956596080989923,0.006596080989923037,241,0.94140625,1,0.044695753206983775,0.04639878048780488,0.9898163974051365,0.03981639740513654,250,0.9765625,1,0.045954067756922866,0.04733333333333334,2.815288835411045,0.0,4,3
161,0.97,0.9734030486469166,0.003403048646916651,246,0.9609375,1,0.04539481684583883,0.04721863354037267,0.9898163974051365,0.01981639740513652,250,0.9765625,1,0.045954067756922866,0.04733333333333334,1.231970850291697,0.0,4,3
161,0.99,0.9914107479114056,0.0014107479114056076,251,0.98046875,1,0.04609388048469387,0.04799157894736842,0.9951353975185069,0.00513539751850689,253,0.98828125,1,0.04637350594023589,0.04783099787685775,0.6066433387722059,0.0,4,3
162,0.1,0.10333776779196006,0.0033377677919600585,14,0.0546875,1,0.012958264002964513,0.014248495407031991,0.996010002775846,0.896010002775846,254,0.9921875,1,0.046513318668006905,0.04839595744680851,258.9471449058753,0.0,3,2
162,0.2,0.20205705221392417,0.00205705221392416,42,0.1640625,1,0.016873020380552793,0.01772222808870116,0.996010002775846,0.7960100027758459,254,0.9921875,1,0.046513318668006905,0.04839595744680851,175.6668196858009,0.0,3,2
162,0.3,0.3009111354981496,0.0009111354981495845,65,0.25390625,1,0.02008871311928602,0.019898385964912283,0.996010002775846,0.696010002775846,254,0.9921875,1,0.046513318668006905,0.04839595744680851,131.5395634942496,0.0,3,2
162,0.4,0.40120448518212154,0.0012044851821215175,91,0.35546875,1,0.02372384404133228,0.022570736086175942,0.996010002775846,0.5960100027758459,254,0.9921875,1,0.046513318668006905,0.04839595744680851,96.06147547998643,0.0,3,2
162,0.5,0.5072163792380927,0.007216379238092707,121,0.47265625,1,0.027918225874462577,0.026121709786276714,0.996010002775846,0.49601000277584595,254,0.9921875,1,0.046513318668006905,0.04839595744680851,66.60556754988387,0.0,3,2
162,0.6,0.6022480176533753,0.002248017653375345,147,0.57421875,1,0.031553356796508836,0.0300998678996037,0.996010002775846,0.39601000277584597,254,0.9921875,1,0.046513318668006905,0.04839595744680851,47.411633468909685,0.0,3,2
162,0.7,0.7071105165515545,0.007110516551554591,173,0.67578125,1,0.0351884877185551,0.03480166919575114,0.996010002775846,0.296010002775846,254,0.9921875,1,0.046513318668006905,0.04839595744680851,32.183340869974785,0.0,3,2
162,0.8,0.8007607208581698,0.0007607208581698055,202,0.7890625,1,0.039243056823914386,0.039569791666666666,0.996010002775846,0.1960100027758459,254,0.9921875,1,0.046513318668006905,0.04839595744680851,18.526237333433414,0.0,3,2
162,0.85,0.8530776521055583,0.003077652105558326,215,0.83984375,1,0.041060622284937516,0.0420308256880734,0.996010002775846,0.14601000277584597,254,0.9921875,1,0.046513318668006905,0.04839595744680851,13.279624320427374,0.0,3,2
162,0.9,0.9036070558815043,0.0036070558815042286,227,0.88671875,1,0.04273837501818963,0.04437192307692307,0.996010002775846,0.09601000277584593,254,0.9921875,1,0.046513318668006905,0.04839595744680851,8.832679408636013,0.0,3,2
162,0.95,0.9525545809813534,0.002554580981353416,241,0.94140625,1,0.044695753206983775,0.04639878048780488,0.996010002775846,0.04601000277584599,254,0.9921875,1,0.046513318668006905,0.04839595744680851,4.066528317815954,0.0,3,2
162,0.97,0.9712425304619589,0.0012425304619588795,247,0.96484375,1,0.04553462957360983,0.04780103734439834,0.996010002775846,0.026010002775845975,254,0.9921875,1,0.046513318668006905,0.04839595744680851,2.1493292106724127,0.0,3,2
162,0.99,0.9960100027758465,0.0060100027758465124,254,0.9921875,1,0.046513318668006905,0.04839595744680851,0.996010002775846,0.006010002775845957,254,0.9921875,1,0.046513318668006905,0.04839595744680851,0.0,0.0,3,2
163,0.1,0.10082488111218892,0.0008248811121889105,19,0.07421875,1,0.013657327641819563,0.015312371499468274,0.9963307572481261,0.8963307572481262,253,0.98828125,1,0.04637350594023589,0.04783099787685775,239.55036560913578,0.0,3,2
163,0.2,0.20341571854289067,0.003415718542890661,41,0.16015625,1,0.016733207652781783,0.01797626236335242,0.9963307572481261,0.7963307572481262,253,0.98828125,1,0.04637350594023589,0.04783099787685775,177.1345871186067,0.0,3,2
163,0.3,0.30219412083313496,0.0021941208331349715,65,0.25390625,1,0.02008871311928602,0.019898385964912283,0.9963307572481261,0.6963307572481261,253,0.98828125,1,0.04637350594023589,0.04783099787685775,130.84358696782502,0.0,3,2
163,0.4,0.4003148531358805,0.00031485313588047736,89,0.34765625,1,0.02344421858579026,0.02250882612533098,0.9963307572481261,0.5963307572481261,253,0.98828125,1,0.04637350594023589,0.04783099787685775,97.80358970182638,0.0,3,2
163,0.5,0.5022397532989205,0.002239753298920455,116,0.453125,1,0.02721916223560753,0.02512554347826087,0.9963307572481261,0.49633075724812614,253,0.98828125,1,0.04637350594023589,0.04783099787685775,70.37080545987948,0.0,3,2
163,0.6,0.6010145913752065,0.0010145913752065416,141,0.55078125,1,0.030714480429882778,0.029799617346938777,0.9963307572481261,0.39633075724812616,253,0.98828125,1,0.04637350594023589,0.04783099787685775,50.982550546803694,0.0,3,2
163,0.7,0.7014426005702181,0.0014426005702181666,170,0.6640625,1,0.03476904953524207,0.0338881913303438,0.9963307572481261,0.2963307572481262,253,0.98828125,1,0.04637350594023589,0.04783099787685775,33.37582292329129,0.0,3,2
163,0.8,0.8027489605167886,0.0027489605167885234,197,0.76953125,1,0.038543993185059335,0.03893089983022071,0.9963307572481261,0.1963307572481261,253,0.98828125,1,0.04637350594023589,0.04783099787685775,20.313185293451852,0.0,3,2
163,0.85,0.850051057426795,5.105742679500924e-05,214,0.8359375,1,0.04092080955716651,0.041812979890310784,0.9963307572481261,0.14633075724812616,253,0.98828125,1,0.04637350594023589,0.04783099787685775,13.324996357786967,0.0,3,2
163,0.9,0.9035698736262826,0.0035698736262825825,228,0.890625,1,0.042878187745960646,0.04490405405405405,0.9963307572481261,0.09633075724812612,253,0.98828125,1,0.04637350594023589,0.04783099787685775,8.151739562744286,0.0,3,2
163,0.95,0.9533346021767058,0.003334602176705892,242,0.9453125,1,0.04483556593475478,0.046679633401222,0.9963307572481261,0.046330757248126186,253,0.98828125,1,0.04637350594023589,0.04783099787685775,3.4301786392506806,0.0,3,2
163,0.97,0.9708374370631554,0.0008374370631554218,246,0.9609375,1,0.04539481684583883,0.04721863354037267,0.9963307572481261,0.02633075724812617,253,0.98828125,1,0.04637350594023589,0.04783099787685775,2.1559489880104588,0.0,3,2
163,0.99,0.9963307572481264,0.006330757248126373,253,0.98828125,1,0.04637350594023589,0.04783099787685775,0.9963307572481261,0.006330757248126151,253,0.98828125,1,0.04637350594023589,0.04783099787685775,0.0,0.0,3,2
164,0.1,0.10112136344252899,0.001121363442528986,18,0.0703125,1,0.013517514914048553,0.014918147120055517,0.9903729424197735,0.8903729424197735,252,0.984375,1,0.046233693212464885,0.047364904862579285,242.02805402060176,0.0,4,2
164,0.2,0.20258749804198456,0.0025874980419845484,42,0.1640625,1,0.016873020380552793,0.01772222808870116,0.9903729424197735,0.7903729424197734,252,0.984375,1,0.046233693212464885,0.047364904862579285,174.00958553782164,0.0,4,2
164,0.3,0.30150909774668494,0.0015090977466849509,65,0.25390625,1,0.02008871311928602,0.019898385964912283,0.9903729424197735,0.6903729424197735,252,0.984375,1,0.046233693212464885,0.047364904862579285,130.14761044140042,0.0,4,2
164,0.4,0.40502884787867377,0.005028847878673748,91,0.35546875,1,0.02372384404133228,0.022570736086175942,0.9903729424197735,0.5903729424197734,252,0.984375,1,0.046233693212464885,0.047364904862579285,94.88280706918903,0.0,4,2
164,0.5,0.5010849258222622,0.0010849258222621616,120,0.46875,1,0.02777841314669157,0.02587689732142857,0.9903729424197735,0.49037294241977347,252,0.984375,1,0.046233693212464885,0.047364904862579285,66.43748859344527,0.0,4,2
164,0.6,0.602729203290985,0.0027292032909850272,149,0.58203125,1,0.03183298225205086,0.030745393858477972,0.9903729424197735,0.3903729424197735,252,0.984375,1,0.046233693212464885,0.047364904862579285,45.23833439917886,0.0,4,2
164,0.7,0.7012232613070876,0.0012232613070876086,181,0.70703125,1,0.03630698954072318,0.03636829652996846,0.9903729424197735,0.2903729424197735,252,0.984375,1,0.046233693212464885,0.047364904862579285,27.34102661033786,0.0,4,2
164,0.8,0.8024144365588081,0.0024144365588080197,206,0.8046875,1,0.039802307734998425,0.039936572438162544,0.9903729424197735,0.19037294241977343,252,0.984375,1,0.046233693212464885,0.047364904862579285,16.1583230808783,0.0,4,2
164,0.85,0.8517918917999849,0.001791891799984957,218,0.8515625,1,0.04148006046825055,0.04183506493506493,0.9903729424197735,0.1403729424197735,252,0.984375,1,0.046233693212464885,0.047364904862579285,11.460042947268212,0.0,4,2
164,0.9,0.904088033590673,0.004088033590673001,230,0.8984375,1,0.043157813201502665,0.04402826510721248,0.9903729424197735,0.09037294241977345,252,0.984375,1,0.046233693212464885,0.047364904862579285,7.127052514456689,0.0,4,2
164,0.95,0.9551541212430625,0.005154121243062582,242,0.9453125,1,0.04483556593475478,0.046679633401222,0.9903729424197735,0.040372942419773516,252,0.984375,1,0.046233693212464885,0.047364904862579285,3.1183442175006126,0.0,4,2
164,0.97,0.9713233427226439,0.0013233427226438943,249,0.97265625,1,0.04581425502915185,0.04799748953974896,0.9903729424197735,0.0203729424197735,252,0.984375,1,0.046233693212464885,0.047364904862579285,0.9155189428402544,0.0,4,2
164,0.99,0.9903729424197739,0.00037294241977392506,252,0.984375,1,0.046233693212464885,0.047364904862579285,0.9903729424197735,0.00037294241977348097,252,0.984375,1,0.046233693212464885,0.047364904862579285,0.0,0.0,4,2
165,0.1,0.10232046492927918,0.0023204649292791757,17,0.06640625,1,0.013377702186277544,0.015339002036659877,0.9860356940186801,0.8860356940186801,251,0.98046875,1,0.04609388048469387,0.04799157894736842,244.55753195025994,0.0,4,2
165,0.2,0.20213826474171184,0.0021382647417118317,43,0.16796875,1,0.017012833108323803,0.018372790573111943,0.9860356940186801,0.7860356940186801,251,0.98046875,1,0.04609388048469387,0.04799157894736842,170.93594694784667,0.0,4,2
165,0.3,0.3004860267916076,0.00048602679160758555,68,0.265625,1,0.020508151302599052,0.019579362780593773,0.9860356940186801,0.68603569401868,251,0.98046875,1,0.04609388048469387,0.04799157894736842,124.75882786593382,0.0,4,2
165,0.4,0.4013976632279705,0.0013976632279704693,92,0.359375,1,0.023863656769103292,0.02210280542986425,0.9860356940186801,0.58603569401868,251,0.98046875,1,0.04609388048469387,0.04799157894736842,93.15514353346069,0.0,4,2
165,0.5,0.5041057093931413,0.004105709393141255,121,0.47265625,1,0.027918225874462577,0.026121709786276714,0.9860356940186801,0.4860356940186801,251,0.98046875,1,0.04609388048469387,0.04799157894736842,65.10318632695416,0.0,4,2
165,0.6,0.6024526889215429,0.0024526889215429337,145,0.56640625,1,0.031273731340966816,0.030195300261096607,0.9860356940186801,0.3860356940186801,251,0.98046875,1,0.04609388048469387,0.04799157894736842,47.38849030244594,0.0,4,2
165,0.7,0.7015973557266759,0.0015973557266759641,173,0.67578125,1,0.0351884877185551,0.03480166919575114,0.9860356940186801,0.2860356940186801,251,0.98046875,1,0.04609388048469387,0.04799157894736842,30.991365282197947,0.0,4,2
165,0.8,0.800109156027825,0.00010915602782490819,201,0.78515625,1,0.03910324409614338,0.039963385146804836,0.9860356940186801,0.18603569401868003,251,0.98046875,1,0.04609388048469387,0.04799157894736842,17.87738217157271,0.0,4,2
165,0.85,0.8505667427431041,0.0005667427431040872,218,0.8515625,1,0.04148006046825055,0.04183506493506493,0.9860356940186801,0.1360356940186801,251,0.98046875,1,0.04609388048469387,0.04799157894736842,11.122982860583841,0.0,4,2
165,0.9,0.9012215025135015,0.0012215025135015045,228,0.890625,1,0.042878187745960646,0.04490405405405405,0.9860356940186801,0.08603569401868005,251,0.98046875,1,0.04609388048469387,0.04799157894736842,7.499600397724748,0.0,4,2
165,0.95,0.9531128778169152,0.0031128778169152715,243,0.94921875,1,0.044975378662525795,0.046523312883435586,0.9860356940186801,0.03603569401868012,251,0.98046875,1,0.04609388048469387,0.04799157894736842,2.4869203004621587,0.0,4,2
165,0.97,0.9732619253480189,0.003261925348018946,248,0.96875,1,0.045674442301380846,0.04718708333333334,0.9860356940186801,0.016035694018680102,251,0.98046875,1,0.04609388048469387,0.04799157894736842,0.9183214116669003,0.0,4,2
165,0.99,0.9917086032441474,0.0017086032441474552,253,0.98828125,1,0.04637350594023589,0.04783099787685775,0.9917086032441476,0.0017086032441475663,253,0.98828125,1,0.04637350594023589,0.04783099787685775,0.0,0.0,4,2
166,0.1,0.10128508368713236,0.0012850836871323573,20,0.078125,1,0.013797140369590573,0.014549891383055758,1.0,0.9,256,1.0,1,0.046792944123548924,0.048613400368694486,239.14958368244456,0.0,2,2
166,0.2,0.2024479586183599,0.002447958618359891,45,0.17578125,1,0.017292458563865822,0.018111618942731278,1.0,0.8,256,1.0,1,0.046792944123548924,0.048613400368694486,170.59740493654888,0.0,2,2
166,0.3,0.3051109064417961,0.005110906441796126,71,0.27734375,1,0.02092758948591208,0.020301941747572817,1.0,0.7,256,1.0,1,0.046792944123548924,0.048613400368694486,123.59452413307675,0.0,2,2
166,0.4,0.40040591486452015,0.00040591486452012937,99,0.38671875,1,0.02484234586350036,0.023348467432950194,1.0,0.6,256,1.0,1,0.046792944123548924,0.048613400368694486,88.35960331870068,0.0,2,2
166,0.5,0.5071947516871798,0.007194751687179757,124,0.484375,1,0.02833766405777561,0.02639587155963303,1.0,0.5,256,1.0,1,0.046792944123548924,0.048613400368694486,65.12632808458095,0.0,2,2
166,0.6,0.6006011315688182,0.0006011315688182473,150,0.5859375,1,0.03197279497982187,0.031179032258064517,1.0,0.4,256,1.0,1,0.046792944123548924,0.048613400368694486,46.352372862867,0.0,2,2
166,0.7,0.7012889213579312,0.0012889213579312386,182,0.7109375,1,0.036446802268494186,0.03577638668779715,1.0,0.30000000000000004,256,1.0,1,0.046792944123548924,0.048613400368694486,28.38696733622166,0.0,2,2
166,0.8,0.800066760010063,6.676001006300503e-05,206,0.8046875,1,0.039802307734998425,0.039936572438162544,1.0,0.19999999999999996,256,1.0,1,0.046792944123548924,0.048613400368694486,17.563394653128594,0.0,2,2
166,0.85,0.8535965182940054,0.003596518294005424,220,0.859375,1,0.04175968592379257,0.04211292134831461,1.0,0.15000000000000002,256,1.0,1,0.046792944123548924,0.048613400368694486,12.052912009303828,0.0,2,2
166,0.9,0.9001844126900856,0.00018441269008562244,233,0.91015625,1,0.0435772513848157,0.04426082677165354,1.0,0.09999999999999998,256,1.0,1,0.046792944123548924,0.048613400368694486,7.379292260396486,0.0,2,2
166,0.95,0.9530662822508273,0.00306628225082739,245,0.95703125,1,0.045255004118067814,0.04686082474226804,1.0,0.050000000000000044,256,1.0,1,0.046792944123548924,0.048613400368694486,3.398386621441274,0.0,2,2
166,0.97,0.973295235682853,0.0032952356828530593,249,0.97265625,1,0.04581425502915185,0.04799748953974896,1.0,0.030000000000000027,256,1.0,1,0.046792944123548924,0.048613400368694486,2.136210866627275,0.0,2,2
166,0.99,0.9904716367684777,0.0004716367684777234,254,0.9921875,1,0.046513318668006905,0.04839595744680851,1.0,0.010000000000000009,256,1.0,1,0.046792944123548924,0.048613400368694486,0.6011728759624191,0.0,2,2
167,0.1,0.10294509085913853,0.0029450908591385216,19,0.07421875,1,0.013657327641819563,0.015312371499468274,0.975994671167882,0.875994671167882,247,0.96484375,1,0.04553462957360983,0.04780103734439834,233.40804854223492,0.0,3,2
167,0.2,0.20164489412634695,0.0016448941263469408,41,0.16015625,1,0.016733207652781783,0.01797626236335242,0.975994671167882,0.775994671167882,247,0.96484375,1,0.04553462957360983,0.04780103734439834,172.121344086948,0.0,3,2
167,0.3,0.3007547142110654,0.0007547142110654326,64,0.25,1,0.019948900391515013,0.019484455239417074,0.975994671167882,0.6759946711678819,247,0.96484375,1,0.04553462957360983,0.04780103734439834,128.2563383442295,0.0,3,2
167,0.4,0.40140347636960455,0.0014034763696045283,89,0.34765625,1,0.02344421858579026,0.02250882612533098,0.975994671167882,0.5759946711678819,247,0.96484375,1,0.04553462957360983,0.04780103734439834,94.22540959078398,0.0,3,2
167,0.5,0.5019781961527698,0.00197819615276984,116,0.453125,1,0.02721916223560753,0.02512554347826087,0.975994671167882,0.47599467116788197,247,0.96484375,1,0.04553462957360983,0.04780103734439834,67.28887237404535,0.0,3,2
167,0.6,0.6026921674177482,0.002692167417748248,141,0.55078125,1,0.030714480429882778,0.029799617346938777,0.975994671167882,0.375994671167882,247,0.96484375,1,0.04553462957360983,0.04780103734439834,48.25134248179634,0.0,3,2
167,0.7,0.7011109989081642,0.0011109989081642402,168,0.65625,1,0.03448942407970005,0.033354733727810656,0.975994671167882,0.275994671167882,247,0.96484375,1,0.04553462957360983,0.04780103734439834,32.02490557217168,0.0,3,2
167,0.8,0.8009312292682207,0.0009312292682206458,197,0.76953125,1,0.038543993185059335,0.03893089983022071,0.975994671167882,0.17599467116788192,247,0.96484375,1,0.04553462957360983,0.04780103734439834,18.136772583439154,0.0,3,2
167,0.85,0.8506806095665491,0.0006806095665491396,211,0.82421875,1,0.04050137137385348,0.040935559566787,0.975994671167882,0.125994671167882,247,0.96484375,1,0.04553462957360983,0.04780103734439834,12.427377219640734,0.0,3,2
167,0.9,0.9026274922467635,0.0026274922467635076,223,0.87109375,1,0.042179124107105594,0.04327405303030303,0.975994671167882,0.07599467116788194,247,0.96484375,1,0.04553462957360983,0.04780103734439834,7.955370192096911,0.0,3,2
167,0.95,0.9517547529343682,0.00175475293436822,242,0.9453125,1,0.04483556593475478,0.046679633401222,0.975994671167882,0.02599467116788201,247,0.96484375,1,0.04553462957360983,0.04780103734439834,1.5591721087503174,0.0,3,2
167,0.97,0.9759946711678815,0.005994671167881549,247,0.96484375,1,0.04553462957360983,0.04780103734439834,0.975994671167882,0.005994671167881993,247,0.96484375,1,0.04553462957360983,0.04780103734439834,0.0,0.0,3,2
167,0.99,0.9944752807789171,0.004475280778917123,254,0.9921875,1,0.046513318668006905,0.04839595744680851,1.0,0.010000000000000009,256,1.0,1,0.046792944123548924,0.048613400368694486,0.6011728759624191,0.0,3,2
168,0.1,0.10106532988941369,0.0010653298894136853,20,0.078125,1,0.013797140369590573,0.014549891383055758,0.9638124668697918,0.8638124668697919,240,0.9375,1,0.04455594047921276,0.04549817813765182,222.93605258532966,0.0,3,2
168,0.2,0.203151953094373,0.0031519530943729945,44,0.171875,1,0.017152645836094813,0.017583269961977187,0.9638124668697918,0.7638124668697919,240,0.9375,1,0.04455594047921276,0.04549817813765182,159.7613272318163,0.0,3,2
168,0.3,0.3019164849797466,0.0019164849797466132,70,0.2734375,1,0.02078777675814107,0.020093865484109387,0.9638124668697918,0.6638124668697918,240,0.9375,1,0.04455594047921276,0.04549817813765182,114.33720882038729,0.0,3,2
168,0.4,0.4033158316171375,0.003315831617137499,97,0.37890625,1,0.02456272040795834,0.02290433962264151,0.9638124668697918,0.5638124668697918,240,0.9375,1,0.04455594047921276,0.04549817813765182,81.39660322305586,0.0,3,2
168,0.5,0.5000264582750827,2.6458275082741345e-05,119,0.46484375,1,0.027638600418920557,0.026446674057649666,0.9638124668697918,0.46381246686979183,240,0.9375,1,0.04455594047921276,0.04549817813765182,61.20910539562308,0.0,3,2
168,0.6,0.6045232358686683,0.004523235868668318,147,0.57421875,1,0.031553356796508836,0.0300998678996037,0.9638124668697918,0.36381246686979185,240,0.9375,1,0.04455594047921276,0.04549817813765182,41.20824217391215,0.0,3,2
168,0.7,0.7021253049913241,0.0021253049913241284,176,0.6875,1,0.03560792590186813,0.03554692307692307,0.9638124668697918,0.2638124668697919,240,0.9375,1,0.04455594047921276,0.04549817813765182,25.129277683863037,0.0,3,2
168,0.8,0.8039324754598559,0.0039324754598558664,204,0.796875,1,0.039522682279456406,0.039092994746059546,0.9638124668697918,0.16381246686979178,240,0.9375,1,0.04455594047921276,0.04549817813765182,12.735112875607136,0.0,3,2
168,0.85,0.8542167087278079,0.004216708727807883,215,0.83984375,1,0.041060622284937516,0.0420308256880734,0.9638124668697918,0.11381246686979185,240,0.9375,1,0.04455594047921276,0.04549817813765182,8.512579692581657,0.0,3,2
168,0.9,0.9091537637353057,0.009153763735305631,228,0.890625,1,0.042878187745960646,0.04490405405405405,0.9638124668697918,0.0638124668697918,240,0.9375,1,0.04455594047921276,0.04549817813765182,3.912834990117253,0.0,3,2
168,0.95,0.955106410851408,0.005106410851408061,239,0.93359375,1,0.044416127751441756,0.04510987903225806,0.9638124668697918,0.013812466869791873,240,0.9375,1,0.04455594047921276,0.04549817813765182,0.3147791913635789,0.0,3,2
168,0.97,0.9720395645749131,0.0020395645749131663,244,0.953125,1,0.04511519139029681,0.046086858316221765,1.0,0.030000000000000027,256,1.0,1,0.046792944123548924,0.048613400368694486,3.7188199396910093,0.0,3,2
168,0.99,0.9911246595814053,0.001124659581405285,253,0.98828125,1,0.04637350594023589,0.04783099787685775,1.0,0.010000000000000009,256,1.0,1,0.046792944123548924,0.048613400368694486,0.9044780523033591,0.0,3,2
169,0.1,0.10125291621750981,0.0012529162175098085,17,0.06640625,1,0.013377702186277544,0.015339002036659877,0.964241278518723,0.864241278518723,242,0.9453125,1,0.04483556593475478,0.046679633401222,235.15147302909608,0.0,5,2
169,0.2,0.20679866630653496,0.006798666306534945,40,0.15625,1,0.016593394925010774,0.017043641025641026,0.964241278518723,0.7642412785187229,242,0.9453125,1,0.04483556593475478,0.046679633401222,170.20128272349712,0.0,5,2
169,0.3,0.302992383891628,0.0029923838916280365,67,0.26171875,1,0.02036833857482804,0.020534767025089606,0.964241278518723,0.664241278518723,242,0.9453125,1,0.04483556593475478,0.046679633401222,120.12382487673423,0.0,5,2
169,0.4,0.4017453400522129,0.0017453400522128848,89,0.34765625,1,0.02344421858579026,0.02250882612533098,0.964241278518723,0.564241278518723,242,0.9453125,1,0.04483556593475478,0.046679633401222,91.24359283158195,0.0,5,2
169,0.5,0.5056607643173,0.005660764317300004,112,0.4375,1,0.026659911324523493,0.025773178458289338,0.964241278518723,0.464241278518723,242,0.9453125,1,0.04483556593475478,0.046679633401222,68.17597548988155,0.0,5,2
169,0.6,0.60141994951844,0.0014199495184400446,142,0.5546875,1,0.03085429315765379,0.030083717948717947,0.964241278518723,0.364241278518723,242,0.9453125,1,0.04483556593475478,0.046679633401222,45.313865093787655,0.0,5,2
169,0.7,0.7022611804901957,0.0022611804901957466,176,0.6875,1,0.03560792590186813,0.03554692307692307,0.964241278518723,0.26424127851872303,242,0.9453125,1,0.04483556593475478,0.046679633401222,25.91456761148376,0.0,5,2
169,0.8,0.8033548208197324,0.0033548208197323737,201,0.78515625,1,0.03910324409614338,0.039963385146804836,0.964241278518723,0.16424127851872294,242,0.9453125,1,0.04483556593475478,0.046679633401222,14.659453380689612,0.0,5,2
169,0.85,0.8503973601918899,0.00039736019188996163,213,0.83203125,1,0.0407809968293955,0.04163018181818182,0.964241278518723,0.11424127851872301,242,0.9453125,1,0.04483556593475478,0.046679633401222,9.942300141218464,0.0,5,2
169,0.9,0.9027298146343374,0.002729814634337413,228,0.890625,1,0.042878187745960646,0.04490405405405405,0.964241278518723,0.06424127851872297,242,0.9453125,1,0.04483556593475478,0.046679633401222,4.564974155136792,0.0,5,2
169,0.95,0.9519885385221257,0.001988538522125771,239,0.93359375,1,0.044416127751441756,0.04510987903225806,0.964241278518723,0.014241278518723033,242,0.9453125,1,0.04483556593475478,0.046679633401222,0.9443375740907811,0.0,5,2
169,0.97,0.9718608446588265,0.0018608446588265215,246,0.9609375,1,0.04539481684583883,0.04721863354037267,0.978772111719183,0.008772111719183018,247,0.96484375,1,0.04553462957360983,0.04780103734439834,0.30799271257291316,0.0,5,2
169,0.99,0.9946571102393865,0.0046571102393865305,254,0.9921875,1,0.046513318668006905,0.04839595744680851,0.9990670549716429,0.009067054971642952,255,0.99609375,1,0.04665313139577791,0.048423504273504274,0.30058643798120954,0.0,5,2
170,0.1,0.10327247579908144,0.003272475799081437,19,0.07421875,1,0.013657327641819563,0.015312371499468274,0.9949801912432938,0.8949801912432939,254,0.9921875,1,0.046513318668006905,0.04839595744680851,240.574085120286,0.0,4,2
170,0.2,0.20013905972400997,0.00013905972400996003,40,0.15625,1,0.016593394925010774,0.017043641025641026,0.9949801912432938,0.7949801912432939,254,0.9921875,1,0.046513318668006905,0.04839595744680851,180.31225001400193,0.0,4,2
170,0.3,0.3011318931726185,0.0011318931726185255,63,0.24609375,1,0.019809087663744,0.02000727522306108,0.9949801912432938,0.6949801912432938,254,0.9921875,1,0.046513318668006905,0.04839595744680851,134.80798034499531,0.0,4,2
170,0.4,0.4027963804165319,0.0027963804165318518,87,0.33984375,1,0.02316459313024824,0.022755073720728537,0.9949801912432938,0.5949801912432938,254,0.9921875,1,0.046513318668006905,0.04839595744680851,100.79488729404873,0.0,4,2
170,0.5,0.5005553072040186,0.0005553072040186402,115,0.44921875,1,0.02707934950783652,0.025499892125134843,0.9949801912432938,0.49498019124329384,254,0.9921875,1,0.046513318668006905,0.04839595744680851,71.76675035914866,0.0,4,2
170,0.6,0.6038419691031156,0.0038419691031156278,144,0.5625,1,0.03113391861319581,0.02980935064935065,0.9949801912432938,0.39498019124329387,254,0.9921875,1,0.046513318668006905,0.04839595744680851,49.39757261488018,0.0,4,2
170,0.7,0.7005082779529878,0.0005082779529878012,175,0.68359375,1,0.03546811317409712,0.035867534456355286,0.9949801912432938,0.2949801912432939,254,0.9921875,1,0.046513318668006905,0.04839595744680851,31.141226598927908,0.0,4,2
170,0.8,0.8028552223557772,0.002855222355777176,202,0.7890625,1,0.039243056823914386,0.039569791666666666,0.9949801912432938,0.1949801912432938,254,0.9921875,1,0.046513318668006905,0.04839595744680851,18.526237333433414,0.0,4,2
170,0.85,0.8549518382167534,0.004951838216753379,213,0.83203125,1,0.0407809968293955,0.04163018181818182,0.9949801912432938,0.14498019124329387,254,0.9921875,1,0.046513318668006905,0.04839595744680851,14.056355372067486,0.0,4,2
170,0.9,0.9022270114846287,0.0022270114846286715,225,0.87890625,1,0.04245874956264761,0.0438043893129771,0.9949801912432938,0.09498019124329382,254,0.9921875,1,0.046513318668006905,0.04839595744680851,9.549431264754515,0.0,4,2
170,0.95,0.953070165977322,0.0030701659773220147,241,0.94140625,1,0.044695753206983775,0.04639878048780488,0.9949801912432938,0.04498019124329389,254,0.9921875,1,0.046513318668006905,0.04839595744680851,4.066528317815954,0.0,4,2
170,0.97,0.9720600424046204,0.0020600424046204324,247,0.96484375,1,0.04553462957360983,0.04780103734439834,0.9949801912432938,0.02498019124329387,254,0.9921875,1,0.046513318668006905,0.04839595744680851,2.1493292106724127,0.0,4,2
170,0.99,0.9918898954749906,0.0018898954749906327,253,0.98828125,1,0.04637350594023589,0.04783099787685775,0.9949801912432938,0.004980191243293852,254,0.9921875,1,0.046513318668006905,0.04839595744680851,0.3014926841011345,0.0,4,2
171,0.1,0.10687497070193593,0.00687497070193592,16,0.0625,1,0.013237889458506534,0.014520079654829075,0.975118941322747,0.875118941322747,245,0.95703125,1,0.045255004118067814,0.04686082474226804,241.8596616924264,0.0,4,2
171,0.2,0.20317185930884332,0.003171859308843311,41,0.16015625,1,0.016733207652781783,0.01797626236335242,0.975118941322747,0.7751189413227471,245,0.95703125,1,0.045255004118067814,0.04686082474226804,170.45026307639512,0.0,4,2
171,0.3,0.3011590783599571,0.0011590783599570997,66,0.2578125,1,0.020228525847057033,0.02009113475177305,0.975118941322747,0.675118941322747,245,0.95703125,1,0.045255004118067814,0.04686082474226804,123.71874480735721,0.0,4,2
171,0.4,0.40548185114425467,0.005481851144254646,91,0.35546875,1,0.02372384404133228,0.022570736086175942,0.975118941322747,0.575118941322747,245,0.95703125,1,0.045255004118067814,0.04686082474226804,90.7574676313982,0.0,4,2
171,0.5,0.5029499402551011,0.002949940255101091,116,0.453125,1,0.02721916223560753,0.02512554347826087,0.975118941322747,0.475118941322747,245,0.95703125,1,0.045255004118067814,0.04686082474226804,66.26156134543398,0.0,4,2
171,0.6,0.6012800730193697,0.0012800730193697207,144,0.5625,1,0.03113391861319581,0.02980935064935065,0.975118941322747,0.37511894132274703,245,0.95703125,1,0.045255004118067814,0.04686082474226804,45.35595303729907,0.0,4,2
171,0.7,0.7077063781746501,0.007706378174650141,176,0.6875,1,0.03560792590186813,0.03554692307692307,0.975118941322747,0.27511894132274706,245,0.95703125,1,0.045255004118067814,0.04686082474226804,27.09250250291484,0.0,4,2
171,0.8,0.8004791296007489,0.0004791296007488066,203,0.79296875,1,0.0393828695516854,0.03993362369337979,0.975118941322747,0.17511894132274697,245,0.95703125,1,0.045255004118067814,0.04686082474226804,14.9103776165318,0.0,4,2
171,0.85,0.8534324322275931,0.003432432227593152,217,0.84765625,1,0.041340247740479535,0.041725878003696856,0.975118941322747,0.12511894132274703,245,0.95703125,1,0.045255004118067814,0.04686082474226804,9.46960067139373,0.0,4,2
171,0.9,0.9002369964125396,0.0002369964125396029,230,0.8984375,1,0.043157813201502665,0.04402826510721248,0.975118941322747,0.07511894132274699,245,0.95703125,1,0.045255004118067814,0.04686082474226804,4.8593539871295555,0.0,4,2
171,0.95,0.95347859558432,0.0034785955843200655,240,0.9375,1,0.04455594047921276,0.04549817813765182,0.975118941322747,0.025118941322747057,245,0.95703125,1,0.045255004118067814,0.04686082474226804,1.5689572060120671,0.0,4,2
171,0.97,0.9751189413227466,0.005118941322746595,245,0.95703125,1,0.045255004118067814,0.04686082474226804,0.975118941322747,0.005118941322747039,245,0.95703125,1,0.045255004118067814,0.04686082474226804,0.0,0.0,4,2
171,0.99,0.9968731761570644,0.006873176157064398,253,0.98828125,1,0.04637350594023589,0.04783099787685775,0.9968731761570646,0.00687317615706462,253,0.98828125,1,0.04637350594023589,0.04783099787685775,0.0,0.0,4,2
172,0.1,0.1008381935291277,0.000838193529127701,19,0.07421875,1,0.013657327641819563,0.015312371499468274,0.9772685242526007,0.8772685242526007,246,0.9609375,1,0.04539481684583883,0.04721863354037267,232.3843290310848,0.0,5,2
172,0.2,0.20187413235299473,0.0018741323529947174,44,0.171875,1,0.017152645836094813,0.017583269961977187,0.9772685242526007,0.7772685242526007,246,0.9609375,1,0.04539481684583883,0.04721863354037267,164.6519801062597,0.0,5,2
172,0.3,0.30041478132455673,0.00041478132455674555,68,0.265625,1,0.020508151302599052,0.019579362780593773,0.9772685242526007,0.6772685242526006,246,0.9609375,1,0.04539481684583883,0.04721863354037267,121.35011672205587,0.0,5,2
172,0.4,0.4036864512290107,0.003686451229010679,95,0.37109375,1,0.02428309495241632,0.023273191094619665,0.9772685242526007,0.5772685242526007,246,0.9609375,1,0.04539481684583883,0.04721863354037267,86.93999646582017,0.0,5,2
172,0.5,0.5006403906289719,0.0006403906289719208,118,0.4609375,1,0.02749878769114955,0.02632202643171806,0.9772685242526007,0.4772685242526007,246,0.9609375,1,0.04539481684583883,0.04721863354037267,65.07933860825833,0.0,5,2
172,0.6,0.601287506739671,0.0012875067396710405,143,0.55859375,1,0.030994105885424797,0.030185419354838712,0.9772685242526007,0.3772685242526007,246,0.9609375,1,0.04539481684583883,0.04721863354037267,46.46274041151182,0.0,5,2
172,0.7,0.7004259851242782,0.00042598512427827195,168,0.65625,1,0.03448942407970005,0.033354733727810656,0.9772685242526007,0.27726852425260073,246,0.9609375,1,0.04539481684583883,0.04721863354037267,31.619527020625227,0.0,5,2
172,0.8,0.8041192072478324,0.004119207247832324,194,0.7578125,1,0.03812455500174631,0.03832177554438861,0.9772685242526007,0.17726852425260065,246,0.9609375,1,0.04539481684583883,0.04721863354037267,19.069761847081246,0.0,5,2
172,0.85,0.8522601960262624,0.0022601960262623733,208,0.8125,1,0.040081933190540445,0.04029536541889483,0.9772685242526007,0.1272685242526007,246,0.9609375,1,0.04539481684583883,0.04721863354037267,13.255058407592601,0.0,5,2
172,0.9,0.9040233769711365,0.0040233769711365275,223,0.87109375,1,0.042179124107105594,0.04327405303030303,0.9772685242526007,0.07726852425260067,246,0.9609375,1,0.04539481684583883,0.04721863354037267,7.623896434092869,0.0,5,2
172,0.95,0.9514232965415657,0.0014232965415656995,238,0.9296875,1,0.04427631502367074,0.0453425702811245,0.9772685242526007,0.027268524252600734,246,0.9609375,1,0.04539481684583883,0.04721863354037267,2.526185436999717,0.0,5,2
172,0.97,0.9707102646046888,0.000710264604688815,244,0.953125,1,0.04511519139029681,0.046086858316221765,0.9772685242526007,0.0072685242526007166,246,0.9609375,1,0.04539481684583883,0.04721863354037267,0.6198033232818423,0.0,5,2
172,0.99,0.9900490907146584,4.909071465841741e-05,251,0.98046875,1,0.04609388048469387,0.04799157894736842,0.9964318616135122,0.006431861613512169,253,0.98828125,1,0.04637350594023589,0.04783099787685775,0.6066433387722059,0.0,5,2
173,0.1,0.10141531785655787,0.0014153178565578656,20,0.078125,1,0.013797140369590573,0.014549891383055758,0.981414561223219,0.881414561223219,246,0.9609375,1,0.04539481684583883,0.04721863354037267,229.01612674674777,0.0,4,3
173,0.2,0.20198079503457425,0.0019807950345742398,43,0.16796875,1,0.017012833108323803,0.018372790573111943,0.981414561223219,0.7814145612232191,246,0.9609375,1,0.04539481684583883,0.04721863354037267,166.82690976160038,0.0,4,3
173,0.3,0.3008597797790934,0.0008597797790934059,70,0.2734375,1,0.02078777675814107,0.020093865484109387,0.981414561223219,0.681414561223219,246,0.9609375,1,0.04539481684583883,0.04721863354037267,118.37263971993038,0.0,4,3
173,0.4,0.4003924050573173,0.00039240505731730213,92,0.359375,1,0.023863656769103292,0.02210280542986425,0.981414561223219,0.581414561223219,246,0.9609375,1,0.04539481684583883,0.04721863354037267,90.2257365041066,0.0,4,3
173,0.5,0.5009944421699677,0.0009944421699676909,119,0.46484375,1,0.027638600418920557,0.026446674057649666,0.981414561223219,0.481414561223219,246,0.9609375,1,0.04539481684583883,0.04721863354037267,64.24426764664572,0.0,4,3
173,0.6,0.6089695222466601,0.008969522246660144,145,0.56640625,1,0.031273731340966816,0.030195300261096607,0.981414561223219,0.38141456122321904,246,0.9609375,1,0.04539481684583883,0.04721863354037267,45.15318415610417,0.0,4,3
173,0.7,0.7024745780217081,0.0024745780217081403,168,0.65625,1,0.03448942407970005,0.033354733727810656,0.981414561223219,0.28141456122321906,246,0.9609375,1,0.04539481684583883,0.04721863354037267,31.619527020625227,0.0,4,3
173,0.8,0.8001930905169509,0.00019309051695082236,198,0.7734375,1,0.03868380591283035,0.03888293515358362,0.981414561223219,0.18141456122321897,246,0.9609375,1,0.04539481684583883,0.04721863354037267,17.348372981011728,0.0,4,3
173,0.85,0.8500797063210683,7.97063210683513e-05,211,0.82421875,1,0.04050137137385348,0.040935559566787,0.981414561223219,0.13141456122321904,246,0.9609375,1,0.04539481684583883,0.04721863354037267,12.08217229687294,0.0,4,3
173,0.9,0.9040652417241312,0.004065241724131141,225,0.87890625,1,0.04245874956264761,0.0438043893129771,0.981414561223219,0.081414561223219,246,0.9609375,1,0.04539481684583883,0.04721863354037267,6.915105398615351,0.0,4,3
173,0.95,0.9516842920563372,0.0016842920563372443,238,0.9296875,1,0.04427631502367074,0.0453425702811245,0.981414561223219,0.03141456122321906,246,0.9609375,1,0.04539481684583883,0.04721863354037267,2.526185436999717,0.0,4,3
173,0.97,0.9736217087716063,0.00362170877160628,244,0.953125,1,0.04511519139029681,0.046086858316221765,0.981414561223219,0.011414561223219044,246,0.9609375,1,0.04539481684583883,0.04721863354037267,0.6198033232818423,0.0,4,3
173,0.99,0.9937421194346173,0.0037421194346173303,254,0.9921875,1,0.046513318668006905,0.04839595744680851,0.9983700532441184,0.008370053244118436,255,0.99609375,1,0.04665313139577791,0.048423504273504274,0.30058643798120954,0.0,4,3
174,0.1,0.10418669447346833,0.004186694473468325,21,0.08203125,1,0.013936953097361583,0.015592276422764229,0.9552244231984091,0.8552244231984091,235,0.91796875,1,0.04385687684035772,0.04478630952380953,214.68052259327973,0.0,5,2
174,0.2,0.20317365236365653,0.0031736523636565206,45,0.17578125,1,0.017292458563865822,0.018111618942731278,0.9552244231984091,0.7552244231984091,235,0.91796875,1,0.04385687684035772,0.04478630952380953,153.61851629357483,0.0,5,2
174,0.3,0.30283228251420546,0.0028322825142054753,68,0.265625,1,0.020508151302599052,0.019579362780593773,0.9552244231984091,0.655224423198409,235,0.91796875,1,0.04385687684035772,0.04478630952380953,113.85095220552435,0.0,5,2
174,0.4,0.40168452065479643,0.0016845206547964064,93,0.36328125,1,0.0240034694968743,0.022591232876712327,0.9552244231984091,0.555224423198409,235,0.91796875,1,0.04385687684035772,0.04478630952380953,82.7105737613002,0.0,5,2
174,0.5,0.5013616748073275,0.0013616748073275176,121,0.47265625,1,0.027918225874462577,0.026121709786276714,0.9552244231984091,0.45522442319840906,235,0.91796875,1,0.04385687684035772,0.04478630952380953,57.09048647132904,0.0,5,2
174,0.6,0.6032006120503335,0.0032006120503335067,145,0.56640625,1,0.031273731340966816,0.030195300261096607,0.9552244231984091,0.3552244231984091,235,0.91796875,1,0.04385687684035772,0.04478630952380953,40.23551063415223,0.0,5,2
174,0.7,0.705904575030286,0.0059045750302860744,171,0.66796875,1,0.034908862263013075,0.03412912912912913,0.9552244231984091,0.2552244231984091,235,0.91796875,1,0.04385687684035772,0.04478630952380953,25.632501311351284,0.0,5,2
174,0.8,0.8054005819401838,0.00540058194018378,195,0.76171875,1,0.038264367729517315,0.038550673400673405,0.9552244231984091,0.155224423198409,235,0.91796875,1,0.04385687684035772,0.04478630952380953,14.615448895883132,0.0,5,2
174,0.85,0.8500515753111589,5.157531115895786e-05,205,0.80078125,1,0.03966249500722742,0.039896836555360284,0.9552244231984091,0.10522442319840908,235,0.91796875,1,0.04385687684035772,0.04478630952380953,10.575184017964535,0.0,5,2
174,0.9,0.9010678902164163,0.0010678902164162896,218,0.8515625,1,0.04148006046825055,0.04183506493506493,0.9552244231984091,0.055224423198409034,235,0.91796875,1,0.04385687684035772,0.04478630952380953,5.730021473634106,0.0,5,2
174,0.95,0.9552244231984091,0.0052244231984091005,235,0.91796875,1,0.04385687684035772,0.04478630952380953,0.9552244231984091,0.0052244231984091005,235,0.91796875,1,0.04385687684035772,0.04478630952380953,0.0,0.0,5,2
174,0.97,0.9719842730461281,0.0019842730461281377,243,0.94921875,1,0.044975378662525795,0.046523312883435586,0.9898827127793455,0.0198827127793455,251,0.98046875,1,0.04609388048469387,0.04799157894736842,2.4869203004621587,0.0,5,2
174,0.99,0.991099943568855,0.0010999435688550108,252,0.984375,1,0.046233693212464885,0.047364904862579285,1.0,0.010000000000000009,256,1.0,1,0.046792944123548924,0.048613400368694486,1.2096176451100948,0.0,5,2
175,0.1,0.10274470221369846,0.0027447022136984495,17,0.06640625,1,0.013377702186277544,0.015339002036659877,0.9918306427662071,0.8918306427662072,253,0.98828125,1,0.04637350594023589,0.04783099787685775,246.64776726607417,0.0,3,2
175,0.2,0.20240497876404306,0.002404978764043053,44,0.171875,1,0.017152645836094813,0.017583269961977187,0.9918306427662071,0.7918306427662072,253,0.98828125,1,0.04637350594023589,0.04783099787685775,170.35774179311028,0.0,3,2
175,0.3,0.3021263174270014,0.002126317427001423,68,0.265625,1,0.020508151302599052,0.019579362780593773,0.9918306427662071,0.6918306427662071,253,0.98828125,1,0.04637350594023589,0.04783099787685775,126.122312323485,0.0,3,2
175,0.4,0.401498309959821,0.001498309959820976,95,0.37109375,1,0.02428309495241632,0.023273191094619665,0.9918306427662071,0.5918306427662071,253,0.98828125,1,0.04637350594023589,0.04783099787685775,90.97032742781181,0.0,3,2
175,0.5,0.5010633279887727,0.0010633279887727332,122,0.4765625,1,0.02805803860223359,0.026395814479638006,0.9918306427662071,0.49183064276620714,253,0.98828125,1,0.04637350594023589,0.04783099787685775,65.27707655425449,0.0,3,2
175,0.6,0.6002670554406971,0.00026705544069716147,152,0.59375,1,0.03225242043536389,0.03150054347826087,0.9918306427662071,0.39183064276620716,253,0.98828125,1,0.04637350594023589,0.04783099787685775,43.783025628019615,0.0,3,2
175,0.7,0.7000002287146102,2.287146102508686e-07,176,0.6875,1,0.03560792590186813,0.03554692307692307,0.9918306427662071,0.2918306427662072,253,0.98828125,1,0.04637350594023589,0.04783099787685775,30.233662213397714,0.0,3,2
175,0.8,0.8040564031085853,0.004056403108585238,202,0.7890625,1,0.039243056823914386,0.039569791666666666,0.9918306427662071,0.1918306427662071,253,0.98828125,1,0.04637350594023589,0.04783099787685775,18.169963538559685,0.0,3,2
175,0.85,0.8501127678682168,0.00011276786821678986,216,0.84375,1,0.04120043501270853,0.04185874769797422,0.9918306427662071,0.14183064276620716,253,0.98828125,1,0.04637350594023589,0.04783099787685775,12.555864825047824,0.0,3,2
175,0.9,0.903207953104568,0.0032079531045680065,232,0.90625,1,0.043437438657044684,0.04410235294117647,0.9918306427662071,0.09183064276620712,253,0.98828125,1,0.04637350594023589,0.04783099787685775,6.759301132768414,0.0,3,2
175,0.95,0.952424309298818,0.0024243092988180948,241,0.94140625,1,0.044695753206983775,0.04639878048780488,0.9918306427662071,0.04183064276620718,253,0.98828125,1,0.04637350594023589,0.04783099787685775,3.7537184472147267,0.0,3,2
175,0.97,0.9702554276924523,0.000255427692452348,246,0.9609375,1,0.04539481684583883,0.04721863354037267,0.9918306427662071,0.021830642766207164,253,0.98828125,1,0.04637350594023589,0.04783099787685775,2.1559489880104588,0.0,3,2
175,0.99,0.991830642766207,0.0018306427662070357,253,0.98828125,1,0.04637350594023589,0.04783099787685775,0.9918306427662071,0.0018306427662071467,253,0.98828125,1,0.04637350594023589,0.04783099787685775,0.0,0.0,3,2
176,0.1,0.1012161430544149,0.0012161430544148921,19,0.07421875,1,0.013657327641819563,0.015312371499468274,0.9886118521737317,0.8886118521737317,250,0.9765625,1,0.045954067756922866,0.04733333333333334,236.47920707568537,0.0,4,2
176,0.2,0.2037964115607698,0.0037964115607697912,43,0.16796875,1,0.017012833108323803,0.018372790573111943,0.9886118521737317,0.7886118521737318,250,0.9765625,1,0.045954067756922866,0.04733333333333334,170.11413951059745,0.0,4,2
176,0.3,0.30218812493860614,0.0021881249386061508,63,0.24609375,1,0.019809087663744,0.02000727522306108,0.9886118521737317,0.6886118521737317,250,0.9765625,1,0.045954067756922866,0.04733333333333334,131.9847765681368,0.0,4,2
176,0.4,0.40103733954362275,0.0010373395436227284,87,0.33984375,1,0.02316459313024824,0.022755073720728537,0.9886118521737317,0.5886118521737317,250,0.9765625,1,0.045954067756922866,0.04733333333333334,98.38063849658647,0.0,4,2
176,0.5,0.5000363343457596,3.633434575955885e-05,114,0.4453125,1,0.026939536780065512,0.025315755627009644,0.9886118521737317,0.4886118521737317,250,0.9765625,1,0.045954067756922866,0.04733333333333334,70.58224917559667,0.0,4,2
176,0.6,0.6011957344642311,0.0011957344642311574,139,0.54296875,1,0.030434854974340758,0.029702770780856425,0.9886118521737317,0.38861185217373173,250,0.9765625,1,0.045954067756922866,0.04733333333333334,50.99157789864994,0.0,4,2
176,0.7,0.7017630954972567,0.001763095497256728,170,0.6640625,1,0.03476904953524207,0.0338881913303438,0.9886118521737317,0.28861185217373175,250,0.9765625,1,0.045954067756922866,0.04733333333333334,32.169467877871114,0.0,4,2
176,0.8,0.8031865756797618,0.0031865756797617717,196,0.765625,1,0.03840418045728833,0.038024493243243244,0.9886118521737317,0.18861185217373166,250,0.9765625,1,0.045954067756922866,0.04733333333333334,19.659024641942914,0.0,4,2
176,0.85,0.8521562305568443,0.0021562305568443296,210,0.8203125,1,0.040361558646082464,0.04064524236983842,0.9886118521737317,0.13861185217373173,250,0.9765625,1,0.045954067756922866,0.04733333333333334,13.856028603551508,0.0,4,2
176,0.9,0.9029945511784166,0.0029945511784166268,226,0.8828125,1,0.042598562290418626,0.0439360153256705,0.9886118521737317,0.08861185217373169,250,0.9765625,1,0.045954067756922866,0.04733333333333334,7.877039238150463,0.0,4,2
176,0.95,0.9536150307828196,0.0036150307828196615,240,0.9375,1,0.04455594047921276,0.04549817813765182,0.9886118521737317,0.03861185217373175,250,0.9765625,1,0.045954067756922866,0.04733333333333334,3.137914412024112,0.0,4,2
176,0.97,0.9702566779421896,0.00025667794218964257,245,0.95703125,1,0.045255004118067814,0.04686082474226804,0.9886118521737317,0.018611852173731736,250,0.9765625,1,0.045954067756922866,0.04733333333333334,1.5447211915642134,0.0,4,2
176,0.99,0.9903112047645615,0.00031120476456147905,251,0.98046875,1,0.04609388048469387,0.04799157894736842,0.9984368179882195,0.008436817988219492,254,0.9921875,1,0.046513318668006905,0.04839595744680851,0.9099650081583199,0.0,4,2
177,0.1,0.10172331237552572,0.0017233123755257124,17,0.06640625,1,0.013377702186277544,0.015339002036659877,0.9779493566899539,0.8779493566899539,245,0.95703125,1,0.045255004118067814,0.04686082474226804,238.28682600281738,0.0,5,2
177,0.2,0.2017913091350929,0.0017913091350929,40,0.15625,1,0.016593394925010774,0.017043641025641026,0.9779493566899539,0.7779493566899538,245,0.95703125,1,0.045255004118067814,0.04686082474226804,172.7290245461233,0.0,5,2
177,0.3,0.3054874791957274,0.005487479195727396,62,0.2421875,1,0.019669274935972994,0.019521860149355058,0.9779493566899539,0.6779493566899539,245,0.95703125,1,0.045255004118067814,0.04686082474226804,130.0796763753669,0.0,5,2
177,0.4,0.4017123266717312,0.001712326671731157,85,0.33203125,1,0.02288496767470622,0.022947314578005116,0.9779493566899539,0.5779493566899538,245,0.95703125,1,0.045255004118067814,0.04686082474226804,97.74991497185394,0.0,5,2
177,0.5,0.5059700065841041,0.005970006584104071,113,0.44140625,1,0.0267997240522945,0.025414468085106383,0.9779493566899539,0.47794935668995386,245,0.95703125,1,0.045255004118067814,0.04686082474226804,68.8636943789473,0.0,5,2
177,0.6,0.6028267426908785,0.0028267426908785698,143,0.55859375,1,0.030994105885424797,0.030185419354838712,0.9779493566899539,0.3779493566899539,245,0.95703125,1,0.045255004118067814,0.04686082474226804,46.011645844409756,0.0,5,2
177,0.7,0.7020291194521678,0.0020291194521678824,170,0.6640625,1,0.03476904953524207,0.0338881913303438,0.9779493566899539,0.2779493566899539,245,0.95703125,1,0.045255004118067814,0.04686082474226804,30.158876135504165,0.0,5,2
177,0.8,0.8032889065332184,0.0032889065332183387,193,0.75390625,1,0.037984742273975296,0.038588,0.9779493566899539,0.17794935668995382,245,0.95703125,1,0.045255004118067814,0.04686082474226804,19.139953067612716,0.0,5,2
177,0.85,0.8514666764410436,0.0014666764410435906,203,0.79296875,1,0.0393828695516854,0.03993362369337979,0.9779493566899539,0.12794935668995389,245,0.95703125,1,0.045255004118067814,0.04686082474226804,14.9103776165318,0.0,5,2
177,0.9,0.9054367607765842,0.005436760776584171,221,0.86328125,1,0.041899498651563574,0.0428687969924812,0.9779493566899539,0.07794935668995384,245,0.95703125,1,0.045255004118067814,0.04686082474226804,8.008462092610324,0.0,5,2
177,0.95,0.9507192382130406,0.0007192382130406516,236,0.921875,1,0.04399668956812872,0.04414103585657371,0.9779493566899539,0.027949356689953908,245,0.95703125,1,0.045255004118067814,0.04686082474226804,2.860020974965849,0.0,5,2
177,0.97,0.9703200450845895,0.0003200450845894931,243,0.94921875,1,0.044975378662525795,0.046523312883435586,0.9779493566899539,0.00794935668995389,245,0.95703125,1,0.045255004118067814,0.04686082474226804,0.6217300751155452,0.0,5,2
177,0.99,0.9917625194096559,0.0017625194096558827,251,0.98046875,1,0.04609388048469387,0.04799157894736842,0.9917625194096562,0.0017625194096562158,251,0.98046875,1,0.04609388048469387,0.04799157894736842,0.0,0.0,5,2
178,0.1,0.10180702156992592,0.001807021569925918,21,0.08203125,1,0.013936953097361583,0.015592276422764229,1.0,0.9,256,1.0,1,0.046792944123548924,0.048613400368694486,235.74730284776044,0.0,2,2
178,0.2,0.20271899616079314,0.00271899616079313,44,0.171875,1,0.017152645836094813,0.017583269961977187,1.0,0.8,256,1.0,1,0.046792944123548924,0.048613400368694486,172.80306823033195,0.0,2,2
178,0.3,0.30103790582101914,0.0010379058210191472,69,0.26953125,1,0.020647964030370062,0.02049846378931968,1.0,0.7,256,1.0,1,0.046792944123548924,0.048613400368694486,126.62255733651762,0.0,2,2
178,0.4,0.4009097941104688,0.0009097941104687646,98,0.3828125,1,0.02470253313572935,0.023184980988593156,1.0,0.6,256,1.0,1,0.046792944123548924,0.048613400368694486,89.42569114852581,0.0,2,2
178,0.5,0.5034162607689205,0.0034162607689205426,123,0.48046875,1,0.028197851330004603,0.02735512528473804,1.0,0.5,256,1.0,1,0.046792944123548924,0.048613400368694486,65.94506998395926,0.0,2,2
178,0.6,0.604197873116715,0.004197873116715045,148,0.578125,1,0.03169316952427985,0.029753917662682604,1.0,0.4,256,1.0,1,0.046792944123548924,0.048613400368694486,47.64362424433843,0.0,2,2
178,0.7,0.7003102761061111,0.0003102761061111181,172,0.671875,1,0.03504867499078409,0.03383906485671191,1.0,0.30000000000000004,256,1.0,1,0.046792944123548924,0.048613400368694486,33.50845398821196,0.0,2,2
178,0.8,0.8048586014371419,0.004858601437141896,202,0.7890625,1,0.039243056823914386,0.039569791666666666,1.0,0.19999999999999996,256,1.0,1,0.046792944123548924,0.048613400368694486,19.23878492318085,0.0,2,2
178,0.85,0.8536199373855476,0.003619937385547667,215,0.83984375,1,0.041060622284937516,0.0420308256880734,1.0,0.15000000000000002,256,1.0,1,0.046792944123548924,0.048613400368694486,13.96063069583391,0.0,2,2
178,0.9,0.9039527700098708,0.003952770009870821,229,0.89453125,1,0.04301800047373165,0.04447320388349515,1.0,0.09999999999999998,256,1.0,1,0.046792944123548924,0.048613400368694486,8.775265256976294,0.0,2,2
178,0.95,0.9502398121615185,0.0002398121615185822,243,0.94921875,1,0.044975378662525795,0.046523312883435586,1.0,0.050000000000000044,256,1.0,1,0.046792944123548924,0.048613400368694486,4.041245488251,0.0,2,2
178,0.97,0.9743210763468915,0.004321076346891495,249,0.97265625,1,0.04581425502915185,0.04799748953974896,1.0,0.030000000000000027,256,1.0,1,0.046792944123548924,0.048613400368694486,2.136210866627275,0.0,2,2
178,0.99,0.9904818452950709,0.0004818452950708929,253,0.98828125,1,0.04637350594023589,0.04783099787685775,1.0,0.010000000000000009,256,1.0,1,0.046792944123548924,0.048613400368694486,0.9044780523033591,0.0,2,2
179,0.1,0.1029824126032399,0.0029824126032398923,19,0.07421875,1,0.013657327641819563,0.015312371499468274,1.0,0.9,256,1.0,1,0.046792944123548924,0.048613400368694486,242.62152414258628,0.0,2,2
179,0.2,0.20442308130612535,0.004423081306125343,41,0.16015625,1,0.016733207652781783,0.01797626236335242,1.0,0.8,256,1.0,1,0.046792944123548924,0.048613400368694486,179.64120863443603,0.0,2,2
179,0.3,0.3023346675374422,0.0023346675374422143,72,0.28125,1,0.02106740221368309,0.02044079939668175,1.0,0.7,256,1.0,1,0.046792944123548924,0.048613400368694486,122.110650610531,0.0,2,2
179,0.4,0.40101249307845804,0.001012493078458021,96,0.375,1,0.02442290768018733,0.022693451824134705,1.0,0.6,256,1.0,1,0.046792944123548924,0.048613400368694486,91.59448472021579,0.0,2,2
179,0.5,0.5047239562987189,0.004723956298718912,125,0.48828125,1,0.028477476785546622,0.027028752886836028,1.0,0.5,256,1.0,1,0.046792944123548924,0.048613400368694486,64.31562555885597,0.0,2,2
179,0.6,0.6002465646173056,0.0002465646173056557,154,0.6015625,1,0.03253204589090591,0.031202472527472526,1.0,0.4,256,1.0,1,0.046792944123548924,0.048613400368694486,43.836462915569484,0.0,2,2
179,0.7,0.7023533836487387,0.002353383648738716,177,0.69140625,1,0.03574773862963914,0.03657105263157895,1.0,0.30000000000000004,256,1.0,1,0.046792944123548924,0.048613400368694486,30.89763413664435,0.0,2,2
179,0.8,0.8022823396747812,0.0022823396747811975,202,0.7890625,1,0.039243056823914386,0.039569791666666666,1.0,0.19999999999999996,256,1.0,1,0.046792944123548924,0.048613400368694486,19.23878492318085,0.0,2,2
179,0.85,0.8533459525756407,0.0033459525756407427,216,0.84375,1,0.04120043501270853,0.04185874769797422,1.0,0.15000000000000002,256,1.0,1,0.046792944123548924,0.048613400368694486,13.57390791897064,0.0,2,2
179,0.9,0.9020873305282284,0.002087330528228404,227,0.88671875,1,0.04273837501818963,0.04437192307692307,1.0,0.09999999999999998,256,1.0,1,0.046792944123548924,0.048613400368694486,9.486951957423862,0.0,2,2
179,0.95,0.9509717898994855,0.0009717898994855423,241,0.94140625,1,0.044695753206983775,0.04639878048780488,1.0,0.050000000000000044,256,1.0,1,0.046792944123548924,0.048613400368694486,4.692148059018408,0.0,2,2
179,0.97,0.9740736062631634,0.004073606263163443,249,0.97265625,1,0.04581425502915185,0.04799748953974896,1.0,0.030000000000000027,256,1.0,1,0.046792944123548924,0.048613400368694486,2.136210866627275,0.0,2,2
179,0.99,0.9907581360386385,0.0007581360386385017,253,0.98828125,1,0.04637350594023589,0.04783099787685775,1.0,0.010000000000000009,256,1.0,1,0.046792944123548924,0.048613400368694486,0.9044780523033591,0.0,2,2
180,0.1,0.10069194355653692,0.0006919435565369142,19,0.07421875,1,0.013657327641819563,0.015312371499468274,0.9933954958844015,0.8933954958844015,253,0.98828125,1,0.04637350594023589,0.04783099787685775,239.55036560913578,0.0,3,2
180,0.2,0.20247425841194813,0.0024742584119481215,42,0.1640625,1,0.016873020380552793,0.01772222808870116,0.9933954958844015,0.7933954958844014,253,0.98828125,1,0.04637350594023589,0.04783099787685775,174.83820261181125,0.0,3,2
180,0.3,0.302037929976642,0.0020379299766419834,67,0.26171875,1,0.02036833857482804,0.020534767025089606,0.9933954958844015,0.6933954958844015,253,0.98828125,1,0.04637350594023589,0.04783099787685775,127.67446529755753,0.0,3,2
180,0.4,0.4060896453363169,0.006089645336316896,98,0.3828125,1,0.02470253313572935,0.023184980988593156,0.9933954958844015,0.5933954958844014,253,0.98828125,1,0.04637350594023589,0.04783099787685775,87.72773498747783,0.0,3,2
180,0.5,0.5029306662259897,0.0029306662259896976,124,0.484375,1,0.02833766405777561,0.02639587155963303,0.9933954958844015,0.49339549588440146,253,0.98828125,1,0.04637350594023589,0.04783099787685775,63.646184264476815,0.0,3,2
180,0.6,0.600553772581522,0.0005537725815220051,148,0.578125,1,0.03169316952427985,0.029753917662682604,0.9933954958844015,0.3933954958844015,253,0.98828125,1,0.04637350594023589,0.04783099787685775,46.32019023755125,0.0,3,2
180,0.7,0.7036016225397191,0.0036016225397191848,174,0.6796875,1,0.03532830044632611,0.03477317073170731,0.9933954958844015,0.2933954958844015,253,0.98828125,1,0.04637350594023589,0.04783099787685775,31.264468865946824,0.0,3,2
180,0.8,0.8015026929552731,0.001502692955273055,199,0.77734375,1,0.03882361864060136,0.03939914383561644,0.9933954958844015,0.1933954958844014,253,0.98828125,1,0.04637350594023589,0.04783099787685775,19.44663471358883,0.0,3,2
180,0.85,0.8509151448217477,0.0009151448217477043,212,0.828125,1,0.04064118410162449,0.04085869565217391,0.9933954958844015,0.14339549588440148,253,0.98828125,1,0.04637350594023589,0.04783099787685775,14.104711674437343,0.0,3,2
180,0.9,0.9025811610772871,0.0025811610772871196,231,0.90234375,1,0.04329762592927368,0.044601562500000004,0.9933954958844015,0.09339549588440144,253,0.98828125,1,0.04637350594023589,0.04783099787685775,7.104038489284936,0.0,3,2
180,0.95,0.9519404439818372,0.0019404439818372365,242,0.9453125,1,0.04483556593475478,0.046679633401222,0.9933954958844015,0.0433954958844015,253,0.98828125,1,0.04637350594023589,0.04783099787685775,3.4301786392506806,0.0,3,2
180,0.97,0.9756615585221364,0.005661558522136456,247,0.96484375,1,0.04553462957360983,0.04780103734439834,0.9933954958844015,0.023395495884401485,253,0.98828125,1,0.04637350594023589,0.04783099787685775,1.8422821805763379,0.0,3,2
180,0.99,0.9933954958844021,0.0033954958844021332,253,0.98828125,1,0.04637350594023589,0.04783099787685775,0.9933954958844015,0.003395495884401467,253,0.98828125,1,0.04637350594023589,0.04783099787685775,0.0,0.0,3,2
181,0.1,0.10383147673026662,0.0038314767302666114,22,0.0859375,1,0.014076765825132592,0.01542077677224736,0.9955698932575497,0.8955698932575498,254,0.9921875,1,0.046513318668006905,0.04839595744680851,230.42617349620352,0.0,3,2
181,0.2,0.20427683855802414,0.004276838558024132,45,0.17578125,1,0.017292458563865822,0.018111618942731278,0.9955698932575497,0.7955698932575497,254,0.9921875,1,0.046513318668006905,0.04839595744680851,168.9803679229323,0.0,3,2
181,0.3,0.3018465837020426,0.0018465837020426035,74,0.2890625,1,0.02134702766922511,0.021387076923076922,0.9955698932575497,0.6955698932575498,254,0.9921875,1,0.046513318668006905,0.04839595744680851,117.8913120305864,0.0,3,2
181,0.4,0.4054613329830567,0.005461332983056677,101,0.39453125,1,0.025121971319042383,0.023577896786757545,0.9955698932575497,0.5955698932575497,254,0.9921875,1,0.046513318668006905,0.04839595744680851,85.14995530127823,0.0,3,2
181,0.5,0.5006790348108512,0.0006790348108511868,126,0.4921875,1,0.02861728951331763,0.02715029036004646,0.9955698932575497,0.49556989325754974,254,0.9921875,1,0.046513318668006905,0.04839595744680851,62.535723889437534,0.0,3,2
181,0.6,0.6039538235939937,0.003953823593993766,153,0.59765625,1,0.0323922331631349,0.032209426229508197,0.9955698932575497,0.39556989325754977,254,0.9921875,1,0.046513318668006905,0.04839595744680851,43.594047479699526,0.0,3,2
181,0.7,0.7017351391408401,0.001735139140840114,179,0.69921875,1,0.03602736408518116,0.036170468750000004,0.9955698932575497,0.2955698932575498,254,0.9921875,1,0.046513318668006905,0.04839595744680851,29.105528114777755,0.0,3,2
181,0.8,0.8046990741592355,0.004699074159235428,206,0.8046875,1,0.039802307734998425,0.039936572438162544,0.9955698932575497,0.1955698932575497,254,0.9921875,1,0.046513318668006905,0.04839595744680851,16.860858867003437,0.0,3,2
181,0.85,0.8519497976518514,0.001949797651851437,220,0.859375,1,0.04175968592379257,0.04211292134831461,0.9955698932575497,0.14556989325754977,254,0.9921875,1,0.046513318668006905,0.04839595744680851,11.383305786564723,0.0,3,2
181,0.9,0.9016696668088503,0.0016696668088502786,230,0.8984375,1,0.043157813201502665,0.04402826510721248,0.9955698932575497,0.09556989325754972,254,0.9921875,1,0.046513318668006905,0.04839595744680851,7.774966379407311,0.0,3,2
181,0.95,0.9566680656902066,0.006668065690206615,244,0.953125,1,0.04511519139029681,0.046086858316221765,0.9955698932575497,0.04556989325754979,254,0.9921875,1,0.046513318668006905,0.04839595744680851,3.099016616409167,0.0,3,2
181,0.97,0.9737186825435208,0.0037186825435208126,250,0.9765625,1,0.045954067756922866,0.04733333333333334,0.9955698932575497,0.02556989325754977,254,0.9921875,1,0.046513318668006905,0.04839595744680851,1.2169780356381832,0.0,3,2
181,0.99,0.9955698932575503,0.005569893257550307,254,0.9921875,1,0.046513318668006905,0.04839595744680851,0.9955698932575497,0.005569893257549752,254,0.9921875,1,0.046513318668006905,0.04839595744680851,0.0,0.0,3,2
182,0.1,0.10009050754129072,9.050754129071026e-05,15,0.05859375,1,0.013098076730735523,0.014725624391826144,0.9954453491151981,0.8954453491151981,254,0.9921875,1,0.046513318668006905,0.04839595744680851,255.11563738865766,0.0,4,2
182,0.2,0.20296040790216452,0.002960407902164508,41,0.16015625,1,0.016733207652781783,0.01797626236335242,0.9954453491151981,0.795445349115198,254,0.9921875,1,0.046513318668006905,0.04839595744680851,177.97012762388314,0.0,4,2
182,0.3,0.30032296971910005,0.00032296971910006356,66,0.2578125,1,0.020228525847057033,0.02009113475177305,0.9954453491151981,0.6954453491151982,254,0.9921875,1,0.046513318668006905,0.04839595744680851,129.93924035633046,0.0,4,2
182,0.4,0.40063334972276565,0.0006333497227656304,92,0.359375,1,0.023863656769103292,0.02210280542986425,0.9954453491151981,0.5954453491151981,254,0.9921875,1,0.046513318668006905,0.04839595744680851,94.91278775107317,0.0,4,2
182,0.5,0.5042532808139121,0.004253280813912075,119,0.46484375,1,0.027638600418920557,0.026446674057649666,0.9954453491151981,0.4954453491151981,254,0.9921875,1,0.046513318668006905,0.04839595744680851,68.29115064800924,0.0,4,2
182,0.6,0.6010697239593268,0.001069723959326807,144,0.5625,1,0.03113391861319581,0.02980935064935065,0.9954453491151981,0.39544534911519813,254,0.9921875,1,0.046513318668006905,0.04839595744680851,49.39757261488018,0.0,4,2
182,0.7,0.7026241727260971,0.0026241727260971626,173,0.67578125,1,0.0351884877185551,0.03480166919575114,0.9954453491151981,0.29544534911519815,254,0.9921875,1,0.046513318668006905,0.04839595744680851,32.183340869974785,0.0,4,2
182,0.8,0.8011338390039527,0.0011338390039526969,199,0.77734375,1,0.03882361864060136,0.03939914383561644,0.9954453491151981,0.19544534911519806,254,0.9921875,1,0.046513318668006905,0.04839595744680851,19.806757578655308,0.0,4,2
182,0.85,0.8534286574233511,0.003428657423351078,213,0.83203125,1,0.0407809968293955,0.04163018181818182,0.9954453491151981,0.14544534911519813,254,0.9921875,1,0.046513318668006905,0.04839595744680851,14.056355372067486,0.0,4,2
182,0.9,0.9043431264790492,0.00434312647904922,228,0.890625,1,0.042878187745960646,0.04490405405405405,0.9954453491151981,0.09544534911519809,254,0.9921875,1,0.046513318668006905,0.04839595744680851,8.477809145254067,0.0,4,2
182,0.95,0.9533247273883704,0.0033247273883704187,241,0.94140625,1,0.044695753206983775,0.04639878048780488,0.9954453491151981,0.04544534911519815,254,0.9921875,1,0.046513318668006905,0.04839595744680851,4.066528317815954,0.0,4,2
182,0.97,0.9709258009320051,0.0009258009320051164,247,0.96484375,1,0.04553462957360983,0.04780103734439834,0.9954453491151981,0.025445349115198135,254,0.9921875,1,0.046513318668006905,0.04839595744680851,2.1493292106724127,0.0,4,2
182,0.99,0.99204769853706,0.0020476985370599943,253,0.98828125,1,0.04637350594023589,0.04783099787685775,0.9954453491151981,0.005445349115198117,254,0.9921875,1,0.046513318668006905,0.04839595744680851,0.3014926841011345,0.0,4,2
183,0.1,0.10001506821831757,1.506821831756544e-05,18,0.0703125,1,0.013517514914048553,0.014918147120055517,0.9749160498663757,0.8749160498663757,245,0.95703125,1,0.045255004118067814,0.04686082474226804,234.78789855844698,0.0,6,2
183,0.2,0.2005424285809534,0.0005424285809533802,42,0.1640625,1,0.016873020380552793,0.01772222808870116,0.9749160498663757,0.7749160498663756,245,0.95703125,1,0.045255004118067814,0.04686082474226804,168.20926601989424,0.0,6,2
183,0.3,0.30135477646731734,0.0013547764673173535,67,0.26171875,1,0.02036833857482804,0.020534767025089606,0.9749160498663757,0.6749160498663758,245,0.95703125,1,0.045255004118067814,0.04686082474226804,122.18309044604969,0.0,6,2
183,0.4,0.4000906971390275,9.069713902748466e-05,91,0.35546875,1,0.02372384404133228,0.022570736086175942,0.9749160498663757,0.5749160498663757,245,0.95703125,1,0.045255004118067814,0.04686082474226804,90.7574676313982,0.0,6,2
183,0.5,0.5019809889248743,0.001980988924874305,116,0.453125,1,0.02721916223560753,0.02512554347826087,0.9749160498663757,0.4749160498663757,245,0.95703125,1,0.045255004118067814,0.04686082474226804,66.26156134543398,0.0,6,2
183,0.6,0.6013700259532445,0.0013700259532445358,146,0.5703125,1,0.03141354406873783,0.029954461942257222,0.9749160498663757,0.3749160498663757,245,0.95703125,1,0.045255004118067814,0.04686082474226804,44.062077233446395,0.0,6,2
183,0.7,0.7016957907943082,0.0016957907943082606,176,0.6875,1,0.03560792590186813,0.03554692307692307,0.9749160498663757,0.27491604986637574,245,0.95703125,1,0.045255004118067814,0.04686082474226804,27.09250250291484,0.0,6,2
183,0.8,0.8023130316480077,0.0023130316480076685,202,0.7890625,1,0.039243056823914386,0.039569791666666666,0.9749160498663757,0.17491604986637566,245,0.95703125,1,0.045255004118067814,0.04686082474226804,15.319773179569939,0.0,6,2
183,0.85,0.8535181739725582,0.0035181739725582695,215,0.83984375,1,0.041060622284937516,0.0420308256880734,0.9749160498663757,0.12491604986637572,245,0.95703125,1,0.045255004118067814,0.04686082474226804,10.215095631097991,0.0,6,2
183,0.9,0.9014407508917077,0.0014407508917076983,227,0.88671875,1,0.04273837501818963,0.04437192307692307,0.9749160498663757,0.07491604986637568,245,0.95703125,1,0.045255004118067814,0.04686082474226804,5.888452939090683,0.0,6,2
183,0.95,0.9508931585950895,0.0008931585950895382,239,0.93359375,1,0.044416127751441756,0.04510987903225806,0.9749160498663757,0.024916049866375745,245,0.95703125,1,0.045255004118067814,0.04686082474226804,1.8886751481815622,0.0,6,2
183,0.97,0.9707380098925107,0.0007380098925107159,244,0.953125,1,0.04511519139029681,0.046086858316221765,0.9749160498663757,0.004916049866375727,245,0.95703125,1,0.045255004118067814,0.04686082474226804,0.30990166164091004,0.0,6,2
183,0.99,0.9912253020491348,0.0012253020491348465,251,0.98046875,1,0.04609388048469387,0.04799157894736842,0.9912253020491351,0.0012253020491350686,251,0.98046875,1,0.04609388048469387,0.04799157894736842,0.0,0.0,6,2
184,0.1,0.10301199629860182,0.003011996298601813,18,0.0703125,1,0.013517514914048553,0.014918147120055517,0.9774943794551962,0.8774943794551963,248,0.96875,1,0.045674442301380846,0.04718708333333334,237.8908223279419,0.0,3,2
184,0.2,0.204032197744158,0.004032197744158,44,0.171875,1,0.017152645836094813,0.017583269961977187,0.9774943794551962,0.7774943794551963,248,0.96875,1,0.045674442301380846,0.04718708333333334,166.28219773107418,0.0,3,2
184,0.3,0.3018707891871558,0.0018707891871558302,69,0.26953125,1,0.020647964030370062,0.02049846378931968,0.9774943794551962,0.6774943794551962,248,0.96875,1,0.045674442301380846,0.04718708333333334,121.20554953602488,0.0,3,2
184,0.4,0.4019001407811767,0.0019001407811766735,93,0.36328125,1,0.0240034694968743,0.022591232876712327,0.9774943794551962,0.5774943794551962,248,0.96875,1,0.045674442301380846,0.04718708333333334,90.28266854226432,0.0,3,2
184,0.5,0.5017044770083516,0.0017044770083516347,118,0.4609375,1,0.02749878769114955,0.02632202643171806,0.9774943794551962,0.47749437945519624,248,0.96875,1,0.045674442301380846,0.04718708333333334,66.09620327401235,0.0,3,2
184,0.6,0.6027792332132456,0.00277923321324558,147,0.57421875,1,0.031553356796508836,0.0300998678996037,0.9774943794551962,0.37749437945519626,248,0.96875,1,0.045674442301380846,0.04718708333333334,44.75303719962503,0.0,3,2
184,0.7,0.7049752672278687,0.004975267227868785,173,0.67578125,1,0.0351884877185551,0.03480166919575114,0.9774943794551962,0.2774943794551963,248,0.96875,1,0.045674442301380846,0.04718708333333334,29.79938969442111,0.0,3,2
184,0.8,0.8015267826050785,0.001526782605078436,198,0.7734375,1,0.03868380591283035,0.03888293515358362,0.9774943794551962,0.1774943794551962,248,0.96875,1,0.045674442301380846,0.04718708333333334,18.071221855220564,0.0,3,2
184,0.85,0.8511380245491276,0.001138024549127592,213,0.83203125,1,0.0407809968293955,0.04163018181818182,0.9774943794551962,0.12749437945519626,248,0.96875,1,0.045674442301380846,0.04718708333333334,11.999327756642986,0.0,3,2
184,0.9,0.9012311185233574,0.001231118523357333,227,0.88671875,1,0.04273837501818963,0.04437192307692307,0.9774943794551962,0.07749437945519622,248,0.96875,1,0.045674442301380846,0.04718708333333334,6.869861762272467,0.0,3,2
184,0.95,0.9522127807540215,0.002212780754021537,242,0.9453125,1,0.04483556593475478,0.046679633401222,0.9774943794551962,0.027494379455196283,248,0.96875,1,0.045674442301380846,0.04718708333333334,1.8710065305003853,0.0,3,2
184,0.97,0.9715228513341023,0.0015228513341023486,246,0.9609375,1,0.04539481684583883,0.04721863354037267,0.9774943794551962,0.007494379455196265,248,0.96875,1,0.045674442301380846,0.04718708333333334,0.6159854251458485,0.0,3,2
184,0.99,0.9906502057739875,0.0006502057739875555,253,0.98828125,1,0.04637350594023589,0.04783099787685775,1.0,0.010000000000000009,256,1.0,1,0.046792944123548924,0.048613400368694486,0.9044780523033591,0.0,3,2
185,0.1,0.10170713914739651,0.001707139147396508,16,0.0625,1,0.013237889458506534,0.014520079654829075,0.9903873071882331,0.8903873071882331,250,0.9765625,1,0.045954067756922866,0.04733333333333334,247.14044033199906,0.0,3,2
185,0.2,0.202789889244733,0.0027898892447330015,41,0.16015625,1,0.016733207652781783,0.01797626236335242,0.9903873071882331,0.790387307188233,250,0.9765625,1,0.045954067756922866,0.04733333333333334,174.62796560277738,0.0,3,2
185,0.3,0.30385420008565284,0.003854200085652848,66,0.2578125,1,0.020228525847057033,0.02009113475177305,0.9903873071882331,0.6903873071882332,250,0.9765625,1,0.045954067756922866,0.04733333333333334,127.17457566789791,0.0,3,2
185,0.4,0.40272780881962067,0.0027278088196206474,96,0.375,1,0.02442290768018733,0.022693451824134705,0.9903873071882331,0.5903873071882331,250,0.9765625,1,0.045954067756922866,0.04733333333333334,88.15969154320771,0.0,3,2
185,0.5,0.5056949130906087,0.005694913090608655,118,0.4609375,1,0.02749878769114955,0.02632202643171806,0.9903873071882331,0.4903873071882331,250,0.9765625,1,0.045954067756922866,0.04733333333333334,67.1130679397664,0.0,3,2
185,0.6,0.6039097973162897,0.003909797316289709,142,0.5546875,1,0.03085429315765379,0.030083717948717947,0.9903873071882331,0.3903873071882331,250,0.9765625,1,0.045954067756922866,0.04733333333333334,48.938974301290685,0.0,3,2
185,0.7,0.7011445904854086,0.001144590485408603,167,0.65234375,1,0.03434961135192904,0.03351941176470589,0.9903873071882331,0.29038730718823313,250,0.9765625,1,0.045954067756922866,0.04733333333333334,33.78337031560661,0.0,3,2
185,0.8,0.8044569668666542,0.0044569668666541995,194,0.7578125,1,0.03812455500174631,0.03832177554438861,0.9903873071882331,0.19038730718823305,250,0.9765625,1,0.045954067756922866,0.04733333333333334,20.536666604549026,0.0,3,2
185,0.85,0.8517582297849539,0.0017582297849538797,208,0.8125,1,0.040081933190540445,0.04029536541889483,0.9903873071882331,0.1403873071882331,250,0.9765625,1,0.045954067756922866,0.04733333333333334,14.650327713654976,0.0,3,2
185,0.9,0.9034583048329088,0.003458304832908765,225,0.87890625,1,0.04245874956264761,0.0438043893129771,0.9903873071882331,0.09038730718823307,250,0.9765625,1,0.045954067756922866,0.04733333333333334,8.232268331684933,0.0,3,2
185,0.95,0.9515593669441601,0.0015593669441601454,241,0.94140625,1,0.044695753206983775,0.04639878048780488,0.9903873071882331,0.040387307188233135,250,0.9765625,1,0.045954067756922866,0.04733333333333334,2.815288835411045,0.0,3,2
185,0.97,0.9759394360970007,0.005939436097000761,247,0.96484375,1,0.04553462957360983,0.04780103734439834,0.9903873071882331,0.020387307188233117,250,0.9765625,1,0.045954067756922866,0.04733333333333334,0.92114109028818,0.0,3,2
185,0.99,0.9903873071882331,0.0003873071882330992,250,0.9765625,1,0.045954067756922866,0.04733333333333334,0.9903873071882331,0.0003873071882330992,250,0.9765625,1,0.045954067756922866,0.04733333333333334,0.0,0.0,3,2
186,0.1,0.1034548227883402,0.003454822788340195,19,0.07421875,1,0.013657327641819563,0.015312371499468274,1.0,0.9,256,1.0,1,0.046792944123548924,0.048613400368694486,242.62152414258628,0.0,2,2
186,0.2,0.20457863353442093,0.004578633534420923,47,0.18359375,1,0.01757208401940784,0.018676753393665157,1.0,0.8,256,1.0,1,0.046792944123548924,0.048613400368694486,166.2913748412967,0.0,2,2
186,0.3,0.3026692197907876,0.0026692197907876025,73,0.28515625,1,0.0212072149414541,0.02042172256097561,1.0,0.7,256,1.0,1,0.046792944123548924,0.048613400368694486,120.64634254298979,0.0,2,2
186,0.4,0.4022773005233365,0.0022773005233364674,99,0.38671875,1,0.02484234586350036,0.023348467432950194,1.0,0.6,256,1.0,1,0.046792944123548924,0.048613400368694486,88.35960331870068,0.0,2,2
186,0.5,0.5019777647299052,0.001977764729905185,125,0.48828125,1,0.028477476785546622,0.027028752886836028,1.0,0.5,256,1.0,1,0.046792944123548924,0.048613400368694486,64.31562555885597,0.0,2,2
186,0.6,0.6045401368944023,0.004540136894402358,151,0.58984375,1,0.03211260770759288,0.031588648648648646,1.0,0.4,256,1.0,1,0.046792944123548924,0.048613400368694486,45.715179999178154,0.0,2,2
186,0.7,0.7042791965847844,0.004279196584784484,178,0.6953125,1,0.03588755135741015,0.0360710730948678,1.0,0.30000000000000004,256,1.0,1,0.046792944123548924,0.048613400368694486,30.387675819757497,0.0,2,2
186,0.8,0.8002014737218577,0.0002014737218576368,202,0.7890625,1,0.039243056823914386,0.039569791666666666,1.0,0.19999999999999996,256,1.0,1,0.046792944123548924,0.048613400368694486,19.23878492318085,0.0,2,2
186,0.85,0.8507969160763569,0.0007969160763569016,218,0.8515625,1,0.04148006046825055,0.04183506493506493,1.0,0.15000000000000002,256,1.0,1,0.046792944123548924,0.048613400368694486,12.808283294005651,0.0,2,2
186,0.9,0.9011936246979387,0.001193624697938711,232,0.90625,1,0.043437438657044684,0.04410235294117647,1.0,0.09999999999999998,256,1.0,1,0.046792944123548924,0.048613400368694486,7.724915580306768,0.0,2,2
186,0.95,0.9506310145288905,0.0006310145288905833,246,0.9609375,1,0.04539481684583883,0.04721863354037267,1.0,0.050000000000000044,256,1.0,1,0.046792944123548924,0.048613400368694486,3.0799271257292427,0.0,2,2
186,0.97,0.9730847456023574,0.003084745602357386,251,0.98046875,1,0.04609388048469387,0.04799157894736842,1.0,0.030000000000000027,256,1.0,1,0.046792944123548924,0.048613400368694486,1.5166083469305258,0.0,2,2
186,0.99,0.9909390928717258,0.0009390928717257774,253,0.98828125,1,0.04637350594023589,0.04783099787685775,1.0,0.010000000000000009,256,1.0,1,0.046792944123548924,0.048613400368694486,0.9044780523033591,0.0,2,2
187,0.1,0.10224270228782263,0.002242702287822626,21,0.08203125,1,0.013936953097361583,0.015592276422764229,1.0,0.9,256,1.0,1,0.046792944123548924,0.048613400368694486,235.74730284776044,0.0,2,2
187,0.2,0.20046424446603034,0.000464244466030328,47,0.18359375,1,0.01757208401940784,0.018676753393665157,1.0,0.8,256,1.0,1,0.046792944123548924,0.048613400368694486,166.2913748412967,0.0,2,2
187,0.3,0.3027320047872898,0.002732004787289799,74,0.2890625,1,0.02134702766922511,0.021387076923076922,1.0,0.7,256,1.0,1,0.046792944123548924,0.048613400368694486,119.20121549759295,0.0,2,2
187,0.4,0.40353057417212046,0.0035305741721204376,101,0.39453125,1,0.025121971319042383,0.023577896786757545,1.0,0.6,256,1.0,1,0.046792944123548924,0.048613400368694486,86.26302661240604,0.0,2,2
187,0.5,0.5019779140901367,0.001977914090136701,125,0.48828125,1,0.028477476785546622,0.027028752886836028,1.0,0.5,256,1.0,1,0.046792944123548924,0.048613400368694486,64.31562555885597,0.0,2,2
187,0.6,0.6043708740215847,0.004370874021584759,153,0.59765625,1,0.0323922331631349,0.032209426229508197,1.0,0.4,256,1.0,1,0.046792944123548924,0.048613400368694486,44.45729594464407,0.0,2,2
187,0.7,0.7018251261892221,0.0018251261892221482,178,0.6953125,1,0.03588755135741015,0.0360710730948678,1.0,0.30000000000000004,256,1.0,1,0.046792944123548924,0.048613400368694486,30.387675819757497,0.0,2,2
187,0.8,0.8040328100427503,0.004032810042750246,205,0.80078125,1,0.03966249500722742,0.039896836555360284,1.0,0.19999999999999996,256,1.0,1,0.046792944123548924,0.048613400368694486,17.97781283053972,0.0,2,2
187,0.85,0.8528631825641182,0.0028631825641182163,216,0.84375,1,0.04120043501270853,0.04185874769797422,1.0,0.15000000000000002,256,1.0,1,0.046792944123548924,0.048613400368694486,13.57390791897064,0.0,2,2
187,0.9,0.9034958007955205,0.003495800795520476,229,0.89453125,1,0.04301800047373165,0.04447320388349515,1.0,0.09999999999999998,256,1.0,1,0.046792944123548924,0.048613400368694486,8.775265256976294,0.0,2,2
187,0.95,0.9500723728670547,7.237286705474855e-05,242,0.9453125,1,0.04483556593475478,0.046679633401222,1.0,0.050000000000000044,256,1.0,1,0.046792944123548924,0.048613400368694486,4.365681904500862,0.0,2,2
187,0.97,0.9742209576994053,0.004220957699405337,249,0.97265625,1,0.04581425502915185,0.04799748953974896,1.0,0.030000000000000027,256,1.0,1,0.046792944123548924,0.048613400368694486,2.136210866627275,0.0,2,2
187,0.99,0.9934566963093431,0.003456696309343088,255,0.99609375,1,0.04665313139577791,0.048423504273504274,1.0,0.010000000000000009,256,1.0,1,0.046792944123548924,0.048613400368694486,0.2996856236399781,0.0,2,2
188,0.1,0.10237898080436583,0.0023789808043658267,17,0.06640625,1,0.013377702186277544,0.015339002036659877,0.9152279255718085,0.8152279255718086,224,0.875,1,0.04231893683487661,0.043105703422053235,216.33935518676844,0.0,4,2
188,0.2,0.2068555690486227,0.006855569048622695,41,0.16015625,1,0.016733207652781783,0.01797626236335242,0.9152279255718085,0.7152279255718086,224,0.875,1,0.04231893683487661,0.043105703422053235,152.90391246558977,0.0,4,2
188,0.3,0.30092282750462507,0.0009228275046250789,62,0.2421875,1,0.019669274935972994,0.019521860149355058,0.9152279255718085,0.6152279255718085,224,0.875,1,0.04231893683487661,0.043105703422053235,115.15250039786578,0.0,4,2
188,0.4,0.4031069164661709,0.003106916466170895,91,0.35546875,1,0.02372384404133228,0.022570736086175942,0.9152279255718085,0.5152279255718085,224,0.875,1,0.04231893683487661,0.043105703422053235,78.38144931802573,0.0,4,2
188,0.5,0.504508401945273,0.004508401945273022,112,0.4375,1,0.026659911324523493,0.025773178458289338,0.9152279255718085,0.41522792557180854,224,0.875,1,0.04231893683487661,0.043105703422053235,58.736225037436405,0.0,4,2
188,0.6,0.6004235381625865,0.0004235381625865564,134,0.5234375,1,0.029735791335485706,0.028766992665036673,0.9152279255718085,0.31522792557180856,224,0.875,1,0.04231893683487661,0.043105703422053235,42.31649784404625,0.0,4,2
188,0.7,0.7003187242137721,0.0003187242137721036,168,0.65625,1,0.03448942407970005,0.033354733727810656,0.9152279255718085,0.2152279255718086,224,0.875,1,0.04231893683487661,0.043105703422053235,22.701198886602715,0.0,4,2
188,0.8,0.8032479726274317,0.0032479726274317056,192,0.75,1,0.03784492954620429,0.03774518272425249,0.9152279255718085,0.1152279255718085,224,0.875,1,0.04231893683487661,0.043105703422053235,11.821946406876172,0.0,4,2
188,0.85,0.852859918072419,0.002859918072419032,205,0.80078125,1,0.03966249500722742,0.039896836555360284,0.9152279255718085,0.06522792557180856,224,0.875,1,0.04231893683487661,0.043105703422053235,6.697616544710883,0.0,4,2
188,0.9,0.902759913882443,0.0027599138824430103,220,0.859375,1,0.04175968592379257,0.04211292134831461,0.9152279255718085,0.01522792557180852,224,0.875,1,0.04231893683487661,0.043105703422053235,1.3392124454782106,0.0,4,2
188,0.95,0.951751751645147,0.0017517516451470705,238,0.9296875,1,0.04427631502367074,0.0453425702811245,0.9691201377493195,0.019120137749319532,244,0.953125,1,0.04511519139029681,0.046086858316221765,1.8946390777497824,0.0,4,2
188,0.97,0.9717919350491651,0.0017919350491650832,245,0.95703125,1,0.045255004118067814,0.04686082474226804,1.0,0.030000000000000027,256,1.0,1,0.046792944123548924,0.048613400368694486,3.398386621441274,0.0,4,2
188,0.99,0.9942947946607371,0.004294794660737122,254,0.9921875,1,0.046513318668006905,0.04839595744680851,1.0,0.010000000000000009,256,1.0,1,0.046792944123548924,0.048613400368694486,0.6011728759624191,0.0,4,2
189,0.1,0.11048595368418462,0.010485953684184618,21,0.08203125,1,0.013936953097361583,0.015592276422764229,0.9993260583059245,0.8993260583059245,255,0.99609375,1,0.04665313139577791,0.048423504273504274,234.7441228356423,0.0,3,2
189,0.2,0.20389313164011677,0.0038931316401167593,45,0.17578125,1,0.017292458563865822,0.018111618942731278,0.9993260583059245,0.7993260583059245,255,0.99609375,1,0.04665313139577791,0.048423504273504274,169.7888864297406,0.0,3,2
189,0.3,0.30164745373224333,0.0016474537322433425,70,0.2734375,1,0.02078777675814107,0.020093865484109387,0.9993260583059245,0.6993260583059244,255,0.99609375,1,0.04665313139577791,0.048423504273504274,124.42578606924499,0.0,3,2
189,0.4,0.4038877386777433,0.00388773867774328,98,0.3828125,1,0.02470253313572935,0.023184980988593156,0.9993260583059245,0.5993260583059244,255,0.99609375,1,0.04665313139577791,0.048423504273504274,88.85970576150982,0.0,3,2
189,0.5,0.5087434126616227,0.008743412661622707,122,0.4765625,1,0.02805803860223359,0.026395814479638006,0.9993260583059245,0.49932605830592447,255,0.99609375,1,0.04665313139577791,0.048423504273504274,66.27367314286907,0.0,3,2
189,0.6,0.6007350781072628,0.0007350781072628099,153,0.59765625,1,0.0323922331631349,0.032209426229508197,0.9993260583059245,0.3993260583059245,255,0.99609375,1,0.04665313139577791,0.048423504273504274,44.02567171217178,0.0,3,2
189,0.7,0.7052576235366549,0.005257623536654932,178,0.6953125,1,0.03588755135741015,0.0360710730948678,0.9993260583059245,0.2993260583059245,255,0.99609375,1,0.04665313139577791,0.048423504273504274,29.998090232324692,0.0,3,2
189,0.8,0.8034976388408247,0.0034976388408246573,204,0.796875,1,0.039522682279456406,0.039092994746059546,0.9993260583059245,0.19932605830592443,255,0.99609375,1,0.04665313139577791,0.048423504273504274,18.04140990711012,0.0,3,2
189,0.85,0.8510987166309266,0.0010987166309266438,213,0.83203125,1,0.0407809968293955,0.04163018181818182,0.9993260583059245,0.1493260583059245,255,0.99609375,1,0.04665313139577791,0.048423504273504274,14.399193307971569,0.0,3,2
189,0.9,0.9030981724046057,0.003098172404605637,227,0.88671875,1,0.04273837501818963,0.04437192307692307,0.9993260583059245,0.09932605830592445,255,0.99609375,1,0.04665313139577791,0.048423504273504274,9.159815683029926,0.0,3,2
189,0.95,0.950662922032987,0.0006629220329870122,243,0.94921875,1,0.044975378662525795,0.046523312883435586,0.9993260583059245,0.049326058305924514,255,0.99609375,1,0.04665313139577791,0.048423504273504274,3.730380450693227,0.0,3,2
189,0.97,0.973908926215297,0.003908926215297037,248,0.96875,1,0.045674442301380846,0.04718708333333334,0.9993260583059245,0.029326058305924496,255,0.99609375,1,0.04665313139577791,0.048423504273504274,2.142749960556123,0.0,3,2
189,0.99,0.9940636466775429,0.004063646677542887,254,0.9921875,1,0.046513318668006905,0.04839595744680851,0.9993260583059245,0.009326058305924478,255,0.99609375,1,0.04665313139577791,0.048423504273504274,0.30058643798120954,0.0,3,2
190,0.1,0.1030100477492496,0.0030100477492495947,19,0.07421875,1,0.013657327641819563,0.015312371499468274,0.9962005052907008,0.8962005052907008,254,0.9921875,1,0.046513318668006905,0.04839595744680851,240.574085120286,0.0,3,2
190,0.2,0.2016383341644881,0.0016383341644880811,44,0.171875,1,0.017152645836094813,0.017583269961977187,0.9962005052907008,0.7962005052907009,254,0.9921875,1,0.046513318668006905,0.04839595744680851,171.1728506055175,0.0,3,2
190,0.3,0.30135702560428185,0.0013570256042818585,68,0.265625,1,0.020508151302599052,0.019579362780593773,0.9962005052907008,0.6962005052907008,254,0.9921875,1,0.046513318668006905,0.04839595744680851,126.80405455226062,0.0,3,2
190,0.4,0.4007256141806694,0.0007256141806693539,93,0.36328125,1,0.0240034694968743,0.022591232876712327,0.9962005052907008,0.5962005052907008,254,0.9921875,1,0.046513318668006905,0.04839595744680851,93.77748151809388,0.0,3,2
190,0.5,0.5015574800151396,0.0015574800151395563,119,0.46484375,1,0.027638600418920557,0.026446674057649666,0.9962005052907008,0.4962005052907008,254,0.9921875,1,0.046513318668006905,0.04839595744680851,68.29115064800924,0.0,3,2
190,0.6,0.6048692616006689,0.004869261600668917,145,0.56640625,1,0.031273731340966816,0.030195300261096607,0.9962005052907008,0.39620050529070083,254,0.9921875,1,0.046513318668006905,0.04839595744680851,48.72967399025101,0.0,3,2
190,0.7,0.7001492082663013,0.00014920826630138162,175,0.68359375,1,0.03546811317409712,0.035867534456355286,0.9962005052907008,0.29620050529070086,254,0.9921875,1,0.046513318668006905,0.04839595744680851,31.141226598927908,0.0,3,2
190,0.8,0.8014926102999115,0.0014926102999114343,203,0.79296875,1,0.0393828695516854,0.03993362369337979,0.9962005052907008,0.19620050529070077,254,0.9921875,1,0.046513318668006905,0.04839595744680851,18.105458534360032,0.0,3,2
190,0.85,0.8534338058150474,0.003433805815047375,216,0.84375,1,0.04120043501270853,0.04185874769797422,0.9962005052907008,0.14620050529070083,254,0.9921875,1,0.046513318668006905,0.04839595744680851,12.895212523022103,0.0,3,2
190,0.9,0.9011554282006053,0.001155428200605324,228,0.890625,1,0.042878187745960646,0.04490405405405405,0.9962005052907008,0.09620050529070079,254,0.9921875,1,0.046513318668006905,0.04839595744680851,8.477809145254067,0.0,3,2
190,0.95,0.9503385129701063,0.0003385129701063416,240,0.9375,1,0.04455594047921276,0.04549817813765182,0.9962005052907008,0.046200505290700855,254,0.9921875,1,0.046513318668006905,0.04839595744680851,4.393080176833752,0.0,3,2
190,0.97,0.9735691425708423,0.0035691425708422875,247,0.96484375,1,0.04553462957360983,0.04780103734439834,0.9962005052907008,0.026200505290700837,254,0.9921875,1,0.046513318668006905,0.04839595744680851,2.1493292106724127,0.0,3,2
190,0.99,0.9925546098941104,0.0025546098941103823,253,0.98828125,1,0.04637350594023589,0.04783099787685775,0.9962005052907008,0.00620050529070082,254,0.9921875,1,0.046513318668006905,0.04839595744680851,0.3014926841011345,0.0,3,2
191,0.1,0.1046697663720499,0.004669766372049897,16,0.0625,1,0.013237889458506534,0.014520079654829075,0.9883120599523358,0.8883120599523359,250,0.9765625,1,0.045954067756922866,0.04733333333333334,247.14044033199906,0.0,5,2
191,0.2,0.20081361657477734,0.0008136165747773261,42,0.1640625,1,0.016873020380552793,0.01772222808870116,0.9883120599523358,0.7883120599523359,250,0.9765625,1,0.045954067756922866,0.04733333333333334,172.3523513898424,0.0,5,2
191,0.3,0.30751218736203095,0.007512187362030964,69,0.26953125,1,0.020647964030370062,0.02049846378931968,0.9883120599523358,0.6883120599523358,250,0.9765625,1,0.045954067756922866,0.04733333333333334,122.55980148614807,0.0,5,2
191,0.4,0.40304735792188534,0.0030473579218853186,98,0.3828125,1,0.02470253313572935,0.023184980988593156,0.9883120599523358,0.5883120599523358,250,0.9765625,1,0.045954067756922866,0.04733333333333334,86.02977882642988,0.0,5,2
191,0.5,0.5020353379215068,0.0020353379215067857,123,0.48046875,1,0.028197851330004603,0.02735512528473804,0.9883120599523358,0.48831205995233584,250,0.9765625,1,0.045954067756922866,0.04733333333333334,62.97010442077313,0.0,5,2
191,0.6,0.607077449024236,0.0070774490242360155,151,0.58984375,1,0.03211260770759288,0.031588648648648646,0.9883120599523358,0.38831205995233586,250,0.9765625,1,0.045954067756922866,0.04733333333333334,43.10288399922513,0.0,5,2
191,0.7,0.7042647607564744,0.004264760756474417,175,0.68359375,1,0.03546811317409712,0.035867534456355286,0.9883120599523358,0.2883120599523359,250,0.9765625,1,0.045954067756922866,0.04733333333333334,29.564455631893583,0.0,5,2
191,0.8,0.8021451492729118,0.0021451492729117616,201,0.78515625,1,0.03910324409614338,0.039963385146804836,0.9883120599523358,0.1883120599523358,250,0.9765625,1,0.045954067756922866,0.04733333333333334,17.519834528141253,0.0,5,2
191,0.85,0.8500225184041363,2.2518404136362413e-05,212,0.828125,1,0.04064118410162449,0.04085869565217391,0.9883120599523358,0.13831205995233586,250,0.9765625,1,0.045954067756922866,0.04733333333333334,13.072659600698033,0.0,5,2
191,0.9,0.9035929009103701,0.0035929009103701226,227,0.88671875,1,0.04273837501818963,0.04437192307692307,0.9883120599523358,0.08831205995233582,250,0.9765625,1,0.045954067756922866,0.04733333333333334,7.524134311060315,0.0,5,2
191,0.95,0.9522153364075948,0.002215336407594859,239,0.93359375,1,0.044416127751441756,0.04510987903225806,0.9883120599523358,0.038312059952335886,250,0.9765625,1,0.045954067756922866,0.04733333333333334,3.4625711049995456,0.0,5,2
191,0.97,0.9716506501095434,0.0016506501095434611,245,0.95703125,1,0.045255004118067814,0.04686082474226804,0.9883120599523358,0.01831205995233587,250,0.9765625,1,0.045954067756922866,0.04733333333333334,1.5447211915642134,0.0,5,2
191,0.99,0.9900405831749328,4.0583174932828925e-05,251,0.98046875,1,0.04609388048469387,0.04799157894736842,0.9932974940698399,0.0032974940698399235,252,0.984375,1,0.046233693212464885,0.047364904862579285,0.30332166938611405,0.0,5,2
192,0.1,0.1020249407339475,0.002024940733947489,17,0.06640625,1,0.013377702186277544,0.015339002036659877,0.9787074805527262,0.8787074805527262,245,0.95703125,1,0.045255004118067814,0.04686082474226804,238.28682600281738,0.0,8,3
192,0.2,0.20499281339705583,0.0049928133970558175,40,0.15625,1,0.016593394925010774,0.017043641025641026,0.9787074805527262,0.7787074805527261,245,0.95703125,1,0.045255004118067814,0.04686082474226804,172.7290245461233,0.0,8,3
192,0.3,0.3025309475467156,0.002530947546715623,62,0.2421875,1,0.019669274935972994,0.019521860149355058,0.9787074805527262,0.6787074805527262,245,0.95703125,1,0.045255004118067814,0.04686082474226804,130.0796763753669,0.0,8,3
192,0.4,0.4051096006991101,0.005109600699110095,93,0.36328125,1,0.0240034694968743,0.022591232876712327,0.9787074805527262,0.5787074805527261,245,0.95703125,1,0.045255004118067814,0.04686082474226804,88.53526205434952,0.0,8,3
192,0.5,0.5007883397899779,0.0007883397899779432,116,0.453125,1,0.02721916223560753,0.02512554347826087,0.9787074805527262,0.47870748055272616,245,0.95703125,1,0.045255004118067814,0.04686082474226804,66.26156134543398,0.0,8,3
192,0.6,0.6050763920675193,0.005076392067519309,143,0.55859375,1,0.030994105885424797,0.030185419354838712,0.9787074805527262,0.3787074805527262,245,0.95703125,1,0.045255004118067814,0.04686082474226804,46.011645844409756,0.0,8,3
192,0.7,0.7013635018705043,0.00136350187050438,172,0.671875,1,0.03504867499078409,0.03383906485671191,0.9787074805527262,0.2787074805527262,245,0.95703125,1,0.045255004118067814,0.04686082474226804,29.12044215642229,0.0,8,3
192,0.8,0.8012179663007707,0.0012179663007706454,197,0.76953125,1,0.038543993185059335,0.03893089983022071,0.9787074805527262,0.17870748055272612,245,0.95703125,1,0.045255004118067814,0.04686082474226804,17.411301680101587,0.0,8,3
192,0.85,0.8571805473922075,0.007180547392207526,211,0.82421875,1,0.04050137137385348,0.040935559566787,0.9787074805527262,0.12870748055272618,245,0.95703125,1,0.045255004118067814,0.04686082474226804,11.736967374105124,0.0,8,3
192,0.9,0.900725103739659,0.0007251037396589499,223,0.87109375,1,0.042179124107105594,0.04327405303030303,0.9787074805527262,0.07870748055272614,245,0.95703125,1,0.045255004118067814,0.04686082474226804,7.292422676088828,0.0,8,3
192,0.95,0.9506573606117189,0.000657360611718949,237,0.92578125,1,0.044136502295899736,0.0458994,0.9787074805527262,0.028707480552726206,245,0.95703125,1,0.045255004118067814,0.04686082474226804,2.534187722147574,0.0,8,3
192,0.97,0.9715739177072942,0.0015739177072942034,244,0.953125,1,0.04511519139029681,0.046086858316221765,0.9787074805527262,0.008707480552726188,245,0.95703125,1,0.045255004118067814,0.04686082474226804,0.30990166164091004,0.0,8,3
192,0.99,0.9907810498640771,0.0007810498640771213,250,0.9765625,1,0.045954067756922866,0.04733333333333334,0.9963954702765643,0.006395470276564286,253,0.98828125,1,0.04637350594023589,0.04783099787685775,0.9127335267286263,0.0,8,3
193,0.1,0.1011279841890868,0.0011279841890868003,19,0.07421875,1,0.013657327641819563,0.015312371499468274,0.974641006838785,0.874641006838785,242,0.9453125,1,0.04483556593475478,0.046679633401222,228.28945098648413,0.0,5,2
193,0.2,0.20031165502370413,0.000311655023704116,44,0.171875,1,0.017152645836094813,0.017583269961977187,0.974641006838785,0.774641006838785,242,0.9453125,1,0.04483556593475478,0.046679633401222,161.39154485663076,0.0,5,2
193,0.3,0.3039277694768793,0.003927769476879284,66,0.2578125,1,0.020228525847057033,0.02009113475177305,0.974641006838785,0.6746410068387849,242,0.9453125,1,0.04483556593475478,0.046679633401222,121.64524629103278,0.0,5,2
193,0.4,0.4026715838729082,0.0026715838729081676,94,0.3671875,1,0.02414328222464531,0.022798618784530385,0.974641006838785,0.5746410068387849,242,0.9453125,1,0.04483556593475478,0.046679633401222,85.70617498306387,0.0,5,2
193,0.5,0.5021467178199354,0.002146717819935362,120,0.46875,1,0.02777841314669157,0.02587689732142857,0.974641006838785,0.47464100683878496,242,0.9453125,1,0.04483556593475478,0.046679633401222,61.40434551818426,0.0,5,2
193,0.6,0.6019844637631273,0.001984463763127331,144,0.5625,1,0.03113391861319581,0.02980935064935065,0.974641006838785,0.374641006838785,242,0.9453125,1,0.04483556593475478,0.046679633401222,44.00874651143869,0.0,5,2
193,0.7,0.7003996838963201,0.00039968389632016876,173,0.67578125,1,0.0351884877185551,0.03480166919575114,0.974641006838785,0.274641006838785,242,0.9453125,1,0.04483556593475478,0.046679633401222,27.415438518867408,0.0,5,2
193,0.8,0.8038438282993483,0.003843828299348262,201,0.78515625,1,0.03910324409614338,0.039963385146804836,0.974641006838785,0.17464100683878492,242,0.9453125,1,0.04483556593475478,0.046679633401222,14.659453380689612,0.0,5,2
193,0.85,0.851083495894857,0.0010834958948570117,215,0.83984375,1,0.041060622284937516,0.0420308256880734,0.974641006838785,0.12464100683878498,242,0.9453125,1,0.04483556593475478,0.046679633401222,9.193586067988191,0.0,5,2
193,0.9,0.9017904559178275,0.0017904559178274493,226,0.8828125,1,0.042598562290418626,0.0439360153256705,0.974641006838785,0.07464100683878494,242,0.9453125,1,0.04483556593475478,0.046679633401222,5.251359492100294,0.0,5,2
193,0.95,0.9529533962881609,0.0029533962881609366,237,0.92578125,1,0.044136502295899736,0.0458994,0.974641006838785,0.024641006838785007,242,0.9453125,1,0.04483556593475478,0.046679633401222,1.5838673263422365,0.0,5,2
193,0.97,0.971245393021506,0.0012453930215060582,241,0.94140625,1,0.044695753206983775,0.04639878048780488,0.974641006838785,0.004641006838784989,242,0.9453125,1,0.04483556593475478,0.046679633401222,0.3128098706012272,0.0,5,2
193,0.99,0.9922832542763386,0.0022832542763385755,250,0.9765625,1,0.045954067756922866,0.04733333333333334,0.9947186348559489,0.004718634855948922,251,0.98046875,1,0.04609388048469387,0.04799157894736842,0.3042445089095347,0.0,5,2
194,0.1,0.1040311180356236,0.004031118035623588,18,0.0703125,1,0.013517514914048553,0.014918147120055517,0.9819829952275532,0.8819829952275532,247,0.96484375,1,0.04553462957360983,0.04780103734439834,236.8565144047769,0.0,4,2
194,0.2,0.20407587164477822,0.004075871644778212,39,0.15234375,1,0.01645358219723976,0.017378827690752906,0.9819829952275532,0.7819829952275532,247,0.96484375,1,0.04553462957360983,0.04780103734439834,176.74599383743126,0.0,4,2
194,0.3,0.30150700843940015,0.0015070084394001593,71,0.27734375,1,0.02092758948591208,0.020301941747572817,0.9819829952275532,0.6819829952275531,247,0.96484375,1,0.04553462957360983,0.04780103734439834,117.5818175536298,0.0,4,2
194,0.4,0.4001467965723454,0.0001467965723453979,92,0.359375,1,0.023863656769103292,0.02210280542986425,0.9819829952275532,0.5819829952275531,247,0.96484375,1,0.04553462957360983,0.04780103734439834,90.8116179099774,0.0,4,2
194,0.5,0.5001993559710903,0.00019935597109033143,118,0.4609375,1,0.02749878769114955,0.02632202643171806,0.9819829952275532,0.48198299522755317,247,0.96484375,1,0.04553462957360983,0.04780103734439834,65.58777094113533,0.0,4,2
194,0.6,0.6030718351175697,0.003071835117569699,144,0.5625,1,0.03113391861319581,0.02980935064935065,0.9819829952275532,0.3819829952275532,247,0.96484375,1,0.04553462957360983,0.04780103734439834,46.25409072120596,0.0,4,2
194,0.7,0.7014117727139424,0.0014117727139424385,179,0.69921875,1,0.03602736408518116,0.036170468750000004,0.9819829952275532,0.2819829952275532,247,0.96484375,1,0.04553462957360983,0.04780103734439834,26.389012157398483,0.0,4,2
194,0.8,0.802553089348825,0.0025530893488249218,207,0.80859375,1,0.03994212046276944,0.040131205673758864,0.9819829952275532,0.18198299522755312,247,0.96484375,1,0.04553462957360983,0.04780103734439834,14.001532833123488,0.0,4,2
194,0.85,0.8505566921710154,0.0005566921710153938,218,0.8515625,1,0.04148006046825055,0.04183506493506493,0.9819829952275532,0.1319829952275532,247,0.96484375,1,0.04553462957360983,0.04780103734439834,9.774742513846402,0.0,4,2
194,0.9,0.9036205322770207,0.0036205322770206383,228,0.890625,1,0.042878187745960646,0.04490405405405405,0.9819829952275532,0.08198299522755315,247,0.96484375,1,0.04553462957360983,0.04780103734439834,6.195322067685649,0.0,4,2
194,0.95,0.9538371368678227,0.0038371368678227213,239,0.93359375,1,0.044416127751441756,0.04510987903225806,0.9819829952275532,0.03198299522755321,247,0.96484375,1,0.04553462957360983,0.04780103734439834,2.5182335309087645,0.0,4,2
194,0.97,0.9719518582222151,0.0019518582222151082,244,0.953125,1,0.04511519139029681,0.046086858316221765,0.9819829952275532,0.011982995227553195,247,0.96484375,1,0.04553462957360983,0.04780103734439834,0.9297049849227523,0.0,4,2
194,0.99,0.9910598281696615,0.0010598281696615475,252,0.984375,1,0.046233693212464885,0.047364904862579285,0.9985944605566165,0.008594460556616501,254,0.9921875,1,0.046513318668006905,0.04839595744680851,0.6048088225550474,0.0,4,2
195,0.1,0.11017358682130068,0.010173586821300679,20,0.078125,1,0.013797140369590573,0.014549891383055758,0.993121259558665,0.8931212595586651,253,0.98828125,1,0.04637350594023589,0.04783099787685775,236.1095466017355,0.0,4,2
195,0.2,0.20100302364339825,0.0010030236433982431,46,0.1796875,1,0.017432271291636832,0.018484486607142858,0.993121259558665,0.793121259558665,253,0.98828125,1,0.04637350594023589,0.04783099787685775,166.0210202355196,0.0,4,2
195,0.3,0.3026154598353136,0.0026154598353136382,71,0.27734375,1,0.02092758948591208,0.020301941747572817,0.993121259558665,0.6931212595586651,253,0.98828125,1,0.04637350594023589,0.04783099787685775,121.59028860659444,0.0,4,2
195,0.4,0.40404559604044643,0.004045596040446409,96,0.375,1,0.02442290768018733,0.022693451824134705,0.993121259558665,0.593121259558665,253,0.98828125,1,0.04637350594023589,0.04783099787685775,89.87708813171173,0.0,4,2
195,0.5,0.5012633152008241,0.0012633152008241222,122,0.4765625,1,0.02805803860223359,0.026395814479638006,0.993121259558665,0.49312125955866504,253,0.98828125,1,0.04637350594023589,0.04783099787685775,65.27707655425449,0.0,4,2
195,0.6,0.600742950719629,0.000742950719629043,148,0.578125,1,0.03169316952427985,0.029753917662682604,0.993121259558665,0.39312125955866506,253,0.98828125,1,0.04637350594023589,0.04783099787685775,46.32019023755125,0.0,4,2
195,0.7,0.700143548555515,0.00014354855551501622,173,0.67578125,1,0.0351884877185551,0.03480166919575114,0.993121259558665,0.2931212595586651,253,0.98828125,1,0.04637350594023589,0.04783099787685775,31.786015674049175,0.0,4,2
195,0.8,0.8009526863084813,0.0009526863084812209,206,0.8046875,1,0.039802307734998425,0.039936572438162544,0.993121259558665,0.193121259558665,253,0.98828125,1,0.04637350594023589,0.04783099787685775,16.509590973940867,0.0,4,2
195,0.85,0.8520307560372421,0.0020307560372421207,217,0.84765625,1,0.041340247740479535,0.041725878003696856,0.993121259558665,0.14312125955866506,253,0.98828125,1,0.04637350594023589,0.04783099787685775,12.175200863220503,0.0,4,2
195,0.9,0.9041030504629384,0.004103050462938351,231,0.90234375,1,0.04329762592927368,0.044601562500000004,0.993121259558665,0.09312125955866501,253,0.98828125,1,0.04637350594023589,0.04783099787685775,7.104038489284936,0.0,4,2
195,0.95,0.9521169968934342,0.002116996893434253,241,0.94140625,1,0.044695753206983775,0.04639878048780488,0.993121259558665,0.04312125955866508,253,0.98828125,1,0.04637350594023589,0.04783099787685775,3.7537184472147267,0.0,4,2
195,0.97,0.9700438817290266,4.3881729026584715e-05,247,0.96484375,1,0.04553462957360983,0.04780103734439834,0.993121259558665,0.023121259558665064,253,0.98828125,1,0.04637350594023589,0.04783099787685775,1.8422821805763379,0.0,4,2
195,0.99,0.9931212595586648,0.003121259558664824,253,0.98828125,1,0.04637350594023589,0.04783099787685775,0.993121259558665,0.003121259558665046,253,0.98828125,1,0.04637350594023589,0.04783099787685775,0.0,0.0,4,2
196,0.1,0.10051933634186479,0.0005193363418647817,18,0.0703125,1,0.013517514914048553,0.014918147120055517,0.98895376462333,0.88895376462333,251,0.98046875,1,0.04609388048469387,0.04799157894736842,240.99374609743677,0.0,4,2
196,0.2,0.2042997165205336,0.004299716520533597,42,0.1640625,1,0.016873020380552793,0.01772222808870116,0.98895376462333,0.78895376462333,251,0.98046875,1,0.04609388048469387,0.04799157894736842,173.180968463832,0.0,4,2
196,0.3,0.3015220390355952,0.001522039035595224,71,0.27734375,1,0.02092758948591208,0.020301941747572817,0.98895376462333,0.6889537646233299,251,0.98046875,1,0.04609388048469387,0.04799157894736842,120.25413158893956,0.0,4,2
196,0.4,0.40136486120684506,0.001364861206845036,99,0.38671875,1,0.02484234586350036,0.023348467432950194,0.98895376462333,0.5889537646233299,251,0.98046875,1,0.04609388048469387,0.04799157894736842,85.54560321300957,0.0,4,2
196,0.5,0.5021498041007851,0.0021498041007851354,123,0.48046875,1,0.028197851330004603,0.02735512528473804,0.98895376462333,0.48895376462332996,251,0.98046875,1,0.04609388048469387,0.04799157894736842,63.46593201463746,0.0,4,2
196,0.6,0.6057990394564762,0.005799039456476196,148,0.578125,1,0.03169316952427985,0.029753917662682604,0.98895376462333,0.38895376462333,251,0.98046875,1,0.04609388048469387,0.04799157894736842,45.437900899693126,0.0,4,2
196,0.7,0.7025672501499893,0.002567250149989375,174,0.6796875,1,0.03532830044632611,0.03477317073170731,0.98895376462333,0.28895376462333,251,0.98046875,1,0.04609388048469387,0.04799157894736842,30.472963325036794,0.0,4,2
196,0.8,0.803539234972561,0.003539234972560923,202,0.7890625,1,0.039243056823914386,0.039569791666666666,0.98895376462333,0.1889537646233299,251,0.98046875,1,0.04609388048469387,0.04799157894736842,17.457415948812248,0.0,4,2
196,0.85,0.8523499923702056,0.0023499923702056114,218,0.8515625,1,0.04148006046825055,0.04183506493506493,0.98895376462333,0.13895376462332998,251,0.98046875,1,0.04609388048469387,0.04799157894736842,11.122982860583841,0.0,4,2
196,0.9,0.9028730600950363,0.002873060095036295,230,0.8984375,1,0.043157813201502665,0.04402826510721248,0.98895376462333,0.08895376462332993,251,0.98046875,1,0.04609388048469387,0.04799157894736842,6.803095581981378,0.0,4,2
196,0.95,0.9511951572020357,0.0011951572020357792,242,0.9453125,1,0.04483556593475478,0.046679633401222,0.98895376462333,0.03895376462333,251,0.98046875,1,0.04609388048469387,0.04799157894736842,2.8065097957505447,0.0,4,2
196,0.97,0.9731972681585024,0.0031972681585024088,248,0.96875,1,0.045674442301380846,0.04718708333333334,0.98895376462333,0.018953764623329983,251,0.98046875,1,0.04609388048469387,0.04799157894736842,0.9183214116669003,0.0,4,2
196,0.99,0.9917275707313947,0.0017275707313947342,253,0.98828125,1,0.04637350594023589,0.04783099787685775,0.9984162052910339,0.008416205291033929,255,0.99609375,1,0.04665313139577791,0.048423504273504274,0.6029853682022468,0.0,4,2
197,0.1,0.101095871308674,0.0010958713086740013,20,0.078125,1,0.013797140369590573,0.014549891383055758,0.9683298507760145,0.8683298507760145,241,0.94140625,1,0.044695753206983775,0.04639878048780488,223.94939827889937,0.0,5,2
197,0.2,0.20368743110389823,0.0036874311038982144,44,0.171875,1,0.017152645836094813,0.017583269961977187,0.9683298507760145,0.7683298507760146,241,0.94140625,1,0.044695753206983775,0.04639878048780488,160.57643604422358,0.0,5,2
197,0.3,0.3036340464222641,0.0036340464222641145,66,0.2578125,1,0.020228525847057033,0.02009113475177305,0.9683298507760145,0.6683298507760145,241,0.94140625,1,0.044695753206983775,0.04639878048780488,120.95408011892465,0.0,5,2
197,0.4,0.40278454610808695,0.002784546108086927,90,0.3515625,1,0.023584031313561273,0.022319679430097952,0.9683298507760145,0.5683298507760145,241,0.94140625,1,0.044695753206983775,0.04639878048780488,89.51701943035862,0.0,5,2
197,0.5,0.5036594372861496,0.0036594372861495916,118,0.4609375,1,0.02749878769114955,0.02632202643171806,0.9683298507760145,0.4683298507760145,241,0.94140625,1,0.044695753206983775,0.04639878048780488,62.53717694387322,0.0,5,2
197,0.6,0.60044621102827,0.0004462110282700271,145,0.56640625,1,0.031273731340966816,0.030195300261096607,0.9683298507760145,0.36832985077601454,241,0.94140625,1,0.044695753206983775,0.04639878048780488,42.91787800976237,0.0,5,2
197,0.7,0.7008759249666184,0.0008759249666184798,171,0.66796875,1,0.034908862263013075,0.03412912912912913,0.9683298507760145,0.26832985077601457,241,0.94140625,1,0.044695753206983775,0.04639878048780488,28.03554830929047,0.0,5,2
197,0.8,0.802551965431705,0.0025519654317049945,198,0.7734375,1,0.03868380591283035,0.03888293515358362,0.9683298507760145,0.16832985077601448,241,0.94140625,1,0.044695753206983775,0.04639878048780488,15.54125079548967,0.0,5,2
197,0.85,0.8520727426171485,0.0020727426171485153,208,0.8125,1,0.040081933190540445,0.04029536541889483,0.9683298507760145,0.11832985077601454,241,0.94140625,1,0.044695753206983775,0.04639878048780488,11.510971775014633,0.0,5,2
197,0.9,0.9037560293108143,0.003756029310814313,221,0.86328125,1,0.041899498651563574,0.0428687969924812,0.9683298507760145,0.0683298507760145,241,0.94140625,1,0.044695753206983775,0.04639878048780488,6.673718410508611,0.0,5,2
197,0.95,0.9556270752437951,0.005627075243795132,237,0.92578125,1,0.044136502295899736,0.0458994,0.9683298507760145,0.018329850776014567,241,0.94140625,1,0.044695753206983775,0.04639878048780488,1.267093861073798,0.0,5,2
197,0.97,0.9737256764859469,0.003725676485946905,243,0.94921875,1,0.044975378662525795,0.046523312883435586,0.9799622362855995,0.009962236285599557,245,0.95703125,1,0.045255004118067814,0.04686082474226804,0.6217300751155452,0.0,5,2
197,0.99,0.9902084525852841,0.00020845258528412458,251,0.98046875,1,0.04609388048469387,0.04799157894736842,0.9995215303961976,0.00952153039619763,255,0.99609375,1,0.04665313139577791,0.048423504273504274,1.2132866775444118,0.0,5,2
198,0.1,0.10578364346704708,0.005783643467047073,17,0.06640625,1,0.013377702186277544,0.015339002036659877,0.9782368460743058,0.8782368460743059,243,0.94921875,1,0.044975378662525795,0.046523312883435586,236.1965906870032,0.0,5,3
198,0.2,0.2007527516477177,0.000752751647717681,39,0.15234375,1,0.01645358219723976,0.017378827690752906,0.9782368460743058,0.7782368460743059,243,0.94921875,1,0.044975378662525795,0.046523312883435586,173.34703241748065,0.0,5,3
198,0.3,0.30545351553876543,0.005453515538765441,71,0.27734375,1,0.02092758948591208,0.020301941747572817,0.9782368460743058,0.6782368460743058,243,0.94921875,1,0.044975378662525795,0.046523312883435586,114.90950351832004,0.0,5,3
198,0.4,0.4027463018067173,0.002746301806717255,98,0.3828125,1,0.02470253313572935,0.023184980988593156,0.9782368460743058,0.5782368460743058,243,0.94921875,1,0.044975378662525795,0.046523312883435586,82.06788111731798,0.0,5,3
198,0.5,0.504518380750846,0.004518380750845985,122,0.4765625,1,0.02805803860223359,0.026395814479638006,0.9782368460743058,0.47823684607430583,243,0.94921875,1,0.044975378662525795,0.046523312883435586,60.29409361118165,0.0,5,3
198,0.6,0.602063203864914,0.0020632038649139872,145,0.56640625,1,0.031273731340966816,0.030195300261096607,0.9782368460743058,0.37823684607430585,243,0.94921875,1,0.044975378662525795,0.046523312883435586,43.812000468299075,0.0,5,3
198,0.7,0.7005110783344214,0.0005110783344214331,174,0.6796875,1,0.03532830044632611,0.03477317073170731,0.9782368460743058,0.2782368460743059,243,0.94921875,1,0.044975378662525795,0.046523312883435586,27.3069411613966,0.0,5,3
198,0.8,0.8021640870843396,0.002164087084339572,198,0.7734375,1,0.03868380591283035,0.03888293515358362,0.9782368460743058,0.1782368460743058,243,0.94921875,1,0.044975378662525795,0.046523312883435586,16.264099669698485,0.0,5,3
198,0.85,0.8522645307668425,0.0022645307668425207,214,0.8359375,1,0.04092080955716651,0.041812979890310784,0.9782368460743058,0.12823684607430585,243,0.94921875,1,0.044975378662525795,0.046523312883435586,9.908330625021078,0.0,5,3
198,0.9,0.9015861407140133,0.0015861407140133066,227,0.88671875,1,0.04273837501818963,0.04437192307692307,0.9782368460743058,0.07823684607430581,243,0.94921875,1,0.044975378662525795,0.046523312883435586,5.234180390302812,0.0,5,3
198,0.95,0.9517729651902518,0.0017729651902518295,237,0.92578125,1,0.044136502295899736,0.0458994,0.9782368460743058,0.028236846074305877,243,0.94921875,1,0.044975378662525795,0.046523312883435586,1.900640791610697,0.0,5,3
198,0.97,0.9734099543899456,0.003409954389945624,242,0.9453125,1,0.04483556593475478,0.046679633401222,0.9782368460743058,0.00823684607430586,243,0.94921875,1,0.044975378662525795,0.046523312883435586,0.3118344217500679,0.0,5,3
198,0.99,0.9907822780081574,0.0007822780081574443,251,0.98046875,1,0.04609388048469387,0.04799157894736842,0.9954617555789459,0.005461755578945904,252,0.984375,1,0.046233693212464885,0.047364904862579285,0.30332166938611405,0.0,5,3
199,0.1,0.10001791586571289,1.7915865712883616e-05,17,0.06640625,1,0.013377702186277544,0.015339002036659877,1.0,0.9,256,1.0,1,0.046792944123548924,0.048613400368694486,249.78312023979547,0.0,2,2
199,0.2,0.20247845131381154,0.002478451313811525,42,0.1640625,1,0.016873020380552793,0.01772222808870116,1.0,0.8,256,1.0,1,0.046792944123548924,0.048613400368694486,177.32405383378014,0.0,2,2
199,0.3,0.30125219427159045,0.0012521942715904566,68,0.265625,1,0.020508151302599052,0.019579362780593773,1.0,0.7,256,1.0,1,0.046792944123548924,0.048613400368694486,128.1675390098118,0.0,2,2
199,0.4,0.40066069445881736,0.0006606944588173347,92,0.359375,1,0.023863656769103292,0.02210280542986425,1.0,0.6,256,1.0,1,0.046792944123548924,0.048613400368694486,96.08455056281483,0.0,2,2
199,0.5,0.5059391888820497,0.005939188882049695,120,0.46875,1,0.02777841314669157,0.02587689732142857,1.0,0.5,256,1.0,1,0.046792944123548924,0.048613400368694486,68.45074582354967,0.0,2,2
199,0.6,0.6026907545528946,0.002690754552894581,149,0.58203125,1,0.03183298225205086,0.030745393858477972,1.0,0.4,256,1.0,1,0.046792944123548924,0.048613400368694486,46.99516291953532,0.0,2,2
199,0.7,0.7015049639817882,0.001504963981788232,176,0.6875,1,0.03560792590186813,0.03554692307692307,1.0,0.30000000000000004,256,1.0,1,0.046792944123548924,0.048613400368694486,31.411597104828815,0.0,2,2
199,0.8,0.8031588396019296,0.0031588396019295306,200,0.78125,1,0.03896343136837237,0.03915611015490534,1.0,0.19999999999999996,256,1.0,1,0.046792944123548924,0.048613400368694486,20.094515498786315,0.0,2,2
199,0.85,0.8523534720296053,0.0023534720296053413,211,0.82421875,1,0.04050137137385348,0.040935559566787,1.0,0.15000000000000002,256,1.0,1,0.046792944123548924,0.048613400368694486,15.534221524550906,0.0,2,2
199,0.9,0.9032836510645637,0.0032836510645636308,226,0.8828125,1,0.042598562290418626,0.0439360153256705,1.0,0.09999999999999998,256,1.0,1,0.046792944123548924,0.048613400368694486,9.846299047688078,0.0,2,2
199,0.95,0.9527015543920327,0.00270155439203279,241,0.94140625,1,0.044695753206983775,0.04639878048780488,1.0,0.050000000000000044,256,1.0,1,0.046792944123548924,0.048613400368694486,4.692148059018408,0.0,2,2
199,0.97,0.9719451765599768,0.0019451765599768356,248,0.96875,1,0.045674442301380846,0.04718708333333334,1.0,0.030000000000000027,256,1.0,1,0.046792944123548924,0.048613400368694486,2.448857097778423,0.0,2,2
199,0.99,0.9923735792149875,0.002373579214987487,255,0.99609375,1,0.04665313139577791,0.048423504273504274,1.0,0.010000000000000009,256,1.0,1,0.046792944123548924,0.048613400368694486,0.2996856236399781,0.0,2,2
