trial,target_cv,spatial_mode,budget_fraction,q,two_line_ms,gap_to_max_q_pct
0,1.07,random,0.125,1024,0.26821588052788786,13.066318174332325
0,1.07,random,0.125,4096,0.23721996511316193,0.0
0,1.07,random,0.125,16384,0.23721996511316193,0.0
0,1.07,random,0.125,65536,0.23721996511316193,0.0
0,1.07,random,0.125,131072,0.23721996511316193,0.0
0,1.07,random,0.25,1024,0.6011334229726016,47.713897031508566
0,1.07,random,0.25,4096,0.45315330590553116,11.351387578840688
0,1.07,random,0.25,16384,0.4069579335818181,2.220446049250313e-14
0,1.07,random,0.25,65536,0.4069579335818181,2.220446049250313e-14
0,1.07,random,0.25,131072,0.4069579335818181,2.220446049250313e-14
0,1.07,random,0.375,1024,0.6687965409993375,9.829431827988987
0,1.07,random,0.375,4096,0.6089410915343559,0.0
0,1.07,random,0.375,16384,0.6089410915343559,0.0
0,1.07,random,0.375,65536,0.6089410915343559,0.0
0,1.07,random,0.375,131072,0.6089410915343559,0.0
0,1.07,random,0.5,1024,0.8677545768664995,7.432190770588454
0,1.07,random,0.5,4096,0.8077230582772995,2.220446049250313e-14
0,1.07,random,0.5,16384,0.8077230582772995,2.220446049250313e-14
0,1.07,random,0.5,65536,0.8077230582772995,2.220446049250313e-14
0,1.07,random,0.5,131072,0.8077230582772995,2.220446049250313e-14
0,1.07,random,0.625,1024,1.0197777500882306,2.9897862792686913
0,1.07,random,0.625,4096,0.9947281467859354,0.4599671198874944
0,1.07,random,0.625,16384,0.9901736734582454,2.220446049250313e-14
0,1.07,random,0.625,65536,0.9901736734582454,2.220446049250313e-14
0,1.07,random,0.625,131072,0.9901736734582454,2.220446049250313e-14
0,1.07,random,0.75,1024,1.1815605090121544,0.4081281124655556
0,1.07,random,0.75,4096,1.1809098699653415,0.35283729302038047
0,1.07,random,0.75,16384,1.1767578294943484,0.0
0,1.07,random,0.75,65536,1.1767578294943484,0.0
0,1.07,random,0.75,131072,1.1767578294943484,0.0
0,1.07,random,0.875,1024,1.3699741505145389,0.40532502898078526
0,1.07,random,0.875,4096,1.3644437186166296,2.220446049250313e-14
0,1.07,random,0.875,16384,1.3644437186166296,2.220446049250313e-14
0,1.07,random,0.875,65536,1.3644437186166296,2.220446049250313e-14
0,1.07,random,0.875,131072,1.3644437186166296,2.220446049250313e-14
0,1.07,local,0.125,1024,0.23808306459091774,2.220446049250313e-14
0,1.07,local,0.125,4096,0.23808306459091774,2.220446049250313e-14
0,1.07,local,0.125,16384,0.23808306459091774,2.220446049250313e-14
0,1.07,local,0.125,65536,0.23808306459091774,2.220446049250313e-14
0,1.07,local,0.125,131072,0.23808306459091774,2.220446049250313e-14
0,1.07,local,0.25,1024,0.4575625932140045,0.5705627190015328
0,1.07,local,0.25,4096,0.4549667227103561,0.0
0,1.07,local,0.25,16384,0.4549667227103561,0.0
0,1.07,local,0.25,65536,0.4549667227103561,0.0
0,1.07,local,0.25,131072,0.4549667227103561,0.0
0,1.07,local,0.375,1024,0.6347547625328602,0.0
0,1.07,local,0.375,4096,0.6347547625328602,0.0
0,1.07,local,0.375,16384,0.6347547625328602,0.0
0,1.07,local,0.375,65536,0.6347547625328602,0.0
0,1.07,local,0.375,131072,0.6347547625328602,0.0
0,1.07,local,0.5,1024,0.8309507353163229,0.029270700972694463
0,1.07,local,0.5,4096,0.8307075813842185,2.220446049250313e-14
0,1.07,local,0.5,16384,0.8307075813842185,2.220446049250313e-14
0,1.07,local,0.5,65536,0.8307075813842185,2.220446049250313e-14
0,1.07,local,0.5,131072,0.8307075813842185,2.220446049250313e-14
0,1.07,local,0.625,1024,0.9794527540255383,0.0
0,1.07,local,0.625,4096,0.9794527540255383,0.0
0,1.07,local,0.625,16384,0.9794527540255383,0.0
0,1.07,local,0.625,65536,0.9794527540255383,0.0
0,1.07,local,0.625,131072,0.9794527540255383,0.0
0,1.07,local,0.75,1024,1.155423873454005,0.028163789340696077
0,1.07,local,0.75,4096,1.1550985539305985,0.0
0,1.07,local,0.75,16384,1.1550985539305985,0.0
0,1.07,local,0.75,65536,1.1550985539305985,0.0
0,1.07,local,0.75,131072,1.1550985539305985,0.0
0,1.07,local,0.875,1024,1.3240753416011364,4.440892098500626e-14
0,1.07,local,0.875,4096,1.3240753416011364,4.440892098500626e-14
0,1.07,local,0.875,16384,1.3240753416011364,4.440892098500626e-14
0,1.07,local,0.875,65536,1.3240753416011364,4.440892098500626e-14
0,1.07,local,0.875,131072,1.3240753416011364,4.440892098500626e-14
0,1.07,hot-cold,0.125,1024,0.21243364878439888,7.401315789473695
0,1.07,hot-cold,0.125,4096,0.19779427023110954,2.220446049250313e-14
0,1.07,hot-cold,0.125,16384,0.19779427023110954,2.220446049250313e-14
0,1.07,hot-cold,0.125,65536,0.19779427023110954,2.220446049250313e-14
0,1.07,hot-cold,0.125,131072,0.19779427023110954,2.220446049250313e-14
0,1.07,hot-cold,0.25,1024,0.39688981855584476,0.0
0,1.07,hot-cold,0.25,4096,0.39688981855584476,0.0
0,1.07,hot-cold,0.25,16384,0.39688981855584476,0.0
0,1.07,hot-cold,0.25,65536,0.39688981855584476,0.0
0,1.07,hot-cold,0.25,131072,0.39688981855584476,0.0
0,1.07,hot-cold,0.375,1024,0.5814164159769781,0.1681410311368925
0,1.07,hot-cold,0.375,4096,0.5804404574067589,2.220446049250313e-14
0,1.07,hot-cold,0.375,16384,0.5804404574067589,2.220446049250313e-14
0,1.07,hot-cold,0.375,65536,0.5804404574067589,2.220446049250313e-14
0,1.07,hot-cold,0.375,131072,0.5804404574067589,2.220446049250313e-14
0,1.07,hot-cold,0.5,1024,0.8045151813841016,0.0
0,1.07,hot-cold,0.5,4096,0.8045151813841016,0.0
0,1.07,hot-cold,0.5,16384,0.8045151813841016,0.0
0,1.07,hot-cold,0.5,65536,0.8045151813841016,0.0
0,1.07,hot-cold,0.5,131072,0.8045151813841016,0.0
0,1.07,hot-cold,0.625,1024,0.9701028187979747,0.0
0,1.07,hot-cold,0.625,4096,0.9701028187979747,0.0
0,1.07,hot-cold,0.625,16384,0.9701028187979747,0.0
0,1.07,hot-cold,0.625,65536,0.9701028187979747,0.0
0,1.07,hot-cold,0.625,131072,0.9701028187979747,0.0
0,1.07,hot-cold,0.75,1024,1.1249549119394355,0.028926815157670482
0,1.07,hot-cold,0.75,4096,1.1249549119394355,0.028926815157670482
0,1.07,hot-cold,0.75,16384,1.124629592416029,0.0
0,1.07,hot-cold,0.75,65536,1.124629592416029,0.0
0,1.07,hot-cold,0.75,131072,1.124629592416029,0.0
0,1.07,hot-cold,0.875,1024,1.327954294545048,0.17177914110428905
0,1.07,hot-cold,0.875,4096,1.325677057881203,0.0
0,1.07,hot-cold,0.875,16384,1.325677057881203,0.0
0,1.07,hot-cold,0.875,65536,1.325677057881203,0.0
0,1.07,hot-cold,0.875,131072,1.325677057881203,0.0
0,1.25,random,0.125,1024,0.22479571468322476,2.220446049250313e-14
0,1.25,random,0.125,4096,0.22479571468322476,2.220446049250313e-14
0,1.25,random,0.125,16384,0.22479571468322476,2.220446049250313e-14
0,1.25,random,0.125,65536,0.22479571468322476,2.220446049250313e-14
0,1.25,random,0.125,131072,0.22479571468322476,2.220446049250313e-14
0,1.25,random,0.25,1024,0.5193052683433151,20.12918323272195
0,1.25,random,0.25,4096,0.5193052683433151,20.12918323272195
0,1.25,random,0.25,16384,0.4322890195110074,2.220446049250313e-14
0,1.25,random,0.25,65536,0.4322890195110074,2.220446049250313e-14
0,1.25,random,0.25,131072,0.4322890195110074,2.220446049250313e-14
0,1.25,random,0.375,1024,0.6317803150088366,2.220446049250313e-14
0,1.25,random,0.375,4096,0.6317803150088366,2.220446049250313e-14
0,1.25,random,0.375,16384,0.6317803150088366,2.220446049250313e-14
0,1.25,random,0.375,65536,0.6317803150088366,2.220446049250313e-14
0,1.25,random,0.375,131072,0.6317803150088366,2.220446049250313e-14
0,1.25,random,0.5,1024,0.8383381553211107,0.25367828560616257
0,1.25,random,0.5,4096,0.8362168547400566,2.220446049250313e-14
0,1.25,random,0.5,16384,0.8362168547400566,2.220446049250313e-14
0,1.25,random,0.5,65536,0.8362168547400566,2.220446049250313e-14
0,1.25,random,0.5,131072,0.8362168547400566,2.220446049250313e-14
0,1.25,random,0.625,1024,1.0365366438157455,4.630221026560477
0,1.25,random,0.625,4096,0.9906665910154389,2.220446049250313e-14
0,1.25,random,0.625,16384,0.9906665910154389,2.220446049250313e-14
0,1.25,random,0.625,65536,0.9906665910154389,2.220446049250313e-14
0,1.25,random,0.625,131072,0.9906665910154389,2.220446049250313e-14
0,1.25,random,0.75,1024,1.234161606596858,2.418035569872057
0,1.25,random,0.75,4096,1.2050237047896544,4.440892098500626e-14
0,1.25,random,0.75,16384,1.2050237047896544,4.440892098500626e-14
0,1.25,random,0.75,65536,1.2050237047896544,4.440892098500626e-14
0,1.25,random,0.75,131072,1.2050237047896544,4.440892098500626e-14
0,1.25,random,0.875,1024,1.3616147986968994,0.45664382208521204
0,1.25,random,0.875,4096,1.3616147986968994,0.45664382208521204
0,1.25,random,0.875,16384,1.3573856448926158,0.14462709180853572
0,1.25,random,0.875,65536,1.355425332652364,0.0
0,1.25,random,0.875,131072,1.355425332652364,0.0
0,1.25,local,0.125,1024,0.22977867968645752,0.0
0,1.25,local,0.125,4096,0.22977867968645752,0.0
0,1.25,local,0.125,16384,0.22977867968645752,0.0
0,1.25,local,0.125,65536,0.22977867968645752,0.0
0,1.25,local,0.125,131072,0.22977867968645752,0.0
0,1.25,local,0.25,1024,0.4411254481962391,1.196000152159593
0,1.25,local,0.25,4096,0.4403959863999258,1.0286586026013733
0,1.25,local,0.25,16384,0.4359119407219232,2.220446049250313e-14
0,1.25,local,0.25,65536,0.4359119407219232,2.220446049250313e-14
0,1.25,local,0.25,131072,0.4359119407219232,2.220446049250313e-14
0,1.25,local,0.375,1024,0.6484427598904218,1.6538069377315834
0,1.25,local,0.375,4096,0.6381363912091187,0.038118280285059924
0,1.25,local,0.375,16384,0.6381363912091187,0.038118280285059924
0,1.25,local,0.375,65536,0.6378932372770142,4.440892098500626e-14
0,1.25,local,0.375,131072,0.6378932372770142,4.440892098500626e-14
0,1.25,local,0.5,1024,0.8624459500093714,0.22605808628581858
0,1.25,local,0.5,4096,0.8624459500093714,0.22605808628581858
0,1.25,local,0.5,16384,0.8605007185525358,2.220446049250313e-14
0,1.25,local,0.5,65536,0.8605007185525358,2.220446049250313e-14
0,1.25,local,0.5,131072,0.8605007185525358,2.220446049250313e-14
0,1.25,local,0.625,1024,0.9864166962447799,0.03299080907575025
0,1.25,local,0.625,4096,0.9860913767213734,2.220446049250313e-14
0,1.25,local,0.625,16384,0.9860913767213734,2.220446049250313e-14
0,1.25,local,0.625,65536,0.9860913767213734,2.220446049250313e-14
0,1.25,local,0.625,131072,0.9860913767213734,2.220446049250313e-14
0,1.25,local,0.75,1024,1.1364898897141376,0.11463100319235586
0,1.25,local,0.75,4096,1.1351886116205119,2.220446049250313e-14
0,1.25,local,0.75,16384,1.1351886116205119,2.220446049250313e-14
0,1.25,local,0.75,65536,1.1351886116205119,2.220446049250313e-14
0,1.25,local,0.75,131072,1.1351886116205119,2.220446049250313e-14
0,1.25,local,0.875,1024,1.2935340150488137,0.0
0,1.25,local,0.875,4096,1.2935340150488137,0.0
0,1.25,local,0.875,16384,1.2935340150488137,0.0
0,1.25,local,0.875,65536,1.2935340150488137,0.0
0,1.25,local,0.875,131072,1.2935340150488137,0.0
0,1.25,hot-cold,0.125,1024,0.207055810127479,2.220446049250313e-14
0,1.25,hot-cold,0.125,4096,0.207055810127479,2.220446049250313e-14
0,1.25,hot-cold,0.125,16384,0.207055810127479,2.220446049250313e-14
0,1.25,hot-cold,0.125,65536,0.207055810127479,2.220446049250313e-14
0,1.25,hot-cold,0.125,131072,0.207055810127479,2.220446049250313e-14
0,1.25,hot-cold,0.25,1024,0.4368135592437207,12.860151209584881
0,1.25,hot-cold,0.25,4096,0.4316084468692178,11.515298795510652
0,1.25,hot-cold,0.25,16384,0.3870396721625369,2.220446049250313e-14
0,1.25,hot-cold,0.25,65536,0.3870396721625369,2.220446049250313e-14
0,1.25,hot-cold,0.25,131072,0.3870396721625369,2.220446049250313e-14
0,1.25,hot-cold,0.375,1024,0.5924068521231093,0.0
0,1.25,hot-cold,0.375,4096,0.5924068521231093,0.0
0,1.25,hot-cold,0.375,16384,0.5924068521231093,0.0
0,1.25,hot-cold,0.375,65536,0.5924068521231093,0.0
0,1.25,hot-cold,0.375,131072,0.5924068521231093,0.0
0,1.25,hot-cold,0.5,1024,0.791827719971251,0.0
0,1.25,hot-cold,0.5,4096,0.791827719971251,0.0
0,1.25,hot-cold,0.5,16384,0.791827719971251,0.0
0,1.25,hot-cold,0.5,65536,0.791827719971251,0.0
0,1.25,hot-cold,0.5,131072,0.791827719971251,0.0
0,1.25,hot-cold,0.625,1024,0.9642470673766591,2.220446049250313e-14
0,1.25,hot-cold,0.625,4096,0.9642470673766591,2.220446049250313e-14
0,1.25,hot-cold,0.625,16384,0.9642470673766591,2.220446049250313e-14
0,1.25,hot-cold,0.625,65536,0.9642470673766591,2.220446049250313e-14
0,1.25,hot-cold,0.625,131072,0.9642470673766591,2.220446049250313e-14
0,1.25,hot-cold,0.75,1024,1.1490201615716984,2.220446049250313e-14
0,1.25,hot-cold,0.75,4096,1.1490201615716984,2.220446049250313e-14
0,1.25,hot-cold,0.75,16384,1.1490201615716984,2.220446049250313e-14
0,1.25,hot-cold,0.75,65536,1.1490201615716984,2.220446049250313e-14
0,1.25,hot-cold,0.75,131072,1.1490201615716984,2.220446049250313e-14
0,1.25,hot-cold,0.875,1024,1.3136402355151648,0.12397718819736614
0,1.25,hot-cold,0.875,4096,1.3120136378981326,0.0
0,1.25,hot-cold,0.875,16384,1.3120136378981326,0.0
0,1.25,hot-cold,0.875,65536,1.3120136378981326,0.0
0,1.25,hot-cold,0.875,131072,1.3120136378981326,0.0
0,1.44,random,0.125,1024,0.2185911678552734,0.0
0,1.44,random,0.125,4096,0.2185911678552734,0.0
0,1.44,random,0.125,16384,0.2185911678552734,0.0
0,1.44,random,0.125,65536,0.2185911678552734,0.0
0,1.44,random,0.125,131072,0.2185911678552734,0.0
0,1.44,random,0.25,1024,0.4154982548004502,2.09904291886549
0,1.44,random,0.25,4096,0.414282485139928,1.8002957705562261
0,1.44,random,0.25,16384,0.4069560721843711,2.220446049250313e-14
0,1.44,random,0.25,65536,0.4069560721843711,2.220446049250313e-14
0,1.44,random,0.25,131072,0.4069560721843711,2.220446049250313e-14
0,1.44,random,0.375,1024,0.6583342362352436,8.569678593837061
0,1.44,random,0.375,4096,0.6063702543489099,4.440892098500626e-14
0,1.44,random,0.375,16384,0.6063702543489099,4.440892098500626e-14
0,1.44,random,0.375,65536,0.6063702543489099,4.440892098500626e-14
0,1.44,random,0.375,131072,0.6063702543489099,4.440892098500626e-14
0,1.44,random,0.5,1024,0.9049265109679362,8.251011993981393
0,1.44,random,0.5,4096,0.8818220631318582,5.487163405721596
0,1.44,random,0.5,16384,0.8818220631318582,5.487163405721596
0,1.44,random,0.5,65536,0.8359520103315515,2.220446049250313e-14
0,1.44,random,0.5,131072,0.8359520103315515,2.220446049250313e-14
0,1.44,random,0.625,1024,1.0032669105695946,2.322538843219668
0,1.44,random,0.625,4096,0.9804945439311445,2.220446049250313e-14
0,1.44,random,0.625,16384,0.9804945439311445,2.220446049250313e-14
0,1.44,random,0.625,65536,0.9804945439311445,2.220446049250313e-14
0,1.44,random,0.625,131072,0.9804945439311445,2.220446049250313e-14
0,1.44,random,0.75,1024,1.1806264499503818,0.0
0,1.44,random,0.75,4096,1.1806264499503818,0.0
0,1.44,random,0.75,16384,1.1806264499503818,0.0
0,1.44,random,0.75,65536,1.1806264499503818,0.0
0,1.44,random,0.75,131072,1.1806264499503818,0.0
0,1.44,random,0.875,1024,1.3684346947562012,0.8335588456819698
0,1.44,random,0.875,4096,1.3636286723965936,0.4794255134388248
0,1.44,random,0.875,16384,1.357122281928465,0.0
0,1.44,random,0.875,65536,1.357122281928465,0.0
0,1.44,random,0.875,131072,1.357122281928465,0.0
0,1.44,local,0.125,1024,0.26368583259345213,0.8685609220051127
0,1.44,local,0.125,4096,0.26141528161321015,0.0
0,1.44,local,0.125,16384,0.26141528161321015,0.0
0,1.44,local,0.125,65536,0.26141528161321015,0.0
0,1.44,local,0.125,131072,0.26141528161321015,0.0
0,1.44,local,0.25,1024,0.44856612569799564,0.07257695393305674
0,1.44,local,0.25,4096,0.4482408061745892,2.220446049250313e-14
0,1.44,local,0.25,16384,0.4482408061745892,2.220446049250313e-14
0,1.44,local,0.25,65536,0.4482408061745892,2.220446049250313e-14
0,1.44,local,0.25,131072,0.4482408061745892,2.220446049250313e-14
0,1.44,local,0.375,1024,0.6750539653711655,4.697807057394421
0,1.44,local,0.375,4096,0.6447641878507606,0.0
0,1.44,local,0.375,16384,0.6447641878507606,0.0
0,1.44,local,0.375,65536,0.6447641878507606,0.0
0,1.44,local,0.375,131072,0.6447641878507606,0.0
0,1.44,local,0.5,1024,0.8194655202155512,0.0
0,1.44,local,0.5,4096,0.8194655202155512,0.0
0,1.44,local,0.5,16384,0.8194655202155512,0.0
0,1.44,local,0.5,65536,0.8194655202155512,0.0
0,1.44,local,0.5,131072,0.8194655202155512,0.0
0,1.44,local,0.625,1024,0.9967399311163273,0.0
0,1.44,local,0.625,4096,0.9967399311163273,0.0
0,1.44,local,0.625,16384,0.9967399311163273,0.0
0,1.44,local,0.625,65536,0.9967399311163273,0.0
0,1.44,local,0.625,131072,0.9967399311163273,0.0
0,1.44,local,0.75,1024,1.1551858477705303,0.02816959411540143
0,1.44,local,0.75,4096,1.1548605282471238,0.0
0,1.44,local,0.75,16384,1.1548605282471238,0.0
0,1.44,local,0.75,65536,1.1548605282471238,0.0
0,1.44,local,0.75,131072,1.1548605282471238,0.0
0,1.44,local,0.875,1024,1.3002449267917828,0.15034488562504222
0,1.44,local,0.875,4096,1.29959428774497,0.10022992375002815
0,1.44,local,0.875,16384,1.2982930096513443,0.0
0,1.44,local,0.875,65536,1.2982930096513443,0.0
0,1.44,local,0.875,131072,1.2982930096513443,0.0
0,1.44,hot-cold,0.125,1024,0.21111892333294857,1.8839527076602858
0,1.44,hot-cold,0.125,4096,0.20721508905207142,0.0
0,1.44,hot-cold,0.125,16384,0.20721508905207142,0.0
0,1.44,hot-cold,0.125,65536,0.20721508905207142,0.0
0,1.44,hot-cold,0.125,131072,0.20721508905207142,0.0
0,1.44,hot-cold,0.25,1024,0.3864594607654113,0.0
0,1.44,hot-cold,0.25,4096,0.3864594607654113,0.0
0,1.44,hot-cold,0.25,16384,0.3864594607654113,0.0
0,1.44,hot-cold,0.25,65536,0.3864594607654113,0.0
0,1.44,hot-cold,0.25,131072,0.3864594607654113,0.0
0,1.44,hot-cold,0.375,1024,0.6010177529726659,0.0
0,1.44,hot-cold,0.375,4096,0.6010177529726659,0.0
0,1.44,hot-cold,0.375,16384,0.6010177529726659,0.0
0,1.44,hot-cold,0.375,65536,0.6010177529726659,0.0
0,1.44,hot-cold,0.375,131072,0.6010177529726659,0.0
0,1.44,hot-cold,0.5,1024,0.8006113471032246,0.0
0,1.44,hot-cold,0.5,4096,0.8006113471032246,0.0
0,1.44,hot-cold,0.5,16384,0.8006113471032246,0.0
0,1.44,hot-cold,0.5,65536,0.8006113471032246,0.0
0,1.44,hot-cold,0.5,131072,0.8006113471032246,0.0
0,1.44,hot-cold,0.625,1024,0.9887164592818287,2.220446049250313e-14
0,1.44,hot-cold,0.625,4096,0.9887164592818287,2.220446049250313e-14
0,1.44,hot-cold,0.625,16384,0.9887164592818287,2.220446049250313e-14
0,1.44,hot-cold,0.625,65536,0.9887164592818287,2.220446049250313e-14
0,1.44,hot-cold,0.625,131072,0.9887164592818287,2.220446049250313e-14
0,1.44,hot-cold,0.75,1024,1.1796504913801624,0.0
0,1.44,hot-cold,0.75,4096,1.1796504913801624,0.0
0,1.44,hot-cold,0.75,16384,1.1796504913801624,0.0
0,1.44,hot-cold,0.75,65536,1.1796504913801624,0.0
0,1.44,hot-cold,0.75,131072,1.1796504913801624,0.0
0,1.44,hot-cold,0.875,1024,1.3344606850131764,0.07318858258109628
0,1.44,hot-cold,0.875,4096,1.333484726442957,0.0
0,1.44,hot-cold,0.875,16384,1.333484726442957,0.0
0,1.44,hot-cold,0.875,65536,1.333484726442957,0.0
0,1.44,hot-cold,0.875,131072,1.333484726442957,0.0
0,2.48,random,0.125,1024,0.23547917894054865,0.0
0,2.48,random,0.125,4096,0.23547917894054865,0.0
0,2.48,random,0.125,16384,0.23547917894054865,0.0
0,2.48,random,0.125,65536,0.23547917894054865,0.0
0,2.48,random,0.125,131072,0.23547917894054865,0.0
0,2.48,random,0.25,1024,0.6129969871218932,33.75222047740118
0,2.48,random,0.25,4096,0.5064551851640704,10.505446211137603
0,2.48,random,0.25,16384,0.4583078956999188,2.220446049250313e-14
0,2.48,random,0.25,65536,0.4583078956999188,2.220446049250313e-14
0,2.48,random,0.25,131072,0.4583078956999188,2.220446049250313e-14
0,2.48,random,0.375,1024,0.6727401854193591,6.693405168698274
0,2.48,random,0.375,4096,0.6305358652258368,4.440892098500626e-14
0,2.48,random,0.375,16384,0.6305358652258368,4.440892098500626e-14
0,2.48,random,0.375,65536,0.6305358652258368,4.440892098500626e-14
0,2.48,random,0.375,131072,0.6305358652258368,4.440892098500626e-14
0,2.48,random,0.5,1024,0.8250888301457335,1.046135287178318
0,2.48,random,0.5,4096,0.8165466475296543,2.220446049250313e-14
0,2.48,random,0.5,16384,0.8165466475296543,2.220446049250313e-14
0,2.48,random,0.5,65536,0.8165466475296543,2.220446049250313e-14
0,2.48,random,0.5,131072,0.8165466475296543,2.220446049250313e-14
0,2.48,random,0.625,1024,1.0689375414105629,3.8231318080648835
0,2.48,random,0.625,4096,1.0295755125039765,2.220446049250313e-14
0,2.48,random,0.625,16384,1.0295755125039765,2.220446049250313e-14
0,2.48,random,0.625,65536,1.0295755125039765,2.220446049250313e-14
0,2.48,random,0.625,131072,1.0295755125039765,2.220446049250313e-14
0,2.48,random,0.75,1024,1.2357965233230845,4.090891522714579
0,2.48,random,0.75,4096,1.1872283013864,0.0
0,2.48,random,0.75,16384,1.1872283013864,0.0
0,2.48,random,0.75,65536,1.1872283013864,0.0
0,2.48,random,0.75,131072,1.1872283013864,0.0
0,2.48,random,0.875,1024,1.3481693473464949,0.7047149440916556
0,2.48,random,0.875,4096,1.3387350811677083,0.0
0,2.48,random,0.875,16384,1.3387350811677083,0.0
0,2.48,random,0.875,65536,1.3387350811677083,0.0
0,2.48,random,0.875,131072,1.3387350811677083,0.0
0,2.48,local,0.125,1024,0.2613184528141879,0.0
0,2.48,local,0.125,4096,0.2613184528141879,0.0
0,2.48,local,0.125,16384,0.2613184528141879,0.0
0,2.48,local,0.125,65536,0.2613184528141879,0.0
0,2.48,local,0.125,131072,0.2613184528141879,0.0
0,2.48,local,0.25,1024,0.48022616513996247,2.220446049250313e-14
0,2.48,local,0.25,4096,0.48022616513996247,2.220446049250313e-14
0,2.48,local,0.25,16384,0.48022616513996247,2.220446049250313e-14
0,2.48,local,0.25,65536,0.48022616513996247,2.220446049250313e-14
0,2.48,local,0.25,131072,0.48022616513996247,2.220446049250313e-14
0,2.48,local,0.375,1024,0.68066903143736,0.07149665043746367
0,2.48,local,0.375,4096,0.6801827235731511,2.220446049250313e-14
0,2.48,local,0.375,16384,0.6801827235731511,2.220446049250313e-14
0,2.48,local,0.375,65536,0.6801827235731511,2.220446049250313e-14
0,2.48,local,0.375,131072,0.6801827235731511,2.220446049250313e-14
0,2.48,local,0.5,1024,0.8325293172982381,2.220446049250313e-14
0,2.48,local,0.5,4096,0.8325293172982381,2.220446049250313e-14
0,2.48,local,0.5,16384,0.8325293172982381,2.220446049250313e-14
0,2.48,local,0.5,65536,0.8325293172982381,2.220446049250313e-14
0,2.48,local,0.5,131072,0.8325293172982381,2.220446049250313e-14
0,2.48,local,0.625,1024,0.9713324533920172,0.19286472244699482
0,2.48,local,0.625,4096,0.9707639799365064,0.13422673106990857
0,2.48,local,0.625,16384,0.9694627018428807,0.0
0,2.48,local,0.625,65536,0.9694627018428807,0.0
0,2.48,local,0.625,131072,0.9694627018428807,0.0
0,2.48,local,0.75,1024,1.1423787655909945,0.0
0,2.48,local,0.75,4096,1.1423787655909945,0.0
0,2.48,local,0.75,16384,1.1423787655909945,0.0
0,2.48,local,0.75,65536,1.1423787655909945,0.0
0,2.48,local,0.75,131072,1.1423787655909945,0.0
0,2.48,local,0.875,1024,1.2645382980041024,2.220446049250313e-14
0,2.48,local,0.875,4096,1.2645382980041024,2.220446049250313e-14
0,2.48,local,0.875,16384,1.2645382980041024,2.220446049250313e-14
0,2.48,local,0.875,65536,1.2645382980041024,2.220446049250313e-14
0,2.48,local,0.875,131072,1.2645382980041024,2.220446049250313e-14
0,2.48,hot-cold,0.125,1024,0.19936195016821343,2.220446049250313e-14
0,2.48,hot-cold,0.125,4096,0.19936195016821343,2.220446049250313e-14
0,2.48,hot-cold,0.125,16384,0.19936195016821343,2.220446049250313e-14
0,2.48,hot-cold,0.125,65536,0.19936195016821343,2.220446049250313e-14
0,2.48,hot-cold,0.125,131072,0.19936195016821343,2.220446049250313e-14
0,2.48,hot-cold,0.25,1024,0.4174553761801373,8.451538754422018
0,2.48,hot-cold,0.25,4096,0.4151781395162923,7.859931041612489
0,2.48,hot-cold,0.25,16384,0.38492342383949424,0.0
0,2.48,hot-cold,0.25,65536,0.38492342383949424,0.0
0,2.48,hot-cold,0.25,131072,0.38492342383949424,0.0
0,2.48,hot-cold,0.375,1024,0.6096873435302954,0.6444272947796481
0,2.48,hot-cold,0.375,4096,0.6057835092494183,2.220446049250313e-14
0,2.48,hot-cold,0.375,16384,0.6057835092494183,2.220446049250313e-14
0,2.48,hot-cold,0.375,65536,0.6057835092494183,2.220446049250313e-14
0,2.48,hot-cold,0.375,131072,0.6057835092494183,2.220446049250313e-14
0,2.48,hot-cold,0.5,1024,0.7606473403324936,2.220446049250313e-14
0,2.48,hot-cold,0.5,4096,0.7606473403324936,2.220446049250313e-14
0,2.48,hot-cold,0.5,16384,0.7606473403324936,2.220446049250313e-14
0,2.48,hot-cold,0.5,65536,0.7606473403324936,2.220446049250313e-14
0,2.48,hot-cold,0.5,131072,0.7606473403324936,2.220446049250313e-14
0,2.48,hot-cold,0.625,1024,0.8986029512982474,0.2540635202878061
0,2.48,hot-cold,0.625,4096,0.8963257146344025,0.0
0,2.48,hot-cold,0.625,16384,0.8963257146344025,0.0
0,2.48,hot-cold,0.625,65536,0.8963257146344025,0.0
0,2.48,hot-cold,0.625,131072,0.8963257146344025,0.0
0,2.48,hot-cold,0.75,1024,1.1030595480802763,0.0
0,2.48,hot-cold,0.75,4096,1.1030595480802763,0.0
0,2.48,hot-cold,0.75,16384,1.1030595480802763,0.0
0,2.48,hot-cold,0.75,65536,1.1030595480802763,0.0
0,2.48,hot-cold,0.75,131072,1.1030595480802763,0.0
0,2.48,hot-cold,0.875,1024,1.2343326994536832,0.0
0,2.48,hot-cold,0.875,4096,1.2343326994536832,0.0
0,2.48,hot-cold,0.875,16384,1.2343326994536832,0.0
0,2.48,hot-cold,0.875,65536,1.2343326994536832,0.0
0,2.48,hot-cold,0.875,131072,1.2343326994536832,0.0
0,3.3,random,0.125,1024,0.2996622060664126,15.088377302617584
0,3.3,random,0.125,4096,0.26037573305814343,0.0
0,3.3,random,0.125,16384,0.26037573305814343,0.0
0,3.3,random,0.125,65536,0.26037573305814343,0.0
0,3.3,random,0.125,131072,0.26037573305814343,0.0
0,3.3,random,0.25,1024,0.4806961011256526,8.480779553381979
0,3.3,random,0.25,4096,0.4548278807896652,2.6429857765337017
0,3.3,random,0.25,16384,0.4548278807896652,2.6429857765337017
0,3.3,random,0.25,65536,0.44311637794703373,0.0
0,3.3,random,0.25,131072,0.44311637794703373,0.0
0,3.3,random,0.375,1024,0.7089898743912562,9.265664542147189
0,3.3,random,0.375,4096,0.6488679470921779,0.0
0,3.3,random,0.375,16384,0.6488679470921779,0.0
0,3.3,random,0.375,65536,0.6488679470921779,0.0
0,3.3,random,0.375,131072,0.6488679470921779,0.0
0,3.3,random,0.5,1024,0.8827741658657557,2.2015508167289255
0,3.3,random,0.5,4096,0.8686211711672938,0.5630139600627748
0,3.3,random,0.5,16384,0.8637580925252049,0.0
0,3.3,random,0.5,65536,0.8637580925252049,0.0
0,3.3,random,0.5,131072,0.8637580925252049,0.0
0,3.3,random,0.625,1024,0.998356500207955,0.0
0,3.3,random,0.625,4096,0.998356500207955,0.0
0,3.3,random,0.625,16384,0.998356500207955,0.0
0,3.3,random,0.625,65536,0.998356500207955,0.0
0,3.3,random,0.625,131072,0.998356500207955,0.0
0,3.3,random,0.75,1024,1.1868962201887718,0.5652073827413062
0,3.3,random,0.75,4096,1.1868962201887718,0.5652073827413062
0,3.3,random,0.75,16384,1.1802254985380392,0.0
0,3.3,random,0.75,65536,1.1802254985380392,0.0
0,3.3,random,0.75,131072,1.1802254985380392,0.0
0,3.3,random,0.875,1024,1.3523782921187324,0.11408400513255312
0,3.3,random,0.875,4096,1.3523782921187324,0.11408400513255312
0,3.3,random,0.875,16384,1.350837202934804,2.220446049250313e-14
0,3.3,random,0.875,65536,1.350837202934804,2.220446049250313e-14
0,3.3,random,0.875,131072,1.350837202934804,2.220446049250313e-14
0,3.3,local,0.125,1024,0.2979644585161117,1.7435851623324616
0,3.3,local,0.125,4096,0.2928582259419184,2.220446049250313e-14
0,3.3,local,0.125,16384,0.2928582259419184,2.220446049250313e-14
0,3.3,local,0.125,65536,0.2928582259419184,2.220446049250313e-14
0,3.3,local,0.125,131072,0.2928582259419184,2.220446049250313e-14
0,3.3,local,0.25,1024,0.5271973431014992,5.37377426158594
0,3.3,local,0.25,4096,0.5003117206305567,2.220446049250313e-14
0,3.3,local,0.25,16384,0.5003117206305567,2.220446049250313e-14
0,3.3,local,0.25,65536,0.5003117206305567,2.220446049250313e-14
0,3.3,local,0.25,131072,0.5003117206305567,2.220446049250313e-14
0,3.3,local,0.375,1024,0.7057563178868936,2.7464144499819154
0,3.3,local,0.375,4096,0.6868914323335962,2.220446049250313e-14
0,3.3,local,0.375,16384,0.6868914323335962,2.220446049250313e-14
0,3.3,local,0.375,65536,0.6868914323335962,2.220446049250313e-14
0,3.3,local,0.375,131072,0.6868914323335962,2.220446049250313e-14
0,3.3,local,0.5,1024,0.8438343229042014,0.03856740379801771
0,3.3,local,0.5,4096,0.843509003380795,2.220446049250313e-14
0,3.3,local,0.5,16384,0.843509003380795,2.220446049250313e-14
0,3.3,local,0.5,65536,0.843509003380795,2.220446049250313e-14
0,3.3,local,0.5,131072,0.843509003380795,2.220446049250313e-14
0,3.3,local,0.625,1024,0.9800473622905135,0.9292704328510926
0,3.3,local,0.625,4096,0.9788315926299913,0.8040655197292246
0,3.3,local,0.625,16384,0.971023924068237,0.0
0,3.3,local,0.625,65536,0.971023924068237,0.0
0,3.3,local,0.625,131072,0.971023924068237,0.0
0,3.3,local,0.75,1024,1.0881509943986405,2.220446049250313e-14
0,3.3,local,0.75,4096,1.0881509943986405,2.220446049250313e-14
0,3.3,local,0.75,16384,1.0881509943986405,2.220446049250313e-14
0,3.3,local,0.75,65536,1.0881509943986405,2.220446049250313e-14
0,3.3,local,0.75,131072,1.0881509943986405,2.220446049250313e-14
0,3.3,local,0.875,1024,1.219170811333301,0.046649627843375896
0,3.3,local,0.875,4096,1.2186023378777902,0.0
0,3.3,local,0.875,16384,1.2186023378777902,0.0
0,3.3,local,0.875,65536,1.2186023378777902,0.0
0,3.3,local,0.875,131072,1.2186023378777902,0.0
0,3.3,hot-cold,0.125,1024,0.23853127173219224,0.0
0,3.3,hot-cold,0.125,4096,0.23853127173219224,0.0
0,3.3,hot-cold,0.125,16384,0.23853127173219224,0.0
0,3.3,hot-cold,0.125,65536,0.23853127173219224,0.0
0,3.3,hot-cold,0.125,131072,0.23853127173219224,0.0
0,3.3,hot-cold,0.25,1024,0.3939619428451869,0.0
0,3.3,hot-cold,0.25,4096,0.3939619428451869,0.0
0,3.3,hot-cold,0.25,16384,0.3939619428451869,0.0
0,3.3,hot-cold,0.25,65536,0.3939619428451869,0.0
0,3.3,hot-cold,0.25,131072,0.3939619428451869,0.0
0,3.3,hot-cold,0.375,1024,0.5725623611953171,2.220446049250313e-14
0,3.3,hot-cold,0.375,4096,0.5725623611953171,2.220446049250313e-14
0,3.3,hot-cold,0.375,16384,0.5725623611953171,2.220446049250313e-14
0,3.3,hot-cold,0.375,65536,0.5725623611953171,2.220446049250313e-14
0,3.3,hot-cold,0.375,131072,0.5725623611953171,2.220446049250313e-14
0,3.3,hot-cold,0.5,1024,0.7973581518691604,2.220446049250313e-14
0,3.3,hot-cold,0.5,4096,0.7973581518691604,2.220446049250313e-14
0,3.3,hot-cold,0.5,16384,0.7973581518691604,2.220446049250313e-14
0,3.3,hot-cold,0.5,65536,0.7973581518691604,2.220446049250313e-14
0,3.3,hot-cold,0.5,131072,0.7973581518691604,2.220446049250313e-14
0,3.3,hot-cold,0.625,1024,0.948298015629931,1.039870653239472
0,3.3,hot-cold,0.625,4096,0.9385384299277381,2.220446049250313e-14
0,3.3,hot-cold,0.625,16384,0.9385384299277381,2.220446049250313e-14
0,3.3,hot-cold,0.625,65536,0.9385384299277381,2.220446049250313e-14
0,3.3,hot-cold,0.625,131072,0.9385384299277381,2.220446049250313e-14
0,3.3,hot-cold,0.75,1024,1.0940495572158244,0.0
0,3.3,hot-cold,0.75,4096,1.0940495572158244,0.0
0,3.3,hot-cold,0.75,16384,1.0940495572158244,0.0
0,3.3,hot-cold,0.75,65536,1.0940495572158244,0.0
0,3.3,hot-cold,0.75,131072,1.0940495572158244,0.0
0,3.3,hot-cold,0.875,1024,1.2399620111519025,0.11237464100082306
0,3.3,hot-cold,0.875,4096,1.2385701723671616,0.0
0,3.3,hot-cold,0.875,16384,1.2385701723671616,0.0
0,3.3,hot-cold,0.875,65536,1.2385701723671616,0.0
0,3.3,hot-cold,0.875,131072,1.2385701723671616,0.0
0,4.55,random,0.125,1024,0.2617705347315934,2.220446049250313e-14
0,4.55,random,0.125,4096,0.2617705347315934,2.220446049250313e-14
0,4.55,random,0.125,16384,0.2617705347315934,2.220446049250313e-14
0,4.55,random,0.125,65536,0.2617705347315934,2.220446049250313e-14
0,4.55,random,0.125,131072,0.2617705347315934,2.220446049250313e-14
0,4.55,random,0.25,1024,0.5244608836383465,2.220446049250313e-14
0,4.55,random,0.25,4096,0.5244608836383465,2.220446049250313e-14
0,4.55,random,0.25,16384,0.5244608836383465,2.220446049250313e-14
0,4.55,random,0.25,65536,0.5244608836383465,2.220446049250313e-14
0,4.55,random,0.25,131072,0.5244608836383465,2.220446049250313e-14
0,4.55,random,0.375,1024,0.7400184583178124,2.719358403709049
0,4.55,random,0.375,4096,0.7204274538100032,2.220446049250313e-14
0,4.55,random,0.375,16384,0.7204274538100032,2.220446049250313e-14
0,4.55,random,0.375,65536,0.7204274538100032,2.220446049250313e-14
0,4.55,random,0.375,131072,0.7204274538100032,2.220446049250313e-14
0,4.55,random,0.5,1024,0.869982620413347,2.220446049250313e-14
0,4.55,random,0.5,4096,0.869982620413347,2.220446049250313e-14
0,4.55,random,0.5,16384,0.869982620413347,2.220446049250313e-14
0,4.55,random,0.5,65536,0.869982620413347,2.220446049250313e-14
0,4.55,random,0.5,131072,0.869982620413347,2.220446049250313e-14
0,4.55,random,0.625,1024,1.0286329823517724,2.220446049250313e-14
0,4.55,random,0.625,4096,1.0286329823517724,2.220446049250313e-14
0,4.55,random,0.625,16384,1.0286329823517724,2.220446049250313e-14
0,4.55,random,0.625,65536,1.0286329823517724,2.220446049250313e-14
0,4.55,random,0.625,131072,1.0286329823517724,2.220446049250313e-14
0,4.55,random,0.75,1024,1.2021173675741599,1.2679937660649676
0,4.55,random,0.75,4096,1.2021173675741599,1.2679937660649676
0,4.55,random,0.75,16384,1.187065451648151,4.440892098500626e-14
0,4.55,random,0.75,65536,1.187065451648151,4.440892098500626e-14
0,4.55,random,0.75,131072,1.187065451648151,4.440892098500626e-14
0,4.55,random,0.875,1024,1.3421541650193498,2.220446049250313e-14
0,4.55,random,0.875,4096,1.3421541650193498,2.220446049250313e-14
0,4.55,random,0.875,16384,1.3421541650193498,2.220446049250313e-14
0,4.55,random,0.875,65536,1.3421541650193498,2.220446049250313e-14
0,4.55,random,0.875,131072,1.3421541650193498,2.220446049250313e-14
0,4.55,local,0.125,1024,0.317555463023921,4.440892098500626e-14
0,4.55,local,0.125,4096,0.317555463023921,4.440892098500626e-14
0,4.55,local,0.125,16384,0.317555463023921,4.440892098500626e-14
0,4.55,local,0.125,65536,0.317555463023921,4.440892098500626e-14
0,4.55,local,0.125,131072,0.317555463023921,4.440892098500626e-14
0,4.55,local,0.25,1024,0.4773338832072406,1.9966926649070516
0,4.55,local,0.25,4096,0.46798956979462136,2.220446049250313e-14
0,4.55,local,0.25,16384,0.46798956979462136,2.220446049250313e-14
0,4.55,local,0.25,65536,0.46798956979462136,2.220446049250313e-14
0,4.55,local,0.25,131072,0.46798956979462136,2.220446049250313e-14
0,4.55,local,0.375,1024,0.6939431243364804,0.4934572179577934
0,4.55,local,0.375,4096,0.6905356264452167,2.220446049250313e-14
0,4.55,local,0.375,16384,0.6905356264452167,2.220446049250313e-14
0,4.55,local,0.375,65536,0.6905356264452167,2.220446049250313e-14
0,4.55,local,0.375,131072,0.6905356264452167,2.220446049250313e-14
0,4.55,local,0.5,1024,0.8424228446443474,1.3701180524418266
0,4.55,local,0.5,4096,0.8310366613251223,2.220446049250313e-14
0,4.55,local,0.5,16384,0.8310366613251223,2.220446049250313e-14
0,4.55,local,0.5,65536,0.8310366613251223,2.220446049250313e-14
0,4.55,local,0.5,131072,0.8310366613251223,2.220446049250313e-14
0,4.55,local,0.625,1024,0.9739794920233323,1.0347113606039793
0,4.55,local,0.625,4096,0.9640048245865648,2.220446049250313e-14
0,4.55,local,0.625,16384,0.9640048245865648,2.220446049250313e-14
0,4.55,local,0.625,65536,0.9640048245865648,2.220446049250313e-14
0,4.55,local,0.625,131072,0.9640048245865648,2.220446049250313e-14
0,4.55,local,0.75,1024,1.0934533531478612,0.02976042269520196
0,4.55,local,0.75,4096,1.0934533531478612,0.02976042269520196
0,4.55,local,0.75,16384,1.0931280336244549,0.0
0,4.55,local,0.75,65536,1.0931280336244549,0.0
0,4.55,local,0.75,131072,1.0931280336244549,0.0
0,4.55,local,0.875,1024,1.192668742150127,0.0954189317955656
0,4.55,local,0.875,4096,1.1915317952391051,0.0
0,4.55,local,0.875,16384,1.1915317952391051,0.0
0,4.55,local,0.875,65536,1.1915317952391051,0.0
0,4.55,local,0.875,131072,1.1915317952391051,0.0
0,4.55,hot-cold,0.125,1024,0.19925311783311767,0.0
0,4.55,hot-cold,0.125,4096,0.19925311783311767,0.0
0,4.55,hot-cold,0.125,16384,0.19925311783311767,0.0
0,4.55,hot-cold,0.125,65536,0.19925311783311767,0.0
0,4.55,hot-cold,0.125,131072,0.19925311783311767,0.0
0,4.55,hot-cold,0.25,1024,0.38778087190046473,0.0
0,4.55,hot-cold,0.25,4096,0.38778087190046473,0.0
0,4.55,hot-cold,0.25,16384,0.38778087190046473,0.0
0,4.55,hot-cold,0.25,65536,0.38778087190046473,0.0
0,4.55,hot-cold,0.25,131072,0.38778087190046473,0.0
0,4.55,hot-cold,0.375,1024,0.565540830759265,0.0
0,4.55,hot-cold,0.375,4096,0.565540830759265,0.0
0,4.55,hot-cold,0.375,16384,0.565540830759265,0.0
0,4.55,hot-cold,0.375,65536,0.565540830759265,0.0
0,4.55,hot-cold,0.375,131072,0.565540830759265,0.0
0,4.55,hot-cold,0.5,1024,0.742119208281743,0.1316828522150315
0,4.55,hot-cold,0.5,4096,0.7411432497115239,2.220446049250313e-14
0,4.55,hot-cold,0.5,16384,0.7411432497115239,2.220446049250313e-14
0,4.55,hot-cold,0.5,65536,0.7411432497115239,2.220446049250313e-14
0,4.55,hot-cold,0.5,131072,0.7411432497115239,2.220446049250313e-14
0,4.55,hot-cold,0.625,1024,0.8987856301154507,0.5093172266610102
0,4.55,hot-cold,0.625,4096,0.8987856301154507,0.5093172266610102
0,4.55,hot-cold,0.625,16384,0.8987856301154507,0.5093172266610102
0,4.55,hot-cold,0.625,65536,0.8942311567877607,2.220446049250313e-14
0,4.55,hot-cold,0.625,131072,0.8942311567877607,2.220446049250313e-14
0,4.55,hot-cold,0.75,1024,1.0340263577358189,1.9985177941398868
0,4.55,hot-cold,0.75,4096,1.0137660625841238,0.0
0,4.55,hot-cold,0.75,16384,1.0137660625841238,0.0
0,4.55,hot-cold,0.75,65536,1.0137660625841238,0.0
0,4.55,hot-cold,0.75,131072,1.0137660625841238,0.0
0,4.55,hot-cold,0.875,1024,1.1247000200657162,0.0
0,4.55,hot-cold,0.875,4096,1.1247000200657162,0.0
0,4.55,hot-cold,0.875,16384,1.1247000200657162,0.0
0,4.55,hot-cold,0.875,65536,1.1247000200657162,0.0
0,4.55,hot-cold,0.875,131072,1.1247000200657162,0.0
1,1.07,random,0.125,1024,0.22479408125763323,0.0
1,1.07,random,0.125,4096,0.22479408125763323,0.0
1,1.07,random,0.125,16384,0.22479408125763323,0.0
1,1.07,random,0.125,65536,0.22479408125763323,0.0
1,1.07,random,0.125,131072,0.22479408125763323,0.0
1,1.07,random,0.25,1024,0.45601067797588307,4.026632777505901
1,1.07,random,0.25,4096,0.45601067797588307,4.026632777505901
1,1.07,random,0.25,16384,0.4383595487044239,2.220446049250313e-14
1,1.07,random,0.25,65536,0.4383595487044239,2.220446049250313e-14
1,1.07,random,0.25,131072,0.4383595487044239,2.220446049250313e-14
1,1.07,random,0.375,1024,0.7077929842996624,9.735700078248065
1,1.07,random,0.375,4096,0.6449979211824084,2.220446049250313e-14
1,1.07,random,0.375,16384,0.6449979211824084,2.220446049250313e-14
1,1.07,random,0.375,65536,0.6449979211824084,2.220446049250313e-14
1,1.07,random,0.375,131072,0.6449979211824084,2.220446049250313e-14
1,1.07,random,0.5,1024,0.8515020480540024,2.9904388878389643
1,1.07,random,0.5,4096,0.8365373499773067,1.1804364030943315
1,1.07,random,0.5,16384,0.8267777642751137,0.0
1,1.07,random,0.5,65536,0.8267777642751137,0.0
1,1.07,random,0.5,131072,0.8267777642751137,0.0
1,1.07,random,0.625,1024,0.9855336916974518,0.0
1,1.07,random,0.625,4096,0.9855336916974518,0.0
1,1.07,random,0.625,16384,0.9855336916974518,0.0
1,1.07,random,0.625,65536,0.9855336916974518,0.0
1,1.07,random,0.625,131072,0.9855336916974518,0.0
1,1.07,random,0.75,1024,1.1920394519946376,1.4132238134915376
1,1.07,random,0.75,4096,1.175428023259482,2.220446049250313e-14
1,1.07,random,0.75,16384,1.175428023259482,2.220446049250313e-14
1,1.07,random,0.75,65536,1.175428023259482,2.220446049250313e-14
1,1.07,random,0.75,131072,1.175428023259482,2.220446049250313e-14
1,1.07,random,0.875,1024,1.3807801224366385,0.5448453484223403
1,1.07,random,0.875,4096,1.3732977733982907,2.220446049250313e-14
1,1.07,random,0.875,16384,1.3732977733982907,2.220446049250313e-14
1,1.07,random,0.875,65536,1.3732977733982907,2.220446049250313e-14
1,1.07,random,0.875,131072,1.3732977733982907,2.220446049250313e-14
1,1.07,local,0.125,1024,0.25374645497214676,0.0
1,1.07,local,0.125,4096,0.25374645497214676,0.0
1,1.07,local,0.125,16384,0.25374645497214676,0.0
1,1.07,local,0.125,65536,0.25374645497214676,0.0
1,1.07,local,0.125,131072,0.25374645497214676,0.0
1,1.07,local,0.25,1024,0.4612836726870601,0.07057460205976973
1,1.07,local,0.25,4096,0.4609583531636537,2.220446049250313e-14
1,1.07,local,0.25,16384,0.4609583531636537,2.220446049250313e-14
1,1.07,local,0.25,65536,0.4609583531636537,2.220446049250313e-14
1,1.07,local,0.25,131072,0.4609583531636537,2.220446049250313e-14
1,1.07,local,0.375,1024,0.6483576314104105,0.03751712707460442
1,1.07,local,0.375,4096,0.6483576314104105,0.03751712707460442
1,1.07,local,0.375,16384,0.6481144774783061,2.220446049250313e-14
1,1.07,local,0.375,65536,0.6481144774783061,2.220446049250313e-14
1,1.07,local,0.375,131072,0.6481144774783061,2.220446049250313e-14
1,1.07,local,0.5,1024,0.8598257301030869,0.8189541015965585
1,1.07,local,0.5,4096,0.8528413508799442,2.220446049250313e-14
1,1.07,local,0.5,16384,0.8528413508799442,2.220446049250313e-14
1,1.07,local,0.5,65536,0.8528413508799442,2.220446049250313e-14
1,1.07,local,0.5,131072,0.8528413508799442,2.220446049250313e-14
1,1.07,local,0.625,1024,1.0477747542176632,3.4550216331370898
1,1.07,local,0.625,4096,1.012782886395972,0.0
1,1.07,local,0.625,16384,1.012782886395972,0.0
1,1.07,local,0.625,65536,1.012782886395972,0.0
1,1.07,local,0.625,131072,1.012782886395972,0.0
1,1.07,local,0.75,1024,1.1569801954025865,0.0
1,1.07,local,0.75,4096,1.1569801954025865,0.0
1,1.07,local,0.75,16384,1.1569801954025865,0.0
1,1.07,local,0.75,65536,1.1569801954025865,0.0
1,1.07,local,0.75,131072,1.1569801954025865,0.0
1,1.07,local,0.875,1024,1.3145775614281208,0.018500157244449866
1,1.07,local,0.875,4096,1.3143344074960164,2.220446049250313e-14
1,1.07,local,0.875,16384,1.3143344074960164,2.220446049250313e-14
1,1.07,local,0.875,65536,1.3143344074960164,2.220446049250313e-14
1,1.07,local,0.875,131072,1.3143344074960164,2.220446049250313e-14
1,1.07,hot-cold,0.125,1024,0.20787917545670886,0.0
1,1.07,hot-cold,0.125,4096,0.20787917545670886,0.0
1,1.07,hot-cold,0.125,16384,0.20787917545670886,0.0
1,1.07,hot-cold,0.125,65536,0.20787917545670886,0.0
1,1.07,hot-cold,0.125,131072,0.20787917545670886,0.0
1,1.07,hot-cold,0.25,1024,0.3916847061813419,0.417014178482078
1,1.07,hot-cold,0.25,4096,0.3916847061813419,0.417014178482078
1,1.07,hot-cold,0.25,16384,0.3916847061813419,0.417014178482078
1,1.07,hot-cold,0.25,65536,0.39005810856430967,0.0
1,1.07,hot-cold,0.25,131072,0.39005810856430967,0.0
1,1.07,hot-cold,0.375,1024,0.5856455697812617,0.0
1,1.07,hot-cold,0.375,4096,0.5856455697812617,0.0
1,1.07,hot-cold,0.375,16384,0.5856455697812617,0.0
1,1.07,hot-cold,0.375,65536,0.5856455697812617,0.0
1,1.07,hot-cold,0.375,131072,0.5856455697812617,0.0
1,1.07,hot-cold,0.5,1024,0.7931289980648767,0.0
1,1.07,hot-cold,0.5,4096,0.7931289980648767,0.0
1,1.07,hot-cold,0.5,16384,0.7931289980648767,0.0
1,1.07,hot-cold,0.5,65536,0.7931289980648767,0.0
1,1.07,hot-cold,0.5,131072,0.7931289980648767,0.0
1,1.07,hot-cold,0.625,1024,0.9961283806704891,0.03266906239791645
1,1.07,hot-cold,0.625,4096,0.9958030611470827,2.220446049250313e-14
1,1.07,hot-cold,0.625,16384,0.9958030611470827,2.220446049250313e-14
1,1.07,hot-cold,0.625,65536,0.9958030611470827,2.220446049250313e-14
1,1.07,hot-cold,0.625,131072,0.9958030611470827,2.220446049250313e-14
1,1.07,hot-cold,0.75,1024,1.1608104871638305,4.440892098500626e-14
1,1.07,hot-cold,0.75,4096,1.1608104871638305,4.440892098500626e-14
1,1.07,hot-cold,0.75,16384,1.1608104871638305,4.440892098500626e-14
1,1.07,hot-cold,0.75,65536,1.1608104871638305,4.440892098500626e-14
1,1.07,hot-cold,0.75,131072,1.1608104871638305,4.440892098500626e-14
1,1.07,hot-cold,0.875,1024,1.3617875249793168,0.28749401054146695
1,1.07,hot-cold,0.875,4096,1.3578836906984395,2.220446049250313e-14
1,1.07,hot-cold,0.875,16384,1.3578836906984395,2.220446049250313e-14
1,1.07,hot-cold,0.875,65536,1.3578836906984395,2.220446049250313e-14
1,1.07,hot-cold,0.875,131072,1.3578836906984395,2.220446049250313e-14
1,1.25,random,0.125,1024,0.31084276661953475,37.4819975836233
1,1.25,random,0.125,4096,0.22609706876746896,2.220446049250313e-14
1,1.25,random,0.125,16384,0.22609706876746896,2.220446049250313e-14
1,1.25,random,0.125,65536,0.22609706876746896,2.220446049250313e-14
1,1.25,random,0.125,131072,0.22609706876746896,2.220446049250313e-14
1,1.25,random,0.25,1024,0.43949486218985406,0.0
1,1.25,random,0.25,4096,0.43949486218985406,0.0
1,1.25,random,0.25,16384,0.43949486218985406,0.0
1,1.25,random,0.25,65536,0.43949486218985406,0.0
1,1.25,random,0.25,131072,0.43949486218985406,0.0
1,1.25,random,0.375,1024,0.6184138383891691,0.8477325572269878
1,1.25,random,0.375,4096,0.6164686069323336,0.5305142649717043
1,1.25,random,0.375,16384,0.6164686069323336,0.5305142649717043
1,1.25,random,0.375,65536,0.6132154116982693,0.0
1,1.25,random,0.375,131072,0.6132154116982693,0.0
1,1.25,random,0.5,1024,0.818718394700205,0.0
1,1.25,random,0.5,4096,0.818718394700205,0.0
1,1.25,random,0.5,16384,0.818718394700205,0.0
1,1.25,random,0.5,65536,0.818718394700205,0.0
1,1.25,random,0.5,131072,0.818718394700205,0.0
1,1.25,random,0.625,1024,1.0073182098428313,0.6754155347114876
1,1.25,random,0.625,4096,1.0073182098428313,0.6754155347114876
1,1.25,random,0.625,16384,1.0005602703427852,2.220446049250313e-14
1,1.25,random,0.625,65536,1.0005602703427852,2.220446049250313e-14
1,1.25,random,0.625,131072,1.0005602703427852,2.220446049250313e-14
1,1.25,random,0.75,1024,1.18031115895238,2.220446049250313e-14
1,1.25,random,0.75,4096,1.18031115895238,2.220446049250313e-14
1,1.25,random,0.75,16384,1.18031115895238,2.220446049250313e-14
1,1.25,random,0.75,65536,1.18031115895238,2.220446049250313e-14
1,1.25,random,0.75,131072,1.18031115895238,2.220446049250313e-14
1,1.25,random,0.875,1024,1.3628238066832001,0.0
1,1.25,random,0.875,4096,1.3628238066832001,0.0
1,1.25,random,0.875,16384,1.3628238066832001,0.0
1,1.25,random,0.875,65536,1.3628238066832001,0.0
1,1.25,random,0.875,131072,1.3628238066832001,0.0
1,1.25,local,0.125,1024,0.2444428635860936,0.0
1,1.25,local,0.125,4096,0.2444428635860936,0.0
1,1.25,local,0.125,16384,0.2444428635860936,0.0
1,1.25,local,0.125,65536,0.2444428635860936,0.0
1,1.25,local,0.125,131072,0.2444428635860936,0.0
1,1.25,local,0.25,1024,0.44722101070785786,0.21795388831880036
1,1.25,local,0.25,4096,0.4462483949794401,4.440892098500626e-14
1,1.25,local,0.25,16384,0.4462483949794401,4.440892098500626e-14
1,1.25,local,0.25,65536,0.4462483949794401,4.440892098500626e-14
1,1.25,local,0.25,131072,0.4462483949794401,4.440892098500626e-14
1,1.25,local,0.375,1024,0.6331995420755407,2.220446049250313e-14
1,1.25,local,0.375,4096,0.6331995420755407,2.220446049250313e-14
1,1.25,local,0.375,16384,0.6331995420755407,2.220446049250313e-14
1,1.25,local,0.375,65536,0.6331995420755407,2.220446049250313e-14
1,1.25,local,0.375,131072,0.6331995420755407,2.220446049250313e-14
1,1.25,local,0.5,1024,0.8585344421668509,1.4714075448571728
1,1.25,local,0.5,4096,0.8585344421668509,1.4714075448571728
1,1.25,local,0.5,16384,0.8460850824280931,2.220446049250313e-14
1,1.25,local,0.5,65536,0.8460850824280931,2.220446049250313e-14
1,1.25,local,0.5,131072,0.8460850824280931,2.220446049250313e-14
1,1.25,local,0.625,1024,1.0159526241982204,0.04904658626998515
1,1.25,local,0.625,4096,1.015454578392397,2.220446049250313e-14
1,1.25,local,0.625,16384,1.015454578392397,2.220446049250313e-14
1,1.25,local,0.625,65536,1.015454578392397,2.220446049250313e-14
1,1.25,local,0.625,131072,1.015454578392397,2.220446049250313e-14
1,1.25,local,0.75,1024,1.1706666353251747,0.13210184712697526
1,1.25,local,0.75,4096,1.1691222032994446,0.0
1,1.25,local,0.75,16384,1.1691222032994446,0.0
1,1.25,local,0.75,65536,1.1691222032994446,0.0
1,1.25,local,0.75,131072,1.1691222032994446,0.0
1,1.25,local,0.875,1024,1.3257708094328826,2.220446049250313e-14
1,1.25,local,0.875,4096,1.3257708094328826,2.220446049250313e-14
1,1.25,local,0.875,16384,1.3257708094328826,2.220446049250313e-14
1,1.25,local,0.875,65536,1.3257708094328826,2.220446049250313e-14
1,1.25,local,0.875,131072,1.3257708094328826,2.220446049250313e-14
1,1.25,hot-cold,0.125,1024,0.20201502893558007,0.0
1,1.25,hot-cold,0.125,4096,0.20201502893558007,0.0
1,1.25,hot-cold,0.125,16384,0.20201502893558007,0.0
1,1.25,hot-cold,0.125,65536,0.20201502893558007,0.0
1,1.25,hot-cold,0.125,131072,0.20201502893558007,0.0
1,1.25,hot-cold,0.25,1024,0.38972439394109026,0.0
1,1.25,hot-cold,0.25,4096,0.38972439394109026,0.0
1,1.25,hot-cold,0.25,16384,0.38972439394109026,0.0
1,1.25,hot-cold,0.25,65536,0.38972439394109026,0.0
1,1.25,hot-cold,0.25,131072,0.38972439394109026,0.0
1,1.25,hot-cold,0.375,1024,0.5859004616549808,0.8398656215005795
1,1.25,hot-cold,0.375,4096,0.5810206688038844,2.220446049250313e-14
1,1.25,hot-cold,0.375,16384,0.5810206688038844,2.220446049250313e-14
1,1.25,hot-cold,0.375,65536,0.5810206688038844,2.220446049250313e-14
1,1.25,hot-cold,0.375,131072,0.5810206688038844,2.220446049250313e-14
1,1.25,hot-cold,0.5,1024,0.7716579095200524,2.220446049250313e-14
1,1.25,hot-cold,0.5,4096,0.7716579095200524,2.220446049250313e-14
1,1.25,hot-cold,0.5,16384,0.7716579095200524,2.220446049250313e-14
1,1.25,hot-cold,0.5,65536,0.7716579095200524,2.220446049250313e-14
1,1.25,hot-cold,0.5,131072,0.7716579095200524,2.220446049250313e-14
1,1.25,hot-cold,0.625,1024,1.011093078747185,4.470588235294137
1,1.25,hot-cold,0.625,4096,0.9678255821341297,2.220446049250313e-14
1,1.25,hot-cold,0.625,16384,0.9678255821341297,2.220446049250313e-14
1,1.25,hot-cold,0.625,65536,0.9678255821341297,2.220446049250313e-14
1,1.25,hot-cold,0.625,131072,0.9678255821341297,2.220446049250313e-14
1,1.25,hot-cold,0.75,1024,1.1729177371795554,0.4737443925326046
1,1.25,hot-cold,0.75,4096,1.1673873052816464,2.220446049250313e-14
1,1.25,hot-cold,0.75,16384,1.1673873052816464,2.220446049250313e-14
1,1.25,hot-cold,0.75,65536,1.1673873052816464,2.220446049250313e-14
1,1.25,hot-cold,0.75,131072,1.1673873052816464,2.220446049250313e-14
1,1.25,hot-cold,0.875,1024,1.328930253115267,0.024485798237017242
1,1.25,hot-cold,0.875,4096,1.3286049335918606,0.0
1,1.25,hot-cold,0.875,16384,1.3286049335918606,0.0
1,1.25,hot-cold,0.875,65536,1.3286049335918606,0.0
1,1.25,hot-cold,0.875,131072,1.3286049335918606,0.0
1,1.44,random,0.125,1024,0.2544113772735875,18.128648882730115
1,1.44,random,0.125,4096,0.21536805819742283,0.0
1,1.44,random,0.125,16384,0.21536805819742283,0.0
1,1.44,random,0.125,65536,0.21536805819742283,0.0
1,1.44,random,0.125,131072,0.21536805819742283,0.0
1,1.44,random,0.25,1024,0.4120120101503045,0.3963585369643807
1,1.44,random,0.25,4096,0.4103854125332723,0.0
1,1.44,random,0.25,16384,0.4103854125332723,0.0
1,1.44,random,0.25,65536,0.4103854125332723,0.0
1,1.44,random,0.25,131072,0.4103854125332723,0.0
1,1.44,random,0.375,1024,0.68243469969235,8.76221212668078
1,1.44,random,0.375,4096,0.68243469969235,8.76221212668078
1,1.44,random,0.375,16384,0.6274557002366633,0.0
1,1.44,random,0.375,65536,0.6274557002366633,0.0
1,1.44,random,0.375,131072,0.6274557002366633,0.0
1,1.44,random,0.5,1024,0.8900724306331644,6.2111933571608935
1,1.44,random,0.5,4096,0.8380213068881357,2.220446049250313e-14
1,1.44,random,0.5,16384,0.8380213068881357,2.220446049250313e-14
1,1.44,random,0.5,65536,0.8380213068881357,2.220446049250313e-14
1,1.44,random,0.5,131072,0.8380213068881357,2.220446049250313e-14
1,1.44,random,0.625,1024,1.0564599574930384,2.210816132088733
1,1.44,random,0.625,4096,1.0336087681050876,0.0
1,1.44,random,0.625,16384,1.0336087681050876,0.0
1,1.44,random,0.625,65536,1.0336087681050876,0.0
1,1.44,random,0.625,131072,1.0336087681050876,0.0
1,1.44,random,0.75,1024,1.2010712093261084,1.3390327261477264
1,1.44,random,0.75,4096,1.185200980328881,0.0
1,1.44,random,0.75,16384,1.185200980328881,0.0
1,1.44,random,0.75,65536,1.185200980328881,0.0
1,1.44,random,0.75,131072,1.185200980328881,0.0
1,1.44,random,0.875,1024,1.3572330516516264,0.23456043369860513
1,1.44,random,0.875,4096,1.3540569697508527,0.0
1,1.44,random,0.875,16384,1.3540569697508527,0.0
1,1.44,random,0.875,65536,1.3540569697508527,0.0
1,1.44,random,0.875,131072,1.3540569697508527,0.0
1,1.44,local,0.125,1024,0.24596552914480463,0.0
1,1.44,local,0.125,4096,0.24596552914480463,0.0
1,1.44,local,0.125,16384,0.24596552914480463,0.0
1,1.44,local,0.125,65536,0.24596552914480463,0.0
1,1.44,local,0.125,131072,0.24596552914480463,0.0
1,1.44,local,0.25,1024,0.4529749194401547,0.0
1,1.44,local,0.25,4096,0.4529749194401547,0.0
1,1.44,local,0.25,16384,0.4529749194401547,0.0
1,1.44,local,0.25,65536,0.4529749194401547,0.0
1,1.44,local,0.25,131072,0.4529749194401547,0.0
1,1.44,local,0.375,1024,0.6887512697159616,0.0
1,1.44,local,0.375,4096,0.6887512697159616,0.0
1,1.44,local,0.375,16384,0.6887512697159616,0.0
1,1.44,local,0.375,65536,0.6887512697159616,0.0
1,1.44,local,0.375,131072,0.6887512697159616,0.0
1,1.44,local,0.5,1024,0.8301243311077654,2.220446049250313e-14
1,1.44,local,0.5,4096,0.8301243311077654,2.220446049250313e-14
1,1.44,local,0.5,16384,0.8301243311077654,2.220446049250313e-14
1,1.44,local,0.5,65536,0.8301243311077654,2.220446049250313e-14
1,1.44,local,0.5,131072,0.8301243311077654,2.220446049250313e-14
1,1.44,local,0.625,1024,0.9951937136837689,2.220446049250313e-14
1,1.44,local,0.625,4096,0.9951937136837689,2.220446049250313e-14
1,1.44,local,0.625,16384,0.9951937136837689,2.220446049250313e-14
1,1.44,local,0.625,65536,0.9951937136837689,2.220446049250313e-14
1,1.44,local,0.625,131072,0.9951937136837689,2.220446049250313e-14
1,1.44,local,0.75,1024,1.1392635387582144,0.0
1,1.44,local,0.75,4096,1.1392635387582144,0.0
1,1.44,local,0.75,16384,1.1392635387582144,0.0
1,1.44,local,0.75,65536,1.1392635387582144,0.0
1,1.44,local,0.75,131072,1.1392635387582144,0.0
1,1.44,local,0.875,1024,1.2865327696354258,0.22809789246791556
1,1.44,local,0.875,4096,1.2865327696354258,0.22809789246791556
1,1.44,local,0.875,16384,1.2839302134481745,0.025344210274180767
1,1.44,local,0.875,65536,1.2836048939247682,0.0
1,1.44,local,0.875,131072,1.2836048939247682,0.0
1,1.44,hot-cold,0.125,1024,0.2258337817939369,0.0
1,1.44,hot-cold,0.125,4096,0.2258337817939369,0.0
1,1.44,hot-cold,0.125,16384,0.2258337817939369,0.0
1,1.44,hot-cold,0.125,65536,0.2258337817939369,0.0
1,1.44,hot-cold,0.125,131072,0.2258337817939369,0.0
1,1.44,hot-cold,0.25,1024,0.43079347663980094,0.0
1,1.44,hot-cold,0.25,4096,0.43079347663980094,0.0
1,1.44,hot-cold,0.25,16384,0.43079347663980094,0.0
1,1.44,hot-cold,0.25,65536,0.43079347663980094,0.0
1,1.44,hot-cold,0.25,131072,0.43079347663980094,0.0
1,1.44,hot-cold,0.375,1024,0.6096487868636501,0.0
1,1.44,hot-cold,0.375,4096,0.6096487868636501,0.0
1,1.44,hot-cold,0.375,16384,0.6096487868636501,0.0
1,1.44,hot-cold,0.375,65536,0.6096487868636501,0.0
1,1.44,hot-cold,0.375,131072,0.6096487868636501,0.0
1,1.44,hot-cold,0.5,1024,0.8010104371181199,0.0
1,1.44,hot-cold,0.5,4096,0.8010104371181199,0.0
1,1.44,hot-cold,0.5,16384,0.8010104371181199,0.0
1,1.44,hot-cold,0.5,65536,0.8010104371181199,0.0
1,1.44,hot-cold,0.5,131072,0.8010104371181199,0.0
1,1.44,hot-cold,0.625,1024,1.0130449958876235,1.5986949429037667
1,1.44,hot-cold,0.625,4096,0.9971043392407083,0.0
1,1.44,hot-cold,0.625,16384,0.9971043392407083,0.0
1,1.44,hot-cold,0.625,65536,0.9971043392407083,0.0
1,1.44,hot-cold,0.625,131072,0.9971043392407083,0.0
1,1.44,hot-cold,0.75,1024,1.1249549119394358,0.028926815157670482
1,1.44,hot-cold,0.75,4096,1.1249549119394358,0.028926815157670482
1,1.44,hot-cold,0.75,16384,1.1246295924160292,2.220446049250313e-14
1,1.44,hot-cold,0.75,65536,1.1246295924160292,2.220446049250313e-14
1,1.44,hot-cold,0.75,131072,1.1246295924160292,2.220446049250313e-14
1,1.44,hot-cold,0.875,1024,1.3261616563292018,0.0
1,1.44,hot-cold,0.875,4096,1.3261616563292018,0.0
1,1.44,hot-cold,0.875,16384,1.3261616563292018,0.0
1,1.44,hot-cold,0.875,65536,1.3261616563292018,0.0
1,1.44,hot-cold,0.875,131072,1.3261616563292018,0.0
1,2.48,random,0.125,1024,0.2377042595986869,0.0
1,2.48,random,0.125,4096,0.2377042595986869,0.0
1,2.48,random,0.125,16384,0.2377042595986869,0.0
1,2.48,random,0.125,65536,0.2377042595986869,0.0
1,2.48,random,0.125,131072,0.2377042595986869,0.0
1,2.48,random,0.25,1024,0.42491721222396517,0.0
1,2.48,random,0.25,4096,0.42491721222396517,0.0
1,2.48,random,0.25,16384,0.42491721222396517,0.0
1,2.48,random,0.25,65536,0.42491721222396517,0.0
1,2.48,random,0.25,131072,0.42491721222396517,0.0
1,2.48,random,0.375,1024,0.6242645375524734,0.0
1,2.48,random,0.375,4096,0.6242645375524734,0.0
1,2.48,random,0.375,16384,0.6242645375524734,0.0
1,2.48,random,0.375,65536,0.6242645375524734,0.0
1,2.48,random,0.375,131072,0.6242645375524734,0.0
1,2.48,random,0.5,1024,0.7934341085562372,2.220446049250313e-14
1,2.48,random,0.5,4096,0.7934341085562372,2.220446049250313e-14
1,2.48,random,0.5,16384,0.7934341085562372,2.220446049250313e-14
1,2.48,random,0.5,65536,0.7934341085562372,2.220446049250313e-14
1,2.48,random,0.5,131072,0.7934341085562372,2.220446049250313e-14
1,2.48,random,0.625,1024,1.0151443780204217,0.23346182702463913
1,2.48,random,0.625,4096,1.0151443780204217,0.23346182702463913
1,2.48,random,0.625,16384,1.0151443780204217,0.23346182702463913
1,2.48,random,0.625,65536,1.0127799235072632,2.220446049250313e-14
1,2.48,random,0.625,131072,1.0127799235072632,2.220446049250313e-14
1,2.48,random,0.75,1024,1.1866649561795188,0.8296911649219529
1,2.48,random,0.75,4096,1.1769003182193145,0.0
1,2.48,random,0.75,16384,1.1769003182193145,0.0
1,2.48,random,0.75,65536,1.1769003182193145,0.0
1,2.48,random,0.75,131072,1.1769003182193145,0.0
1,2.48,random,0.875,1024,1.3471245945521797,2.220446049250313e-14
1,2.48,random,0.875,4096,1.3471245945521797,2.220446049250313e-14
1,2.48,random,0.875,16384,1.3471245945521797,2.220446049250313e-14
1,2.48,random,0.875,65536,1.3471245945521797,2.220446049250313e-14
1,2.48,random,0.875,131072,1.3471245945521797,2.220446049250313e-14
1,2.48,local,0.125,1024,0.2487740120606329,0.13094032417082513
1,2.48,local,0.125,4096,0.24844869253722648,2.220446049250313e-14
1,2.48,local,0.125,16384,0.24844869253722648,2.220446049250313e-14
1,2.48,local,0.125,65536,0.24844869253722648,2.220446049250313e-14
1,2.48,local,0.125,131072,0.24844869253722648,2.220446049250313e-14
1,2.48,local,0.25,1024,0.44957319534507234,2.220446049250313e-14
1,2.48,local,0.25,4096,0.44957319534507234,2.220446049250313e-14
1,2.48,local,0.25,16384,0.44957319534507234,2.220446049250313e-14
1,2.48,local,0.25,65536,0.44957319534507234,2.220446049250313e-14
1,2.48,local,0.25,131072,0.44957319534507234,2.220446049250313e-14
1,2.48,local,0.375,1024,0.6647669698251052,1.2872220770693499
1,2.48,local,0.375,4096,0.6572913064703604,0.148192599439545
1,2.48,local,0.375,16384,0.6563186907419426,4.440892098500626e-14
1,2.48,local,0.375,65536,0.6563186907419426,4.440892098500626e-14
1,2.48,local,0.375,131072,0.6563186907419426,4.440892098500626e-14
1,2.48,local,0.5,1024,0.8309901655023749,0.15683928197351982
1,2.48,local,0.5,4096,0.8296888874087492,2.220446049250313e-14
1,2.48,local,0.5,16384,0.8296888874087492,2.220446049250313e-14
1,2.48,local,0.5,65536,0.8296888874087492,2.220446049250313e-14
1,2.48,local,0.5,131072,0.8296888874087492,2.220446049250313e-14
1,2.48,local,0.625,1024,0.9945848221641655,0.0
1,2.48,local,0.625,4096,1.0066216445302034,1.2102358791124868
1,2.48,local,0.625,16384,0.9945848221641655,0.0
1,2.48,local,0.625,65536,0.9945848221641655,0.0
1,2.48,local,0.625,131072,0.9945848221641655,0.0
1,2.48,local,0.75,1024,1.137997398498814,1.9164480286515406
1,2.48,local,0.75,4096,1.1165983710292686,2.220446049250313e-14
1,2.48,local,0.75,16384,1.1165983710292686,2.220446049250313e-14
1,2.48,local,0.75,65536,1.1165983710292686,2.220446049250313e-14
1,2.48,local,0.75,131072,1.1165983710292686,2.220446049250313e-14
1,2.48,local,0.875,1024,1.3209026025421637,0.12329471702356987
1,2.48,local,0.875,4096,1.3199266439719444,0.049317886809419065
1,2.48,local,0.875,16384,1.3192760049251315,0.0
1,2.48,local,0.875,65536,1.3192760049251315,0.0
1,2.48,local,0.875,131072,1.3192760049251315,0.0
1,2.48,hot-cold,0.125,1024,0.19681831166089025,2.220446049250313e-14
1,2.48,hot-cold,0.125,4096,0.19681831166089025,2.220446049250313e-14
1,2.48,hot-cold,0.125,16384,0.19681831166089025,2.220446049250313e-14
1,2.48,hot-cold,0.125,65536,0.19681831166089025,2.220446049250313e-14
1,2.48,hot-cold,0.125,131072,0.19681831166089025,2.220446049250313e-14
1,2.48,hot-cold,0.25,1024,0.39565391585389503,2.220446049250313e-14
1,2.48,hot-cold,0.25,4096,0.39565391585389503,2.220446049250313e-14
1,2.48,hot-cold,0.25,16384,0.39565391585389503,2.220446049250313e-14
1,2.48,hot-cold,0.25,65536,0.39565391585389503,2.220446049250313e-14
1,2.48,hot-cold,0.25,131072,0.39565391585389503,2.220446049250313e-14
1,2.48,hot-cold,0.375,1024,0.5696344854846592,2.220446049250313e-14
1,2.48,hot-cold,0.375,4096,0.5696344854846592,2.220446049250313e-14
1,2.48,hot-cold,0.375,16384,0.5696344854846592,2.220446049250313e-14
1,2.48,hot-cold,0.375,65536,0.5696344854846592,2.220446049250313e-14
1,2.48,hot-cold,0.375,131072,0.5696344854846592,2.220446049250313e-14
1,2.48,hot-cold,0.5,1024,0.7628658872882658,0.342322992677091
1,2.48,hot-cold,0.5,4096,0.7602633311010143,2.220446049250313e-14
1,2.48,hot-cold,0.5,16384,0.7602633311010143,2.220446049250313e-14
1,2.48,hot-cold,0.5,65536,0.7602633311010143,2.220446049250313e-14
1,2.48,hot-cold,0.5,131072,0.7602633311010143,2.220446049250313e-14
1,2.48,hot-cold,0.625,1024,0.9327615012559225,1.810940324516097
1,2.48,hot-cold,0.625,4096,0.9161702055621945,0.0
1,2.48,hot-cold,0.625,16384,0.9161702055621945,0.0
1,2.48,hot-cold,0.625,65536,0.9161702055621945,0.0
1,2.48,hot-cold,0.625,131072,0.9161702055621945,0.0
1,2.48,hot-cold,0.75,1024,1.1193221814087964,0.0
1,2.48,hot-cold,0.75,4096,1.1193221814087964,0.0
1,2.48,hot-cold,0.75,16384,1.1193221814087964,0.0
1,2.48,hot-cold,0.75,65536,1.1193221814087964,0.0
1,2.48,hot-cold,0.75,131072,1.1193221814087964,0.0
1,2.48,hot-cold,0.875,1024,1.2910204621177042,0.0
1,2.48,hot-cold,0.875,4096,1.2910204621177042,0.0
1,2.48,hot-cold,0.875,16384,1.2910204621177042,0.0
1,2.48,hot-cold,0.875,65536,1.2910204621177042,0.0
1,2.48,hot-cold,0.875,131072,1.2910204621177042,0.0
1,3.3,random,0.125,1024,0.3013343876187704,8.641189753908506
1,3.3,random,0.125,4096,0.2962281550445771,6.800221033397413
1,3.3,random,0.125,16384,0.27736661233308113,2.220446049250313e-14
1,3.3,random,0.125,65536,0.27736661233308113,2.220446049250313e-14
1,3.3,random,0.125,131072,0.27736661233308113,2.220446049250313e-14
1,3.3,random,0.25,1024,0.48005723764305774,0.0
1,3.3,random,0.25,4096,0.48005723764305774,0.0
1,3.3,random,0.25,16384,0.48005723764305774,0.0
1,3.3,random,0.25,65536,0.48005723764305774,0.0
1,3.3,random,0.25,131072,0.48005723764305774,0.0
1,3.3,random,0.375,1024,0.661551229766424,0.29490809086345493
1,3.3,random,0.375,4096,0.6596059983095884,2.220446049250313e-14
1,3.3,random,0.375,16384,0.6596059983095884,2.220446049250313e-14
1,3.3,random,0.375,65536,0.6596059983095884,2.220446049250313e-14
1,3.3,random,0.375,131072,0.6596059983095884,2.220446049250313e-14
1,3.3,random,0.5,1024,0.879922871554059,3.21059176780889
1,3.3,random,0.5,4096,0.8525509412189076,2.220446049250313e-14
1,3.3,random,0.5,16384,0.8525509412189076,2.220446049250313e-14
1,3.3,random,0.5,65536,0.8525509412189076,2.220446049250313e-14
1,3.3,random,0.5,131072,0.8525509412189076,2.220446049250313e-14
1,3.3,random,0.625,1024,1.0480245178427523,1.9623211633076787
1,3.3,random,0.625,4096,1.0278547073915536,0.0
1,3.3,random,0.625,16384,1.0278547073915536,0.0
1,3.3,random,0.625,65536,1.0278547073915536,0.0
1,3.3,random,0.625,131072,1.0278547073915536,0.0
1,3.3,random,0.75,1024,1.1803913871556164,0.027567907622261245
1,3.3,random,0.75,4096,1.1803913871556164,0.027567907622261245
1,3.3,random,0.75,16384,1.1803913871556164,0.027567907622261245
1,3.3,random,0.75,65536,1.18006606763221,0.0
1,3.3,random,0.75,131072,1.18006606763221,0.0
1,3.3,random,0.875,1024,1.3451390970124881,0.02419067448975465
1,3.3,random,0.875,4096,1.3448137774890816,0.0
1,3.3,random,0.875,16384,1.3448137774890816,0.0
1,3.3,random,0.875,65536,1.3448137774890816,0.0
1,3.3,random,0.875,131072,1.3448137774890816,0.0
1,3.3,local,0.125,1024,0.2776215042068001,0.0
1,3.3,local,0.125,4096,0.2776215042068001,0.0
1,3.3,local,0.125,16384,0.2776215042068001,0.0
1,3.3,local,0.125,65536,0.2776215042068001,0.0
1,3.3,local,0.125,131072,0.2776215042068001,0.0
1,3.3,local,0.25,1024,0.4284864199942011,0.07598063510412256
1,3.3,local,0.25,4096,0.4281611004707947,2.220446049250313e-14
1,3.3,local,0.25,16384,0.4281611004707947,2.220446049250313e-14
1,3.3,local,0.25,65536,0.4281611004707947,2.220446049250313e-14
1,3.3,local,0.25,131072,0.4281611004707947,2.220446049250313e-14
1,3.3,local,0.375,1024,0.6205269334742506,0.1049627244439133
1,3.3,local,0.375,4096,0.6198762944274377,2.220446049250313e-14
1,3.3,local,0.375,16384,0.6198762944274377,2.220446049250313e-14
1,3.3,local,0.375,65536,0.6198762944274377,2.220446049250313e-14
1,3.3,local,0.375,131072,0.6198762944274377,2.220446049250313e-14
1,3.3,local,0.5,1024,0.7752962530994616,2.220446049250313e-14
1,3.3,local,0.5,4096,0.7752962530994616,2.220446049250313e-14
1,3.3,local,0.5,16384,0.7752962530994616,2.220446049250313e-14
1,3.3,local,0.5,65536,0.7752962530994616,2.220446049250313e-14
1,3.3,local,0.5,131072,0.7752962530994616,2.220446049250313e-14
1,3.3,local,0.625,1024,0.9016152715733503,0.06309033633973282
1,3.3,local,0.625,4096,0.9010467981178393,0.0
1,3.3,local,0.625,16384,0.9010467981178393,0.0
1,3.3,local,0.625,65536,0.9010467981178393,0.0
1,3.3,local,0.625,131072,0.9010467981178393,0.0
1,3.3,local,0.75,1024,1.0029550384040127,0.12991296445814537
1,3.3,local,0.75,4096,1.0019790798337933,0.03247824111451969
1,3.3,local,0.75,16384,1.0019790798337933,0.03247824111451969
1,3.3,local,0.75,65536,1.001653760310387,0.0
1,3.3,local,0.75,131072,1.001653760310387,0.0
1,3.3,local,0.875,1024,1.1083592855258657,1.7312144826269416
1,3.3,local,0.875,4096,1.1083592855258657,1.7312144826269416
1,3.3,local,0.875,16384,1.0894977428143697,0.0
1,3.3,local,0.875,65536,1.0894977428143697,0.0
1,3.3,local,0.875,131072,1.0894977428143697,0.0
1,3.3,hot-cold,0.125,1024,0.1974689507077031,0.0
1,3.3,hot-cold,0.125,4096,0.1974689507077031,0.0
1,3.3,hot-cold,0.125,16384,0.1974689507077031,0.0
1,3.3,hot-cold,0.125,65536,0.1974689507077031,0.0
1,3.3,hot-cold,0.125,131072,0.1974689507077031,0.0
1,3.3,hot-cold,0.25,1024,0.4074793792802521,3.219826487347488
1,3.3,hot-cold,0.25,4096,0.39476851797479073,2.220446049250313e-14
1,3.3,hot-cold,0.25,16384,0.39476851797479073,2.220446049250313e-14
1,3.3,hot-cold,0.25,65536,0.39476851797479073,2.220446049250313e-14
1,3.3,hot-cold,0.25,131072,0.39476851797479073,2.220446049250313e-14
1,3.3,hot-cold,0.375,1024,0.5807724626137682,0.0
1,3.3,hot-cold,0.375,4096,0.5807724626137682,0.0
1,3.3,hot-cold,0.375,16384,0.5807724626137682,0.0
1,3.3,hot-cold,0.375,65536,0.5807724626137682,0.0
1,3.3,hot-cold,0.375,131072,0.5807724626137682,0.0
1,3.3,hot-cold,0.5,1024,0.7451141688002869,0.2187793959276929
1,3.3,hot-cold,0.5,4096,0.7451141688002869,0.2187793959276929
1,3.3,hot-cold,0.5,16384,0.7434875711832548,2.220446049250313e-14
1,3.3,hot-cold,0.5,65536,0.7434875711832548,2.220446049250313e-14
1,3.3,hot-cold,0.5,131072,0.7434875711832548,2.220446049250313e-14
1,3.3,hot-cold,0.625,1024,0.9123718607746119,2.220446049250313e-14
1,3.3,hot-cold,0.625,4096,0.9123718607746119,2.220446049250313e-14
1,3.3,hot-cold,0.625,16384,0.9123718607746119,2.220446049250313e-14
1,3.3,hot-cold,0.625,65536,0.9123718607746119,2.220446049250313e-14
1,3.3,hot-cold,0.625,131072,0.9123718607746119,2.220446049250313e-14
1,3.3,hot-cold,0.75,1024,1.0524790858694888,0.0
1,3.3,hot-cold,0.75,4096,1.0524790858694888,0.0
1,3.3,hot-cold,0.75,16384,1.0524790858694888,0.0
1,3.3,hot-cold,0.75,65536,1.0524790858694888,0.0
1,3.3,hot-cold,0.75,131072,1.0524790858694888,0.0
1,3.3,hot-cold,0.875,1024,1.168037944328459,0.11153143046622738
1,3.3,hot-cold,0.875,4096,1.1667366662348333,0.0
1,3.3,hot-cold,0.875,16384,1.1667366662348333,0.0
1,3.3,hot-cold,0.875,65536,1.1667366662348333,0.0
1,3.3,hot-cold,0.875,131072,1.1667366662348333,0.0
1,4.55,random,0.125,1024,0.3018206954829792,12.873501049714807
1,4.55,random,0.125,4096,0.26739730111679894,0.0
1,4.55,random,0.125,16384,0.26739730111679894,0.0
1,4.55,random,0.125,65536,0.26739730111679894,0.0
1,4.55,random,0.125,131072,0.26739730111679894,0.0
1,4.55,random,0.25,1024,0.4904775669080866,2.220446049250313e-14
1,4.55,random,0.25,4096,0.4904775669080866,2.220446049250313e-14
1,4.55,random,0.25,16384,0.4904775669080866,2.220446049250313e-14
1,4.55,random,0.25,65536,0.4904775669080866,2.220446049250313e-14
1,4.55,random,0.25,131072,0.4904775669080866,2.220446049250313e-14
1,4.55,random,0.375,1024,0.7729412575547749,14.401908035351418
1,4.55,random,0.375,4096,0.7419416953357735,9.813708050615766
1,4.55,random,0.375,16384,0.6756366837132891,2.220446049250313e-14
1,4.55,random,0.375,65536,0.6756366837132891,2.220446049250313e-14
1,4.55,random,0.375,131072,0.6756366837132891,2.220446049250313e-14
1,4.55,random,0.5,1024,0.845301489615404,0.0
1,4.55,random,0.5,4096,0.845301489615404,0.0
1,4.55,random,0.5,16384,0.845301489615404,0.0
1,4.55,random,0.5,65536,0.845301489615404,0.0
1,4.55,random,0.5,131072,0.845301489615404,0.0
1,4.55,random,0.625,1024,1.0283307587585024,0.0
1,4.55,random,0.625,4096,1.0283307587585024,0.0
1,4.55,random,0.625,16384,1.0283307587585024,0.0
1,4.55,random,0.625,65536,1.0283307587585024,0.0
1,4.55,random,0.625,131072,1.0283307587585024,0.0
1,4.55,random,0.75,1024,1.1779196577423354,2.220446049250313e-14
1,4.55,random,0.75,4096,1.1779196577423354,2.220446049250313e-14
1,4.55,random,0.75,16384,1.1779196577423354,2.220446049250313e-14
1,4.55,random,0.75,65536,1.1779196577423354,2.220446049250313e-14
1,4.55,random,0.75,131072,1.1779196577423354,2.220446049250313e-14
1,4.55,random,0.875,1024,1.3346132782541658,0.0
1,4.55,random,0.875,4096,1.3346132782541658,0.0
1,4.55,random,0.875,16384,1.3346132782541658,0.0
1,4.55,random,0.875,65536,1.3346132782541658,0.0
1,4.55,random,0.875,131072,1.3346132782541658,0.0
1,4.55,local,0.125,1024,0.2881659745621961,0.0
1,4.55,local,0.125,4096,0.2881659745621961,0.0
1,4.55,local,0.125,16384,0.2881659745621961,0.0
1,4.55,local,0.125,65536,0.2881659745621961,0.0
1,4.55,local,0.125,131072,0.2881659745621961,0.0
1,4.55,local,0.25,1024,0.5120265663149898,0.04751110063776487
1,4.55,local,0.25,4096,0.5120265663149898,0.04751110063776487
1,4.55,local,0.25,16384,0.5117834123828853,2.220446049250313e-14
1,4.55,local,0.25,65536,0.5117834123828853,2.220446049250313e-14
1,4.55,local,0.25,131072,0.5117834123828853,2.220446049250313e-14
1,4.55,local,0.375,1024,0.659738876084846,0.03686967541061126
1,4.55,local,0.375,4096,0.6594957221527415,2.220446049250313e-14
1,4.55,local,0.375,16384,0.6594957221527415,2.220446049250313e-14
1,4.55,local,0.375,65536,0.6594957221527415,2.220446049250313e-14
1,4.55,local,0.375,131072,0.6594957221527415,2.220446049250313e-14
1,4.55,local,0.5,1024,0.7842376017210547,2.220446049250313e-14
1,4.55,local,0.5,4096,0.7842376017210547,2.220446049250313e-14
1,4.55,local,0.5,16384,0.7842376017210547,2.220446049250313e-14
1,4.55,local,0.5,65536,0.7842376017210547,2.220446049250313e-14
1,4.55,local,0.5,131072,0.7842376017210547,2.220446049250313e-14
1,4.55,local,0.625,1024,0.9214254981863239,0.05280564333882687
1,4.55,local,0.625,4096,0.920939190322115,0.0
1,4.55,local,0.625,16384,0.920939190322115,0.0
1,4.55,local,0.625,65536,0.920939190322115,0.0
1,4.55,local,0.625,131072,0.920939190322115,0.0
1,4.55,local,0.75,1024,1.0574215568180112,2.220446049250313e-14
1,4.55,local,0.75,4096,1.0574215568180112,2.220446049250313e-14
1,4.55,local,0.75,16384,1.0574215568180112,2.220446049250313e-14
1,4.55,local,0.75,65536,1.0574215568180112,2.220446049250313e-14
1,4.55,local,0.75,131072,1.0574215568180112,2.220446049250313e-14
1,4.55,local,0.875,1024,1.1613057596847849,0.16778486152264627
1,4.55,local,0.875,4096,1.1593605282279493,0.0
1,4.55,local,0.875,16384,1.1593605282279493,0.0
1,4.55,local,0.875,65536,1.1593605282279493,0.0
1,4.55,local,0.875,131072,1.1593605282279493,0.0
1,4.55,hot-cold,0.125,1024,0.20534199466113331,0.0
1,4.55,hot-cold,0.125,4096,0.20534199466113331,0.0
1,4.55,hot-cold,0.125,16384,0.20534199466113331,0.0
1,4.55,hot-cold,0.125,65536,0.20534199466113331,0.0
1,4.55,hot-cold,0.125,131072,0.20534199466113331,0.0
1,4.55,hot-cold,0.25,1024,0.39023068286548984,2.220446049250313e-14
1,4.55,hot-cold,0.25,4096,0.39023068286548984,2.220446049250313e-14
1,4.55,hot-cold,0.25,16384,0.39023068286548984,2.220446049250313e-14
1,4.55,hot-cold,0.25,65536,0.39023068286548984,2.220446049250313e-14
1,4.55,hot-cold,0.25,131072,0.39023068286548984,2.220446049250313e-14
1,4.55,hot-cold,0.375,1024,0.5680815823684976,1.0252574557544136
1,4.55,hot-cold,0.375,4096,0.5623163916382968,0.0
1,4.55,hot-cold,0.375,16384,0.5623163916382968,0.0
1,4.55,hot-cold,0.375,65536,0.5623163916382968,0.0
1,4.55,hot-cold,0.375,131072,0.5623163916382968,0.0
1,4.55,hot-cold,0.5,1024,0.7104978391196436,2.220446049250313e-14
1,4.55,hot-cold,0.5,4096,0.7104978391196436,2.220446049250313e-14
1,4.55,hot-cold,0.5,16384,0.7104978391196436,2.220446049250313e-14
1,4.55,hot-cold,0.5,65536,0.7104978391196436,2.220446049250313e-14
1,4.55,hot-cold,0.5,131072,0.7104978391196436,2.220446049250313e-14
1,4.55,hot-cold,0.625,1024,0.8858749958306862,4.580488492688373
1,4.55,hot-cold,0.625,4096,0.8470748306866259,2.220446049250313e-14
1,4.55,hot-cold,0.625,16384,0.8470748306866259,2.220446049250313e-14
1,4.55,hot-cold,0.625,65536,0.8470748306866259,2.220446049250313e-14
1,4.55,hot-cold,0.625,131072,0.8470748306866259,2.220446049250313e-14
1,4.55,hot-cold,0.75,1024,0.9430241090313322,2.220446049250313e-14
1,4.55,hot-cold,0.75,4096,0.9430241090313322,2.220446049250313e-14
1,4.55,hot-cold,0.75,16384,0.9430241090313322,2.220446049250313e-14
1,4.55,hot-cold,0.75,65536,0.9430241090313322,2.220446049250313e-14
1,4.55,hot-cold,0.75,131072,0.9430241090313322,2.220446049250313e-14
1,4.55,hot-cold,0.875,1024,1.032066121486186,0.0946530774243115
1,4.55,hot-cold,0.875,4096,1.0310901629159668,2.220446049250313e-14
1,4.55,hot-cold,0.875,16384,1.0310901629159668,2.220446049250313e-14
1,4.55,hot-cold,0.875,65536,1.0310901629159668,2.220446049250313e-14
1,4.55,hot-cold,0.875,131072,1.0310901629159668,2.220446049250313e-14
2,1.07,random,0.125,1024,0.2616373529938618,12.75854786602235
2,1.07,random,0.125,4096,0.2616373529938618,12.75854786602235
2,1.07,random,0.125,16384,0.2320332763638767,2.220446049250313e-14
2,1.07,random,0.125,65536,0.2320332763638767,2.220446049250313e-14
2,1.07,random,0.125,131072,0.2320332763638767,2.220446049250313e-14
2,1.07,random,0.25,1024,0.41949109233746945,2.220446049250313e-14
2,1.07,random,0.25,4096,0.41949109233746945,2.220446049250313e-14
2,1.07,random,0.25,16384,0.41949109233746945,2.220446049250313e-14
2,1.07,random,0.25,65536,0.41949109233746945,2.220446049250313e-14
2,1.07,random,0.25,131072,0.41949109233746945,2.220446049250313e-14
2,1.07,random,0.375,1024,0.7256972960286306,16.442890022378887
2,1.07,random,0.375,4096,0.6671397818154732,7.046952866733802
2,1.07,random,0.375,16384,0.6671397818154732,7.046952866733802
2,1.07,random,0.375,65536,0.6671397818154732,7.046952866733802
2,1.07,random,0.375,131072,0.623221646155605,0.0
2,1.07,random,0.5,1024,0.8292193321215628,0.0
2,1.07,random,0.5,4096,0.8292193321215628,0.0
2,1.07,random,0.5,16384,0.8292193321215628,0.0
2,1.07,random,0.5,65536,0.8292193321215628,0.0
2,1.07,random,0.5,131072,0.8292193321215628,0.0
2,1.07,random,0.625,1024,1.0258028849501615,2.2371970410294484
2,1.07,random,0.625,4096,1.0258028849501615,2.2371970410294484
2,1.07,random,0.625,16384,1.0101875478266529,0.6808860559654795
2,1.07,random,0.625,65536,1.0101875478266529,0.6808860559654795
2,1.07,random,0.625,131072,1.003355837835118,0.0
2,1.07,random,0.75,1024,1.1828617871057798,0.2481389578163684
2,1.07,random,0.75,4096,1.179933911395122,0.0
2,1.07,random,0.75,16384,1.179933911395122,0.0
2,1.07,random,0.75,65536,1.179933911395122,0.0
2,1.07,random,0.75,131072,1.179933911395122,0.0
2,1.07,random,0.875,1024,1.3604577187444502,0.0
2,1.07,random,0.875,4096,1.3604577187444502,0.0
2,1.07,random,0.875,16384,1.3604577187444502,0.0
2,1.07,random,0.875,65536,1.3604577187444502,0.0
2,1.07,random,0.875,131072,1.3604577187444502,0.0
2,1.07,local,0.125,1024,0.23658698978538192,0.10288143594969767
2,1.07,local,0.125,4096,0.23634383585327748,2.220446049250313e-14
2,1.07,local,0.125,16384,0.23634383585327748,2.220446049250313e-14
2,1.07,local,0.125,65536,0.23634383585327748,2.220446049250313e-14
2,1.07,local,0.125,131072,0.23634383585327748,2.220446049250313e-14
2,1.07,local,0.25,1024,0.46774109801004654,0.20837219421148134
2,1.07,local,0.25,4096,0.46676848228162876,2.220446049250313e-14
2,1.07,local,0.25,16384,0.46676848228162876,2.220446049250313e-14
2,1.07,local,0.25,65536,0.46676848228162876,2.220446049250313e-14
2,1.07,local,0.25,131072,0.46676848228162876,2.220446049250313e-14
2,1.07,local,0.375,1024,0.6601927434090801,4.440892098500626e-14
2,1.07,local,0.375,4096,0.6601927434090801,4.440892098500626e-14
2,1.07,local,0.375,16384,0.6601927434090801,4.440892098500626e-14
2,1.07,local,0.375,65536,0.6601927434090801,4.440892098500626e-14
2,1.07,local,0.375,131072,0.6601927434090801,4.440892098500626e-14
2,1.07,local,0.5,1024,0.8339540909346798,0.09741759940551376
2,1.07,local,0.5,4096,0.8331424635470644,2.220446049250313e-14
2,1.07,local,0.5,16384,0.8331424635470644,2.220446049250313e-14
2,1.07,local,0.5,65536,0.8331424635470644,2.220446049250313e-14
2,1.07,local,0.5,131072,0.8331424635470644,2.220446049250313e-14
2,1.07,local,0.625,1024,0.9813225055746749,0.033162126052155294
2,1.07,local,0.625,4096,0.9813225055746749,0.033162126052155294
2,1.07,local,0.625,16384,0.9809971860512685,0.0
2,1.07,local,0.625,65536,0.9809971860512685,0.0
2,1.07,local,0.625,131072,0.9809971860512685,0.0
2,1.07,local,0.75,1024,1.1731621445841591,0.16665813657543715
2,1.07,local,0.75,4096,1.1712102274437204,0.0
2,1.07,local,0.75,16384,1.1712102274437204,0.0
2,1.07,local,0.75,65536,1.1712102274437204,0.0
2,1.07,local,0.75,131072,1.1712102274437204,0.0
2,1.07,local,0.875,1024,1.2838866805141362,0.0
2,1.07,local,0.875,4096,1.2838866805141362,0.0
2,1.07,local,0.875,16384,1.2838866805141362,0.0
2,1.07,local,0.875,65536,1.2838866805141362,0.0
2,1.07,local,0.875,131072,1.2838866805141362,0.0
2,1.07,hot-cold,0.125,1024,0.20690321688648958,0.0
2,1.07,hot-cold,0.125,4096,0.20690321688648958,0.0
2,1.07,hot-cold,0.125,16384,0.20690321688648958,0.0
2,1.07,hot-cold,0.125,65536,0.20690321688648958,0.0
2,1.07,hot-cold,0.125,131072,0.20690321688648958,0.0
2,1.07,hot-cold,0.25,1024,0.4343015637475843,0.5271084337349574
2,1.07,hot-cold,0.25,4096,0.4320243270837393,2.220446049250313e-14
2,1.07,hot-cold,0.25,16384,0.4320243270837393,2.220446049250313e-14
2,1.07,hot-cold,0.25,65536,0.4320243270837393,2.220446049250313e-14
2,1.07,hot-cold,0.25,131072,0.4320243270837393,2.220446049250313e-14
2,1.07,hot-cold,0.375,1024,0.5764661954761943,2.220446049250313e-14
2,1.07,hot-cold,0.375,4096,0.5764661954761943,2.220446049250313e-14
2,1.07,hot-cold,0.375,16384,0.5764661954761943,2.220446049250313e-14
2,1.07,hot-cold,0.375,65536,0.5764661954761943,2.220446049250313e-14
2,1.07,hot-cold,0.375,131072,0.5764661954761943,2.220446049250313e-14
2,1.07,hot-cold,0.5,1024,0.7830440928392772,0.0
2,1.07,hot-cold,0.5,4096,0.7830440928392772,0.0
2,1.07,hot-cold,0.5,16384,0.7830440928392772,0.0
2,1.07,hot-cold,0.5,65536,0.7830440928392772,0.0
2,1.07,hot-cold,0.5,131072,0.7830440928392772,0.0
2,1.07,hot-cold,0.625,1024,0.9740066530788518,0.0
2,1.07,hot-cold,0.625,4096,0.9740066530788518,0.0
2,1.07,hot-cold,0.625,16384,0.9740066530788518,0.0
2,1.07,hot-cold,0.625,65536,0.9740066530788518,0.0
2,1.07,hot-cold,0.625,131072,0.9740066530788518,0.0
2,1.07,hot-cold,0.75,1024,1.1529323909523883,0.0
2,1.07,hot-cold,0.75,4096,1.1529323909523883,0.0
2,1.07,hot-cold,0.75,16384,1.1529323909523883,0.0
2,1.07,hot-cold,0.75,65536,1.1529323909523883,0.0
2,1.07,hot-cold,0.75,131072,1.1529323909523883,0.0
2,1.07,hot-cold,0.875,1024,1.3325791955224253,0.0
2,1.07,hot-cold,0.875,4096,1.3325791955224253,0.0
2,1.07,hot-cold,0.875,16384,1.3325791955224253,0.0
2,1.07,hot-cold,0.875,65536,1.3325791955224253,0.0
2,1.07,hot-cold,0.875,131072,1.3325791955224253,0.0
2,1.25,random,0.125,1024,0.2701677216777079,22.947025049787896
2,1.25,random,0.125,4096,0.21974319554971128,0.0
2,1.25,random,0.125,16384,0.21974319554971128,0.0
2,1.25,random,0.125,65536,0.21974319554971128,0.0
2,1.25,random,0.125,131072,0.21974319554971128,0.0
2,1.25,random,0.25,1024,0.46820848868272347,4.29569577536808
2,1.25,random,0.25,4096,0.4531532299149127,0.9420643777727555
2,1.25,random,0.25,16384,0.4489240761106291,2.220446049250313e-14
2,1.25,random,0.25,65536,0.4489240761106291,2.220446049250313e-14
2,1.25,random,0.25,131072,0.4489240761106291,2.220446049250313e-14
2,1.25,random,0.375,1024,0.6615405556934678,9.53401731543375
2,1.25,random,0.375,4096,0.6039590000505297,0.0
2,1.25,random,0.375,16384,0.6039590000505297,0.0
2,1.25,random,0.375,65536,0.6039590000505297,0.0
2,1.25,random,0.375,131072,0.6039590000505297,0.0
2,1.25,random,0.5,1024,0.8045922947173921,0.0
2,1.25,random,0.5,4096,0.8045922947173921,0.0
2,1.25,random,0.5,16384,0.8045922947173921,0.0
2,1.25,random,0.5,65536,0.8045922947173921,0.0
2,1.25,random,0.5,131072,0.8045922947173921,0.0
2,1.25,random,0.625,1024,1.0413846416744181,5.887969930621639
2,1.25,random,0.625,4096,0.9961652279209242,1.2900608274957426
2,1.25,random,0.625,16384,0.9834777665080735,0.0
2,1.25,random,0.625,65536,0.9834777665080735,0.0
2,1.25,random,0.625,131072,0.9834777665080735,0.0
2,1.25,random,0.75,1024,1.2143842004769512,1.0011102103411718
2,1.25,random,0.75,4096,1.2143842004769512,1.0011102103411718
2,1.25,random,0.75,16384,1.202347378110913,0.0
2,1.25,random,0.75,65536,1.202347378110913,0.0
2,1.25,random,0.75,131072,1.202347378110913,0.0
2,1.25,random,0.875,1024,1.3668903387210898,0.0
2,1.25,random,0.875,4096,1.3668903387210898,0.0
2,1.25,random,0.875,16384,1.3668903387210898,0.0
2,1.25,random,0.875,65536,1.3668903387210898,0.0
2,1.25,random,0.875,131072,1.3668903387210898,0.0
2,1.25,local,0.125,1024,0.28321404464520233,10.27951730135548
2,1.25,local,0.125,4096,0.28321404464520233,10.27951730135548
2,1.25,local,0.125,16384,0.2568147300384686,0.0
2,1.25,local,0.125,65536,0.2568147300384686,0.0
2,1.25,local,0.125,131072,0.2568147300384686,0.0
2,1.25,local,0.25,1024,0.48128808808699614,1.5781350081893741
2,1.25,local,0.25,4096,0.4738107153160413,2.220446049250313e-14
2,1.25,local,0.25,16384,0.4738107153160413,2.220446049250313e-14
2,1.25,local,0.25,65536,0.4738107153160413,2.220446049250313e-14
2,1.25,local,0.25,131072,0.4738107153160413,2.220446049250313e-14
2,1.25,local,0.375,1024,0.6753568345119864,1.8710643901174384
2,1.25,local,0.375,4096,0.6629525651422399,2.220446049250313e-14
2,1.25,local,0.375,16384,0.6629525651422399,2.220446049250313e-14
2,1.25,local,0.375,65536,0.6629525651422399,2.220446049250313e-14
2,1.25,local,0.375,131072,0.6629525651422399,2.220446049250313e-14
2,1.25,local,0.5,1024,0.8564977005088751,0.0379969654045631
2,1.25,local,0.5,4096,0.8561723809854687,0.0
2,1.25,local,0.5,16384,0.8561723809854687,0.0
2,1.25,local,0.5,65536,0.8561723809854687,0.0
2,1.25,local,0.5,131072,0.8561723809854687,0.0
2,1.25,local,0.625,1024,1.0121706520345675,0.048069130160133255
2,1.25,local,0.625,4096,1.0116843441703587,2.220446049250313e-14
2,1.25,local,0.625,16384,1.0116843441703587,2.220446049250313e-14
2,1.25,local,0.625,65536,1.0116843441703587,2.220446049250313e-14
2,1.25,local,0.625,131072,1.0116843441703587,2.220446049250313e-14
2,1.25,local,0.75,1024,1.1970530345084132,0.0
2,1.25,local,0.75,4096,1.1970530345084132,0.0
2,1.25,local,0.75,16384,1.1970530345084132,0.0
2,1.25,local,0.75,65536,1.1970530345084132,0.0
2,1.25,local,0.75,131072,1.1970530345084132,0.0
2,1.25,local,0.875,1024,1.3316348799633928,0.8064744790724943
2,1.25,local,0.875,4096,1.3209815012822825,0.0
2,1.25,local,0.875,16384,1.3209815012822825,0.0
2,1.25,local,0.875,65536,1.3209815012822825,0.0
2,1.25,local,0.875,131072,1.3209815012822825,0.0
2,1.25,hot-cold,0.125,1024,0.20575453203385327,2.220446049250313e-14
2,1.25,hot-cold,0.125,4096,0.20575453203385327,2.220446049250313e-14
2,1.25,hot-cold,0.125,16384,0.20575453203385327,2.220446049250313e-14
2,1.25,hot-cold,0.125,65536,0.20575453203385327,2.220446049250313e-14
2,1.25,hot-cold,0.125,131072,0.20575453203385327,2.220446049250313e-14
2,1.25,hot-cold,0.25,1024,0.3912671165506104,0.0
2,1.25,hot-cold,0.25,4096,0.3912671165506104,0.0
2,1.25,hot-cold,0.25,16384,0.3912671165506104,0.0
2,1.25,hot-cold,0.25,65536,0.3912671165506104,0.0
2,1.25,hot-cold,0.25,131072,0.3912671165506104,0.0
2,1.25,hot-cold,0.375,1024,0.5714958419339826,0.0
2,1.25,hot-cold,0.375,4096,0.5714958419339826,0.0
2,1.25,hot-cold,0.375,16384,0.5714958419339826,0.0
2,1.25,hot-cold,0.375,65536,0.5714958419339826,0.0
2,1.25,hot-cold,0.375,131072,0.5714958419339826,0.0
2,1.25,hot-cold,0.5,1024,0.7976834713925668,0.2862985685071706
2,1.25,hot-cold,0.5,4096,0.7973581518691604,0.24539877300613355
2,1.25,hot-cold,0.5,16384,0.7954062347287219,2.220446049250313e-14
2,1.25,hot-cold,0.5,65536,0.7954062347287219,2.220446049250313e-14
2,1.25,hot-cold,0.5,131072,0.7954062347287219,2.220446049250313e-14
2,1.25,hot-cold,0.625,1024,0.9723800554618196,0.2011397921555469
2,1.25,hot-cold,0.625,4096,0.9704281383213811,0.0
2,1.25,hot-cold,0.625,16384,0.9704281383213811,0.0
2,1.25,hot-cold,0.625,65536,0.9704281383213811,0.0
2,1.25,hot-cold,0.625,131072,0.9704281383213811,0.0
2,1.25,hot-cold,0.75,1024,1.1636679352248007,2.220446049250313e-14
2,1.25,hot-cold,0.75,4096,1.1636679352248007,2.220446049250313e-14
2,1.25,hot-cold,0.75,16384,1.1636679352248007,2.220446049250313e-14
2,1.25,hot-cold,0.75,65536,1.1636679352248007,2.220446049250313e-14
2,1.25,hot-cold,0.75,131072,1.1636679352248007,2.220446049250313e-14
2,1.25,hot-cold,0.875,1024,1.3793547792432639,0.023590469450351925
2,1.25,hot-cold,0.875,4096,1.3790294597198574,0.0
2,1.25,hot-cold,0.875,16384,1.3790294597198574,0.0
2,1.25,hot-cold,0.875,65536,1.3790294597198574,0.0
2,1.25,hot-cold,0.875,131072,1.3790294597198574,0.0
2,1.44,random,0.125,1024,0.23942677412731955,0.0
2,1.44,random,0.125,4096,0.23942677412731955,0.0
2,1.44,random,0.125,16384,0.23942677412731955,0.0
2,1.44,random,0.125,65536,0.23942677412731955,0.0
2,1.44,random,0.125,131072,0.23942677412731955,0.0
2,1.44,random,0.25,1024,0.43941106317296064,2.220446049250313e-14
2,1.44,random,0.25,4096,0.43941106317296064,2.220446049250313e-14
2,1.44,random,0.25,16384,0.43941106317296064,2.220446049250313e-14
2,1.44,random,0.25,65536,0.43941106317296064,2.220446049250313e-14
2,1.44,random,0.25,131072,0.43941106317296064,2.220446049250313e-14
2,1.44,random,0.375,1024,0.6313294489413267,0.10316488149042513
2,1.44,random,0.375,4096,0.6306788098945139,0.0
2,1.44,random,0.375,16384,0.6306788098945139,0.0
2,1.44,random,0.375,65536,0.6306788098945139,0.0
2,1.44,random,0.375,131072,0.6306788098945139,0.0
2,1.44,random,0.5,1024,0.9111192438636546,13.216283772402203
2,1.44,random,0.5,4096,0.8047598927511794,2.220446049250313e-14
2,1.44,random,0.5,16384,0.8047598927511794,2.220446049250313e-14
2,1.44,random,0.5,65536,0.8047598927511794,2.220446049250313e-14
2,1.44,random,0.5,131072,0.8047598927511794,2.220446049250313e-14
2,1.44,random,0.625,1024,1.0235188106214768,3.0801052485119884
2,1.44,random,0.625,4096,0.9929353565888523,2.220446049250313e-14
2,1.44,random,0.625,16384,0.9929353565888523,2.220446049250313e-14
2,1.44,random,0.625,65536,0.9929353565888523,2.220446049250313e-14
2,1.44,random,0.625,131072,0.9929353565888523,2.220446049250313e-14
2,1.44,random,0.75,1024,1.170729275799997,0.0
2,1.44,random,0.75,4096,1.170729275799997,0.0
2,1.44,random,0.75,16384,1.170729275799997,0.0
2,1.44,random,0.75,65536,1.170729275799997,0.0
2,1.44,random,0.75,131072,1.170729275799997,0.0
2,1.44,random,0.875,1024,1.3536997792444043,2.220446049250313e-14
2,1.44,random,0.875,4096,1.3536997792444043,2.220446049250313e-14
2,1.44,random,0.875,16384,1.3536997792444043,2.220446049250313e-14
2,1.44,random,0.875,65536,1.3536997792444043,2.220446049250313e-14
2,1.44,random,0.875,131072,1.3536997792444043,2.220446049250313e-14
2,1.44,local,0.125,1024,0.2443740693619977,0.5353450243589686
2,1.44,local,0.125,4096,0.2443740693619977,0.5353450243589686
2,1.44,local,0.125,16384,0.2443740693619977,0.5353450243589686
2,1.44,local,0.125,65536,0.24307279126837197,0.0
2,1.44,local,0.125,131072,0.24307279126837197,0.0
2,1.44,local,0.25,1024,0.4768652774300796,2.220446049250313e-14
2,1.44,local,0.25,4096,0.4768652774300796,2.220446049250313e-14
2,1.44,local,0.25,16384,0.4768652774300796,2.220446049250313e-14
2,1.44,local,0.25,65536,0.4768652774300796,2.220446049250313e-14
2,1.44,local,0.25,131072,0.4768652774300796,2.220446049250313e-14
2,1.44,local,0.375,1024,0.6147388747857686,0.03956967052052285
2,1.44,local,0.375,4096,0.6144957208536642,2.220446049250313e-14
2,1.44,local,0.375,16384,0.6144957208536642,2.220446049250313e-14
2,1.44,local,0.375,65536,0.6144957208536642,2.220446049250313e-14
2,1.44,local,0.375,131072,0.6144957208536642,2.220446049250313e-14
2,1.44,local,0.5,1024,0.7877386615601574,0.1960180542494916
2,1.44,local,0.5,4096,0.7861975723762288,0.0
2,1.44,local,0.5,16384,0.7861975723762288,0.0
2,1.44,local,0.5,65536,0.7861975723762288,0.0
2,1.44,local,0.5,131072,0.7861975723762288,0.0
2,1.44,local,0.625,1024,0.9552031161598623,0.0
2,1.44,local,0.625,4096,0.9552031161598623,0.0
2,1.44,local,0.625,16384,0.9552031161598623,0.0
2,1.44,local,0.625,65536,0.9552031161598623,0.0
2,1.44,local,0.625,131072,0.9552031161598623,0.0
2,1.44,local,0.75,1024,1.1214832161383763,0.0
2,1.44,local,0.75,4096,1.1214832161383763,0.0
2,1.44,local,0.75,16384,1.1214832161383763,0.0
2,1.44,local,0.75,65536,1.1214832161383763,0.0
2,1.44,local,0.75,131072,1.1214832161383763,0.0
2,1.44,local,0.875,1024,1.3063635852335382,0.2746818979252552
2,1.44,local,0.875,4096,1.3027850704760675,0.0
2,1.44,local,0.875,16384,1.3027850704760675,0.0
2,1.44,local,0.875,65536,1.3027850704760675,0.0
2,1.44,local,0.875,131072,1.3027850704760675,0.0
2,1.44,hot-cold,0.125,1024,0.2381338911335069,2.220446049250313e-14
2,1.44,hot-cold,0.125,4096,0.2381338911335069,2.220446049250313e-14
2,1.44,hot-cold,0.125,16384,0.2381338911335069,2.220446049250313e-14
2,1.44,hot-cold,0.125,65536,0.2381338911335069,2.220446049250313e-14
2,1.44,hot-cold,0.125,131072,0.2381338911335069,2.220446049250313e-14
2,1.44,hot-cold,0.25,1024,0.3832263985727747,0.0
2,1.44,hot-cold,0.25,4096,0.3832263985727747,0.0
2,1.44,hot-cold,0.25,16384,0.3832263985727747,0.0
2,1.44,hot-cold,0.25,65536,0.3832263985727747,0.0
2,1.44,hot-cold,0.25,131072,0.3832263985727747,0.0
2,1.44,hot-cold,0.375,1024,0.584599183561355,0.0
2,1.44,hot-cold,0.375,4096,0.584599183561355,0.0
2,1.44,hot-cold,0.375,16384,0.584599183561355,0.0
2,1.44,hot-cold,0.375,65536,0.584599183561355,0.0
2,1.44,hot-cold,0.375,131072,0.584599183561355,0.0
2,1.44,hot-cold,0.5,1024,0.7924783590180638,0.0
2,1.44,hot-cold,0.5,4096,0.7924783590180638,0.0
2,1.44,hot-cold,0.5,16384,0.7924783590180638,0.0
2,1.44,hot-cold,0.5,65536,0.7924783590180638,0.0
2,1.44,hot-cold,0.5,131072,0.7924783590180638,0.0
2,1.44,hot-cold,0.625,1024,0.9483064107297439,0.0
2,1.44,hot-cold,0.625,4096,0.9483064107297439,0.0
2,1.44,hot-cold,0.625,16384,0.9483064107297439,0.0
2,1.44,hot-cold,0.625,65536,0.9483064107297439,0.0
2,1.44,hot-cold,0.625,131072,0.9483064107297439,0.0
2,1.44,hot-cold,0.75,1024,1.1604147399907363,0.0
2,1.44,hot-cold,0.75,4096,1.1604147399907363,0.0
2,1.44,hot-cold,0.75,16384,1.1604147399907363,0.0
2,1.44,hot-cold,0.75,65536,1.1604147399907363,0.0
2,1.44,hot-cold,0.75,131072,1.1604147399907363,0.0
2,1.44,hot-cold,0.875,1024,1.3422683535749307,0.14563106796114944
2,1.44,hot-cold,0.875,4096,1.340316436434492,0.0
2,1.44,hot-cold,0.875,16384,1.340316436434492,0.0
2,1.44,hot-cold,0.875,65536,1.340316436434492,0.0
2,1.44,hot-cold,0.875,131072,1.340316436434492,0.0
2,2.48,random,0.125,1024,0.2328759388377309,0.0
2,2.48,random,0.125,4096,0.2328759388377309,0.0
2,2.48,random,0.125,16384,0.2328759388377309,0.0
2,2.48,random,0.125,65536,0.2328759388377309,0.0
2,2.48,random,0.125,131072,0.2328759388377309,0.0
2,2.48,random,0.25,1024,0.46596080566076287,1.1079921676798055
2,2.48,random,0.25,4096,0.46596080566076287,1.1079921676798055
2,2.48,random,0.25,16384,0.4608545730865696,2.220446049250313e-14
2,2.48,random,0.25,65536,0.4608545730865696,2.220446049250313e-14
2,2.48,random,0.25,131072,0.4608545730865696,2.220446049250313e-14
2,2.48,random,0.375,1024,0.6870257163080015,8.420115686311448
2,2.48,random,0.375,4096,0.6336699716275455,4.440892098500626e-14
2,2.48,random,0.375,16384,0.6336699716275455,4.440892098500626e-14
2,2.48,random,0.375,65536,0.6336699716275455,4.440892098500626e-14
2,2.48,random,0.375,131072,0.6336699716275455,4.440892098500626e-14
2,2.48,random,0.5,1024,0.9118013739404172,6.3339886794571365
2,2.48,random,0.5,4096,0.8574881703055778,2.220446049250313e-14
2,2.48,random,0.5,16384,0.8574881703055778,2.220446049250313e-14
2,2.48,random,0.5,65536,0.8574881703055778,2.220446049250313e-14
2,2.48,random,0.5,131072,0.8574881703055778,2.220446049250313e-14
2,2.48,random,0.625,1024,1.0177198875107871,0.07172749888979535
2,2.48,random,0.625,4096,1.0177198875107871,0.07172749888979535
2,2.48,random,0.625,16384,1.0169904257144737,2.220446049250313e-14
2,2.48,random,0.625,65536,1.0169904257144737,2.220446049250313e-14
2,2.48,random,0.625,131072,1.0169904257144737,2.220446049250313e-14
2,2.48,random,0.75,1024,1.1775358764827113,0.0
2,2.48,random,0.75,4096,1.1775358764827113,0.0
2,2.48,random,0.75,16384,1.1775358764827113,0.0
2,2.48,random,0.75,65536,1.1775358764827113,0.0
2,2.48,random,0.75,131072,1.1775358764827113,0.0
2,2.48,random,0.875,1024,1.344751744939208,0.0
2,2.48,random,0.875,4096,1.344751744939208,0.0
2,2.48,random,0.875,16384,1.344751744939208,0.0
2,2.48,random,0.875,65536,1.344751744939208,0.0
2,2.48,random,0.875,131072,1.344751744939208,0.0
2,2.48,local,0.125,1024,0.2931145616373885,2.220446049250313e-14
2,2.48,local,0.125,4096,0.2931145616373885,2.220446049250313e-14
2,2.48,local,0.125,16384,0.2931145616373885,2.220446049250313e-14
2,2.48,local,0.125,65536,0.2931145616373885,2.220446049250313e-14
2,2.48,local,0.125,131072,0.2931145616373885,2.220446049250313e-14
2,2.48,local,0.25,1024,0.5152931712842752,0.06317278297938156
2,2.48,local,0.25,4096,0.5149678517608688,2.220446049250313e-14
2,2.48,local,0.25,16384,0.5149678517608688,2.220446049250313e-14
2,2.48,local,0.25,65536,0.5149678517608688,2.220446049250313e-14
2,2.48,local,0.25,131072,0.5149678517608688,2.220446049250313e-14
2,2.48,local,0.375,1024,0.7104021118118835,0.36769678174704
2,2.48,local,0.375,4096,0.707799555624632,2.220446049250313e-14
2,2.48,local,0.375,16384,0.707799555624632,2.220446049250313e-14
2,2.48,local,0.375,65536,0.707799555624632,2.220446049250313e-14
2,2.48,local,0.375,131072,0.707799555624632,2.220446049250313e-14
2,2.48,local,0.5,1024,0.8332873832264105,2.220446049250313e-14
2,2.48,local,0.5,4096,0.8332873832264105,2.220446049250313e-14
2,2.48,local,0.5,16384,0.8332873832264105,2.220446049250313e-14
2,2.48,local,0.5,65536,0.8332873832264105,2.220446049250313e-14
2,2.48,local,0.5,131072,0.8332873832264105,2.220446049250313e-14
2,2.48,local,0.625,1024,0.96868674422382,0.0
2,2.48,local,0.625,4096,0.96868674422382,0.0
2,2.48,local,0.625,16384,0.96868674422382,0.0
2,2.48,local,0.625,65536,0.96868674422382,0.0
2,2.48,local,0.625,131072,0.96868674422382,0.0
2,2.48,local,0.75,1024,1.118669377002063,0.4225585404744825
2,2.48,local,0.75,4096,1.113962234442765,2.220446049250313e-14
2,2.48,local,0.75,16384,1.113962234442765,2.220446049250313e-14
2,2.48,local,0.75,65536,1.113962234442765,2.220446049250313e-14
2,2.48,local,0.75,131072,1.113962234442765,2.220446049250313e-14
2,2.48,local,0.875,1024,1.2441155330672498,0.0
2,2.48,local,0.875,4096,1.2441155330672498,0.0
2,2.48,local,0.875,16384,1.2441155330672498,0.0
2,2.48,local,0.875,65536,1.2441155330672498,0.0
2,2.48,local,0.875,131072,1.2441155330672498,0.0
2,2.48,hot-cold,0.125,1024,0.1945410749970452,0.0
2,2.48,hot-cold,0.125,4096,0.1945410749970452,0.0
2,2.48,hot-cold,0.125,16384,0.1945410749970452,0.0
2,2.48,hot-cold,0.125,65536,0.1945410749970452,0.0
2,2.48,hot-cold,0.125,131072,0.1945410749970452,0.0
2,2.48,hot-cold,0.25,1024,0.40606919286091225,0.0
2,2.48,hot-cold,0.25,4096,0.40606919286091225,0.0
2,2.48,hot-cold,0.25,16384,0.40606919286091225,0.0
2,2.48,hot-cold,0.25,65536,0.40606919286091225,0.0
2,2.48,hot-cold,0.25,131072,0.40606919286091225,0.0
2,2.48,hot-cold,0.375,1024,0.577660122679079,2.220446049250313e-14
2,2.48,hot-cold,0.375,4096,0.577660122679079,2.220446049250313e-14
2,2.48,hot-cold,0.375,16384,0.577660122679079,2.220446049250313e-14
2,2.48,hot-cold,0.375,65536,0.577660122679079,2.220446049250313e-14
2,2.48,hot-cold,0.375,131072,0.577660122679079,2.220446049250313e-14
2,2.48,hot-cold,0.5,1024,0.7355474424219385,0.067756780444439
2,2.48,hot-cold,0.5,4096,0.7350493966161151,0.0
2,2.48,hot-cold,0.5,16384,0.7350493966161151,0.0
2,2.48,hot-cold,0.5,65536,0.7350493966161151,0.0
2,2.48,hot-cold,0.5,131072,0.7350493966161151,0.0
2,2.48,hot-cold,0.625,1024,0.9541621621510596,0.13656538067601254
2,2.48,hot-cold,0.625,4096,0.952860884057434,2.220446049250313e-14
2,2.48,hot-cold,0.625,16384,0.952860884057434,2.220446049250313e-14
2,2.48,hot-cold,0.625,65536,0.952860884057434,2.220446049250313e-14
2,2.48,hot-cold,0.625,131072,0.952860884057434,2.220446049250313e-14
2,2.48,hot-cold,0.75,1024,1.1064821267549565,2.220446049250313e-14
2,2.48,hot-cold,0.75,4096,1.1064821267549565,2.220446049250313e-14
2,2.48,hot-cold,0.75,16384,1.1064821267549565,2.220446049250313e-14
2,2.48,hot-cold,0.75,65536,1.1064821267549565,2.220446049250313e-14
2,2.48,hot-cold,0.75,131072,1.1064821267549565,2.220446049250313e-14
2,2.48,hot-cold,0.875,1024,1.2622313557171356,0.025780011670861747
2,2.48,hot-cold,0.875,4096,1.261906036193729,0.0
2,2.48,hot-cold,0.875,16384,1.261906036193729,0.0
2,2.48,hot-cold,0.875,65536,1.261906036193729,0.0
2,2.48,hot-cold,0.875,131072,1.261906036193729,0.0
2,3.3,random,0.125,1024,0.30727454598192744,11.81899213744968
2,3.3,random,0.125,4096,0.2747963830725827,0.0
2,3.3,random,0.125,16384,0.2747963830725827,0.0
2,3.3,random,0.125,65536,0.2747963830725827,0.0
2,3.3,random,0.125,131072,0.2747963830725827,0.0
2,3.3,random,0.25,1024,0.46023044880231345,1.1439170432499202
2,3.3,random,0.25,4096,0.45502533642781057,2.220446049250313e-14
2,3.3,random,0.25,16384,0.45502533642781057,2.220446049250313e-14
2,3.3,random,0.25,65536,0.45502533642781057,2.220446049250313e-14
2,3.3,random,0.25,131072,0.45502533642781057,2.220446049250313e-14
2,3.3,random,0.375,1024,0.6462781543471847,1.7517567441304838
2,3.3,random,0.375,4096,0.6351518391690718,2.220446049250313e-14
2,3.3,random,0.375,16384,0.6351518391690718,2.220446049250313e-14
2,3.3,random,0.375,65536,0.6351518391690718,2.220446049250313e-14
2,3.3,random,0.375,131072,0.6351518391690718,2.220446049250313e-14
2,3.3,random,0.5,1024,0.8658052426616776,2.565765728414471
2,3.3,random,0.5,4096,0.8441464230416386,0.0
2,3.3,random,0.5,16384,0.8441464230416386,0.0
2,3.3,random,0.5,65536,0.8441464230416386,0.0
2,3.3,random,0.5,131072,0.8441464230416386,0.0
2,3.3,random,0.625,1024,1.0075492458802284,1.688730276590955
2,3.3,random,0.625,4096,1.001227243645513,1.0506707646786184
2,3.3,random,0.625,16384,1.001227243645513,1.0506707646786184
2,3.3,random,0.625,65536,0.9908170188965072,0.0
2,3.3,random,0.625,131072,0.9908170188965072,0.0
2,3.3,random,0.75,1024,1.1808493188598217,0.0
2,3.3,random,0.75,4096,1.1808493188598217,0.0
2,3.3,random,0.75,16384,1.1808493188598217,0.0
2,3.3,random,0.75,65536,1.1808493188598217,0.0
2,3.3,random,0.75,131072,1.1808493188598217,0.0
2,3.3,random,0.875,1024,1.3576069563670827,0.8764509117347385
2,3.3,random,0.875,4096,1.3516673299382551,0.4351093061458755
2,3.3,random,0.875,16384,1.3458115785169393,0.0
2,3.3,random,0.875,65536,1.3458115785169393,0.0
2,3.3,random,0.875,131072,1.3458115785169393,0.0
2,3.3,local,0.125,1024,0.2621523786031517,0.0
2,3.3,local,0.125,4096,0.2621523786031517,0.0
2,3.3,local,0.125,16384,0.2621523786031517,0.0
2,3.3,local,0.125,65536,0.2621523786031517,0.0
2,3.3,local,0.125,131072,0.2621523786031517,0.0
2,3.3,local,0.25,1024,0.4467925566549184,0.7125284659986519
2,3.3,local,0.25,4096,0.4436315555375607,2.220446049250313e-14
2,3.3,local,0.25,16384,0.4436315555375607,2.220446049250313e-14
2,3.3,local,0.25,65536,0.4436315555375607,2.220446049250313e-14
2,3.3,local,0.25,131072,0.4436315555375607,2.220446049250313e-14
2,3.3,local,0.375,1024,0.6401491634175509,2.220446049250313e-14
2,3.3,local,0.375,4096,0.6401491634175509,2.220446049250313e-14
2,3.3,local,0.375,16384,0.6401491634175509,2.220446049250313e-14
2,3.3,local,0.375,65536,0.6401491634175509,2.220446049250313e-14
2,3.3,local,0.375,131072,0.6401491634175509,2.220446049250313e-14
2,3.3,local,0.5,1024,0.7971997464639746,2.220446049250313e-14
2,3.3,local,0.5,4096,0.7971997464639746,2.220446049250313e-14
2,3.3,local,0.5,16384,0.7971997464639746,2.220446049250313e-14
2,3.3,local,0.5,65536,0.7971997464639746,2.220446049250313e-14
2,3.3,local,0.5,131072,0.7971997464639746,2.220446049250313e-14
2,3.3,local,0.625,1024,0.9477869400419788,2.220446049250313e-14
2,3.3,local,0.625,4096,0.9477869400419788,2.220446049250313e-14
2,3.3,local,0.625,16384,0.9477869400419788,2.220446049250313e-14
2,3.3,local,0.625,65536,0.9477869400419788,2.220446049250313e-14
2,3.3,local,0.625,131072,0.9477869400419788,2.220446049250313e-14
2,3.3,local,0.75,1024,1.1005567452127416,1.759504547555002
2,3.3,local,0.75,4096,1.0815272245143661,2.220446049250313e-14
2,3.3,local,0.75,16384,1.0815272245143661,2.220446049250313e-14
2,3.3,local,0.75,65536,1.0815272245143661,2.220446049250313e-14
2,3.3,local,0.75,131072,1.0815272245143661,2.220446049250313e-14
2,3.3,local,0.875,1024,1.2360814247823986,0.2037751857361325
2,3.3,local,0.875,4096,1.2360814247823986,0.2037751857361325
2,3.3,local,0.875,16384,1.2335677198700523,0.0
2,3.3,local,0.875,65536,1.2335677198700523,0.0
2,3.3,local,0.875,131072,1.2335677198700523,0.0
2,3.3,hot-cold,0.125,1024,0.23170624742426024,0.0
2,3.3,hot-cold,0.125,4096,0.23170624742426024,0.0
2,3.3,hot-cold,0.125,16384,0.23170624742426024,0.0
2,3.3,hot-cold,0.125,65536,0.23170624742426024,0.0
2,3.3,hot-cold,0.125,131072,0.23170624742426024,0.0
2,3.3,hot-cold,0.25,1024,0.3902995530802042,0.2506805608449403
2,3.3,hot-cold,0.25,4096,0.3902995530802042,0.2506805608449403
2,3.3,hot-cold,0.25,16384,0.38932359450998494,2.220446049250313e-14
2,3.3,hot-cold,0.25,65536,0.38932359450998494,2.220446049250313e-14
2,3.3,hot-cold,0.25,131072,0.38932359450998494,2.220446049250313e-14
2,3.3,hot-cold,0.375,1024,0.581936152259202,0.11193106176292655
2,3.3,hot-cold,0.375,4096,0.5812855132123892,0.0
2,3.3,hot-cold,0.375,16384,0.5812855132123892,0.0
2,3.3,hot-cold,0.375,65536,0.5812855132123892,0.0
2,3.3,hot-cold,0.375,131072,0.5812855132123892,0.0
2,3.3,hot-cold,0.5,1024,0.7466787338674445,0.0
2,3.3,hot-cold,0.5,4096,0.7466787338674445,0.0
2,3.3,hot-cold,0.5,16384,0.7466787338674445,0.0
2,3.3,hot-cold,0.5,65536,0.7466787338674445,0.0
2,3.3,hot-cold,0.5,131072,0.7466787338674445,0.0
2,3.3,hot-cold,0.625,1024,0.9326742834066092,2.220446049250313e-14
2,3.3,hot-cold,0.625,4096,0.9326742834066092,2.220446049250313e-14
2,3.3,hot-cold,0.625,16384,0.9326742834066092,2.220446049250313e-14
2,3.3,hot-cold,0.625,65536,0.9326742834066092,2.220446049250313e-14
2,3.3,hot-cold,0.625,131072,0.9326742834066092,2.220446049250313e-14
2,3.3,hot-cold,0.75,1024,1.0901457229349474,0.0
2,3.3,hot-cold,0.75,4096,1.0901457229349474,0.0
2,3.3,hot-cold,0.75,16384,1.0901457229349474,0.0
2,3.3,hot-cold,0.75,65536,1.0901457229349474,0.0
2,3.3,hot-cold,0.75,131072,1.0901457229349474,0.0
2,3.3,hot-cold,0.875,1024,1.1954233220214348,0.0
2,3.3,hot-cold,0.875,4096,1.1954233220214348,0.0
2,3.3,hot-cold,0.875,16384,1.1954233220214348,0.0
2,3.3,hot-cold,0.875,65536,1.1954233220214348,0.0
2,3.3,hot-cold,0.875,131072,1.1954233220214348,0.0
2,4.55,random,0.125,1024,0.28563198462718514,0.0
2,4.55,random,0.125,4096,0.28563198462718514,0.0
2,4.55,random,0.125,16384,0.28563198462718514,0.0
2,4.55,random,0.125,65536,0.28563198462718514,0.0
2,4.55,random,0.125,131072,0.28563198462718514,0.0
2,4.55,random,0.25,1024,0.5019239973703575,3.4453810305393073
2,4.55,random,0.25,4096,0.49031300775362713,1.0523827851136147
2,4.55,random,0.25,16384,0.48520677517943384,0.0
2,4.55,random,0.25,65536,0.48520677517943384,0.0
2,4.55,random,0.25,131072,0.48520677517943384,0.0
2,4.55,random,0.375,1024,0.7017130721283927,0.9091290510363059
2,4.55,random,0.375,4096,0.6953910698936773,2.220446049250313e-14
2,4.55,random,0.375,16384,0.6953910698936773,2.220446049250313e-14
2,4.55,random,0.375,65536,0.6953910698936773,2.220446049250313e-14
2,4.55,random,0.375,131072,0.6953910698936773,2.220446049250313e-14
2,4.55,random,0.5,1024,0.8960508033324779,0.07266461106048006
2,4.55,random,0.5,4096,0.8960508033324779,0.07266461106048006
2,4.55,random,0.5,16384,0.8960508033324779,0.07266461106048006
2,4.55,random,0.5,65536,0.895400164285665,2.220446049250313e-14
2,4.55,random,0.5,131072,0.895400164285665,2.220446049250313e-14
2,4.55,random,0.625,1024,1.0348121159084287,0.0
2,4.55,random,0.625,4096,1.0348121159084287,0.0
2,4.55,random,0.625,16384,1.0348121159084287,0.0
2,4.55,random,0.625,65536,1.0348121159084287,0.0
2,4.55,random,0.625,131072,1.0348121159084287,0.0
2,4.55,random,0.75,1024,1.209763819823256,0.3499703529374454
2,4.55,random,0.75,4096,1.2055447705349955,0.0
2,4.55,random,0.75,16384,1.2055447705349955,0.0
2,4.55,random,0.75,65536,1.2055447705349955,0.0
2,4.55,random,0.75,131072,1.2055447705349955,0.0
2,4.55,random,0.875,1024,1.3523597165122776,0.0
2,4.55,random,0.875,4096,1.3523597165122776,0.0
2,4.55,random,0.875,16384,1.3523597165122776,0.0
2,4.55,random,0.875,65536,1.3523597165122776,0.0
2,4.55,random,0.875,131072,1.3523597165122776,0.0
2,4.55,local,0.125,1024,0.26545206965996343,0.0
2,4.55,local,0.125,4096,0.26545206965996343,0.0
2,4.55,local,0.125,16384,0.26545206965996343,0.0
2,4.55,local,0.125,65536,0.26545206965996343,0.0
2,4.55,local,0.125,131072,0.26545206965996343,0.0
2,4.55,local,0.25,1024,0.4720482386670273,2.220446049250313e-14
2,4.55,local,0.25,4096,0.4720482386670273,2.220446049250313e-14
2,4.55,local,0.25,16384,0.4720482386670273,2.220446049250313e-14
2,4.55,local,0.25,65536,0.4720482386670273,2.220446049250313e-14
2,4.55,local,0.25,131072,0.4720482386670273,2.220446049250313e-14
2,4.55,local,0.375,1024,0.6699073523554833,0.1453977010256624
2,4.55,local,0.375,4096,0.6689347366270655,0.0
2,4.55,local,0.375,16384,0.6689347366270655,0.0
2,4.55,local,0.375,65536,0.6689347366270655,0.0
2,4.55,local,0.375,131072,0.6689347366270655,0.0
2,4.55,local,0.5,1024,0.8316098070855522,2.220446049250313e-14
2,4.55,local,0.5,4096,0.8316098070855522,2.220446049250313e-14
2,4.55,local,0.5,16384,0.8316098070855522,2.220446049250313e-14
2,4.55,local,0.5,65536,0.8316098070855522,2.220446049250313e-14
2,4.55,local,0.5,131072,0.8316098070855522,2.220446049250313e-14
2,4.55,local,0.625,1024,0.9444585304946741,0.0
2,4.55,local,0.625,4096,0.9444585304946741,0.0
2,4.55,local,0.625,16384,0.9444585304946741,0.0
2,4.55,local,0.625,65536,0.9444585304946741,0.0
2,4.55,local,0.625,131072,0.9444585304946741,0.0
2,4.55,local,0.75,1024,1.0857605946798579,0.3757824266933607
2,4.55,local,0.75,4096,1.0816957720581784,2.220446049250313e-14
2,4.55,local,0.75,16384,1.0816957720581784,2.220446049250313e-14
2,4.55,local,0.75,65536,1.0816957720581784,2.220446049250313e-14
2,4.55,local,0.75,131072,1.0816957720581784,2.220446049250313e-14
2,4.55,local,0.875,1024,1.1930699975249432,0.18404301155319214
2,4.55,local,0.875,4096,1.1908782692942017,0.0
2,4.55,local,0.875,16384,1.191203588817608,0.027317613545774222
2,4.55,local,0.875,65536,1.1908782692942017,0.0
2,4.55,local,0.875,131072,1.1908782692942017,0.0
2,4.55,hot-cold,0.125,1024,0.20901270353531062,0.6264836375075022
2,4.55,hot-cold,0.125,4096,0.20901270353531062,0.6264836375075022
2,4.55,hot-cold,0.125,16384,0.2077114254416849,0.0
2,4.55,hot-cold,0.125,65536,0.2077114254416849,0.0
2,4.55,hot-cold,0.125,131072,0.2077114254416849,0.0
2,4.55,hot-cold,0.25,1024,0.3979846379865644,0.24498394856804495
2,4.55,hot-cold,0.25,4096,0.39701202225814664,2.220446049250313e-14
2,4.55,hot-cold,0.25,16384,0.39701202225814664,2.220446049250313e-14
2,4.55,hot-cold,0.25,65536,0.39701202225814664,2.220446049250313e-14
2,4.55,hot-cold,0.25,131072,0.39701202225814664,2.220446049250313e-14
2,4.55,hot-cold,0.375,1024,0.6093350533006214,1.0930890663964021
2,4.55,hot-cold,0.375,4096,0.6093350533006214,1.0930890663964021
2,4.55,hot-cold,0.375,16384,0.6027464972411907,0.0
2,4.55,hot-cold,0.375,65536,0.6027464972411907,0.0
2,4.55,hot-cold,0.375,131072,0.6027464972411907,0.0
2,4.55,hot-cold,0.5,1024,0.7521387381156666,2.220446049250313e-14
2,4.55,hot-cold,0.5,4096,0.7521387381156666,2.220446049250313e-14
2,4.55,hot-cold,0.5,16384,0.7521387381156666,2.220446049250313e-14
2,4.55,hot-cold,0.5,65536,0.7521387381156666,2.220446049250313e-14
2,4.55,hot-cold,0.5,131072,0.7521387381156666,2.220446049250313e-14
2,4.55,hot-cold,0.625,1024,0.9387647936602164,2.220446049250313e-14
2,4.55,hot-cold,0.625,4096,0.9387647936602164,2.220446049250313e-14
2,4.55,hot-cold,0.625,16384,0.9387647936602164,2.220446049250313e-14
2,4.55,hot-cold,0.625,65536,0.9387647936602164,2.220446049250313e-14
2,4.55,hot-cold,0.625,131072,0.9387647936602164,2.220446049250313e-14
2,4.55,hot-cold,0.75,1024,1.065491866805746,0.383119933610665
2,4.55,hot-cold,0.75,4096,1.0614253347678566,0.0
2,4.55,hot-cold,0.75,16384,1.0614253347678566,0.0
2,4.55,hot-cold,0.75,65536,1.0614253347678566,0.0
2,4.55,hot-cold,0.75,131072,1.0614253347678566,0.0
2,4.55,hot-cold,0.875,1024,1.2271052422890545,0.0
2,4.55,hot-cold,0.875,4096,1.2271052422890545,0.0
2,4.55,hot-cold,0.875,16384,1.2271052422890545,0.0
2,4.55,hot-cold,0.875,65536,1.2271052422890545,0.0
2,4.55,hot-cold,0.875,131072,1.2271052422890545,0.0
