trial,target_cv,spatial_mode,coverage_target,exact_achieved,exact_rows,exact_chunks,exact_aff_ms
0,1.07,random,0.1,0.10024798319186182,16,1,0.013237889458506534
0,1.07,random,0.3,0.30214060962303296,62,1,0.019669274935972994
0,1.07,random,0.5,0.5027267184118395,107,1,0.02596084768566844
0,1.07,random,0.7,0.7016284290207224,176,1,0.03560792590186813
0,1.07,random,0.9,0.9010537380340652,226,1,0.042598562290418626
0,1.07,random,0.95,0.9505089469471824,241,1,0.044695753206983775
0,1.07,random,0.99,0.9905576257323252,252,1,0.046233693212464885
0,1.07,local,0.1,0.10826349299621597,6,1,0.011839762180796434
0,1.07,local,0.3,0.30269111964801626,30,1,0.015195267647300673
0,1.07,local,0.5,0.5015212520583353,83,1,0.0226053422191642
0,1.07,local,0.7,0.7041087926831872,128,1,0.028896914968859648
0,1.07,local,0.9,0.9000871335506662,190,1,0.03756530409066227
0,1.07,local,0.95,0.9549172298266297,222,1,0.04203931137933459
0,1.07,local,0.99,0.9910615127230586,244,1,0.04511519139029681
0,1.07,hot-cold,0.1,0.10552753906088932,10,1,0.012399013091880472
0,1.07,hot-cold,0.3,0.30340002928504683,39,1,0.01645358219723976
0,1.07,hot-cold,0.5,0.5054544596160647,71,1,0.02092758948591208
0,1.07,hot-cold,0.7,0.7002249819052387,108,1,0.02610066041343945
0,1.07,hot-cold,0.9,0.9039517190090506,183,1,0.0365866149962652
0,1.07,hot-cold,0.95,0.9513044625390746,214,1,0.04092080955716651
0,1.07,hot-cold,0.99,0.9901348354499059,249,1,0.04581425502915185
0,1.25,random,0.1,0.11001306697838228,10,1,0.012399013091880472
0,1.25,random,0.3,0.3001843017324954,62,1,0.019669274935972994
0,1.25,random,0.5,0.5000493714614377,119,1,0.027638600418920557
0,1.25,random,0.7,0.7007487449545111,169,1,0.034629236807471056
0,1.25,random,0.9,0.901462708798503,221,1,0.041899498651563574
0,1.25,random,0.95,0.9505305815307217,236,1,0.04399668956812872
0,1.25,random,0.99,0.9919296338010009,249,1,0.04581425502915185
0,1.25,local,0.1,0.10732516076083093,4,1,0.011560136725254414
0,1.25,local,0.3,0.30333477823936517,24,1,0.014356391280674613
0,1.25,local,0.5,0.5074335442781229,56,1,0.018830398569346932
0,1.25,local,0.7,0.7002959885837696,107,1,0.02596084768566844
0,1.25,local,0.9,0.9009221672222976,208,1,0.040081933190540445
0,1.25,local,0.95,0.9518774953399076,237,1,0.044136502295899736
0,1.25,local,0.99,0.9926537333684514,253,1,0.04637350594023589
0,1.25,hot-cold,0.1,0.11160302701830395,8,1,0.012119387636338453
0,1.25,hot-cold,0.3,0.30301563336700077,31,1,0.015335080375071683
0,1.25,hot-cold,0.5,0.5012698130672867,62,1,0.019669274935972994
0,1.25,hot-cold,0.7,0.7037467689755175,113,1,0.0267997240522945
0,1.25,hot-cold,0.9,0.9028201785369472,183,1,0.0365866149962652
0,1.25,hot-cold,0.95,0.9511714491665559,214,1,0.04092080955716651
0,1.25,hot-cold,0.99,0.9902237028742633,245,1,0.045255004118067814
0,1.44,random,0.1,0.10264972623812581,14,1,0.012958264002964513
0,1.44,random,0.3,0.3044913069221365,67,1,0.02036833857482804
0,1.44,random,0.5,0.5001617805715141,117,1,0.027358974963378538
0,1.44,random,0.7,0.7054446355716073,173,1,0.0351884877185551
0,1.44,random,0.9,0.9016397025053541,228,1,0.042878187745960646
0,1.44,random,0.95,0.9506581121131934,239,1,0.044416127751441756
0,1.44,random,0.99,0.9921994807789272,250,1,0.045954067756922866
0,1.44,local,0.1,0.10345530122143545,3,1,0.011420323997483403
0,1.44,local,0.3,0.30143574733956896,20,1,0.013797140369590573
0,1.44,local,0.5,0.505406484235491,61,1,0.01952946220820198
0,1.44,local,0.7,0.7072147101892492,106,1,0.02582103495789743
0,1.44,local,0.9,0.9032948433248251,188,1,0.03728567863512025
0,1.44,local,0.95,0.9512778746890853,208,1,0.040081933190540445
0,1.44,local,0.99,0.9905019593514122,241,1,0.044695753206983775
0,1.44,hot-cold,0.1,0.10203959001577144,5,1,0.011699949453025424
0,1.44,hot-cold,0.3,0.30586205251507664,30,1,0.015195267647300673
0,1.44,hot-cold,0.5,0.5044703417166175,55,1,0.018690585841575923
0,1.44,hot-cold,0.7,0.7007726048771973,97,1,0.02456272040795834
0,1.44,hot-cold,0.9,0.9018075376464675,171,1,0.034908862263013075
0,1.44,hot-cold,0.95,0.9501564288251335,202,1,0.039243056823914386
0,1.44,hot-cold,0.99,0.9906941118098901,244,1,0.04511519139029681
0,2.48,random,0.1,0.10167704128135638,1,1,0.011140698541941383
0,2.48,random,0.3,0.30009815263838896,54,1,0.018550773113804913
0,2.48,random,0.5,0.502717283734052,103,1,0.025401596774584402
0,2.48,random,0.7,0.7028457968468883,154,1,0.03253204589090591
0,2.48,random,0.9,0.9159348848308982,215,1,0.041060622284937516
0,2.48,random,0.95,0.950259883625555,230,1,0.043157813201502665
0,2.48,random,0.99,0.9921407092300526,248,1,0.045674442301380846
0,2.48,local,0.1,0.10167704128135638,1,1,0.011140698541941383
0,2.48,local,0.3,0.30912453280296387,9,1,0.012259200364109463
0,2.48,local,0.5,0.5042275346703978,37,1,0.01617395674169774
0,2.48,local,0.7,0.7071019772614803,117,1,0.027358974963378538
0,2.48,local,0.9,0.9004713021004978,192,1,0.03784492954620429
0,2.48,local,0.95,0.9535445847561599,229,1,0.04301800047373165
0,2.48,local,0.99,0.990010971056782,241,1,0.044695753206983775
0,2.48,hot-cold,0.1,0.10167704128135638,1,1,0.011140698541941383
0,2.48,hot-cold,0.3,0.300373768970346,12,1,0.012678638547422494
0,2.48,hot-cold,0.5,0.5033845322979134,36,1,0.01603414401392673
0,2.48,hot-cold,0.7,0.7081754840797857,62,1,0.019669274935972994
0,2.48,hot-cold,0.9,0.9008828021637418,132,1,0.029456165879943687
0,2.48,hot-cold,0.95,0.9543692000080526,170,1,0.03476904953524207
0,2.48,hot-cold,0.99,0.9908098557239768,227,1,0.04273837501818963
0,3.3,random,0.1,0.17513120657040018,1,1,0.011140698541941383
0,3.3,random,0.3,0.3052688259393295,29,1,0.015055454919529664
0,3.3,random,0.5,0.5005792219903414,76,1,0.02162665312476713
0,3.3,random,0.7,0.7009908176000856,122,1,0.02805803860223359
0,3.3,random,0.9,0.9004978624365303,196,1,0.03840418045728833
0,3.3,random,0.95,0.9506498005158421,224,1,0.04231893683487661
0,3.3,random,0.99,0.9900764195517758,252,1,0.046233693212464885
0,3.3,local,0.1,0.17513120657040018,1,1,0.011140698541941383
0,3.3,local,0.3,0.3008243329516201,8,1,0.012119387636338453
0,3.3,local,0.5,0.5570587256730297,26,1,0.014636016736216633
0,3.3,local,0.7,0.7052452484158913,40,1,0.016593394925010774
0,3.3,local,0.9,0.9022990485076207,88,1,0.023304405858019253
0,3.3,local,0.95,0.9511897192639606,146,1,0.03141354406873783
0,3.3,local,0.99,0.9912888159757569,244,1,0.04511519139029681
0,3.3,hot-cold,0.1,0.17513120657040018,1,1,0.011140698541941383
0,3.3,hot-cold,0.3,0.31155461159208303,12,1,0.012678638547422494
0,3.3,hot-cold,0.5,0.5033995880706811,37,1,0.01617395674169774
0,3.3,hot-cold,0.7,0.7003506018316432,72,1,0.02106740221368309
0,3.3,hot-cold,0.9,0.9011224991774658,155,1,0.03267185861867692
0,3.3,hot-cold,0.95,0.9500571284614014,167,1,0.03434961135192904
0,3.3,hot-cold,0.99,0.9912027848985852,218,1,0.04148006046825055
0,4.55,random,0.1,0.19680049585926257,1,1,0.011140698541941383
0,4.55,random,0.3,0.31046913565025824,34,1,0.015754518558384712
0,4.55,random,0.5,0.5034583218003086,78,1,0.02190627858030915
0,4.55,random,0.7,0.700072818175176,152,1,0.03225242043536389
0,4.55,random,0.9,0.9042088447933334,211,1,0.04050137137385348
0,4.55,random,0.95,0.950700807737758,224,1,0.04231893683487661
0,4.55,random,0.99,0.991193995150498,239,1,0.044416127751441756
0,4.55,local,0.1,0.19680049585926257,1,1,0.011140698541941383
0,4.55,local,0.3,0.305156805412444,3,1,0.011420323997483403
0,4.55,local,0.5,0.5069856739507566,7,1,0.011979574908567443
0,4.55,local,0.7,0.7075426926796836,14,1,0.012958264002964513
0,4.55,local,0.9,0.9007639282104641,75,2,0.032487726211166496
0,4.55,local,0.95,0.950618484254499,125,2,0.039478362599716994
0,4.55,local,0.99,0.9907247006240864,243,1,0.044975378662525795
0,4.55,hot-cold,0.1,0.19680049585926257,1,1,0.011140698541941383
0,4.55,hot-cold,0.3,0.3081498723356812,9,1,0.012259200364109463
0,4.55,hot-cold,0.5,0.5003316502351643,28,1,0.014915642191758654
0,4.55,hot-cold,0.7,0.7309264436482302,38,1,0.016313769469468754
0,4.55,hot-cold,0.9,0.9019421036379551,74,1,0.02134702766922511
0,4.55,hot-cold,0.95,0.9566360031906874,123,1,0.028197851330004603
0,4.55,hot-cold,0.99,0.9901727455848826,187,1,0.03714586590734924
0,9.19,random,0.1,0.4680890463633398,1,1,0.011140698541941383
0,9.19,random,0.3,0.4680890463633398,1,1,0.011140698541941383
0,9.19,random,0.5,0.7596776896435024,5,1,0.011699949453025424
0,9.19,random,0.7,0.7596776896435024,5,1,0.011699949453025424
0,9.19,random,0.9,0.9342180710738999,47,1,0.01757208401940784
0,9.19,random,0.95,0.95100229754828,65,1,0.02008871311928602
0,9.19,random,0.99,0.9909614883697366,169,1,0.034629236807471056
0,9.19,local,0.1,0.4680890463633398,1,1,0.011140698541941383
0,9.19,local,0.3,0.4680890463633398,1,1,0.011140698541941383
0,9.19,local,0.5,0.7596738177648216,2,1,0.011280511269712393
0,9.19,local,0.7,0.7596738177648216,2,1,0.011280511269712393
0,9.19,local,0.9,0.9294573753962148,3,1,0.011420323997483403
0,9.19,local,0.95,0.9530812130274877,15,1,0.013098076730735523
0,9.19,local,0.99,0.9926359736898329,85,1,0.02288496767470622
0,9.19,hot-cold,0.1,0.4680890463633398,1,1,0.011140698541941383
0,9.19,hot-cold,0.3,0.4680890463633398,1,1,0.011140698541941383
0,9.19,hot-cold,0.5,0.7596745147317083,3,1,0.011420323997483403
0,9.19,hot-cold,0.7,0.7596745147317083,3,1,0.011420323997483403
0,9.19,hot-cold,0.9,0.9316529237806161,22,1,0.014076765825132592
0,9.19,hot-cold,0.95,0.956584879981323,28,1,0.014915642191758654
0,9.19,hot-cold,0.99,0.9905023861141012,64,1,0.019948900391515013
1,1.07,random,0.1,0.10152478522081472,14,1,0.012958264002964513
1,1.07,random,0.3,0.30057812740574025,64,1,0.019948900391515013
1,1.07,random,0.5,0.5000858952404087,120,1,0.02777841314669157
1,1.07,random,0.7,0.7013314817663064,176,1,0.03560792590186813
1,1.07,random,0.9,0.9082605157943927,228,1,0.042878187745960646
1,1.07,random,0.95,0.9583629213795011,240,1,0.04455594047921276
1,1.07,random,0.99,0.9904606082960831,251,1,0.04609388048469387
1,1.07,local,0.1,0.11075794126815029,4,1,0.011560136725254414
1,1.07,local,0.3,0.30187673035257423,22,1,0.014076765825132592
1,1.07,local,0.5,0.5013246294899042,54,1,0.018550773113804913
1,1.07,local,0.7,0.7015757884711012,127,1,0.028757102241088642
1,1.07,local,0.9,0.9009019282324053,223,1,0.042179124107105594
1,1.07,local,0.95,0.9523298131612242,236,1,0.04399668956812872
1,1.07,local,0.99,0.9912468332412644,250,1,0.045954067756922866
1,1.07,hot-cold,0.1,0.1008643868160329,9,1,0.012259200364109463
1,1.07,hot-cold,0.3,0.3019962487728818,35,1,0.015894331286155722
1,1.07,hot-cold,0.5,0.5005521543398729,69,1,0.020647964030370062
1,1.07,hot-cold,0.7,0.7035933097820081,115,1,0.02707934950783652
1,1.07,hot-cold,0.9,0.9008197377475337,186,1,0.03700605317957823
1,1.07,hot-cold,0.95,0.9512406699118632,214,1,0.04092080955716651
1,1.07,hot-cold,0.99,0.9906180825812431,246,1,0.04539481684583883
1,1.25,random,0.1,0.10109774618992577,11,1,0.012538825819651484
1,1.25,random,0.3,0.30051882984414746,64,1,0.019948900391515013
1,1.25,random,0.5,0.5020446805923889,125,1,0.028477476785546622
1,1.25,random,0.7,0.70366816141798,180,1,0.036167176812952166
1,1.25,random,0.9,0.900262057771844,229,1,0.04301800047373165
1,1.25,random,0.95,0.9533059047675838,242,1,0.04483556593475478
1,1.25,random,0.99,0.9922616364461894,251,1,0.04609388048469387
1,1.25,local,0.1,0.10059845800901875,4,1,0.011560136725254414
1,1.25,local,0.3,0.30978686478808337,21,1,0.013936953097361583
1,1.25,local,0.5,0.5113315096591398,67,1,0.02036833857482804
1,1.25,local,0.7,0.7014819240905107,106,1,0.02582103495789743
1,1.25,local,0.9,0.9000576095913173,174,1,0.03532830044632611
1,1.25,local,0.95,0.9513572114025409,237,1,0.044136502295899736
1,1.25,local,0.99,0.9948172316558819,255,1,0.04665313139577791
1,1.25,hot-cold,0.1,0.10399886408747908,8,1,0.012119387636338453
1,1.25,hot-cold,0.3,0.3027522070634342,29,1,0.015055454919529664
1,1.25,hot-cold,0.5,0.5088672724806245,56,1,0.018830398569346932
1,1.25,hot-cold,0.7,0.7067887789422288,99,1,0.02484234586350036
1,1.25,hot-cold,0.9,0.9021263456454015,175,1,0.03546811317409712
1,1.25,hot-cold,0.95,0.9516600762510627,210,1,0.040361558646082464
1,1.25,hot-cold,0.99,0.990519753704969,241,1,0.044695753206983775
1,1.44,random,0.1,0.10502000946068417,12,1,0.012678638547422494
1,1.44,random,0.3,0.3024541707275945,58,1,0.019110024024888952
1,1.44,random,0.5,0.5016675192382508,108,1,0.02610066041343945
1,1.44,random,0.7,0.7132924583876505,159,1,0.03323110952976096
1,1.44,random,0.9,0.9051170268618409,223,1,0.042179124107105594
1,1.44,random,0.95,0.9575822457623209,237,1,0.044136502295899736
1,1.44,random,0.99,0.9902451035674793,252,1,0.046233693212464885
1,1.44,local,0.1,0.10266986980057,3,1,0.011420323997483403
1,1.44,local,0.3,0.30299353494679204,22,1,0.014076765825132592
1,1.44,local,0.5,0.5171162455312532,94,1,0.02414328222464531
1,1.44,local,0.7,0.7033217651318768,111,1,0.02652009859675248
1,1.44,local,0.9,0.9039169195880139,229,1,0.04301800047373165
1,1.44,local,0.95,0.9535383817540369,245,1,0.045255004118067814
1,1.44,local,0.99,0.9921094491983955,252,1,0.046233693212464885
1,1.44,hot-cold,0.1,0.12226881180720062,5,1,0.011699949453025424
1,1.44,hot-cold,0.3,0.33185765736834083,28,1,0.014915642191758654
1,1.44,hot-cold,0.5,0.5000809098945883,62,1,0.019669274935972994
1,1.44,hot-cold,0.7,0.7008081390271419,102,1,0.02526178404681339
1,1.44,hot-cold,0.9,0.9020322982828938,168,1,0.03448942407970005
1,1.44,hot-cold,0.95,0.9527545875092823,200,1,0.03896343136837237
1,1.44,hot-cold,0.99,0.9901352513060568,243,1,0.044975378662525795
1,2.48,random,0.1,0.10627972980147352,4,1,0.011560136725254414
1,2.48,random,0.3,0.30078905226061836,29,1,0.015055454919529664
1,2.48,random,0.5,0.5045682748847448,81,1,0.022325716763622182
1,2.48,random,0.7,0.7152507657940665,165,1,0.03406998589638702
1,2.48,random,0.9,0.9000663718050145,201,1,0.03910324409614338
1,2.48,random,0.95,0.9518126431669391,228,1,0.042878187745960646
1,2.48,random,0.99,0.9940810291965028,254,1,0.046513318668006905
1,2.48,local,0.1,0.148248678529397,2,1,0.011280511269712393
1,2.48,local,0.3,0.3339444497358728,6,1,0.011839762180796434
1,2.48,local,0.5,0.5012215239071595,29,1,0.015055454919529664
1,2.48,local,0.7,0.7068799069870128,79,1,0.022046091308080162
1,2.48,local,0.9,0.9012726366300563,163,1,0.033790360440845
1,2.48,local,0.95,0.9515439631981549,185,1,0.03686624045180722
1,2.48,local,0.99,0.9908631017047796,213,1,0.0407809968293955
1,2.48,hot-cold,0.1,0.1224863439000176,2,1,0.011280511269712393
1,2.48,hot-cold,0.3,0.3195357915116226,21,1,0.013936953097361583
1,2.48,hot-cold,0.5,0.5231259256398451,35,1,0.015894331286155722
1,2.48,hot-cold,0.7,0.7012499182090793,68,1,0.020508151302599052
1,2.48,hot-cold,0.9,0.9042040070626897,128,1,0.028896914968859648
1,2.48,hot-cold,0.95,0.9504939588251021,160,1,0.033370922257531965
1,2.48,hot-cold,0.99,0.9906704830161982,223,1,0.042179124107105594
1,3.3,random,0.1,0.18292012412258762,1,1,0.011140698541941383
1,3.3,random,0.3,0.3003926272882828,31,1,0.015335080375071683
1,3.3,random,0.5,0.501070476908161,79,1,0.022046091308080162
1,3.3,random,0.7,0.7154789764551751,143,1,0.030994105885424797
1,3.3,random,0.9,0.9184024034631625,206,1,0.039802307734998425
1,3.3,random,0.95,0.9504767990102654,217,1,0.041340247740479535
1,3.3,random,0.99,0.9902137951689711,242,1,0.04483556593475478
1,3.3,local,0.1,0.18292012412258762,1,1,0.011140698541941383
1,3.3,local,0.3,0.3014524389123413,26,1,0.014636016736216633
1,3.3,local,0.5,0.5041065549603512,66,1,0.020228525847057033
1,3.3,local,0.7,0.703290960952281,113,1,0.0267997240522945
1,3.3,local,0.9,0.9001059676727214,140,1,0.03057466770211177
1,3.3,local,0.95,0.9513098569108464,173,1,0.0351884877185551
1,3.3,local,0.99,0.9905612106440002,221,1,0.041899498651563574
1,3.3,hot-cold,0.1,0.18292012412258762,1,1,0.011140698541941383
1,3.3,hot-cold,0.3,0.30144450209916246,12,1,0.012678638547422494
1,3.3,hot-cold,0.5,0.5107014652021642,37,1,0.01617395674169774
1,3.3,hot-cold,0.7,0.7158068662591973,60,1,0.01938964948043097
1,3.3,hot-cold,0.9,0.9006267847351763,115,1,0.02707934950783652
1,3.3,hot-cold,0.95,0.9502514733771378,162,1,0.03365054771307399
1,3.3,hot-cold,0.99,0.9900780663325829,225,1,0.04245874956264761
1,4.55,random,0.1,0.22189379681588975,1,1,0.011140698541941383
1,4.55,random,0.3,0.30016369552437505,36,1,0.01603414401392673
1,4.55,random,0.5,0.5016378759938455,109,1,0.02624047314121046
1,4.55,random,0.7,0.7032955465827945,83,2,0.03360622803333457
1,4.55,random,0.9,0.900057577955295,219,1,0.041619873196021555
1,4.55,random,0.95,0.9502084659966751,243,1,0.044975378662525795
1,4.55,random,0.99,0.990477355392389,252,1,0.046233693212464885
1,4.55,local,0.1,0.22189379681588975,1,1,0.011140698541941383
1,4.55,local,0.3,0.4319604315352168,8,1,0.012119387636338453
1,4.55,local,0.5,0.5098700931611578,11,1,0.012538825819651484
1,4.55,local,0.7,0.7009911227459277,87,1,0.02316459313024824
1,4.55,local,0.9,0.9005283159052713,65,2,0.031089598933456395
1,4.55,local,0.95,0.9519280927351196,131,2,0.04031723896634305
1,4.55,local,0.99,0.990020162742895,166,2,0.0452106844383284
1,4.55,hot-cold,0.1,0.22189379681588975,1,1,0.011140698541941383
1,4.55,hot-cold,0.3,0.3353123895420444,9,1,0.012259200364109463
1,4.55,hot-cold,0.5,0.5329494103893881,25,1,0.014496204008445623
1,4.55,hot-cold,0.7,0.7027746041062551,45,1,0.017292458563865822
1,4.55,hot-cold,0.9,0.9001152933414793,89,1,0.02344421858579026
1,4.55,hot-cold,0.95,0.95323344367844,117,1,0.027358974963378538
1,4.55,hot-cold,0.99,0.9903042025784489,180,1,0.036167176812952166
1,9.19,random,0.1,0.5418247056352495,1,1,0.011140698541941383
1,9.19,random,0.3,0.5418247056352495,1,1,0.011140698541941383
1,9.19,random,0.5,0.5418247056352495,1,1,0.011140698541941383
1,9.19,random,0.7,0.7308116523076016,51,1,0.018131334930491884
1,9.19,random,0.9,0.9018442786856373,134,1,0.029735791335485706
1,9.19,random,0.95,0.9570071983987172,147,1,0.031553356796508836
1,9.19,random,0.99,0.9905554747180068,213,1,0.0407809968293955
1,9.19,local,0.1,0.5418247056352495,1,1,0.011140698541941383
1,9.19,local,0.3,0.5418247056352495,1,1,0.011140698541941383
1,9.19,local,0.5,0.5418247056352495,1,1,0.011140698541941383
1,9.19,local,0.7,0.8051604521397906,3,1,0.011420323997483403
1,9.19,local,0.9,0.9102677829496909,6,1,0.011839762180796434
1,9.19,local,0.95,0.9583670057749447,21,1,0.013936953097361583
1,9.19,local,0.99,0.9900006583214294,35,2,0.026895217100326097
1,9.19,hot-cold,0.1,0.5418247056352495,1,1,0.011140698541941383
1,9.19,hot-cold,0.3,0.5418247056352495,1,1,0.011140698541941383
1,9.19,hot-cold,0.5,0.5418247056352495,1,1,0.011140698541941383
1,9.19,hot-cold,0.7,0.7281901106259222,7,1,0.011979574908567443
1,9.19,hot-cold,0.9,0.9078020920433849,24,1,0.014356391280674613
1,9.19,hot-cold,0.95,0.963866306362272,45,1,0.017292458563865822
1,9.19,hot-cold,0.99,0.9951869591388629,106,1,0.02582103495789743
2,1.07,random,0.1,0.10044660010439024,17,1,0.013377702186277544
2,1.07,random,0.3,0.3028581862906361,60,1,0.01938964948043097
2,1.07,random,0.5,0.5054129940625793,118,1,0.02749878769114955
2,1.07,random,0.7,0.7035855738443888,169,1,0.034629236807471056
2,1.07,random,0.9,0.9002052376737991,221,1,0.041899498651563574
2,1.07,random,0.95,0.9517338500006148,242,1,0.04483556593475478
2,1.07,random,0.99,0.9938395405449026,254,1,0.046513318668006905
2,1.07,local,0.1,0.10804908684482896,5,1,0.011699949453025424
2,1.07,local,0.3,0.3056276609458775,24,1,0.014356391280674613
2,1.07,local,0.5,0.5007150779163092,90,1,0.023584031313561273
2,1.07,local,0.7,0.701886369530247,155,1,0.03267185861867692
2,1.07,local,0.9,0.9042822105363639,199,1,0.03882361864060136
2,1.07,local,0.95,0.9513454252476286,221,1,0.041899498651563574
2,1.07,local,0.99,0.9912759769177846,237,1,0.044136502295899736
2,1.07,hot-cold,0.1,0.1005465900254491,7,1,0.011979574908567443
2,1.07,hot-cold,0.3,0.30630618972630236,37,1,0.01617395674169774
2,1.07,hot-cold,0.5,0.5016266698588048,67,1,0.02036833857482804
2,1.07,hot-cold,0.7,0.7014448158282793,104,1,0.02554140950235541
2,1.07,hot-cold,0.9,0.9015433242577874,177,1,0.03574773862963914
2,1.07,hot-cold,0.95,0.9544307544693693,209,1,0.04022174591831146
2,1.07,hot-cold,0.99,0.9902797326539986,240,1,0.04455594047921276
2,1.25,random,0.1,0.10356332715542987,13,1,0.012818451275193503
2,1.25,random,0.3,0.3000276871536206,59,1,0.01924983675265996
2,1.25,random,0.5,0.500034212747776,110,1,0.02638028586898147
2,1.25,random,0.7,0.7006681211078668,164,1,0.03393017316861601
2,1.25,random,0.9,0.9009641423254793,223,1,0.042179124107105594
2,1.25,random,0.95,0.952071768885685,235,1,0.04385687684035772
2,1.25,random,0.99,0.9905928713169342,254,1,0.046513318668006905
2,1.25,local,0.1,0.10622251969111948,4,1,0.011560136725254414
2,1.25,local,0.3,0.3038892266187391,40,1,0.016593394925010774
2,1.25,local,0.5,0.5041982578487203,89,1,0.02344421858579026
2,1.25,local,0.7,0.708688157298434,134,1,0.029735791335485706
2,1.25,local,0.9,0.9006390608696222,193,1,0.037984742273975296
2,1.25,local,0.95,0.9504003922005739,230,1,0.043157813201502665
2,1.25,local,0.99,0.990810452407959,247,1,0.04553462957360983
2,1.25,hot-cold,0.1,0.11016139593176248,8,1,0.012119387636338453
2,1.25,hot-cold,0.3,0.3151786920554245,29,1,0.015055454919529664
2,1.25,hot-cold,0.5,0.5064648868921645,55,1,0.018690585841575923
2,1.25,hot-cold,0.7,0.7002375643349347,100,1,0.02498215859127137
2,1.25,hot-cold,0.9,0.9025184765641023,176,1,0.03560792590186813
2,1.25,hot-cold,0.95,0.951371245558348,205,1,0.03966249500722742
2,1.25,hot-cold,0.99,0.9905170450189679,239,1,0.044416127751441756
2,1.44,random,0.1,0.10164664888232597,13,1,0.012818451275193503
2,1.44,random,0.3,0.3004029904330123,60,1,0.01938964948043097
2,1.44,random,0.5,0.5116105613494883,118,1,0.02749878769114955
2,1.44,random,0.7,0.7085612004724461,167,1,0.03434961135192904
2,1.44,random,0.9,0.9008231615361006,222,1,0.04203931137933459
2,1.44,random,0.95,0.9515528275562144,236,1,0.04399668956812872
2,1.44,random,0.99,0.9913129139558554,250,1,0.045954067756922866
2,1.44,local,0.1,0.11222898980538297,5,1,0.011699949453025424
2,1.44,local,0.3,0.30005789984879894,21,1,0.013936953097361583
2,1.44,local,0.5,0.5048615984591416,59,1,0.01924983675265996
2,1.44,local,0.7,0.7029023806106781,117,1,0.027358974963378538
2,1.44,local,0.9,0.9005825207106198,217,1,0.041340247740479535
2,1.44,local,0.95,0.9510067021539393,226,1,0.042598562290418626
2,1.44,local,0.99,0.9902025399053933,240,1,0.04455594047921276
2,1.44,hot-cold,0.1,0.10110408184101663,6,1,0.011839762180796434
2,1.44,hot-cold,0.3,0.30547909524933503,24,1,0.014356391280674613
2,1.44,hot-cold,0.5,0.502043748280782,51,1,0.018131334930491884
2,1.44,hot-cold,0.7,0.7049471919312603,84,1,0.02274515494693521
2,1.44,hot-cold,0.9,0.9010414603677792,149,1,0.03183298225205086
2,1.44,hot-cold,0.95,0.9501959513149458,184,1,0.036726427724036205
2,1.44,hot-cold,0.99,0.9916815868873856,231,1,0.04329762592927368
2,2.48,random,0.1,0.1093897388615202,1,1,0.011140698541941383
2,2.48,random,0.3,0.3001219035813287,51,1,0.018131334930491884
2,2.48,random,0.5,0.5022560160549325,98,1,0.02470253313572935
2,2.48,random,0.7,0.705699955522457,166,1,0.03420979862415803
2,2.48,random,0.9,0.9058589539394877,223,1,0.042179124107105594
2,2.48,random,0.95,0.9514920715345625,227,1,0.04273837501818963
2,2.48,random,0.99,0.9918780253991524,251,1,0.04609388048469387
2,2.48,local,0.1,0.1093897388615202,1,1,0.011140698541941383
2,2.48,local,0.3,0.3000388203738718,14,1,0.012958264002964513
2,2.48,local,0.5,0.5143443094439142,28,1,0.014915642191758654
2,2.48,local,0.7,0.7074872054180451,57,1,0.018970211297117942
2,2.48,local,0.9,0.9002562092554514,124,2,0.03933854987194599
2,2.48,local,0.95,0.9521437911357558,213,1,0.0407809968293955
2,2.48,local,0.99,0.990499845046164,233,1,0.0435772513848157
2,2.48,hot-cold,0.1,0.1093897388615202,1,1,0.011140698541941383
2,2.48,hot-cold,0.3,0.30431825918488287,22,1,0.014076765825132592
2,2.48,hot-cold,0.5,0.5074124637725766,42,1,0.016873020380552793
2,2.48,hot-cold,0.7,0.7027079395153217,63,1,0.019809087663744
2,2.48,hot-cold,0.9,0.9053733318690345,121,1,0.027918225874462577
2,2.48,hot-cold,0.95,0.950454751022823,160,1,0.033370922257531965
2,2.48,hot-cold,0.99,0.9933271246847569,233,1,0.0435772513848157
2,3.3,random,0.1,0.15754583015856208,1,1,0.011140698541941383
2,3.3,random,0.3,0.30028012106719476,39,1,0.01645358219723976
2,3.3,random,0.5,0.5012264680245782,99,1,0.02484234586350036
2,3.3,random,0.7,0.7000478600072602,149,1,0.03183298225205086
2,3.3,random,0.9,0.9039773693634633,221,1,0.041899498651563574
2,3.3,random,0.95,0.9518098784042768,231,1,0.04329762592927368
2,3.3,random,0.99,0.9905910003836653,252,1,0.046233693212464885
2,3.3,local,0.1,0.15754583015856208,1,1,0.011140698541941383
2,3.3,local,0.3,0.3271063082684741,4,1,0.011560136725254414
2,3.3,local,0.5,0.501127480238217,10,1,0.012399013091880472
2,3.3,local,0.7,0.7009153679077473,29,1,0.015055454919529664
2,3.3,local,0.9,0.9010473230186354,167,1,0.03434961135192904
2,3.3,local,0.95,0.9504238200875678,206,1,0.039802307734998425
2,3.3,local,0.99,0.9906300871847344,247,1,0.04553462957360983
2,3.3,hot-cold,0.1,0.15754583015856208,1,1,0.011140698541941383
2,3.3,hot-cold,0.3,0.32265074128850335,11,1,0.012538825819651484
2,3.3,hot-cold,0.5,0.5089525566388367,29,1,0.015055454919529664
2,3.3,hot-cold,0.7,0.7002605998222381,46,1,0.017432271291636832
2,3.3,hot-cold,0.9,0.900006495835867,131,1,0.02931635315217268
2,3.3,hot-cold,0.95,0.9500160608428871,160,1,0.033370922257531965
2,3.3,hot-cold,0.99,0.9902372809728148,228,1,0.042878187745960646
2,4.55,random,0.1,0.20101167685189905,1,1,0.011140698541941383
2,4.55,random,0.3,0.38300959032571047,29,1,0.015055454919529664
2,4.55,random,0.5,0.5006067493896253,103,1,0.025401596774584402
2,4.55,random,0.7,0.7196600536287472,123,1,0.028197851330004603
2,4.55,random,0.9,0.9019090929531464,189,1,0.03742549136289126
2,4.55,random,0.95,0.9521559651643916,217,1,0.041340247740479535
2,4.55,random,0.99,0.9915638417440906,238,1,0.04427631502367074
2,4.55,local,0.1,0.20101167685189905,1,1,0.011140698541941383
2,4.55,local,0.3,0.30736990474375125,4,1,0.011560136725254414
2,4.55,local,0.5,0.549170041569303,60,1,0.01938964948043097
2,4.55,local,0.7,0.704244053322791,62,1,0.019669274935972994
2,4.55,local,0.9,0.9052956943390115,143,1,0.030994105885424797
2,4.55,local,0.95,0.9509351707788074,155,1,0.03267185861867692
2,4.55,local,0.99,0.9906212338423808,180,1,0.036167176812952166
2,4.55,hot-cold,0.1,0.20101167685189905,1,1,0.011140698541941383
2,4.55,hot-cold,0.3,0.3134013457459089,13,1,0.012818451275193503
2,4.55,hot-cold,0.5,0.523240035179634,36,1,0.01603414401392673
2,4.55,hot-cold,0.7,0.7404163268353278,66,1,0.020228525847057033
2,4.55,hot-cold,0.9,0.9125218789143275,86,1,0.02302478040247723
2,4.55,hot-cold,0.95,0.9505153217555748,119,1,0.027638600418920557
2,4.55,hot-cold,0.99,0.992296034740737,210,1,0.040361558646082464
2,9.19,random,0.1,0.554043955058674,1,1,0.011140698541941383
2,9.19,random,0.3,0.554043955058674,1,1,0.011140698541941383
2,9.19,random,0.5,0.554043955058674,1,1,0.011140698541941383
2,9.19,random,0.7,0.7095144202404865,15,2,0.024098962544905896
2,9.19,random,0.9,0.9020819523771221,87,2,0.03416547894441861
2,9.19,random,0.95,0.9621048358303507,135,2,0.04087648987742709
2,9.19,random,0.99,0.9905103551614889,234,1,0.043717064112586704
2,9.19,local,0.1,0.554043955058674,1,1,0.011140698541941383
2,9.19,local,0.3,0.554043955058674,1,1,0.011140698541941383
2,9.19,local,0.5,0.554043955058674,1,1,0.011140698541941383
2,9.19,local,0.7,0.7136168623997081,59,1,0.01924983675265996
2,9.19,local,0.9,0.9388677341109881,114,1,0.026939536780065512
2,9.19,local,0.95,0.9536197669910065,117,1,0.027358974963378538
2,9.19,local,0.99,0.9913288767229349,124,1,0.02833766405777561
2,9.19,hot-cold,0.1,0.554043955058674,1,1,0.011140698541941383
2,9.19,hot-cold,0.3,0.554043955058674,1,1,0.011140698541941383
2,9.19,hot-cold,0.5,0.554043955058674,1,1,0.011140698541941383
2,9.19,hot-cold,0.7,0.7865860170662676,27,1,0.014775829463987642
2,9.19,hot-cold,0.9,0.9124568682756233,71,1,0.02092758948591208
2,9.19,hot-cold,0.95,0.9531180306992574,97,1,0.02456272040795834
2,9.19,hot-cold,0.99,0.9941613553150367,112,1,0.026659911324523493
3,1.07,random,0.1,0.10402155492436019,14,1,0.012958264002964513
3,1.07,random,0.3,0.30639043401748633,67,1,0.02036833857482804
3,1.07,random,0.5,0.5014784432488897,117,1,0.027358974963378538
3,1.07,random,0.7,0.7061029094338594,169,1,0.034629236807471056
3,1.07,random,0.9,0.9016929341518002,222,1,0.04203931137933459
3,1.07,random,0.95,0.9529579250187191,237,1,0.044136502295899736
3,1.07,random,0.99,0.991027813780897,250,1,0.045954067756922866
3,1.07,local,0.1,0.11204606604191497,6,1,0.011839762180796434
3,1.07,local,0.3,0.3011862892800615,44,1,0.017152645836094813
3,1.07,local,0.5,0.5023310694598934,101,1,0.025121971319042383
3,1.07,local,0.7,0.701426817377388,145,1,0.031273731340966816
3,1.07,local,0.9,0.900113863407,209,1,0.04022174591831146
3,1.07,local,0.95,0.9526195775800393,231,1,0.04329762592927368
3,1.07,local,0.99,0.991021995491507,253,1,0.04637350594023589
3,1.07,hot-cold,0.1,0.10622638344985083,10,1,0.012399013091880472
3,1.07,hot-cold,0.3,0.3007687462792503,35,1,0.015894331286155722
3,1.07,hot-cold,0.5,0.500672687014411,61,1,0.01952946220820198
3,1.07,hot-cold,0.7,0.7032840791557526,104,1,0.02554140950235541
3,1.07,hot-cold,0.9,0.9001938854156467,183,1,0.0365866149962652
3,1.07,hot-cold,0.95,0.9503356184739339,211,1,0.04050137137385348
3,1.07,hot-cold,0.99,0.9905440931914675,247,1,0.04553462957360983
3,1.25,random,0.1,0.10194677014168457,16,1,0.013237889458506534
3,1.25,random,0.3,0.30268422001956513,70,1,0.02078777675814107
3,1.25,random,0.5,0.5074869055213851,120,1,0.02777841314669157
3,1.25,random,0.7,0.7037154661768801,176,1,0.03560792590186813
3,1.25,random,0.9,0.9007969303278723,225,1,0.04245874956264761
3,1.25,random,0.95,0.950654292699149,242,1,0.04483556593475478
3,1.25,random,0.99,0.9933516141886662,254,1,0.046513318668006905
3,1.25,local,0.1,0.10266180954264936,7,1,0.011979574908567443
3,1.25,local,0.3,0.30042478426736935,37,1,0.01617395674169774
3,1.25,local,0.5,0.5034788469041118,93,1,0.0240034694968743
3,1.25,local,0.7,0.7034099114478437,120,1,0.02777841314669157
3,1.25,local,0.9,0.9003809618314775,195,1,0.038264367729517315
3,1.25,local,0.95,0.9516365499673655,214,1,0.04092080955716651
3,1.25,local,0.99,0.9902781954584641,243,1,0.044975378662525795
3,1.25,hot-cold,0.1,0.10446883277781695,8,1,0.012119387636338453
3,1.25,hot-cold,0.3,0.30163879862493853,27,1,0.014775829463987642
3,1.25,hot-cold,0.5,0.5040295029691549,55,1,0.018690585841575923
3,1.25,hot-cold,0.7,0.7053812551093143,98,1,0.02470253313572935
3,1.25,hot-cold,0.9,0.9004591399547418,180,1,0.036167176812952166
3,1.25,hot-cold,0.95,0.9504841589502836,217,1,0.041340247740479535
3,1.25,hot-cold,0.99,0.9906667351787424,245,1,0.045255004118067814
3,1.44,random,0.1,0.10087096330944331,12,1,0.012678638547422494
3,1.44,random,0.3,0.30302160620905716,55,1,0.018690585841575923
3,1.44,random,0.5,0.5223753140637462,98,1,0.02470253313572935
3,1.44,random,0.7,0.701325787530681,164,1,0.03393017316861601
3,1.44,random,0.9,0.901389375006455,217,1,0.041340247740479535
3,1.44,random,0.95,0.95200985175331,231,1,0.04329762592927368
3,1.44,random,0.99,0.994112315532954,253,1,0.04637350594023589
3,1.44,local,0.1,0.123210869314423,4,1,0.011560136725254414
3,1.44,local,0.3,0.30887883297339647,14,1,0.012958264002964513
3,1.44,local,0.5,0.5004904169090029,42,1,0.016873020380552793
3,1.44,local,0.7,0.7020172906611515,70,2,0.031788662572311444
3,1.44,local,0.9,0.9008198913007054,135,2,0.04087648987742709
3,1.44,local,0.95,0.9576583188886639,223,1,0.042179124107105594
3,1.44,local,0.99,0.9900631724173697,243,1,0.044975378662525795
3,1.44,hot-cold,0.1,0.1087516658550586,6,1,0.011839762180796434
3,1.44,hot-cold,0.3,0.3002519132919699,23,1,0.014216578552903602
3,1.44,hot-cold,0.5,0.505086537429613,54,1,0.018550773113804913
3,1.44,hot-cold,0.7,0.7083941110948083,89,1,0.02344421858579026
3,1.44,hot-cold,0.9,0.9006519774904268,150,1,0.03197279497982187
3,1.44,hot-cold,0.95,0.950032256150662,183,1,0.0365866149962652
3,1.44,hot-cold,0.99,0.9902223120606765,235,1,0.04385687684035772
3,2.48,random,0.1,0.11785662526858973,1,1,0.011140698541941383
3,2.48,random,0.3,0.3064066867649411,43,1,0.017012833108323803
3,2.48,random,0.5,0.5042964026979275,111,1,0.02652009859675248
3,2.48,random,0.7,0.7046116275849152,162,1,0.03365054771307399
3,2.48,random,0.9,0.9081130215548727,224,1,0.04231893683487661
3,2.48,random,0.95,0.9507861181476026,239,1,0.044416127751441756
3,2.48,random,0.99,0.9909538955347791,250,1,0.045954067756922866
3,2.48,local,0.1,0.11785662526858973,1,1,0.011140698541941383
3,2.48,local,0.3,0.300929880977403,8,1,0.012119387636338453
3,2.48,local,0.5,0.5017863307848456,72,1,0.02106740221368309
3,2.48,local,0.7,0.7056530979516374,90,1,0.023584031313561273
3,2.48,local,0.9,0.9002392201749024,154,1,0.03253204589090591
3,2.48,local,0.95,0.9503865554916459,187,1,0.03714586590734924
3,2.48,local,0.99,0.9906592590199756,237,1,0.044136502295899736
3,2.48,hot-cold,0.1,0.11785662526858973,1,1,0.011140698541941383
3,2.48,hot-cold,0.3,0.30397622376694095,14,1,0.012958264002964513
3,2.48,hot-cold,0.5,0.5062261035093649,33,1,0.015614705830613702
3,2.48,hot-cold,0.7,0.7015339529472109,69,1,0.020647964030370062
3,2.48,hot-cold,0.9,0.900313464338263,135,1,0.02987560406325672
3,2.48,hot-cold,0.95,0.9521590143366199,169,1,0.034629236807471056
3,2.48,hot-cold,0.99,0.9902062589884956,231,1,0.04329762592927368
3,3.3,random,0.1,0.12667752356725898,1,1,0.011140698541941383
3,3.3,random,0.3,0.40833206081557055,33,1,0.015614705830613702
3,3.3,random,0.5,0.5005352623212326,78,1,0.02190627858030915
3,3.3,random,0.7,0.7270928362181504,124,1,0.02833766405777561
3,3.3,random,0.9,0.9019026041024288,200,1,0.03896343136837237
3,3.3,random,0.95,0.956342600085335,233,1,0.0435772513848157
3,3.3,random,0.99,0.9911159064306412,246,1,0.04539481684583883
3,3.3,local,0.1,0.12667752356725898,1,1,0.011140698541941383
3,3.3,local,0.3,0.3851235223146059,4,1,0.011560136725254414
3,3.3,local,0.5,0.5055737933122986,10,1,0.012399013091880472
3,3.3,local,0.7,0.7003162682532408,52,1,0.01827114765826289
3,3.3,local,0.9,0.9016987700946117,83,2,0.03360622803333457
3,3.3,local,0.95,0.9520435991954965,132,2,0.040457051694114066
3,3.3,local,0.99,0.9910763106080089,241,1,0.044695753206983775
3,3.3,hot-cold,0.1,0.12667752356725898,1,1,0.011140698541941383
3,3.3,hot-cold,0.3,0.304890291790231,10,1,0.012399013091880472
3,3.3,hot-cold,0.5,0.5039124344069752,26,1,0.014636016736216633
3,3.3,hot-cold,0.7,0.7076708321215535,50,1,0.01799152220272087
3,3.3,hot-cold,0.9,0.9025308944266318,113,1,0.0267997240522945
3,3.3,hot-cold,0.95,0.9577200879005914,146,1,0.03141354406873783
3,3.3,hot-cold,0.99,0.9900072508178219,197,1,0.038543993185059335
3,4.55,random,0.1,0.22916536184319378,1,1,0.011140698541941383
3,4.55,random,0.3,0.39649688098737645,17,1,0.013377702186277544
3,4.55,random,0.5,0.503783949277313,51,1,0.018131334930491884
3,4.55,random,0.7,0.700304924792643,134,1,0.029735791335485706
3,4.55,random,0.9,0.9020769963261269,194,1,0.03812455500174631
3,4.55,random,0.95,0.951165574568414,221,1,0.041899498651563574
3,4.55,random,0.99,0.9925870857748589,249,1,0.04581425502915185
3,4.55,local,0.1,0.22916536184319378,1,1,0.011140698541941383
3,4.55,local,0.3,0.31293672402893474,4,1,0.011560136725254414
3,4.55,local,0.5,0.5434157887851635,8,1,0.012119387636338453
3,4.55,local,0.7,0.7008299252040292,20,1,0.013797140369590573
3,4.55,local,0.9,0.9002751519935759,122,1,0.02805803860223359
3,4.55,local,0.95,0.9512337266262454,179,1,0.03602736408518116
3,4.55,local,0.99,0.9901498349485887,228,1,0.042878187745960646
3,4.55,hot-cold,0.1,0.22916536184319378,1,1,0.011140698541941383
3,4.55,hot-cold,0.3,0.30673665379027565,13,1,0.012818451275193503
3,4.55,hot-cold,0.5,0.5718332908628823,36,1,0.01603414401392673
3,4.55,hot-cold,0.7,0.7204354883909676,47,1,0.01757208401940784
3,4.55,hot-cold,0.9,0.9027975652582656,95,1,0.02428309495241632
3,4.55,hot-cold,0.95,0.9528153616235218,132,1,0.029456165879943687
3,4.55,hot-cold,0.99,0.9901049092446982,213,1,0.0407809968293955
3,9.19,random,0.1,0.5085819206122227,1,1,0.011140698541941383
3,9.19,random,0.3,0.5085819206122227,1,1,0.011140698541941383
3,9.19,random,0.5,0.5085819206122227,1,1,0.011140698541941383
3,9.19,random,0.7,0.7738507938833149,2,2,0.022281397083882767
3,9.19,random,0.9,0.9188327097669906,147,1,0.031553356796508836
3,9.19,random,0.95,0.9565445822325954,156,1,0.032811671346447926
3,9.19,random,0.99,0.993400993819411,195,1,0.038264367729517315
3,9.19,local,0.1,0.5085819206122227,1,1,0.011140698541941383
3,9.19,local,0.3,0.5085819206122227,1,1,0.011140698541941383
3,9.19,local,0.5,0.5085819206122227,1,1,0.011140698541941383
3,9.19,local,0.7,0.7738507938833149,2,2,0.022281397083882767
3,9.19,local,0.9,0.9239274139394885,8,2,0.02312027345050883
3,9.19,local,0.95,0.954649418924767,11,2,0.023539711633821857
3,9.19,local,0.99,0.9905018594834812,44,2,0.028153531650265184
3,9.19,hot-cold,0.1,0.5085819206122227,1,1,0.011140698541941383
3,9.19,hot-cold,0.3,0.5085819206122227,1,1,0.011140698541941383
3,9.19,hot-cold,0.5,0.5085819206122227,1,1,0.011140698541941383
3,9.19,hot-cold,0.7,0.8873392160523617,20,1,0.013797140369590573
3,9.19,hot-cold,0.9,0.9020411313049478,21,1,0.013936953097361583
3,9.19,hot-cold,0.95,0.9500001774250051,45,1,0.017292458563865822
3,9.19,hot-cold,0.99,0.9905472368599437,124,1,0.02833766405777561
4,1.07,random,0.1,0.10192820595068457,17,1,0.013377702186277544
4,1.07,random,0.3,0.3014402411267707,67,1,0.02036833857482804
4,1.07,random,0.5,0.5015322520569818,120,1,0.02777841314669157
4,1.07,random,0.7,0.7007588047398416,176,1,0.03560792590186813
4,1.07,random,0.9,0.9011242545695649,233,1,0.0435772513848157
4,1.07,random,0.95,0.9550688125799374,245,1,0.045255004118067814
4,1.07,random,0.99,0.9957363795063469,255,1,0.04665313139577791
4,1.07,local,0.1,0.11966361942493275,6,1,0.011839762180796434
4,1.07,local,0.3,0.30123162944439086,31,1,0.015335080375071683
4,1.07,local,0.5,0.5035036460475297,61,1,0.01952946220820198
4,1.07,local,0.7,0.7001638856353596,124,1,0.02833766405777561
4,1.07,local,0.9,0.9017252692053517,182,1,0.036446802268494186
4,1.07,local,0.95,0.9515713879577897,210,1,0.040361558646082464
4,1.07,local,0.99,0.9915509533593123,251,1,0.04609388048469387
4,1.07,hot-cold,0.1,0.1160971604028254,8,1,0.012119387636338453
4,1.07,hot-cold,0.3,0.30448897387282486,29,1,0.015055454919529664
4,1.07,hot-cold,0.5,0.5007347946428155,61,1,0.01952946220820198
4,1.07,hot-cold,0.7,0.7026692251086616,110,1,0.02638028586898147
4,1.07,hot-cold,0.9,0.9001877437438881,189,1,0.03742549136289126
4,1.07,hot-cold,0.95,0.9500241781723153,216,1,0.04120043501270853
4,1.07,hot-cold,0.99,0.9901859975835777,247,1,0.04553462957360983
4,1.25,random,0.1,0.10145525229901876,12,1,0.012678638547422494
4,1.25,random,0.3,0.30215156492100653,62,1,0.019669274935972994
4,1.25,random,0.5,0.5021346827879936,110,1,0.02638028586898147
4,1.25,random,0.7,0.7030838086822079,169,1,0.034629236807471056
4,1.25,random,0.9,0.90247463432125,227,1,0.04273837501818963
4,1.25,random,0.95,0.9533292680824672,240,1,0.04455594047921276
4,1.25,random,0.99,0.9915592448452805,251,1,0.04609388048469387
4,1.25,local,0.1,0.107790322327829,4,1,0.011560136725254414
4,1.25,local,0.3,0.30068887027850805,28,1,0.014915642191758654
4,1.25,local,0.5,0.5039351344255959,86,1,0.02302478040247723
4,1.25,local,0.7,0.7007247339802347,129,1,0.02903672769663066
4,1.25,local,0.9,0.901857590029634,210,1,0.040361558646082464
4,1.25,local,0.95,0.9508231152882214,224,1,0.04231893683487661
4,1.25,local,0.99,0.9900087769056491,252,1,0.046233693212464885
4,1.25,hot-cold,0.1,0.10251907854409158,7,1,0.011979574908567443
4,1.25,hot-cold,0.3,0.3119940099333702,29,1,0.015055454919529664
4,1.25,hot-cold,0.5,0.5013037207106273,57,1,0.018970211297117942
4,1.25,hot-cold,0.7,0.7003895715911591,101,1,0.025121971319042383
4,1.25,hot-cold,0.9,0.9006968356644304,176,1,0.03560792590186813
4,1.25,hot-cold,0.95,0.9505486006977911,204,1,0.039522682279456406
4,1.25,hot-cold,0.99,0.9902835800470446,245,1,0.045255004118067814
4,1.44,random,0.1,0.10698459102062707,8,1,0.012119387636338453
4,1.44,random,0.3,0.30259758866260605,56,1,0.018830398569346932
4,1.44,random,0.5,0.501454745083596,99,1,0.02484234586350036
4,1.44,random,0.7,0.700940304653975,145,1,0.031273731340966816
4,1.44,random,0.9,0.9023627068199767,205,1,0.03966249500722742
4,1.44,random,0.95,0.9536299445660403,229,1,0.04301800047373165
4,1.44,random,0.99,0.9907328524362958,248,1,0.045674442301380846
4,1.44,local,0.1,0.12945905909634617,4,1,0.011560136725254414
4,1.44,local,0.3,0.30038036330868645,17,1,0.013377702186277544
4,1.44,local,0.5,0.5013544395763785,38,1,0.016313769469468754
4,1.44,local,0.7,0.7004595747803899,86,1,0.02302478040247723
4,1.44,local,0.9,0.9000567350821335,153,1,0.0323922331631349
4,1.44,local,0.95,0.9509949782862314,198,1,0.03868380591283035
4,1.44,local,0.99,0.9911182071566674,234,1,0.043717064112586704
4,1.44,hot-cold,0.1,0.10450601616470759,6,1,0.011839762180796434
4,1.44,hot-cold,0.3,0.31520446235593025,26,1,0.014636016736216633
4,1.44,hot-cold,0.5,0.5014202385055192,53,1,0.018410960386033903
4,1.44,hot-cold,0.7,0.7048859742788468,91,1,0.02372384404133228
4,1.44,hot-cold,0.9,0.9012572538110927,156,1,0.032811671346447926
4,1.44,hot-cold,0.95,0.9520355719894035,190,1,0.03756530409066227
4,1.44,hot-cold,0.99,0.9902308574629496,238,1,0.04427631502367074
4,2.48,random,0.1,0.10373011372967747,1,1,0.011140698541941383
4,2.48,random,0.3,0.30378385226017185,48,1,0.01771189674717885
4,2.48,random,0.5,0.5055725577858754,100,1,0.02498215859127137
4,2.48,random,0.7,0.7000370588208565,146,1,0.03141354406873783
4,2.48,random,0.9,0.904011216049766,231,1,0.04329762592927368
4,2.48,random,0.95,0.9574627821239144,237,1,0.044136502295899736
4,2.48,random,0.99,0.9907173277832972,254,1,0.046513318668006905
4,2.48,local,0.1,0.10373011372967747,1,1,0.011140698541941383
4,2.48,local,0.3,0.3130305984131106,8,1,0.012119387636338453
4,2.48,local,0.5,0.5118591814928615,21,1,0.013936953097361583
4,2.48,local,0.7,0.702519811019539,67,1,0.02036833857482804
4,2.48,local,0.9,0.9013223830156288,192,1,0.03784492954620429
4,2.48,local,0.95,0.9526255780022338,200,1,0.03896343136837237
4,2.48,local,0.99,0.9900955057356555,218,1,0.04148006046825055
4,2.48,hot-cold,0.1,0.10373011372967747,1,1,0.011140698541941383
4,2.48,hot-cold,0.3,0.3184316980090293,14,1,0.012958264002964513
4,2.48,hot-cold,0.5,0.5065303540803934,38,1,0.016313769469468754
4,2.48,hot-cold,0.7,0.7031251515935624,85,1,0.02288496767470622
4,2.48,hot-cold,0.9,0.9006475975387532,138,1,0.030295042246569752
4,2.48,hot-cold,0.95,0.9509160115506954,172,1,0.03504867499078409
4,2.48,hot-cold,0.99,0.9900893641578401,219,1,0.041619873196021555
4,3.3,random,0.1,0.16607011616046255,1,1,0.011140698541941383
4,3.3,random,0.3,0.3022474082848203,34,1,0.015754518558384712
4,3.3,random,0.5,0.5105121163162332,120,1,0.02777841314669157
4,3.3,random,0.7,0.7005042667758787,159,1,0.03323110952976096
4,3.3,random,0.9,0.9004976518981185,210,1,0.040361558646082464
4,3.3,random,0.95,0.9521097317387286,233,1,0.0435772513848157
4,3.3,random,0.99,0.9924995038905255,246,1,0.04539481684583883
4,3.3,local,0.1,0.16607011616046255,1,1,0.011140698541941383
4,3.3,local,0.3,0.34376948441194954,5,1,0.011699949453025424
4,3.3,local,0.5,0.5014311151910209,43,1,0.017012833108323803
4,3.3,local,0.7,0.7005447412200205,110,1,0.02638028586898147
4,3.3,local,0.9,0.9050877360966489,219,1,0.041619873196021555
4,3.3,local,0.95,0.953120497256986,234,1,0.043717064112586704
4,3.3,local,0.99,0.9912326980520735,246,1,0.04539481684583883
4,3.3,hot-cold,0.1,0.16607011616046255,1,1,0.011140698541941383
4,3.3,hot-cold,0.3,0.3120925820762956,7,1,0.011979574908567443
4,3.3,hot-cold,0.5,0.5059509431888664,21,1,0.013936953097361583
4,3.3,hot-cold,0.7,0.7046650100163305,50,1,0.01799152220272087
4,3.3,hot-cold,0.9,0.9097936348975034,112,1,0.026659911324523493
4,3.3,hot-cold,0.95,0.9546493143347254,155,1,0.03267185861867692
4,3.3,hot-cold,0.99,0.9901741830156792,221,1,0.041899498651563574
4,4.55,random,0.1,0.2315753265946475,1,1,0.011140698541941383
4,4.55,random,0.3,0.3573247533404705,11,1,0.012538825819651484
4,4.55,random,0.5,0.5367064206880864,74,1,0.02134702766922511
4,4.55,random,0.7,0.7611121291900146,134,1,0.029735791335485706
4,4.55,random,0.9,0.9055691768502366,221,1,0.041899498651563574
4,4.55,random,0.95,0.9703812269367287,230,1,0.043157813201502665
4,4.55,random,0.99,0.9907565662251083,243,1,0.044975378662525795
4,4.55,local,0.1,0.2315753265946475,1,1,0.011140698541941383
4,4.55,local,0.3,0.3325628741722142,2,1,0.011280511269712393
4,4.55,local,0.5,0.500251234819158,9,1,0.012259200364109463
4,4.55,local,0.7,0.7001139111419865,26,1,0.014636016736216633
4,4.55,local,0.9,0.9023799013401879,92,1,0.023863656769103292
4,4.55,local,0.95,0.9510588393305908,112,2,0.037660797138693865
4,4.55,local,0.99,0.9914920861552504,219,1,0.041619873196021555
4,4.55,hot-cold,0.1,0.2315753265946475,1,1,0.011140698541941383
4,4.55,hot-cold,0.3,0.34408699363455525,15,1,0.013098076730735523
4,4.55,hot-cold,0.5,0.5106338793887281,30,1,0.015195267647300673
4,4.55,hot-cold,0.7,0.7224907394227706,52,1,0.01827114765826289
4,4.55,hot-cold,0.9,0.9244508499373367,70,1,0.02078777675814107
4,4.55,hot-cold,0.95,0.9503284086883278,94,1,0.02414328222464531
4,4.55,hot-cold,0.99,0.9904636527078224,157,1,0.03295148407421894
4,9.19,random,0.1,0.5676277570976097,1,1,0.011140698541941383
4,9.19,random,0.3,0.5676277570976097,1,1,0.011140698541941383
4,9.19,random,0.5,0.5676277570976097,1,1,0.011140698541941383
4,9.19,random,0.7,0.7075176464287859,51,1,0.018131334930491884
4,9.19,random,0.9,0.9003468726631354,164,1,0.03393017316861601
4,9.19,random,0.95,0.9501199589394306,220,1,0.04175968592379257
4,9.19,random,0.99,0.9960690360926505,250,1,0.045954067756922866
4,9.19,local,0.1,0.5676277570976097,1,1,0.011140698541941383
4,9.19,local,0.3,0.5676277570976097,1,1,0.011140698541941383
4,9.19,local,0.5,0.5676277570976097,1,1,0.011140698541941383
4,9.19,local,0.7,0.7003831463485,83,1,0.0226053422191642
4,9.19,local,0.9,0.9107439225051103,93,1,0.0240034694968743
4,9.19,local,0.95,0.9572698824279363,96,1,0.02442290768018733
4,9.19,local,0.99,0.990203316367965,112,1,0.026659911324523493
4,9.19,hot-cold,0.1,0.5676277570976097,1,1,0.011140698541941383
4,9.19,hot-cold,0.3,0.5676277570976097,1,1,0.011140698541941383
4,9.19,hot-cold,0.5,0.5676277570976097,1,1,0.011140698541941383
4,9.19,hot-cold,0.7,0.7038478337981472,19,1,0.013657327641819563
4,9.19,hot-cold,0.9,0.9465786017577517,88,1,0.023304405858019253
4,9.19,hot-cold,0.95,0.9504659851850901,94,1,0.02414328222464531
4,9.19,hot-cold,0.99,0.9900232497018305,135,1,0.02987560406325672
5,1.07,random,0.1,0.10079634495511962,14,1,0.012958264002964513
5,1.07,random,0.3,0.3033025540400399,62,1,0.019669274935972994
5,1.07,random,0.5,0.5032347467907136,116,1,0.02721916223560753
5,1.07,random,0.7,0.7041798403769733,168,1,0.03448942407970005
5,1.07,random,0.9,0.9013661415917473,223,1,0.042179124107105594
5,1.07,random,0.95,0.9501335962727696,234,1,0.043717064112586704
5,1.07,random,0.99,0.99021292511178,251,1,0.04609388048469387
5,1.07,local,0.1,0.11321330868192732,5,1,0.011699949453025424
5,1.07,local,0.3,0.3023115712726413,37,1,0.01617395674169774
5,1.07,local,0.5,0.5013019480264382,79,1,0.022046091308080162
5,1.07,local,0.7,0.7015081012973335,142,1,0.03085429315765379
5,1.07,local,0.9,0.9011807439215628,189,1,0.03742549136289126
5,1.07,local,0.95,0.9510747087372072,208,1,0.040081933190540445
5,1.07,local,0.99,0.990111799118107,246,1,0.04539481684583883
5,1.07,hot-cold,0.1,0.1000988026079306,6,1,0.011839762180796434
5,1.07,hot-cold,0.3,0.30225713550842015,27,1,0.014775829463987642
5,1.07,hot-cold,0.5,0.50136980617752,63,1,0.019809087663744
5,1.07,hot-cold,0.7,0.7005627171553515,118,1,0.02749878769114955
5,1.07,hot-cold,0.9,0.9000377878807909,192,1,0.03784492954620429
5,1.07,hot-cold,0.95,0.9528704826839012,222,1,0.04203931137933459
5,1.07,hot-cold,0.99,0.9909317912614448,249,1,0.04581425502915185
5,1.25,random,0.1,0.10198239086401219,8,1,0.012119387636338453
5,1.25,random,0.3,0.30302321044640473,60,1,0.01938964948043097
5,1.25,random,0.5,0.5042479826201457,112,1,0.026659911324523493
5,1.25,random,0.7,0.7004395166140918,169,1,0.034629236807471056
5,1.25,random,0.9,0.9052502347452784,229,1,0.04301800047373165
5,1.25,random,0.95,0.9545146801904576,238,1,0.04427631502367074
5,1.25,random,0.99,0.9900116096780033,252,1,0.046233693212464885
5,1.25,local,0.1,0.10707471821906381,6,1,0.011839762180796434
5,1.25,local,0.3,0.30436952146406926,26,1,0.014636016736216633
5,1.25,local,0.5,0.5009645756962734,53,1,0.018410960386033903
5,1.25,local,0.7,0.7002257910046138,151,1,0.03211260770759288
5,1.25,local,0.9,0.903243958202439,210,1,0.040361558646082464
5,1.25,local,0.95,0.9517001143650644,231,1,0.04329762592927368
5,1.25,local,0.99,0.9926945852793466,250,1,0.045954067756922866
5,1.25,hot-cold,0.1,0.10756952644200714,6,1,0.011839762180796434
5,1.25,hot-cold,0.3,0.30005150358046534,26,1,0.014636016736216633
5,1.25,hot-cold,0.5,0.5025445937555378,60,1,0.01938964948043097
5,1.25,hot-cold,0.7,0.7004231346924218,101,1,0.025121971319042383
5,1.25,hot-cold,0.9,0.9047054160210805,175,1,0.03546811317409712
5,1.25,hot-cold,0.95,0.9502203555641062,207,1,0.03994212046276944
5,1.25,hot-cold,0.99,0.9902505385714944,245,1,0.045255004118067814
5,1.44,random,0.1,0.10796123519438555,9,1,0.012259200364109463
5,1.44,random,0.3,0.30049748336622206,69,1,0.020647964030370062
5,1.44,random,0.5,0.5008779091613139,119,1,0.027638600418920557
5,1.44,random,0.7,0.7018142101090304,176,1,0.03560792590186813
5,1.44,random,0.9,0.902765712710586,224,1,0.04231893683487661
5,1.44,random,0.95,0.953713584596599,239,1,0.044416127751441756
5,1.44,random,0.99,0.9983151247768833,255,1,0.04665313139577791
5,1.44,local,0.1,0.11967596934201225,4,1,0.011560136725254414
5,1.44,local,0.3,0.3001123067631699,33,1,0.015614705830613702
5,1.44,local,0.5,0.5039365078491425,96,1,0.02442290768018733
5,1.44,local,0.7,0.7042288630007273,129,1,0.02903672769663066
5,1.44,local,0.9,0.9000485082286828,225,1,0.04245874956264761
5,1.44,local,0.95,0.9528346524439198,237,1,0.044136502295899736
5,1.44,local,0.99,0.9906059943698119,252,1,0.046233693212464885
5,1.44,hot-cold,0.1,0.10813971640150846,8,1,0.012119387636338453
5,1.44,hot-cold,0.3,0.30362483121796385,32,1,0.015474893102842693
5,1.44,hot-cold,0.5,0.5000334732724268,62,1,0.019669274935972994
5,1.44,hot-cold,0.7,0.7049827097521918,92,1,0.023863656769103292
5,1.44,hot-cold,0.9,0.9024502696265797,169,1,0.034629236807471056
5,1.44,hot-cold,0.95,0.950137118421594,197,1,0.038543993185059335
5,1.44,hot-cold,0.99,0.9901065846617148,241,1,0.044695753206983775
5,2.48,random,0.1,0.11725391699484039,3,1,0.011420323997483403
5,2.48,random,0.3,0.3007896888975424,45,1,0.017292458563865822
5,2.48,random,0.5,0.5006239545155035,87,1,0.02316459313024824
5,2.48,random,0.7,0.7008914382155933,153,1,0.0323922331631349
5,2.48,random,0.9,0.9004444325684382,223,1,0.042179124107105594
5,2.48,random,0.95,0.9509017277369957,236,1,0.04399668956812872
5,2.48,random,0.99,0.9921974863382599,252,1,0.046233693212464885
5,2.48,local,0.1,0.12853014291677367,2,1,0.011280511269712393
5,2.48,local,0.3,0.30078306259307175,10,1,0.012399013091880472
5,2.48,local,0.5,0.5050927500708653,68,1,0.020508151302599052
5,2.48,local,0.7,0.7040345069274139,145,1,0.031273731340966816
5,2.48,local,0.9,0.904971836534298,206,1,0.039802307734998425
5,2.48,local,0.95,0.952900144822272,223,1,0.042179124107105594
5,2.48,local,0.99,0.991909697883234,248,1,0.045674442301380846
5,2.48,hot-cold,0.1,0.12853014291677367,2,1,0.011280511269712393
5,2.48,hot-cold,0.3,0.3007472965589337,14,1,0.012958264002964513
5,2.48,hot-cold,0.5,0.523012802628608,25,1,0.014496204008445623
5,2.48,hot-cold,0.7,0.7094108734788985,51,1,0.018131334930491884
5,2.48,hot-cold,0.9,0.9117035035640395,108,1,0.02610066041343945
5,2.48,hot-cold,0.95,0.9501460094746653,136,1,0.030015416791027733
5,2.48,hot-cold,0.99,0.9904134989280504,202,1,0.039243056823914386
5,3.3,random,0.1,0.15547923094080632,1,1,0.011140698541941383
5,3.3,random,0.3,0.30454947594553283,14,1,0.012958264002964513
5,3.3,random,0.5,0.5014272578595479,69,1,0.020647964030370062
5,3.3,random,0.7,0.700011891930905,148,1,0.03169316952427985
5,3.3,random,0.9,0.9058610501389587,205,1,0.03966249500722742
5,3.3,random,0.95,0.9545229365924787,214,1,0.04092080955716651
5,3.3,random,0.99,0.9914992743897151,244,1,0.04511519139029681
5,3.3,local,0.1,0.15547923094080632,1,1,0.011140698541941383
5,3.3,local,0.3,0.3353145239593941,4,1,0.011560136725254414
5,3.3,local,0.5,0.507589823541891,14,1,0.012958264002964513
5,3.3,local,0.7,0.7028010842260769,32,1,0.015474893102842693
5,3.3,local,0.9,0.9012219810049195,143,1,0.030994105885424797
5,3.3,local,0.95,0.9506050116241076,190,1,0.03756530409066227
5,3.3,local,0.99,0.9909083829847836,234,1,0.043717064112586704
5,3.3,hot-cold,0.1,0.15547923094080632,1,1,0.011140698541941383
5,3.3,hot-cold,0.3,0.302255672464175,14,1,0.012958264002964513
5,3.3,hot-cold,0.5,0.5001797998685062,29,1,0.015055454919529664
5,3.3,hot-cold,0.7,0.7045212736445118,60,1,0.01938964948043097
5,3.3,hot-cold,0.9,0.9017843079077557,133,1,0.0295959786077147
5,3.3,hot-cold,0.95,0.9501944095919683,190,1,0.03756530409066227
5,3.3,hot-cold,0.99,0.9900909940374453,226,1,0.042598562290418626
5,4.55,random,0.1,0.22835730721015346,1,1,0.011140698541941383
5,4.55,random,0.3,0.30053450766285517,27,1,0.014775829463987642
5,4.55,random,0.5,0.5500558347852966,88,1,0.023304405858019253
5,4.55,random,0.7,0.7020421048856923,119,1,0.027638600418920557
5,4.55,random,0.9,0.9013229689871548,216,1,0.04120043501270853
5,4.55,random,0.95,0.9565889351535779,233,1,0.0435772513848157
5,4.55,random,0.99,0.9927656557670357,245,1,0.045255004118067814
5,4.55,local,0.1,0.22835730721015346,1,1,0.011140698541941383
5,4.55,local,0.3,0.44094304189471045,3,1,0.011420323997483403
5,4.55,local,0.5,0.5048406069504173,6,1,0.011839762180796434
5,4.55,local,0.7,0.7098192269352697,40,1,0.016593394925010774
5,4.55,local,0.9,0.9003261534663313,108,2,0.037101546227609826
5,4.55,local,0.95,0.9505497814249548,222,1,0.04203931137933459
5,4.55,local,0.99,0.9943085452521754,227,1,0.04273837501818963
5,4.55,hot-cold,0.1,0.22835730721015346,1,1,0.011140698541941383
5,4.55,hot-cold,0.3,0.3002785575380373,12,1,0.012678638547422494
5,4.55,hot-cold,0.5,0.5006745001615582,37,1,0.01617395674169774
5,4.55,hot-cold,0.7,0.7021196355190675,44,1,0.017152645836094813
5,4.55,hot-cold,0.9,0.9010019118702651,101,1,0.025121971319042383
5,4.55,hot-cold,0.95,0.9517967910249243,116,1,0.02721916223560753
5,4.55,hot-cold,0.99,0.991484884750243,186,1,0.03700605317957823
5,9.19,random,0.1,0.5475209774930153,1,1,0.011140698541941383
5,9.19,random,0.3,0.5475209774930153,1,1,0.011140698541941383
5,9.19,random,0.5,0.5475209774930153,1,1,0.011140698541941383
5,9.19,random,0.7,0.7229827500744076,30,1,0.015195267647300673
5,9.19,random,0.9,0.9202892013240254,157,1,0.03295148407421894
5,9.19,random,0.95,0.9613898262651497,207,1,0.03994212046276944
5,9.19,random,0.99,0.9993244590237503,237,1,0.044136502295899736
5,9.19,local,0.1,0.5475209774930153,1,1,0.011140698541941383
5,9.19,local,0.3,0.5475209774930153,1,1,0.011140698541941383
5,9.19,local,0.5,0.5475209774930153,1,1,0.011140698541941383
5,9.19,local,0.7,0.7861783111483451,3,1,0.011420323997483403
5,9.19,local,0.9,0.9089572349405054,7,1,0.011979574908567443
5,9.19,local,0.95,0.9501480608763294,12,1,0.012678638547422494
5,9.19,local,0.99,0.9903354704407908,21,2,0.024937838911531958
5,9.19,hot-cold,0.1,0.5475209774930153,1,1,0.011140698541941383
5,9.19,hot-cold,0.3,0.5475209774930153,1,1,0.011140698541941383
5,9.19,hot-cold,0.5,0.5475209774930153,1,1,0.011140698541941383
5,9.19,hot-cold,0.7,0.7137786090110789,10,1,0.012399013091880472
5,9.19,hot-cold,0.9,0.9010590180954182,29,1,0.015055454919529664
5,9.19,hot-cold,0.95,0.9562101322253882,81,1,0.022325716763622182
5,9.19,hot-cold,0.99,0.9990961886438613,108,1,0.02610066041343945
6,1.07,random,0.1,0.10023005215344037,16,1,0.013237889458506534
6,1.07,random,0.3,0.3041501546937662,63,1,0.019809087663744
6,1.07,random,0.5,0.5034133368223435,122,1,0.02805803860223359
6,1.07,random,0.7,0.7068730845792209,174,1,0.03532830044632611
6,1.07,random,0.9,0.906241895133364,230,1,0.043157813201502665
6,1.07,random,0.95,0.9536734766305068,244,1,0.04511519139029681
6,1.07,random,0.99,0.9913644692154958,253,1,0.04637350594023589
6,1.07,local,0.1,0.10973962688910378,9,1,0.012259200364109463
6,1.07,local,0.3,0.30479417732164027,33,1,0.015614705830613702
6,1.07,local,0.5,0.5056960452107079,73,1,0.0212072149414541
6,1.07,local,0.7,0.7015009700957181,117,1,0.027358974963378538
6,1.07,local,0.9,0.9000304806421224,241,1,0.044695753206983775
6,1.07,local,0.95,0.9525017353827588,249,1,0.04581425502915185
6,1.07,local,0.99,0.9926916622872216,255,1,0.04665313139577791
6,1.07,hot-cold,0.1,0.11275104812753736,9,1,0.012259200364109463
6,1.07,hot-cold,0.3,0.30177929305715523,33,1,0.015614705830613702
6,1.07,hot-cold,0.5,0.5008005930222456,68,1,0.020508151302599052
6,1.07,hot-cold,0.7,0.7031207244898193,101,1,0.025121971319042383
6,1.07,hot-cold,0.9,0.9016425306805577,181,1,0.03630698954072318
6,1.07,hot-cold,0.95,0.9507843159343691,214,1,0.04092080955716651
6,1.07,hot-cold,0.99,0.9903535758472967,245,1,0.045255004118067814
6,1.25,random,0.1,0.10082730574872432,15,1,0.013098076730735523
6,1.25,random,0.3,0.30077334556631585,67,1,0.02036833857482804
6,1.25,random,0.5,0.5002364975637309,112,1,0.026659911324523493
6,1.25,random,0.7,0.7056285096930697,170,1,0.03476904953524207
6,1.25,random,0.9,0.9048724361674099,222,1,0.04203931137933459
6,1.25,random,0.95,0.953428023523823,236,1,0.04399668956812872
6,1.25,random,0.99,0.9916433385244421,252,1,0.046233693212464885
6,1.25,local,0.1,0.11409853211376907,4,1,0.011560136725254414
6,1.25,local,0.3,0.3037904650717587,18,1,0.013517514914048553
6,1.25,local,0.5,0.5003363198157683,79,1,0.022046091308080162
6,1.25,local,0.7,0.7099085960694401,117,1,0.027358974963378538
6,1.25,local,0.9,0.9020985047966074,172,1,0.03504867499078409
6,1.25,local,0.95,0.9506751333645854,201,1,0.03910324409614338
6,1.25,local,0.99,0.9915133587909835,246,1,0.04539481684583883
6,1.25,hot-cold,0.1,0.10766059600491268,7,1,0.011979574908567443
6,1.25,hot-cold,0.3,0.30887466684128606,29,1,0.015055454919529664
6,1.25,hot-cold,0.5,0.5019453279910931,61,1,0.01952946220820198
6,1.25,hot-cold,0.7,0.7032909277623028,100,1,0.02498215859127137
6,1.25,hot-cold,0.9,0.9013442640909495,169,1,0.034629236807471056
6,1.25,hot-cold,0.95,0.9510807767156028,207,1,0.03994212046276944
6,1.25,hot-cold,0.99,0.9900796037311778,243,1,0.044975378662525795
6,1.44,random,0.1,0.10076100530024354,13,1,0.012818451275193503
6,1.44,random,0.3,0.30082212688029314,64,1,0.019948900391515013
6,1.44,random,0.5,0.5027861707825843,116,1,0.02721916223560753
6,1.44,random,0.7,0.7026508293269051,164,1,0.03393017316861601
6,1.44,random,0.9,0.9007295317585907,214,1,0.04092080955716651
6,1.44,random,0.95,0.9509080540651428,235,1,0.04385687684035772
6,1.44,random,0.99,0.9906880439387103,251,1,0.04609388048469387
6,1.44,local,0.1,0.11101133171284464,3,1,0.011420323997483403
6,1.44,local,0.3,0.3030881215663819,14,1,0.012958264002964513
6,1.44,local,0.5,0.5002086836927294,39,1,0.01645358219723976
6,1.44,local,0.7,0.7006404867039081,124,1,0.02833766405777561
6,1.44,local,0.9,0.9023275961313643,182,1,0.036446802268494186
6,1.44,local,0.95,0.9507881047678696,202,1,0.039243056823914386
6,1.44,local,0.99,0.9905850625886505,228,1,0.042878187745960646
6,1.44,hot-cold,0.1,0.10686144357568841,5,1,0.011699949453025424
6,1.44,hot-cold,0.3,0.3001619864218806,25,1,0.014496204008445623
6,1.44,hot-cold,0.5,0.5015510178081647,58,1,0.019110024024888952
6,1.44,hot-cold,0.7,0.7028492815665742,97,1,0.02456272040795834
6,1.44,hot-cold,0.9,0.9014487516285602,161,1,0.03351073498530298
6,1.44,hot-cold,0.95,0.9516232870830316,190,1,0.03756530409066227
6,1.44,hot-cold,0.99,0.9906974654973717,237,1,0.044136502295899736
6,2.48,random,0.1,0.12625240940230445,1,1,0.011140698541941383
6,2.48,random,0.3,0.30209954091961816,41,1,0.016733207652781783
6,2.48,random,0.5,0.5068251154402278,98,1,0.02470253313572935
6,2.48,random,0.7,0.7017101920725443,147,1,0.031553356796508836
6,2.48,random,0.9,0.9015165521379797,226,1,0.042598562290418626
6,2.48,random,0.95,0.9549313868021506,240,1,0.04455594047921276
6,2.48,random,0.99,0.9920666806728246,251,1,0.04609388048469387
6,2.48,local,0.1,0.12625240940230445,1,1,0.011140698541941383
6,2.48,local,0.3,0.30198848402433953,7,1,0.011979574908567443
6,2.48,local,0.5,0.50158962222808,83,1,0.0226053422191642
6,2.48,local,0.7,0.7019032901860403,58,2,0.030110909839059327
6,2.48,local,0.9,0.9001998666700533,123,2,0.039198737144174975
6,2.48,local,0.95,0.9520045157907931,241,1,0.044695753206983775
6,2.48,local,0.99,0.990236729374762,251,1,0.04609388048469387
6,2.48,hot-cold,0.1,0.12625240940230445,1,1,0.011140698541941383
6,2.48,hot-cold,0.3,0.30810933208573243,13,1,0.012818451275193503
6,2.48,hot-cold,0.5,0.5101023094576502,34,1,0.015754518558384712
6,2.48,hot-cold,0.7,0.7067869668816152,68,1,0.020508151302599052
6,2.48,hot-cold,0.9,0.901064941198751,130,1,0.029176540424401667
6,2.48,hot-cold,0.95,0.9543582558291782,168,1,0.03448942407970005
6,2.48,hot-cold,0.99,0.9900285727556806,236,1,0.04399668956812872
6,3.3,random,0.1,0.14806808099934662,1,1,0.011140698541941383
6,3.3,random,0.3,0.31601068899492857,29,1,0.015055454919529664
6,3.3,random,0.5,0.5022132956254731,96,1,0.02442290768018733
6,3.3,random,0.7,0.700220122947451,129,1,0.02903672769663066
6,3.3,random,0.9,0.9004919840441158,203,1,0.0393828695516854
6,3.3,random,0.95,0.9554063295807834,233,1,0.0435772513848157
6,3.3,random,0.99,0.9997312883846114,252,1,0.046233693212464885
6,3.3,local,0.1,0.14806808099934662,1,1,0.011140698541941383
6,3.3,local,0.3,0.31845678171628855,4,1,0.011560136725254414
6,3.3,local,0.5,0.5027581951182278,12,1,0.012678638547422494
6,3.3,local,0.7,0.7197242525871141,38,1,0.016313769469468754
6,3.3,local,0.9,0.9065396955332362,46,1,0.017432271291636832
6,3.3,local,0.95,0.9500346264999529,61,1,0.01952946220820198
6,3.3,local,0.99,0.9900887384784848,135,2,0.04087648987742709
6,3.3,hot-cold,0.1,0.14806808099934662,1,1,0.011140698541941383
6,3.3,hot-cold,0.3,0.32739707057279244,6,1,0.011839762180796434
6,3.3,hot-cold,0.5,0.504716371402644,16,1,0.013237889458506534
6,3.3,hot-cold,0.7,0.7128615517344428,41,1,0.016733207652781783
6,3.3,hot-cold,0.9,0.9179060782297754,88,1,0.023304405858019253
6,3.3,hot-cold,0.95,0.9521819902211819,111,1,0.02652009859675248
6,3.3,hot-cold,0.99,0.9904537285064624,182,1,0.036446802268494186
6,4.55,random,0.1,0.19263876192454568,1,1,0.011140698541941383
6,4.55,random,0.3,0.3000413690250918,17,1,0.013377702186277544
6,4.55,random,0.5,0.556441929426316,72,1,0.02106740221368309
6,4.55,random,0.7,0.7157749707111407,106,1,0.02582103495789743
6,4.55,random,0.9,0.9155332004627882,166,1,0.03420979862415803
6,4.55,random,0.95,0.9568137797890255,204,1,0.039522682279456406
6,4.55,random,0.99,0.9915221133186146,238,1,0.04427631502367074
6,4.55,local,0.1,0.19263876192454568,1,1,0.011140698541941383
6,4.55,local,0.3,0.3335254053983947,3,1,0.011420323997483403
6,4.55,local,0.5,0.549643137793283,12,1,0.012678638547422494
6,4.55,local,0.7,0.739163856184783,25,1,0.014496204008445623
6,4.55,local,0.9,0.900482638504503,109,1,0.02624047314121046
6,4.55,local,0.95,0.9514994271996446,119,1,0.027638600418920557
6,4.55,local,0.99,0.9900539362712204,141,1,0.030714480429882778
6,4.55,hot-cold,0.1,0.19263876192454568,1,1,0.011140698541941383
6,4.55,hot-cold,0.3,0.3033538036733667,3,1,0.011420323997483403
6,4.55,hot-cold,0.5,0.5040931602315565,39,1,0.01645358219723976
6,4.55,hot-cold,0.7,0.701674432014966,61,1,0.01952946220820198
6,4.55,hot-cold,0.9,0.9107348878290584,78,1,0.02190627858030915
6,4.55,hot-cold,0.95,0.9608965349318639,93,1,0.0240034694968743
6,4.55,hot-cold,0.99,0.9905427871979573,144,1,0.03113391861319581
6,9.19,random,0.1,0.5578889595038444,1,1,0.011140698541941383
6,9.19,random,0.3,0.5578889595038444,1,1,0.011140698541941383
6,9.19,random,0.5,0.5578889595038444,1,1,0.011140698541941383
6,9.19,random,0.7,0.7758458475711479,96,1,0.02442290768018733
6,9.19,random,0.9,0.9173081017080617,116,2,0.038220048049777904
6,9.19,random,0.95,0.9799289959457129,223,1,0.042179124107105594
6,9.19,random,0.99,0.9924190605749811,238,1,0.04427631502367074
6,9.19,local,0.1,0.5578889595038444,1,1,0.011140698541941383
6,9.19,local,0.3,0.5578889595038444,1,1,0.011140698541941383
6,9.19,local,0.5,0.5578889595038444,1,1,0.011140698541941383
6,9.19,local,0.7,0.7454094187837396,6,1,0.011839762180796434
6,9.19,local,0.9,0.9009437567432875,14,1,0.012958264002964513
6,9.19,local,0.95,0.9514442375032591,30,1,0.015195267647300673
6,9.19,local,0.99,0.990225661267263,112,1,0.026659911324523493
6,9.19,hot-cold,0.1,0.5578889595038444,1,1,0.011140698541941383
6,9.19,hot-cold,0.3,0.5578889595038444,1,1,0.011140698541941383
6,9.19,hot-cold,0.5,0.5578889595038444,1,1,0.011140698541941383
6,9.19,hot-cold,0.7,0.719616405178898,26,1,0.014636016736216633
6,9.19,hot-cold,0.9,0.9161766334940076,45,1,0.017292458563865822
6,9.19,hot-cold,0.95,0.9504945338982626,70,1,0.02078777675814107
6,9.19,hot-cold,0.99,0.990214519523272,116,1,0.02721916223560753
7,1.07,random,0.1,0.10200547273158848,8,1,0.012119387636338453
7,1.07,random,0.3,0.3003360219724712,62,1,0.019669274935972994
7,1.07,random,0.5,0.5035462726336275,116,1,0.02721916223560753
7,1.07,random,0.7,0.7005367962934299,168,1,0.03448942407970005
7,1.07,random,0.9,0.9032086543916432,224,1,0.04231893683487661
7,1.07,random,0.95,0.9513471307162703,240,1,0.04455594047921276
7,1.07,random,0.99,0.9911386493694625,252,1,0.046233693212464885
7,1.07,local,0.1,0.10307482362038739,5,1,0.011699949453025424
7,1.07,local,0.3,0.30430757565145855,44,1,0.017152645836094813
7,1.07,local,0.5,0.5006191931766244,75,1,0.021486840396996124
7,1.07,local,0.7,0.7030096931815549,121,1,0.027918225874462577
7,1.07,local,0.9,0.901155479307984,190,1,0.03756530409066227
7,1.07,local,0.95,0.9500642242111742,230,1,0.043157813201502665
7,1.07,local,0.99,0.9908135909988682,254,1,0.046513318668006905
7,1.07,hot-cold,0.1,0.11073273893875946,5,1,0.011699949453025424
7,1.07,hot-cold,0.3,0.30051193763211753,37,1,0.01617395674169774
7,1.07,hot-cold,0.5,0.5016072830608147,72,1,0.02106740221368309
7,1.07,hot-cold,0.7,0.7001310376197347,116,1,0.02721916223560753
7,1.07,hot-cold,0.9,0.9028575885253006,196,1,0.03840418045728833
7,1.07,hot-cold,0.95,0.9502955728802098,222,1,0.04203931137933459
7,1.07,hot-cold,0.99,0.9914307839882482,249,1,0.04581425502915185
7,1.25,random,0.1,0.10030126486041588,12,1,0.012678638547422494
7,1.25,random,0.3,0.3078741576767493,53,1,0.018410960386033903
7,1.25,random,0.5,0.5010728992005317,112,1,0.026659911324523493
7,1.25,random,0.7,0.7032687969187397,153,1,0.0323922331631349
7,1.25,random,0.9,0.9012196836992229,211,1,0.04050137137385348
7,1.25,random,0.95,0.9512337943113219,231,1,0.04329762592927368
7,1.25,random,0.99,0.9913444632526323,252,1,0.046233693212464885
7,1.25,local,0.1,0.1138715757797691,4,1,0.011560136725254414
7,1.25,local,0.3,0.3011746333996205,19,1,0.013657327641819563
7,1.25,local,0.5,0.5002132593646486,44,1,0.017152645836094813
7,1.25,local,0.7,0.7010893025746563,103,1,0.025401596774584402
7,1.25,local,0.9,0.9004848024978178,193,1,0.037984742273975296
7,1.25,local,0.95,0.9501859178380408,221,1,0.041899498651563574
7,1.25,local,0.99,0.9916566049160321,250,1,0.045954067756922866
7,1.25,hot-cold,0.1,0.1018535066806694,6,1,0.011839762180796434
7,1.25,hot-cold,0.3,0.30724280549189065,33,1,0.015614705830613702
7,1.25,hot-cold,0.5,0.5037279489159714,59,1,0.01924983675265996
7,1.25,hot-cold,0.7,0.7039573879796623,103,1,0.025401596774584402
7,1.25,hot-cold,0.9,0.9009550641459125,178,1,0.03588755135741015
7,1.25,hot-cold,0.95,0.9504103827176499,205,1,0.03966249500722742
7,1.25,hot-cold,0.99,0.9901809025045614,240,1,0.04455594047921276
7,1.44,random,0.1,0.10739432532001766,15,1,0.013098076730735523
7,1.44,random,0.3,0.30141013530797933,61,1,0.01952946220820198
7,1.44,random,0.5,0.5000732040498723,114,1,0.026939536780065512
7,1.44,random,0.7,0.7057500760319451,164,1,0.03393017316861601
7,1.44,random,0.9,0.9017894065951596,234,1,0.043717064112586704
7,1.44,random,0.95,0.9548194254986976,242,1,0.04483556593475478
7,1.44,random,0.99,0.9914455434468004,252,1,0.046233693212464885
7,1.44,local,0.1,0.1019934430890328,4,1,0.011560136725254414
7,1.44,local,0.3,0.30731595262660893,20,1,0.013797140369590573
7,1.44,local,0.5,0.5010400814118839,57,1,0.018970211297117942
7,1.44,local,0.7,0.712857626035702,149,1,0.03183298225205086
7,1.44,local,0.9,0.9013764306867721,186,1,0.03700605317957823
7,1.44,local,0.95,0.9518918509086342,218,1,0.04148006046825055
7,1.44,local,0.99,0.9900507190857389,247,1,0.04553462957360983
7,1.44,hot-cold,0.1,0.10437922194340171,8,1,0.012119387636338453
7,1.44,hot-cold,0.3,0.30087884864957076,26,1,0.014636016736216633
7,1.44,hot-cold,0.5,0.503316704437382,51,1,0.018131334930491884
7,1.44,hot-cold,0.7,0.7002745675330683,95,1,0.02428309495241632
7,1.44,hot-cold,0.9,0.9016874702262595,167,1,0.03434961135192904
7,1.44,hot-cold,0.95,0.9515301919450496,199,1,0.03882361864060136
7,1.44,hot-cold,0.99,0.9901091099880859,242,1,0.04483556593475478
7,2.48,random,0.1,0.1132762711061885,1,1,0.011140698541941383
7,2.48,random,0.3,0.30992728481903203,63,1,0.019809087663744
7,2.48,random,0.5,0.5010037017113682,104,1,0.02554140950235541
7,2.48,random,0.7,0.7001830106256272,177,1,0.03574773862963914
7,2.48,random,0.9,0.9108531021934719,224,1,0.04231893683487661
7,2.48,random,0.95,0.950520719868952,236,1,0.04399668956812872
7,2.48,random,0.99,0.9919262514829432,250,1,0.045954067756922866
7,2.48,local,0.1,0.1132762711061885,1,1,0.011140698541941383
7,2.48,local,0.3,0.30282477408191477,7,1,0.011979574908567443
7,2.48,local,0.5,0.5068116282684836,24,1,0.014356391280674613
7,2.48,local,0.7,0.7031989498968793,55,1,0.018690585841575923
7,2.48,local,0.9,0.9009752861470479,130,1,0.029176540424401667
7,2.48,local,0.95,0.950192511019133,161,1,0.03351073498530298
7,2.48,local,0.99,0.9902116243126691,227,1,0.04273837501818963
7,2.48,hot-cold,0.1,0.1132762711061885,1,1,0.011140698541941383
7,2.48,hot-cold,0.3,0.3001765330579374,13,1,0.012818451275193503
7,2.48,hot-cold,0.5,0.5028133515055082,41,1,0.016733207652781783
7,2.48,hot-cold,0.7,0.7026721297629092,78,1,0.02190627858030915
7,2.48,hot-cold,0.9,0.9008261539871402,135,1,0.02987560406325672
7,2.48,hot-cold,0.95,0.9525053652454533,179,1,0.03602736408518116
7,2.48,hot-cold,0.99,0.9906096042983579,238,1,0.04427631502367074
7,3.3,random,0.1,0.12248193405352535,1,1,0.011140698541941383
7,3.3,random,0.3,0.3073426348929903,45,1,0.017292458563865822
7,3.3,random,0.5,0.5006215814348897,84,1,0.02274515494693521
7,3.3,random,0.7,0.7035350546723887,151,1,0.03211260770759288
7,3.3,random,0.9,0.9061869080220473,196,1,0.03840418045728833
7,3.3,random,0.95,0.9520304957249047,217,1,0.041340247740479535
7,3.3,random,0.99,0.9927968943709145,245,1,0.045255004118067814
7,3.3,local,0.1,0.12248193405352535,1,1,0.011140698541941383
7,3.3,local,0.3,0.3019674123475194,4,1,0.011560136725254414
7,3.3,local,0.5,0.5007816239264448,68,1,0.020508151302599052
7,3.3,local,0.7,0.7026570148694474,33,2,0.026615591644784074
7,3.3,local,0.9,0.9006551085114893,87,2,0.03416547894441861
7,3.3,local,0.95,0.9503289013067361,136,2,0.041016302605198104
7,3.3,local,0.99,0.992227171833489,252,1,0.046233693212464885
7,3.3,hot-cold,0.1,0.12248193405352535,1,1,0.011140698541941383
7,3.3,hot-cold,0.3,0.3023486593973574,11,1,0.012538825819651484
7,3.3,hot-cold,0.5,0.500731857401171,31,1,0.015335080375071683
7,3.3,hot-cold,0.7,0.7631653855162593,80,1,0.02218590403585117
7,3.3,hot-cold,0.9,0.9039001480768512,143,1,0.030994105885424797
7,3.3,hot-cold,0.95,0.9587685238324629,165,1,0.03406998589638702
7,3.3,hot-cold,0.99,0.9900342633294278,196,1,0.03840418045728833
7,4.55,random,0.1,0.19978597400640402,1,1,0.011140698541941383
7,4.55,random,0.3,0.30129003533566867,12,1,0.012678638547422494
7,4.55,random,0.5,0.5112806531591905,70,1,0.02078777675814107
7,4.55,random,0.7,0.7028341848579153,108,1,0.02610066041343945
7,4.55,random,0.9,0.9174144825000634,199,1,0.03882361864060136
7,4.55,random,0.95,0.9639856756527497,227,1,0.04273837501818963
7,4.55,random,0.99,0.9932275693033548,239,1,0.044416127751441756
7,4.55,local,0.1,0.19978597400640402,1,1,0.011140698541941383
7,4.55,local,0.3,0.329908950610667,2,1,0.011280511269712393
7,4.55,local,0.5,0.5020134031519108,4,1,0.011560136725254414
7,4.55,local,0.7,0.7078614977204285,10,2,0.023399898906050848
7,4.55,local,0.9,0.9063321020448267,27,3,0.036777601092328395
7,4.55,local,0.95,0.9502478922668187,55,3,0.04069235746991667
7,4.55,local,0.99,0.9904724587231974,152,2,0.04325330624953426
7,4.55,hot-cold,0.1,0.19978597400640402,1,1,0.011140698541941383
7,4.55,hot-cold,0.3,0.33388298368454217,8,1,0.012119387636338453
7,4.55,hot-cold,0.5,0.5011716119031696,12,1,0.012678638547422494
7,4.55,hot-cold,0.7,0.700628605348814,45,1,0.017292458563865822
7,4.55,hot-cold,0.9,0.9135350983080828,67,1,0.02036833857482804
7,4.55,hot-cold,0.95,0.9503298212478941,91,1,0.02372384404133228
7,4.55,hot-cold,0.99,0.9907665871976366,126,1,0.02861728951331763
7,9.19,random,0.1,0.559421713985618,1,1,0.011140698541941383
7,9.19,random,0.3,0.559421713985618,1,1,0.011140698541941383
7,9.19,random,0.5,0.559421713985618,1,1,0.011140698541941383
7,9.19,random,0.7,0.7844839886851083,79,1,0.022046091308080162
7,9.19,random,0.9,0.9003732394905061,152,1,0.03225242043536389
7,9.19,random,0.95,0.9576591351486936,187,1,0.03714586590734924
7,9.19,random,0.99,0.9996683197837786,239,1,0.044416127751441756
7,9.19,local,0.1,0.559421713985618,1,1,0.011140698541941383
7,9.19,local,0.3,0.559421713985618,1,1,0.011140698541941383
7,9.19,local,0.5,0.559421713985618,1,1,0.011140698541941383
7,9.19,local,0.7,0.7375016476032876,5,1,0.011699949453025424
7,9.19,local,0.9,0.9041529083022304,11,1,0.012538825819651484
7,9.19,local,0.95,0.9530975747668484,14,1,0.012958264002964513
7,9.19,local,0.99,0.9901565839540767,34,1,0.015754518558384712
7,9.19,hot-cold,0.1,0.559421713985618,1,1,0.011140698541941383
7,9.19,hot-cold,0.3,0.559421713985618,1,1,0.011140698541941383
7,9.19,hot-cold,0.5,0.559421713985618,1,1,0.011140698541941383
7,9.19,hot-cold,0.7,0.7084233621852674,17,1,0.013377702186277544
7,9.19,hot-cold,0.9,0.9094288780316108,42,1,0.016873020380552793
7,9.19,hot-cold,0.95,0.9651019846893347,47,1,0.01757208401940784
7,9.19,hot-cold,0.99,0.9900231290468854,84,1,0.02274515494693521
8,1.07,random,0.1,0.10393400626804285,16,1,0.013237889458506534
8,1.07,random,0.3,0.30398796583450666,69,1,0.020647964030370062
8,1.07,random,0.5,0.5006986925638632,122,1,0.02805803860223359
8,1.07,random,0.7,0.7005441717443303,170,1,0.03476904953524207
8,1.07,random,0.9,0.9080339273856884,224,1,0.04231893683487661
8,1.07,random,0.95,0.9507261716881529,239,1,0.044416127751441756
8,1.07,random,0.99,0.9905440669540423,251,1,0.04609388048469387
8,1.07,local,0.1,0.10622514063320698,7,1,0.011979574908567443
8,1.07,local,0.3,0.3004530133321286,42,1,0.016873020380552793
8,1.07,local,0.5,0.5023695652597877,99,1,0.02484234586350036
8,1.07,local,0.7,0.7004587011356634,135,1,0.02987560406325672
8,1.07,local,0.9,0.9010818571028468,195,1,0.038264367729517315
8,1.07,local,0.95,0.9508569331117259,212,1,0.04064118410162449
8,1.07,local,0.99,0.990022791487359,246,1,0.04539481684583883
8,1.07,hot-cold,0.1,0.11225956167055058,9,1,0.012259200364109463
8,1.07,hot-cold,0.3,0.3028068994961529,32,1,0.015474893102842693
8,1.07,hot-cold,0.5,0.5004472051100938,58,1,0.019110024024888952
8,1.07,hot-cold,0.7,0.7015836349045352,113,1,0.0267997240522945
8,1.07,hot-cold,0.9,0.9001560628593058,180,1,0.036167176812952166
8,1.07,hot-cold,0.95,0.9503844484699601,215,1,0.041060622284937516
8,1.07,hot-cold,0.99,0.9910216403829372,245,1,0.045255004118067814
8,1.25,random,0.1,0.10677240936803503,14,1,0.012958264002964513
8,1.25,random,0.3,0.3038659090094897,72,1,0.02106740221368309
8,1.25,random,0.5,0.5005834659781072,116,1,0.02721916223560753
8,1.25,random,0.7,0.7007449397566531,175,1,0.03546811317409712
8,1.25,random,0.9,0.9073235111528248,225,1,0.04245874956264761
8,1.25,random,0.95,0.9525186473444855,238,1,0.04427631502367074
8,1.25,random,0.99,0.9901869148685573,253,1,0.04637350594023589
8,1.25,local,0.1,0.10744164827061238,5,1,0.011699949453025424
8,1.25,local,0.3,0.3049667172650951,20,1,0.013797140369590573
8,1.25,local,0.5,0.5008828893958712,54,1,0.018550773113804913
8,1.25,local,0.7,0.7011601843655364,100,1,0.02498215859127137
8,1.25,local,0.9,0.9011060927195018,213,1,0.0407809968293955
8,1.25,local,0.95,0.9502151867357259,232,1,0.043437438657044684
8,1.25,local,0.99,0.991519534394608,249,1,0.04581425502915185
8,1.25,hot-cold,0.1,0.10463056223695115,8,1,0.012119387636338453
8,1.25,hot-cold,0.3,0.3020737882940583,29,1,0.015055454919529664
8,1.25,hot-cold,0.5,0.5020083879491248,55,1,0.018690585841575923
8,1.25,hot-cold,0.7,0.7028891697837804,99,1,0.02484234586350036
8,1.25,hot-cold,0.9,0.901313192765912,177,1,0.03574773862963914
8,1.25,hot-cold,0.95,0.9523563579521918,212,1,0.04064118410162449
8,1.25,hot-cold,0.99,0.9901575088295389,245,1,0.045255004118067814
8,1.44,random,0.1,0.10300453036977636,16,1,0.013237889458506534
8,1.44,random,0.3,0.30106022688060996,64,1,0.019948900391515013
8,1.44,random,0.5,0.502090764811488,121,1,0.027918225874462577
8,1.44,random,0.7,0.7019407840388238,176,1,0.03560792590186813
8,1.44,random,0.9,0.9034903044408167,225,1,0.04245874956264761
8,1.44,random,0.95,0.9507421222007062,240,1,0.04455594047921276
8,1.44,random,0.99,0.9911362867632412,252,1,0.046233693212464885
8,1.44,local,0.1,0.11690771614798769,4,1,0.011560136725254414
8,1.44,local,0.3,0.3014433691818412,46,1,0.017432271291636832
8,1.44,local,0.5,0.5010944452069657,110,1,0.02638028586898147
8,1.44,local,0.7,0.7194355861125052,174,1,0.03532830044632611
8,1.44,local,0.9,0.9002815999877312,216,1,0.04120043501270853
8,1.44,local,0.95,0.9508740042698735,226,1,0.042598562290418626
8,1.44,local,0.99,0.9902753234537958,246,1,0.04539481684583883
8,1.44,hot-cold,0.1,0.11528102033559808,9,1,0.012259200364109463
8,1.44,hot-cold,0.3,0.3002545675232229,32,1,0.015474893102842693
8,1.44,hot-cold,0.5,0.5012329490229092,63,1,0.019809087663744
8,1.44,hot-cold,0.7,0.7023852896249275,103,1,0.025401596774584402
8,1.44,hot-cold,0.9,0.9015242511108029,168,1,0.03448942407970005
8,1.44,hot-cold,0.95,0.9520472736511625,207,1,0.03994212046276944
8,1.44,hot-cold,0.99,0.9926717774084086,247,1,0.04553462957360983
8,2.48,random,0.1,0.11996360874451312,2,1,0.011280511269712393
8,2.48,random,0.3,0.3281822929915077,39,1,0.01645358219723976
8,2.48,random,0.5,0.5138892876850111,97,1,0.02456272040795834
8,2.48,random,0.7,0.7020875006660195,136,1,0.030015416791027733
8,2.48,random,0.9,0.9057315292206244,210,1,0.040361558646082464
8,2.48,random,0.95,0.9516043428330335,230,1,0.043157813201502665
8,2.48,random,0.99,0.993454590104551,249,1,0.04581425502915185
8,2.48,local,0.1,0.13318915772506573,2,1,0.011280511269712393
8,2.48,local,0.3,0.3148423015062,5,1,0.011699949453025424
8,2.48,local,0.5,0.5114627004159127,32,1,0.015474893102842693
8,2.48,local,0.7,0.7044015765135617,73,1,0.0212072149414541
8,2.48,local,0.9,0.9024734596006025,142,1,0.03085429315765379
8,2.48,local,0.95,0.9506861245082819,192,1,0.03784492954620429
8,2.48,local,0.99,0.9902518649676141,238,1,0.04427631502367074
8,2.48,hot-cold,0.1,0.10174999847220013,2,1,0.011280511269712393
8,2.48,hot-cold,0.3,0.3017346224980942,15,1,0.013098076730735523
8,2.48,hot-cold,0.5,0.5091338408773173,40,1,0.016593394925010774
8,2.48,hot-cold,0.7,0.7006623560050494,70,1,0.02078777675814107
8,2.48,hot-cold,0.9,0.9027324938394151,154,1,0.03253204589090591
8,2.48,hot-cold,0.95,0.9506963702214875,186,1,0.03700605317957823
8,2.48,hot-cold,0.99,0.9902412810772722,237,1,0.044136502295899736
8,3.3,random,0.1,0.11138420471031035,1,1,0.011140698541941383
8,3.3,random,0.3,0.30149850932637734,36,1,0.01603414401392673
8,3.3,random,0.5,0.5082184345239429,57,1,0.018970211297117942
8,3.3,random,0.7,0.7018002512400209,135,1,0.02987560406325672
8,3.3,random,0.9,0.9056188940659264,200,1,0.03896343136837237
8,3.3,random,0.95,0.9509190744743974,231,1,0.04329762592927368
8,3.3,random,0.99,0.9920322961169379,244,1,0.04511519139029681
8,3.3,local,0.1,0.11138420471031035,1,1,0.011140698541941383
8,3.3,local,0.3,0.3779502881859576,4,1,0.011560136725254414
8,3.3,local,0.5,0.5009197265042504,17,1,0.013377702186277544
8,3.3,local,0.7,0.7172361092337619,82,1,0.02246552949139319
8,3.3,local,0.9,0.9044606200679554,102,1,0.02526178404681339
8,3.3,local,0.95,0.9512099417030456,107,1,0.02596084768566844
8,3.3,local,0.99,0.9903474353929508,186,1,0.03700605317957823
8,3.3,hot-cold,0.1,0.11138420471031035,1,1,0.011140698541941383
8,3.3,hot-cold,0.3,0.3026539831768553,17,1,0.013377702186277544
8,3.3,hot-cold,0.5,0.5415318179232109,34,1,0.015754518558384712
8,3.3,hot-cold,0.7,0.7045794010169697,49,1,0.01785170947494986
8,3.3,hot-cold,0.9,0.9013563316744222,107,1,0.02596084768566844
8,3.3,hot-cold,0.95,0.9502326003754346,124,1,0.02833766405777561
8,3.3,hot-cold,0.99,0.9903071885039008,190,1,0.03756530409066227
8,4.55,random,0.1,0.2172339592237573,1,1,0.011140698541941383
8,4.55,random,0.3,0.3005361686140906,21,1,0.013936953097361583
8,4.55,random,0.5,0.500147011025888,75,1,0.021486840396996124
8,4.55,random,0.7,0.700252265034848,147,1,0.031553356796508836
8,4.55,random,0.9,0.9012514157368529,211,1,0.04050137137385348
8,4.55,random,0.95,0.9776758770684232,225,1,0.04245874956264761
8,4.55,random,0.99,0.9901514977722963,241,1,0.044695753206983775
8,4.55,local,0.1,0.2172339592237573,1,1,0.011140698541941383
8,4.55,local,0.3,0.41151885141905353,3,1,0.011420323997483403
8,4.55,local,0.5,0.5454524037232092,6,1,0.011839762180796434
8,4.55,local,0.7,0.7009467035428959,14,1,0.012958264002964513
8,4.55,local,0.9,0.9046782102058557,70,1,0.02078777675814107
8,4.55,local,0.95,0.9517491175558125,80,2,0.03318678985002155
8,4.55,local,0.99,0.990183629429871,173,1,0.0351884877185551
8,4.55,hot-cold,0.1,0.2172339592237573,1,1,0.011140698541941383
8,4.55,hot-cold,0.3,0.33753132516756823,3,1,0.011420323997483403
8,4.55,hot-cold,0.5,0.5128854344912199,11,1,0.012538825819651484
8,4.55,hot-cold,0.7,0.7056052052297682,19,1,0.013657327641819563
8,4.55,hot-cold,0.9,0.9004114254355926,61,1,0.01952946220820198
8,4.55,hot-cold,0.95,0.9506603350029345,98,1,0.02470253313572935
8,4.55,hot-cold,0.99,0.9912823529662461,154,1,0.03253204589090591
8,9.19,random,0.1,0.5203590912348116,1,1,0.011140698541941383
8,9.19,random,0.3,0.5203590912348116,1,1,0.011140698541941383
8,9.19,random,0.5,0.5203590912348116,1,1,0.011140698541941383
8,9.19,random,0.7,0.7229738052026504,13,1,0.012818451275193503
8,9.19,random,0.9,0.949464649288882,97,1,0.02456272040795834
8,9.19,random,0.95,0.950782266874351,104,1,0.02554140950235541
8,9.19,random,0.99,0.9900358530007686,206,1,0.039802307734998425
8,9.19,local,0.1,0.5203590912348116,1,1,0.011140698541941383
8,9.19,local,0.3,0.5203590912348116,1,1,0.011140698541941383
8,9.19,local,0.5,0.5203590912348116,1,1,0.011140698541941383
8,9.19,local,0.7,0.7222668395117331,2,1,0.011280511269712393
8,9.19,local,0.9,0.9264304021163161,4,2,0.022561022539424786
8,9.19,local,0.95,0.9527286331830163,6,2,0.022840647994966806
8,9.19,local,0.99,0.9936455814432024,17,2,0.024378588000447916
8,9.19,hot-cold,0.1,0.5203590912348116,1,1,0.011140698541941383
8,9.19,hot-cold,0.3,0.5203590912348116,1,1,0.011140698541941383
8,9.19,hot-cold,0.5,0.5203590912348116,1,1,0.011140698541941383
8,9.19,hot-cold,0.7,0.7409515088799309,50,1,0.01799152220272087
8,9.19,hot-cold,0.9,0.94387639614979,63,1,0.019809087663744
8,9.19,hot-cold,0.95,0.9638750684847391,66,1,0.020228525847057033
8,9.19,hot-cold,0.99,0.9900053332564986,77,1,0.021766465852538143
9,1.07,random,0.1,0.10529508445325891,12,1,0.012678638547422494
9,1.07,random,0.3,0.30105082929824933,61,1,0.01952946220820198
9,1.07,random,0.5,0.5039802540685732,113,1,0.0267997240522945
9,1.07,random,0.7,0.7018501765439764,174,1,0.03532830044632611
9,1.07,random,0.9,0.9094454752246752,229,1,0.04301800047373165
9,1.07,random,0.95,0.9537068321459891,241,1,0.044695753206983775
9,1.07,random,0.99,0.9924248877500906,253,1,0.04637350594023589
9,1.07,local,0.1,0.11215471501380034,5,1,0.011699949453025424
9,1.07,local,0.3,0.3004885101091205,34,1,0.015754518558384712
9,1.07,local,0.5,0.5055438246497598,84,1,0.02274515494693521
9,1.07,local,0.7,0.7003868196818805,138,1,0.030295042246569752
9,1.07,local,0.9,0.900589987459481,221,1,0.041899498651563574
9,1.07,local,0.95,0.9520943678190696,247,1,0.04553462957360983
9,1.07,local,0.99,0.9939620944780604,255,1,0.04665313139577791
9,1.07,hot-cold,0.1,0.10794280947969671,9,1,0.012259200364109463
9,1.07,hot-cold,0.3,0.30512532247493757,33,1,0.015614705830613702
9,1.07,hot-cold,0.5,0.5030145812400494,68,1,0.020508151302599052
9,1.07,hot-cold,0.7,0.7023822760699353,110,1,0.02638028586898147
9,1.07,hot-cold,0.9,0.900020493180823,186,1,0.03700605317957823
9,1.07,hot-cold,0.95,0.9506025352833916,221,1,0.041899498651563574
9,1.07,hot-cold,0.99,0.9906548632350382,247,1,0.04553462957360983
9,1.25,random,0.1,0.1014990748437873,11,1,0.012538825819651484
9,1.25,random,0.3,0.3005591267091303,55,1,0.018690585841575923
9,1.25,random,0.5,0.5088122166107572,103,1,0.025401596774584402
9,1.25,random,0.7,0.7005351561215922,174,1,0.03532830044632611
9,1.25,random,0.9,0.9010026096408753,225,1,0.04245874956264761
9,1.25,random,0.95,0.9580907648508882,236,1,0.04399668956812872
9,1.25,random,0.99,0.9917703257286997,252,1,0.046233693212464885
9,1.25,local,0.1,0.10675289244907207,5,1,0.011699949453025424
9,1.25,local,0.3,0.3027220028891436,29,1,0.015055454919529664
9,1.25,local,0.5,0.5004846639629982,71,1,0.02092758948591208
9,1.25,local,0.7,0.7029415610522424,127,1,0.028757102241088642
9,1.25,local,0.9,0.9075406576969962,170,1,0.03476904953524207
9,1.25,local,0.95,0.9524304183455382,187,1,0.03714586590734924
9,1.25,local,0.99,0.9910431256299378,241,1,0.044695753206983775
9,1.25,hot-cold,0.1,0.10341784882611138,7,1,0.011979574908567443
9,1.25,hot-cold,0.3,0.3051302347890345,27,1,0.014775829463987642
9,1.25,hot-cold,0.5,0.5148058697126949,51,1,0.018131334930491884
9,1.25,hot-cold,0.7,0.7005594686493176,91,1,0.02372384404133228
9,1.25,hot-cold,0.9,0.901961725219593,168,1,0.03448942407970005
9,1.25,hot-cold,0.95,0.9505552938895889,198,1,0.03868380591283035
9,1.25,hot-cold,0.99,0.9900587161536412,241,1,0.044695753206983775
9,1.44,random,0.1,0.10238223394493592,14,1,0.012958264002964513
9,1.44,random,0.3,0.30249057207163516,65,1,0.02008871311928602
9,1.44,random,0.5,0.5040711874788254,124,1,0.02833766405777561
9,1.44,random,0.7,0.7002048858454486,171,1,0.034908862263013075
9,1.44,random,0.9,0.9000668903472743,224,1,0.04231893683487661
9,1.44,random,0.95,0.9508724056475627,241,1,0.044695753206983775
9,1.44,random,0.99,0.9907127594458599,250,1,0.045954067756922866
9,1.44,local,0.1,0.10259591818446819,3,1,0.011420323997483403
9,1.44,local,0.3,0.3012131555167823,14,1,0.012958264002964513
9,1.44,local,0.5,0.5007902806589365,36,1,0.01603414401392673
9,1.44,local,0.7,0.7007393410802816,97,1,0.02456272040795834
9,1.44,local,0.9,0.900153653250925,178,1,0.03588755135741015
9,1.44,local,0.95,0.9504363816956749,201,1,0.03910324409614338
9,1.44,local,0.99,0.9923150100779041,253,1,0.04637350594023589
9,1.44,hot-cold,0.1,0.10536225865424872,6,1,0.011839762180796434
9,1.44,hot-cold,0.3,0.30369371509479065,28,1,0.014915642191758654
9,1.44,hot-cold,0.5,0.5012955526568503,61,1,0.01952946220820198
9,1.44,hot-cold,0.7,0.7022684192092049,100,1,0.02498215859127137
9,1.44,hot-cold,0.9,0.9007164658705981,168,1,0.03448942407970005
9,1.44,hot-cold,0.95,0.9500471877215241,196,1,0.03840418045728833
9,1.44,hot-cold,0.99,0.9903681871272136,242,1,0.04483556593475478
9,2.48,random,0.1,0.11005165649469556,1,1,0.011140698541941383
9,2.48,random,0.3,0.3067760178854066,34,1,0.015754518558384712
9,2.48,random,0.5,0.5013051296958669,68,1,0.020508151302599052
9,2.48,random,0.7,0.7002469555135888,149,1,0.03183298225205086
9,2.48,random,0.9,0.9015947450939792,211,1,0.04050137137385348
9,2.48,random,0.95,0.951466174861083,233,1,0.0435772513848157
9,2.48,random,0.99,0.9902404282634004,247,1,0.04553462957360983
9,2.48,local,0.1,0.11005165649469556,1,1,0.011140698541941383
9,2.48,local,0.3,0.30101493305763233,11,1,0.012538825819651484
9,2.48,local,0.5,0.501000282552251,59,1,0.01924983675265996
9,2.48,local,0.7,0.7117024196757256,123,1,0.028197851330004603
9,2.48,local,0.9,0.9001593396873869,163,1,0.033790360440845
9,2.48,local,0.95,0.9507030729442991,191,1,0.037705116818433276
9,2.48,local,0.99,0.9907512016554022,243,1,0.044975378662525795
9,2.48,hot-cold,0.1,0.11005165649469556,1,1,0.011140698541941383
9,2.48,hot-cold,0.3,0.30781775736755956,9,1,0.012259200364109463
9,2.48,hot-cold,0.5,0.5058464801224535,30,1,0.015195267647300673
9,2.48,hot-cold,0.7,0.7075285989186949,65,1,0.02008871311928602
9,2.48,hot-cold,0.9,0.9044924035036482,131,1,0.02931635315217268
9,2.48,hot-cold,0.95,0.9505828248217334,169,1,0.034629236807471056
9,2.48,hot-cold,0.99,0.9901038008185589,237,1,0.044136502295899736
9,3.3,random,0.1,0.1140985981347689,1,1,0.011140698541941383
9,3.3,random,0.3,0.31623104222678433,39,1,0.01645358219723976
9,3.3,random,0.5,0.5007245661886784,88,1,0.023304405858019253
9,3.3,random,0.7,0.7027932574690106,149,1,0.03183298225205086
9,3.3,random,0.9,0.9209371494555674,234,1,0.043717064112586704
9,3.3,random,0.95,0.9500402110566545,247,1,0.04553462957360983
9,3.3,random,0.99,0.9999754702056034,255,1,0.04665313139577791
9,3.3,local,0.1,0.1140985981347689,1,1,0.011140698541941383
9,3.3,local,0.3,0.3059926518778402,6,1,0.011839762180796434
9,3.3,local,0.5,0.5042088919996475,29,1,0.015055454919529664
9,3.3,local,0.7,0.7250991954247321,81,1,0.022325716763622182
9,3.3,local,0.9,0.9005429099631883,107,1,0.02596084768566844
9,3.3,local,0.95,0.9502017729600998,134,1,0.029735791335485706
9,3.3,local,0.99,0.9903566914916371,215,1,0.041060622284937516
9,3.3,hot-cold,0.1,0.1140985981347689,1,1,0.011140698541941383
9,3.3,hot-cold,0.3,0.3300034737710774,18,1,0.013517514914048553
9,3.3,hot-cold,0.5,0.5277444782843943,31,1,0.015335080375071683
9,3.3,hot-cold,0.7,0.7122673308555184,52,1,0.01827114765826289
9,3.3,hot-cold,0.9,0.9111963530448136,89,1,0.02344421858579026
9,3.3,hot-cold,0.95,0.9516207510179784,109,1,0.02624047314121046
9,3.3,hot-cold,0.99,0.9901020030034734,169,1,0.034629236807471056
9,4.55,random,0.1,0.20487495565271638,1,1,0.011140698541941383
9,4.55,random,0.3,0.34100914816364103,29,1,0.015055454919529664
9,4.55,random,0.5,0.5004778973380232,87,1,0.02316459313024824
9,4.55,random,0.7,0.7036021770407577,146,1,0.03141354406873783
9,4.55,random,0.9,0.9255059378985119,224,1,0.04231893683487661
9,4.55,random,0.95,0.9586205686518862,229,1,0.04301800047373165
9,4.55,random,0.99,0.9901391983015894,237,1,0.044136502295899736
9,4.55,local,0.1,0.20487495565271638,1,1,0.011140698541941383
9,4.55,local,0.3,0.3067442341746751,2,1,0.011280511269712393
9,4.55,local,0.5,0.5244377620402514,7,1,0.011979574908567443
9,4.55,local,0.7,0.7725769407644201,38,1,0.016313769469468754
9,4.55,local,0.9,0.900698604347658,50,2,0.028992408016891246
9,4.55,local,0.95,0.9514980501823782,81,2,0.033326602577792554
9,4.55,local,0.99,0.9902022175604146,160,2,0.04437180807170234
9,4.55,hot-cold,0.1,0.20487495565271638,1,1,0.011140698541941383
9,4.55,hot-cold,0.3,0.33936796376744416,10,1,0.012399013091880472
9,4.55,hot-cold,0.5,0.5341285486150756,24,1,0.014356391280674613
9,4.55,hot-cold,0.7,0.7778524672743016,43,1,0.017012833108323803
9,4.55,hot-cold,0.9,0.9057018467142439,78,1,0.02190627858030915
9,4.55,hot-cold,0.95,0.9556828337126133,115,1,0.02707934950783652
9,4.55,hot-cold,0.99,0.9901071343184725,147,1,0.031553356796508836
9,9.19,random,0.1,0.5528536549769733,1,1,0.011140698541941383
9,9.19,random,0.3,0.5528536549769733,1,1,0.011140698541941383
9,9.19,random,0.5,0.5528536549769733,1,1,0.011140698541941383
9,9.19,random,0.7,0.7077194812897328,75,1,0.021486840396996124
9,9.19,random,0.9,0.9264082885787652,148,1,0.03169316952427985
9,9.19,random,0.95,0.9532764958084698,193,1,0.037984742273975296
9,9.19,random,0.99,0.991495780728047,224,1,0.04231893683487661
9,9.19,local,0.1,0.5528536549769733,1,1,0.011140698541941383
9,9.19,local,0.3,0.5528536549769733,1,1,0.011140698541941383
9,9.19,local,0.5,0.5528536549769733,1,1,0.011140698541941383
9,9.19,local,0.7,0.7785898797990451,4,1,0.011560136725254414
9,9.19,local,0.9,0.90244343521548,10,1,0.012399013091880472
9,9.19,local,0.95,0.9554500294986827,17,1,0.013377702186277544
9,9.19,local,0.99,0.9906585165736881,72,1,0.02106740221368309
9,9.19,hot-cold,0.1,0.5528536549769733,1,1,0.011140698541941383
9,9.19,hot-cold,0.3,0.5528536549769733,1,1,0.011140698541941383
9,9.19,hot-cold,0.5,0.5528536549769733,1,1,0.011140698541941383
9,9.19,hot-cold,0.7,0.7110382791868226,5,1,0.011699949453025424
9,9.19,hot-cold,0.9,0.9091798191645102,44,1,0.017152645836094813
9,9.19,hot-cold,0.95,0.95037583001947,58,1,0.019110024024888952
9,9.19,hot-cold,0.99,0.9900103849185901,103,1,0.025401596774584402
10,1.07,random,0.1,0.10713622497072522,16,1,0.013237889458506534
10,1.07,random,0.3,0.3036064654055702,60,1,0.01938964948043097
10,1.07,random,0.5,0.5017990356040185,105,1,0.02568122223012642
10,1.07,random,0.7,0.7009365838267424,160,1,0.033370922257531965
10,1.07,random,0.9,0.9001329924365317,224,1,0.04231893683487661
10,1.07,random,0.95,0.9519701223670014,239,1,0.044416127751441756
10,1.07,random,0.99,0.9916695816161977,253,1,0.04637350594023589
10,1.07,local,0.1,0.1115417733244921,6,1,0.011839762180796434
10,1.07,local,0.3,0.3021257662110612,28,1,0.014915642191758654
10,1.07,local,0.5,0.5006325495727857,107,1,0.02596084768566844
10,1.07,local,0.7,0.7027149502737353,141,1,0.030714480429882778
10,1.07,local,0.9,0.9048254363096708,215,1,0.041060622284937516
10,1.07,local,0.95,0.9520316795584753,222,1,0.04203931137933459
10,1.07,local,0.99,0.9900249338981106,246,1,0.04539481684583883
10,1.07,hot-cold,0.1,0.11105924844567391,9,1,0.012259200364109463
10,1.07,hot-cold,0.3,0.30305413296546774,32,1,0.015474893102842693
10,1.07,hot-cold,0.5,0.5010298611427704,64,1,0.019948900391515013
10,1.07,hot-cold,0.7,0.7000486184852193,110,1,0.02638028586898147
10,1.07,hot-cold,0.9,0.9010789707720437,175,1,0.03546811317409712
10,1.07,hot-cold,0.95,0.9510401070802659,208,1,0.040081933190540445
10,1.07,hot-cold,0.99,0.991109963208309,241,1,0.044695753206983775
10,1.25,random,0.1,0.10273157777450506,11,1,0.012538825819651484
10,1.25,random,0.3,0.30383195107146493,61,1,0.01952946220820198
10,1.25,random,0.5,0.5048923894741918,116,1,0.02721916223560753
10,1.25,random,0.7,0.7009570529744977,166,1,0.03420979862415803
10,1.25,random,0.9,0.9008741935633204,223,1,0.042179124107105594
10,1.25,random,0.95,0.9527473908227909,239,1,0.044416127751441756
10,1.25,random,0.99,0.9902782148508769,252,1,0.046233693212464885
10,1.25,local,0.1,0.10252224736322814,4,1,0.011560136725254414
10,1.25,local,0.3,0.3007114025274203,46,1,0.017432271291636832
10,1.25,local,0.5,0.5032205353335142,73,1,0.0212072149414541
10,1.25,local,0.7,0.704103494073691,140,1,0.03057466770211177
10,1.25,local,0.9,0.9007931959484688,229,1,0.04301800047373165
10,1.25,local,0.95,0.9505308425459199,245,1,0.045255004118067814
10,1.25,local,0.99,0.9912034421040835,254,1,0.046513318668006905
10,1.25,hot-cold,0.1,0.10229130313627402,5,1,0.011699949453025424
10,1.25,hot-cold,0.3,0.30406755767483346,40,1,0.016593394925010774
10,1.25,hot-cold,0.5,0.5043299016424889,79,1,0.022046091308080162
10,1.25,hot-cold,0.7,0.7017388485825734,125,1,0.028477476785546622
10,1.25,hot-cold,0.9,0.9000753884699008,197,1,0.038543993185059335
10,1.25,hot-cold,0.95,0.952601406115416,222,1,0.04203931137933459
10,1.25,hot-cold,0.99,0.9902458504412478,249,1,0.04581425502915185
10,1.44,random,0.1,0.1188484743824123,11,1,0.012538825819651484
10,1.44,random,0.3,0.31878034347843726,49,1,0.01785170947494986
10,1.44,random,0.5,0.5000665616212092,107,1,0.02596084768566844
10,1.44,random,0.7,0.7008592880411437,163,1,0.033790360440845
10,1.44,random,0.9,0.9023138886549837,216,1,0.04120043501270853
10,1.44,random,0.95,0.9501618788711593,240,1,0.04455594047921276
10,1.44,random,0.99,0.9909256447384673,251,1,0.04609388048469387
10,1.44,local,0.1,0.10266051247821675,4,1,0.011560136725254414
10,1.44,local,0.3,0.3018836329521837,23,1,0.014216578552903602
10,1.44,local,0.5,0.5000780547817383,110,1,0.02638028586898147
10,1.44,local,0.7,0.7036630006495946,93,2,0.03500435531104468
10,1.44,local,0.9,0.9009618186882329,213,1,0.0407809968293955
10,1.44,local,0.95,0.9503017089402686,229,1,0.04301800047373165
10,1.44,local,0.99,0.9909984535468295,243,1,0.044975378662525795
10,1.44,hot-cold,0.1,0.1139423010771728,5,1,0.011699949453025424
10,1.44,hot-cold,0.3,0.30851842315882094,26,1,0.014636016736216633
10,1.44,hot-cold,0.5,0.5035572047638209,51,1,0.018131334930491884
10,1.44,hot-cold,0.7,0.7000644547681063,95,1,0.02428309495241632
10,1.44,hot-cold,0.9,0.9033596402850553,177,1,0.03574773862963914
10,1.44,hot-cold,0.95,0.9509433356857258,207,1,0.03994212046276944
10,1.44,hot-cold,0.99,0.9901118901112499,244,1,0.04511519139029681
10,2.48,random,0.1,0.10045323830248458,3,1,0.011420323997483403
10,2.48,random,0.3,0.3016703595876614,61,1,0.01952946220820198
10,2.48,random,0.5,0.5041606158397258,116,1,0.02721916223560753
10,2.48,random,0.7,0.7047060240411462,179,1,0.03602736408518116
10,2.48,random,0.9,0.9050118227338503,233,1,0.0435772513848157
10,2.48,random,0.95,0.9686428408530975,248,1,0.045674442301380846
10,2.48,random,0.99,0.9900517377279079,249,1,0.04581425502915185
10,2.48,local,0.1,0.1385070162240008,2,1,0.011280511269712393
10,2.48,local,0.3,0.31163793400733086,6,1,0.011839762180796434
10,2.48,local,0.5,0.5129417230456318,16,1,0.013237889458506534
10,2.48,local,0.7,0.7015974475603715,43,1,0.017012833108323803
10,2.48,local,0.9,0.9009909661246173,144,1,0.03113391861319581
10,2.48,local,0.95,0.9500802245374289,162,1,0.03365054771307399
10,2.48,local,0.99,0.99036743276653,217,1,0.041340247740479535
10,2.48,hot-cold,0.1,0.11180494722141364,2,1,0.011280511269712393
10,2.48,hot-cold,0.3,0.32474562273126073,13,1,0.012818451275193503
10,2.48,hot-cold,0.5,0.5015510702276941,30,1,0.015195267647300673
10,2.48,hot-cold,0.7,0.701222377201309,63,1,0.019809087663744
10,2.48,hot-cold,0.9,0.9002080653069154,116,1,0.02721916223560753
10,2.48,hot-cold,0.95,0.9522428062766276,166,1,0.03420979862415803
10,2.48,hot-cold,0.99,0.9903149568150131,236,1,0.04399668956812872
10,3.3,random,0.1,0.1815866896662717,1,1,0.011140698541941383
10,3.3,random,0.3,0.32664411230779866,19,1,0.013657327641819563
10,3.3,random,0.5,0.5054156818283252,65,1,0.02008871311928602
10,3.3,random,0.7,0.700347390848554,144,1,0.03113391861319581
10,3.3,random,0.9,0.9010086930490184,219,1,0.041619873196021555
10,3.3,random,0.95,0.9508513461316523,232,1,0.043437438657044684
10,3.3,random,0.99,0.990654245661376,246,1,0.04539481684583883
10,3.3,local,0.1,0.1815866896662717,1,1,0.011140698541941383
10,3.3,local,0.3,0.30146143961845,9,1,0.012259200364109463
10,3.3,local,0.5,0.5005397298180013,41,1,0.016733207652781783
10,3.3,local,0.7,0.7011026614212306,65,1,0.02008871311928602
10,3.3,local,0.9,0.9001147546232978,200,1,0.03896343136837237
10,3.3,local,0.95,0.9564173397669489,245,1,0.045255004118067814
10,3.3,local,0.99,0.9925933754207598,254,1,0.046513318668006905
10,3.3,hot-cold,0.1,0.1815866896662717,1,1,0.011140698541941383
10,3.3,hot-cold,0.3,0.31391250937725124,5,1,0.011699949453025424
10,3.3,hot-cold,0.5,0.5026453566656229,29,1,0.015055454919529664
10,3.3,hot-cold,0.7,0.7035123170149202,71,1,0.02092758948591208
10,3.3,hot-cold,0.9,0.9010129981193727,152,1,0.03225242043536389
10,3.3,hot-cold,0.95,0.9503799844184446,177,1,0.03574773862963914
10,3.3,hot-cold,0.99,0.9901225077070827,229,1,0.04301800047373165
10,4.55,random,0.1,0.20081160548748975,1,1,0.011140698541941383
10,4.55,random,0.3,0.30290592482090334,13,1,0.012818451275193503
10,4.55,random,0.5,0.5598065031192034,90,1,0.023584031313561273
10,4.55,random,0.7,0.7212764912157387,160,1,0.033370922257531965
10,4.55,random,0.9,0.9499407475362209,230,1,0.043157813201502665
10,4.55,random,0.95,0.9500426746287103,231,1,0.04329762592927368
10,4.55,random,0.99,0.9931505193397542,248,1,0.045674442301380846
10,4.55,local,0.1,0.20081160548748975,1,1,0.011140698541941383
10,4.55,local,0.3,0.3754706559721598,3,1,0.011420323997483403
10,4.55,local,0.5,0.5819794921354169,5,1,0.011699949453025424
10,4.55,local,0.7,0.7002571201509362,18,1,0.013517514914048553
10,4.55,local,0.9,0.9005862794709514,23,2,0.025217464367073977
10,4.55,local,0.95,0.9525949197002481,121,1,0.027918225874462577
10,4.55,local,0.99,0.9906422002218899,148,1,0.03169316952427985
10,4.55,hot-cold,0.1,0.20081160548748975,1,1,0.011140698541941383
10,4.55,hot-cold,0.3,0.3165206022171501,4,1,0.011560136725254414
10,4.55,hot-cold,0.5,0.5026713235737654,16,1,0.013237889458506534
10,4.55,hot-cold,0.7,0.7080063041856514,36,1,0.01603414401392673
10,4.55,hot-cold,0.9,0.9004096318309078,70,1,0.02078777675814107
10,4.55,hot-cold,0.95,0.9524967093972831,102,1,0.02526178404681339
10,4.55,hot-cold,0.99,0.9916006164677881,138,1,0.030295042246569752
10,9.19,random,0.1,0.5159290367595504,1,1,0.011140698541941383
10,9.19,random,0.3,0.5159290367595504,1,1,0.011140698541941383
10,9.19,random,0.5,0.5159290367595504,1,1,0.011140698541941383
10,9.19,random,0.7,0.7575833962803772,62,1,0.019669274935972994
10,9.19,random,0.9,0.9595625367319114,131,1,0.02931635315217268
10,9.19,random,0.95,0.9595625367319114,131,1,0.02931635315217268
10,9.19,random,0.99,0.9950756295172294,184,1,0.036726427724036205
10,9.19,local,0.1,0.5159290367595504,1,1,0.011140698541941383
10,9.19,local,0.3,0.5159290367595504,1,1,0.011140698541941383
10,9.19,local,0.5,0.5159290367595504,1,1,0.011140698541941383
10,9.19,local,0.7,0.7100710541047941,2,1,0.011280511269712393
10,9.19,local,0.9,0.934241306795666,4,1,0.011560136725254414
10,9.19,local,0.95,0.9701736509840032,6,1,0.011839762180796434
10,9.19,local,0.99,0.9903613145098412,8,1,0.012119387636338453
10,9.19,hot-cold,0.1,0.5159290367595504,1,1,0.011140698541941383
10,9.19,hot-cold,0.3,0.5159290367595504,1,1,0.011140698541941383
10,9.19,hot-cold,0.5,0.5159290367595504,1,1,0.011140698541941383
10,9.19,hot-cold,0.7,0.7105060589753713,12,1,0.012678638547422494
10,9.19,hot-cold,0.9,0.9463064147291259,73,1,0.0212072149414541
10,9.19,hot-cold,0.95,0.9616753105018313,88,1,0.023304405858019253
10,9.19,hot-cold,0.99,0.9926267081998716,110,1,0.02638028586898147
11,1.07,random,0.1,0.10308702604375168,17,1,0.013377702186277544
11,1.07,random,0.3,0.30165130139579754,60,1,0.01938964948043097
11,1.07,random,0.5,0.5034454348605254,115,1,0.02707934950783652
11,1.07,random,0.7,0.7011031934757168,163,1,0.033790360440845
11,1.07,random,0.9,0.9016024147737108,220,1,0.04175968592379257
11,1.07,random,0.95,0.9531592975409474,234,1,0.043717064112586704
11,1.07,random,0.99,0.9917637757434645,251,1,0.04609388048469387
11,1.07,local,0.1,0.1025954680076624,6,1,0.011839762180796434
11,1.07,local,0.3,0.30328856587917763,38,1,0.016313769469468754
11,1.07,local,0.5,0.5018563899197981,89,1,0.02344421858579026
11,1.07,local,0.7,0.7032846705548301,117,1,0.027358974963378538
11,1.07,local,0.9,0.9008767425464462,201,1,0.03910324409614338
11,1.07,local,0.95,0.9504436283399449,228,1,0.042878187745960646
11,1.07,local,0.99,0.9905808459754323,248,1,0.045674442301380846
11,1.07,hot-cold,0.1,0.11414609546871547,11,1,0.012538825819651484
11,1.07,hot-cold,0.3,0.30573802829311514,37,1,0.01617395674169774
11,1.07,hot-cold,0.5,0.5003799300359253,62,1,0.019669274935972994
11,1.07,hot-cold,0.7,0.7018261952583579,111,1,0.02652009859675248
11,1.07,hot-cold,0.9,0.9003859023642724,189,1,0.03742549136289126
11,1.07,hot-cold,0.95,0.9537037347456369,214,1,0.04092080955716651
11,1.07,hot-cold,0.99,0.9904768176506212,251,1,0.04609388048469387
11,1.25,random,0.1,0.10108752361876935,15,1,0.013098076730735523
11,1.25,random,0.3,0.3034905474008588,61,1,0.01952946220820198
11,1.25,random,0.5,0.5041673125756043,115,1,0.02707934950783652
11,1.25,random,0.7,0.7036183824122394,169,1,0.034629236807471056
11,1.25,random,0.9,0.9012626793534717,231,1,0.04329762592927368
11,1.25,random,0.95,0.9529823325224597,248,1,0.045674442301380846
11,1.25,random,0.99,0.992238592863189,254,1,0.046513318668006905
11,1.25,local,0.1,0.1090563109185323,4,1,0.011560136725254414
11,1.25,local,0.3,0.301167742648752,24,1,0.014356391280674613
11,1.25,local,0.5,0.5088569496396087,102,1,0.02526178404681339
11,1.25,local,0.7,0.7000557202396424,189,1,0.03742549136289126
11,1.25,local,0.9,0.9007380338975307,246,1,0.04539481684583883
11,1.25,local,0.95,0.9589954948285051,252,1,0.046233693212464885
11,1.25,local,0.99,0.9999999999999996,256,1,0.046792944123548924
11,1.25,hot-cold,0.1,0.10532762084434427,9,1,0.012259200364109463
11,1.25,hot-cold,0.3,0.30382630345381934,32,1,0.015474893102842693
11,1.25,hot-cold,0.5,0.505651792656684,58,1,0.019110024024888952
11,1.25,hot-cold,0.7,0.707293709673095,98,1,0.02470253313572935
11,1.25,hot-cold,0.9,0.9029625485809948,173,1,0.0351884877185551
11,1.25,hot-cold,0.95,0.9503915913057661,207,1,0.03994212046276944
11,1.25,hot-cold,0.99,0.9900907580737226,240,1,0.04455594047921276
11,1.44,random,0.1,0.10174913092205033,14,1,0.012958264002964513
11,1.44,random,0.3,0.3015862075208554,64,1,0.019948900391515013
11,1.44,random,0.5,0.5028423170627041,117,1,0.027358974963378538
11,1.44,random,0.7,0.7027807986639732,169,1,0.034629236807471056
11,1.44,random,0.9,0.900027384189444,219,1,0.041619873196021555
11,1.44,random,0.95,0.9511156307244667,236,1,0.04399668956812872
11,1.44,random,0.99,0.9919729309210324,250,1,0.045954067756922866
11,1.44,local,0.1,0.1078722709941016,3,1,0.011420323997483403
11,1.44,local,0.3,0.30797783716891697,17,1,0.013377702186277544
11,1.44,local,0.5,0.5018373181621881,108,1,0.02610066041343945
11,1.44,local,0.7,0.7019820658887121,83,2,0.03360622803333457
11,1.44,local,0.9,0.9028459030820195,228,1,0.042878187745960646
11,1.44,local,0.95,0.9500264815521008,240,1,0.04455594047921276
11,1.44,local,0.99,0.995388247134418,255,1,0.04665313139577791
11,1.44,hot-cold,0.1,0.10620964281283202,9,1,0.012259200364109463
11,1.44,hot-cold,0.3,0.30079894147447683,29,1,0.015055454919529664
11,1.44,hot-cold,0.5,0.5022775412271394,55,1,0.018690585841575923
11,1.44,hot-cold,0.7,0.7044556078201293,94,1,0.02414328222464531
11,1.44,hot-cold,0.9,0.9002601393569827,164,1,0.03393017316861601
11,1.44,hot-cold,0.95,0.9517826123709286,195,1,0.038264367729517315
11,1.44,hot-cold,0.99,0.9901858196496839,242,1,0.04483556593475478
11,2.48,random,0.1,0.13282052286478574,1,1,0.011140698541941383
11,2.48,random,0.3,0.305250964603899,52,1,0.01827114765826289
11,2.48,random,0.5,0.5032516920737167,114,1,0.026939536780065512
11,2.48,random,0.7,0.7007620536837723,167,1,0.03434961135192904
11,2.48,random,0.9,0.9016802552647426,220,1,0.04175968592379257
11,2.48,random,0.95,0.9514378553955996,233,1,0.0435772513848157
11,2.48,random,0.99,0.9905330243494098,248,1,0.045674442301380846
11,2.48,local,0.1,0.13282052286478574,1,1,0.011140698541941383
11,2.48,local,0.3,0.3195104226652478,9,1,0.012259200364109463
11,2.48,local,0.5,0.5120114729817195,21,1,0.013936953097361583
11,2.48,local,0.7,0.7011528932278266,55,1,0.018690585841575923
11,2.48,local,0.9,0.901161101269657,155,1,0.03267185861867692
11,2.48,local,0.95,0.9504026681547658,177,1,0.03574773862963914
11,2.48,local,0.99,0.9902103863976672,238,1,0.04427631502367074
11,2.48,hot-cold,0.1,0.13282052286478574,1,1,0.011140698541941383
11,2.48,hot-cold,0.3,0.3011890398742541,14,1,0.012958264002964513
11,2.48,hot-cold,0.5,0.5071495762997054,34,1,0.015754518558384712
11,2.48,hot-cold,0.7,0.704443721741311,69,1,0.020647964030370062
11,2.48,hot-cold,0.9,0.9026875502557291,142,1,0.03085429315765379
11,2.48,hot-cold,0.95,0.9501373760785669,174,1,0.03532830044632611
11,2.48,hot-cold,0.99,0.9913488356495087,229,1,0.04301800047373165
11,3.3,random,0.1,0.10522552462016783,1,1,0.011140698541941383
11,3.3,random,0.3,0.30305922284059583,22,1,0.014076765825132592
11,3.3,random,0.5,0.5034682794864903,81,1,0.022325716763622182
11,3.3,random,0.7,0.7050059472355437,149,1,0.03183298225205086
11,3.3,random,0.9,0.9024462975529461,208,1,0.040081933190540445
11,3.3,random,0.95,0.9555287584298153,228,1,0.042878187745960646
11,3.3,random,0.99,0.9900289515206977,245,1,0.045255004118067814
11,3.3,local,0.1,0.10522552462016783,1,1,0.011140698541941383
11,3.3,local,0.3,0.353800968095166,8,1,0.012119387636338453
11,3.3,local,0.5,0.5602282534521127,13,1,0.012818451275193503
11,3.3,local,0.7,0.7086535969584525,26,2,0.025636902550387006
11,3.3,local,0.9,0.9004050980192366,135,2,0.04087648987742709
11,3.3,local,0.95,0.9583389871905942,236,1,0.04399668956812872
11,3.3,local,0.99,0.9901241631396331,244,1,0.04511519139029681
11,3.3,hot-cold,0.1,0.10522552462016783,1,1,0.011140698541941383
11,3.3,hot-cold,0.3,0.3030049717158877,5,1,0.011699949453025424
11,3.3,hot-cold,0.5,0.5093788046519313,21,1,0.013936953097361583
11,3.3,hot-cold,0.7,0.7315989237062972,51,1,0.018131334930491884
11,3.3,hot-cold,0.9,0.9130657812265327,102,1,0.02526178404681339
11,3.3,hot-cold,0.95,0.9504209070716366,135,1,0.02987560406325672
11,3.3,hot-cold,0.99,0.9904488856634337,202,1,0.039243056823914386
11,4.55,random,0.1,0.2016714993158286,1,1,0.011140698541941383
11,4.55,random,0.3,0.30152417861238845,8,1,0.012119387636338453
11,4.55,random,0.5,0.5150286433326003,91,1,0.02372384404133228
11,4.55,random,0.7,0.7125541165717832,63,2,0.030809973477914376
11,4.55,random,0.9,0.9114770709461797,171,1,0.034908862263013075
11,4.55,random,0.95,0.9594710873847628,204,1,0.039522682279456406
11,4.55,random,0.99,0.9903101707294646,242,1,0.04483556593475478
11,4.55,local,0.1,0.2016714993158286,1,1,0.011140698541941383
11,4.55,local,0.3,0.32823081872209314,3,1,0.011420323997483403
11,4.55,local,0.5,0.5098889327067918,18,1,0.013517514914048553
11,4.55,local,0.7,0.7060061122255392,22,1,0.014076765825132592
11,4.55,local,0.9,0.9015919372808476,43,1,0.017012833108323803
11,4.55,local,0.95,0.9505583842546327,73,2,0.032208100755624476
11,4.55,local,0.99,0.9902398902404054,143,2,0.04199499169959517
11,4.55,hot-cold,0.1,0.2016714993158286,1,1,0.011140698541941383
11,4.55,hot-cold,0.3,0.3595478866052514,7,1,0.011979574908567443
11,4.55,hot-cold,0.5,0.5054774938683615,25,1,0.014496204008445623
11,4.55,hot-cold,0.7,0.7563992914348651,46,1,0.017432271291636832
11,4.55,hot-cold,0.9,0.9018325217689976,107,1,0.02596084768566844
11,4.55,hot-cold,0.95,0.9552601858531766,122,1,0.02805803860223359
11,4.55,hot-cold,0.99,0.9901122990870698,173,1,0.0351884877185551
11,9.19,random,0.1,0.5589064428722498,1,1,0.011140698541941383
11,9.19,random,0.3,0.5589064428722498,1,1,0.011140698541941383
11,9.19,random,0.5,0.5589064428722498,1,1,0.011140698541941383
11,9.19,random,0.7,0.7419763138814384,39,1,0.01645358219723976
11,9.19,random,0.9,0.9029104190176052,101,1,0.025121971319042383
11,9.19,random,0.95,0.9510138682226615,178,1,0.03588755135741015
11,9.19,random,0.99,0.9920365862655164,234,1,0.043717064112586704
11,9.19,local,0.1,0.5589064428722498,1,1,0.011140698541941383
11,9.19,local,0.3,0.5589064428722498,1,1,0.011140698541941383
11,9.19,local,0.5,0.5589064428722498,1,1,0.011140698541941383
11,9.19,local,0.7,0.7309803738212378,13,1,0.012818451275193503
11,9.19,local,0.9,0.9000374879226968,23,1,0.014216578552903602
11,9.19,local,0.95,0.9517237413882368,44,2,0.028153531650265184
11,9.19,local,0.99,0.9901262440072756,88,2,0.034305291672189625
11,9.19,hot-cold,0.1,0.5589064428722498,1,1,0.011140698541941383
11,9.19,hot-cold,0.3,0.5589064428722498,1,1,0.011140698541941383
11,9.19,hot-cold,0.5,0.5589064428722498,1,1,0.011140698541941383
11,9.19,hot-cold,0.7,0.7195667952197367,21,1,0.013936953097361583
11,9.19,hot-cold,0.9,0.9293392835197777,63,1,0.019809087663744
11,9.19,hot-cold,0.95,0.9505500588740474,75,1,0.021486840396996124
11,9.19,hot-cold,0.99,0.9903681748307394,133,1,0.0295959786077147
12,1.07,random,0.1,0.10145429803691253,16,1,0.013237889458506534
12,1.07,random,0.3,0.3037095038490163,70,1,0.02078777675814107
12,1.07,random,0.5,0.502488554758207,122,1,0.02805803860223359
12,1.07,random,0.7,0.7000519808838629,175,1,0.03546811317409712
12,1.07,random,0.9,0.9030974681199684,227,1,0.04273837501818963
12,1.07,random,0.95,0.9527248621848659,238,1,0.04427631502367074
12,1.07,random,0.99,0.9903316745163182,254,1,0.046513318668006905
12,1.07,local,0.1,0.10433217546623685,6,1,0.011839762180796434
12,1.07,local,0.3,0.3005538006767994,29,1,0.015055454919529664
12,1.07,local,0.5,0.5008662073607639,64,1,0.019948900391515013
12,1.07,local,0.7,0.7042886357606548,168,1,0.03448942407970005
12,1.07,local,0.9,0.9008201697584494,216,1,0.04120043501270853
12,1.07,local,0.95,0.9511845561894224,234,1,0.043717064112586704
12,1.07,local,0.99,0.9905633083648825,253,1,0.04637350594023589
12,1.07,hot-cold,0.1,0.10222268452236877,7,1,0.011979574908567443
12,1.07,hot-cold,0.3,0.30494783524729185,30,1,0.015195267647300673
12,1.07,hot-cold,0.5,0.5020321414653846,64,1,0.019948900391515013
12,1.07,hot-cold,0.7,0.7028987590605806,108,1,0.02610066041343945
12,1.07,hot-cold,0.9,0.9013074448570613,180,1,0.036167176812952166
12,1.07,hot-cold,0.95,0.9506892787158032,217,1,0.041340247740479535
12,1.07,hot-cold,0.99,0.9905348413925321,246,1,0.04539481684583883
12,1.25,random,0.1,0.10698319985433495,16,1,0.013237889458506534
12,1.25,random,0.3,0.3084702848970596,64,1,0.019948900391515013
12,1.25,random,0.5,0.5003052096264687,109,1,0.02624047314121046
12,1.25,random,0.7,0.7006997044266267,163,1,0.033790360440845
12,1.25,random,0.9,0.9034868854238872,221,1,0.041899498651563574
12,1.25,random,0.95,0.9545270935923541,243,1,0.044975378662525795
12,1.25,random,0.99,0.9909602187712433,254,1,0.046513318668006905
12,1.25,local,0.1,0.11062440150530324,4,1,0.011560136725254414
12,1.25,local,0.3,0.30466406025372045,24,1,0.014356391280674613
12,1.25,local,0.5,0.5026248159140472,66,1,0.020228525847057033
12,1.25,local,0.7,0.700612211598232,159,1,0.03323110952976096
12,1.25,local,0.9,0.9023969686370036,238,1,0.04427631502367074
12,1.25,local,0.95,0.9515434951791126,243,1,0.044975378662525795
12,1.25,local,0.99,0.991535229354452,254,1,0.046513318668006905
12,1.25,hot-cold,0.1,0.10296434977602421,9,1,0.012259200364109463
12,1.25,hot-cold,0.3,0.3034491575785634,35,1,0.015894331286155722
12,1.25,hot-cold,0.5,0.5031997234110929,62,1,0.019669274935972994
12,1.25,hot-cold,0.7,0.7048061863001439,94,1,0.02414328222464531
12,1.25,hot-cold,0.9,0.9015694599137453,176,1,0.03560792590186813
12,1.25,hot-cold,0.95,0.9513322760852186,204,1,0.039522682279456406
12,1.25,hot-cold,0.99,0.9903939388202015,241,1,0.044695753206983775
12,1.44,random,0.1,0.1035564254545758,10,1,0.012399013091880472
12,1.44,random,0.3,0.3005529753198094,58,1,0.019110024024888952
12,1.44,random,0.5,0.5003454253259157,111,1,0.02652009859675248
12,1.44,random,0.7,0.7030598415901733,163,1,0.033790360440845
12,1.44,random,0.9,0.9010711199965091,210,1,0.040361558646082464
12,1.44,random,0.95,0.9507063496448313,231,1,0.04329762592927368
12,1.44,random,0.99,0.9926022715040231,248,1,0.045674442301380846
12,1.44,local,0.1,0.10871272788991261,3,1,0.011420323997483403
12,1.44,local,0.3,0.3050718895409183,16,1,0.013237889458506534
12,1.44,local,0.5,0.5032422462602713,67,1,0.02036833857482804
12,1.44,local,0.7,0.7013284224066134,112,1,0.026659911324523493
12,1.44,local,0.9,0.9034045960306244,217,1,0.041340247740479535
12,1.44,local,0.95,0.9500185204376844,239,1,0.044416127751441756
12,1.44,local,0.99,0.9935275221149237,249,1,0.04581425502915185
12,1.44,hot-cold,0.1,0.10016547209426362,7,1,0.011979574908567443
12,1.44,hot-cold,0.3,0.3041297991903463,27,1,0.014775829463987642
12,1.44,hot-cold,0.5,0.5085753148097335,50,1,0.01799152220272087
12,1.44,hot-cold,0.7,0.7006615378818231,89,1,0.02344421858579026
12,1.44,hot-cold,0.9,0.9019181793285715,166,1,0.03420979862415803
12,1.44,hot-cold,0.95,0.9501934068240147,200,1,0.03896343136837237
12,1.44,hot-cold,0.99,0.991482914204674,243,1,0.044975378662525795
12,2.48,random,0.1,0.10802271205971693,5,1,0.011699949453025424
12,2.48,random,0.3,0.3065148430119145,62,1,0.019669274935972994
12,2.48,random,0.5,0.5029962916531028,103,1,0.025401596774584402
12,2.48,random,0.7,0.7074028914278625,155,1,0.03267185861867692
12,2.48,random,0.9,0.9004609936615078,210,1,0.040361558646082464
12,2.48,random,0.95,0.9503217061552196,243,1,0.044975378662525795
12,2.48,random,0.99,0.9927080299560207,251,1,0.04609388048469387
12,2.48,local,0.1,0.13854681031069516,2,1,0.011280511269712393
12,2.48,local,0.3,0.32823217539340244,6,1,0.011839762180796434
12,2.48,local,0.5,0.5023495341334893,13,1,0.012818451275193503
12,2.48,local,0.7,0.7026625885252821,43,1,0.017012833108323803
12,2.48,local,0.9,0.9038454668089567,128,2,0.03989780078303003
12,2.48,local,0.95,0.9500629612144554,152,2,0.04325330624953426
12,2.48,local,0.99,0.9932634186591266,255,1,0.04665313139577791
12,2.48,hot-cold,0.1,0.10008630368790711,2,1,0.011280511269712393
12,2.48,hot-cold,0.3,0.3033530071055528,18,1,0.013517514914048553
12,2.48,hot-cold,0.5,0.5114541075838102,41,1,0.016733207652781783
12,2.48,hot-cold,0.7,0.7084953795147885,59,1,0.01924983675265996
12,2.48,hot-cold,0.9,0.9016849932331141,118,1,0.02749878769114955
12,2.48,hot-cold,0.95,0.9504233386257426,140,1,0.03057466770211177
12,2.48,hot-cold,0.99,0.9900564163924523,209,1,0.04022174591831146
12,3.3,random,0.1,0.12172433488726894,1,1,0.011140698541941383
12,3.3,random,0.3,0.30527679479814573,9,1,0.012259200364109463
12,3.3,random,0.5,0.5000546990132412,97,1,0.02456272040795834
12,3.3,random,0.7,0.7018669026550911,85,2,0.03388585348887659
12,3.3,random,0.9,0.916547910708959,224,1,0.04231893683487661
12,3.3,random,0.95,0.9506653807872328,238,1,0.04427631502367074
12,3.3,random,0.99,0.9980290037166699,252,1,0.046233693212464885
12,3.3,local,0.1,0.12172433488726894,1,1,0.011140698541941383
12,3.3,local,0.3,0.3271116128864708,4,1,0.011560136725254414
12,3.3,local,0.5,0.5220673364769843,11,1,0.012538825819651484
12,3.3,local,0.7,0.700078310340498,40,1,0.016593394925010774
12,3.3,local,0.9,0.9036791063720346,94,2,0.03514416803881568
12,3.3,local,0.95,0.9520540982075655,196,1,0.03840418045728833
12,3.3,local,0.99,0.990459278016656,230,1,0.043157813201502665
12,3.3,hot-cold,0.1,0.12172433488726894,1,1,0.011140698541941383
12,3.3,hot-cold,0.3,0.3062825192198082,12,1,0.012678638547422494
12,3.3,hot-cold,0.5,0.5255816729726548,33,1,0.015614705830613702
12,3.3,hot-cold,0.7,0.7183211853134354,54,1,0.018550773113804913
12,3.3,hot-cold,0.9,0.9009625180497165,103,1,0.025401596774584402
12,3.3,hot-cold,0.95,0.9522655640422373,139,1,0.030434854974340758
12,3.3,hot-cold,0.99,0.9902191669899304,209,1,0.04022174591831146
12,4.55,random,0.1,0.22885883188618153,1,1,0.011140698541941383
12,4.55,random,0.3,0.31174877470167345,20,1,0.013797140369590573
12,4.55,random,0.5,0.5120705661547827,73,1,0.0212072149414541
12,4.55,random,0.7,0.7006557846438707,131,1,0.02931635315217268
12,4.55,random,0.9,0.9001917248141319,188,1,0.03728567863512025
12,4.55,random,0.95,0.9503024683266019,230,1,0.043157813201502665
12,4.55,random,0.99,0.9916471876232729,248,1,0.045674442301380846
12,4.55,local,0.1,0.22885883188618153,1,1,0.011140698541941383
12,4.55,local,0.3,0.35398343852032277,2,1,0.011280511269712393
12,4.55,local,0.5,0.5375463550670412,5,1,0.011699949453025424
12,4.55,local,0.7,0.7077030282970884,18,1,0.013517514914048553
12,4.55,local,0.9,0.9106958243732682,156,1,0.032811671346447926
12,4.55,local,0.95,0.9537188040766172,162,1,0.03365054771307399
12,4.55,local,0.99,0.9901544712840706,171,2,0.045909748077183454
12,4.55,hot-cold,0.1,0.22885883188618153,1,1,0.011140698541941383
12,4.55,hot-cold,0.3,0.38105716927045274,6,1,0.011839762180796434
12,4.55,hot-cold,0.5,0.5079613496199921,12,1,0.012678638547422494
12,4.55,hot-cold,0.7,0.70624377735297,34,1,0.015754518558384712
12,4.55,hot-cold,0.9,0.9011564497670804,85,1,0.02288496767470622
12,4.55,hot-cold,0.95,0.9504942004100498,129,1,0.02903672769663066
12,4.55,hot-cold,0.99,0.9919109826336129,218,1,0.04148006046825055
12,9.19,random,0.1,0.4680402475848434,1,1,0.011140698541941383
12,9.19,random,0.3,0.4680402475848434,1,1,0.011140698541941383
12,9.19,random,0.5,0.803808438675065,38,1,0.016313769469468754
12,9.19,random,0.7,0.803808438675065,38,1,0.016313769469468754
12,9.19,random,0.9,0.9013836459820634,116,1,0.02721916223560753
12,9.19,random,0.95,0.9521303261147676,118,1,0.02749878769114955
12,9.19,random,0.99,0.9901457997438524,166,1,0.03420979862415803
12,9.19,local,0.1,0.4680402475848434,1,1,0.011140698541941383
12,9.19,local,0.3,0.4680402475848434,1,1,0.011140698541941383
12,9.19,local,0.5,0.8114744044628277,4,1,0.011560136725254414
12,9.19,local,0.7,0.8114744044628277,4,1,0.011560136725254414
12,9.19,local,0.9,0.903725593962283,33,1,0.015614705830613702
12,9.19,local,0.95,0.9512236554330922,51,1,0.018131334930491884
12,9.19,local,0.99,0.9952430780873665,114,1,0.026939536780065512
12,9.19,hot-cold,0.1,0.4680402475848434,1,1,0.011140698541941383
12,9.19,hot-cold,0.3,0.4680402475848434,1,1,0.011140698541941383
12,9.19,hot-cold,0.5,0.7997285308375153,7,1,0.011979574908567443
12,9.19,hot-cold,0.7,0.7997285308375153,7,1,0.011979574908567443
12,9.19,hot-cold,0.9,0.920491956285924,32,1,0.015474893102842693
12,9.19,hot-cold,0.95,0.953033556286078,35,1,0.015894331286155722
12,9.19,hot-cold,0.99,0.9944955415073595,104,1,0.02554140950235541
13,1.07,random,0.1,0.10083418261673277,14,1,0.012958264002964513
13,1.07,random,0.3,0.30268628602963465,59,1,0.01924983675265996
13,1.07,random,0.5,0.5023515387214172,103,1,0.025401596774584402
13,1.07,random,0.7,0.7016601644578948,162,1,0.03365054771307399
13,1.07,random,0.9,0.906971084234904,225,1,0.04245874956264761
13,1.07,random,0.95,0.95068366777514,237,1,0.044136502295899736
13,1.07,random,0.99,0.993115946023698,252,1,0.046233693212464885
13,1.07,local,0.1,0.11070510752329316,5,1,0.011699949453025424
13,1.07,local,0.3,0.3042238041374275,33,1,0.015614705830613702
13,1.07,local,0.5,0.5062408923922557,84,1,0.02274515494693521
13,1.07,local,0.7,0.7037188573977089,124,1,0.02833766405777561
13,1.07,local,0.9,0.9011093388330481,188,1,0.03728567863512025
13,1.07,local,0.95,0.9531336798994896,233,1,0.0435772513848157
13,1.07,local,0.99,0.9924852706029331,252,1,0.046233693212464885
13,1.07,hot-cold,0.1,0.10393680198658517,8,1,0.012119387636338453
13,1.07,hot-cold,0.3,0.31105092278595026,36,1,0.01603414401392673
13,1.07,hot-cold,0.5,0.5036523709953628,65,1,0.02008871311928602
13,1.07,hot-cold,0.7,0.7011080686713367,115,1,0.02707934950783652
13,1.07,hot-cold,0.9,0.9011643881512169,187,1,0.03714586590734924
13,1.07,hot-cold,0.95,0.9514971035935744,215,1,0.041060622284937516
13,1.07,hot-cold,0.99,0.9906635516075099,248,1,0.045674442301380846
13,1.25,random,0.1,0.10155736736148095,11,1,0.012538825819651484
13,1.25,random,0.3,0.3013877611064508,57,1,0.018970211297117942
13,1.25,random,0.5,0.502909716522382,105,1,0.02568122223012642
13,1.25,random,0.7,0.7015095079076892,156,1,0.032811671346447926
13,1.25,random,0.9,0.9007231189308644,220,1,0.04175968592379257
13,1.25,random,0.95,0.9514348998723277,237,1,0.044136502295899736
13,1.25,random,0.99,0.9902925854208094,253,1,0.04637350594023589
13,1.25,local,0.1,0.10184666687025648,4,1,0.011560136725254414
13,1.25,local,0.3,0.3073971103922947,18,1,0.013517514914048553
13,1.25,local,0.5,0.5041506935255102,45,1,0.017292458563865822
13,1.25,local,0.7,0.7006525262106059,124,1,0.02833766405777561
13,1.25,local,0.9,0.9021080896371289,163,1,0.033790360440845
13,1.25,local,0.95,0.9507972646512066,199,1,0.03882361864060136
13,1.25,local,0.99,0.9900921556460132,251,1,0.04609388048469387
13,1.25,hot-cold,0.1,0.1000850549091584,5,1,0.011699949453025424
13,1.25,hot-cold,0.3,0.3075168500906185,31,1,0.015335080375071683
13,1.25,hot-cold,0.5,0.5040481406292535,51,1,0.018131334930491884
13,1.25,hot-cold,0.7,0.7029186431840432,93,1,0.0240034694968743
13,1.25,hot-cold,0.9,0.9058459768803057,173,1,0.0351884877185551
13,1.25,hot-cold,0.95,0.9536168482374889,197,1,0.038543993185059335
13,1.25,hot-cold,0.99,0.9901058088648467,240,1,0.04455594047921276
13,1.44,random,0.1,0.1157988113097693,5,1,0.011699949453025424
13,1.44,random,0.3,0.3190558374306999,54,1,0.018550773113804913
13,1.44,random,0.5,0.5013086417581067,108,1,0.02610066041343945
13,1.44,random,0.7,0.7000481737496931,160,1,0.033370922257531965
13,1.44,random,0.9,0.9011251886354489,218,1,0.04148006046825055
13,1.44,random,0.95,0.9533800366598143,239,1,0.044416127751441756
13,1.44,random,0.99,0.990720168068714,252,1,0.046233693212464885
13,1.44,local,0.1,0.1214721391036432,3,1,0.011420323997483403
13,1.44,local,0.3,0.3015367178442619,19,1,0.013657327641819563
13,1.44,local,0.5,0.5017336237794867,110,1,0.02638028586898147
13,1.44,local,0.7,0.7107150571786156,152,1,0.03225242043536389
13,1.44,local,0.9,0.9004499985439582,187,1,0.03714586590734924
13,1.44,local,0.95,0.9503522321962883,233,1,0.0435772513848157
13,1.44,local,0.99,0.9902417112492725,246,1,0.04539481684583883
13,1.44,hot-cold,0.1,0.11500582631712378,7,1,0.011979574908567443
13,1.44,hot-cold,0.3,0.3017243373968887,31,1,0.015335080375071683
13,1.44,hot-cold,0.5,0.5021863150635528,55,1,0.018690585841575923
13,1.44,hot-cold,0.7,0.7059477512670529,101,1,0.025121971319042383
13,1.44,hot-cold,0.9,0.9001285482905781,170,1,0.03476904953524207
13,1.44,hot-cold,0.95,0.9514538280274487,194,1,0.03812455500174631
13,1.44,hot-cold,0.99,0.9903559636675366,242,1,0.04483556593475478
13,2.48,random,0.1,0.13475365595316105,1,1,0.011140698541941383
13,2.48,random,0.3,0.31111970907818487,37,1,0.01617395674169774
13,2.48,random,0.5,0.5032317800396631,89,1,0.02344421858579026
13,2.48,random,0.7,0.7029332550082027,171,1,0.034908862263013075
13,2.48,random,0.9,0.900875751902762,230,1,0.043157813201502665
13,2.48,random,0.95,0.9518066325527711,245,1,0.045255004118067814
13,2.48,random,0.99,0.9920898701696271,252,1,0.046233693212464885
13,2.48,local,0.1,0.13475365595316105,1,1,0.011140698541941383
13,2.48,local,0.3,0.3044343415530323,8,1,0.012119387636338453
13,2.48,local,0.5,0.5012267879648219,33,1,0.015614705830613702
13,2.48,local,0.7,0.7074708320615799,85,1,0.02288496767470622
13,2.48,local,0.9,0.9024807321991684,175,1,0.03546811317409712
13,2.48,local,0.95,0.9502341579765138,217,1,0.041340247740479535
13,2.48,local,0.99,0.9907362481238857,249,1,0.04581425502915185
13,2.48,hot-cold,0.1,0.13475365595316105,1,1,0.011140698541941383
13,2.48,hot-cold,0.3,0.3124828086737151,15,1,0.013098076730735523
13,2.48,hot-cold,0.5,0.5002810965457087,44,1,0.017152645836094813
13,2.48,hot-cold,0.7,0.701011800798181,85,1,0.02288496767470622
13,2.48,hot-cold,0.9,0.9031159256678252,162,1,0.03365054771307399
13,2.48,hot-cold,0.95,0.9507081272686032,192,1,0.03784492954620429
13,2.48,hot-cold,0.99,0.9901593036256505,237,1,0.044136502295899736
13,3.3,random,0.1,0.17249509048557882,1,1,0.011140698541941383
13,3.3,random,0.3,0.31173941648361886,28,1,0.014915642191758654
13,3.3,random,0.5,0.5176941154392761,67,1,0.02036833857482804
13,3.3,random,0.7,0.700916858700581,114,1,0.026939536780065512
13,3.3,random,0.9,0.9003462817820842,203,1,0.0393828695516854
13,3.3,random,0.95,0.9501953466130383,221,1,0.041899498651563574
13,3.3,random,0.99,0.9902621262531542,241,1,0.044695753206983775
13,3.3,local,0.1,0.17249509048557882,1,1,0.011140698541941383
13,3.3,local,0.3,0.3230978304151984,5,1,0.011699949453025424
13,3.3,local,0.5,0.5134337425356963,11,1,0.012538825819651484
13,3.3,local,0.7,0.7055647838367082,27,2,0.025776715278158016
13,3.3,local,0.9,0.9046223440240747,168,1,0.03448942407970005
13,3.3,local,0.95,0.9532603142131838,200,1,0.03896343136837237
13,3.3,local,0.99,0.9913740849841765,241,1,0.044695753206983775
13,3.3,hot-cold,0.1,0.17249509048557882,1,1,0.011140698541941383
13,3.3,hot-cold,0.3,0.31713349270746394,13,1,0.012818451275193503
13,3.3,hot-cold,0.5,0.5030555710972632,31,1,0.015335080375071683
13,3.3,hot-cold,0.7,0.70200172253427,60,1,0.01938964948043097
13,3.3,hot-cold,0.9,0.9054468184112028,118,1,0.02749878769114955
13,3.3,hot-cold,0.95,0.9513772012180205,148,1,0.03169316952427985
13,3.3,hot-cold,0.99,0.9909890216584109,199,1,0.03882361864060136
13,4.55,random,0.1,0.24971232694161669,1,1,0.011140698541941383
13,4.55,random,0.3,0.30346822357940717,2,1,0.011280511269712393
13,4.55,random,0.5,0.5055699206239694,88,1,0.023304405858019253
13,4.55,random,0.7,0.7195416366641262,163,1,0.033790360440845
13,4.55,random,0.9,0.9114466164496646,229,1,0.04301800047373165
13,4.55,random,0.95,0.9705340316528259,240,1,0.04455594047921276
13,4.55,random,0.99,0.9904538984976534,244,1,0.04511519139029681
13,4.55,local,0.1,0.24971232694161669,1,1,0.011140698541941383
13,4.55,local,0.3,0.3092806580997341,2,1,0.011280511269712393
13,4.55,local,0.5,0.5036393611462895,6,1,0.011839762180796434
13,4.55,local,0.7,0.7098208850648782,89,1,0.02344421858579026
13,4.55,local,0.9,0.902444646952562,147,1,0.031553356796508836
13,4.55,local,0.95,0.9714642274640317,217,1,0.041340247740479535
13,4.55,local,0.99,0.9907338366371401,229,1,0.04301800047373165
13,4.55,hot-cold,0.1,0.24971232694161669,1,1,0.011140698541941383
13,4.55,hot-cold,0.3,0.30998011324654207,6,1,0.011839762180796434
13,4.55,hot-cold,0.5,0.5132215095403108,21,1,0.013936953097361583
13,4.55,hot-cold,0.7,0.7110358192393178,44,1,0.017152645836094813
13,4.55,hot-cold,0.9,0.9000662420103815,74,1,0.02134702766922511
13,4.55,hot-cold,0.95,0.9500134232176453,117,1,0.027358974963378538
13,4.55,hot-cold,0.99,0.9901670449530652,166,1,0.03420979862415803
13,9.19,random,0.1,0.5685964225674537,1,1,0.011140698541941383
13,9.19,random,0.3,0.5685964225674537,1,1,0.011140698541941383
13,9.19,random,0.5,0.5685964225674537,1,1,0.011140698541941383
13,9.19,random,0.7,0.7006459648471691,35,1,0.015894331286155722
13,9.19,random,0.9,0.9058126610018016,125,1,0.028477476785546622
13,9.19,random,0.95,0.9506598928245202,187,1,0.03714586590734924
13,9.19,random,0.99,0.99857680766137,246,1,0.04539481684583883
13,9.19,local,0.1,0.5685964225674537,1,1,0.011140698541941383
13,9.19,local,0.3,0.5685964225674537,1,1,0.011140698541941383
13,9.19,local,0.5,0.5685964225674537,1,1,0.011140698541941383
13,9.19,local,0.7,0.7012283021172843,29,1,0.015055454919529664
13,9.19,local,0.9,0.9011846534766598,83,1,0.0226053422191642
13,9.19,local,0.95,0.9505252252343518,109,1,0.02624047314121046
13,9.19,local,0.99,0.9907407867059874,171,1,0.034908862263013075
13,9.19,hot-cold,0.1,0.5685964225674537,1,1,0.011140698541941383
13,9.19,hot-cold,0.3,0.5685964225674537,1,1,0.011140698541941383
13,9.19,hot-cold,0.5,0.5685964225674537,1,1,0.011140698541941383
13,9.19,hot-cold,0.7,0.7150340831093707,24,1,0.014356391280674613
13,9.19,hot-cold,0.9,0.9014580478505541,64,1,0.019948900391515013
13,9.19,hot-cold,0.95,0.957947788762721,83,1,0.0226053422191642
13,9.19,hot-cold,0.99,0.9900133088869427,147,1,0.031553356796508836
14,1.07,random,0.1,0.10207835332906284,15,1,0.013098076730735523
14,1.07,random,0.3,0.3008927403634291,65,1,0.02008871311928602
14,1.07,random,0.5,0.5058720804867791,117,1,0.027358974963378538
14,1.07,random,0.7,0.7008174459432943,170,1,0.03476904953524207
14,1.07,random,0.9,0.9003148784093313,218,1,0.04148006046825055
14,1.07,random,0.95,0.9503015554249901,236,1,0.04399668956812872
14,1.07,random,0.99,0.9918220277249733,248,1,0.045674442301380846
14,1.07,local,0.1,0.11350072585195803,5,1,0.011699949453025424
14,1.07,local,0.3,0.3051283670686115,27,1,0.014775829463987642
14,1.07,local,0.5,0.5043643359798067,55,1,0.018690585841575923
14,1.07,local,0.7,0.702351877890358,109,1,0.02624047314121046
14,1.07,local,0.9,0.900317295765385,160,1,0.033370922257531965
14,1.07,local,0.95,0.9509239650982357,193,1,0.037984742273975296
14,1.07,local,0.99,0.9908868984460601,249,1,0.04581425502915185
14,1.07,hot-cold,0.1,0.10594792911573368,8,1,0.012119387636338453
14,1.07,hot-cold,0.3,0.3022858689239604,35,1,0.015894331286155722
14,1.07,hot-cold,0.5,0.5011795040563215,65,1,0.02008871311928602
14,1.07,hot-cold,0.7,0.7011657082268534,105,1,0.02568122223012642
14,1.07,hot-cold,0.9,0.9013012504262741,185,1,0.03686624045180722
14,1.07,hot-cold,0.95,0.952945535174803,210,1,0.040361558646082464
14,1.07,hot-cold,0.99,0.9906840790084935,242,1,0.04483556593475478
14,1.25,random,0.1,0.10161819576010699,17,1,0.013377702186277544
14,1.25,random,0.3,0.30110585143994584,67,1,0.02036833857482804
14,1.25,random,0.5,0.5019750159892348,116,1,0.02721916223560753
14,1.25,random,0.7,0.702987669200086,179,1,0.03602736408518116
14,1.25,random,0.9,0.9034759033694346,226,1,0.042598562290418626
14,1.25,random,0.95,0.9557954524782025,243,1,0.044975378662525795
14,1.25,random,0.99,0.9915512073137102,251,1,0.04609388048469387
14,1.25,local,0.1,0.11954955474106996,4,1,0.011560136725254414
14,1.25,local,0.3,0.30168427190945707,20,1,0.013797140369590573
14,1.25,local,0.5,0.5001833855300828,84,1,0.02274515494693521
14,1.25,local,0.7,0.7015445573393949,162,1,0.03365054771307399
14,1.25,local,0.9,0.9048743725171126,237,1,0.044136502295899736
14,1.25,local,0.95,0.9508968082414516,245,1,0.045255004118067814
14,1.25,local,0.99,0.9917788859627554,252,1,0.046233693212464885
14,1.25,hot-cold,0.1,0.11576853525564128,5,1,0.011699949453025424
14,1.25,hot-cold,0.3,0.3030845944711536,26,1,0.014636016736216633
14,1.25,hot-cold,0.5,0.503061687620024,63,1,0.019809087663744
14,1.25,hot-cold,0.7,0.7017358864445076,102,1,0.02526178404681339
14,1.25,hot-cold,0.9,0.90121654283948,175,1,0.03546811317409712
14,1.25,hot-cold,0.95,0.9500178054974648,210,1,0.040361558646082464
14,1.25,hot-cold,0.99,0.9906184759327298,246,1,0.04539481684583883
14,1.44,random,0.1,0.10759455113821412,10,1,0.012399013091880472
14,1.44,random,0.3,0.3017219046313837,54,1,0.018550773113804913
14,1.44,random,0.5,0.5031243449876729,95,1,0.02428309495241632
14,1.44,random,0.7,0.7007323313706855,151,1,0.03211260770759288
14,1.44,random,0.9,0.9046967329742408,221,1,0.041899498651563574
14,1.44,random,0.95,0.9536628467198555,237,1,0.044136502295899736
14,1.44,random,0.99,0.9939927781803427,253,1,0.04637350594023589
14,1.44,local,0.1,0.10269359544839689,4,1,0.011560136725254414
14,1.44,local,0.3,0.3114337609384784,15,1,0.013098076730735523
14,1.44,local,0.5,0.5003830530328627,77,1,0.021766465852538143
14,1.44,local,0.7,0.7055241544386405,134,1,0.029735791335485706
14,1.44,local,0.9,0.9071355178531731,187,1,0.03714586590734924
14,1.44,local,0.95,0.9503106406330641,214,1,0.04092080955716651
14,1.44,local,0.99,0.9900776244311744,244,1,0.04511519139029681
14,1.44,hot-cold,0.1,0.11801184143616786,5,1,0.011699949453025424
14,1.44,hot-cold,0.3,0.3039241852323492,25,1,0.014496204008445623
14,1.44,hot-cold,0.5,0.5015616375694842,51,1,0.018131334930491884
14,1.44,hot-cold,0.7,0.702448513091623,97,1,0.02456272040795834
14,1.44,hot-cold,0.9,0.9047579873195175,174,1,0.03532830044632611
14,1.44,hot-cold,0.95,0.9501645711927472,204,1,0.039522682279456406
14,1.44,hot-cold,0.99,0.9902978194424629,244,1,0.04511519139029681
14,2.48,random,0.1,0.10126990968361783,1,1,0.011140698541941383
14,2.48,random,0.3,0.3015466999810522,46,1,0.017432271291636832
14,2.48,random,0.5,0.5020248697880986,98,1,0.02470253313572935
14,2.48,random,0.7,0.7089850666317127,162,1,0.03365054771307399
14,2.48,random,0.9,0.9153555423932175,232,1,0.043437438657044684
14,2.48,random,0.95,0.9589005861747854,240,1,0.04455594047921276
14,2.48,random,0.99,0.992333319085015,247,1,0.04553462957360983
14,2.48,local,0.1,0.10126990968361783,1,1,0.011140698541941383
14,2.48,local,0.3,0.3075657162025821,7,1,0.011979574908567443
14,2.48,local,0.5,0.5004758018073378,30,1,0.015195267647300673
14,2.48,local,0.7,0.7068367566426512,36,2,0.027035029828097107
14,2.48,local,0.9,0.9039166055582648,162,1,0.03365054771307399
14,2.48,local,0.95,0.9517811182703112,190,1,0.03756530409066227
14,2.48,local,0.99,0.9906048597662095,214,1,0.04092080955716651
14,2.48,hot-cold,0.1,0.10126990968361783,1,1,0.011140698541941383
14,2.48,hot-cold,0.3,0.30728920059010023,10,1,0.012399013091880472
14,2.48,hot-cold,0.5,0.5100843527537545,30,1,0.015195267647300673
14,2.48,hot-cold,0.7,0.7094664933596415,57,1,0.018970211297117942
14,2.48,hot-cold,0.9,0.9042633252758285,114,1,0.026939536780065512
14,2.48,hot-cold,0.95,0.9505946015050967,142,1,0.03085429315765379
14,2.48,hot-cold,0.99,0.9919159535610546,204,1,0.039522682279456406
14,3.3,random,0.1,0.17868573316566352,1,1,0.011140698541941383
14,3.3,random,0.3,0.3386601599128374,49,1,0.01785170947494986
14,3.3,random,0.5,0.50761233988313,114,1,0.026939536780065512
14,3.3,random,0.7,0.7011251041026799,163,1,0.033790360440845
14,3.3,random,0.9,0.9101696313014249,230,1,0.043157813201502665
14,3.3,random,0.95,0.9572008953967989,237,1,0.044136502295899736
14,3.3,random,0.99,0.9935098339642915,251,1,0.04609388048469387
14,3.3,local,0.1,0.17868573316566352,1,1,0.011140698541941383
14,3.3,local,0.3,0.3088292113273202,4,1,0.011560136725254414
14,3.3,local,0.5,0.5016609634692956,12,1,0.012678638547422494
14,3.3,local,0.7,0.7004812463248759,100,1,0.02498215859127137
14,3.3,local,0.9,0.9082338423171641,160,1,0.033370922257531965
14,3.3,local,0.95,0.9535947819753983,164,1,0.03393017316861601
14,3.3,local,0.99,0.990051456958243,203,1,0.0393828695516854
14,3.3,hot-cold,0.1,0.17868573316566352,1,1,0.011140698541941383
14,3.3,hot-cold,0.3,0.3398674451464839,18,1,0.013517514914048553
14,3.3,hot-cold,0.5,0.5035635920673744,38,1,0.016313769469468754
14,3.3,hot-cold,0.7,0.7288653891103413,62,1,0.019669274935972994
14,3.3,hot-cold,0.9,0.9004098201313804,118,1,0.02749878769114955
14,3.3,hot-cold,0.95,0.9511982130019109,152,1,0.03225242043536389
14,3.3,hot-cold,0.99,0.9902140929369713,212,1,0.04064118410162449
14,4.55,random,0.1,0.26426422101447594,1,1,0.011140698541941383
14,4.55,random,0.3,0.33574224794565377,14,1,0.012958264002964513
14,4.55,random,0.5,0.5068941483160487,49,1,0.01785170947494986
14,4.55,random,0.7,0.700109175390717,124,1,0.02833766405777561
14,4.55,random,0.9,0.9008038378352805,206,1,0.039802307734998425
14,4.55,random,0.95,0.9518104343245914,230,1,0.043157813201502665
14,4.55,random,0.99,0.9907030360571678,246,1,0.04539481684583883
14,4.55,local,0.1,0.26426422101447594,1,1,0.011140698541941383
14,4.55,local,0.3,0.32811313530930286,2,1,0.011280511269712393
14,4.55,local,0.5,0.5004965551459241,24,1,0.014356391280674613
14,4.55,local,0.7,0.7084271431729324,109,1,0.02624047314121046
14,4.55,local,0.9,0.9044632043037786,215,1,0.041060622284937516
14,4.55,local,0.95,0.9503346014007835,224,1,0.04231893683487661
14,4.55,local,0.99,0.9909625690869319,246,1,0.04539481684583883
14,4.55,hot-cold,0.1,0.26426422101447594,1,1,0.011140698541941383
14,4.55,hot-cold,0.3,0.30389046300108435,3,1,0.011420323997483403
14,4.55,hot-cold,0.5,0.5148679377102241,17,1,0.013377702186277544
14,4.55,hot-cold,0.7,0.7014011489235791,52,1,0.01827114765826289
14,4.55,hot-cold,0.9,0.9000294679524024,104,1,0.02554140950235541
14,4.55,hot-cold,0.95,0.9516415480775089,155,1,0.03267185861867692
14,4.55,hot-cold,0.99,0.9901593210805207,217,1,0.041340247740479535
14,9.19,random,0.1,0.43844678643322554,1,1,0.011140698541941383
14,9.19,random,0.3,0.43844678643322554,1,1,0.011140698541941383
14,9.19,random,0.5,0.8194168868282814,60,1,0.01938964948043097
14,9.19,random,0.7,0.8194168868282814,60,1,0.01938964948043097
14,9.19,random,0.9,0.9187322220869563,61,2,0.030530348022372356
14,9.19,random,0.95,0.9658360677813354,171,1,0.034908862263013075
14,9.19,random,0.99,0.9902982537905631,224,1,0.04231893683487661
14,9.19,local,0.1,0.43844678643322554,1,1,0.011140698541941383
14,9.19,local,0.3,0.43844678643322554,1,1,0.011140698541941383
14,9.19,local,0.5,0.5036026464851133,23,1,0.014216578552903602
14,9.19,local,0.7,0.8004538513976203,2,2,0.022281397083882767
14,9.19,local,0.9,0.9096552841775234,4,2,0.022561022539424786
14,9.19,local,0.95,0.9510812722631898,15,2,0.024098962544905896
14,9.19,local,0.99,0.9900906552531379,38,2,0.027314655283639126
14,9.19,hot-cold,0.1,0.43844678643322554,1,1,0.011140698541941383
14,9.19,hot-cold,0.3,0.43844678643322554,1,1,0.011140698541941383
14,9.19,hot-cold,0.5,0.5439410173463828,12,1,0.012678638547422494
14,9.19,hot-cold,0.7,0.9294667255915371,34,1,0.015754518558384712
14,9.19,hot-cold,0.9,0.9294667255915371,34,1,0.015754518558384712
14,9.19,hot-cold,0.95,0.9511400196325195,46,1,0.017432271291636832
14,9.19,hot-cold,0.99,0.9903647340338106,100,1,0.02498215859127137
15,1.07,random,0.1,0.10154961939995893,13,1,0.012818451275193503
15,1.07,random,0.3,0.3007242248806548,60,1,0.01938964948043097
15,1.07,random,0.5,0.5021748171971733,111,1,0.02652009859675248
15,1.07,random,0.7,0.7005283412471127,168,1,0.03448942407970005
15,1.07,random,0.9,0.9025278168966466,230,1,0.043157813201502665
15,1.07,random,0.95,0.9504242560800575,238,1,0.04427631502367074
15,1.07,random,0.99,0.9919843156070443,252,1,0.046233693212464885
15,1.07,local,0.1,0.10023752530965098,4,1,0.011560136725254414
15,1.07,local,0.3,0.3004122162818765,29,1,0.015055454919529664
15,1.07,local,0.5,0.5088023406472193,65,1,0.02008871311928602
15,1.07,local,0.7,0.7016263636787898,117,1,0.027358974963378538
15,1.07,local,0.9,0.900212011007755,196,1,0.03840418045728833
15,1.07,local,0.95,0.9514800528265325,220,1,0.04175968592379257
15,1.07,local,0.99,0.9906712172581762,245,1,0.045255004118067814
15,1.07,hot-cold,0.1,0.10374960050516402,9,1,0.012259200364109463
15,1.07,hot-cold,0.3,0.3035595473305766,36,1,0.01603414401392673
15,1.07,hot-cold,0.5,0.5016896215009494,67,1,0.02036833857482804
15,1.07,hot-cold,0.7,0.7004209414435203,115,1,0.02707934950783652
15,1.07,hot-cold,0.9,0.9042648718838829,194,1,0.03812455500174631
15,1.07,hot-cold,0.95,0.9509984811670062,220,1,0.04175968592379257
15,1.07,hot-cold,0.99,0.9900948488933786,248,1,0.045674442301380846
15,1.25,random,0.1,0.10385031052858895,14,1,0.012958264002964513
15,1.25,random,0.3,0.30388886138282944,68,1,0.020508151302599052
15,1.25,random,0.5,0.5036882059979361,120,1,0.02777841314669157
15,1.25,random,0.7,0.700240240065944,177,1,0.03574773862963914
15,1.25,random,0.9,0.9099021885934957,231,1,0.04329762592927368
15,1.25,random,0.95,0.9508477304679797,241,1,0.044695753206983775
15,1.25,random,0.99,0.9903805568320595,251,1,0.04609388048469387
15,1.25,local,0.1,0.11253255259084236,5,1,0.011699949453025424
15,1.25,local,0.3,0.301780679336788,27,1,0.014775829463987642
15,1.25,local,0.5,0.5013692779504919,108,1,0.02610066041343945
15,1.25,local,0.7,0.7041968823069084,108,2,0.037101546227609826
15,1.25,local,0.9,0.9079671435820104,239,1,0.044416127751441756
15,1.25,local,0.95,0.9508244313065709,244,1,0.04511519139029681
15,1.25,local,0.99,0.9914174562710936,254,1,0.046513318668006905
15,1.25,hot-cold,0.1,0.10016951056657827,7,1,0.011979574908567443
15,1.25,hot-cold,0.3,0.30104611803950815,30,1,0.015195267647300673
15,1.25,hot-cold,0.5,0.5035566386575727,57,1,0.018970211297117942
15,1.25,hot-cold,0.7,0.7029273942544547,97,1,0.02456272040795834
15,1.25,hot-cold,0.9,0.9000466814783787,166,1,0.03420979862415803
15,1.25,hot-cold,0.95,0.9524252114763869,203,1,0.0393828695516854
15,1.25,hot-cold,0.99,0.9908188743860207,243,1,0.044975378662525795
15,1.44,random,0.1,0.10415470528746262,8,1,0.012119387636338453
15,1.44,random,0.3,0.3029219954680954,65,1,0.02008871311928602
15,1.44,random,0.5,0.5006195410062446,124,1,0.02833766405777561
15,1.44,random,0.7,0.7158960511332202,181,1,0.03630698954072318
15,1.44,random,0.9,0.9012815173485436,229,1,0.04301800047373165
15,1.44,random,0.95,0.9508714499266532,242,1,0.04483556593475478
15,1.44,random,0.99,0.9963364798724483,254,1,0.046513318668006905
15,1.44,local,0.1,0.11471179035586784,4,1,0.011560136725254414
15,1.44,local,0.3,0.30317524218287084,14,1,0.012958264002964513
15,1.44,local,0.5,0.5024653591682484,43,1,0.017012833108323803
15,1.44,local,0.7,0.7025994283649124,123,1,0.028197851330004603
15,1.44,local,0.9,0.9007106396829514,184,1,0.036726427724036205
15,1.44,local,0.95,0.9550103104240578,213,1,0.0407809968293955
15,1.44,local,0.99,0.990775061967381,240,1,0.04455594047921276
15,1.44,hot-cold,0.1,0.10511835012851728,3,1,0.011420323997483403
15,1.44,hot-cold,0.3,0.3032239988216862,29,1,0.015055454919529664
15,1.44,hot-cold,0.5,0.5101038950301119,58,1,0.019110024024888952
15,1.44,hot-cold,0.7,0.7012209748876331,96,1,0.02442290768018733
15,1.44,hot-cold,0.9,0.9018882124834771,172,1,0.03504867499078409
15,1.44,hot-cold,0.95,0.9516960163539003,211,1,0.04050137137385348
15,1.44,hot-cold,0.99,0.9910470695403792,244,1,0.04511519139029681
15,2.48,random,0.1,0.10115342579346158,6,1,0.011839762180796434
15,2.48,random,0.3,0.30372920638245016,39,1,0.01645358219723976
15,2.48,random,0.5,0.5035992390221797,90,1,0.023584031313561273
15,2.48,random,0.7,0.7028828787136315,161,1,0.03351073498530298
15,2.48,random,0.9,0.9035656714628995,220,1,0.04175968592379257
15,2.48,random,0.95,0.9520391470387239,238,1,0.04427631502367074
15,2.48,random,0.99,0.9933285611984739,251,1,0.04609388048469387
15,2.48,local,0.1,0.1543870782779886,2,1,0.011280511269712393
15,2.48,local,0.3,0.3099533202323808,9,1,0.012259200364109463
15,2.48,local,0.5,0.5047913868130645,21,1,0.013936953097361583
15,2.48,local,0.7,0.7054659406989139,34,1,0.015754518558384712
15,2.48,local,0.9,0.9012485193425956,89,2,0.03444510439996064
15,2.48,local,0.95,0.9502603068855071,151,2,0.04311349352176325
15,2.48,local,0.99,0.99153660167611,249,1,0.04581425502915185
15,2.48,hot-cold,0.1,0.1543870782779886,2,1,0.011280511269712393
15,2.48,hot-cold,0.3,0.3007753982575998,10,1,0.012399013091880472
15,2.48,hot-cold,0.5,0.505680688531394,27,1,0.014775829463987642
15,2.48,hot-cold,0.7,0.7074750570497309,58,1,0.019110024024888952
15,2.48,hot-cold,0.9,0.9118288922672299,120,1,0.02777841314669157
15,2.48,hot-cold,0.95,0.9506143585850522,152,1,0.03225242043536389
15,2.48,hot-cold,0.99,0.9900408068458975,217,1,0.041340247740479535
15,3.3,random,0.1,0.125788317559917,1,1,0.011140698541941383
15,3.3,random,0.3,0.3383059143842886,11,1,0.012538825819651484
15,3.3,random,0.5,0.5002685741392263,75,1,0.021486840396996124
15,3.3,random,0.7,0.710536954109566,149,1,0.03183298225205086
15,3.3,random,0.9,0.9114886702703793,212,1,0.04064118410162449
15,3.3,random,0.95,0.950218746659001,235,1,0.04385687684035772
15,3.3,random,0.99,0.9977603851394414,249,1,0.04581425502915185
15,3.3,local,0.1,0.125788317559917,1,1,0.011140698541941383
15,3.3,local,0.3,0.30244340556329685,4,1,0.011560136725254414
15,3.3,local,0.5,0.5145230014769391,14,1,0.012958264002964513
15,3.3,local,0.7,0.709696300290516,38,1,0.016313769469468754
15,3.3,local,0.9,0.9010554060472639,65,2,0.031089598933456395
15,3.3,local,0.95,0.9512670380438698,96,2,0.0354237934943577
15,3.3,local,0.99,0.9900761419291083,238,1,0.04427631502367074
15,3.3,hot-cold,0.1,0.125788317559917,1,1,0.011140698541941383
15,3.3,hot-cold,0.3,0.301887135704492,12,1,0.012678638547422494
15,3.3,hot-cold,0.5,0.5058961555793395,28,1,0.014915642191758654
15,3.3,hot-cold,0.7,0.7099232686582999,44,1,0.017152645836094813
15,3.3,hot-cold,0.9,0.9002118090376189,96,1,0.02442290768018733
15,3.3,hot-cold,0.95,0.9520311604776664,114,1,0.026939536780065512
15,3.3,hot-cold,0.99,0.9900478873624716,191,1,0.037705116818433276
15,4.55,random,0.1,0.19861919371883954,1,1,0.011140698541941383
15,4.55,random,0.3,0.31739947684948744,41,1,0.016733207652781783
15,4.55,random,0.5,0.5327527912024319,88,1,0.023304405858019253
15,4.55,random,0.7,0.7020352727793099,141,1,0.030714480429882778
15,4.55,random,0.9,0.9453739138129499,222,1,0.04203931137933459
15,4.55,random,0.95,0.9549767696700071,223,1,0.042179124107105594
15,4.55,random,0.99,0.9901140655430486,240,1,0.04455594047921276
15,4.55,local,0.1,0.19861919371883954,1,1,0.011140698541941383
15,4.55,local,0.3,0.3006937801117764,5,1,0.011699949453025424
15,4.55,local,0.5,0.5552397387736121,12,1,0.012678638547422494
15,4.55,local,0.7,0.7053526630910312,47,1,0.01757208401940784
15,4.55,local,0.9,0.9007151869007674,67,2,0.03136922438899842
15,4.55,local,0.95,0.9595526773956552,170,1,0.03476904953524207
15,4.55,local,0.99,0.9910120400299295,177,1,0.03574773862963914
15,4.55,hot-cold,0.1,0.19861919371883954,1,1,0.011140698541941383
15,4.55,hot-cold,0.3,0.3647766906611646,9,1,0.012259200364109463
15,4.55,hot-cold,0.5,0.5027427083925466,13,1,0.012818451275193503
15,4.55,hot-cold,0.7,0.7006519398631129,37,1,0.01617395674169774
15,4.55,hot-cold,0.9,0.9003267796289689,113,1,0.0267997240522945
15,4.55,hot-cold,0.95,0.959229673278785,123,1,0.028197851330004603
15,4.55,hot-cold,0.99,0.9901008543089479,173,1,0.0351884877185551
15,9.19,random,0.1,0.4319146771956072,1,1,0.011140698541941383
15,9.19,random,0.3,0.4319146771956072,1,1,0.011140698541941383
15,9.19,random,0.5,0.7770914203023804,30,1,0.015195267647300673
15,9.19,random,0.7,0.7770914203023804,30,1,0.015195267647300673
15,9.19,random,0.9,0.9414558006873089,31,2,0.026335966189242055
15,9.19,random,0.95,0.9515186544961983,51,2,0.029132220744662256
15,9.19,random,0.99,0.9985114080146693,159,1,0.03323110952976096
15,9.19,local,0.1,0.4319146771956072,1,1,0.011140698541941383
15,9.19,local,0.3,0.4319146771956072,1,1,0.011140698541941383
15,9.19,local,0.5,0.7770815620238014,2,1,0.011280511269712393
15,9.19,local,0.7,0.7770815620238014,2,1,0.011280511269712393
15,9.19,local,0.9,0.9414459424087299,3,1,0.011420323997483403
15,9.19,local,0.95,0.9707191180814588,7,1,0.011979574908567443
15,9.19,local,0.99,0.9971015572499005,16,1,0.013237889458506534
15,9.19,hot-cold,0.1,0.4319146771956072,1,1,0.011140698541941383
15,9.19,hot-cold,0.3,0.4319146771956072,1,1,0.011140698541941383
15,9.19,hot-cold,0.5,0.5096434469344248,8,1,0.012119387636338453
15,9.19,hot-cold,0.7,0.8021814969134196,15,1,0.013098076730735523
15,9.19,hot-cold,0.9,0.9666580590196503,22,1,0.014076765825132592
15,9.19,hot-cold,0.95,0.9666580590196503,22,1,0.014076765825132592
15,9.19,hot-cold,0.99,0.996025573923172,38,1,0.016313769469468754
16,1.07,random,0.1,0.10218479908500744,14,1,0.012958264002964513
16,1.07,random,0.3,0.30420093558126443,62,1,0.019669274935972994
16,1.07,random,0.5,0.5022610577540642,113,1,0.0267997240522945
16,1.07,random,0.7,0.7000540717099086,169,1,0.034629236807471056
16,1.07,random,0.9,0.9027611239269252,223,1,0.042179124107105594
16,1.07,random,0.95,0.955335123460717,241,1,0.044695753206983775
16,1.07,random,0.99,0.9930454208454471,253,1,0.04637350594023589
16,1.07,local,0.1,0.10550472208771895,5,1,0.011699949453025424
16,1.07,local,0.3,0.3001854540105629,26,1,0.014636016736216633
16,1.07,local,0.5,0.5003806328690931,54,1,0.018550773113804913
16,1.07,local,0.7,0.7038434357055106,138,1,0.030295042246569752
16,1.07,local,0.9,0.9012746711181336,179,1,0.03602736408518116
16,1.07,local,0.95,0.9505140266771384,204,1,0.039522682279456406
16,1.07,local,0.99,0.990098009044968,238,1,0.04427631502367074
16,1.07,hot-cold,0.1,0.10376022577708188,9,1,0.012259200364109463
16,1.07,hot-cold,0.3,0.3008725423678249,35,1,0.015894331286155722
16,1.07,hot-cold,0.5,0.5010752449477691,60,1,0.01938964948043097
16,1.07,hot-cold,0.7,0.7066199734372172,108,1,0.02610066041343945
16,1.07,hot-cold,0.9,0.9002148094867355,184,1,0.036726427724036205
16,1.07,hot-cold,0.95,0.9504411755003132,216,1,0.04120043501270853
16,1.07,hot-cold,0.99,0.9926288806607253,250,1,0.045954067756922866
16,1.25,random,0.1,0.10041985479084263,11,1,0.012538825819651484
16,1.25,random,0.3,0.3014592037477451,63,1,0.019809087663744
16,1.25,random,0.5,0.5011554784873672,113,1,0.0267997240522945
16,1.25,random,0.7,0.703202467819143,161,1,0.03351073498530298
16,1.25,random,0.9,0.9028588351232361,220,1,0.04175968592379257
16,1.25,random,0.95,0.9500581634674315,234,1,0.043717064112586704
16,1.25,random,0.99,0.9901139291821608,250,1,0.045954067756922866
16,1.25,local,0.1,0.11489120667824311,4,1,0.011560136725254414
16,1.25,local,0.3,0.30504756572329983,65,1,0.02008871311928602
16,1.25,local,0.5,0.5022646231388331,113,1,0.0267997240522945
16,1.25,local,0.7,0.7031908391062974,174,1,0.03532830044632611
16,1.25,local,0.9,0.9053998206366228,228,1,0.042878187745960646
16,1.25,local,0.95,0.9508170415247578,238,1,0.04427631502367074
16,1.25,local,0.99,0.9907320378222276,253,1,0.04637350594023589
16,1.25,hot-cold,0.1,0.10111110261203163,7,1,0.011979574908567443
16,1.25,hot-cold,0.3,0.3054625820941275,30,1,0.015195267647300673
16,1.25,hot-cold,0.5,0.5012114027732222,62,1,0.019669274935972994
16,1.25,hot-cold,0.7,0.7102309942339576,110,1,0.02638028586898147
16,1.25,hot-cold,0.9,0.9023077898293902,169,1,0.034629236807471056
16,1.25,hot-cold,0.95,0.9501510038043756,202,1,0.039243056823914386
16,1.25,hot-cold,0.99,0.9907452999922631,245,1,0.045255004118067814
16,1.44,random,0.1,0.1043295736697005,7,1,0.011979574908567443
16,1.44,random,0.3,0.3056766044030873,58,1,0.019110024024888952
16,1.44,random,0.5,0.5015075899598729,114,1,0.026939536780065512
16,1.44,random,0.7,0.7015415445241776,175,1,0.03546811317409712
16,1.44,random,0.9,0.9003502194436375,228,1,0.042878187745960646
16,1.44,random,0.95,0.9505971380773164,243,1,0.044975378662525795
16,1.44,random,0.99,0.9910646000048748,253,1,0.04637350594023589
16,1.44,local,0.1,0.1134361399383561,3,1,0.011420323997483403
16,1.44,local,0.3,0.30222109850531653,26,1,0.014636016736216633
16,1.44,local,0.5,0.5064679077797205,55,1,0.018690585841575923
16,1.44,local,0.7,0.7005721494978875,81,1,0.022325716763622182
16,1.44,local,0.9,0.9006013278370822,170,1,0.03476904953524207
16,1.44,local,0.95,0.9508166164579147,209,1,0.04022174591831146
16,1.44,local,0.99,0.9907512874251782,242,1,0.04483556593475478
16,1.44,hot-cold,0.1,0.13085564773809902,6,1,0.011839762180796434
16,1.44,hot-cold,0.3,0.31346318142297347,21,1,0.013936953097361583
16,1.44,hot-cold,0.5,0.5048709665780902,54,1,0.018550773113804913
16,1.44,hot-cold,0.7,0.7070888432130342,97,1,0.02456272040795834
16,1.44,hot-cold,0.9,0.9006958818426416,175,1,0.03546811317409712
16,1.44,hot-cold,0.95,0.950791213498605,210,1,0.040361558646082464
16,1.44,hot-cold,0.99,0.9915098317785163,245,1,0.045255004118067814
16,2.48,random,0.1,0.11452717610989963,1,1,0.011140698541941383
16,2.48,random,0.3,0.3029652233270943,45,1,0.017292458563865822
16,2.48,random,0.5,0.5056426030311924,108,1,0.02610066041343945
16,2.48,random,0.7,0.702921843720307,160,1,0.033370922257531965
16,2.48,random,0.9,0.9048096264748688,223,1,0.042179124107105594
16,2.48,random,0.95,0.9516093724923249,243,1,0.044975378662525795
16,2.48,random,0.99,0.9939996926822174,253,1,0.04637350594023589
16,2.48,local,0.1,0.11452717610989963,1,1,0.011140698541941383
16,2.48,local,0.3,0.3018718803884838,9,1,0.012259200364109463
16,2.48,local,0.5,0.5004704534487343,77,1,0.021766465852538143
16,2.48,local,0.7,0.704287019734181,126,1,0.02861728951331763
16,2.48,local,0.9,0.9083600212593761,165,1,0.03406998589638702
16,2.48,local,0.95,0.9503272810030097,168,1,0.03448942407970005
16,2.48,local,0.99,0.9901149948646056,229,1,0.04301800047373165
16,2.48,hot-cold,0.1,0.11452717610989963,1,1,0.011140698541941383
16,2.48,hot-cold,0.3,0.31382089611650266,18,1,0.013517514914048553
16,2.48,hot-cold,0.5,0.5018285428908592,41,1,0.016733207652781783
16,2.48,hot-cold,0.7,0.7008655643700907,75,1,0.021486840396996124
16,2.48,hot-cold,0.9,0.901448781432934,112,1,0.026659911324523493
16,2.48,hot-cold,0.95,0.9502532090090943,151,1,0.03211260770759288
16,2.48,hot-cold,0.99,0.9908272250695227,220,1,0.04175968592379257
16,3.3,random,0.1,0.11022569598747736,1,1,0.011140698541941383
16,3.3,random,0.3,0.34595090245161997,46,1,0.017432271291636832
16,3.3,random,0.5,0.504621906821161,84,1,0.02274515494693521
16,3.3,random,0.7,0.7032989545378626,85,2,0.03388585348887659
16,3.3,random,0.9,0.9027546425740439,202,1,0.039243056823914386
16,3.3,random,0.95,0.9551808511798984,224,1,0.04231893683487661
16,3.3,random,0.99,0.9902686565578996,246,1,0.04539481684583883
16,3.3,local,0.1,0.11022569598747736,1,1,0.011140698541941383
16,3.3,local,0.3,0.3313875071581402,4,1,0.011560136725254414
16,3.3,local,0.5,0.5375912878039839,13,1,0.012818451275193503
16,3.3,local,0.7,0.700469589897565,56,1,0.018830398569346932
16,3.3,local,0.9,0.9031780556739137,129,1,0.02903672769663066
16,3.3,local,0.95,0.9502139852787393,137,1,0.03015522951879874
16,3.3,local,0.99,0.9900452808516433,186,1,0.03700605317957823
16,3.3,hot-cold,0.1,0.11022569598747736,1,1,0.011140698541941383
16,3.3,hot-cold,0.3,0.3032967222456707,11,1,0.012538825819651484
16,3.3,hot-cold,0.5,0.5127314249938133,29,1,0.015055454919529664
16,3.3,hot-cold,0.7,0.7124369009618848,60,1,0.01938964948043097
16,3.3,hot-cold,0.9,0.9001353359343294,104,1,0.02554140950235541
16,3.3,hot-cold,0.95,0.9510771024202779,139,1,0.030434854974340758
16,3.3,hot-cold,0.99,0.9902236180048589,207,1,0.03994212046276944
16,4.55,random,0.1,0.24019413164303388,1,1,0.011140698541941383
16,4.55,random,0.3,0.4138986110891333,29,1,0.015055454919529664
16,4.55,random,0.5,0.5575884730379033,46,1,0.017432271291636832
16,4.55,random,0.7,0.701245732587027,118,1,0.02749878769114955
16,4.55,random,0.9,0.9020995532024506,219,1,0.041619873196021555
16,4.55,random,0.95,0.9575234839155481,235,1,0.04385687684035772
16,4.55,random,0.99,0.9939267572796877,250,1,0.045954067756922866
16,4.55,local,0.1,0.24019413164303388,1,1,0.011140698541941383
16,4.55,local,0.3,0.36904130659675405,2,1,0.011280511269712393
16,4.55,local,0.5,0.515083031269675,6,1,0.011839762180796434
16,4.55,local,0.7,0.7033381382198881,32,1,0.015474893102842693
16,4.55,local,0.9,0.9000644115576194,92,1,0.023863656769103292
16,4.55,local,0.95,0.9504932569121562,98,2,0.03570341894989972
16,4.55,local,0.99,0.9914307657091258,237,1,0.044136502295899736
16,4.55,hot-cold,0.1,0.24019413164303388,1,1,0.011140698541941383
16,4.55,hot-cold,0.3,0.4085814374241522,6,1,0.011839762180796434
16,4.55,hot-cold,0.5,0.5014644476482237,18,1,0.013517514914048553
16,4.55,hot-cold,0.7,0.7263708660685143,42,1,0.016873020380552793
16,4.55,hot-cold,0.9,0.900540473771625,100,1,0.02498215859127137
16,4.55,hot-cold,0.95,0.9505516298148041,123,1,0.028197851330004603
16,4.55,hot-cold,0.99,0.9901925010556464,210,1,0.040361558646082464
16,9.19,random,0.1,0.42330697537307616,1,1,0.011140698541941383
16,9.19,random,0.3,0.42330697537307616,1,1,0.011140698541941383
16,9.19,random,0.5,0.5000152986824083,15,1,0.013098076730735523
16,9.19,random,0.7,0.9239516460071963,61,1,0.01952946220820198
16,9.19,random,0.9,0.9239516460071963,61,1,0.01952946220820198
16,9.19,random,0.95,0.950045721229137,86,1,0.02302478040247723
16,9.19,random,0.99,0.99054951321009,191,1,0.037705116818433276
16,9.19,local,0.1,0.42330697537307616,1,1,0.011140698541941383
16,9.19,local,0.3,0.42330697537307616,1,1,0.011140698541941383
16,9.19,local,0.5,0.8324393323067871,3,1,0.011420323997483403
16,9.19,local,0.7,0.8324393323067871,3,1,0.011420323997483403
16,9.19,local,0.9,0.9695913641821171,9,1,0.012259200364109463
16,9.19,local,0.95,0.9695913641821171,9,1,0.012259200364109463
16,9.19,local,0.99,0.9900752988607789,68,1,0.020508151302599052
16,9.19,hot-cold,0.1,0.42330697537307616,1,1,0.011140698541941383
16,9.19,hot-cold,0.3,0.42330697537307616,1,1,0.011140698541941383
16,9.19,hot-cold,0.5,0.8130643192922795,9,1,0.012259200364109463
16,9.19,hot-cold,0.7,0.8130643192922795,9,1,0.012259200364109463
16,9.19,hot-cold,0.9,0.9071880871899657,44,1,0.017152645836094813
16,9.19,hot-cold,0.95,0.9851872842091622,50,1,0.01799152220272087
16,9.19,hot-cold,0.99,0.9908526016050135,57,1,0.018970211297117942
17,1.07,random,0.1,0.1072142366052089,13,1,0.012818451275193503
17,1.07,random,0.3,0.30008302998961256,56,1,0.018830398569346932
17,1.07,random,0.5,0.5011368347056159,117,1,0.027358974963378538
17,1.07,random,0.7,0.7007066746868792,166,1,0.03420979862415803
17,1.07,random,0.9,0.902568914183886,227,1,0.04273837501818963
17,1.07,random,0.95,0.9543515931060869,241,1,0.044695753206983775
17,1.07,random,0.99,0.9903231778672077,251,1,0.04609388048469387
17,1.07,local,0.1,0.10157379384059634,5,1,0.011699949453025424
17,1.07,local,0.3,0.3027446304463691,25,1,0.014496204008445623
17,1.07,local,0.5,0.501350990826152,58,1,0.019110024024888952
17,1.07,local,0.7,0.7021047902301399,103,1,0.025401596774584402
17,1.07,local,0.9,0.9031491828541437,203,1,0.0393828695516854
17,1.07,local,0.95,0.9514410951075504,220,1,0.04175968592379257
17,1.07,local,0.99,0.9912268243752477,250,1,0.045954067756922866
17,1.07,hot-cold,0.1,0.10137032845562767,8,1,0.012119387636338453
17,1.07,hot-cold,0.3,0.30087519115228506,34,1,0.015754518558384712
17,1.07,hot-cold,0.5,0.505806508196707,62,1,0.019669274935972994
17,1.07,hot-cold,0.7,0.7014783282678861,105,1,0.02568122223012642
17,1.07,hot-cold,0.9,0.9014133293012957,177,1,0.03574773862963914
17,1.07,hot-cold,0.95,0.9501394904152789,210,1,0.040361558646082464
17,1.07,hot-cold,0.99,0.9905309098574833,245,1,0.045255004118067814
17,1.25,random,0.1,0.10941482751871051,13,1,0.012818451275193503
17,1.25,random,0.3,0.30101559729854604,62,1,0.019669274935972994
17,1.25,random,0.5,0.5006671916621698,115,1,0.02707934950783652
17,1.25,random,0.7,0.703497267925723,165,1,0.03406998589638702
17,1.25,random,0.9,0.9005515109323117,219,1,0.041619873196021555
17,1.25,random,0.95,0.9512476259826432,235,1,0.04385687684035772
17,1.25,random,0.99,0.9910587118245195,249,1,0.04581425502915185
17,1.25,local,0.1,0.12402678873527184,5,1,0.011699949453025424
17,1.25,local,0.3,0.30484985745615506,16,1,0.013237889458506534
17,1.25,local,0.5,0.500222286300943,90,1,0.023584031313561273
17,1.25,local,0.7,0.7032794003816314,130,1,0.029176540424401667
17,1.25,local,0.9,0.9022346480783329,208,1,0.040081933190540445
17,1.25,local,0.95,0.9500543444440026,234,1,0.043717064112586704
17,1.25,local,0.99,0.9904689341246015,252,1,0.046233693212464885
17,1.25,hot-cold,0.1,0.10967676816505101,8,1,0.012119387636338453
17,1.25,hot-cold,0.3,0.3035397811509714,30,1,0.015195267647300673
17,1.25,hot-cold,0.5,0.5053059997768277,57,1,0.018970211297117942
17,1.25,hot-cold,0.7,0.7002512739455311,97,1,0.02456272040795834
17,1.25,hot-cold,0.9,0.9002855572462286,170,1,0.03476904953524207
17,1.25,hot-cold,0.95,0.9501825660498059,203,1,0.0393828695516854
17,1.25,hot-cold,0.99,0.9913679154150243,242,1,0.04483556593475478
17,1.44,random,0.1,0.11415474118352464,16,1,0.013237889458506534
17,1.44,random,0.3,0.30054747639662777,56,1,0.018830398569346932
17,1.44,random,0.5,0.5013147682767716,108,1,0.02610066041343945
17,1.44,random,0.7,0.7062378605105888,163,1,0.033790360440845
17,1.44,random,0.9,0.9021118101851388,224,1,0.04231893683487661
17,1.44,random,0.95,0.9519387184061583,241,1,0.044695753206983775
17,1.44,random,0.99,0.9906574670329116,252,1,0.046233693212464885
17,1.44,local,0.1,0.11616721064948754,4,1,0.011560136725254414
17,1.44,local,0.3,0.3092466501222541,14,1,0.012958264002964513
17,1.44,local,0.5,0.500232437888269,48,1,0.01771189674717885
17,1.44,local,0.7,0.7007846308510403,138,1,0.030295042246569752
17,1.44,local,0.9,0.9010343233664129,198,1,0.03868380591283035
17,1.44,local,0.95,0.95285637675423,225,1,0.04245874956264761
17,1.44,local,0.99,0.9904759445241899,243,1,0.044975378662525795
17,1.44,hot-cold,0.1,0.12119231513355333,5,1,0.011699949453025424
17,1.44,hot-cold,0.3,0.30321015494176046,26,1,0.014636016736216633
17,1.44,hot-cold,0.5,0.5005471369571587,53,1,0.018410960386033903
17,1.44,hot-cold,0.7,0.7000725612018005,89,1,0.02344421858579026
17,1.44,hot-cold,0.9,0.9013163947764198,172,1,0.03504867499078409
17,1.44,hot-cold,0.95,0.9506111214221838,209,1,0.04022174591831146
17,1.44,hot-cold,0.99,0.9905383653321584,245,1,0.045255004118067814
17,2.48,random,0.1,0.1005089370508176,3,1,0.011420323997483403
17,2.48,random,0.3,0.3017991820707918,49,1,0.01785170947494986
17,2.48,random,0.5,0.5093720800284485,113,1,0.0267997240522945
17,2.48,random,0.7,0.7073042871035595,169,1,0.034629236807471056
17,2.48,random,0.9,0.9005348687059735,219,1,0.041619873196021555
17,2.48,random,0.95,0.9729240878028267,234,1,0.043717064112586704
17,2.48,random,0.99,0.9925401420129469,248,1,0.045674442301380846
17,2.48,local,0.1,0.1751419439649986,2,1,0.011280511269712393
17,2.48,local,0.3,0.3112332795914501,10,1,0.012399013091880472
17,2.48,local,0.5,0.5018701250758208,41,1,0.016733207652781783
17,2.48,local,0.7,0.7003634500637278,40,2,0.027594280739181146
17,2.48,local,0.9,0.901370961141627,97,2,0.035563606222128716
17,2.48,local,0.95,0.9504060947447533,218,1,0.04148006046825055
17,2.48,local,0.99,0.9918002230768412,246,1,0.04539481684583883
17,2.48,hot-cold,0.1,0.10965667251935067,2,1,0.011280511269712393
17,2.48,hot-cold,0.3,0.30754592384391255,12,1,0.012678638547422494
17,2.48,hot-cold,0.5,0.5451203929167683,30,1,0.015195267647300673
17,2.48,hot-cold,0.7,0.7012880768990903,66,1,0.020228525847057033
17,2.48,hot-cold,0.9,0.9076933800318223,134,1,0.029735791335485706
17,2.48,hot-cold,0.95,0.9505787968820701,159,1,0.03323110952976096
17,2.48,hot-cold,0.99,0.9907205415362704,218,1,0.04148006046825055
17,3.3,random,0.1,0.13739913044790528,1,1,0.011140698541941383
17,3.3,random,0.3,0.3025370859711449,30,1,0.015195267647300673
17,3.3,random,0.5,0.503477607808556,88,1,0.023304405858019253
17,3.3,random,0.7,0.7309676674604279,143,1,0.030994105885424797
17,3.3,random,0.9,0.9078049299965759,210,1,0.040361558646082464
17,3.3,random,0.95,0.9534382504582627,234,1,0.043717064112586704
17,3.3,random,0.99,0.997866057593117,250,1,0.045954067756922866
17,3.3,local,0.1,0.13739913044790528,1,1,0.011140698541941383
17,3.3,local,0.3,0.3270923602846684,4,1,0.011560136725254414
17,3.3,local,0.5,0.5003520774459341,23,1,0.014216578552903602
17,3.3,local,0.7,0.7009918093858782,85,1,0.02288496767470622
17,3.3,local,0.9,0.9001047095175074,138,1,0.030295042246569752
17,3.3,local,0.95,0.9502689925177981,132,2,0.040457051694114066
17,3.3,local,0.99,0.9930475644458419,238,1,0.04427631502367074
17,3.3,hot-cold,0.1,0.13739913044790528,1,1,0.011140698541941383
17,3.3,hot-cold,0.3,0.3167633493202392,16,1,0.013237889458506534
17,3.3,hot-cold,0.5,0.5017586658531573,33,1,0.015614705830613702
17,3.3,hot-cold,0.7,0.7165555472706766,64,1,0.019948900391515013
17,3.3,hot-cold,0.9,0.9005952958775743,98,1,0.02470253313572935
17,3.3,hot-cold,0.95,0.9511357975709265,130,1,0.029176540424401667
17,3.3,hot-cold,0.99,0.9900707829497246,193,1,0.037984742273975296
17,4.55,random,0.1,0.21387148274278742,1,1,0.011140698541941383
17,4.55,random,0.3,0.3003863280062294,24,1,0.014356391280674613
17,4.55,random,0.5,0.6272785102212993,81,1,0.022325716763622182
17,4.55,random,0.7,0.700403430321976,121,1,0.027918225874462577
17,4.55,random,0.9,0.9007905738656825,178,1,0.03588755135741015
17,4.55,random,0.95,0.9565467323969779,206,1,0.039802307734998425
17,4.55,random,0.99,0.9902857782943425,235,1,0.04385687684035772
17,4.55,local,0.1,0.21387148274278742,1,1,0.011140698541941383
17,4.55,local,0.3,0.43602849885145734,3,1,0.011420323997483403
17,4.55,local,0.5,0.533868160806699,5,1,0.011699949453025424
17,4.55,local,0.7,0.7063404526165775,19,1,0.013657327641819563
17,4.55,local,0.9,0.9002338402489322,53,1,0.018410960386033903
17,4.55,local,0.95,0.9503598802431243,83,2,0.03360622803333457
17,4.55,local,0.99,0.9903993604204225,234,1,0.043717064112586704
17,4.55,hot-cold,0.1,0.21387148274278742,1,1,0.011140698541941383
17,4.55,hot-cold,0.3,0.4333046123395361,14,1,0.012958264002964513
17,4.55,hot-cold,0.5,0.5151959264601498,26,1,0.014636016736216633
17,4.55,hot-cold,0.7,0.7401142542743011,58,1,0.019110024024888952
17,4.55,hot-cold,0.9,0.9235211026305407,115,1,0.02707934950783652
17,4.55,hot-cold,0.95,0.9502718736317828,126,1,0.02861728951331763
17,4.55,hot-cold,0.99,0.9906543061246207,182,1,0.036446802268494186
17,9.19,random,0.1,0.4753104618551417,1,1,0.011140698541941383
17,9.19,random,0.3,0.4753104618551417,1,1,0.011140698541941383
17,9.19,random,0.5,0.5013137067898205,44,1,0.017152645836094813
17,9.19,random,0.7,0.8553995804336483,64,1,0.019948900391515013
17,9.19,random,0.9,0.9245376684105255,65,2,0.031089598933456395
17,9.19,random,0.95,0.9563495982448647,78,2,0.03290716439447952
17,9.19,random,0.99,0.9940436140720478,212,1,0.04064118410162449
17,9.19,local,0.1,0.4753104618551417,1,1,0.011140698541941383
17,9.19,local,0.3,0.4753104618551417,1,1,0.011140698541941383
17,9.19,local,0.5,0.7904357621873621,2,1,0.011280511269712393
17,9.19,local,0.7,0.7904357621873621,2,1,0.011280511269712393
17,9.19,local,0.9,0.9176189818578744,74,1,0.02134702766922511
17,9.19,local,0.95,0.9754809429167445,76,1,0.02162665312476713
17,9.19,local,0.99,0.9902224607225794,78,1,0.02190627858030915
17,9.19,hot-cold,0.1,0.4753104618551417,1,1,0.011140698541941383
17,9.19,hot-cold,0.3,0.4753104618551417,1,1,0.011140698541941383
17,9.19,hot-cold,0.5,0.8037579719603745,9,1,0.012259200364109463
17,9.19,hot-cold,0.7,0.8037579719603745,9,1,0.012259200364109463
17,9.19,hot-cold,0.9,0.9462902920562674,21,1,0.013936953097361583
17,9.19,hot-cold,0.95,0.9579490071789172,52,1,0.01827114765826289
17,9.19,hot-cold,0.99,0.9919996091683361,93,1,0.0240034694968743
18,1.07,random,0.1,0.10301960669987459,13,1,0.012818451275193503
18,1.07,random,0.3,0.30298904626140943,64,1,0.019948900391515013
18,1.07,random,0.5,0.5007181312756696,122,1,0.02805803860223359
18,1.07,random,0.7,0.7035822958967916,175,1,0.03546811317409712
18,1.07,random,0.9,0.9052436055240837,225,1,0.04245874956264761
18,1.07,random,0.95,0.9522471918071311,242,1,0.04483556593475478
18,1.07,random,0.99,0.9925407280715264,254,1,0.046513318668006905
18,1.07,local,0.1,0.11081819793398645,6,1,0.011839762180796434
18,1.07,local,0.3,0.3008640160586782,38,1,0.016313769469468754
18,1.07,local,0.5,0.5025919607750392,82,1,0.02246552949139319
18,1.07,local,0.7,0.700331742353133,143,1,0.030994105885424797
18,1.07,local,0.9,0.9046457597230452,230,1,0.043157813201502665
18,1.07,local,0.95,0.9514944720683547,237,1,0.044136502295899736
18,1.07,local,0.99,0.9924534117226185,252,1,0.046233693212464885
18,1.07,hot-cold,0.1,0.10289193509982139,11,1,0.012538825819651484
18,1.07,hot-cold,0.3,0.3001999621589945,38,1,0.016313769469468754
18,1.07,hot-cold,0.5,0.502163888652403,72,1,0.02106740221368309
18,1.07,hot-cold,0.7,0.7053013837488724,115,1,0.02707934950783652
18,1.07,hot-cold,0.9,0.9018799662094104,179,1,0.03602736408518116
18,1.07,hot-cold,0.95,0.9500585175437211,210,1,0.040361558646082464
18,1.07,hot-cold,0.99,0.9911293100584744,249,1,0.04581425502915185
18,1.25,random,0.1,0.10424657425494377,13,1,0.012818451275193503
18,1.25,random,0.3,0.3005154949376216,60,1,0.01938964948043097
18,1.25,random,0.5,0.5004370985955602,119,1,0.027638600418920557
18,1.25,random,0.7,0.7019906470038174,172,1,0.03504867499078409
18,1.25,random,0.9,0.9062752740780142,228,1,0.042878187745960646
18,1.25,random,0.95,0.950359324505708,241,1,0.044695753206983775
18,1.25,random,0.99,0.9907114708869619,251,1,0.04609388048469387
18,1.25,local,0.1,0.10917822250597418,4,1,0.011560136725254414
18,1.25,local,0.3,0.3021992581688804,39,1,0.01645358219723976
18,1.25,local,0.5,0.5034737507761324,109,1,0.02624047314121046
18,1.25,local,0.7,0.7003373478180918,112,2,0.037660797138693865
18,1.25,local,0.9,0.9058048826705559,220,1,0.04175968592379257
18,1.25,local,0.95,0.9512843721495537,228,1,0.042878187745960646
18,1.25,local,0.99,0.9908125436355465,251,1,0.04609388048469387
18,1.25,hot-cold,0.1,0.1274626321954032,9,1,0.012259200364109463
18,1.25,hot-cold,0.3,0.3036719706113681,32,1,0.015474893102842693
18,1.25,hot-cold,0.5,0.5083819507416141,62,1,0.019669274935972994
18,1.25,hot-cold,0.7,0.7025515467815959,95,1,0.02428309495241632
18,1.25,hot-cold,0.9,0.9006027739641428,172,1,0.03504867499078409
18,1.25,hot-cold,0.95,0.9503022345024038,213,1,0.0407809968293955
18,1.25,hot-cold,0.99,0.9934408000318459,246,1,0.04539481684583883
18,1.44,random,0.1,0.1036446709624509,7,1,0.011979574908567443
18,1.44,random,0.3,0.303932196814369,48,1,0.01771189674717885
18,1.44,random,0.5,0.5015844575849333,108,1,0.02610066041343945
18,1.44,random,0.7,0.7013056624422971,174,1,0.03532830044632611
18,1.44,random,0.9,0.9035800490112812,214,1,0.04092080955716651
18,1.44,random,0.95,0.9595542903884784,238,1,0.04427631502367074
18,1.44,random,0.99,0.9913817046839557,249,1,0.04581425502915185
18,1.44,local,0.1,0.10840402204756987,4,1,0.011560136725254414
18,1.44,local,0.3,0.300771459602862,24,1,0.014356391280674613
18,1.44,local,0.5,0.5024112106998215,103,1,0.025401596774584402
18,1.44,local,0.7,0.7005344163596994,133,1,0.0295959786077147
18,1.44,local,0.9,0.9006926673353336,178,1,0.03588755135741015
18,1.44,local,0.95,0.9514195411468387,207,1,0.03994212046276944
18,1.44,local,0.99,0.9902095449450521,234,1,0.043717064112586704
18,1.44,hot-cold,0.1,0.11171839820927844,8,1,0.012119387636338453
18,1.44,hot-cold,0.3,0.3074261459945069,29,1,0.015055454919529664
18,1.44,hot-cold,0.5,0.505945175590661,55,1,0.018690585841575923
18,1.44,hot-cold,0.7,0.7078831355429381,86,1,0.02302478040247723
18,1.44,hot-cold,0.9,0.9002444155650583,159,1,0.03323110952976096
18,1.44,hot-cold,0.95,0.9503820171232263,200,1,0.03896343136837237
18,1.44,hot-cold,0.99,0.9912561944821413,241,1,0.044695753206983775
18,2.48,random,0.1,0.10025519980121729,3,1,0.011420323997483403
18,2.48,random,0.3,0.3031680373676743,44,1,0.017152645836094813
18,2.48,random,0.5,0.5081043342381041,109,1,0.02624047314121046
18,2.48,random,0.7,0.7106700081116211,154,1,0.03253204589090591
18,2.48,random,0.9,0.9010039528421624,228,1,0.042878187745960646
18,2.48,random,0.95,0.9540140587094992,245,1,0.045255004118067814
18,2.48,random,0.99,0.9958794327076139,254,1,0.046513318668006905
18,2.48,local,0.1,0.1820362646663369,2,1,0.011280511269712393
18,2.48,local,0.3,0.31694888038372016,7,1,0.011979574908567443
18,2.48,local,0.5,0.5028114505936034,38,1,0.016313769469468754
18,2.48,local,0.7,0.703359332298027,50,2,0.028992408016891246
18,2.48,local,0.9,0.9031084375180708,198,1,0.03868380591283035
18,2.48,local,0.95,0.9541010939737756,210,1,0.040361558646082464
18,2.48,local,0.99,0.9903731200747458,245,1,0.045255004118067814
18,2.48,hot-cold,0.1,0.10367666409196752,2,1,0.011280511269712393
18,2.48,hot-cold,0.3,0.36047276249844096,22,1,0.014076765825132592
18,2.48,hot-cold,0.5,0.5004427530377221,37,1,0.01617395674169774
18,2.48,hot-cold,0.7,0.7043397259084544,64,1,0.019948900391515013
18,2.48,hot-cold,0.9,0.9007655541202066,139,1,0.030434854974340758
18,2.48,hot-cold,0.95,0.950087289344251,173,1,0.0351884877185551
18,2.48,hot-cold,0.99,0.9902202245564387,228,1,0.042878187745960646
18,3.3,random,0.1,0.10559162108528279,1,1,0.011140698541941383
18,3.3,random,0.3,0.3056135390421997,31,1,0.015335080375071683
18,3.3,random,0.5,0.5005192440775001,79,1,0.022046091308080162
18,3.3,random,0.7,0.7017992486665194,144,1,0.03113391861319581
18,3.3,random,0.9,0.9030536055489646,185,1,0.03686624045180722
18,3.3,random,0.95,0.9503045753396442,228,1,0.042878187745960646
18,3.3,random,0.99,0.9923140661905747,244,1,0.04511519139029681
18,3.3,local,0.1,0.10559162108528279,1,1,0.011140698541941383
18,3.3,local,0.3,0.32034772727436395,4,1,0.011560136725254414
18,3.3,local,0.5,0.5427391914534454,8,2,0.02312027345050883
18,3.3,local,0.7,0.715680411904032,95,1,0.02428309495241632
18,3.3,local,0.9,0.9040006656545123,133,2,0.04059686442188507
18,3.3,local,0.95,0.9502340265886936,245,1,0.045255004118067814
18,3.3,local,0.99,0.9907289784038216,250,1,0.045954067756922866
18,3.3,hot-cold,0.1,0.10559162108528279,1,1,0.011140698541941383
18,3.3,hot-cold,0.3,0.30062430490687275,8,1,0.012119387636338453
18,3.3,hot-cold,0.5,0.5251888066103706,19,1,0.013657327641819563
18,3.3,hot-cold,0.7,0.7192364897830463,39,1,0.01645358219723976
18,3.3,hot-cold,0.9,0.90282933971229,110,1,0.02638028586898147
18,3.3,hot-cold,0.95,0.9511077283824236,116,1,0.02721916223560753
18,3.3,hot-cold,0.99,0.9914991333799731,167,1,0.03434961135192904
18,4.55,random,0.1,0.23427482311262757,1,1,0.011140698541941383
18,4.55,random,0.3,0.30655308191137237,13,1,0.012818451275193503
18,4.55,random,0.5,0.5017682883281395,85,1,0.02288496767470622
18,4.55,random,0.7,0.7110280318244865,122,1,0.02805803860223359
18,4.55,random,0.9,0.901132941305177,212,1,0.04064118410162449
18,4.55,random,0.95,0.9642259028260659,228,1,0.042878187745960646
18,4.55,random,0.99,0.9903177324473301,245,1,0.045255004118067814
18,4.55,local,0.1,0.23427482311262757,1,1,0.011140698541941383
18,4.55,local,0.3,0.3071648160708751,6,1,0.011839762180796434
18,4.55,local,0.5,0.5792836815488581,27,1,0.014775829463987642
18,4.55,local,0.7,0.7017574810563872,33,1,0.015614705830613702
18,4.55,local,0.9,0.9113335945913501,111,1,0.02652009859675248
18,4.55,local,0.95,0.9501390019743267,157,1,0.03295148407421894
18,4.55,local,0.99,0.9904947461909279,184,1,0.036726427724036205
18,4.55,hot-cold,0.1,0.23427482311262757,1,1,0.011140698541941383
18,4.55,hot-cold,0.3,0.3167179609037991,14,1,0.012958264002964513
18,4.55,hot-cold,0.5,0.5286487908201933,29,1,0.015055454919529664
18,4.55,hot-cold,0.7,0.7634527984338124,62,1,0.019669274935972994
18,4.55,hot-cold,0.9,0.9124159081588035,72,1,0.02106740221368309
18,4.55,hot-cold,0.95,0.9510978968414151,78,1,0.02190627858030915
18,4.55,hot-cold,0.99,0.9900437962297105,121,1,0.027918225874462577
18,9.19,random,0.1,0.5422650928115036,1,1,0.011140698541941383
18,9.19,random,0.3,0.5422650928115036,1,1,0.011140698541941383
18,9.19,random,0.5,0.5422650928115036,1,1,0.011140698541941383
18,9.19,random,0.7,0.700378202064017,35,1,0.015894331286155722
18,9.19,random,0.9,0.9533341948288047,111,1,0.02652009859675248
18,9.19,random,0.95,0.9533341948288047,111,1,0.02652009859675248
18,9.19,random,0.99,0.9906700591785944,160,1,0.033370922257531965
18,9.19,local,0.1,0.5422650928115036,1,1,0.011140698541941383
18,9.19,local,0.3,0.5422650928115036,1,1,0.011140698541941383
18,9.19,local,0.5,0.5422650928115036,1,1,0.011140698541941383
18,9.19,local,0.7,0.702029019379691,14,1,0.012958264002964513
18,9.19,local,0.9,0.9367648192967797,16,2,0.024238775272676906
18,9.19,local,0.95,0.9506625396687624,17,2,0.024378588000447916
18,9.19,local,0.99,0.9902976978873308,114,1,0.026939536780065512
18,9.19,hot-cold,0.1,0.5422650928115036,1,1,0.011140698541941383
18,9.19,hot-cold,0.3,0.5422650928115036,1,1,0.011140698541941383
18,9.19,hot-cold,0.5,0.5422650928115036,1,1,0.011140698541941383
18,9.19,hot-cold,0.7,0.7114099738986037,29,1,0.015055454919529664
18,9.19,hot-cold,0.9,0.994283678703904,95,1,0.02428309495241632
18,9.19,hot-cold,0.95,0.994283678703904,95,1,0.02428309495241632
18,9.19,hot-cold,0.99,0.994283678703904,95,1,0.02428309495241632
19,1.07,random,0.1,0.1020210485155362,10,1,0.012399013091880472
19,1.07,random,0.3,0.301376898860447,60,1,0.01938964948043097
19,1.07,random,0.5,0.5029605558755389,116,1,0.02721916223560753
19,1.07,random,0.7,0.7044782212902191,173,1,0.0351884877185551
19,1.07,random,0.9,0.9007575917656436,230,1,0.043157813201502665
19,1.07,random,0.95,0.952082086262911,242,1,0.04483556593475478
19,1.07,random,0.99,0.990095902264368,253,1,0.04637350594023589
19,1.07,local,0.1,0.10634153880207471,5,1,0.011699949453025424
19,1.07,local,0.3,0.30386791647293965,27,1,0.014775829463987642
19,1.07,local,0.5,0.5023644798987129,79,1,0.022046091308080162
19,1.07,local,0.7,0.7016412910937837,157,1,0.03295148407421894
19,1.07,local,0.9,0.9022178529581042,224,1,0.04231893683487661
19,1.07,local,0.95,0.952925528804741,236,1,0.04399668956812872
19,1.07,local,0.99,0.9916539486664457,248,1,0.045674442301380846
19,1.07,hot-cold,0.1,0.10128483555545255,8,1,0.012119387636338453
19,1.07,hot-cold,0.3,0.3033347914748745,38,1,0.016313769469468754
19,1.07,hot-cold,0.5,0.5064035189798548,69,1,0.020647964030370062
19,1.07,hot-cold,0.7,0.7051220559655321,116,1,0.02721916223560753
19,1.07,hot-cold,0.9,0.9007046089838346,193,1,0.037984742273975296
19,1.07,hot-cold,0.95,0.9505179711210187,219,1,0.041619873196021555
19,1.07,hot-cold,0.99,0.9907591495181955,247,1,0.04553462957360983
19,1.25,random,0.1,0.10386571442551334,9,1,0.012259200364109463
19,1.25,random,0.3,0.3048048010862435,66,1,0.020228525847057033
19,1.25,random,0.5,0.5001548881204463,117,1,0.027358974963378538
19,1.25,random,0.7,0.7019979835198729,184,1,0.036726427724036205
19,1.25,random,0.9,0.9019660483266769,229,1,0.04301800047373165
19,1.25,random,0.95,0.9560623345898241,242,1,0.04483556593475478
19,1.25,random,0.99,0.9912199951667922,252,1,0.046233693212464885
19,1.25,local,0.1,0.10946732839597938,4,1,0.011560136725254414
19,1.25,local,0.3,0.30452327697229437,17,1,0.013377702186277544
19,1.25,local,0.5,0.5022569561184158,43,1,0.017012833108323803
19,1.25,local,0.7,0.7038627809964526,96,1,0.02442290768018733
19,1.25,local,0.9,0.9000200203470563,224,1,0.04231893683487661
19,1.25,local,0.95,0.9536473313135114,246,1,0.04539481684583883
19,1.25,local,0.99,0.9918538967098539,254,1,0.046513318668006905
19,1.25,hot-cold,0.1,0.10432995486081892,8,1,0.012119387636338453
19,1.25,hot-cold,0.3,0.30852024427158253,33,1,0.015614705830613702
19,1.25,hot-cold,0.5,0.5026317049268515,61,1,0.01952946220820198
19,1.25,hot-cold,0.7,0.7055181055958941,102,1,0.02526178404681339
19,1.25,hot-cold,0.9,0.9006916314903121,174,1,0.03532830044632611
19,1.25,hot-cold,0.95,0.9504434565660114,205,1,0.03966249500722742
19,1.25,hot-cold,0.99,0.9931477624115689,251,1,0.04609388048469387
19,1.44,random,0.1,0.11729183646297342,11,1,0.012538825819651484
19,1.44,random,0.3,0.3015732626067547,56,1,0.018830398569346932
19,1.44,random,0.5,0.5000365137850702,113,1,0.0267997240522945
19,1.44,random,0.7,0.7012875987716491,166,1,0.03420979862415803
19,1.44,random,0.9,0.9007284611917041,220,1,0.04175968592379257
19,1.44,random,0.95,0.950224801905737,229,1,0.04301800047373165
19,1.44,random,0.99,0.9908121635215652,250,1,0.045954067756922866
19,1.44,local,0.1,0.12222237528692541,3,1,0.011420323997483403
19,1.44,local,0.3,0.3005256274272896,30,1,0.015195267647300673
19,1.44,local,0.5,0.5023940901535814,78,1,0.02190627858030915
19,1.44,local,0.7,0.7020732899287772,94,2,0.03514416803881568
19,1.44,local,0.9,0.9076751535133628,210,1,0.040361558646082464
19,1.44,local,0.95,0.9536675892749077,214,1,0.04092080955716651
19,1.44,local,0.99,0.9915496916924091,235,1,0.04385687684035772
19,1.44,hot-cold,0.1,0.10122214859353895,4,1,0.011560136725254414
19,1.44,hot-cold,0.3,0.30486799942619563,25,1,0.014496204008445623
19,1.44,hot-cold,0.5,0.5019921073381369,52,1,0.01827114765826289
19,1.44,hot-cold,0.7,0.7032256547476846,91,1,0.02372384404133228
19,1.44,hot-cold,0.9,0.9001076442731994,162,1,0.03365054771307399
19,1.44,hot-cold,0.95,0.9514591126136478,195,1,0.038264367729517315
19,1.44,hot-cold,0.99,0.9909601903185856,243,1,0.044975378662525795
19,2.48,random,0.1,0.10420107124042335,1,1,0.011140698541941383
19,2.48,random,0.3,0.31513872114747576,48,1,0.01771189674717885
19,2.48,random,0.5,0.5084009837015243,110,1,0.02638028586898147
19,2.48,random,0.7,0.7056951925230687,175,1,0.03546811317409712
19,2.48,random,0.9,0.9026099595576298,225,1,0.04245874956264761
19,2.48,random,0.95,0.9647094161582034,236,1,0.04399668956812872
19,2.48,random,0.99,0.9916703043222014,249,1,0.04581425502915185
19,2.48,local,0.1,0.10420107124042335,1,1,0.011140698541941383
19,2.48,local,0.3,0.30873925306804245,6,1,0.011839762180796434
19,2.48,local,0.5,0.5011120121664593,17,1,0.013377702186277544
19,2.48,local,0.7,0.7016158843711309,54,1,0.018550773113804913
19,2.48,local,0.9,0.9001691499703488,196,1,0.03840418045728833
19,2.48,local,0.95,0.9502394739582717,231,1,0.04329762592927368
19,2.48,local,0.99,0.9906320188874883,248,1,0.045674442301380846
19,2.48,hot-cold,0.1,0.10420107124042335,1,1,0.011140698541941383
19,2.48,hot-cold,0.3,0.30143236524721667,25,1,0.014496204008445623
19,2.48,hot-cold,0.5,0.5013106783010344,45,1,0.017292458563865822
19,2.48,hot-cold,0.7,0.7081102833849141,72,1,0.02106740221368309
19,2.48,hot-cold,0.9,0.9006142888016868,128,1,0.028896914968859648
19,2.48,hot-cold,0.95,0.9506427733432363,169,1,0.034629236807471056
19,2.48,hot-cold,0.99,0.9901710450247578,226,1,0.042598562290418626
19,3.3,random,0.1,0.1158086932938084,1,1,0.011140698541941383
19,3.3,random,0.3,0.3074138559613255,35,1,0.015894331286155722
19,3.3,random,0.5,0.5507013870546352,103,1,0.025401596774584402
19,3.3,random,0.7,0.7423065497221524,137,1,0.03015522951879874
19,3.3,random,0.9,0.9004123580848992,191,1,0.037705116818433276
19,3.3,random,0.95,0.9504011131772276,218,1,0.04148006046825055
19,3.3,random,0.99,0.9936923542735837,251,1,0.04609388048469387
19,3.3,local,0.1,0.1158086932938084,1,1,0.011140698541941383
19,3.3,local,0.3,0.3115341341727019,3,1,0.011420323997483403
19,3.3,local,0.5,0.5123192579986756,8,1,0.012119387636338453
19,3.3,local,0.7,0.7084670015911674,23,1,0.014216578552903602
19,3.3,local,0.9,0.9001891276436597,67,1,0.02036833857482804
19,3.3,local,0.95,0.9501178798307455,104,2,0.03654229531652578
19,3.3,local,0.99,0.9902204256159144,234,1,0.043717064112586704
19,3.3,hot-cold,0.1,0.1158086932938084,1,1,0.011140698541941383
19,3.3,hot-cold,0.3,0.3048549275256117,28,1,0.014915642191758654
19,3.3,hot-cold,0.5,0.5030429815590082,55,1,0.018690585841575923
19,3.3,hot-cold,0.7,0.7079840663644008,76,1,0.02162665312476713
19,3.3,hot-cold,0.9,0.9005145501427146,111,1,0.02652009859675248
19,3.3,hot-cold,0.95,0.9504225920742349,161,1,0.03351073498530298
19,3.3,hot-cold,0.99,0.9906007721711827,206,1,0.039802307734998425
19,4.55,random,0.1,0.2762838840396481,1,1,0.011140698541941383
19,4.55,random,0.3,0.30621637979843774,4,1,0.011560136725254414
19,4.55,random,0.5,0.5011426822566225,54,1,0.018550773113804913
19,4.55,random,0.7,0.7167343548091317,125,1,0.028477476785546622
19,4.55,random,0.9,0.902899528938753,207,1,0.03994212046276944
19,4.55,random,0.95,0.9575322823669712,231,1,0.04329762592927368
19,4.55,random,0.99,0.9905090318890729,244,1,0.04511519139029681
19,4.55,local,0.1,0.2762838840396481,1,1,0.011140698541941383
19,4.55,local,0.3,0.31344582663606313,2,1,0.011280511269712393
19,4.55,local,0.5,0.5013332916444297,16,1,0.013237889458506534
19,4.55,local,0.7,0.7002083364485683,66,1,0.020228525847057033
19,4.55,local,0.9,0.9000568462649011,161,1,0.03351073498530298
19,4.55,local,0.95,0.9501532091907804,179,1,0.03602736408518116
19,4.55,local,0.99,0.991455307659042,244,1,0.04511519139029681
19,4.55,hot-cold,0.1,0.2762838840396481,1,1,0.011140698541941383
19,4.55,hot-cold,0.3,0.31753378722110176,4,1,0.011560136725254414
19,4.55,hot-cold,0.5,0.5010915353686644,36,1,0.01603414401392673
19,4.55,hot-cold,0.7,0.7018686220594964,67,1,0.02036833857482804
19,4.55,hot-cold,0.9,0.9062641897016962,129,1,0.02903672769663066
19,4.55,hot-cold,0.95,0.9506906967558619,159,1,0.03323110952976096
19,4.55,hot-cold,0.99,0.9906949781258312,227,1,0.04273837501818963
19,9.19,random,0.1,0.5667527979153779,1,1,0.011140698541941383
19,9.19,random,0.3,0.5667527979153779,1,1,0.011140698541941383
19,9.19,random,0.5,0.5667527979153779,1,1,0.011140698541941383
19,9.19,random,0.7,0.7409119110828077,58,1,0.019110024024888952
19,9.19,random,0.9,0.9279249550417586,151,1,0.03211260770759288
19,9.19,random,0.95,0.9507409606650932,195,1,0.038264367729517315
19,9.19,random,0.99,0.995347746635244,223,1,0.042179124107105594
19,9.19,local,0.1,0.5667527979153779,1,1,0.011140698541941383
19,9.19,local,0.3,0.5667527979153779,1,1,0.011140698541941383
19,9.19,local,0.5,0.5667527979153779,1,1,0.011140698541941383
19,9.19,local,0.7,0.7017707388580138,4,1,0.011560136725254414
19,9.19,local,0.9,0.9034355818320317,14,1,0.012958264002964513
19,9.19,local,0.95,0.9521786508418268,34,2,0.026755404372555087
19,9.19,local,0.99,0.9900350046452864,136,2,0.041016302605198104
19,9.19,hot-cold,0.1,0.5667527979153779,1,1,0.011140698541941383
19,9.19,hot-cold,0.3,0.5667527979153779,1,1,0.011140698541941383
19,9.19,hot-cold,0.5,0.5667527979153779,1,1,0.011140698541941383
19,9.19,hot-cold,0.7,0.7025811033804923,33,1,0.015614705830613702
19,9.19,hot-cold,0.9,0.9114331121786793,60,1,0.01938964948043097
19,9.19,hot-cold,0.95,0.9568831597984975,62,1,0.019669274935972994
19,9.19,hot-cold,0.99,0.9900838545746261,122,1,0.02805803860223359
20,1.07,random,0.1,0.10139717531030254,16,1,0.013237889458506534
20,1.07,random,0.3,0.3011449966458983,66,1,0.020228525847057033
20,1.07,random,0.5,0.5021665817468283,114,1,0.026939536780065512
20,1.07,random,0.7,0.7018316527013979,174,1,0.03532830044632611
20,1.07,random,0.9,0.9001124474749052,221,1,0.041899498651563574
20,1.07,random,0.95,0.9517611468905093,238,1,0.04427631502367074
20,1.07,random,0.99,0.990852840862504,250,1,0.045954067756922866
20,1.07,local,0.1,0.11100485513838802,5,1,0.011699949453025424
20,1.07,local,0.3,0.3006837874978083,31,1,0.015335080375071683
20,1.07,local,0.5,0.5019710328356971,54,1,0.018550773113804913
20,1.07,local,0.7,0.7025898958741664,104,1,0.02554140950235541
20,1.07,local,0.9,0.9012695983866781,224,1,0.04231893683487661
20,1.07,local,0.95,0.951279445383075,243,1,0.044975378662525795
20,1.07,local,0.99,0.9921190526763023,254,1,0.046513318668006905
20,1.07,hot-cold,0.1,0.10109735555044581,10,1,0.012399013091880472
20,1.07,hot-cold,0.3,0.3077474086085341,35,1,0.015894331286155722
20,1.07,hot-cold,0.5,0.5008399597152412,64,1,0.019948900391515013
20,1.07,hot-cold,0.7,0.7019663247378826,110,1,0.02638028586898147
20,1.07,hot-cold,0.9,0.903713159922335,186,1,0.03700605317957823
20,1.07,hot-cold,0.95,0.9500645409989276,213,1,0.0407809968293955
20,1.07,hot-cold,0.99,0.9910643642629267,245,1,0.045255004118067814
20,1.25,random,0.1,0.10072074214179358,16,1,0.013237889458506534
20,1.25,random,0.3,0.30090978233639076,64,1,0.019948900391515013
20,1.25,random,0.5,0.5024124590332075,113,1,0.0267997240522945
20,1.25,random,0.7,0.7022753831052067,172,1,0.03504867499078409
20,1.25,random,0.9,0.902029642834489,221,1,0.041899498651563574
20,1.25,random,0.95,0.9506162985568183,238,1,0.04427631502367074
20,1.25,random,0.99,0.9923946281150787,253,1,0.04637350594023589
20,1.25,local,0.1,0.10887818800994103,4,1,0.011560136725254414
20,1.25,local,0.3,0.30128062453655496,25,1,0.014496204008445623
20,1.25,local,0.5,0.5038217168289278,71,1,0.02092758948591208
20,1.25,local,0.7,0.7009031903624653,145,1,0.031273731340966816
20,1.25,local,0.9,0.9024400995132125,221,1,0.041899498651563574
20,1.25,local,0.95,0.9530816532765374,232,1,0.043437438657044684
20,1.25,local,0.99,0.9916192518479164,249,1,0.04581425502915185
20,1.25,hot-cold,0.1,0.10604057350363152,10,1,0.012399013091880472
20,1.25,hot-cold,0.3,0.3067172729182909,38,1,0.016313769469468754
20,1.25,hot-cold,0.5,0.5020602794085675,69,1,0.020647964030370062
20,1.25,hot-cold,0.7,0.7008307932099435,107,1,0.02596084768566844
20,1.25,hot-cold,0.9,0.9015159784522829,185,1,0.03686624045180722
20,1.25,hot-cold,0.95,0.9516522219969488,216,1,0.04120043501270853
20,1.25,hot-cold,0.99,0.990330742808575,249,1,0.04581425502915185
20,1.44,random,0.1,0.10280399654730606,10,1,0.012399013091880472
20,1.44,random,0.3,0.30315745243568637,50,1,0.01799152220272087
20,1.44,random,0.5,0.5014080877713588,109,1,0.02624047314121046
20,1.44,random,0.7,0.7000800572918199,168,1,0.03448942407970005
20,1.44,random,0.9,0.9006099696477144,223,1,0.042179124107105594
20,1.44,random,0.95,0.9584165664681783,241,1,0.044695753206983775
20,1.44,random,0.99,0.9903062888994197,250,1,0.045954067756922866
20,1.44,local,0.1,0.10082700956010966,3,1,0.011420323997483403
20,1.44,local,0.3,0.3028755582594131,16,1,0.013237889458506534
20,1.44,local,0.5,0.5008253814344965,68,1,0.020508151302599052
20,1.44,local,0.7,0.7044983456834244,120,1,0.02777841314669157
20,1.44,local,0.9,0.9013969480989364,162,1,0.03365054771307399
20,1.44,local,0.95,0.9503286646995767,200,1,0.03896343136837237
20,1.44,local,0.99,0.9903178236854834,239,1,0.044416127751441756
20,1.44,hot-cold,0.1,0.11553239717443305,6,1,0.011839762180796434
20,1.44,hot-cold,0.3,0.30181103958149624,23,1,0.014216578552903602
20,1.44,hot-cold,0.5,0.5001180010196363,50,1,0.01799152220272087
20,1.44,hot-cold,0.7,0.70286254021507,91,1,0.02372384404133228
20,1.44,hot-cold,0.9,0.9009302277382705,159,1,0.03323110952976096
20,1.44,hot-cold,0.95,0.9505329663408053,199,1,0.03882361864060136
20,1.44,hot-cold,0.99,0.9903346292330116,244,1,0.04511519139029681
20,2.48,random,0.1,0.1171366589384892,1,1,0.011140698541941383
20,2.48,random,0.3,0.3013101171326349,40,1,0.016593394925010774
20,2.48,random,0.5,0.51173831036621,87,1,0.02316459313024824
20,2.48,random,0.7,0.7022241598447564,140,1,0.03057466770211177
20,2.48,random,0.9,0.9031827837583792,218,1,0.04148006046825055
20,2.48,random,0.95,0.9520946245131879,234,1,0.043717064112586704
20,2.48,random,0.99,0.9919519266108454,248,1,0.045674442301380846
20,2.48,local,0.1,0.1171366589384892,1,1,0.011140698541941383
20,2.48,local,0.3,0.31361996917205975,6,1,0.011839762180796434
20,2.48,local,0.5,0.5080220165366764,20,1,0.013797140369590573
20,2.48,local,0.7,0.7021281590384538,84,1,0.02274515494693521
20,2.48,local,0.9,0.9003321083603378,166,1,0.03420979862415803
20,2.48,local,0.95,0.950615936273345,181,1,0.03630698954072318
20,2.48,local,0.99,0.9917679297335815,243,1,0.044975378662525795
20,2.48,hot-cold,0.1,0.1171366589384892,1,1,0.011140698541941383
20,2.48,hot-cold,0.3,0.3352854267956753,14,1,0.012958264002964513
20,2.48,hot-cold,0.5,0.5076316720408103,34,1,0.015754518558384712
20,2.48,hot-cold,0.7,0.7014765457756799,74,1,0.02134702766922511
20,2.48,hot-cold,0.9,0.9026127458439661,133,1,0.0295959786077147
20,2.48,hot-cold,0.95,0.9511335908563919,177,1,0.03574773862963914
20,2.48,hot-cold,0.99,0.9902017952448282,231,1,0.04329762592927368
20,3.3,random,0.1,0.1242215230869354,1,1,0.011140698541941383
20,3.3,random,0.3,0.3004979424957531,25,1,0.014496204008445623
20,3.3,random,0.5,0.5051545599381685,64,1,0.019948900391515013
20,3.3,random,0.7,0.7001546051064426,125,1,0.028477476785546622
20,3.3,random,0.9,0.9022194592097347,202,1,0.039243056823914386
20,3.3,random,0.95,0.9515890572340258,227,1,0.04273837501818963
20,3.3,random,0.99,0.9900732147310796,248,1,0.045674442301380846
20,3.3,local,0.1,0.1242215230869354,1,1,0.011140698541941383
20,3.3,local,0.3,0.30159032031011646,8,1,0.012119387636338453
20,3.3,local,0.5,0.5032140915463755,45,1,0.017292458563865822
20,3.3,local,0.7,0.7034846946269987,109,1,0.02624047314121046
20,3.3,local,0.9,0.9025838622096408,159,1,0.03323110952976096
20,3.3,local,0.95,0.9519736816936034,199,1,0.03882361864060136
20,3.3,local,0.99,0.9912164808530376,223,1,0.042179124107105594
20,3.3,hot-cold,0.1,0.1242215230869354,1,1,0.011140698541941383
20,3.3,hot-cold,0.3,0.3304025937258278,14,1,0.012958264002964513
20,3.3,hot-cold,0.5,0.5486618001432119,27,1,0.014775829463987642
20,3.3,hot-cold,0.7,0.7090073020317998,56,1,0.018830398569346932
20,3.3,hot-cold,0.9,0.9002385340811137,124,1,0.02833766405777561
20,3.3,hot-cold,0.95,0.9504422987499046,158,1,0.033091296801989946
20,3.3,hot-cold,0.99,0.9908550853017107,223,1,0.042179124107105594
20,4.55,random,0.1,0.2622620718961401,1,1,0.011140698541941383
20,4.55,random,0.3,0.30021411707412393,9,1,0.012259200364109463
20,4.55,random,0.5,0.5016684326394313,102,1,0.02526178404681339
20,4.55,random,0.7,0.7173716017747983,161,1,0.03351073498530298
20,4.55,random,0.9,0.9005327502068339,216,1,0.04120043501270853
20,4.55,random,0.95,0.95113512226168,232,1,0.043437438657044684
20,4.55,random,0.99,0.994005322591264,251,1,0.04609388048469387
20,4.55,local,0.1,0.2622620718961401,1,1,0.011140698541941383
20,4.55,local,0.3,0.34534418315726556,2,1,0.011280511269712393
20,4.55,local,0.5,0.5079820510029565,7,1,0.011979574908567443
20,4.55,local,0.7,0.7002649817237816,68,1,0.020508151302599052
20,4.55,local,0.9,0.9011043344727211,162,1,0.03365054771307399
20,4.55,local,0.95,0.9514572626562356,195,1,0.038264367729517315
20,4.55,local,0.99,0.9913454245619503,211,1,0.04050137137385348
20,4.55,hot-cold,0.1,0.2622620718961401,1,1,0.011140698541941383
20,4.55,hot-cold,0.3,0.32323420322903473,7,1,0.011979574908567443
20,4.55,hot-cold,0.5,0.5623834957582291,25,1,0.014496204008445623
20,4.55,hot-cold,0.7,0.7007518824273556,38,1,0.016313769469468754
20,4.55,hot-cold,0.9,0.904976910667712,104,1,0.02554140950235541
20,4.55,hot-cold,0.95,0.9505701062304552,134,1,0.029735791335485706
20,4.55,hot-cold,0.99,0.990040317295323,214,1,0.04092080955716651
20,9.19,random,0.1,0.42884333703428906,1,1,0.011140698541941383
20,9.19,random,0.3,0.42884333703428906,1,1,0.011140698541941383
20,9.19,random,0.5,0.5186753702876894,40,1,0.016593394925010774
20,9.19,random,0.7,0.8001339476972292,2,2,0.022281397083882767
20,9.19,random,0.9,0.9290454692467967,62,2,0.030670160750143366
20,9.19,random,0.95,0.979151867799573,83,2,0.03360622803333457
20,9.19,random,0.99,0.9975667306827287,200,1,0.03896343136837237
20,9.19,local,0.1,0.42884333703428906,1,1,0.011140698541941383
20,9.19,local,0.3,0.42884333703428906,1,1,0.011140698541941383
20,9.19,local,0.5,0.5174068870337091,2,1,0.011280511269712393
20,9.19,local,0.7,0.9897327892287295,13,1,0.012818451275193503
20,9.19,local,0.9,0.9897327892287295,13,1,0.012818451275193503
20,9.19,local,0.95,0.9897327892287295,13,1,0.012818451275193503
20,9.19,local,0.99,0.9934817916416263,14,1,0.012958264002964513
20,9.19,hot-cold,0.1,0.42884333703428906,1,1,0.011140698541941383
20,9.19,hot-cold,0.3,0.42884333703428906,1,1,0.011140698541941383
20,9.19,hot-cold,0.5,0.8099072513108803,6,1,0.011839762180796434
20,9.19,hot-cold,0.7,0.8099072513108803,6,1,0.011839762180796434
20,9.19,hot-cold,0.9,0.9032232979994195,18,1,0.013517514914048553
20,9.19,hot-cold,0.95,0.9545012145000038,26,1,0.014636016736216633
20,9.19,hot-cold,0.99,0.9996384336816988,58,1,0.019110024024888952
21,1.07,random,0.1,0.10235829348588063,15,1,0.013098076730735523
21,1.07,random,0.3,0.3026343920452769,55,1,0.018690585841575923
21,1.07,random,0.5,0.5045270472287552,103,1,0.025401596774584402
21,1.07,random,0.7,0.7035235257102092,164,1,0.03393017316861601
21,1.07,random,0.9,0.9051631470609703,226,1,0.042598562290418626
21,1.07,random,0.95,0.9511061074521363,242,1,0.04483556593475478
21,1.07,random,0.99,0.9904283668222277,253,1,0.04637350594023589
21,1.07,local,0.1,0.1052383362219794,5,1,0.011699949453025424
21,1.07,local,0.3,0.3079227794552988,24,1,0.014356391280674613
21,1.07,local,0.5,0.5025069187773556,60,1,0.01938964948043097
21,1.07,local,0.7,0.7003543455433032,112,1,0.026659911324523493
21,1.07,local,0.9,0.9001331864100599,195,1,0.038264367729517315
21,1.07,local,0.95,0.9500461060502111,220,1,0.04175968592379257
21,1.07,local,0.99,0.9911527094432595,252,1,0.046233693212464885
21,1.07,hot-cold,0.1,0.10967391523143305,7,1,0.011979574908567443
21,1.07,hot-cold,0.3,0.3003490377508505,32,1,0.015474893102842693
21,1.07,hot-cold,0.5,0.5025659953187572,60,1,0.01938964948043097
21,1.07,hot-cold,0.7,0.7024719063031559,101,1,0.025121971319042383
21,1.07,hot-cold,0.9,0.9004372217136376,176,1,0.03560792590186813
21,1.07,hot-cold,0.95,0.9504503096411758,210,1,0.040361558646082464
21,1.07,hot-cold,0.99,0.9900381481475917,241,1,0.044695753206983775
21,1.25,random,0.1,0.108046636176958,13,1,0.012818451275193503
21,1.25,random,0.3,0.3023815763000403,48,1,0.01771189674717885
21,1.25,random,0.5,0.5023211736436591,98,1,0.02470253313572935
21,1.25,random,0.7,0.7036577390559454,150,1,0.03197279497982187
21,1.25,random,0.9,0.9019044259099389,214,1,0.04092080955716651
21,1.25,random,0.95,0.9517792713081431,233,1,0.0435772513848157
21,1.25,random,0.99,0.990510584836902,248,1,0.045674442301380846
21,1.25,local,0.1,0.10006416040715731,4,1,0.011560136725254414
21,1.25,local,0.3,0.30677043330552456,26,1,0.014636016736216633
21,1.25,local,0.5,0.509959368031515,48,1,0.01771189674717885
21,1.25,local,0.7,0.7070035065142022,94,1,0.02414328222464531
21,1.25,local,0.9,0.9001218916586765,185,1,0.03686624045180722
21,1.25,local,0.95,0.9511163310784573,220,1,0.04175968592379257
21,1.25,local,0.99,0.9905910586082333,237,1,0.044136502295899736
21,1.25,hot-cold,0.1,0.1049979530498163,10,1,0.012399013091880472
21,1.25,hot-cold,0.3,0.30623161207246574,32,1,0.015474893102842693
21,1.25,hot-cold,0.5,0.5001850602228445,58,1,0.019110024024888952
21,1.25,hot-cold,0.7,0.7045341241333841,106,1,0.02582103495789743
21,1.25,hot-cold,0.9,0.9002959963382817,173,1,0.0351884877185551
21,1.25,hot-cold,0.95,0.9502658241993787,205,1,0.03966249500722742
21,1.25,hot-cold,0.99,0.9903367190257882,238,1,0.04427631502367074
21,1.44,random,0.1,0.1013858127228692,12,1,0.012678638547422494
21,1.44,random,0.3,0.3064520296890501,61,1,0.01952946220820198
21,1.44,random,0.5,0.5023825112208656,116,1,0.02721916223560753
21,1.44,random,0.7,0.7006068436837233,172,1,0.03504867499078409
21,1.44,random,0.9,0.9031648057012472,230,1,0.043157813201502665
21,1.44,random,0.95,0.9515775628995766,243,1,0.044975378662525795
21,1.44,random,0.99,0.9903267694756357,249,1,0.04581425502915185
21,1.44,local,0.1,0.10436531518035264,4,1,0.011560136725254414
21,1.44,local,0.3,0.3053692781871479,18,1,0.013517514914048553
21,1.44,local,0.5,0.5034294014040439,37,1,0.01617395674169774
21,1.44,local,0.7,0.7034036683935475,69,1,0.020647964030370062
21,1.44,local,0.9,0.9018916007388578,180,1,0.036167176812952166
21,1.44,local,0.95,0.9508375236331574,199,1,0.03882361864060136
21,1.44,local,0.99,0.9908962806954756,228,1,0.042878187745960646
21,1.44,hot-cold,0.1,0.12052641047048451,5,1,0.011699949453025424
21,1.44,hot-cold,0.3,0.3216967072073023,30,1,0.015195267647300673
21,1.44,hot-cold,0.5,0.5007749095454519,54,1,0.018550773113804913
21,1.44,hot-cold,0.7,0.7008128610119475,89,1,0.02344421858579026
21,1.44,hot-cold,0.9,0.9008447776414246,159,1,0.03323110952976096
21,1.44,hot-cold,0.95,0.9506773460632334,195,1,0.038264367729517315
21,1.44,hot-cold,0.99,0.9900042125694672,237,1,0.044136502295899736
21,2.48,random,0.1,0.11188580911614006,1,1,0.011140698541941383
21,2.48,random,0.3,0.3047173578650663,44,1,0.017152645836094813
21,2.48,random,0.5,0.5000506995013443,90,1,0.023584031313561273
21,2.48,random,0.7,0.7007038509195719,148,1,0.03169316952427985
21,2.48,random,0.9,0.903176951686067,207,1,0.03994212046276944
21,2.48,random,0.95,0.955258448973596,235,1,0.04385687684035772
21,2.48,random,0.99,0.9929226257284512,251,1,0.04609388048469387
21,2.48,local,0.1,0.11188580911614006,1,1,0.011140698541941383
21,2.48,local,0.3,0.30441342915945196,12,1,0.012678638547422494
21,2.48,local,0.5,0.5228933416238857,26,1,0.014636016736216633
21,2.48,local,0.7,0.7004831527576408,51,1,0.018131334930491884
21,2.48,local,0.9,0.9014340303409529,189,1,0.03742549136289126
21,2.48,local,0.95,0.9508687921870035,214,1,0.04092080955716651
21,2.48,local,0.99,0.9918912207987456,254,1,0.046513318668006905
21,2.48,hot-cold,0.1,0.11188580911614006,1,1,0.011140698541941383
21,2.48,hot-cold,0.3,0.3023955167059251,18,1,0.013517514914048553
21,2.48,hot-cold,0.5,0.5041332381076263,37,1,0.01617395674169774
21,2.48,hot-cold,0.7,0.708285099733795,74,1,0.02134702766922511
21,2.48,hot-cold,0.9,0.9000103481663521,131,1,0.02931635315217268
21,2.48,hot-cold,0.95,0.9506076056756696,166,1,0.03420979862415803
21,2.48,hot-cold,0.99,0.9943082305418981,234,1,0.043717064112586704
21,3.3,random,0.1,0.1809580436919374,1,1,0.011140698541941383
21,3.3,random,0.3,0.32651645472256513,20,1,0.013797140369590573
21,3.3,random,0.5,0.5000204546160565,75,1,0.021486840396996124
21,3.3,random,0.7,0.7041693066455935,136,1,0.030015416791027733
21,3.3,random,0.9,0.9011561075716895,193,1,0.037984742273975296
21,3.3,random,0.95,0.9519810193386864,221,1,0.041899498651563574
21,3.3,random,0.99,0.9934917822098918,251,1,0.04609388048469387
21,3.3,local,0.1,0.1809580436919374,1,1,0.011140698541941383
21,3.3,local,0.3,0.33327288381037606,8,1,0.012119387636338453
21,3.3,local,0.5,0.5001860460074163,24,1,0.014356391280674613
21,3.3,local,0.7,0.7030070220423136,66,1,0.020228525847057033
21,3.3,local,0.9,0.9024176896846612,205,1,0.03966249500722742
21,3.3,local,0.95,0.9500391048712903,233,1,0.0435772513848157
21,3.3,local,0.99,0.9931931366065448,246,1,0.04539481684583883
21,3.3,hot-cold,0.1,0.1809580436919374,1,1,0.011140698541941383
21,3.3,hot-cold,0.3,0.3123769125874838,9,1,0.012259200364109463
21,3.3,hot-cold,0.5,0.5021132821864426,31,1,0.015335080375071683
21,3.3,hot-cold,0.7,0.7135839741823737,67,1,0.02036833857482804
21,3.3,hot-cold,0.9,0.9008165064898095,134,1,0.029735791335485706
21,3.3,hot-cold,0.95,0.950615154808121,171,1,0.034908862263013075
21,3.3,hot-cold,0.99,0.9901183509787275,218,1,0.04148006046825055
21,4.55,random,0.1,0.24241017889294758,1,1,0.011140698541941383
21,4.55,random,0.3,0.31183625556644023,16,1,0.013237889458506534
21,4.55,random,0.5,0.5011550561423417,39,2,0.027454468011410136
21,4.55,random,0.7,0.7094223124163583,165,1,0.03406998589638702
21,4.55,random,0.9,0.9208212556391072,237,1,0.044136502295899736
21,4.55,random,0.95,0.9538654587443272,246,1,0.04539481684583883
21,4.55,random,0.99,0.9902473323126,252,1,0.046233693212464885
21,4.55,local,0.1,0.24241017889294758,1,1,0.011140698541941383
21,4.55,local,0.3,0.3520626031481582,2,1,0.011280511269712393
21,4.55,local,0.5,0.5090410659449714,7,1,0.011979574908567443
21,4.55,local,0.7,0.7012275701511408,21,1,0.013936953097361583
21,4.55,local,0.9,0.9235019661750059,87,1,0.02316459313024824
21,4.55,local,0.95,0.9503964608908777,97,1,0.02456272040795834
21,4.55,local,0.99,0.9900736947569304,147,1,0.031553356796508836
21,4.55,hot-cold,0.1,0.24241017889294758,1,1,0.011140698541941383
21,4.55,hot-cold,0.3,0.3398324566996419,10,1,0.012399013091880472
21,4.55,hot-cold,0.5,0.512487310239045,24,1,0.014356391280674613
21,4.55,hot-cold,0.7,0.7006184971883151,62,1,0.019669274935972994
21,4.55,hot-cold,0.9,0.920647497666631,102,1,0.02526178404681339
21,4.55,hot-cold,0.95,0.9575017285995514,104,1,0.02554140950235541
21,4.55,hot-cold,0.99,0.9901851650962097,179,1,0.03602736408518116
21,9.19,random,0.1,0.5489325275175103,1,1,0.011140698541941383
21,9.19,random,0.3,0.5489325275175103,1,1,0.011140698541941383
21,9.19,random,0.5,0.5489325275175103,1,1,0.011140698541941383
21,9.19,random,0.7,0.7092202607687951,2,2,0.022281397083882767
21,9.19,random,0.9,0.9102245485602619,149,1,0.03183298225205086
21,9.19,random,0.95,0.9608218911428432,208,1,0.040081933190540445
21,9.19,random,0.99,0.9907005184410951,235,1,0.04385687684035772
21,9.19,local,0.1,0.5489325275175103,1,1,0.011140698541941383
21,9.19,local,0.3,0.5489325275175103,1,1,0.011140698541941383
21,9.19,local,0.5,0.5489325275175103,1,1,0.011140698541941383
21,9.19,local,0.7,0.7322269161126773,3,1,0.011420323997483403
21,9.19,local,0.9,0.900740163635177,9,1,0.012259200364109463
21,9.19,local,0.95,0.9501348970490823,32,1,0.015474893102842693
21,9.19,local,0.99,0.9905233331118587,141,1,0.030714480429882778
21,9.19,hot-cold,0.1,0.5489325275175103,1,1,0.011140698541941383
21,9.19,hot-cold,0.3,0.5489325275175103,1,1,0.011140698541941383
21,9.19,hot-cold,0.5,0.5489325275175103,1,1,0.011140698541941383
21,9.19,hot-cold,0.7,0.702079524621702,22,1,0.014076765825132592
21,9.19,hot-cold,0.9,0.900361300362934,48,1,0.01771189674717885
21,9.19,hot-cold,0.95,0.9500225159825486,86,1,0.02302478040247723
21,9.19,hot-cold,0.99,0.9922070699929706,110,1,0.02638028586898147
22,1.07,random,0.1,0.11162428135530435,16,1,0.013237889458506534
22,1.07,random,0.3,0.30165899223553255,66,1,0.020228525847057033
22,1.07,random,0.5,0.5021373458511652,114,1,0.026939536780065512
22,1.07,random,0.7,0.7027620932671372,167,1,0.03434961135192904
22,1.07,random,0.9,0.9024952634307308,220,1,0.04175968592379257
22,1.07,random,0.95,0.9513747186710363,240,1,0.04455594047921276
22,1.07,random,0.99,0.9941545370687994,252,1,0.046233693212464885
22,1.07,local,0.1,0.10475257458431576,6,1,0.011839762180796434
22,1.07,local,0.3,0.30516113377949494,29,1,0.015055454919529664
22,1.07,local,0.5,0.5051174071334732,98,1,0.02470253313572935
22,1.07,local,0.7,0.7009046586911643,170,1,0.03476904953524207
22,1.07,local,0.9,0.9020623108823788,217,1,0.041340247740479535
22,1.07,local,0.95,0.950211318723446,232,1,0.043437438657044684
22,1.07,local,0.99,0.9908956924597994,249,1,0.04581425502915185
22,1.07,hot-cold,0.1,0.1051658472051496,9,1,0.012259200364109463
22,1.07,hot-cold,0.3,0.30282202409639647,36,1,0.01603414401392673
22,1.07,hot-cold,0.5,0.5045016760660394,64,1,0.019948900391515013
22,1.07,hot-cold,0.7,0.7017706929819955,106,1,0.02582103495789743
22,1.07,hot-cold,0.9,0.9006233641848751,185,1,0.03686624045180722
22,1.07,hot-cold,0.95,0.9507115419782073,214,1,0.04092080955716651
22,1.07,hot-cold,0.99,0.9905308122694383,244,1,0.04511519139029681
22,1.25,random,0.1,0.10631756344341736,15,1,0.013098076730735523
22,1.25,random,0.3,0.30058976110422597,67,1,0.02036833857482804
22,1.25,random,0.5,0.5036066122831105,120,1,0.02777841314669157
22,1.25,random,0.7,0.7003538631633311,178,1,0.03588755135741015
22,1.25,random,0.9,0.9016625910718341,232,1,0.043437438657044684
22,1.25,random,0.95,0.9547867278217848,243,1,0.044975378662525795
22,1.25,random,0.99,0.9907920827432042,252,1,0.046233693212464885
22,1.25,local,0.1,0.10331849173779456,7,1,0.011979574908567443
22,1.25,local,0.3,0.3025459393928075,40,1,0.016593394925010774
22,1.25,local,0.5,0.5014067885836395,73,1,0.0212072149414541
22,1.25,local,0.7,0.704676645862447,149,1,0.03183298225205086
22,1.25,local,0.9,0.9000444575442219,203,1,0.0393828695516854
22,1.25,local,0.95,0.9509035778739494,231,1,0.04329762592927368
22,1.25,local,0.99,0.9933411218413983,254,1,0.046513318668006905
22,1.25,hot-cold,0.1,0.10411495810881333,6,1,0.011839762180796434
22,1.25,hot-cold,0.3,0.3056034337685409,32,1,0.015474893102842693
22,1.25,hot-cold,0.5,0.5018297549429346,63,1,0.019809087663744
22,1.25,hot-cold,0.7,0.7024271188484373,101,1,0.025121971319042383
22,1.25,hot-cold,0.9,0.9033828525468306,173,1,0.0351884877185551
22,1.25,hot-cold,0.95,0.9505534192791201,207,1,0.03994212046276944
22,1.25,hot-cold,0.99,0.9904032415894515,241,1,0.044695753206983775
22,1.44,random,0.1,0.10045925802576516,11,1,0.012538825819651484
22,1.44,random,0.3,0.30283685657335563,66,1,0.020228525847057033
22,1.44,random,0.5,0.5032814226838008,117,1,0.027358974963378538
22,1.44,random,0.7,0.7018019353716072,178,1,0.03588755135741015
22,1.44,random,0.9,0.9019656367314047,227,1,0.04273837501818963
22,1.44,random,0.95,0.9509343585165257,241,1,0.044695753206983775
22,1.44,random,0.99,0.9916960413555644,252,1,0.046233693212464885
22,1.44,local,0.1,0.13988478451927738,3,1,0.011420323997483403
22,1.44,local,0.3,0.30524583078094136,17,1,0.013377702186277544
22,1.44,local,0.5,0.5009746423441166,45,1,0.017292458563865822
22,1.44,local,0.7,0.7018767816654861,91,1,0.02372384404133228
22,1.44,local,0.9,0.9011219502639979,179,1,0.03602736408518116
22,1.44,local,0.95,0.9500727684438829,230,1,0.043157813201502665
22,1.44,local,0.99,0.9901182925362569,249,1,0.04581425502915185
22,1.44,hot-cold,0.1,0.12498511017084095,6,1,0.011839762180796434
22,1.44,hot-cold,0.3,0.30017309167265754,27,1,0.014775829463987642
22,1.44,hot-cold,0.5,0.5008319682668239,56,1,0.018830398569346932
22,1.44,hot-cold,0.7,0.701871155500733,100,1,0.02498215859127137
22,1.44,hot-cold,0.9,0.9010750649323753,177,1,0.03574773862963914
22,1.44,hot-cold,0.95,0.9528672940369576,213,1,0.0407809968293955
22,1.44,hot-cold,0.99,0.9902851959635368,246,1,0.04539481684583883
22,2.48,random,0.1,0.10020109983231927,2,1,0.011280511269712393
22,2.48,random,0.3,0.30420528921409545,48,1,0.01771189674717885
22,2.48,random,0.5,0.501817555587988,83,1,0.0226053422191642
22,2.48,random,0.7,0.7082123221873862,134,1,0.029735791335485706
22,2.48,random,0.9,0.90301450707223,214,1,0.04092080955716651
22,2.48,random,0.95,0.9510047101341008,235,1,0.04385687684035772
22,2.48,random,0.99,0.9903640168118426,252,1,0.046233693212464885
22,2.48,local,0.1,0.15865786631624512,2,1,0.011280511269712393
22,2.48,local,0.3,0.3157018144881124,5,1,0.011699949453025424
22,2.48,local,0.5,0.5075153024619595,17,1,0.013377702186277544
22,2.48,local,0.7,0.7052987233026113,47,1,0.01757208401940784
22,2.48,local,0.9,0.9004427661858595,133,1,0.0295959786077147
22,2.48,local,0.95,0.9514098803071949,187,1,0.03714586590734924
22,2.48,local,0.99,0.9908994653159697,236,1,0.04399668956812872
22,2.48,hot-cold,0.1,0.10883130839624143,2,1,0.011280511269712393
22,2.48,hot-cold,0.3,0.30401820469277835,17,1,0.013377702186277544
22,2.48,hot-cold,0.5,0.5045923143142418,36,1,0.01603414401392673
22,2.48,hot-cold,0.7,0.7044083678405947,69,1,0.020647964030370062
22,2.48,hot-cold,0.9,0.9001487165493024,124,1,0.02833766405777561
22,2.48,hot-cold,0.95,0.9505132170042853,166,1,0.03420979862415803
22,2.48,hot-cold,0.99,0.9903804746423535,224,1,0.04231893683487661
22,3.3,random,0.1,0.17760067133802396,1,1,0.011140698541941383
22,3.3,random,0.3,0.30003690324747373,34,1,0.015754518558384712
22,3.3,random,0.5,0.5192662345516732,82,1,0.02246552949139319
22,3.3,random,0.7,0.701060896972403,148,1,0.03169316952427985
22,3.3,random,0.9,0.9038492510337891,218,1,0.04148006046825055
22,3.3,random,0.95,0.9500769708983383,234,1,0.043717064112586704
22,3.3,random,0.99,0.9974477028870534,253,1,0.04637350594023589
22,3.3,local,0.1,0.17760067133802396,1,1,0.011140698541941383
22,3.3,local,0.3,0.32586291203330603,4,1,0.011560136725254414
22,3.3,local,0.5,0.5000449987470406,15,1,0.013098076730735523
22,3.3,local,0.7,0.7022985568946373,52,1,0.01827114765826289
22,3.3,local,0.9,0.9026049635375211,137,1,0.03015522951879874
22,3.3,local,0.95,0.9500806139776372,161,1,0.03351073498530298
22,3.3,local,0.99,0.9907520502418401,239,1,0.044416127751441756
22,3.3,hot-cold,0.1,0.17760067133802396,1,1,0.011140698541941383
22,3.3,hot-cold,0.3,0.34078146655254743,13,1,0.012818451275193503
22,3.3,hot-cold,0.5,0.5000437827663455,26,1,0.014636016736216633
22,3.3,hot-cold,0.7,0.7039061408614238,53,1,0.018410960386033903
22,3.3,hot-cold,0.9,0.9013456458135521,114,1,0.026939536780065512
22,3.3,hot-cold,0.95,0.9512195241300504,153,1,0.0323922331631349
22,3.3,hot-cold,0.99,0.9900355564316246,223,1,0.042179124107105594
22,4.55,random,0.1,0.18870899687897227,1,1,0.011140698541941383
22,4.55,random,0.3,0.3007663882728423,25,1,0.014496204008445623
22,4.55,random,0.5,0.5030285320389045,27,2,0.025776715278158016
22,4.55,random,0.7,0.7014880594449446,75,2,0.032487726211166496
22,4.55,random,0.9,0.9002758917554264,202,1,0.039243056823914386
22,4.55,random,0.95,0.9533903967173686,213,1,0.0407809968293955
22,4.55,random,0.99,0.990483924359306,234,1,0.043717064112586704
22,4.55,local,0.1,0.18870899687897227,1,1,0.011140698541941383
22,4.55,local,0.3,0.3726917112540432,2,1,0.011280511269712393
22,4.55,local,0.5,0.5058273235131775,8,1,0.012119387636338453
22,4.55,local,0.7,0.7332255924179177,18,1,0.013517514914048553
22,4.55,local,0.9,0.903472476356941,42,2,0.027873906194723165
22,4.55,local,0.95,0.9504327919359722,68,2,0.031509037116769424
22,4.55,local,0.99,0.9902353899210892,228,1,0.042878187745960646
22,4.55,hot-cold,0.1,0.18870899687897227,1,1,0.011140698541941383
22,4.55,hot-cold,0.3,0.30893852592884347,10,1,0.012399013091880472
22,4.55,hot-cold,0.5,0.5037162880610934,34,1,0.015754518558384712
22,4.55,hot-cold,0.7,0.7279699402240443,49,1,0.01785170947494986
22,4.55,hot-cold,0.9,0.9027963339954042,77,1,0.021766465852538143
22,4.55,hot-cold,0.95,0.9505431455732938,97,1,0.02456272040795834
22,4.55,hot-cold,0.99,0.9900371658708983,167,1,0.03434961135192904
22,9.19,random,0.1,0.4850346636014391,1,1,0.011140698541941383
22,9.19,random,0.3,0.4850346636014391,1,1,0.011140698541941383
22,9.19,random,0.5,0.5326209968674795,42,1,0.016873020380552793
22,9.19,random,0.7,0.7834674373257526,2,2,0.022281397083882767
22,9.19,random,0.9,0.9066650465927205,60,2,0.030390535294601347
22,9.19,random,0.95,0.9571329430576571,62,2,0.030670160750143366
22,9.19,random,0.99,0.9928289935567639,162,1,0.03365054771307399
22,9.19,local,0.1,0.4850346636014391,1,1,0.011140698541941383
22,9.19,local,0.3,0.4850346636014391,1,1,0.011140698541941383
22,9.19,local,0.5,0.5354477458513965,2,1,0.011280511269712393
22,9.19,local,0.7,0.7940078159876811,3,1,0.011420323997483403
22,9.19,local,0.9,0.9150816189096815,6,1,0.011839762180796434
22,9.19,local,0.95,0.9525311548218364,8,1,0.012119387636338453
22,9.19,local,0.99,0.9902542052187625,10,1,0.012399013091880472
22,9.19,hot-cold,0.1,0.4850346636014391,1,1,0.011140698541941383
22,9.19,hot-cold,0.3,0.4850346636014391,1,1,0.011140698541941383
22,9.19,hot-cold,0.5,0.5354477458513965,2,1,0.011280511269712393
22,9.19,hot-cold,0.7,0.9560884144004582,68,1,0.020508151302599052
22,9.19,hot-cold,0.9,0.9560884144004582,68,1,0.020508151302599052
22,9.19,hot-cold,0.95,0.9560884144004582,68,1,0.020508151302599052
22,9.19,hot-cold,0.99,0.9992368561449215,85,1,0.02288496767470622
23,1.07,random,0.1,0.10489555066541921,13,1,0.012818451275193503
23,1.07,random,0.3,0.30128274305677294,60,1,0.01938964948043097
23,1.07,random,0.5,0.5058177127560392,109,1,0.02624047314121046
23,1.07,random,0.7,0.703152184657898,165,1,0.03406998589638702
23,1.07,random,0.9,0.9031422891695017,223,1,0.042179124107105594
23,1.07,random,0.95,0.9501216793722678,237,1,0.044136502295899736
23,1.07,random,0.99,0.9916089335378812,252,1,0.046233693212464885
23,1.07,local,0.1,0.11601377166104186,5,1,0.011699949453025424
23,1.07,local,0.3,0.30200208664042283,37,1,0.01617395674169774
23,1.07,local,0.5,0.5054467631357378,65,1,0.02008871311928602
23,1.07,local,0.7,0.703321778280495,100,1,0.02498215859127137
23,1.07,local,0.9,0.9003591492205688,176,1,0.03560792590186813
23,1.07,local,0.95,0.9500224903838521,204,1,0.039522682279456406
23,1.07,local,0.99,0.9901478204525609,250,1,0.045954067756922866
23,1.07,hot-cold,0.1,0.10962702253128245,9,1,0.012259200364109463
23,1.07,hot-cold,0.3,0.30921118667090447,32,1,0.015474893102842693
23,1.07,hot-cold,0.5,0.5041417900838596,66,1,0.020228525847057033
23,1.07,hot-cold,0.7,0.7029251580353901,108,1,0.02610066041343945
23,1.07,hot-cold,0.9,0.9003989012692069,181,1,0.03630698954072318
23,1.07,hot-cold,0.95,0.9510409326477265,213,1,0.0407809968293955
23,1.07,hot-cold,0.99,0.990041111295916,246,1,0.04539481684583883
23,1.25,random,0.1,0.11848532065723888,13,1,0.012818451275193503
23,1.25,random,0.3,0.30771749025886547,50,1,0.01799152220272087
23,1.25,random,0.5,0.5045355172207177,114,1,0.026939536780065512
23,1.25,random,0.7,0.7035196739214862,173,1,0.0351884877185551
23,1.25,random,0.9,0.9024661370814937,222,1,0.04203931137933459
23,1.25,random,0.95,0.9504304676486066,239,1,0.044416127751441756
23,1.25,random,0.99,0.9919169893205354,252,1,0.046233693212464885
23,1.25,local,0.1,0.10852732141368623,4,1,0.011560136725254414
23,1.25,local,0.3,0.30620715582354213,43,1,0.017012833108323803
23,1.25,local,0.5,0.5016378500123289,101,1,0.025121971319042383
23,1.25,local,0.7,0.7011669408485023,184,1,0.036726427724036205
23,1.25,local,0.9,0.9155817840886287,234,1,0.043717064112586704
23,1.25,local,0.95,0.9508314433088235,239,1,0.044416127751441756
23,1.25,local,0.99,0.9900576530245777,252,1,0.046233693212464885
23,1.25,hot-cold,0.1,0.10755795318480457,8,1,0.012119387636338453
23,1.25,hot-cold,0.3,0.3205086484988462,29,1,0.015055454919529664
23,1.25,hot-cold,0.5,0.5064627667587331,58,1,0.019110024024888952
23,1.25,hot-cold,0.7,0.7004398493819285,99,1,0.02484234586350036
23,1.25,hot-cold,0.9,0.9004238639260739,181,1,0.03630698954072318
23,1.25,hot-cold,0.95,0.9508890794584075,210,1,0.040361558646082464
23,1.25,hot-cold,0.99,0.9905643164526672,245,1,0.045255004118067814
23,1.44,random,0.1,0.1071472036840912,8,1,0.012119387636338453
23,1.44,random,0.3,0.3007906271393386,61,1,0.01952946220820198
23,1.44,random,0.5,0.5009481061618765,112,1,0.026659911324523493
23,1.44,random,0.7,0.7012203361728964,158,1,0.033091296801989946
23,1.44,random,0.9,0.9006942002236005,217,1,0.041340247740479535
23,1.44,random,0.95,0.9513149853366303,234,1,0.043717064112586704
23,1.44,random,0.99,0.9902470773941984,249,1,0.04581425502915185
23,1.44,local,0.1,0.11108650657646146,3,1,0.011420323997483403
23,1.44,local,0.3,0.30560751344456616,24,1,0.014356391280674613
23,1.44,local,0.5,0.5012468171868483,76,1,0.02162665312476713
23,1.44,local,0.7,0.7010910014910139,71,2,0.03192847530008246
23,1.44,local,0.9,0.9026721692271926,180,1,0.036167176812952166
23,1.44,local,0.95,0.9522507832242981,193,1,0.037984742273975296
23,1.44,local,0.99,0.9903829434167349,224,1,0.04231893683487661
23,1.44,hot-cold,0.1,0.10053644011796473,7,1,0.011979574908567443
23,1.44,hot-cold,0.3,0.3080198663390611,34,1,0.015754518558384712
23,1.44,hot-cold,0.5,0.5001638748206554,58,1,0.019110024024888952
23,1.44,hot-cold,0.7,0.7004896481711554,93,1,0.0240034694968743
23,1.44,hot-cold,0.9,0.9037180076329516,170,1,0.03476904953524207
23,1.44,hot-cold,0.95,0.9546805944196971,191,1,0.037705116818433276
23,1.44,hot-cold,0.99,0.9905940106915913,237,1,0.044136502295899736
23,2.48,random,0.1,0.14773899597748125,2,1,0.011280511269712393
23,2.48,random,0.3,0.3015292733773996,49,1,0.01785170947494986
23,2.48,random,0.5,0.5063828629387265,113,1,0.0267997240522945
23,2.48,random,0.7,0.7167986497202741,174,1,0.03532830044632611
23,2.48,random,0.9,0.9046752498200602,225,1,0.04245874956264761
23,2.48,random,0.95,0.9573241000470487,239,1,0.044416127751441756
23,2.48,random,0.99,0.9970300802518812,253,1,0.04637350594023589
23,2.48,local,0.1,0.14773899597748125,2,1,0.011280511269712393
23,2.48,local,0.3,0.3292945737419377,6,1,0.011839762180796434
23,2.48,local,0.5,0.504774167939922,15,1,0.013098076730735523
23,2.48,local,0.7,0.7138937339257393,70,1,0.02078777675814107
23,2.48,local,0.9,0.9022978221270092,99,1,0.02484234586350036
23,2.48,local,0.95,0.9532322152110335,188,1,0.03728567863512025
23,2.48,local,0.99,0.990685672583522,218,1,0.04148006046825055
23,2.48,hot-cold,0.1,0.14773899597748125,2,1,0.011280511269712393
23,2.48,hot-cold,0.3,0.3013001086157131,12,1,0.012678638547422494
23,2.48,hot-cold,0.5,0.5146786033862363,29,1,0.015055454919529664
23,2.48,hot-cold,0.7,0.727798073893845,55,1,0.018690585841575923
23,2.48,hot-cold,0.9,0.9011596590461319,113,1,0.0267997240522945
23,2.48,hot-cold,0.95,0.9512426880867403,151,1,0.03211260770759288
23,2.48,hot-cold,0.99,0.9917866431423269,217,1,0.041340247740479535
23,3.3,random,0.1,0.18274355460243752,1,1,0.011140698541941383
23,3.3,random,0.3,0.3006125053615609,36,1,0.01603414401392673
23,3.3,random,0.5,0.5014320104186151,65,1,0.02008871311928602
23,3.3,random,0.7,0.7026954794922843,138,1,0.030295042246569752
23,3.3,random,0.9,0.9010153272353122,215,1,0.041060622284937516
23,3.3,random,0.95,0.9520360765169462,225,1,0.04245874956264761
23,3.3,random,0.99,0.9901876780260811,248,1,0.045674442301380846
23,3.3,local,0.1,0.18274355460243752,1,1,0.011140698541941383
23,3.3,local,0.3,0.3021396608275258,7,1,0.011979574908567443
23,3.3,local,0.5,0.518539109075851,16,2,0.024238775272676906
23,3.3,local,0.7,0.7014182232752894,51,2,0.029132220744662256
23,3.3,local,0.9,0.9037206593391939,214,1,0.04092080955716651
23,3.3,local,0.95,0.951834456042124,224,1,0.04231893683487661
23,3.3,local,0.99,0.9903088117221023,239,1,0.044416127751441756
23,3.3,hot-cold,0.1,0.18274355460243752,1,1,0.011140698541941383
23,3.3,hot-cold,0.3,0.30569890907993624,11,1,0.012538825819651484
23,3.3,hot-cold,0.5,0.5006688191720562,24,1,0.014356391280674613
23,3.3,hot-cold,0.7,0.7026821831071506,67,1,0.02036833857482804
23,3.3,hot-cold,0.9,0.9012706077059335,136,1,0.030015416791027733
23,3.3,hot-cold,0.95,0.9520891756493931,167,1,0.03434961135192904
23,3.3,hot-cold,0.99,0.99056995073907,229,1,0.04301800047373165
23,4.55,random,0.1,0.16532577693082734,1,1,0.011140698541941383
23,4.55,random,0.3,0.3068546601244964,37,1,0.01617395674169774
23,4.55,random,0.5,0.5036680599380927,74,1,0.02134702766922511
23,4.55,random,0.7,0.7459836836340066,131,1,0.02931635315217268
23,4.55,random,0.9,0.902416206458962,189,1,0.03742549136289126
23,4.55,random,0.95,0.9510127029113258,202,1,0.039243056823914386
23,4.55,random,0.99,0.9914610362781254,240,1,0.04455594047921276
23,4.55,local,0.1,0.16532577693082734,1,1,0.011140698541941383
23,4.55,local,0.3,0.3396617894604804,3,1,0.011420323997483403
23,4.55,local,0.5,0.541592390164677,57,1,0.018970211297117942
23,4.55,local,0.7,0.7461674110329803,60,1,0.01938964948043097
23,4.55,local,0.9,0.9002601495333613,133,1,0.0295959786077147
23,4.55,local,0.95,0.9524616110543933,181,1,0.03630698954072318
23,4.55,local,0.99,0.9900392873535645,211,1,0.04050137137385348
23,4.55,hot-cold,0.1,0.16532577693082734,1,1,0.011140698541941383
23,4.55,hot-cold,0.3,0.3431179220419617,7,1,0.011979574908567443
23,4.55,hot-cold,0.5,0.503507530114061,21,1,0.013936953097361583
23,4.55,hot-cold,0.7,0.7288295727428713,27,1,0.014775829463987642
23,4.55,hot-cold,0.9,0.9084521591565754,68,1,0.020508151302599052
23,4.55,hot-cold,0.95,0.9502856467897762,98,1,0.02470253313572935
23,4.55,hot-cold,0.99,0.9902198485379881,151,1,0.03211260770759288
23,9.19,random,0.1,0.5539156549455524,1,1,0.011140698541941383
23,9.19,random,0.3,0.5539156549455524,1,1,0.011140698541941383
23,9.19,random,0.5,0.5539156549455524,1,1,0.011140698541941383
23,9.19,random,0.7,0.701939569302179,10,2,0.023399898906050848
23,9.19,random,0.9,0.9015539942930172,123,2,0.039198737144174975
23,9.19,random,0.95,0.9550890740696815,147,2,0.04255424261067921
23,9.19,random,0.99,0.993906619551085,247,1,0.04553462957360983
23,9.19,local,0.1,0.5539156549455524,1,1,0.011140698541941383
23,9.19,local,0.3,0.5539156549455524,1,1,0.011140698541941383
23,9.19,local,0.5,0.5539156549455524,1,1,0.011140698541941383
23,9.19,local,0.7,0.7325079039192285,3,1,0.011420323997483403
23,9.19,local,0.9,0.9079712891771953,10,1,0.012399013091880472
23,9.19,local,0.95,0.9504520419179548,23,1,0.014216578552903602
23,9.19,local,0.99,0.9924559620207484,91,1,0.02372384404133228
23,9.19,hot-cold,0.1,0.5539156549455524,1,1,0.011140698541941383
23,9.19,hot-cold,0.3,0.5539156549455524,1,1,0.011140698541941383
23,9.19,hot-cold,0.5,0.5539156549455524,1,1,0.011140698541941383
23,9.19,hot-cold,0.7,0.8230472672854545,11,1,0.012538825819651484
23,9.19,hot-cold,0.9,0.93249132348342,37,1,0.01617395674169774
23,9.19,hot-cold,0.95,0.9505840653925943,43,1,0.017012833108323803
23,9.19,hot-cold,0.99,0.9902653722215411,134,1,0.029735791335485706
24,1.07,random,0.1,0.10228748125906054,11,1,0.012538825819651484
24,1.07,random,0.3,0.3026911391432911,63,1,0.019809087663744
24,1.07,random,0.5,0.5025555565991883,119,1,0.027638600418920557
24,1.07,random,0.7,0.7024795600466107,162,1,0.03365054771307399
24,1.07,random,0.9,0.904601037234662,226,1,0.042598562290418626
24,1.07,random,0.95,0.957949224999241,239,1,0.044416127751441756
24,1.07,random,0.99,0.991259123231242,250,1,0.045954067756922866
24,1.07,local,0.1,0.1076308926831607,5,1,0.011699949453025424
24,1.07,local,0.3,0.3043073553025133,22,1,0.014076765825132592
24,1.07,local,0.5,0.5050405303133486,55,1,0.018690585841575923
24,1.07,local,0.7,0.7026604404052683,113,1,0.0267997240522945
24,1.07,local,0.9,0.9006701253840623,182,1,0.036446802268494186
24,1.07,local,0.95,0.9503201353627938,217,1,0.041340247740479535
24,1.07,local,0.99,0.9910324299681997,251,1,0.04609388048469387
24,1.07,hot-cold,0.1,0.10252548228235613,9,1,0.012259200364109463
24,1.07,hot-cold,0.3,0.3044970224801491,33,1,0.015614705830613702
24,1.07,hot-cold,0.5,0.5023773778092747,67,1,0.02036833857482804
24,1.07,hot-cold,0.7,0.7018433098998034,110,1,0.02638028586898147
24,1.07,hot-cold,0.9,0.9011879241050526,189,1,0.03742549136289126
24,1.07,hot-cold,0.95,0.9512024484148626,218,1,0.04148006046825055
24,1.07,hot-cold,0.99,0.9924234042451859,248,1,0.045674442301380846
24,1.25,random,0.1,0.10269065103799549,14,1,0.012958264002964513
24,1.25,random,0.3,0.30083404816078685,59,1,0.01924983675265996
24,1.25,random,0.5,0.505347036799363,127,1,0.028757102241088642
24,1.25,random,0.7,0.7032222708636933,178,1,0.03588755135741015
24,1.25,random,0.9,0.9027585372920409,229,1,0.04301800047373165
24,1.25,random,0.95,0.9506113819939771,240,1,0.04455594047921276
24,1.25,random,0.99,0.9908402137367446,252,1,0.046233693212464885
24,1.25,local,0.1,0.11194968449190779,5,1,0.011699949453025424
24,1.25,local,0.3,0.3053457240276246,23,1,0.014216578552903602
24,1.25,local,0.5,0.5007288312059985,46,1,0.017432271291636832
24,1.25,local,0.7,0.7042770139931852,101,1,0.025121971319042383
24,1.25,local,0.9,0.9011832746254514,179,1,0.03602736408518116
24,1.25,local,0.95,0.9513017943507708,215,1,0.041060622284937516
24,1.25,local,0.99,0.990190124841867,249,1,0.04581425502915185
24,1.25,hot-cold,0.1,0.10184089093242071,6,1,0.011839762180796434
24,1.25,hot-cold,0.3,0.313693485301912,31,1,0.015335080375071683
24,1.25,hot-cold,0.5,0.5044287164356045,60,1,0.01938964948043097
24,1.25,hot-cold,0.7,0.7027321860058161,106,1,0.02582103495789743
24,1.25,hot-cold,0.9,0.9050987324518512,175,1,0.03546811317409712
24,1.25,hot-cold,0.95,0.9523422712436881,208,1,0.040081933190540445
24,1.25,hot-cold,0.99,0.991267565177203,247,1,0.04553462957360983
24,1.44,random,0.1,0.10685554972089216,7,1,0.011979574908567443
24,1.44,random,0.3,0.3014996294257133,57,1,0.018970211297117942
24,1.44,random,0.5,0.5031957179686127,107,1,0.02596084768566844
24,1.44,random,0.7,0.7002666207390137,165,1,0.03406998589638702
24,1.44,random,0.9,0.9025217982121448,223,1,0.042179124107105594
24,1.44,random,0.95,0.9551969341755623,236,1,0.04399668956812872
24,1.44,random,0.99,0.9907755265162489,252,1,0.046233693212464885
24,1.44,local,0.1,0.11224229075601833,3,1,0.011420323997483403
24,1.44,local,0.3,0.31042686564071476,18,1,0.013517514914048553
24,1.44,local,0.5,0.5004755320917165,108,1,0.02610066041343945
24,1.44,local,0.7,0.7051550563081684,152,1,0.03225242043536389
24,1.44,local,0.9,0.9020208805143001,197,1,0.038543993185059335
24,1.44,local,0.95,0.9538987091444664,217,1,0.041340247740479535
24,1.44,local,0.99,0.9907432696436957,239,1,0.044416127751441756
24,1.44,hot-cold,0.1,0.10836785673219089,7,1,0.011979574908567443
24,1.44,hot-cold,0.3,0.30380716818148085,32,1,0.015474893102842693
24,1.44,hot-cold,0.5,0.5114126780403959,55,1,0.018690585841575923
24,1.44,hot-cold,0.7,0.7023365096568807,92,1,0.023863656769103292
24,1.44,hot-cold,0.9,0.9042065413292797,167,1,0.03434961135192904
24,1.44,hot-cold,0.95,0.9521157701562204,203,1,0.0393828695516854
24,1.44,hot-cold,0.99,0.9907112383185995,245,1,0.045255004118067814
24,2.48,random,0.1,0.10071817653058568,7,1,0.011979574908567443
24,2.48,random,0.3,0.30049129221309895,45,1,0.017292458563865822
24,2.48,random,0.5,0.5018608445761517,97,1,0.02456272040795834
24,2.48,random,0.7,0.7005012888900024,137,1,0.03015522951879874
24,2.48,random,0.9,0.9048293739963474,215,1,0.041060622284937516
24,2.48,random,0.95,0.9502953756694755,235,1,0.04385687684035772
24,2.48,random,0.99,0.990598188627806,250,1,0.045954067756922866
24,2.48,local,0.1,0.16865977660587275,3,1,0.011420323997483403
24,2.48,local,0.3,0.3081767672573681,11,1,0.012538825819651484
24,2.48,local,0.5,0.5223998585117895,40,1,0.016593394925010774
24,2.48,local,0.7,0.7019042545591268,86,1,0.02302478040247723
24,2.48,local,0.9,0.904303970540624,147,1,0.031553356796508836
24,2.48,local,0.95,0.9504149855720612,191,1,0.037705116818433276
24,2.48,local,0.99,0.9909678861406487,247,1,0.04553462957360983
24,2.48,hot-cold,0.1,0.1029755836587832,2,1,0.011280511269712393
24,2.48,hot-cold,0.3,0.30003474123361246,24,1,0.014356391280674613
24,2.48,hot-cold,0.5,0.5009129827322266,48,1,0.01771189674717885
24,2.48,hot-cold,0.7,0.7027221888319235,71,1,0.02092758948591208
24,2.48,hot-cold,0.9,0.9002260551658936,155,1,0.03267185861867692
24,2.48,hot-cold,0.95,0.9505721313010534,172,1,0.03504867499078409
24,2.48,hot-cold,0.99,0.9902918127046826,225,1,0.04245874956264761
24,3.3,random,0.1,0.14734976829807273,1,1,0.011140698541941383
24,3.3,random,0.3,0.3023415693926763,34,1,0.015754518558384712
24,3.3,random,0.5,0.500005232735518,102,1,0.02526178404681339
24,3.3,random,0.7,0.7052206125007182,159,1,0.03323110952976096
24,3.3,random,0.9,0.9124289637049583,201,1,0.03910324409614338
24,3.3,random,0.95,0.9515644927962271,223,1,0.042179124107105594
24,3.3,random,0.99,0.9998506977711944,253,1,0.04637350594023589
24,3.3,local,0.1,0.14734976829807273,1,1,0.011140698541941383
24,3.3,local,0.3,0.30125874553330256,3,1,0.011420323997483403
24,3.3,local,0.5,0.5151293579168654,9,1,0.012259200364109463
24,3.3,local,0.7,0.7003994479222114,39,1,0.01645358219723976
24,3.3,local,0.9,0.9003765533312139,164,1,0.03393017316861601
24,3.3,local,0.95,0.9500603800700073,185,1,0.03686624045180722
24,3.3,local,0.99,0.9909205657821764,245,1,0.045255004118067814
24,3.3,hot-cold,0.1,0.14734976829807273,1,1,0.011140698541941383
24,3.3,hot-cold,0.3,0.32811206588885894,16,1,0.013237889458506534
24,3.3,hot-cold,0.5,0.5009576182114426,32,1,0.015474893102842693
24,3.3,hot-cold,0.7,0.7000816315349725,61,1,0.01952946220820198
24,3.3,hot-cold,0.9,0.9046650340485172,104,1,0.02554140950235541
24,3.3,hot-cold,0.95,0.950186837357099,129,1,0.02903672769663066
24,3.3,hot-cold,0.99,0.9911480646997796,205,1,0.03966249500722742
24,4.55,random,0.1,0.24213645129826453,1,1,0.011140698541941383
24,4.55,random,0.3,0.3242312300784064,3,1,0.011420323997483403
24,4.55,random,0.5,0.5127589855146192,107,1,0.02596084768566844
24,4.55,random,0.7,0.720676470384696,162,1,0.03365054771307399
24,4.55,random,0.9,0.9245550188440768,219,1,0.041619873196021555
24,4.55,random,0.95,0.9518989714719801,230,1,0.043157813201502665
24,4.55,random,0.99,0.991636932821575,250,1,0.045954067756922866
24,4.55,local,0.1,0.24213645129826453,1,1,0.011140698541941383
24,4.55,local,0.3,0.3559226673963717,2,1,0.011280511269712393
24,4.55,local,0.5,0.5086221810971885,7,2,0.02298046072273782
24,4.55,local,0.7,0.7077937228928552,19,2,0.02465821345598994
24,4.55,local,0.9,0.9016603161031677,125,2,0.039478362599716994
24,4.55,local,0.95,0.950393545655237,142,2,0.04185517897182416
24,4.55,local,0.99,0.9911884680676155,242,1,0.04483556593475478
24,4.55,hot-cold,0.1,0.24213645129826453,1,1,0.011140698541941383
24,4.55,hot-cold,0.3,0.3084599102363855,7,1,0.011979574908567443
24,4.55,hot-cold,0.5,0.5165241652473789,15,1,0.013098076730735523
24,4.55,hot-cold,0.7,0.702942734812831,48,1,0.01771189674717885
24,4.55,hot-cold,0.9,0.9014078220478149,103,1,0.025401596774584402
24,4.55,hot-cold,0.95,0.9510988801577057,134,1,0.029735791335485706
24,4.55,hot-cold,0.99,0.9900996483923622,199,1,0.03882361864060136
24,9.19,random,0.1,0.4412987822370837,1,1,0.011140698541941383
24,9.19,random,0.3,0.4412987822370837,1,1,0.011140698541941383
24,9.19,random,0.5,0.524950370014898,28,1,0.014915642191758654
24,9.19,random,0.7,0.801041087715828,2,2,0.022281397083882767
24,9.19,random,0.9,0.9087605292131976,55,2,0.029691471655746295
24,9.19,random,0.95,0.9500539580501994,149,1,0.03183298225205086
24,9.19,random,0.99,0.9978154887489842,198,1,0.03868380591283035
24,9.19,local,0.1,0.4412987822370837,1,1,0.011140698541941383
24,9.19,local,0.3,0.4412987822370837,1,1,0.011140698541941383
24,9.19,local,0.5,0.5236157755568545,2,1,0.011280511269712393
24,9.19,local,0.7,0.8643560712294094,29,1,0.015055454919529664
24,9.19,local,0.9,0.94667306454918,30,1,0.015195267647300673
24,9.19,local,0.95,0.9734241579084484,33,1,0.015614705830613702
24,9.19,local,0.99,0.9968257127785924,50,1,0.01799152220272087
24,9.19,hot-cold,0.1,0.4412987822370837,1,1,0.011140698541941383
24,9.19,hot-cold,0.3,0.4412987822370837,1,1,0.011140698541941383
24,9.19,hot-cold,0.5,0.524266376118224,25,1,0.014496204008445623
24,9.19,hot-cold,0.7,0.884841671987914,35,1,0.015894331286155722
24,9.19,hot-cold,0.9,0.908518601729756,43,1,0.017012833108323803
24,9.19,hot-cold,0.95,0.9547116486122371,51,1,0.018131334930491884
24,9.19,hot-cold,0.99,0.9937338876686155,57,1,0.018970211297117942
25,1.07,random,0.1,0.10760096382072776,18,1,0.013517514914048553
25,1.07,random,0.3,0.30144699443734135,66,1,0.020228525847057033
25,1.07,random,0.5,0.5072707214562423,120,1,0.02777841314669157
25,1.07,random,0.7,0.7039438018332512,166,1,0.03420979862415803
25,1.07,random,0.9,0.9009376226869547,224,1,0.04231893683487661
25,1.07,random,0.95,0.9503257192404417,240,1,0.04455594047921276
25,1.07,random,0.99,0.9920687140756604,252,1,0.046233693212464885
25,1.07,local,0.1,0.11405777785490416,5,1,0.011699949453025424
25,1.07,local,0.3,0.3001344431145611,21,1,0.013936953097361583
25,1.07,local,0.5,0.5009026208524922,66,1,0.020228525847057033
25,1.07,local,0.7,0.7047464950735175,139,1,0.030434854974340758
25,1.07,local,0.9,0.9001670830708901,210,1,0.040361558646082464
25,1.07,local,0.95,0.951771461009294,232,1,0.043437438657044684
25,1.07,local,0.99,0.9930502193257618,253,1,0.04637350594023589
25,1.07,hot-cold,0.1,0.11836191238302037,9,1,0.012259200364109463
25,1.07,hot-cold,0.3,0.30168312373174716,33,1,0.015614705830613702
25,1.07,hot-cold,0.5,0.5015082022933807,62,1,0.019669274935972994
25,1.07,hot-cold,0.7,0.7029645682509684,105,1,0.02568122223012642
25,1.07,hot-cold,0.9,0.901021610877826,185,1,0.03686624045180722
25,1.07,hot-cold,0.95,0.9516612966534953,217,1,0.041340247740479535
25,1.07,hot-cold,0.99,0.9905373505691982,249,1,0.04581425502915185
25,1.25,random,0.1,0.10085740656962258,12,1,0.012678638547422494
25,1.25,random,0.3,0.30210894290960605,66,1,0.020228525847057033
25,1.25,random,0.5,0.5053978944729602,121,1,0.027918225874462577
25,1.25,random,0.7,0.7042273327917987,176,1,0.03560792590186813
25,1.25,random,0.9,0.9012072899237531,230,1,0.043157813201502665
25,1.25,random,0.95,0.95042622325498,244,1,0.04511519139029681
25,1.25,random,0.99,0.9927773933963961,254,1,0.046513318668006905
25,1.25,local,0.1,0.10632847462609216,4,1,0.011560136725254414
25,1.25,local,0.3,0.30117366425217806,34,1,0.015754518558384712
25,1.25,local,0.5,0.5007051197369783,119,1,0.027638600418920557
25,1.25,local,0.7,0.7007634954423476,186,1,0.03700605317957823
25,1.25,local,0.9,0.9150991181969097,232,1,0.043437438657044684
25,1.25,local,0.95,0.9571363406064183,236,1,0.04399668956812872
25,1.25,local,0.99,0.9904727841763217,251,1,0.04609388048469387
25,1.25,hot-cold,0.1,0.10315207658639337,7,1,0.011979574908567443
25,1.25,hot-cold,0.3,0.3068353392929127,32,1,0.015474893102842693
25,1.25,hot-cold,0.5,0.5094069999253401,59,1,0.01924983675265996
25,1.25,hot-cold,0.7,0.7038169011659713,98,1,0.02470253313572935
25,1.25,hot-cold,0.9,0.9030984372370295,166,1,0.03420979862415803
25,1.25,hot-cold,0.95,0.950461295442725,201,1,0.03910324409614338
25,1.25,hot-cold,0.99,0.9901323685886164,245,1,0.045255004118067814
25,1.44,random,0.1,0.10725862606905257,13,1,0.012818451275193503
25,1.44,random,0.3,0.3001082293563208,62,1,0.019669274935972994
25,1.44,random,0.5,0.5019912196714735,116,1,0.02721916223560753
25,1.44,random,0.7,0.700854977087384,172,1,0.03504867499078409
25,1.44,random,0.9,0.9182211523523764,226,1,0.042598562290418626
25,1.44,random,0.95,0.950597939674187,234,1,0.043717064112586704
25,1.44,random,0.99,0.9933029972258317,252,1,0.046233693212464885
25,1.44,local,0.1,0.12265618992255367,4,1,0.011560136725254414
25,1.44,local,0.3,0.300292815768076,22,1,0.014076765825132592
25,1.44,local,0.5,0.5014704805330675,114,1,0.026939536780065512
25,1.44,local,0.7,0.7006940749064698,142,1,0.03085429315765379
25,1.44,local,0.9,0.9006129135280216,185,1,0.03686624045180722
25,1.44,local,0.95,0.9516561939247733,204,1,0.039522682279456406
25,1.44,local,0.99,0.9906291530582594,237,1,0.044136502295899736
25,1.44,hot-cold,0.1,0.10530929047910957,7,1,0.011979574908567443
25,1.44,hot-cold,0.3,0.30442370554635706,31,1,0.015335080375071683
25,1.44,hot-cold,0.5,0.5063264481629929,57,1,0.018970211297117942
25,1.44,hot-cold,0.7,0.7018757840282264,90,1,0.023584031313561273
25,1.44,hot-cold,0.9,0.9014294157021465,175,1,0.03546811317409712
25,1.44,hot-cold,0.95,0.9507629346309104,205,1,0.03966249500722742
25,1.44,hot-cold,0.99,0.9909832245155072,242,1,0.04483556593475478
25,2.48,random,0.1,0.12289049841312599,1,1,0.011140698541941383
25,2.48,random,0.3,0.31815205293760973,56,1,0.018830398569346932
25,2.48,random,0.5,0.5043137520726593,107,1,0.02596084768566844
25,2.48,random,0.7,0.7000055400167111,161,1,0.03351073498530298
25,2.48,random,0.9,0.9008782143963021,226,1,0.042598562290418626
25,2.48,random,0.95,0.9566640507298256,246,1,0.04539481684583883
25,2.48,random,0.99,0.9926248126298964,250,1,0.045954067756922866
25,2.48,local,0.1,0.12289049841312599,1,1,0.011140698541941383
25,2.48,local,0.3,0.30947758047353074,9,1,0.012259200364109463
25,2.48,local,0.5,0.5003861794022975,75,1,0.021486840396996124
25,2.48,local,0.7,0.7028673986756806,84,2,0.033746040761105586
25,2.48,local,0.9,0.9012691509144565,143,2,0.04199499169959517
25,2.48,local,0.95,0.9555222661247467,250,1,0.045954067756922866
25,2.48,local,0.99,0.9969336576550535,255,1,0.04665313139577791
25,2.48,hot-cold,0.1,0.12289049841312599,1,1,0.011140698541941383
25,2.48,hot-cold,0.3,0.3146120005266027,19,1,0.013657327641819563
25,2.48,hot-cold,0.5,0.500757939983189,39,1,0.01645358219723976
25,2.48,hot-cold,0.7,0.7018577848480607,57,1,0.018970211297117942
25,2.48,hot-cold,0.9,0.9013661064920951,124,1,0.02833766405777561
25,2.48,hot-cold,0.95,0.9510441195421964,169,1,0.034629236807471056
25,2.48,hot-cold,0.99,0.9906776292781667,231,1,0.04329762592927368
25,3.3,random,0.1,0.16543766759944115,1,1,0.011140698541941383
25,3.3,random,0.3,0.30228949501771296,27,1,0.014775829463987642
25,3.3,random,0.5,0.5001827110025607,65,1,0.02008871311928602
25,3.3,random,0.7,0.7030964701812819,119,1,0.027638600418920557
25,3.3,random,0.9,0.9016791603388243,197,1,0.038543993185059335
25,3.3,random,0.95,0.9512362955496229,219,1,0.041619873196021555
25,3.3,random,0.99,0.9929694225836002,245,1,0.045255004118067814
25,3.3,local,0.1,0.16543766759944115,1,1,0.011140698541941383
25,3.3,local,0.3,0.30395633684780426,5,1,0.011699949453025424
25,3.3,local,0.5,0.5005545898897876,25,1,0.014496204008445623
25,3.3,local,0.7,0.7007560470458569,39,1,0.01645358219723976
25,3.3,local,0.9,0.9045169578225054,112,1,0.026659911324523493
25,3.3,local,0.95,0.950775337662585,129,1,0.02903672769663066
25,3.3,local,0.99,0.9901846494069716,223,1,0.042179124107105594
25,3.3,hot-cold,0.1,0.16543766759944115,1,1,0.011140698541941383
25,3.3,hot-cold,0.3,0.30173583633360446,13,1,0.012818451275193503
25,3.3,hot-cold,0.5,0.5091039159939568,42,1,0.016873020380552793
25,3.3,hot-cold,0.7,0.7087328999490008,54,1,0.018550773113804913
25,3.3,hot-cold,0.9,0.9013795450692054,107,1,0.02596084768566844
25,3.3,hot-cold,0.95,0.9506595241908805,157,1,0.03295148407421894
25,3.3,hot-cold,0.99,0.9900533806771212,221,1,0.041899498651563574
25,4.55,random,0.1,0.19633596789316582,1,1,0.011140698541941383
25,4.55,random,0.3,0.30765230603971294,13,1,0.012818451275193503
25,4.55,random,0.5,0.5000269969297158,47,1,0.01757208401940784
25,4.55,random,0.7,0.7265980894763369,143,1,0.030994105885424797
25,4.55,random,0.9,0.9381802862093515,194,1,0.03812455500174631
25,4.55,random,0.95,0.9533370338005619,199,1,0.03882361864060136
25,4.55,random,0.99,0.9906368829602629,233,1,0.0435772513848157
25,4.55,local,0.1,0.19633596789316582,1,1,0.011140698541941383
25,4.55,local,0.3,0.3182006624936753,2,1,0.011280511269712393
25,4.55,local,0.5,0.5159964775598278,5,1,0.011699949453025424
25,4.55,local,0.7,0.7075652682641757,10,2,0.023399898906050848
25,4.55,local,0.9,0.9011253397530828,30,2,0.026196153461471045
25,4.55,local,0.95,0.951858787568875,127,1,0.028757102241088642
25,4.55,local,0.99,0.9926072579165728,149,1,0.03183298225205086
25,4.55,hot-cold,0.1,0.19633596789316582,1,1,0.011140698541941383
25,4.55,hot-cold,0.3,0.33361380083875614,11,1,0.012538825819651484
25,4.55,hot-cold,0.5,0.5101680088274962,29,1,0.015055454919529664
25,4.55,hot-cold,0.7,0.7661359842358384,56,1,0.018830398569346932
25,4.55,hot-cold,0.9,0.9348303442626464,87,1,0.02316459313024824
25,4.55,hot-cold,0.95,0.9522469479385395,106,1,0.02582103495789743
25,4.55,hot-cold,0.99,0.9902526249922047,143,1,0.030994105885424797
25,9.19,random,0.1,0.534703955196523,1,1,0.011140698541941383
25,9.19,random,0.3,0.534703955196523,1,1,0.011140698541941383
25,9.19,random,0.5,0.534703955196523,1,1,0.011140698541941383
25,9.19,random,0.7,0.7070207054073454,50,1,0.01799152220272087
25,9.19,random,0.9,0.9340969019815121,109,1,0.02624047314121046
25,9.19,random,0.95,0.9672201490839714,112,1,0.026659911324523493
25,9.19,random,0.99,0.9977445888702408,131,1,0.02931635315217268
25,9.19,local,0.1,0.534703955196523,1,1,0.011140698541941383
25,9.19,local,0.3,0.534703955196523,1,1,0.011140698541941383
25,9.19,local,0.5,0.534703955196523,1,1,0.011140698541941383
25,9.19,local,0.7,0.8074159964093415,3,1,0.011420323997483403
25,9.19,local,0.9,0.9196332511315861,5,1,0.011699949453025424
25,9.19,local,0.95,0.9701503731348994,7,1,0.011979574908567443
25,9.19,local,0.99,0.992875300042377,8,1,0.012119387636338453
25,9.19,hot-cold,0.1,0.534703955196523,1,1,0.011140698541941383
25,9.19,hot-cold,0.3,0.534703955196523,1,1,0.011140698541941383
25,9.19,hot-cold,0.5,0.534703955196523,1,1,0.011140698541941383
25,9.19,hot-cold,0.7,0.7661158934327672,16,1,0.013237889458506534
25,9.19,hot-cold,0.9,0.9403400712794658,35,1,0.015894331286155722
25,9.19,hot-cold,0.95,0.9651691618138258,85,1,0.02288496767470622
25,9.19,hot-cold,0.99,0.9955995044846222,86,1,0.02302478040247723
26,1.07,random,0.1,0.10267732656785833,17,1,0.013377702186277544
26,1.07,random,0.3,0.3000083173388309,67,1,0.02036833857482804
26,1.07,random,0.5,0.5025498087288387,116,1,0.02721916223560753
26,1.07,random,0.7,0.7069133937224533,173,1,0.0351884877185551
26,1.07,random,0.9,0.9008612642432443,227,1,0.04273837501818963
26,1.07,random,0.95,0.9512380250944675,240,1,0.04455594047921276
26,1.07,random,0.99,0.9939948357159815,252,1,0.046233693212464885
26,1.07,local,0.1,0.11214220170456102,5,1,0.011699949453025424
26,1.07,local,0.3,0.3051250481697364,29,1,0.015055454919529664
26,1.07,local,0.5,0.5009052925607103,66,1,0.020228525847057033
26,1.07,local,0.7,0.7035490639579283,126,1,0.02861728951331763
26,1.07,local,0.9,0.9024734079881706,177,1,0.03574773862963914
26,1.07,local,0.95,0.95021606318715,202,1,0.039243056823914386
26,1.07,local,0.99,0.9904093647242784,236,1,0.04399668956812872
26,1.07,hot-cold,0.1,0.11037547845588774,9,1,0.012259200364109463
26,1.07,hot-cold,0.3,0.3067273875729258,33,1,0.015614705830613702
26,1.07,hot-cold,0.5,0.5064927823822926,60,1,0.01938964948043097
26,1.07,hot-cold,0.7,0.7000831479999999,106,1,0.02582103495789743
26,1.07,hot-cold,0.9,0.9046564474656952,181,1,0.03630698954072318
26,1.07,hot-cold,0.95,0.9508185798841157,211,1,0.04050137137385348
26,1.07,hot-cold,0.99,0.9900299480364357,243,1,0.044975378662525795
26,1.25,random,0.1,0.10345767644931728,15,1,0.013098076730735523
26,1.25,random,0.3,0.30216955394022443,68,1,0.020508151302599052
26,1.25,random,0.5,0.5052135827867392,120,1,0.02777841314669157
26,1.25,random,0.7,0.700987319413806,171,1,0.034908862263013075
26,1.25,random,0.9,0.9006373905562443,223,1,0.042179124107105594
26,1.25,random,0.95,0.9527679663749102,240,1,0.04455594047921276
26,1.25,random,0.99,0.9907904650079729,248,1,0.045674442301380846
26,1.25,local,0.1,0.11699119969865848,4,1,0.011560136725254414
26,1.25,local,0.3,0.30340545059865104,17,1,0.013377702186277544
26,1.25,local,0.5,0.5021266876335413,62,1,0.019669274935972994
26,1.25,local,0.7,0.7034490374307184,120,1,0.02777841314669157
26,1.25,local,0.9,0.9008035828614717,194,1,0.03812455500174631
26,1.25,local,0.95,0.9547796142692677,220,1,0.04175968592379257
26,1.25,local,0.99,0.990263953273938,238,1,0.04427631502367074
26,1.25,hot-cold,0.1,0.10825136814426858,7,1,0.011979574908567443
26,1.25,hot-cold,0.3,0.3042944827422559,28,1,0.014915642191758654
26,1.25,hot-cold,0.5,0.5091155326092152,56,1,0.018830398569346932
26,1.25,hot-cold,0.7,0.7004082722936834,95,1,0.02428309495241632
26,1.25,hot-cold,0.9,0.9042394490097139,183,1,0.0365866149962652
26,1.25,hot-cold,0.95,0.9519095219985374,208,1,0.040081933190540445
26,1.25,hot-cold,0.99,0.9912279481809124,243,1,0.044975378662525795
26,1.44,random,0.1,0.1043941792595132,11,1,0.012538825819651484
26,1.44,random,0.3,0.3036282195766638,60,1,0.01938964948043097
26,1.44,random,0.5,0.5001785714100023,111,1,0.02652009859675248
26,1.44,random,0.7,0.7030131241412626,161,1,0.03351073498530298
26,1.44,random,0.9,0.9016752993896068,222,1,0.04203931137933459
26,1.44,random,0.95,0.9505827388735523,236,1,0.04399668956812872
26,1.44,random,0.99,0.9906178861878915,252,1,0.046233693212464885
26,1.44,local,0.1,0.11089934688170715,3,1,0.011420323997483403
26,1.44,local,0.3,0.3074304151713238,18,1,0.013517514914048553
26,1.44,local,0.5,0.5097393574668508,39,1,0.01645358219723976
26,1.44,local,0.7,0.7003927811991039,91,1,0.02372384404133228
26,1.44,local,0.9,0.9012199171663668,178,1,0.03588755135741015
26,1.44,local,0.95,0.9505886997318246,214,1,0.04092080955716651
26,1.44,local,0.99,0.9909168731950707,241,1,0.044695753206983775
26,1.44,hot-cold,0.1,0.10137209427557266,5,1,0.011699949453025424
26,1.44,hot-cold,0.3,0.305988236128439,24,1,0.014356391280674613
26,1.44,hot-cold,0.5,0.5014092532409311,50,1,0.01799152220272087
26,1.44,hot-cold,0.7,0.7009546475877176,85,1,0.02288496767470622
26,1.44,hot-cold,0.9,0.9029546623792359,160,1,0.033370922257531965
26,1.44,hot-cold,0.95,0.9507967067331039,185,1,0.03686624045180722
26,1.44,hot-cold,0.99,0.990588344931979,236,1,0.04399668956812872
26,2.48,random,0.1,0.10082822349572151,5,1,0.011699949453025424
26,2.48,random,0.3,0.3038642116181833,58,1,0.019110024024888952
26,2.48,random,0.5,0.5008722365603474,95,1,0.02428309495241632
26,2.48,random,0.7,0.7014371328375878,156,1,0.032811671346447926
26,2.48,random,0.9,0.916450059378938,211,1,0.04050137137385348
26,2.48,random,0.95,0.9511814864029304,221,1,0.041899498651563574
26,2.48,random,0.99,0.9930733721968318,249,1,0.04581425502915185
26,2.48,local,0.1,0.18086406547742107,2,1,0.011280511269712393
26,2.48,local,0.3,0.33056577915096635,8,1,0.012119387636338453
26,2.48,local,0.5,0.5081778171498167,16,1,0.013237889458506534
26,2.48,local,0.7,0.7010821503331601,102,1,0.02526178404681339
26,2.48,local,0.9,0.9006469715496077,142,1,0.03085429315765379
26,2.48,local,0.95,0.9521290893035909,150,1,0.03197279497982187
26,2.48,local,0.99,0.990014781805619,229,1,0.04301800047373165
26,2.48,hot-cold,0.1,0.18086406547742107,2,1,0.011280511269712393
26,2.48,hot-cold,0.3,0.31079317179806765,20,1,0.013797140369590573
26,2.48,hot-cold,0.5,0.5050469042130807,34,1,0.015754518558384712
26,2.48,hot-cold,0.7,0.7044802517692533,62,1,0.019669274935972994
26,2.48,hot-cold,0.9,0.9005396924143345,126,1,0.02861728951331763
26,2.48,hot-cold,0.95,0.9512583148471949,172,1,0.03504867499078409
26,2.48,hot-cold,0.99,0.9904045918465312,222,1,0.04203931137933459
26,3.3,random,0.1,0.15357192734286668,1,1,0.011140698541941383
26,3.3,random,0.3,0.30466263090713497,40,1,0.016593394925010774
26,3.3,random,0.5,0.5013389725968969,110,1,0.02638028586898147
26,3.3,random,0.7,0.7222581783892673,146,1,0.03141354406873783
26,3.3,random,0.9,0.9005661969906567,213,1,0.0407809968293955
26,3.3,random,0.95,0.9508934958430305,235,1,0.04385687684035772
26,3.3,random,0.99,0.9901130058448188,252,1,0.046233693212464885
26,3.3,local,0.1,0.15357192734286668,1,1,0.011140698541941383
26,3.3,local,0.3,0.3041539113856231,4,1,0.011560136725254414
26,3.3,local,0.5,0.5002954351942213,27,1,0.014775829463987642
26,3.3,local,0.7,0.7006695395604436,43,2,0.028013718922494175
26,3.3,local,0.9,0.9010654484875276,111,2,0.03752098441092285
26,3.3,local,0.95,0.9514897410515502,211,1,0.04050137137385348
26,3.3,local,0.99,0.9907104858372583,239,1,0.044416127751441756
26,3.3,hot-cold,0.1,0.15357192734286668,1,1,0.011140698541941383
26,3.3,hot-cold,0.3,0.30289382627088624,16,1,0.013237889458506534
26,3.3,hot-cold,0.5,0.5074072551122347,39,1,0.01645358219723976
26,3.3,hot-cold,0.7,0.7020267251842718,59,1,0.01924983675265996
26,3.3,hot-cold,0.9,0.9007060259945259,115,1,0.02707934950783652
26,3.3,hot-cold,0.95,0.9505121227325187,151,1,0.03211260770759288
26,3.3,hot-cold,0.99,0.9903897095554018,219,1,0.041619873196021555
26,4.55,random,0.1,0.17370232208951322,1,1,0.011140698541941383
26,4.55,random,0.3,0.35525178019442505,4,1,0.011560136725254414
26,4.55,random,0.5,0.5299448768073334,57,1,0.018970211297117942
26,4.55,random,0.7,0.7084083100097636,45,2,0.028293344378036198
26,4.55,random,0.9,0.9540154425962786,179,1,0.03602736408518116
26,4.55,random,0.95,0.9540154425962786,179,1,0.03602736408518116
26,4.55,random,0.99,0.9907042920279414,224,1,0.04231893683487661
26,4.55,local,0.1,0.17370232208951322,1,1,0.011140698541941383
26,4.55,local,0.3,0.3430516267634696,2,1,0.011280511269712393
26,4.55,local,0.5,0.5134544044639908,6,1,0.011839762180796434
26,4.55,local,0.7,0.7443691907194494,10,1,0.012399013091880472
26,4.55,local,0.9,0.9001564923824722,20,2,0.024798026183760945
26,4.55,local,0.95,0.9555252936836267,56,2,0.029831284383517308
26,4.55,local,0.99,0.9902956008254282,128,2,0.03989780078303003
26,4.55,hot-cold,0.1,0.17370232208951322,1,1,0.011140698541941383
26,4.55,hot-cold,0.3,0.3444235701714713,5,1,0.011699949453025424
26,4.55,hot-cold,0.5,0.5131997994525093,18,1,0.013517514914048553
26,4.55,hot-cold,0.7,0.7165434955108424,34,1,0.015754518558384712
26,4.55,hot-cold,0.9,0.9053347774507532,71,1,0.02092758948591208
26,4.55,hot-cold,0.95,0.9623378493873656,81,1,0.022325716763622182
26,4.55,hot-cold,0.99,0.9949982913882649,138,1,0.030295042246569752
26,9.19,random,0.1,0.562301745443087,1,1,0.011140698541941383
26,9.19,random,0.3,0.562301745443087,1,1,0.011140698541941383
26,9.19,random,0.5,0.562301745443087,1,1,0.011140698541941383
26,9.19,random,0.7,0.7015977836822689,41,1,0.016733207652781783
26,9.19,random,0.9,0.9271792221051618,181,1,0.03630698954072318
26,9.19,random,0.95,0.9657811360170031,185,1,0.03686624045180722
26,9.19,random,0.99,0.991090346436171,225,1,0.04245874956264761
26,9.19,local,0.1,0.562301745443087,1,1,0.011140698541941383
26,9.19,local,0.3,0.562301745443087,1,1,0.011140698541941383
26,9.19,local,0.5,0.562301745443087,1,1,0.011140698541941383
26,9.19,local,0.7,0.7205688428248082,5,1,0.011699949453025424
26,9.19,local,0.9,0.9040581092757951,46,1,0.017432271291636832
26,9.19,local,0.95,0.9549873621746733,46,2,0.028433157105807204
26,9.19,local,0.99,0.9907396350938851,84,2,0.033746040761105586
26,9.19,hot-cold,0.1,0.562301745443087,1,1,0.011140698541941383
26,9.19,hot-cold,0.3,0.562301745443087,1,1,0.011140698541941383
26,9.19,hot-cold,0.5,0.562301745443087,1,1,0.011140698541941383
26,9.19,hot-cold,0.7,0.7232855453467573,7,1,0.011979574908567443
26,9.19,hot-cold,0.9,0.924640013271101,54,1,0.018550773113804913
26,9.19,hot-cold,0.95,0.9516394217498528,109,1,0.02624047314121046
26,9.19,hot-cold,0.99,0.9934636165897724,148,1,0.03169316952427985
27,1.07,random,0.1,0.10306924386773929,17,1,0.013377702186277544
27,1.07,random,0.3,0.30229614773358177,69,1,0.020647964030370062
27,1.07,random,0.5,0.5005701467915594,121,1,0.027918225874462577
27,1.07,random,0.7,0.7069313208415589,174,1,0.03532830044632611
27,1.07,random,0.9,0.904407151635466,223,1,0.042179124107105594
27,1.07,random,0.95,0.9515844516254024,236,1,0.04399668956812872
27,1.07,random,0.99,0.9909248195427371,252,1,0.046233693212464885
27,1.07,local,0.1,0.11432551229036772,5,1,0.011699949453025424
27,1.07,local,0.3,0.3020418990372763,29,1,0.015055454919529664
27,1.07,local,0.5,0.5015269204879298,78,1,0.02190627858030915
27,1.07,local,0.7,0.7026104696401988,151,1,0.03211260770759288
27,1.07,local,0.9,0.9038072550657529,219,1,0.041619873196021555
27,1.07,local,0.95,0.9521131588869004,231,1,0.04329762592927368
27,1.07,local,0.99,0.9908307741744761,252,1,0.046233693212464885
27,1.07,hot-cold,0.1,0.1000167648225004,5,1,0.011699949453025424
27,1.07,hot-cold,0.3,0.30657932387624515,35,1,0.015894331286155722
27,1.07,hot-cold,0.5,0.5007886547968221,64,1,0.019948900391515013
27,1.07,hot-cold,0.7,0.7003138944043302,105,1,0.02568122223012642
27,1.07,hot-cold,0.9,0.9000634413884673,188,1,0.03728567863512025
27,1.07,hot-cold,0.95,0.9506229480851274,219,1,0.041619873196021555
27,1.07,hot-cold,0.99,0.9900705943871261,245,1,0.045255004118067814
27,1.25,random,0.1,0.10277924996163204,9,1,0.012259200364109463
27,1.25,random,0.3,0.3007095850620955,61,1,0.01952946220820198
27,1.25,random,0.5,0.5035579584502482,115,1,0.02707934950783652
27,1.25,random,0.7,0.7014038808062178,171,1,0.034908862263013075
27,1.25,random,0.9,0.9163142644831963,227,1,0.04273837501818963
27,1.25,random,0.95,0.9514736517643313,240,1,0.04455594047921276
27,1.25,random,0.99,0.9903696927147104,254,1,0.046513318668006905
27,1.25,local,0.1,0.10623526089327236,3,1,0.011420323997483403
27,1.25,local,0.3,0.3018468116393225,30,1,0.015195267647300673
27,1.25,local,0.5,0.5010803714557175,71,1,0.02092758948591208
27,1.25,local,0.7,0.7015120570297877,123,1,0.028197851330004603
27,1.25,local,0.9,0.9040098487709487,190,1,0.03756530409066227
27,1.25,local,0.95,0.9507972243520683,232,1,0.043437438657044684
27,1.25,local,0.99,0.9902394512700706,251,1,0.04609388048469387
27,1.25,hot-cold,0.1,0.10317001609245746,8,1,0.012119387636338453
27,1.25,hot-cold,0.3,0.3044070022920162,31,1,0.015335080375071683
27,1.25,hot-cold,0.5,0.5014621147493931,66,1,0.020228525847057033
27,1.25,hot-cold,0.7,0.7017114220995333,116,1,0.02721916223560753
27,1.25,hot-cold,0.9,0.9010438766654622,195,1,0.038264367729517315
27,1.25,hot-cold,0.95,0.9512328447077453,222,1,0.04203931137933459
27,1.25,hot-cold,0.99,0.9920280871921187,248,1,0.045674442301380846
27,1.44,random,0.1,0.10510346595321417,7,1,0.011979574908567443
27,1.44,random,0.3,0.3001889575990224,54,1,0.018550773113804913
27,1.44,random,0.5,0.5034438363934606,115,1,0.02707934950783652
27,1.44,random,0.7,0.7073584795682835,166,1,0.03420979862415803
27,1.44,random,0.9,0.9005511656378975,217,1,0.041340247740479535
27,1.44,random,0.95,0.9564231690375994,236,1,0.04399668956812872
27,1.44,random,0.99,0.9920702865443881,251,1,0.04609388048469387
27,1.44,local,0.1,0.1072802543553859,3,1,0.011420323997483403
27,1.44,local,0.3,0.31054122034526355,24,1,0.014356391280674613
27,1.44,local,0.5,0.5071576315339811,44,1,0.017152645836094813
27,1.44,local,0.7,0.7020147492978139,91,1,0.02372384404133228
27,1.44,local,0.9,0.9001600802934334,169,1,0.034629236807471056
27,1.44,local,0.95,0.9509385808970495,209,1,0.04022174591831146
27,1.44,local,0.99,0.9911458808561385,250,1,0.045954067756922866
27,1.44,hot-cold,0.1,0.10151744132366591,6,1,0.011839762180796434
27,1.44,hot-cold,0.3,0.30145785453352836,26,1,0.014636016736216633
27,1.44,hot-cold,0.5,0.5050121552053743,55,1,0.018690585841575923
27,1.44,hot-cold,0.7,0.702448227740376,97,1,0.02456272040795834
27,1.44,hot-cold,0.9,0.9038059010510422,169,1,0.034629236807471056
27,1.44,hot-cold,0.95,0.9508429256281887,206,1,0.039802307734998425
27,1.44,hot-cold,0.99,0.9909165650652428,244,1,0.04511519139029681
27,2.48,random,0.1,0.119841861051383,9,1,0.012259200364109463
27,2.48,random,0.3,0.30110221973129225,50,1,0.01799152220272087
27,2.48,random,0.5,0.5263457293599707,106,1,0.02582103495789743
27,2.48,random,0.7,0.7007573714079506,150,1,0.03197279497982187
27,2.48,random,0.9,0.9072467056547544,204,1,0.039522682279456406
27,2.48,random,0.95,0.9507973970824225,212,1,0.04064118410162449
27,2.48,random,0.99,0.9906612027421544,244,1,0.04511519139029681
27,2.48,local,0.1,0.14930713619859093,2,1,0.011280511269712393
27,2.48,local,0.3,0.31089510943013327,5,1,0.011699949453025424
27,2.48,local,0.5,0.5060272048689415,45,1,0.017292458563865822
27,2.48,local,0.7,0.7015005811916872,59,1,0.01924983675265996
27,2.48,local,0.9,0.9002265057079336,141,1,0.030714480429882778
27,2.48,local,0.95,0.950058649135203,174,1,0.03532830044632611
27,2.48,local,0.99,0.9904655675760416,236,1,0.04399668956812872
27,2.48,hot-cold,0.1,0.1322795755042665,5,1,0.011699949453025424
27,2.48,hot-cold,0.3,0.3024837743317078,20,1,0.013797140369590573
27,2.48,hot-cold,0.5,0.5138909272011922,48,1,0.01771189674717885
27,2.48,hot-cold,0.7,0.7046549453398104,67,1,0.02036833857482804
27,2.48,hot-cold,0.9,0.900177941062795,117,1,0.027358974963378538
27,2.48,hot-cold,0.95,0.9507947960811746,165,1,0.03406998589638702
27,2.48,hot-cold,0.99,0.9908033643284057,220,1,0.04175968592379257
27,3.3,random,0.1,0.15496010099788124,1,1,0.011140698541941383
27,3.3,random,0.3,0.3023955775562595,34,1,0.015754518558384712
27,3.3,random,0.5,0.5055773369201839,89,1,0.02344421858579026
27,3.3,random,0.7,0.7027441209626021,160,1,0.033370922257531965
27,3.3,random,0.9,0.9078269736910534,228,1,0.042878187745960646
27,3.3,random,0.95,0.9704744977154183,233,1,0.0435772513848157
27,3.3,random,0.99,0.9900059014773974,252,1,0.046233693212464885
27,3.3,local,0.1,0.15496010099788124,1,1,0.011140698541941383
27,3.3,local,0.3,0.3011926078399155,4,1,0.011560136725254414
27,3.3,local,0.5,0.5022803560738108,25,1,0.014496204008445623
27,3.3,local,0.7,0.7265374317601206,49,1,0.01785170947494986
27,3.3,local,0.9,0.9010798968533213,74,2,0.03234791348339548
27,3.3,local,0.95,0.9531602929049954,167,1,0.03434961135192904
27,3.3,local,0.99,0.9908384764830063,206,1,0.039802307734998425
27,3.3,hot-cold,0.1,0.15496010099788124,1,1,0.011140698541941383
27,3.3,hot-cold,0.3,0.30636102389497355,14,1,0.012958264002964513
27,3.3,hot-cold,0.5,0.5298701928466699,23,1,0.014216578552903602
27,3.3,hot-cold,0.7,0.7011526324593645,63,1,0.019809087663744
27,3.3,hot-cold,0.9,0.901338195502222,123,1,0.028197851330004603
27,3.3,hot-cold,0.95,0.9505801319966658,144,1,0.03113391861319581
27,3.3,hot-cold,0.99,0.9924024341339578,212,1,0.04064118410162449
27,4.55,random,0.1,0.26255790868320283,1,1,0.011140698541941383
27,4.55,random,0.3,0.32332533530686725,9,1,0.012259200364109463
27,4.55,random,0.5,0.511010992117504,76,1,0.02162665312476713
27,4.55,random,0.7,0.7000216165710418,134,1,0.029735791335485706
27,4.55,random,0.9,0.9030511209818938,214,1,0.04092080955716651
27,4.55,random,0.95,0.9509969092574205,227,1,0.04273837501818963
27,4.55,random,0.99,0.9901154244819547,242,1,0.04483556593475478
27,4.55,local,0.1,0.26255790868320283,1,1,0.011140698541941383
27,4.55,local,0.3,0.35160719291368825,2,1,0.011280511269712393
27,4.55,local,0.5,0.5144742456832476,8,1,0.012119387636338453
27,4.55,local,0.7,0.7055677661156616,28,1,0.014915642191758654
27,4.55,local,0.9,0.9010057479005852,89,2,0.03444510439996064
27,4.55,local,0.95,0.9501685064635806,142,2,0.04185517897182416
27,4.55,local,0.99,0.9903784920802079,246,1,0.04539481684583883
27,4.55,hot-cold,0.1,0.26255790868320283,1,1,0.011140698541941383
27,4.55,hot-cold,0.3,0.3033702629725289,5,1,0.011699949453025424
27,4.55,hot-cold,0.5,0.5157349597576417,20,1,0.013797140369590573
27,4.55,hot-cold,0.7,0.7018142139616342,50,1,0.01799152220272087
27,4.55,hot-cold,0.9,0.9010551449673181,123,1,0.028197851330004603
27,4.55,hot-cold,0.95,0.9504866650272252,148,1,0.03169316952427985
27,4.55,hot-cold,0.99,0.9903767758872513,219,1,0.041619873196021555
27,9.19,random,0.1,0.5738725556256207,1,1,0.011140698541941383
27,9.19,random,0.3,0.5738725556256207,1,1,0.011140698541941383
27,9.19,random,0.5,0.5738725556256207,1,1,0.011140698541941383
27,9.19,random,0.7,0.7001935019396115,74,1,0.02134702766922511
27,9.19,random,0.9,0.9002348619396695,169,1,0.034629236807471056
27,9.19,random,0.95,0.9519948586726723,198,1,0.03868380591283035
27,9.19,random,0.99,0.9916907367244217,231,1,0.04329762592927368
27,9.19,local,0.1,0.5738725556256207,1,1,0.011140698541941383
27,9.19,local,0.3,0.5738725556256207,1,1,0.011140698541941383
27,9.19,local,0.5,0.5738725556256207,1,1,0.011140698541941383
27,9.19,local,0.7,0.706636647528146,8,1,0.012119387636338453
27,9.19,local,0.9,0.9031518226917927,96,1,0.02442290768018733
27,9.19,local,0.95,0.9509302485410016,105,1,0.02568122223012642
27,9.19,local,0.99,0.9900388125768886,205,1,0.03966249500722742
27,9.19,hot-cold,0.1,0.5738725556256207,1,1,0.011140698541941383
27,9.19,hot-cold,0.3,0.5738725556256207,1,1,0.011140698541941383
27,9.19,hot-cold,0.5,0.5738725556256207,1,1,0.011140698541941383
27,9.19,hot-cold,0.7,0.7004524304993371,22,1,0.014076765825132592
27,9.19,hot-cold,0.9,0.9003036681313721,72,1,0.02106740221368309
27,9.19,hot-cold,0.95,0.952284179221454,110,1,0.02638028586898147
27,9.19,hot-cold,0.99,0.9903836907832214,181,1,0.03630698954072318
28,1.07,random,0.1,0.10093479180108923,16,1,0.013237889458506534
28,1.07,random,0.3,0.3028413388119361,64,1,0.019948900391515013
28,1.07,random,0.5,0.5023936723897474,121,1,0.027918225874462577
28,1.07,random,0.7,0.7015436339553891,171,1,0.034908862263013075
28,1.07,random,0.9,0.9008797870140234,226,1,0.042598562290418626
28,1.07,random,0.95,0.9528534290069247,242,1,0.04483556593475478
28,1.07,random,0.99,0.9933562032530808,253,1,0.04637350594023589
28,1.07,local,0.1,0.10557877467237878,5,1,0.011699949453025424
28,1.07,local,0.3,0.3022221550572186,26,1,0.014636016736216633
28,1.07,local,0.5,0.5044627732268286,52,1,0.01827114765826289
28,1.07,local,0.7,0.7006134477341373,107,1,0.02596084768566844
28,1.07,local,0.9,0.9025893622268544,207,1,0.03994212046276944
28,1.07,local,0.95,0.9529597070936444,218,1,0.04148006046825055
28,1.07,local,0.99,0.9903104881454559,247,1,0.04553462957360983
28,1.07,hot-cold,0.1,0.10340636968324744,6,1,0.011839762180796434
28,1.07,hot-cold,0.3,0.303934988776544,35,1,0.015894331286155722
28,1.07,hot-cold,0.5,0.5054303867977239,70,1,0.02078777675814107
28,1.07,hot-cold,0.7,0.7022193470481843,113,1,0.0267997240522945
28,1.07,hot-cold,0.9,0.900384920855424,187,1,0.03714586590734924
28,1.07,hot-cold,0.95,0.952300050682546,216,1,0.04120043501270853
28,1.07,hot-cold,0.99,0.9909780930626816,248,1,0.045674442301380846
28,1.25,random,0.1,0.1011231003937274,13,1,0.012818451275193503
28,1.25,random,0.3,0.3010269882104294,65,1,0.02008871311928602
28,1.25,random,0.5,0.5008165054595534,117,1,0.027358974963378538
28,1.25,random,0.7,0.7098173051984032,171,1,0.034908862263013075
28,1.25,random,0.9,0.903185476708105,226,1,0.042598562290418626
28,1.25,random,0.95,0.951841768022378,238,1,0.04427631502367074
28,1.25,random,0.99,0.9909662588612975,252,1,0.046233693212464885
28,1.25,local,0.1,0.10397998293710649,7,1,0.011979574908567443
28,1.25,local,0.3,0.3032885293134781,48,1,0.01771189674717885
28,1.25,local,0.5,0.5100764592180482,99,1,0.02484234586350036
28,1.25,local,0.7,0.7027088060448469,129,1,0.02903672769663066
28,1.25,local,0.9,0.9001428642036148,207,1,0.03994212046276944
28,1.25,local,0.95,0.9587438945535863,239,1,0.044416127751441756
28,1.25,local,0.99,0.9924078855512637,254,1,0.046513318668006905
28,1.25,hot-cold,0.1,0.10701868223849427,9,1,0.012259200364109463
28,1.25,hot-cold,0.3,0.3135996571012346,32,1,0.015474893102842693
28,1.25,hot-cold,0.5,0.5039894478001666,60,1,0.01938964948043097
28,1.25,hot-cold,0.7,0.7012959464688133,87,1,0.02316459313024824
28,1.25,hot-cold,0.9,0.9007353670918815,163,1,0.033790360440845
28,1.25,hot-cold,0.95,0.9532735404163591,201,1,0.03910324409614338
28,1.25,hot-cold,0.99,0.9907211275287083,243,1,0.044975378662525795
28,1.44,random,0.1,0.10195347305629895,8,1,0.012119387636338453
28,1.44,random,0.3,0.30052370823266583,65,1,0.02008871311928602
28,1.44,random,0.5,0.5003110463331379,117,1,0.027358974963378538
28,1.44,random,0.7,0.7010172667209584,167,1,0.03434961135192904
28,1.44,random,0.9,0.9026485523586862,231,1,0.04329762592927368
28,1.44,random,0.95,0.954552769025725,239,1,0.044416127751441756
28,1.44,random,0.99,0.9912055092572452,251,1,0.04609388048469387
28,1.44,local,0.1,0.11328506236764145,3,1,0.011420323997483403
28,1.44,local,0.3,0.3066110467941525,17,1,0.013377702186277544
28,1.44,local,0.5,0.5001178631489378,46,1,0.017432271291636832
28,1.44,local,0.7,0.7015788726195635,82,1,0.02246552949139319
28,1.44,local,0.9,0.9000090136636714,184,1,0.036726427724036205
28,1.44,local,0.95,0.9509692951336943,222,1,0.04203931137933459
28,1.44,local,0.99,0.9936086914995159,254,1,0.046513318668006905
28,1.44,hot-cold,0.1,0.10015922510196155,3,1,0.011420323997483403
28,1.44,hot-cold,0.3,0.3022045983814946,24,1,0.014356391280674613
28,1.44,hot-cold,0.5,0.5054800992152279,50,1,0.01799152220272087
28,1.44,hot-cold,0.7,0.7020380793161604,88,1,0.023304405858019253
28,1.44,hot-cold,0.9,0.9002513637083767,170,1,0.03476904953524207
28,1.44,hot-cold,0.95,0.9515437417251831,203,1,0.0393828695516854
28,1.44,hot-cold,0.99,0.9902367088673203,243,1,0.044975378662525795
28,2.48,random,0.1,0.10953996134369268,3,1,0.011420323997483403
28,2.48,random,0.3,0.30766684516266934,46,1,0.017432271291636832
28,2.48,random,0.5,0.5091534530982172,115,1,0.02707934950783652
28,2.48,random,0.7,0.7295147054227136,167,1,0.03434961135192904
28,2.48,random,0.9,0.9060827736567305,212,1,0.04064118410162449
28,2.48,random,0.95,0.9505036879818982,231,1,0.04329762592927368
28,2.48,random,0.99,0.995910339610413,254,1,0.046513318668006905
28,2.48,local,0.1,0.11387236965472167,2,1,0.011280511269712393
28,2.48,local,0.3,0.32609499719299373,8,1,0.012119387636338453
28,2.48,local,0.5,0.5103738734651162,16,1,0.013237889458506534
28,2.48,local,0.7,0.7101499455313804,70,1,0.02078777675814107
28,2.48,local,0.9,0.9025224960458056,117,1,0.027358974963378538
28,2.48,local,0.95,0.9518140557584522,129,1,0.02903672769663066
28,2.48,local,0.99,0.9902237347474518,221,1,0.041899498651563574
28,2.48,hot-cold,0.1,0.11128008574640985,2,1,0.011280511269712393
28,2.48,hot-cold,0.3,0.3024846217494759,15,1,0.013098076730735523
28,2.48,hot-cold,0.5,0.5063088782387468,29,1,0.015055454919529664
28,2.48,hot-cold,0.7,0.7044611022104946,53,1,0.018410960386033903
28,2.48,hot-cold,0.9,0.9021457180789717,103,1,0.025401596774584402
28,2.48,hot-cold,0.95,0.9586954108403506,132,1,0.029456165879943687
28,2.48,hot-cold,0.99,0.9905500114419065,170,1,0.03476904953524207
28,3.3,random,0.1,0.18277905653247217,1,1,0.011140698541941383
28,3.3,random,0.3,0.3001786418825269,32,1,0.015474893102842693
28,3.3,random,0.5,0.500956560243763,85,1,0.02288496767470622
28,3.3,random,0.7,0.7000921919114476,180,1,0.036167176812952166
28,3.3,random,0.9,0.9003099155351048,221,1,0.041899498651563574
28,3.3,random,0.95,0.9513259943748557,235,1,0.04385687684035772
28,3.3,random,0.99,0.9911185703246072,248,1,0.045674442301380846
28,3.3,local,0.1,0.18277905653247217,1,1,0.011140698541941383
28,3.3,local,0.3,0.3050771902646661,5,1,0.011699949453025424
28,3.3,local,0.5,0.505753207389512,13,1,0.012818451275193503
28,3.3,local,0.7,0.7006895355286471,50,1,0.01799152220272087
28,3.3,local,0.9,0.902395740434786,130,1,0.029176540424401667
28,3.3,local,0.95,0.9516163695441954,154,1,0.03253204589090591
28,3.3,local,0.99,0.9905266013564271,248,1,0.045674442301380846
28,3.3,hot-cold,0.1,0.18277905653247217,1,1,0.011140698541941383
28,3.3,hot-cold,0.3,0.3179179049939482,6,1,0.011839762180796434
28,3.3,hot-cold,0.5,0.5083188834781647,26,1,0.014636016736216633
28,3.3,hot-cold,0.7,0.7176419433384923,66,1,0.020228525847057033
28,3.3,hot-cold,0.9,0.900820529430191,123,1,0.028197851330004603
28,3.3,hot-cold,0.95,0.9514187664360938,143,1,0.030994105885424797
28,3.3,hot-cold,0.99,0.9907810629255508,206,1,0.039802307734998425
28,4.55,random,0.1,0.21181986293446525,1,1,0.011140698541941383
28,4.55,random,0.3,0.30871197350822444,23,1,0.014216578552903602
28,4.55,random,0.5,0.540616372427133,78,1,0.02190627858030915
28,4.55,random,0.7,0.7423050879805124,120,1,0.02777841314669157
28,4.55,random,0.9,0.9028929576521929,178,1,0.03588755135741015
28,4.55,random,0.95,0.9510720469020317,205,1,0.03966249500722742
28,4.55,random,0.99,0.9914898742954144,233,1,0.0435772513848157
28,4.55,local,0.1,0.21181986293446525,1,1,0.011140698541941383
28,4.55,local,0.3,0.31372010430924663,6,1,0.011839762180796434
28,4.55,local,0.5,0.5255399672437118,7,2,0.02298046072273782
28,4.55,local,0.7,0.7000524456052785,19,2,0.02465821345598994
28,4.55,local,0.9,0.901454983693026,37,3,0.03817572837003849
28,4.55,local,0.95,0.9515304994610857,47,3,0.03957385564774859
28,4.55,local,0.99,0.9903787135058295,229,1,0.04301800047373165
28,4.55,hot-cold,0.1,0.21181986293446525,1,1,0.011140698541941383
28,4.55,hot-cold,0.3,0.33446888909355943,8,1,0.012119387636338453
28,4.55,hot-cold,0.5,0.505690198442604,19,1,0.013657327641819563
28,4.55,hot-cold,0.7,0.700724474256511,30,1,0.015195267647300673
28,4.55,hot-cold,0.9,0.9405040614603521,97,1,0.02456272040795834
28,4.55,hot-cold,0.95,0.9776897975560556,105,1,0.02568122223012642
28,4.55,hot-cold,0.99,0.9901692491930607,148,1,0.03169316952427985
28,9.19,random,0.1,0.49253340388905914,1,1,0.011140698541941383
28,9.19,random,0.3,0.49253340388905914,1,1,0.011140698541941383
28,9.19,random,0.5,0.7572632105794186,12,1,0.012678638547422494
28,9.19,random,0.7,0.7572632105794186,12,1,0.012678638547422494
28,9.19,random,0.9,0.9439443999520845,61,1,0.01952946220820198
28,9.19,random,0.95,0.9926508197670044,120,1,0.02777841314669157
28,9.19,random,0.99,0.9926508197670044,120,1,0.02777841314669157
28,9.19,local,0.1,0.49253340388905914,1,1,0.011140698541941383
28,9.19,local,0.3,0.49253340388905914,1,1,0.011140698541941383
28,9.19,local,0.5,0.6140589874684166,2,1,0.011280511269712393
28,9.19,local,0.7,0.8787826862089748,3,1,0.011420323997483403
28,9.19,local,0.9,0.9257135607064594,4,1,0.011560136725254414
28,9.19,local,0.95,0.9530479242944498,48,1,0.01771189674717885
28,9.19,local,0.99,0.9999787987919344,49,1,0.01785170947494986
28,9.19,hot-cold,0.1,0.49253340388905914,1,1,0.011140698541941383
28,9.19,hot-cold,0.3,0.49253340388905914,1,1,0.011140698541941383
28,9.19,hot-cold,0.5,0.6140731305420523,6,1,0.011839762180796434
28,9.19,hot-cold,0.7,0.8805662835580255,21,1,0.013936953097361583
28,9.19,hot-cold,0.9,0.9449548887930268,22,1,0.014076765825132592
28,9.19,hot-cold,0.95,0.9529908379541107,51,1,0.018131334930491884
28,9.19,hot-cold,0.99,0.9999217130562605,55,1,0.018690585841575923
29,1.07,random,0.1,0.10039865596013219,14,1,0.012958264002964513
29,1.07,random,0.3,0.30091183476298494,67,1,0.02036833857482804
29,1.07,random,0.5,0.5006246626358284,117,1,0.027358974963378538
29,1.07,random,0.7,0.7013438411010935,170,1,0.03476904953524207
29,1.07,random,0.9,0.9032837709125253,221,1,0.041899498651563574
29,1.07,random,0.95,0.9542253142525099,236,1,0.04399668956812872
29,1.07,random,0.99,0.9907279871006485,252,1,0.046233693212464885
29,1.07,local,0.1,0.10393911053582301,4,1,0.011560136725254414
29,1.07,local,0.3,0.3007519659280498,23,1,0.014216578552903602
29,1.07,local,0.5,0.503583552491815,72,1,0.02106740221368309
29,1.07,local,0.7,0.7012295102761495,117,1,0.027358974963378538
29,1.07,local,0.9,0.9006421585526594,191,1,0.037705116818433276
29,1.07,local,0.95,0.9534097620937985,217,1,0.041340247740479535
29,1.07,local,0.99,0.990321441015159,242,1,0.04483556593475478
29,1.07,hot-cold,0.1,0.10747327984730208,10,1,0.012399013091880472
29,1.07,hot-cold,0.3,0.30077354801070866,40,1,0.016593394925010774
29,1.07,hot-cold,0.5,0.5098013447122831,70,1,0.02078777675814107
29,1.07,hot-cold,0.7,0.7004064492487864,112,1,0.026659911324523493
29,1.07,hot-cold,0.9,0.9010713383175848,189,1,0.03742549136289126
29,1.07,hot-cold,0.95,0.9507097298478612,214,1,0.04092080955716651
29,1.07,hot-cold,0.99,0.9914210840786221,249,1,0.04581425502915185
29,1.25,random,0.1,0.11791330009921924,15,1,0.013098076730735523
29,1.25,random,0.3,0.3008309032724612,56,1,0.018830398569346932
29,1.25,random,0.5,0.5009536227301867,104,1,0.02554140950235541
29,1.25,random,0.7,0.701391884175339,162,1,0.03365054771307399
29,1.25,random,0.9,0.9007574501551853,219,1,0.041619873196021555
29,1.25,random,0.95,0.9537554580955578,237,1,0.044136502295899736
29,1.25,random,0.99,0.9907964416119798,252,1,0.046233693212464885
29,1.25,local,0.1,0.11661432820246528,4,1,0.011560136725254414
29,1.25,local,0.3,0.30348142534830147,17,1,0.013377702186277544
29,1.25,local,0.5,0.5022464333952311,44,1,0.017152645836094813
29,1.25,local,0.7,0.7035556994035368,96,1,0.02442290768018733
29,1.25,local,0.9,0.9008911358859577,207,1,0.03994212046276944
29,1.25,local,0.95,0.951955178418086,228,1,0.042878187745960646
29,1.25,local,0.99,0.9908285661879082,250,1,0.045954067756922866
29,1.25,hot-cold,0.1,0.10131358572112742,5,1,0.011699949453025424
29,1.25,hot-cold,0.3,0.3035215389903633,27,1,0.014775829463987642
29,1.25,hot-cold,0.5,0.5035158502301589,55,1,0.018690585841575923
29,1.25,hot-cold,0.7,0.7024381877854986,104,1,0.02554140950235541
29,1.25,hot-cold,0.9,0.9002764267789484,181,1,0.03630698954072318
29,1.25,hot-cold,0.95,0.950208545388404,211,1,0.04050137137385348
29,1.25,hot-cold,0.99,0.9917096030811848,246,1,0.04539481684583883
29,1.44,random,0.1,0.1059821465246105,11,1,0.012538825819651484
29,1.44,random,0.3,0.3007019696330465,54,1,0.018550773113804913
29,1.44,random,0.5,0.5016184364812085,106,1,0.02582103495789743
29,1.44,random,0.7,0.7039906247448682,169,1,0.034629236807471056
29,1.44,random,0.9,0.9015763748696923,228,1,0.042878187745960646
29,1.44,random,0.95,0.9503532055268032,238,1,0.04427631502367074
29,1.44,random,0.99,0.9923948138720563,253,1,0.04637350594023589
29,1.44,local,0.1,0.11443381393347549,4,1,0.011560136725254414
29,1.44,local,0.3,0.3103282351573074,26,1,0.014636016736216633
29,1.44,local,0.5,0.5180994538444728,59,1,0.01924983675265996
29,1.44,local,0.7,0.7020070285890819,97,1,0.02456272040795834
29,1.44,local,0.9,0.9090833640057514,201,1,0.03910324409614338
29,1.44,local,0.95,0.950187048349151,212,1,0.04064118410162449
29,1.44,local,0.99,0.9904369631166855,247,1,0.04553462957360983
29,1.44,hot-cold,0.1,0.11602717709201629,7,1,0.011979574908567443
29,1.44,hot-cold,0.3,0.30862531362569046,27,1,0.014775829463987642
29,1.44,hot-cold,0.5,0.5043844081853405,56,1,0.018830398569346932
29,1.44,hot-cold,0.7,0.7015159918518363,95,1,0.02428309495241632
29,1.44,hot-cold,0.9,0.9001162390865671,166,1,0.03420979862415803
29,1.44,hot-cold,0.95,0.9506818471263413,197,1,0.038543993185059335
29,1.44,hot-cold,0.99,0.9902430218838051,243,1,0.044975378662525795
29,2.48,random,0.1,0.12819438390349397,1,1,0.011140698541941383
29,2.48,random,0.3,0.3007465122334327,38,1,0.016313769469468754
29,2.48,random,0.5,0.5079638796490781,108,1,0.02610066041343945
29,2.48,random,0.7,0.7019861347382803,151,1,0.03211260770759288
29,2.48,random,0.9,0.900457939193889,208,1,0.040081933190540445
29,2.48,random,0.95,0.9517845757194363,232,1,0.043437438657044684
29,2.48,random,0.99,0.9940719032463359,248,1,0.045674442301380846
29,2.48,local,0.1,0.12819438390349397,1,1,0.011140698541941383
29,2.48,local,0.3,0.31687717231397444,22,1,0.014076765825132592
29,2.48,local,0.5,0.5013529666162695,92,1,0.023863656769103292
29,2.48,local,0.7,0.7043157321396109,137,1,0.03015522951879874
29,2.48,local,0.9,0.9075740576424812,160,1,0.033370922257531965
29,2.48,local,0.95,0.9506448938753258,168,1,0.03448942407970005
29,2.48,local,0.99,0.9902586451469846,197,1,0.038543993185059335
29,2.48,hot-cold,0.1,0.12819438390349397,1,1,0.011140698541941383
29,2.48,hot-cold,0.3,0.30358141091143237,20,1,0.013797140369590573
29,2.48,hot-cold,0.5,0.5041269093631565,41,1,0.016733207652781783
29,2.48,hot-cold,0.7,0.700409543968415,65,1,0.02008871311928602
29,2.48,hot-cold,0.9,0.9025860479375729,130,1,0.029176540424401667
29,2.48,hot-cold,0.95,0.9512556680215771,155,1,0.03267185861867692
29,2.48,hot-cold,0.99,0.9906256832321307,221,1,0.041899498651563574
29,3.3,random,0.1,0.10430393079264225,1,1,0.011140698541941383
29,3.3,random,0.3,0.3314050332686143,40,1,0.016593394925010774
29,3.3,random,0.5,0.5009447198588737,66,1,0.020228525847057033
29,3.3,random,0.7,0.700998415808251,130,1,0.029176540424401667
29,3.3,random,0.9,0.9002481203715503,203,1,0.0393828695516854
29,3.3,random,0.95,0.952206329055703,218,1,0.04148006046825055
29,3.3,random,0.99,0.9903713891209206,251,1,0.04609388048469387
29,3.3,local,0.1,0.10430393079264225,1,1,0.011140698541941383
29,3.3,local,0.3,0.3378845781235266,5,1,0.011699949453025424
29,3.3,local,0.5,0.5281848497419328,8,1,0.012119387636338453
29,3.3,local,0.7,0.7011263136148767,27,1,0.014775829463987642
29,3.3,local,0.9,0.900725775883185,82,1,0.02246552949139319
29,3.3,local,0.95,0.9509044589055299,166,1,0.03420979862415803
29,3.3,local,0.99,0.9908329365774108,201,1,0.03910324409614338
29,3.3,hot-cold,0.1,0.10430393079264225,1,1,0.011140698541941383
29,3.3,hot-cold,0.3,0.3048321948877363,7,1,0.011979574908567443
29,3.3,hot-cold,0.5,0.5058558009016269,28,1,0.014915642191758654
29,3.3,hot-cold,0.7,0.7205744140042495,52,1,0.01827114765826289
29,3.3,hot-cold,0.9,0.9006368842397848,119,1,0.027638600418920557
29,3.3,hot-cold,0.95,0.9505527636756117,127,1,0.028757102241088642
29,3.3,hot-cold,0.99,0.9900826391246217,200,1,0.03896343136837237
29,4.55,random,0.1,0.17133393933638927,1,1,0.011140698541941383
29,4.55,random,0.3,0.3170344357892484,17,1,0.013377702186277544
29,4.55,random,0.5,0.503677184184905,68,1,0.020508151302599052
29,4.55,random,0.7,0.7105528180832928,112,1,0.026659911324523493
29,4.55,random,0.9,0.9010634286553203,218,1,0.04148006046825055
29,4.55,random,0.95,0.9955700251592255,233,1,0.0435772513848157
29,4.55,random,0.99,0.9955700251592255,233,1,0.0435772513848157
29,4.55,local,0.1,0.17133393933638927,1,1,0.011140698541941383
29,4.55,local,0.3,0.3495561730166779,4,1,0.011560136725254414
29,4.55,local,0.5,0.5343703490791827,7,1,0.011979574908567443
29,4.55,local,0.7,0.7557155035009225,46,1,0.017432271291636832
29,4.55,local,0.9,0.9008567025383591,70,1,0.02078777675814107
29,4.55,local,0.95,0.9504368592545486,76,1,0.02162665312476713
29,4.55,local,0.99,0.9916582071889611,94,1,0.02414328222464531
29,4.55,hot-cold,0.1,0.17133393933638927,1,1,0.011140698541941383
29,4.55,hot-cold,0.3,0.3026019235822017,6,1,0.011839762180796434
29,4.55,hot-cold,0.5,0.5332036359836989,12,1,0.012678638547422494
29,4.55,hot-cold,0.7,0.7003407574726468,30,1,0.015195267647300673
29,4.55,hot-cold,0.9,0.9216473781579505,103,1,0.025401596774584402
29,4.55,hot-cold,0.95,0.9747092422899001,122,1,0.02805803860223359
29,4.55,hot-cold,0.99,0.9923134266193683,138,1,0.030295042246569752
29,9.19,random,0.1,0.4383176802742845,1,1,0.011140698541941383
29,9.19,random,0.3,0.4383176802742845,1,1,0.011140698541941383
29,9.19,random,0.5,0.8013359531425019,2,2,0.022281397083882767
29,9.19,random,0.7,0.8013359531425019,2,2,0.022281397083882767
29,9.19,random,0.9,0.9429418487149248,114,1,0.026939536780065512
29,9.19,random,0.95,0.9500310280897055,158,1,0.033091296801989946
29,9.19,random,0.99,0.9900135391929592,148,2,0.04269405533845022
29,9.19,local,0.1,0.4383176802742845,1,1,0.011140698541941383
29,9.19,local,0.3,0.4383176802742845,1,1,0.011140698541941383
29,9.19,local,0.5,0.8013359531425019,2,1,0.011280511269712393
29,9.19,local,0.7,0.8013359531425019,2,1,0.011280511269712393
29,9.19,local,0.9,0.9241772284183439,20,1,0.013797140369590573
29,9.19,local,0.95,0.9636916150710992,21,1,0.013936953097361583
29,9.19,local,0.99,0.9907317472256949,33,1,0.015614705830613702
29,9.19,hot-cold,0.1,0.4383176802742845,1,1,0.011140698541941383
29,9.19,hot-cold,0.3,0.4383176802742845,1,1,0.011140698541941383
29,9.19,hot-cold,0.5,0.5134928305169102,32,1,0.015474893102842693
29,9.19,hot-cold,0.7,0.8013359531425019,2,2,0.022281397083882767
29,9.19,hot-cold,0.9,0.9976363437553154,87,1,0.02316459313024824
29,9.19,hot-cold,0.95,0.9976363437553154,87,1,0.02316459313024824
29,9.19,hot-cold,0.99,0.9976363437553154,87,1,0.02316459313024824
