n,trial,spatial_mode,cv,paper_budget_fraction,paper_importance_fraction,paper_latency_ms,supported_importance_fraction,supported_latency_ms,supported_saving_pct,supported_strict_win
256,0,random,3.3,0.05,0.2876837675242137,0.027581481496467893,0.40472372725350325,0.022469126015000306,18.535463666526685,True
256,0,random,3.3,0.1,0.3318096489186709,0.030292445021603973,0.40472372725350325,0.022469126015000306,25.82597410352393,True
256,0,random,3.3,0.15,0.369471771263225,0.03271783549704399,0.40472372725350325,0.022469126015000306,31.324533931866128,True
256,0,random,3.3,0.2,0.4150419214132206,0.03469514049026021,0.5220050116964415,0.031232378568139964,9.980538695591468,True
256,0,random,3.3,0.25,0.4466838514794804,0.03682664568780897,0.5220050116964415,0.031232378568139964,15.190813649153279,True
256,0,random,3.3,0.3,0.4724764472781543,0.0391034585499318,0.5220050116964415,0.031232378568139964,20.128858862295097,True
256,0,random,3.3,0.35,0.5346737888126818,0.04389060864783764,0.5351764029621142,0.03221768901569187,26.59548361656374,True
256,0,random,3.3,0.39999999999999997,0.5698918875430256,0.0471454744760446,0.6659255622850674,0.04458062689243029,5.440283743283891,True
256,0,random,3.3,0.44999999999999996,0.615892281020511,0.05075375220486243,0.6659255622850674,0.04458062689243029,12.16289445461085,True
256,0,random,3.3,0.49999999999999994,0.6618433827622474,0.06634602862762666,0.6659255622850674,0.04458062689243029,32.80588482146647,True
256,0,random,3.3,0.5499999999999999,0.693847916444226,0.06847598029356358,0.695125059003074,0.047364904862579285,30.82989880609075,True
256,0,random,3.3,0.6,0.727463057362667,0.0707610274279235,0.7369146561999255,0.051509315820345215,27.206659240763422,True
256,0,random,3.3,0.65,0.7590105212809879,0.05999891639620351,0.8402841807157012,0.0631404516507457,-5.235986653153901,False
256,0,random,3.3,0.7,0.7835591983273434,0.07522606915571499,0.8402841807157012,0.0631404516507457,16.065730458350213,True
256,0,random,3.3,0.75,0.8509289109402685,0.07970557823943916,0.8998003492521943,0.07045145131556885,11.610388040935483,True
256,0,random,3.3,0.7999999999999999,0.8805598407707143,0.07031774518443915,0.8998003492521943,0.07045145131556885,-0.19014564642110265,False
256,0,random,3.3,0.85,0.9041822628283764,0.07178072398190045,0.931312652526531,0.07442414359666943,-3.682631587047691,False
256,0,random,3.3,0.9,0.9466532159868954,0.08737300040466468,0.9691708350631522,0.07942404181330635,9.097728765800683,True
256,0,random,3.3,0.95,0.9707639384638654,0.08950295207060162,0.9884851424591976,0.08256213384694398,7.754848374367118,True
256,0,local,3.3,0.05,0.24775313494990386,0.015592276422764229,0.7453336484139848,0.045567318592478055,-192.24288588131503,False
256,0,local,3.3,0.1,0.3549664417706818,0.031184552845528457,0.7453336484139848,0.045567318592478055,-46.121442940657516,False
256,0,local,3.3,0.15,0.4338142013804349,0.03331450451146539,0.7453336484139848,0.045567318592478055,-36.77921752309352,False
256,0,local,3.3,0.2,0.4886425977460753,0.03559955164582531,0.7453336484139848,0.045567318592478055,-27.999697990077486,False
256,0,local,3.3,0.25,0.5317722750612442,0.03736119534168315,0.7453336484139848,0.045567318592478055,-21.96429524201946,False
256,0,local,3.3,0.3,0.6203121106620711,0.052418922110573196,0.7453336484139848,0.045567318592478055,13.070859228357035,True
256,0,local,3.3,0.35,0.6517172332680048,0.04399606227223959,0.7453336484139848,0.045567318592478055,-3.571356705779305,False
256,0,local,3.3,0.39999999999999997,0.7040198941982493,0.047659580342794355,0.7453336484139848,0.045567318592478055,4.390012952836731,True
256,0,local,3.3,0.44999999999999996,0.777960401337163,0.06273775089880883,0.8245394163675179,0.051595957169423314,17.759313283889266,True
256,0,local,3.3,0.49999999999999994,0.8349587408221433,0.06634602862762666,0.8822277738904912,0.057568741179372544,13.229559673447023,True
256,0,local,3.3,0.5499999999999999,0.8754341146859206,0.05808313559316214,0.8822277738904912,0.057568741179372544,0.8856175007365685,True
256,0,local,3.3,0.6,0.8963202314489992,0.07367541201592637,0.9138942820828039,0.061535016036472115,16.478219323469645,True
256,0,local,3.3,0.65,0.9114074861223038,0.0758053636818633,0.9138942820828039,0.061535016036472115,18.824984080652087,True
256,0,local,3.3,0.7,0.9190454501752141,0.07809041081622323,0.9339792566950568,0.06446972431707718,17.44220110610093,True
256,0,local,3.3,0.75,0.9315964023528938,0.08111904053273716,0.9339792566950568,0.06446972431707718,20.524547758846868,True
256,0,local,3.3,0.7999999999999999,0.9542139698697328,0.07089464501987328,0.9742634223635799,0.07433808199019325,-4.85711857271407,False
256,0,local,3.3,0.85,0.9564014839165159,0.09884126862143833,0.9742634223635799,0.07433808199019325,24.79044125292664,True
256,0,local,3.3,0.9,0.971783071094329,0.08729568302889185,0.9742634223635799,0.07433808199019325,14.84334687479343,True
256,0,local,3.3,0.95,0.9878694062497593,0.09054554927247063,0.9878694600994705,0.07880294284880487,12.968728466519963,True
256,0,hot-cold,3.3,0.05,0.2966232726831214,0.015592276422764229,0.5795382709133129,0.023184980988593156,-48.69529220726116,False
256,0,hot-cold,3.3,0.1,0.38789298250502435,0.01772222808870116,0.5795382709133129,0.023184980988593156,-30.82430083029337,False
256,0,hot-cold,3.3,0.15,0.4455677096735571,0.02000727522306108,0.5795382709133129,0.023184980988593156,-15.882751299733911,False
256,0,hot-cold,3.3,0.2,0.5401486181201868,0.02176891891891892,0.5795382709133129,0.023184980988593156,-6.504971950828331,False
256,0,hot-cold,3.3,0.25,0.6047226689362817,0.03736119534168315,0.6088726577634663,0.024513391991128484,34.38809500888914,True
256,0,hot-cold,3.3,0.3,0.659078060061536,0.039491147007620075,0.7266411239893005,0.031232378568139964,20.912961676920983,True
256,0,hot-cold,3.3,0.35,0.7320075866178387,0.04267331866094518,0.7482059146134588,0.03304672702609595,22.55880708818537,True
256,0,hot-cold,3.3,0.39999999999999997,0.7540742035845294,0.04480482385849394,0.8487904937686558,0.04458062689243029,0.5003857771469722,True
256,0,hot-cold,3.3,0.44999999999999996,0.7860478610093586,0.04708163672061677,0.8487904937686558,0.04458062689243029,5.312070697600246,True
256,0,hot-cold,3.3,0.49999999999999994,0.8311954056931444,0.06270995002719933,0.8487904937686558,0.04458062689243029,28.909803192166105,True
256,0,hot-cold,3.3,0.5499999999999999,0.8582469400388846,0.04653920694451344,0.8705698803311602,0.047364904862579285,-1.7741985140621086,False
256,0,hot-cold,3.3,0.6,0.8737558583370597,0.06837049109189264,0.9022484158277031,0.0528385884866767,22.71726055666391,True
256,0,hot-cold,3.3,0.65,0.8921001539995366,0.07079588156733266,0.9022484158277031,0.0528385884866767,25.364883780106773,True
256,0,hot-cold,3.3,0.7,0.9067518733019863,0.07277318656054887,0.9209651615798853,0.057158724652254016,21.45633941053727,True
256,0,hot-cold,3.3,0.75,0.927822763058759,0.07634110376937517,0.9508122326294368,0.06513436065024292,14.679828514122061,True
256,0,hot-cold,3.3,0.7999999999999999,0.9503138971987479,0.0718519247462113,0.9508122326294368,0.06513436065024292,9.34917765904746,True
256,0,hot-cold,3.3,0.85,0.9690794176550916,0.08357755573063716,0.9694504241386739,0.0721130421484832,13.717215683003515,True
256,0,hot-cold,3.3,0.9,0.9689798796207011,0.08957415283491246,0.9694504241386739,0.0721130421484832,19.493470084624242,True
256,0,hot-cold,3.3,0.95,0.9785941269051146,0.09185919996927237,0.9999999999999994,0.08507345064521515,7.387119990514945,True
256,1,random,3.3,0.05,0.29568001200856325,0.027581481496467893,0.5262132129670914,0.024513391991128484,11.123729904545954,True
256,1,random,3.3,0.1,0.2714257825330359,0.01772222808870116,0.5262132129670914,0.024513391991128484,-38.32003441348915,False
256,1,random,3.3,0.15,0.3085261700546602,0.02000727522306108,0.5262132129670914,0.024513391991128484,-22.522391069392068,False
256,1,random,3.3,0.2,0.4060327713643794,0.02176891891891892,0.5262132129670914,0.024513391991128484,-12.60730072279519,False
256,1,random,3.3,0.25,0.5587185850985439,0.04935040041538681,0.5910116086047016,0.028892985928296817,41.4533910867958,True
256,1,random,3.3,0.3,0.5819643291694403,0.0391034585499318,0.5910116086047016,0.028892985928296817,26.11143106075151,True
256,1,random,3.3,0.35,0.6322984238945765,0.043034945890399016,0.8022016530601416,0.04984772498743086,-15.830806699240574,False
256,1,random,3.3,0.39999999999999997,0.6624841459268737,0.045319993024758934,0.8022016530601416,0.04984772498743086,-9.990583979565848,False
256,1,random,3.3,0.44999999999999996,0.7033322725453419,0.04708163672061677,0.8022016530601416,0.04984772498743086,-5.875089439282033,False
256,1,random,3.3,0.49999999999999994,0.7294090713641747,0.04978503475255042,0.8022016530601416,0.04984772498743086,-0.12592184617734592,False
256,1,random,3.3,0.5499999999999999,0.766127532880266,0.05246300816174432,0.8022016530601416,0.04984772498743086,4.985004226693402,True
256,1,random,3.3,0.6,0.8022202783400724,0.05541258570130156,0.8625819783617109,0.05782336098541976,-4.35059157338975,False
256,1,random,3.3,0.65,0.8449770663850169,0.07100486212406579,0.8625819783617109,0.05782336098541976,18.564223271941827,True
256,1,random,3.3,0.7,0.880331980827565,0.0752242294723657,0.8981226583576234,0.0631404516507457,16.06367776230808,True
256,1,random,3.3,0.75,0.8838096464314775,0.07631698544332782,0.8981226583576234,0.0631404516507457,17.26553232683291,True
256,1,random,3.3,0.7999999999999999,0.8974026353700438,0.0718519247462113,0.8981226583576234,0.0631404516507457,12.124202832750075,True
256,1,random,3.3,0.85,0.9276469454810191,0.08072530350299942,0.9947055265731634,0.08260512013567359,-2.3286584888520423,False
256,1,random,3.3,0.9,0.9493638502719015,0.08381637155077691,0.9947055265731634,0.08260512013567359,1.4451250903524615,True
256,1,random,3.3,0.95,0.9814959681008821,0.09940864797354114,0.9947055265731634,0.08260512013567359,16.903486950491498,True
256,1,local,3.3,0.05,0.25667520361915586,0.015592276422764229,0.32982380402698874,0.01330312006055816,14.681347996524563,True
256,1,local,3.3,0.1,0.40404769576095345,0.031184552845528457,0.5513923632350599,0.026060506670064678,16.431360105901007,True
256,1,local,3.3,0.15,0.5137787752857551,0.0458847214443682,0.5513923632350599,0.026060506670064678,43.20439168043965,True
256,1,local,3.3,0.2,0.576943298315309,0.04859568496950428,0.7420037557543928,0.042562210943434695,12.415657953696568,True
256,1,local,3.3,0.25,0.6508561401120811,0.06360694953306936,0.7420037557543928,0.042562210943434695,33.08559637605868,True
256,1,local,3.3,0.3,0.5508212591735573,0.0391034585499318,0.5513923632350599,0.026060506670064678,33.354982816193555,True
256,1,local,3.3,0.35,0.6881698589143944,0.05560516282330183,0.7420037557543928,0.042562210943434695,23.456368469442502,True
256,1,local,3.3,0.39999999999999997,0.728306573711034,0.07119743924606606,0.7420037557543928,0.042562210943434695,40.21946379793929,True
256,1,local,3.3,0.44999999999999996,0.7557173941881978,0.07390840277120214,0.7798443314550911,0.045869644702839926,37.93717225247264,True
256,1,local,3.3,0.49999999999999994,0.7739063962219319,0.07633379324664216,0.7798443314550911,0.045869644702839926,39.90912444946828,True
256,1,local,3.3,0.5499999999999999,0.7916725469509672,0.07831109823985838,0.8104608344118749,0.049300265665195186,37.04562089757209,True
256,1,local,3.3,0.6,0.8215545816327012,0.09296635816498497,0.8255120847612064,0.051149959623236776,44.98014052302417,True
256,1,local,3.3,0.65,0.8254301193190192,0.07683165196611741,0.8255120847612064,0.051149959623236776,33.42592757761632,True
256,1,local,3.3,0.7,0.8655668341156588,0.09242392838888164,0.8787440353456909,0.05815567915200263,37.077248104725,True
256,1,local,3.3,0.75,0.8785400405959239,0.09635541572934886,0.8787440353456909,0.05815567915200263,39.644618092505404,True
256,1,local,3.3,0.7999999999999999,0.8877597739326964,0.09878080620478888,0.9165846110463891,0.06513436065024292,34.061723979850235,True
256,1,local,3.3,0.85,0.8947757869680569,0.092047293347491,0.9165846110463891,0.06513436065024292,29.23815760192765,True
256,1,local,3.3,0.9,0.8976586944670448,0.09447268382293102,0.9165846110463891,0.06513436065024292,31.05482133616163,True
256,1,local,3.3,0.95,0.8985090934644065,0.09644998881614723,0.9165846110463891,0.06513436065024292,32.46825484407064,True
256,1,hot-cold,3.3,0.05,0.3888961867566282,0.015592276422764229,0.6003737649443593,0.01980913803277525,-27.04455395528096,False
256,1,hot-cold,3.3,0.1,0.5202385327218412,0.01772222808870116,0.6003737649443593,0.01980913803277525,-11.775663498003407,False
256,1,hot-cold,3.3,0.15,0.6053325688880593,0.03271783549704399,0.7449228782219873,0.02655409189143378,18.839093454599386,True
256,1,hot-cold,3.3,0.2,0.6597510742563688,0.035428799022180074,0.7449228782219873,0.02655409189143378,25.04941566094384,True
256,1,hot-cold,3.3,0.25,0.706838938580394,0.037854189497620094,0.7449228782219873,0.02655409189143378,29.851643255753125,True
256,1,hot-cold,3.3,0.3,0.7413222443208631,0.03983149449083631,0.7449228782219873,0.02655409189143378,33.33393027082413,True
256,1,hot-cold,3.3,0.35,0.7984754423575761,0.043399411699662604,0.8233336022026222,0.032628262231300054,24.81865317184999,True
256,1,hot-cold,3.3,0.39999999999999997,0.8264327285636308,0.046077385108856506,0.893697616229537,0.04043476198903695,12.245970786946824,True
256,1,hot-cold,3.3,0.44999999999999996,0.8654738694607467,0.04902696264841375,0.893697616229537,0.04043476198903695,17.525459859697822,True
256,1,hot-cold,3.3,0.49999999999999994,0.907716399604195,0.054435983118072365,0.9172564015867305,0.04458062689243029,18.104488357022376,True
256,1,hot-cold,3.3,0.5499999999999999,0.9208827226590506,0.05714694664320845,0.935924582491918,0.04984772498743086,12.772723801587482,True
256,1,hot-cold,3.3,0.6,0.9103034887924399,0.06903423787147484,0.9172564015867305,0.04458062689243029,35.42243926060471,True
256,1,hot-cold,3.3,0.65,0.9256494336582379,0.07079588156733266,0.935924582491918,0.04984772498743086,29.58951300010071,True
256,1,hot-cold,3.3,0.7,0.9611738226321114,0.057823360985419806,0.9761948501002,0.0664636333165744,-14.94252873563202,False
256,1,hot-cold,3.3,0.75,0.9691257357941796,0.0801363893774585,0.9761948501002,0.0664636333165744,17.061856875635694,True
256,1,hot-cold,3.3,0.7999999999999999,0.9737318927241563,0.08242143651181842,0.9761948501002,0.0664636333165744,19.36122915420897,True
256,1,hot-cold,3.3,0.85,0.978377647861338,0.08418308020767626,0.9981014087771733,0.08175026897938645,2.889905218825639,True
256,1,hot-cold,3.3,0.9,0.9840759166790629,0.0868864782396099,0.9981014087771733,0.08175026897938645,5.911402285242994,True
256,1,hot-cold,3.3,0.95,0.994764542987103,0.08313607878711766,0.9981014087771733,0.08175026897938645,1.6669174538286646,True
256,2,random,3.3,0.05,0.28215154158093053,0.027581481496467893,0.40953586100879497,0.023184980988593156,15.940044803023923,True
256,2,random,3.3,0.1,0.23880586099776197,0.01772222808870116,0.40953586100879497,0.023184980988593156,-30.82430083029337,False
256,2,random,3.3,0.15,0.32039180956145447,0.02000727522306108,0.40953586100879497,0.023184980988593156,-15.882751299733911,False
256,2,random,3.3,0.2,0.44447804960745907,0.03559955164582531,0.7220933218234556,0.045654107003593465,-28.243488732103827,False
256,2,random,3.3,0.25,0.41782011598423346,0.024472316950852557,0.7220933218234556,0.045654107003593465,-86.55408515376794,False
256,2,random,3.3,0.3,0.5419063560302381,0.040064593373616786,0.7220933218234556,0.045654107003593465,-13.95125510909956,False
256,2,random,3.3,0.35,0.6520957974247271,0.043399411699662604,0.7220933218234556,0.045654107003593465,-5.195220892702546,False
256,2,random,3.3,0.39999999999999997,0.681503943552362,0.04537671669287882,0.7220933218234556,0.045654107003593465,-0.6113053806693136,False
256,2,random,3.3,0.44999999999999996,0.7279796441247305,0.04750822189042758,0.7411528501705829,0.047781843816698165,-0.5759464685958227,False
256,2,random,3.3,0.49999999999999994,0.7902496170133877,0.06310049831319181,0.8044621906439408,0.05541258570130157,12.183600474487854,True
256,2,random,3.3,0.5499999999999999,0.8185815140338472,0.07869277473595604,0.9086775294744079,0.0684184212237511,13.056285722138128,True
256,2,random,3.3,0.6,0.8513030582844575,0.08022605738747157,0.9086775294744079,0.0684184212237511,14.717956419935463,True
256,2,random,3.3,0.65,0.8625341514943787,0.0692771408093465,0.9086775294744079,0.0684184212237511,1.2395424747083994,True
256,2,random,3.3,0.7,0.8908660485148384,0.08486941723211072,0.9086775294744079,0.0684184212237511,19.38389180093877,True
256,2,random,3.3,0.75,0.9367133617918378,0.1007901096462816,0.9388151991660134,0.0726776226642771,27.892108740296063,True
256,2,random,3.3,0.7999999999999999,0.9378879928568475,0.09018154055137276,0.9388151991660134,0.0726776226642771,19.409646120565416,True
256,2,random,3.3,0.85,0.9500079984928684,0.08320424732639996,0.9736045480278153,0.07815130628837451,6.072936418982778,True
256,2,random,3.3,0.9,0.9730977906751721,0.0868864782396099,0.9736045480278153,0.07815130628837451,10.053545877583048,True
256,2,random,3.3,0.95,0.991880544510401,0.08957249589101468,0.996402993588941,0.08306214428933087,7.268248514147846,True
256,2,local,3.3,0.05,0.40294422415155123,0.015592276422764229,0.7407776856445092,0.03398409699292052,-117.95468520109624,False
256,2,local,3.3,0.1,0.6065239476023346,0.031184552845528457,0.7407776856445092,0.03398409699292052,-8.977342600548122,False
256,2,local,3.3,0.15,0.6829171913306974,0.03331450451146539,0.7407776856445092,0.03398409699292052,-2.0099127730526023,False
256,2,local,3.3,0.2,0.7557890753214613,0.04831011191980822,0.7880379349628336,0.0367176214220323,23.99599180606068,True
256,2,local,3.3,0.25,0.7684878485105584,0.03736119534168315,0.7880379349628336,0.0367176214220323,1.7225731504709851,True
256,2,local,3.3,0.3,0.8455830429301853,0.052418922110573196,0.8647529835937228,0.04141855567279499,20.98548767289393,True
256,2,local,3.3,0.35,0.893962338613614,0.06892062638394322,0.9126799685735637,0.045492347547522814,33.99313103439613,True
256,2,local,3.3,0.39999999999999997,0.9103586316330836,0.07134601685938324,0.9126799685735637,0.045492347547522814,36.23701847689094,True
256,2,local,3.3,0.44999999999999996,0.9063169570918511,0.06039710028125817,0.9126799685735637,0.045492347547522814,24.677927689121947,True
256,2,local,3.3,0.49999999999999994,0.9390244920644865,0.0759893767040224,0.953332495831218,0.050625435603395705,33.378272333274815,True
256,2,local,3.3,0.5499999999999999,0.9456864377528351,0.07811932836995933,0.953332495831218,0.050625435603395705,35.19473776881108,True
256,2,local,3.3,0.6,0.9635722537966173,0.08039614123208216,0.9656682198611961,0.053716503651173225,33.185221544267854,True
256,2,local,3.3,0.65,0.9708712990316245,0.08348720927985967,0.9722199867927919,0.05541258570130157,33.62745481699887,True
256,2,local,3.3,0.7,0.9608613620255818,0.07663882233694404,0.9656682198611961,0.053716503651173225,29.909539299798215,True
256,2,local,3.3,0.75,0.9782779924292737,0.08196275784168315,0.9794082283372869,0.059636164417615344,27.23992458525273,True
256,2,local,3.3,0.7999999999999999,0.9841087813560156,0.09755503426444738,0.9963180038483519,0.07657515105757881,21.505689957524222,True
256,2,local,3.3,0.85,0.9864408077124308,0.10099966107734795,0.9963180038483519,0.07657515105757881,24.18276433726274,True
256,2,local,3.3,0.9,0.9897843087979096,0.10371062460248404,0.9963180038483519,0.07657515105757881,26.164603336363758,True
256,2,local,3.3,0.95,0.9906628469364731,0.10493114841781517,0.9963180038483519,0.07657515105757881,27.023431829153687,True
256,2,hot-cold,3.3,0.05,0.2283512087149303,0.015592276422764229,0.7074271486242472,0.022469126015000306,-44.10420522173462,False
256,2,hot-cold,3.3,0.1,0.4961810108108187,0.01772222808870116,0.7074271486242472,0.022469126015000306,-26.784995106374577,False
256,2,hot-cold,3.3,0.15,0.5785546547932394,0.02000727522306108,0.7074271486242472,0.022469126015000306,-12.304777959477509,False
256,2,hot-cold,3.3,0.2,0.6670475498960994,0.02176891891891892,0.7074271486242472,0.022469126015000306,-3.2165451058428607,False
256,2,hot-cold,3.3,0.25,0.751829436672386,0.03682664568780897,0.7627377078577215,0.026060506670064678,29.234644689098833,True
256,2,hot-cold,3.3,0.3,0.7702481027404782,0.03953760921294505,0.8534011445307269,0.03304672702609595,16.416981997798473,True
256,2,hot-cold,3.3,0.35,0.8287374303780436,0.043043180162636106,0.8534011445307269,0.03304672702609595,23.224243884325347,True
256,2,hot-cold,3.3,0.39999999999999997,0.8954674364079225,0.0471454744760446,0.9165649428684399,0.04064524236983842,13.78760565769479,True
256,2,hot-cold,3.3,0.44999999999999996,0.8952641312979573,0.04750822189042758,0.9165649428684399,0.04064524236983842,14.445877466047573,True
256,2,hot-cold,3.3,0.49999999999999994,0.9283516415176116,0.054435983118072365,0.9617150378275906,0.05250627032009383,3.544921369001397,True
256,2,hot-cold,3.3,0.5499999999999999,0.9403716439396479,0.05714694664320845,0.9617150378275906,0.05250627032009383,8.12060240433884,True
256,2,hot-cold,3.3,0.6,0.9505245923134146,0.05957233711864847,0.9617150378275906,0.05250627032009383,11.861322117481077,True
256,2,hot-cold,3.3,0.65,0.9596954166185329,0.061549642111864686,0.9617150378275906,0.05250627032009383,14.692809708519173,True
256,2,hot-cold,3.3,0.7,0.9675307189510659,0.06368114730941345,0.9714001181102386,0.056826406485671145,10.764160372985343,True
256,2,hot-cold,3.3,0.75,0.9773270624601329,0.08018285158278347,0.9893738797050337,0.0697868149824031,12.965411425468144,True
256,2,hot-cold,3.3,0.7999999999999999,0.9816307465365537,0.07074511026944212,0.9893738797050337,0.0697868149824031,1.354574589521762,True
256,2,hot-cold,3.3,0.85,0.9851296189013975,0.07399997609764908,0.9893738797050337,0.0697868149824031,5.6934628055640975,True
256,2,hot-cold,3.3,0.9,0.9887410233994832,0.07760825382646691,0.9893738797050337,0.0697868149824031,10.07810182348986,True
256,2,hot-cold,3.3,0.95,0.9975124709219229,0.07975635997988939,1.0000000000000007,0.08507345064521515,-6.666666666666421,False
512,0,random,3.3,0.05,0.25654688098074924,0.030292445021603973,0.26902375012098834,0.020093865484109387,33.667072863287075,True
512,0,random,3.3,0.1,0.2750605019338867,0.02176891891891892,0.40083069040854574,0.036366244888879476,-67.05581487225038,False
512,0,random,3.3,0.15,0.4152156112674508,0.052061363940522895,0.4189593528982552,0.03889492632274289,25.29022795642062,True
512,0,random,3.3,0.2,0.4636080749954919,0.05827789841535003,0.6131871041916798,0.07012730489088288,-20.33259056646386,False
512,0,random,3.3,0.25,0.5493116589872891,0.07509726888009792,0.6131871041916798,0.07012730489088288,6.618035600136407,True
512,0,random,3.3,0.3,0.5287098259310334,0.06891439339496352,0.6131871041916798,0.07012730489088288,-1.76002636919097,False
512,0,random,3.3,0.35,0.5708660264056322,0.07405074739553963,0.6131871041916798,0.07012730489088288,5.2983158747876065,True
512,0,random,3.3,0.39999999999999997,0.6628058736508716,0.09195029833453855,0.7582637269751228,0.09582260392318845,-4.211302909057957,False
512,0,random,3.3,0.44999999999999996,0.6798451468944127,0.08522352054633328,0.7582637269751228,0.09582260392318845,-12.436805366533509,False
512,0,random,3.3,0.49999999999999994,0.7274687292623166,0.10294574863503443,0.7582637269751228,0.09582260392318845,6.919318967798382,True
512,0,random,3.3,0.5499999999999999,0.7756579391329999,0.12078318021348614,0.7854813643679543,0.10095647024392798,16.41512496567331,True
512,0,random,3.3,0.6,0.8021551686145943,0.12591953421406224,0.837103157213184,0.11195513021762779,11.089942544335551,True
512,0,random,3.3,0.65,0.8329752588317221,0.13002834440482722,0.837103157213184,0.11195513021762779,13.89944190239838,True
512,0,random,3.3,0.7,0.8715209717188718,0.14796646068947478,0.8868699461442191,0.12362279565345544,16.452150658051767,True
512,0,random,3.3,0.75,0.9123158923932938,0.16615989690636496,0.9239828625920791,0.1344256858281937,19.098598199091466,True
512,0,random,3.3,0.7999999999999999,0.9289088160450091,0.17056821496603655,0.9337886178908795,0.13757128617290898,19.345297598206034,True
512,0,random,3.3,0.85,0.9535246732193176,0.17570456896661266,0.9579610110197783,0.1457445451360078,17.051362982084928,True
512,0,random,3.3,0.9,0.9727878586158603,0.17156810187277088,0.9858254291029156,0.15741221057183533,8.250887633782355,True
512,0,random,3.3,0.95,0.9908485499518747,0.19154099715840425,0.9912919239212776,0.16019648854198432,16.364386257474717,True
512,0,local,3.3,0.05,0.41096753024684446,0.01772222808870116,0.4964361636382378,0.018632828349575827,-5.138181589341029,False
512,0,local,3.3,0.1,0.6178139670157954,0.035428799022180074,0.7235105946027002,0.04255531180653666,-20.115027833416143,False
512,0,local,3.3,0.15,0.6874217014893493,0.05272511072010508,0.7235105946027002,0.04255531180653666,19.28834055476052,True
512,0,local,3.3,0.2,0.7301410778129619,0.05841824175643012,0.7885516874386043,0.05114995962323677,12.441802277271263,True
512,0,local,3.3,0.25,0.7749014477409077,0.07629556531355428,0.7885516874386043,0.05114995962323677,32.958148467706906,True
512,0,local,3.3,0.3,0.8212039412331744,0.09342112438783404,0.9246502973889822,0.09064761896601532,2.9688204247088845,True
512,0,local,3.3,0.35,0.8164083557774418,0.0851756058416426,0.8197212382715837,0.05941524039787534,30.24383001356117,True
512,0,local,3.3,0.39999999999999997,0.8581043321379417,0.10459389753862769,0.9246502973889822,0.09064761896601532,13.333740209328992,True
512,0,local,3.3,0.44999999999999996,0.8926608317876684,0.1097302515392038,0.9246502973889822,0.09064761896601532,17.39049378408719,True
512,0,local,3.3,0.49999999999999994,0.8948392529515407,0.11878642448395219,0.9246502973889822,0.09064761896601532,23.6885701713653,True
512,0,local,3.3,0.5499999999999999,0.9043453733039128,0.12409854780321422,0.9246502973889822,0.09064761896601532,26.955133181931156,True
512,0,local,3.3,0.6,0.9124660271421174,0.12450837687470157,0.9246502973889822,0.09064761896601532,27.195566080474944,True
512,0,local,3.3,0.65,0.9286042634058456,0.14223060496340273,0.9380452250968436,0.09644885412920053,32.188396334236415,True
512,0,local,3.3,0.7,0.9441005997190131,0.15920351736496177,0.9498674001424886,0.10419063513997691,34.55506708364494,True
512,0,local,3.3,0.75,0.952776874518249,0.16542005183978892,0.9563221713424762,0.10865549599858855,34.31540203854938,True
512,0,local,3.3,0.7999999999999999,0.9642178567104177,0.1822394223045368,0.9736463929509438,0.12433099813937051,31.77601390131529,True
512,0,local,3.3,0.85,0.9781008502776454,0.1879888839993891,0.9944022100122625,0.14621400456351463,22.221994485594276,True
512,0,local,3.3,0.9,0.977588904218925,0.17858985730454574,0.9944022100122625,0.14621400456351463,18.12860664635686,True
512,0,local,3.3,0.95,0.9819610812022641,0.18076825950678077,0.9944022100122625,0.14621400456351463,19.115222460815907,True
512,0,hot-cold,3.3,0.05,0.28371764127452137,0.01772222808870116,0.5624695415442557,0.025312717801697856,-42.83033529986011,False
512,0,hot-cold,3.3,0.1,0.44225531270322055,0.02176891891891892,0.5624695415442557,0.025312717801697856,-16.27916800084681,False
512,0,hot-cold,3.3,0.15,0.5927699828266013,0.0391034585499318,0.5936452127175416,0.02705923873409013,30.800906780310044,True
512,0,hot-cold,3.3,0.2,0.6811270739660764,0.045319993024758934,0.6894613279791859,0.03398409699292052,25.013013628765247,True
512,0,hot-cold,3.3,0.25,0.7445908893859922,0.06213936348950683,0.7879248421157931,0.047364904862579285,23.776327592126744,True
512,0,hot-cold,3.3,0.3,0.7929660625116595,0.06750724439940717,0.809253017616509,0.051176997653762345,24.19036192475401,True
512,0,hot-cold,3.3,0.35,0.8230167053550567,0.07264359839998326,0.8669627145805049,0.06347276981732856,12.62441396715943,True
512,0,hot-cold,3.3,0.39999999999999997,0.852327513275219,0.07818882060202577,0.8669627145805049,0.06347276981732856,18.821169920954063,True
512,0,hot-cold,3.3,0.44999999999999996,0.8723777538471448,0.0955309257262411,0.8848738485770623,0.06812522414948875,28.687779761799536,True
512,0,hot-cold,3.3,0.49999999999999994,0.8890027893378709,0.09993362119489733,0.8956136212229374,0.07178072398190033,28.17159718258514,True
512,0,hot-cold,3.3,0.5499999999999999,0.9112130791670974,0.11813268000280287,0.9409743572486944,0.09194553175500961,22.167573145019592,True
512,0,hot-cold,3.3,0.6,0.9234517539394347,0.12475740265905733,0.9409743572486944,0.09194553175500961,26.300540252282655,True
512,0,hot-cold,3.3,0.65,0.9302984908835198,0.14184692484951877,0.9409743572486944,0.09194553175500961,35.179749682587826,True
512,0,hot-cold,3.3,0.7,0.9359580507098137,0.14595573504028375,0.9409743572486944,0.09194553175500961,37.00450912077373,True
512,0,hot-cold,3.3,0.75,0.9418684426468853,0.15301969800031243,0.9644525588618503,0.10784681118066203,29.520961948021995,True
512,0,hot-cold,3.3,0.7999999999999999,0.9478041087562421,0.17135897483203105,0.9644525588618503,0.10784681118066203,37.06380930069447,True
512,0,hot-cold,3.3,0.85,0.9484690396113299,0.17478861691923134,0.9644525588618503,0.10784681118066203,38.29872157493109,True
512,0,hot-cold,3.3,0.9,0.9520243981079214,0.18016998836035888,0.9644525588618503,0.10784681118066203,40.141633930198694,True
512,0,hot-cold,3.3,0.95,0.9586704414869343,0.18817806996812003,0.9644525588618503,0.10784681118066203,42.68895881494971,True
512,1,random,3.3,0.05,0.28171809765301037,0.055162962992935785,0.3144614262080037,0.03221768901569187,41.59543420497971,True
512,1,random,3.3,0.1,0.18430169189814427,0.02176891891891892,0.3144614262080037,0.03221768901569187,-47.998571429710026,False
512,1,random,3.3,0.15,0.39238350221865,0.06440812718427687,0.5478315018046076,0.06858393390457138,-6.483353736318387,False
512,1,random,3.3,0.2,0.3860407754235246,0.0471454744760446,0.5478315018046076,0.06858393390457138,-45.472995376088576,False
512,1,random,3.3,0.25,0.4641055201969529,0.06544871442394491,0.5478315018046076,0.06858393390457138,-4.790345399785911,False
512,1,random,3.3,0.3,0.5007119130502563,0.06985140989260115,0.5478315018046076,0.06858393390457138,1.8145317180835119,True
512,1,random,3.3,0.35,0.48274458714136476,0.061758519577286015,0.5478315018046076,0.06858393390457138,-11.051777753098314,False
512,1,random,3.3,0.39999999999999997,0.6217668688555509,0.09374704664901833,0.7103791178206248,0.09513802579600518,-1.4837578320675782,False
512,1,random,3.3,0.44999999999999996,0.6594248573591107,0.10201537789406973,0.7103791178206248,0.09513802579600518,6.741485685820647,True
512,1,random,3.3,0.49999999999999994,0.6839861242537699,0.10715173189464583,0.7103791178206248,0.09513802579600518,11.211863668664556,True
512,1,random,3.3,0.5499999999999999,0.7358200911909135,0.11212350773069163,0.7680455570396407,0.1054564967655043,5.946131279803302,True
512,1,random,3.3,0.6,0.7669015603630317,0.11832450504543948,0.7680455570396407,0.1054564967655043,10.875184540170746,True
512,1,random,3.3,0.65,0.8016525840127955,0.12273950384573633,0.841220952843831,0.12058793700192164,1.7529538383329824,True
512,1,random,3.3,0.7,0.8209003076572505,0.1272045455735278,0.841220952843831,0.12058793700192164,5.201550417694456,True
512,1,random,3.3,0.75,0.8720767662757603,0.1466228372705129,0.9283176678156696,0.1400951363040994,4.452035636420115,True
512,1,random,3.3,0.7999999999999999,0.9193115239536245,0.16434506535921406,0.9283176678156696,0.1400951363040994,14.755495701748544,True
512,1,random,3.3,0.85,0.9426574932149692,0.16932877268706945,0.9680770453183439,0.1515196866054034,10.517460086112107,True
512,1,random,3.3,0.9,0.9660291075792753,0.1737437714873663,0.9680770453183439,0.1515196866054034,12.791298756616964,True
512,1,random,3.3,0.95,0.990553004885371,0.1814846845529844,0.992986952603158,0.16188893969618479,10.797464758564034,True
512,1,local,3.3,0.05,0.4576734917809642,0.030292445021603973,0.575281443745521,0.0300998678996037,0.635726570974815,True
512,1,local,3.3,0.1,0.6117369766280285,0.04859568496950428,0.7412329034192057,0.04594273107527939,5.459237576113452,True
512,1,local,3.3,0.15,0.7016592957785883,0.06572124404378404,0.7412329034192057,0.04594273107527939,30.094550485575176,True
512,1,local,3.3,0.2,0.7396260963098569,0.05831612634843791,0.7412329034192057,0.04594273107527939,21.217793512600082,True
512,1,local,3.3,0.25,0.818505067761211,0.07603835443713908,0.8205503943150021,0.06275647816084173,17.467337864705467,True
512,1,local,3.3,0.3,0.8566286404860359,0.09376058252584023,0.8973614830928112,0.08256561619361702,11.93994963623215,True
512,1,local,3.3,0.35,0.8547128736651882,0.08546641670848437,0.8973614830928112,0.08256561619361702,3.3940822917165603,True
512,1,local,3.3,0.39999999999999997,0.8950777823763088,0.10597570669123227,0.8973614830928112,0.08256561619361702,22.090053681663292,True
512,1,local,3.3,0.44999999999999996,0.9217381223037369,0.12369793477993343,0.9509813030755457,0.10329586288377114,16.493462022998916,True
512,1,local,3.3,0.49999999999999994,0.9369147770451806,0.11639837940476609,0.9509813030755457,0.10329586288377114,11.256614214045024,True
512,1,local,3.3,0.5499999999999999,0.9460824886590369,0.13465416188079152,0.9509813030755457,0.10329586288377114,23.288028055740064,True
512,1,local,3.3,0.6,0.9543037281853858,0.12613063577810646,0.9549870478855259,0.1049541112381349,16.789358437252353,True
512,1,local,3.3,0.65,0.9626742568132376,0.14385286386680762,0.9667622187782775,0.11076709637237443,22.999728058988854,True
512,1,local,3.3,0.7,0.9706738523216474,0.13851505176119502,0.9760755352174924,0.11727181814488011,15.336408098766785,True
512,1,local,3.3,0.75,0.977766614096578,0.15817361210739203,0.9801706956962484,0.12028332930594896,23.95486977670931,True
512,1,local,3.3,0.7999999999999999,0.9845460859796156,0.17514652450895107,0.9856365272284523,0.12542328716178336,28.389508433909317,True
512,1,local,3.3,0.85,0.9852848197723832,0.18569272837539963,0.9856365272284523,0.12542328716178336,32.45654352806672,True
512,1,local,3.3,0.9,0.9892995839896881,0.17779512280562687,0.9903402335517383,0.13367140975870648,24.81716728256843,True
512,1,local,3.3,0.95,0.9904846262894972,0.19810881441160663,0.9960836674571959,0.14544875657485204,26.58138053733635,True
512,1,hot-cold,3.3,0.05,0.26715666841050234,0.01772222808870116,0.5061735636693927,0.022746173773761404,-28.348273478453144,False
512,1,hot-cold,3.3,0.1,0.4269554874847369,0.02176891891891892,0.5061735636693927,0.022746173773761404,-4.4892208863581695,False
512,1,hot-cold,3.3,0.15,0.5731214157142506,0.03953760921294505,0.573934686816935,0.02705923873409013,31.560761328910512,True
512,1,hot-cold,3.3,0.2,0.6606668983293367,0.04480482385849394,0.7594203879043723,0.04422120831403427,1.3025730137962266,True
512,1,hot-cold,3.3,0.25,0.7381081636076728,0.05018619529962148,0.7594203879043723,0.04422120831403427,11.885712694447282,True
512,1,hot-cold,3.3,0.3,0.812943711771263,0.07412068844098132,0.8963616713296212,0.07344231481481468,0.9152284475970496,True
512,1,hot-cold,3.3,0.35,0.8240033365019435,0.06654648216757453,0.8963616713296212,0.07344231481481468,-10.36243002278523,False
512,1,hot-cold,3.3,0.39999999999999997,0.8690363296926614,0.08480226464359994,0.8963616713296212,0.07344231481481468,13.395809506418177,True
512,1,hot-cold,3.3,0.44999999999999996,0.9104628210711713,0.08756537372963162,0.9351006078850462,0.09063540755566643,-3.505990661918368,False
512,1,hot-cold,3.3,0.49999999999999994,0.9169999674277372,0.09495026801704988,0.9351006078850462,0.09063540755566643,4.544337316255542,True
512,1,hot-cold,3.3,0.5499999999999999,0.9309770380687016,0.10025571059568665,0.9351006078850462,0.09063540755566643,9.595765650514599,True
512,1,hot-cold,3.3,0.6,0.9493612173845356,0.10387450088100138,0.9527154338799235,0.10286203868191895,0.9746975345203301,True
512,1,hot-cold,3.3,0.65,0.955371408377828,0.12396995544240255,0.9643410577846088,0.1115485598918751,10.019682193318635,True
512,1,hot-cold,3.3,0.7,0.9614121305138945,0.12807876563316753,0.9643410577846088,0.1115485598918751,12.90628127119593,True
512,1,hot-cold,3.3,0.75,0.9781686003125023,0.14484852210522398,0.9931671948070321,0.14808020149570184,-2.2310751559689646,False
512,1,hot-cold,3.3,0.7999999999999999,0.9834660252385021,0.1492512175738802,0.9931671948070321,0.14808020149570184,0.7845939867115126,True
512,1,hot-cold,3.3,0.85,0.9875647683835564,0.15365953563355178,0.9931671948070321,0.14808020149570184,3.6309716249277035,True
512,1,hot-cold,3.3,0.9,0.991208256295631,0.17138176372225294,0.9931671948070321,0.14808020149570184,13.596290363958675,True
512,1,hot-cold,3.3,0.95,0.9941426392776,0.18921919530070466,0.9993943636044477,0.16400858133316737,13.323497083619296,True
512,2,random,3.3,0.05,0.13321358641936693,0.01772222808870116,0.24359317955600102,0.025312717801697856,-42.83033529986011,False
512,2,random,3.3,0.1,0.24152368131341964,0.03469514049026021,0.24359317955600102,0.025312717801697856,27.042469221867627,True
512,2,random,3.3,0.15,0.2461340794194435,0.02715029036004646,0.2621424229010254,0.02752398046365285,-1.3763760853044094,False
512,2,random,3.3,0.2,0.3975157305460011,0.046126013938176516,0.4284223579540815,0.04761784594776224,-3.234253043380808,False
512,2,random,3.3,0.25,0.47872622115762054,0.06309892633973557,0.6078991262367935,0.07027390863812309,-11.37100536347666,False
512,2,random,3.3,0.3,0.5279414715786918,0.06823528034031168,0.6078991262367935,0.07027390863812309,-2.987645522439575,False
512,2,random,3.3,0.35,0.6106024862467784,0.08486784525865448,0.7159461091493724,0.09020823742363174,-6.292597801559796,False
512,2,random,3.3,0.39999999999999997,0.6540996226287871,0.0911226076665695,0.7159461091493724,0.09020823742363174,1.00345047881375,True
512,2,random,3.3,0.44999999999999996,0.7162560009925131,0.1084189193644945,0.8556743745416283,0.11716064886521818,-8.06291886320576,False
512,2,random,3.3,0.49999999999999994,0.7277651748582151,0.09993362119489733,0.8556743745416283,0.11716064886521818,-17.238470360964442,False
512,2,random,3.3,0.5499999999999999,0.7970930829994293,0.1194934218419471,0.8556743745416283,0.11716064886521818,1.9522187420613402,True
512,2,random,3.3,0.6,0.8332524036577184,0.12354011267216486,0.8556743745416283,0.11716064886521818,5.16388051537211,True
512,2,random,3.3,0.65,0.8724477392949068,0.14126234076086602,0.8738915035410325,0.12168598107621731,13.85815892558957,True
512,2,random,3.3,0.7,0.8976230739166619,0.14530903159108377,0.9609379158018828,0.14442470166329024,0.6085856592053629,True
512,2,random,3.3,0.75,0.9395348045162702,0.16444510689662695,0.9609379158018828,0.14442470166329024,12.174521705849163,True
512,2,random,3.3,0.7999999999999999,0.9543505813627654,0.17014168484513859,0.9609379158018828,0.14442470166329024,15.115039683106291,True
512,2,random,3.3,0.85,0.9692395119333604,0.1757616703006873,0.9724093708627549,0.1484125196622847,15.560361136540502,True
512,2,random,3.3,0.9,0.9842556882473349,0.17001294547856613,0.9870580043791158,0.1538862032863823,9.48559660959286,True
512,2,random,3.3,0.95,0.9940296296103175,0.1738965989837847,0.9958779046176529,0.16020024845145747,7.876146291742236,True
512,2,local,3.3,0.05,0.5180294768493579,0.01772222808870116,0.7838904373950059,0.04737666425967259,-167.32905153092838,False
512,2,local,3.3,0.1,0.6662981075918957,0.048014673110305134,0.7838904373950059,0.04737666425967259,1.328778911327444,True
512,2,local,3.3,0.15,0.7214091811971861,0.05315102711088124,0.7838904373950059,0.04737666425967259,10.86406635033118,True
512,2,local,3.3,0.2,0.7590051062249681,0.046126013938176516,0.7838904373950059,0.04737666425967259,-2.711377408792237,False
512,2,local,3.3,0.25,0.8310159153736881,0.06538180843149552,0.9195969571558681,0.07253244202679991,-10.93673265828452,False
512,2,local,3.3,0.3,0.8929088301259129,0.08250736750577528,0.9195969571558681,0.07253244202679991,12.089739111209862,True
512,2,local,3.3,0.35,0.9120898670477245,0.08715072735041443,0.9195969571558681,0.07253244202679991,16.773566633399994,True
512,2,local,3.3,0.39999999999999997,0.9233414285751406,0.09246285066967647,0.9246983440888085,0.0744959530634675,19.43147704843723,True
512,2,local,3.3,0.44999999999999996,0.9327685839263572,0.09687116872934806,0.9550968582572691,0.08937641366794595,7.736827334397079,True
512,2,local,3.3,0.49999999999999994,0.9493762904659636,0.11544905957548784,0.9550968582572691,0.08937641366794595,22.583679766134402,True
512,2,local,3.3,0.5499999999999999,0.9683712198004404,0.13450517967729453,0.9705465777825697,0.09803663628308126,27.11311451477837,True
512,2,local,3.3,0.6,0.9758081021910444,0.1292098142311972,0.9848280941863606,0.11653804479141988,9.80712611899861,True
512,2,local,3.3,0.65,0.9772506173808674,0.13720743018868078,0.9848280941863606,0.11653804479141988,15.064333883986746,True
512,2,local,3.3,0.7,0.9807958635678798,0.14439402384728137,0.9848280941863606,0.11653804479141988,19.29164262734545,True
512,2,local,3.3,0.75,0.9842678476438281,0.1628730331138676,0.9848280941863606,0.11653804479141988,28.44853284586041,True
512,2,local,3.3,0.7999999999999999,0.9849324008806853,0.1623392048427565,0.9874875387386176,0.12050431964851946,25.77004441703331,True
512,2,local,3.3,0.85,0.985093993239984,0.17302935504792538,0.9874875387386176,0.12050431964851946,30.3561412367616,True
512,2,local,3.3,0.9,0.9878806097785181,0.15954851432359302,0.9879584556066253,0.12142221699213251,23.896366251417124,True
512,2,local,3.3,0.95,0.9893810880736299,0.17533570624402023,0.9912443645820778,0.13039203034873623,25.632928316799585,True
512,2,hot-cold,3.3,0.05,0.3109235760981443,0.01772222808870116,0.5453520798603919,0.022746173773761404,-28.348273478453144,False
512,2,hot-cold,3.3,0.1,0.5122750560558053,0.03469514049026021,0.5453520798603919,0.022746173773761404,34.439885665985926,True
512,2,hot-cold,3.3,0.15,0.6290047195828704,0.040064593373616786,0.7784000198508492,0.041725878003696856,-4.146515639352666,False
512,2,hot-cold,3.3,0.2,0.7176441461832941,0.04537671669287882,0.7784000198508492,0.041725878003696856,8.045621092182076,True
512,2,hot-cold,3.3,0.25,0.7783569617555868,0.04978503475255042,0.7784000198508492,0.041725878003696856,16.187910260403505,True
512,2,hot-cold,3.3,0.3,0.8432958262571447,0.08007747977415439,0.9305409389233965,0.07477158748114617,6.625948154178474,True
512,2,hot-cold,3.3,0.35,0.8612876950865654,0.07155395367146933,0.9305409389233965,0.07477158748114617,-4.496793880112038,False
512,2,hot-cold,3.3,0.39999999999999997,0.9060437181032375,0.0905431677808266,0.9305409389233965,0.07477158748114617,17.41885189819946,True
512,2,hot-cold,3.3,0.44999999999999996,0.9248169124864609,0.09638660692552414,0.9305409389233965,0.07477158748114617,22.425334944178953,True
512,2,hot-cold,3.3,0.49999999999999994,0.9368251007981151,0.11368291862344915,0.9466654368295147,0.08141795081280358,28.381544212034626,True
512,2,hot-cold,3.3,0.5499999999999999,0.9465190812949624,0.11898836120208592,0.9466654368295147,0.08141795081280358,31.57486161648533,True
512,2,hot-cold,3.3,0.6,0.9563742545685104,0.12488728456297955,0.9784115448780892,0.11416085634573656,8.588887375346655,True
512,2,hot-cold,3.3,0.65,0.9605688726582521,0.12893397539319731,0.9784115448780892,0.11416085634573656,11.457894633597254,True
512,2,hot-cold,3.3,0.7,0.9628154750015145,0.13360140630332734,0.9784115448780892,0.11416085634573656,14.551156679783105,True
512,2,hot-cold,3.3,0.75,0.9761937923674348,0.1418072200098696,0.9784115448780892,0.11416085634573656,19.49573770800167,True
512,2,hot-cold,3.3,0.7999999999999999,0.9788782650411968,0.15952944809857075,0.9899366823108222,0.13213614483943292,17.17131450377233,True
512,2,hot-cold,3.3,0.85,0.9813430681614053,0.1635761389287885,0.9899366823108222,0.13213614483943292,19.220403596298794,True
512,2,hot-cold,3.3,0.9,0.9808417834617066,0.1689235760515644,0.9899366823108222,0.13213614483943292,21.77755886537828,True
512,2,hot-cold,3.3,0.95,0.9857959199097781,0.1723239541940943,0.9899366823108222,0.13213614483943292,23.32108124062455,True
1024,0,random,3.3,0.05,0.15786934366685504,0.03469514049026021,0.179245298494315,0.032339205180726756,6.790389882395265,True
1024,0,random,3.3,0.1,0.28197373083104216,0.07098089319613049,0.3179887625825294,0.0674004859831162,5.044184500638938,True
1024,0,random,3.3,0.15,0.33147282956901425,0.08045758429679581,0.4217632591946437,0.09445972471720636,-17.403133020696693,False
1024,0,random,3.3,0.2,0.40607103074955575,0.10349348923637083,0.4217632591946437,0.09445972471720636,8.728823992523893,True
1024,0,random,3.3,0.25,0.4423043511565012,0.11523585174196202,0.5088078109846268,0.11721790778277998,-1.7199994713938516,False
1024,0,random,3.3,0.3,0.506266015948573,0.13874869791471414,0.5088078109846268,0.11721790778277998,15.517832207094784,True
1024,0,random,3.3,0.35,0.5436363174291435,0.1512894353479847,0.5591611995263286,0.13235983901495543,12.512173298478391,True
1024,0,random,3.3,0.39999999999999997,0.6020690748480786,0.1746315288970916,0.6164524611166662,0.1521751287148553,12.859304573499786,True
1024,0,random,3.3,0.44999999999999996,0.6509087218931976,0.19660942837274364,0.6886863249345635,0.17719634954583832,9.873930760889493,True
1024,0,random,3.3,0.49999999999999994,0.6909252364660092,0.2119419529408842,0.7158422263024172,0.1866781763238807,11.920139578996036,True
1024,0,random,3.3,0.5499999999999999,0.7287940794990113,0.20787165357158388,0.7946763340943166,0.215081962173356,-3.4686348416856916,False
1024,0,random,3.3,0.6,0.7754719054151173,0.24343131323873674,0.7946763340943166,0.215081962173356,11.645729010046502,True
1024,0,random,3.3,0.65,0.8259718301593866,0.26880786879586244,0.8463125227012912,0.23543175738546046,12.416344640471966,True
1024,0,random,3.3,0.7,0.8458491871154089,0.2780530329872035,0.8463125227012912,0.23543175738546046,15.32846994828665,True
1024,0,random,3.3,0.75,0.8928279089503265,0.30550527667161304,0.9013706331013317,0.2586167383740535,15.347865283505369,True
1024,0,random,3.3,0.7999999999999999,0.9147253238190896,0.31892730125777174,0.916315981355912,0.26546687783847,16.76257354214168,True
1024,0,random,3.3,0.85,0.943476478091171,0.34674027688235,0.945749041202632,0.28220724824822413,18.611344841263456,True
1024,0,random,3.3,0.9,0.9635561912476522,0.35729856268904286,0.9696179208657435,0.29946132915933016,16.187368091947373,True
1024,0,random,3.3,0.95,0.9807542485758824,0.3945445545409755,0.9889722415088269,0.3184100433336527,19.29680953166364,True
1024,0,local,3.3,0.05,0.4319590709470049,0.03544445617740232,0.4822407354882178,0.03622622601786355,-2.205619509433032,False
1024,0,local,3.3,0.1,0.5524399364124148,0.07195343567383343,0.6013210659290702,0.06573697170424771,8.639565173461762,True
1024,0,local,3.3,0.15,0.6143332195209803,0.09438610137233452,0.7194417980633254,0.09878369873034366,-4.659157751056475,False
1024,0,local,3.3,0.2,0.6594613104840404,0.1057793775298331,0.7194417980633254,0.09878369873034366,6.613461870217985,True
1024,0,local,3.3,0.25,0.6990156750984216,0.11598972716241829,0.7194417980633254,0.09878369873034366,14.834096823058596,True
1024,0,local,3.3,0.3,0.7417326192800209,0.13859148143898006,0.7483371008608684,0.10981663767227558,20.762346623283378,True
1024,0,local,3.3,0.35,0.7755710265988727,0.16036040035789897,0.797837856664091,0.13247156725981757,17.391346639094163,True
1024,0,local,3.3,0.39999999999999997,0.8037384291497653,0.17195830627385367,0.8396498014304542,0.15437228331395375,10.226911011726958,True
1024,0,local,3.3,0.44999999999999996,0.8335939602602733,0.19372722519277258,0.8396498014304542,0.15437228331395375,20.3146159966199,True
1024,0,local,3.3,0.49999999999999994,0.8535749114451747,0.20578725388974162,0.8903015697495905,0.18326526924225056,10.944304966311503,True
1024,0,local,3.3,0.5499999999999999,0.8923841783564622,0.2415940548690964,0.910453692402149,0.19501752568379221,19.278839129771175,True
1024,0,local,3.3,0.6,0.9150161879552806,0.2779322817418823,0.9393448129350807,0.21551882596520275,22.4563535352987,True
1024,0,local,3.3,0.65,0.927856749414487,0.28858086782855874,0.9393448129350807,0.21551882596520275,25.31770120906317,True
1024,0,local,3.3,0.7,0.9406504156369313,0.31312466723528715,0.9412766786773424,0.21717707431956654,30.641978405241378,True
1024,0,local,3.3,0.75,0.9467520942526158,0.3326295895079266,0.9604795466530002,0.23428189377406441,29.56673093315366,True
1024,0,local,3.3,0.7999999999999999,0.9515107973011694,0.3414406030362544,0.9604795466530002,0.23428189377406441,31.384290066642073,True
1024,0,local,3.3,0.85,0.9565128234299471,0.35579245503976936,0.9604795466530002,0.23428189377406441,34.15209050796844,True
1024,0,local,3.3,0.9,0.959937574416482,0.35857564324204194,0.9604795466530002,0.23428189377406441,34.663188035914104,True
1024,0,local,3.3,0.95,0.963372115891275,0.3719036201002481,0.9671532116439127,0.24187521903514525,34.96292965098139,True
1024,0,hot-cold,3.3,0.05,0.30143437272610024,0.03469514049026021,0.441238980563347,0.03304672702609595,4.751136444099446,True
1024,0,hot-cold,3.3,0.1,0.457018292693659,0.046126013938176516,0.5188784489871443,0.04043476198903695,12.338486383773917,True
1024,0,hot-cold,3.3,0.15,0.5679537360547338,0.06823528034031168,0.570395519826651,0.047364904862579285,30.585901272252414,True
1024,0,hot-cold,3.3,0.2,0.6390670838860084,0.07940805349110533,0.7171603715614863,0.08306214428933092,-4.6016627250973885,False
1024,0,hot-cold,3.3,0.25,0.7129165623156348,0.10399342513683127,0.7171603715614863,0.08306214428933092,20.127504041683043,True
1024,0,hot-cold,3.3,0.3,0.7761388813718786,0.1271761912725922,0.8046835510864473,0.11183462917965645,12.063234430454294,True
1024,0,hot-cold,3.3,0.35,0.8119948726753953,0.1397359127781286,0.8138275738441059,0.11549012901206804,17.351147091698472,True
1024,0,hot-cold,3.3,0.39999999999999997,0.8479559722525495,0.15788529878178387,0.8515992199067632,0.13225326587560332,16.234591253240772,True
1024,0,hot-cold,3.3,0.44999999999999996,0.8723888907956256,0.17178633111973723,0.8735214811462719,0.14378716574193764,16.29883192410916,True
1024,0,hot-cold,3.3,0.49999999999999994,0.8930811165456699,0.18246788888051144,0.9253635622681788,0.18586068233479558,-1.8593920689825572,False
1024,0,hot-cold,3.3,0.5499999999999999,0.9115546742094809,0.2075288187610346,0.9253635622681788,0.18586068233479558,10.44102527812749,True
1024,0,hot-cold,3.3,0.6,0.9274078492681426,0.22143628311667646,0.9354824918890062,0.1950898960331862,11.897953990497644,True
1024,0,hot-cold,3.3,0.65,0.9451766393120066,0.2439440922993001,0.9507434133561569,0.21303507702866137,12.670532407366453,True
1024,0,hot-cold,3.3,0.7,0.951227605367877,0.2523110529632863,0.9567127071445582,0.22006375109722678,12.780772577074472,True
1024,0,hot-cold,3.3,0.75,0.9619620456577369,0.26711636300769465,0.9712144747169684,0.2449567532696571,8.2958638282295,True
1024,0,hot-cold,3.3,0.7999999999999999,0.9672342889429972,0.2878376524086373,0.9712144747169684,0.2449567532696571,14.897598969471526,True
1024,0,hot-cold,3.3,0.85,0.9764129294161429,0.3137179351806684,0.9815141796920365,0.26776097412638883,14.649134110809825,True
1024,0,hot-cold,3.3,0.9,0.9798882370963181,0.32252894870899623,0.9815141796920365,0.26776097412638883,16.980793445620957,True
1024,0,hot-cold,3.3,0.95,0.9827309029585792,0.34652441649879995,0.9888298201338899,0.28491577970227794,17.779017541967455,True
1024,1,random,3.3,0.05,0.16922201175025645,0.035428799022180074,0.26785861081096257,0.049197596903486344,-38.86329274860929,False
1024,1,random,3.3,0.1,0.27558659031970817,0.05831612634843791,0.28343483806708114,0.05230416338560535,10.309263216337772,True
1024,1,random,3.3,0.15,0.3475804092877398,0.07278330419200188,0.3491936355770204,0.06640146075390661,8.76827935876613,True
1024,1,random,3.3,0.2,0.4201758674711392,0.0958192091315769,0.4623544090218835,0.09169608411724534,4.303025512003322,True
1024,1,random,3.3,0.25,0.4848276563608375,0.11852514454813345,0.5541051693730971,0.11444225789100673,3.4447430312718574,True
1024,1,random,3.3,0.3,0.5714887963713096,0.14155949595609665,0.5736777283521504,0.11950016273768979,15.58308262502457,True
1024,1,random,3.3,0.35,0.6157140084099029,0.16430709084748688,0.6180593804197435,0.1328671676690825,19.134854750479114,True
1024,1,random,3.3,0.39999999999999997,0.6660435187265967,0.18690884512404865,0.7115880155615465,0.16679786967857635,10.759777276524796,True
1024,1,random,3.3,0.44999999999999996,0.7003575462761562,0.20867776404296756,0.7115880155615465,0.16679786967857635,20.069169590952672,True
1024,1,random,3.3,0.49999999999999994,0.7419415893738719,0.2210270959583951,0.7794907658114002,0.19409975043837696,12.18282555053195,True
1024,1,random,3.3,0.5499999999999999,0.7591929902190576,0.2304551582297404,0.7794907658114002,0.19409975043837696,15.775480171774149,True
1024,1,random,3.3,0.6,0.7919978391741639,0.25679829263605214,0.8072406231254564,0.2058757049370986,19.829799947744842,True
1024,1,random,3.3,0.65,0.8200257178918742,0.2800170956556314,0.8302310387805755,0.21573094866718112,22.957936492388377,True
1024,1,random,3.3,0.7,0.8412747300006591,0.26993926513656025,0.8457678028907608,0.22255971818926762,17.55192855078852,True
1024,1,random,3.3,0.75,0.872112451780549,0.28775458707643375,0.8746832471635108,0.23898848219636926,16.947116421505104,True
1024,1,random,3.3,0.7999999999999999,0.9000847544008752,0.3037058590724116,0.9116499098992327,0.2605842114325107,14.198490530147968,True
1024,1,random,3.3,0.85,0.921886124790509,0.32859807681343234,0.9266413416930118,0.26994066332737593,17.85080851807914,True
1024,1,random,3.3,0.9,0.9474297240245437,0.333042595876904,0.9491475846070055,0.2851850729857535,14.369790376255388,True
1024,1,random,3.3,0.95,0.9665316011584051,0.3499478149750033,0.9714665018095153,0.3017366845163729,13.776662803873807,True
1024,1,local,3.3,0.05,0.35815523880067646,0.02176891891891892,0.3797017134945132,0.022746173773761404,-4.4892208863581695,False
1024,1,local,3.3,0.1,0.6147308903223391,0.05827789841535003,0.7060627898676599,0.06708220886792042,-15.107460447220578,False
1024,1,local,3.3,0.15,0.7066882619634324,0.09281949696879907,0.7107441166143615,0.06842675598330568,26.279759944931524,True
1024,1,local,3.3,0.2,0.7717309381309108,0.10347695484537034,0.7726614384891634,0.08867470123091267,14.30487941646259,True
1024,1,local,3.3,0.25,0.8172014527834282,0.1258629225073067,0.8386584423939902,0.1174590802340735,6.676980087400519,True
1024,1,local,3.3,0.3,0.8533054584486414,0.1299706586337348,0.8556633965017362,0.12545928244060883,3.4710728102404276,True
1024,1,local,3.3,0.35,0.8714306337193982,0.1517860397579787,0.8798580635833521,0.1378530862084687,9.17933794947542,True
1024,1,local,3.3,0.39999999999999997,0.8974808930546394,0.17482194469755372,0.8974914215238461,0.14781671021265963,15.447279534393587,True
1024,1,local,3.3,0.44999999999999996,0.9311743423306357,0.21079338503562778,0.9407142545096308,0.1790320852616717,15.067503075861644,True
1024,1,local,3.3,0.49999999999999994,0.932044849731865,0.1959194944312365,0.9407142545096308,0.1790320852616717,8.6195655101039,True
1024,1,local,3.3,0.5499999999999999,0.9494702208048759,0.2200290824095505,0.950349640601458,0.18793878294115685,14.584571783407462,True
1024,1,local,3.3,0.6,0.9557443054044126,0.23071064017032467,0.956170463433923,0.19603926274620753,15.02807906844722,True
1024,1,local,3.3,0.65,0.9661546608258678,0.24454400482561808,0.9786370261133728,0.23918781626369295,2.1902759651558745,True
1024,1,local,3.3,0.7,0.9766211291026665,0.27033469715135716,0.9786370261133728,0.23918781626369295,11.521599415788442,True
1024,1,local,3.3,0.75,0.9809132536720884,0.28827987814683226,0.9819531402590398,0.24664354062155058,14.443025920829156,True
1024,1,local,3.3,0.7999999999999999,0.9865527713486004,0.3011102997514269,0.9878113891570811,0.2642680419608403,12.235469135728893,True
1024,1,local,3.3,0.85,0.9905903824211586,0.326643403005252,0.9933922911466657,0.28352146261800804,13.201534147178428,True
1024,1,local,3.3,0.9,0.9939924300941776,0.33956547401725,0.9941543162783835,0.2861810346010827,15.72139793383569,True
1024,1,local,3.3,0.95,0.9963901704198186,0.3534608033625191,0.9964556126542141,0.29591452321126355,16.280809527905284,True
1024,1,hot-cold,3.3,0.05,0.21446192388669402,0.02176891891891892,0.41158805737095117,0.0356972394267516,-63.982600880229576,False
1024,1,hot-cold,3.3,0.1,0.42184322000235125,0.045319993024758934,0.4525399562764648,0.0396958761030351,12.409792116806596,True
1024,1,hot-cold,3.3,0.15,0.5402496085337389,0.057867411198654746,0.6678219751897484,0.06779290598290588,-17.15213205266366,False
1024,1,hot-cold,3.3,0.2,0.6678219751897486,0.06779290598290598,0.6678219751897484,0.06779290598290588,1.4432899320127035e-13,False
1024,1,hot-cold,3.3,0.25,0.7269942461086096,0.0895618249018249,0.7714385210116221,0.09194553175500958,-2.6615210842316106,False
1024,1,hot-cold,3.3,0.3,0.8050692304550944,0.1139189199210825,0.8481387880527449,0.11942838917821041,-4.8363074904016035,False
1024,1,hot-cold,3.3,0.35,0.8394891636205717,0.13530015038231313,0.8481387880527449,0.11942838917821041,11.730778686686161,True
1024,1,hot-cold,3.3,0.39999999999999997,0.8676505138299055,0.1463693966007756,0.8707347500503256,0.1317737191746287,9.971809521054997,True
1024,1,hot-cold,3.3,0.44999999999999996,0.8915148540817983,0.15795521140966734,0.9115644315625958,0.1571864927936987,0.48666872660181326,True
1024,1,hot-cold,3.3,0.49999999999999994,0.917991362506059,0.1953615051097802,0.9183934051385697,0.16183894712585886,17.159244327629374,True
1024,1,hot-cold,3.3,0.5499999999999999,0.9316600933642575,0.20545409778632281,0.9486188388966046,0.1949333030744146,5.120751946670888,True
1024,1,hot-cold,3.3,0.6,0.945605744105761,0.23124433609215767,0.9486188388966046,0.1949333030744146,15.70245292549438,True
1024,1,hot-cold,3.3,0.65,0.9555608039818978,0.24967929514550896,0.959476153707514,0.21037653169599874,15.741298623342082,True
1024,1,hot-cold,3.3,0.7,0.9624529846490044,0.26567925029421935,0.9639465148467722,0.21866535361153028,17.695735226076103,True
1024,1,hot-cold,3.3,0.75,0.970720845033396,0.3012771378944601,0.9729030582242167,0.23672965199669585,21.42462131340871,True
1024,1,hot-cold,3.3,0.7999999999999999,0.9758376595996786,0.31570023461199487,0.9792051634614183,0.25242434589325163,20.0430287283477,True
1024,1,hot-cold,3.3,0.85,0.9791585824042991,0.3254206759909285,0.9792051634614183,0.25242434589325163,22.43137436654815,True
1024,1,hot-cold,3.3,0.9,0.9832172212832596,0.3393566564917163,0.9876353692911427,0.2755608849165663,18.799033510841802,True
1024,1,hot-cold,3.3,0.95,0.9857923798698136,0.36239256143129134,0.9876353692911427,0.2755608849165663,23.960667451831274,True
1024,2,random,3.3,0.05,0.1293696866204518,0.02176891891891892,0.2377685555448675,0.041725878003696856,-91.67639035778554,False
1024,2,random,3.3,0.1,0.2957578432231406,0.07115921131297817,0.35052756458094064,0.07182574590330063,-0.9366806883101209,False
1024,2,random,3.3,0.15,0.3067869223343901,0.06784630402777542,0.35052756458094064,0.07182574590330063,-5.8653775361087845,False
1024,2,random,3.3,0.2,0.3523372956114791,0.07901907717856907,0.433268119422481,0.09501072689189377,-20.23770750598164,False
1024,2,random,3.3,0.25,0.474931030032375,0.1273291890983773,0.518695306484775,0.1203234446935916,5.502072583979856,True
1024,2,random,3.3,0.3,0.49400806584592644,0.12439579387144789,0.518695306484775,0.1203234446935916,3.273703274939266,True
1024,2,random,3.3,0.35,0.5849621950468038,0.16002470166046626,0.6362021651666778,0.156689689582471,2.08406080023279,True
1024,2,random,3.3,0.39999999999999997,0.6281473243037572,0.1704731789803044,0.6362021651666778,0.156689689582471,8.08542990767237,True
1024,2,random,3.3,0.44999999999999996,0.6714317798328857,0.19518617744256447,0.720089039615915,0.1868399963643387,4.276010313630795,True
1024,2,random,3.3,0.49999999999999994,0.7070808751150605,0.19291741374779442,0.720089039615915,0.1868399963643387,3.1502689494898983,True
1024,2,random,3.3,0.5499999999999999,0.7479601688210156,0.21663165859451033,0.7608274448513939,0.20239288396801083,6.572804140853461,True
1024,2,random,3.3,0.6,0.7953120508865126,0.23966756353408536,0.7974427504511563,0.2165142243824413,9.660606053747944,True
1024,2,random,3.3,0.65,0.8334294791384499,0.25654735971057235,0.8690616237069233,0.24432227249447655,4.765236028890618,True
1024,2,random,3.3,0.7,0.8676748136176597,0.27868458659957035,0.8690616237069233,0.24432227249447655,12.330181056790025,True
1024,2,random,3.3,0.75,0.9017257448595574,0.31385655780903493,0.9057170860011058,0.25965320795428315,17.270102696956112,True
1024,2,random,3.3,0.7999999999999999,0.9204079018927915,0.3107473932634196,0.9300983566732873,0.27165672725262546,12.579563612833622,True
1024,2,random,3.3,0.85,0.9524891887373703,0.3355800465174744,0.959800054170094,0.2899749642734114,13.589926670949504,True
1024,2,random,3.3,0.9,0.9657404765848183,0.3411631674093109,0.9676344024241648,0.2954486478975087,13.399605783632607,True
1024,2,random,3.3,0.95,0.9831576237168456,0.35286994984530573,0.9841373967162024,0.3111538630147117,11.821943707272863,True
1024,2,local,3.3,0.05,0.49536393145081375,0.035428799022180074,0.5523936599102104,0.03875856769056993,-9.398480220301186,False
1024,2,local,3.3,0.1,0.6258092159661305,0.058310503757422555,0.7358600953385614,0.0660715523183149,-13.309863679413692,False
1024,2,local,3.3,0.15,0.7199630569237914,0.06697620962117631,0.7358600953385614,0.0660715523183149,1.3507143924361253,True
1024,2,local,3.3,0.2,0.784545550026808,0.0912711852798867,0.7871058339737752,0.07781898812179164,14.738712022686428,True
1024,2,local,3.3,0.25,0.8148534457038075,0.11310222355935283,0.8278517484463741,0.09110982512805321,19.44470916591541,True
1024,2,local,3.3,0.3,0.860088042720204,0.12299364446051972,0.8873465073567496,0.12351260256682643,-0.4219389616292757,False
1024,2,local,3.3,0.35,0.8869486593143894,0.14487906054199473,0.8873465073567496,0.12351260256682643,14.74778887662307,True
1024,2,local,3.3,0.39999999999999997,0.8987453017492635,0.15592418843440983,0.9022157969235658,0.13348214756431254,14.392918183786241,True
1024,2,local,3.3,0.44999999999999996,0.92930290143226,0.1789103973402212,0.9434377423538411,0.166043798798784,7.191643824349525,True
1024,2,local,3.3,0.49999999999999994,0.9516925483604888,0.19480533867767183,0.965245807743535,0.19416059046960504,0.33097050237088643,True
1024,2,local,3.3,0.5499999999999999,0.9633748257308192,0.21657425759659077,0.965245807743535,0.19416059046960504,10.34918340513732,True
1024,2,local,3.3,0.6,0.9728724289103476,0.23030180372015058,0.9803824438465699,0.2220389122652776,3.5878535562463787,True
1024,2,local,3.3,0.65,0.9791004719161664,0.2538446435537535,0.9803824438465699,0.2220389122652776,12.529605054179848,True
1024,2,local,3.3,0.7,0.9810796929642346,0.28009811190106787,0.981728731161868,0.22468942466593328,19.781885304069892,True
1024,2,local,3.3,0.75,0.9846479619798758,0.30385146457452133,0.9857242859327117,0.23364262564755933,23.106302622327124,True
1024,2,local,3.3,0.7999999999999999,0.9856315875592193,0.3057104602917106,0.9857242859327117,0.23364262564755933,23.573885753004255,True
1024,2,local,3.3,0.85,0.9891734122418002,0.31675364528193867,0.9904514611215345,0.2500889650868173,21.046223520421968,True
1024,2,local,3.3,0.9,0.9912454540029574,0.3530537642167796,0.9913026432094558,0.2536761490816073,28.148011778215498,True
1024,2,local,3.3,0.95,0.9924065485500659,0.35965107059165485,0.9930484486524619,0.26266345908161326,26.967141054380626,True
1024,2,hot-cold,3.3,0.05,0.23600467256254087,0.02176891891891892,0.31100767688735426,0.026060506670064678,-19.71428975012641,False
1024,2,hot-cold,3.3,0.1,0.4427245647267507,0.045319993024758934,0.48285384677224463,0.040877911630827185,9.801593286885502,True
1024,2,hot-cold,3.3,0.15,0.5601454823854607,0.06750726284125158,0.678873378466677,0.07432107621363801,-10.09345229773222,False
1024,2,hot-cold,3.3,0.2,0.6659883854122259,0.09048104842027938,0.678873378466677,0.07432107621363801,17.860062951060428,True
1024,2,hot-cold,3.3,0.25,0.7448657459162353,0.11368291862344915,0.7675981187042626,0.09373661513488225,17.54555893716526,True
1024,2,hot-cold,3.3,0.3,0.7906740345685817,0.12412471520266202,0.82282336351414,0.10800340413943349,12.987994402973492,True
1024,2,hot-cold,3.3,0.35,0.8157273290107017,0.13360140630332734,0.82282336351414,0.10800340413943349,19.159979578191265,True
1024,2,hot-cold,3.3,0.39999999999999997,0.868698784401559,0.1504303624468936,0.8769867194005712,0.12628090330149144,16.053580376054487,True
1024,2,hot-cold,3.3,0.44999999999999996,0.8875976284782073,0.1830360872547908,0.8910081352065046,0.13226263029998336,27.73958825077457,True
1024,2,hot-cold,3.3,0.49999999999999994,0.9088671952278458,0.2189573741513975,0.9119708830994919,0.14626998586678952,33.19704968435933,True
1024,2,hot-cold,3.3,0.5499999999999999,0.9122259991829799,0.21584819116393775,0.9128481059554445,0.1469338693768909,31.927217650254057,True
1024,2,hot-cold,3.3,0.6,0.9293159098351341,0.2522394137043263,0.9351752079469551,0.16633480849924748,34.05677326295078,True
1024,2,hot-cold,3.3,0.65,0.935268407187529,0.26105241604761337,0.9375431210217107,0.16848531045751625,35.45920278830662,True
1024,2,hot-cold,3.3,0.7,0.9411011801654179,0.28880051979232796,0.941479022942464,0.17231653549773918,40.33371698165593,True
1024,2,hot-cold,3.3,0.75,0.946907910888289,0.30655332746283614,0.9599016938558202,0.2010716230316778,34.408924967205266,True
1024,2,hot-cold,3.3,0.7999999999999999,0.949429049505417,0.3154333679909245,0.9599016938558202,0.2010716230316778,36.255436667225716,True
1024,2,hot-cold,3.3,0.85,0.9545032774764501,0.3302975117663743,0.9599016938558202,0.2010716230316778,39.12408786963567,True
1024,2,hot-cold,3.3,0.9,0.9573276719290459,0.34479659402649726,0.9599016938558202,0.2010716230316778,41.68398803376066,True
1024,2,hot-cold,3.3,0.95,0.9607862781157087,0.3803562536936501,0.9710303859199828,0.2219319274592378,41.651563421384374,True
2048,0,random,3.3,0.05,0.15516089294892307,0.05732857858607178,0.1733906454294983,0.05995538134863268,-4.582012719218365,False
2048,0,random,3.3,0.1,0.25198131334864327,0.10213340244456573,0.2593419404078057,0.0957507695168166,6.249309995535879,True
2048,0,random,3.3,0.15,0.3438138024462342,0.14787172792505396,0.38016967041290245,0.1499656902643981,-1.416066728053278,False
2048,0,random,3.3,0.2,0.3926969398090338,0.1710439986334485,0.3928804209287998,0.15628974650219382,8.625998134476143,True
2048,0,random,3.3,0.25,0.47178290363671277,0.22967122094661174,0.47203748290092856,0.19877688673448365,13.451547862546365,True
2048,0,random,3.3,0.3,0.5229011514107769,0.24949248927432507,0.5279834823945755,0.2307891861284417,7.49653955527233,True
2048,0,random,3.3,0.35,0.57994127150799,0.2967434173747716,0.6140544137891504,0.2835854621355385,4.434118659021613,True
2048,0,random,3.3,0.39999999999999997,0.6295923091410777,0.3309406729607387,0.6399659446279586,0.3010581027116348,9.029585267281137,True
2048,0,random,3.3,0.44999999999999996,0.66920662008173,0.36668316060203604,0.7086350279807919,0.3480841237050233,5.072236441530631,True
2048,0,random,3.3,0.49999999999999994,0.7147911468480056,0.41105383379751675,0.7268990391923033,0.36079589914656857,12.226606473084257,True
2048,0,random,3.3,0.5499999999999999,0.7541051584232664,0.44508518903758765,0.7602155031978202,0.3852906929585728,13.434393583913472,True
2048,0,random,3.3,0.6,0.7882036094296339,0.48179894406695883,0.8127555078218709,0.4287179966060229,11.017240306271603,True
2048,0,random,3.3,0.65,0.8238569355137838,0.5085009556279599,0.8494528743100104,0.4613496963899177,9.272599926545677,True
2048,0,random,3.3,0.7,0.8668727570529459,0.5669423200303553,0.8886689708965335,0.49754125338654315,12.241292313492536,True
2048,0,random,3.3,0.75,0.8927236055485028,0.587121534807903,0.90732528345438,0.516098170403781,12.096876062868256,True
2048,0,random,3.3,0.7999999999999999,0.9242347999299336,0.6257902050900166,0.9300637131728974,0.5416154230660724,13.450958698184824,True
2048,0,random,3.3,0.85,0.9495518189930962,0.6595751434394763,0.9518370918823026,0.5714471602368019,13.361325707805605,True
2048,0,random,3.3,0.9,0.968193430110348,0.6807411587316615,0.9693387933974972,0.599608698373334,11.918253996789518,True
2048,0,random,3.3,0.95,0.9850659687985388,0.7198753673218893,0.9876290357532845,0.631809533577272,12.233483425366188,True
2048,0,local,3.3,0.05,0.3893481087092004,0.09783088189514055,0.3902566322479837,0.07692615371886816,21.368230329027394,True
2048,0,local,3.3,0.1,0.5212537923641272,0.12990125405219224,0.540195506335696,0.12425474588564682,4.3467695579572645,True
2048,0,local,3.3,0.15,0.6378092679115145,0.1879318073509341,0.680538802695784,0.17363878914559916,7.605427951131705,True
2048,0,local,3.3,0.2,0.6924519702132643,0.2017384758656241,0.7035879987464714,0.18222575726972623,9.672284135275754,True
2048,0,local,3.3,0.25,0.7611666234142589,0.2364511155560163,0.7712008995083063,0.2201843874225268,6.879531143356288,True
2048,0,local,3.3,0.3,0.794817596575565,0.2672516259103451,0.8086849560495488,0.24395523511913556,8.71702490559395,True
2048,0,local,3.3,0.35,0.8426172661184506,0.2976839265333339,0.8662297209474843,0.29718301622195026,0.16826918309530425,True
2048,0,local,3.3,0.39999999999999997,0.8631197842787668,0.3428503776212817,0.8662297209474843,0.29718301622195026,13.319909902440408,True
2048,0,local,3.3,0.44999999999999996,0.8973212559380719,0.38784697134967466,0.905386490376992,0.35037057720358084,9.662675465965131,True
2048,0,local,3.3,0.49999999999999994,0.9144932608282492,0.433910865927304,0.9160703114906016,0.3671427035595924,15.387529469911387,True
2048,0,local,3.3,0.5499999999999999,0.9351563963133209,0.4724751285295711,0.9359817860883853,0.4010754957216555,15.1118288554414,True
2048,0,local,3.3,0.6,0.9503897780811843,0.4826939224003175,0.960229996513252,0.44824035005740565,7.137768002460598,True
2048,0,local,3.3,0.65,0.9612443432375962,0.5214398618919985,0.9647478879978215,0.45773220571750134,12.217642115687044,True
2048,0,local,3.3,0.7,0.9726191510704831,0.5592764227744047,0.9728751207521514,0.4759428027977736,14.900256220928764,True
2048,0,local,3.3,0.75,0.9776860842822674,0.6129917185106198,0.9796561800846836,0.4968186128156686,18.951823032326754,True
2048,0,local,3.3,0.7999999999999999,0.9810817215692803,0.6390686130783457,0.9827391035359109,0.5073431897126831,20.612094017753602,True
2048,0,local,3.3,0.85,0.9879140306767373,0.660722082655847,0.9880408382180464,0.5292666781238679,19.89571833342989,True
2048,0,local,3.3,0.9,0.9913680735947482,0.6784448064054782,0.9916910964717017,0.5497728145616182,18.96572729704974,True
2048,0,local,3.3,0.95,0.9939982036325798,0.7145481223790876,0.9941104786979964,0.5685928487074041,20.426234301158818,True
2048,0,hot-cold,3.3,0.05,0.2616213746842049,0.046126013938176516,0.3078071816359074,0.04984772498743086,-8.06857287569358,False
2048,0,hot-cold,3.3,0.1,0.43280219424248767,0.07818882060202577,0.4495728953282015,0.07591708042702097,2.905453947908687,True
2048,0,hot-cold,3.3,0.15,0.5350907526511123,0.12533429507807037,0.5439699780564234,0.10207166971126722,18.560462922229647,True
2048,0,hot-cold,3.3,0.2,0.6153817563147117,0.1593656503181413,0.665031790126894,0.15225171286528105,4.46390890299051,True
2048,0,hot-cold,3.3,0.25,0.6867772954066083,0.1926476898710701,0.7104432912672884,0.17334812994586166,10.018059359094678,True
2048,0,hot-cold,3.3,0.3,0.7311422228727741,0.21910819499162312,0.7822168262233499,0.21817353474509837,0.42657475525298416,True
2048,0,hot-cold,3.3,0.35,0.7890497420778534,0.2764367735776949,0.7920601125374538,0.22472966839428535,18.70485771997945,True
2048,0,hot-cold,3.3,0.39999999999999997,0.8277395170997115,0.3199886680025592,0.8371310433132655,0.26044755087232985,18.607258032572936,True
2048,0,hot-cold,3.3,0.44999999999999996,0.8572903398404478,0.3574584194596978,0.8622911844255158,0.28155607487995643,21.233894754659456,True
2048,0,hot-cold,3.3,0.49999999999999994,0.8844319027151988,0.395700180175695,0.8883020883129674,0.30904927967427537,21.898120052142957,True
2048,0,hot-cold,3.3,0.5499999999999999,0.9031499878867512,0.42163161499780705,0.9033830535592298,0.3283428655851221,22.125653317806858,True
2048,0,hot-cold,3.3,0.6,0.9236163418341903,0.49224802394282957,0.9340098685467794,0.37292349247755213,24.240733463896234,True
2048,0,hot-cold,3.3,0.65,0.9323636228083122,0.5279575399100291,0.9340098685467794,0.37292349247755213,29.364870413423173,True
2048,0,hot-cold,3.3,0.7,0.9417909865908333,0.5561371194213611,0.9446325942241995,0.3959592935371521,28.801858442908433,True
2048,0,hot-cold,3.3,0.75,0.9518588642164278,0.5878542952221317,0.952266980303495,0.41390447453262597,29.59063531615016,True
2048,0,hot-cold,3.3,0.7999999999999999,0.961092369761399,0.6106759381044432,0.963125231003713,0.45068594345794316,26.198837167731526,True
2048,0,hot-cold,3.3,0.85,0.9682231606756077,0.6515817907893835,0.9749516891296011,0.49896694992866053,23.422207774688108,True
2048,0,hot-cold,3.3,0.9,0.9720633810363608,0.6843882721075152,0.9749516891296011,0.49896694992866053,27.09300111293046,True
2048,0,hot-cold,3.3,0.95,0.9756626497721167,0.7345761377003787,0.9779751017184233,0.514822596785373,29.91569282429365,True
2048,1,random,3.3,0.05,0.17591814380911236,0.070624661659104,0.1791471400213042,0.056558031479593804,19.91744788443445,True
2048,1,random,3.3,0.1,0.2503211251333186,0.10385861289962359,0.28238827669223654,0.1055812493860279,-1.6586361384098192,False
2048,1,random,3.3,0.15,0.3098537887446313,0.13812277447804003,0.33749009326893725,0.1375842609342981,0.38988034071639754,True
2048,1,random,3.3,0.2,0.3639092775362446,0.16996969294594289,0.3745628018061865,0.1595139402498923,6.151539439078668,True
2048,1,random,3.3,0.25,0.419458258540627,0.20431380972809585,0.43984132674377313,0.1997072652635734,2.254641754589626,True
2048,1,random,3.3,0.3,0.4776330162938003,0.25145928420414043,0.5176546747154976,0.2509500394337246,0.20251579575896184,True
2048,1,random,3.3,0.35,0.5280541520351671,0.2866155536064814,0.5664707722894552,0.28316772844941646,1.2029441925537454,True
2048,1,random,3.3,0.39999999999999997,0.5797260036217178,0.32087971518489783,0.6098504613591765,0.3118862863779273,2.8027414577416643,True
2048,1,random,3.3,0.44999999999999996,0.6261036624057812,0.3584527754199132,0.6393656519479197,0.33154267783194186,7.50729229434679,True
2048,1,random,3.3,0.49999999999999994,0.6707869775233389,0.3927169369983297,0.6904809707581162,0.3664365928859881,6.691930404940328,True
2048,1,random,3.3,0.5499999999999999,0.7084145730061255,0.4173756942197748,0.748107135642793,0.40659156938154034,2.583793207794205,True
2048,1,random,3.3,0.6,0.7572288348147903,0.46452116869581933,0.779822912077384,0.4303635134044215,7.353304347205136,True
2048,1,random,3.3,0.65,0.7978987801225025,0.49694754549130954,0.8190927156807871,0.46062163970630915,7.309806862832291,True
2048,1,random,3.3,0.7,0.836317196460749,0.5175062059149583,0.8495684576813359,0.4857155516747594,6.1430479242258755,True
2048,1,random,3.3,0.75,0.8668399402949675,0.5549383518305278,0.8668903440104149,0.5013818537868707,9.650891466952105,True
2048,1,random,3.3,0.7999999999999999,0.8967201414156074,0.5848087943163889,0.8975288852664305,0.5322091285553576,8.994335631104445,True
2048,1,random,3.3,0.85,0.9251486220198271,0.6203991922663092,0.9411490187097666,0.5800499203771483,6.503759578049362,True
2048,1,random,3.3,0.9,0.9536419171885501,0.666561684176531,0.9568745132793017,0.597584204243117,10.348251567839329,True
2048,1,random,3.3,0.95,0.9759141995716618,0.7071215482518554,0.9779827885163235,0.6242648810659919,11.717457541875454,True
2048,1,local,3.3,0.05,0.3428113348022015,0.07192547518697057,0.3712560300949697,0.06493099386724835,9.724623023400314,True
2048,1,local,3.3,0.1,0.4891239799297862,0.1302033736023206,0.5306719745268175,0.12643101516882238,2.897281636511284,True
2048,1,local,3.3,0.15,0.5609869780388546,0.16446753518073703,0.6150186653969326,0.16664179653261335,-1.3220003263786806,False
2048,1,local,3.3,0.2,0.6407532162605079,0.19754878696591457,0.6539166196117578,0.18645093456538858,5.617778054208367,True
2048,1,local,3.3,0.25,0.6925307397229199,0.23137773458180255,0.7025946340041297,0.2139163842476221,7.546685667806585,True
2048,1,local,3.3,0.3,0.7628314930833264,0.29401204079521154,0.776937417551459,0.2648326449487722,9.924558112490267,True
2048,1,local,3.3,0.35,0.7961680160952322,0.3145146055440094,0.8286407324132958,0.3043363098611513,3.236191739093619,True
2048,1,local,3.3,0.39999999999999997,0.8243633135650972,0.36064061948218595,0.8286407324132958,0.3043363098611513,15.6123039334497,True
2048,1,local,3.3,0.44999999999999996,0.8495198923339818,0.3973183376277388,0.8600715152816327,0.3318013053632663,16.489808312310437,True
2048,1,local,3.3,0.49999999999999994,0.8748610836502189,0.42020986423428147,0.8784809402905635,0.35255081247816716,16.10125261561972,True
2048,1,local,3.3,0.5499999999999999,0.8889871341987439,0.44533889330214355,0.8994954541215557,0.38104172263932656,14.437807168841655,True
2048,1,local,3.3,0.6,0.9088391814011471,0.4781509972112905,0.9220531752382629,0.41478941788847723,13.251374501434821,True
2048,1,local,3.3,0.65,0.9300398140099666,0.5258105775540849,0.9334673459233596,0.4335718382698085,17.542199267527803,True
2048,1,local,3.3,0.7,0.9450716172294846,0.5621160913872004,0.9469336957123451,0.4594342871483954,18.267010287039632,True
2048,1,local,3.3,0.75,0.9588126896788158,0.5984322384952495,0.9590740618000807,0.48386796534730775,19.144067745416294,True
2048,1,local,3.3,0.7999999999999999,0.9668600612983265,0.6338400448717643,0.9686763273729183,0.5063997343041321,20.10606802121746,True
2048,1,local,3.3,0.85,0.9745941324004275,0.6767438588406326,0.9747571008982936,0.5215430691132543,22.93346111677487,True
2048,1,local,3.3,0.9,0.9808007982870721,0.7274603878932621,0.9809020649438864,0.5409437319780703,25.639424361695795,True
2048,1,local,3.3,0.95,0.9837592058355333,0.7115921894931905,0.9839319559859594,0.5519921840332807,22.42857746563801,True
2048,1,hot-cold,3.3,0.05,0.2313110373672372,0.0471454744760446,0.23656487320595482,0.04385417615864698,6.981154297365244,True
2048,1,hot-cold,3.3,0.1,0.34193707325128064,0.08117682971611552,0.46175072743505396,0.10273407617673944,-26.555910764207002,False
2048,1,hot-cold,3.3,0.15,0.4674527555259518,0.11573643010403506,0.5629878225611943,0.1308884902542563,-13.091867562012327,False
2048,1,hot-cold,3.3,0.2,0.5789683902073088,0.15301403308770295,0.5954941194183078,0.14138522647324625,7.599830146161446,True
2048,1,hot-cold,3.3,0.25,0.662503576331531,0.18638085792257653,0.6682549455131941,0.17065494466482514,8.437515221806734,True
2048,1,hot-cold,3.3,0.3,0.7141335039920775,0.21594578317938584,0.7207648867876729,0.19879538843592293,7.941991036340868,True
2048,1,hot-cold,3.3,0.35,0.7593169002406657,0.2505540123966254,0.7802337318835312,0.24363757195975122,2.7604588610321223,True
2048,1,hot-cold,3.3,0.39999999999999997,0.8006344823765096,0.28684042819925915,0.8381517348692817,0.29239260517990606,-1.9356326496591247,False
2048,1,hot-cold,3.3,0.44999999999999996,0.8368723072961578,0.3233712851486261,0.8381517348692817,0.29239260517990606,9.579910583118656,True
2048,1,hot-cold,3.3,0.49999999999999994,0.8644375052263821,0.3571429519080018,0.8700298076078385,0.32192364425775744,9.861403525419899,True
2048,1,hot-cold,3.3,0.5499999999999999,0.8918743601150463,0.3832962039696592,0.8942769340737816,0.35027586457959153,8.614836006223914,True
2048,1,hot-cold,3.3,0.6,0.9137678624010581,0.41616187784095576,0.9185300811390874,0.39009102377178545,6.264594490111797,True
2048,1,hot-cold,3.3,0.65,0.9302421053888721,0.4515105205682637,0.9376204721534118,0.42778173746056053,5.255421972856467,True
2048,1,hot-cold,3.3,0.7,0.9382603287860428,0.4884316616793703,0.9391801376642435,0.43148722986329807,11.658628275710193,True
2048,1,hot-cold,3.3,0.75,0.9538422867916039,0.519845145814812,0.9540520088406671,0.4685044054095985,9.876160394792455,True
2048,1,hot-cold,3.3,0.7999999999999999,0.9616100139431596,0.5545086611861587,0.9653809145502934,0.5031033927236541,9.27041758960856,True
2048,1,hot-cold,3.3,0.85,0.9685138075470833,0.589632109528375,0.9692210457051977,0.5156894586462495,12.540472217713772,True
2048,1,hot-cold,3.3,0.9,0.9759703301772684,0.6376824821431482,0.982034158427988,0.5651791179702637,11.36982216121295,True
2048,1,hot-cold,3.3,0.95,0.9810550869288646,0.673780974422884,0.982034158427988,0.5651791179702637,16.11827293663812,True
2048,2,random,3.3,0.05,0.1639568322516073,0.05803055329874185,0.18536419551895328,0.0573354028842211,1.1979041642806831,True
2048,2,random,3.3,0.1,0.2690442337692023,0.10463212547171558,0.28925010268747287,0.10240880875264684,2.1248891858454577,True
2048,2,random,3.3,0.15,0.335246601189778,0.1370826205932531,0.3497365951900007,0.1334523448428906,2.6482392404316046,True
2048,2,random,3.3,0.2,0.39101741091055026,0.1698891019113847,0.39564169569818736,0.15876506264458845,6.547823928458119,True
2048,2,random,3.3,0.25,0.45211277293470575,0.205954988849048,0.46679169603227505,0.19852960880249046,3.605341190351008,True
2048,2,random,3.3,0.3,0.5173765703040649,0.2517126948171454,0.5248592571719971,0.23170961622309885,7.946789735248605,True
2048,2,random,3.3,0.35,0.5660041896116474,0.28453147946691765,0.576521282262977,0.2639282187916729,7.241118175692152,True
2048,2,random,3.3,0.39999999999999997,0.6166902423261663,0.31698721240560085,0.6325506876921343,0.29982406859464367,5.414459365949464,True
2048,2,random,3.3,0.44999999999999996,0.6660061868474125,0.36306459751445735,0.6854460566875741,0.3366636702360995,7.271688690965405,True
2048,2,random,3.3,0.49999999999999994,0.7083821530996285,0.3920215752330081,0.7085791500889446,0.35314746814039133,9.916318271388757,True
2048,2,random,3.3,0.5499999999999999,0.7498470013514487,0.4382944503673706,0.7512776137097725,0.3854735850728104,12.051456560831808,True
2048,2,random,3.3,0.6,0.7835138267137446,0.47172913659302007,0.791661959947159,0.4169248163781234,11.617751790934761,True
2048,2,random,3.3,0.65,0.8147147547970307,0.5046708286627326,0.821534967298695,0.44097811596058956,12.620644801466895,True
2048,2,random,3.3,0.7,0.8465689897540049,0.5384671981102078,0.8467825211365803,0.4626858178311718,14.073536985167646,True
2048,2,random,3.3,0.75,0.882619947721342,0.5794377959131488,0.8877421300453311,0.5028995822486877,13.209047494708702,True
2048,2,random,3.3,0.7999999999999999,0.9098364401570314,0.6006353003497092,0.9121639696673052,0.5279735589045355,12.097481017660428,True
2048,2,random,3.3,0.85,0.9354987777888412,0.6457789181598076,0.9442819042843035,0.5649960920497078,12.509362544738401,True
2048,2,random,3.3,0.9,0.958071736880132,0.7060324210434968,0.9608978371048912,0.5881418267245547,16.697617673803567,True
2048,2,random,3.3,0.95,0.982301721769183,0.7324160677651537,0.9835935494523594,0.624808778994458,14.692098317700964,True
2048,2,local,3.3,0.05,0.39718480125594324,0.08466399594781635,0.457805930127596,0.08171217439145269,3.4865133913393964,True
2048,2,local,3.3,0.1,0.501534191351761,0.10644613006930358,0.5029367470462786,0.09366820189126325,12.004126565917462,True
2048,2,local,3.3,0.15,0.6509977291700082,0.178218063319463,0.6798633880179552,0.1609074661944138,9.713155222666325,True
2048,2,local,3.3,0.2,0.7159002611739125,0.22306779585167008,0.7476722332937324,0.19732335416918487,11.541083993856327,True
2048,2,local,3.3,0.25,0.7594998377379756,0.25912137945769276,0.7937981887712592,0.2300468075599956,11.220445012505898,True
2048,2,local,3.3,0.3,0.7947006165394235,0.2933855410361092,0.7959243373861433,0.23170505591435936,21.023696295298468,True
2048,2,local,3.3,0.35,0.8443325369168473,0.3322904606583002,0.8456906040538379,0.2711036801015644,18.41364342374402,True
2048,2,local,3.3,0.39999999999999997,0.8682996992227752,0.3669362802909699,0.8957023192853685,0.31838291970781046,13.232095922664843,True
2048,2,local,3.3,0.44999999999999996,0.899115101379272,0.427272381141504,0.8992148377842774,0.3219146581441168,24.65821046422724,True
2048,2,local,3.3,0.49999999999999994,0.9161004237698203,0.4679849104249334,0.9186456496571003,0.3454709326590945,26.179044459915467,True
2048,2,local,3.3,0.5499999999999999,0.9275124374367095,0.4799732963788976,0.9299557482240746,0.36353774030144076,24.258757092507278,True
2048,2,local,3.3,0.6,0.939348945810678,0.5120727977805544,0.9461307592519245,0.3978595284755653,22.30410789247478,True
2048,2,local,3.3,0.65,0.9481254632583802,0.526962015883488,0.9506088715294908,0.4086404545070525,22.453527542789075,True
2048,2,local,3.3,0.7,0.9599595668935927,0.5517361591955428,0.9660670985920445,0.45390450763112594,17.731600500329712,True
2048,2,local,3.3,0.75,0.9689978968854851,0.5856326121869957,0.9741199965383556,0.4815434525989037,17.77379835446319,True
2048,2,local,3.3,0.7999999999999999,0.9755867740099152,0.6007898914957805,0.9765082093107775,0.49013810041560374,18.417718514652126,True
2048,2,local,3.3,0.85,0.981208823331013,0.6415201489365773,0.9833481010694483,0.5225244971032981,18.549012377948472,True
2048,2,local,3.3,0.9,0.9850423874151355,0.6823636386735759,0.9856221561499753,0.5343812019806762,21.686741248487074,True
2048,2,local,3.3,0.95,0.9883464403054145,0.7118688066587358,0.9885253563680546,0.552157105913974,22.435552625826215,True
2048,2,hot-cold,3.3,0.05,0.2452534072089293,0.0471454744760446,0.26913148348835336,0.041725878003696856,11.495475509747033,True
2048,2,hot-cold,3.3,0.1,0.42110615360790715,0.07957185127153478,0.4581885009923631,0.07643889732972618,3.937264110040062,True
2048,2,hot-cold,3.3,0.15,0.5398290875220194,0.11379110417623808,0.6134544277558346,0.12567896968048536,-10.447095658581107,False
2048,2,hot-cold,3.3,0.2,0.6363272458969323,0.15317783086813241,0.6530119839726786,0.14059411328367818,8.215103656407885,True
2048,2,hot-cold,3.3,0.25,0.7121829598579916,0.18833410027047334,0.7262740589490995,0.17136329165460196,9.01101212764921,True
2048,2,hot-cold,3.3,0.3,0.7612488739385795,0.21256719569936583,0.7886383047363297,0.21233916410801013,0.10727506217761418,True
2048,2,hot-cold,3.3,0.35,0.7966344502644336,0.2586518454549125,0.8104729658891601,0.2284716904024494,11.668254289615732,True
2048,2,hot-cold,3.3,0.39999999999999997,0.8242192154949924,0.2818652482875744,0.8452519983382306,0.2624883469407384,6.874526556415573,True
2048,2,hot-cold,3.3,0.44999999999999996,0.8705915221526184,0.3446371728965862,0.8748786020623411,0.29672264718942476,13.90288961125471,True
2048,2,hot-cold,3.3,0.49999999999999994,0.893067906813114,0.36109832533880676,0.9113524431410756,0.34158559967811125,5.403715357136408,True
2048,2,hot-cold,3.3,0.5499999999999999,0.9099877990473026,0.39554252318665556,0.9113524431410756,0.34158559967811125,13.64124470710376,True
2048,2,hot-cold,3.3,0.6,0.9215004929505171,0.43083233218292194,0.9276633584921947,0.3670904300454194,14.795060021270434,True
2048,2,hot-cold,3.3,0.65,0.9382086250962555,0.4672117540303863,0.9383910637576556,0.3889005119703656,16.761402380071,True
2048,2,hot-cold,3.3,0.7,0.9528693573405872,0.5164774717466254,0.9567064535655325,0.43589501003034314,15.602318808556781,True
2048,2,hot-cold,3.3,0.75,0.9544684352496157,0.5389926267434464,0.9567064535655325,0.43589501003034314,19.127834333469718,True
2048,2,hot-cold,3.3,0.7999999999999999,0.9625942575761551,0.5750742216415419,0.9643789866583663,0.45853073399399674,20.26581670012494,True
2048,2,hot-cold,3.3,0.85,0.970835861636988,0.6103334561197998,0.9766673856234115,0.5102602385018288,16.39648238426702,True
2048,2,hot-cold,3.3,0.9,0.9750379489348747,0.6421061638092727,0.9766673856234115,0.5102602385018288,20.533353008990364,True
2048,2,hot-cold,3.3,0.95,0.9794875390645742,0.6889119409904265,0.9800819456864622,0.5263927647962683,23.590703909197686,True
4096,0,random,3.3,0.05,0.13373784674096667,0.09481700179351324,0.1472565708723602,0.09592190482137215,-1.1653005336164313,False
4096,0,random,3.3,0.1,0.2460566149186826,0.19691872041882916,0.24910367330279365,0.18216103946382362,7.494300655426378,True
4096,0,random,3.3,0.15,0.31487496118738145,0.2632311447898162,0.3251026120369624,0.25761028567045957,2.1353320952369637,True
4096,0,random,3.3,0.2,0.3828206610680743,0.34391675911591224,0.38846485088802635,0.32471466740491156,5.5833544606440295,True
4096,0,random,3.3,0.25,0.44239987444681356,0.4153895151200805,0.4469014637573693,0.3901718438359821,6.07084925501995,True
4096,0,random,3.3,0.3,0.49946727975816,0.4958170291490539,0.5006977770542578,0.453279479623569,8.579283692310845,True
4096,0,random,3.3,0.35,0.5517130129285117,0.5669992935103857,0.5545595065932948,0.5185750122452824,8.540448254406218,True
4096,0,random,3.3,0.39999999999999997,0.595840169606293,0.623461819100552,0.6174195991749872,0.6011092602590816,3.5852329936928107,True
4096,0,random,3.3,0.44999999999999996,0.6443190059342162,0.7047801393248878,0.6493224002040074,0.6441833025330169,8.597977356444364,True
4096,0,random,3.3,0.49999999999999994,0.6872918716995781,0.7766173426964752,0.6972101431818561,0.7114808175884985,8.387209701217557,True
4096,0,random,3.3,0.5499999999999999,0.7346506185036609,0.8422435118588006,0.7500285621936302,0.7880273163448389,6.43711643373881,True
4096,0,random,3.3,0.6,0.7753272505993015,0.9143128866001519,0.7757665063718331,0.8263933739397716,9.615910915059567,True
4096,0,random,3.3,0.65,0.8079521404322926,0.980570827842657,0.8131090371588076,0.8864434345208739,9.599244710233911,True
4096,0,random,3.3,0.7,0.8430206357267723,1.0609193293731458,0.84674662292671,0.9437049402213011,11.048379071489055,True
4096,0,random,3.3,0.75,0.8751328917356246,1.1400174587286716,0.8800274369928298,1.0075750415649967,11.617577972127947,True
4096,0,random,3.3,0.7999999999999999,0.9052564915158522,1.2158867912797278,0.9123741294542328,1.0744407930741275,11.633155259193783,True
4096,0,random,3.3,0.85,0.9367865885941439,1.3150696029148956,0.9367989766336361,1.1282999181317515,14.202266128664442,True
4096,0,random,3.3,0.9,0.9595158362732786,1.39024137222135,0.9613211179645367,1.1898901377520292,14.411255374251763,True
4096,0,random,3.3,0.95,0.9811333946454652,1.4716210176728923,0.981332599095808,1.2492369166802932,15.111506177334988,True
4096,0,local,3.3,0.05,0.4210333005892756,0.11703648765499639,0.47539175564765257,0.1254366497317082,-7.177387364420973,False
4096,0,local,3.3,0.1,0.5313475803224562,0.19478300358320288,0.5394151125036647,0.16769833496089026,13.905047218733957,True
4096,0,local,3.3,0.15,0.614863207143628,0.284454770660738,0.6239680979207022,0.23895624309904118,15.99499542792402,True
4096,0,local,3.3,0.2,0.6784006459056042,0.357267983214958,0.6893848263591259,0.30726450676479294,13.996069840962877,True
4096,0,local,3.3,0.25,0.7285338481027522,0.42192138300099247,0.7446416557489351,0.37862587169457596,10.261511516308875,True
4096,0,local,3.3,0.3,0.7874088494792857,0.5257786692675922,0.7889464223820094,0.4506800940310043,14.283305814060498,True
4096,0,local,3.3,0.35,0.828808117905043,0.6048320090465107,0.8346862341279887,0.5348180384386104,11.57577138125907,True
4096,0,local,3.3,0.39999999999999997,0.8556707331752424,0.6825783788667598,0.8574432373949897,0.5837257111784744,14.482244200644622,True
4096,0,local,3.3,0.44999999999999996,0.8780705982697268,0.7645586806661588,0.8803746571379156,0.6398475835708743,16.311514112510483,True
4096,0,local,3.3,0.49999999999999994,0.8984269374378062,0.8556363796590153,0.9004445341612133,0.6945205179583978,18.829945235010314,True
4096,0,local,3.3,0.5499999999999999,0.9137867565241833,0.9197063869210653,0.9190371066684597,0.7523228196141456,18.19967434033766,True
4096,0,local,3.3,0.6,0.9300284218547106,0.9928465715561167,0.9302781292467031,0.7903214901180309,20.39842683050841,True
4096,0,local,3.3,0.65,0.9471051827968663,1.0525534914066101,0.9472884954156726,0.8591741333505934,18.372401938222506,True
4096,0,local,3.3,0.7,0.9579832348768762,1.1160854960904578,0.9586676687779707,0.9120076625540959,18.285143409821856,True
4096,0,local,3.3,0.75,0.9645073658579866,1.1920645377855585,0.9675419104312054,0.9558716570278522,19.81376622414006,True
4096,0,local,3.3,0.7999999999999999,0.9742890270770874,1.2550401290812545,0.9744806358647624,0.9912937725347291,21.014973978529238,True
4096,0,local,3.3,0.85,0.9789132179343518,1.3128540633089465,0.9792433958889272,1.0211844151754934,22.216456214358082,True
4096,0,local,3.3,0.9,0.982581338843711,1.3585326454745723,0.9826846588396699,1.0449533368453732,23.082206355052836,True
4096,0,local,3.3,0.95,0.9852683174840997,1.414701265986519,0.9856167975589061,1.0685476498046682,24.46831882492635,True
4096,0,hot-cold,3.3,0.05,0.23704015724667252,0.07777572596344218,0.25682753365337413,0.07762735391852624,0.19076909032733624,True
4096,0,hot-cold,3.3,0.1,0.4085512368376091,0.16119957199990959,0.4191013990147144,0.14806425099294346,8.148483798067085,True
4096,0,hot-cold,3.3,0.15,0.5132338033922257,0.22301329315701993,0.5229764074112618,0.21077204664895688,5.489021006225037,True
4096,0,hot-cold,3.3,0.2,0.6067733038696127,0.3014617837978965,0.6089950921681634,0.27259076449116226,9.577008051571045,True
4096,0,hot-cold,3.3,0.25,0.6829783692713164,0.37315592459426744,0.6968745758457038,0.3467867355870735,7.066533657710283,True
4096,0,hot-cold,3.3,0.3,0.7405494090600816,0.4455897969802763,0.7412878513571428,0.3937088064382324,11.643217796645455,True
4096,0,hot-cold,3.3,0.35,0.788807452459033,0.5183103875123557,0.7918288294156501,0.45540179671808123,12.13724291658631,True
4096,0,hot-cold,3.3,0.39999999999999997,0.8351729584066871,0.572468204029383,0.8351750483427873,0.5217749306948659,8.855212041071747,True
4096,0,hot-cold,3.3,0.44999999999999996,0.8595768267672058,0.6553065188685008,0.8630617845872647,0.5791484382855162,11.621749271544646,True
4096,0,hot-cold,3.3,0.49999999999999994,0.885040689447654,0.7130565270186696,0.8851158952067547,0.6304627035084209,11.583068155280507,True
4096,0,hot-cold,3.3,0.5499999999999999,0.908353239606176,0.7832844276070714,0.9159369895048132,0.7240641131799801,7.560512163890321,True
4096,0,hot-cold,3.3,0.6,0.9241372710423071,0.8626924810981766,0.9288874703051453,0.7686447400724108,10.90165303238142,True
4096,0,hot-cold,3.3,0.65,0.9347706489477633,0.9249241828963868,0.9415979415865828,0.8195966200399505,11.387696938207903,True
4096,0,hot-cold,3.3,0.7,0.9500343818151644,1.0062440901341454,0.9559673942775931,0.8904667463434153,11.50589056133443,True
4096,0,hot-cold,3.3,0.75,0.9612920551410373,1.0678870383670838,0.9639249950722817,0.9391565547433643,12.054691086106118,True
4096,0,hot-cold,3.3,0.7999999999999999,0.9694155979967839,1.1289061053203218,0.9696598165744517,0.9769016301314264,13.464758005340471,True
4096,0,hot-cold,3.3,0.85,0.9750036989585321,1.2035893076918471,0.978157765930444,1.048186405319823,12.911622044071159,True
4096,0,hot-cold,3.3,0.9,0.9802333151256654,1.2768569308013942,0.9804668546606603,1.0704475960627609,16.16542384345947,True
4096,0,hot-cold,3.3,0.95,0.9834135075891045,1.3421239594930057,0.9841605790256222,1.111847287860227,17.157630634935305,True
4096,1,random,3.3,0.05,0.1558254631926431,0.11693040781230281,0.18083249562229414,0.12203759445486,-4.367714727169392,False
4096,1,random,3.3,0.1,0.2468019272303651,0.19449715321901184,0.2658806255640137,0.19193093914898807,1.3194095787788296,True
4096,1,random,3.3,0.15,0.33165859154446076,0.27763630832625674,0.3356256522040558,0.25720132380634725,7.36034297642939,True
4096,1,random,3.3,0.2,0.393368516728718,0.3428882795621211,0.4000654513933236,0.32042254369675166,6.551911279691113,True
4096,1,random,3.3,0.25,0.45392870845762234,0.42146477017999073,0.4784538559145127,0.4094924347252198,2.8406491602270934,True
4096,1,random,3.3,0.3,0.5169144217729733,0.5037773430656506,0.5345607661921099,0.4755712325337885,5.598923992932791,True
4096,1,random,3.3,0.35,0.569860639017089,0.573668982174597,0.5802876431262728,0.5329035704083053,7.106086093719599,True
4096,1,random,3.3,0.39999999999999997,0.6138739839884049,0.631637405623129,0.6148313321048471,0.5790594810199908,8.324067595595997,True
4096,1,random,3.3,0.44999999999999996,0.6638217774294062,0.7130800092536711,0.6667249956678879,0.6517562304503478,8.599845460189858,True
4096,1,random,3.3,0.49999999999999994,0.7109007465576582,0.7945903538692992,0.7286651271252576,0.7416329239027905,6.664746143548028,True
4096,1,random,3.3,0.5499999999999999,0.7490605068492022,0.8534772357853424,0.7508517955445602,0.7746856273321386,9.231834798815964,True
4096,1,random,3.3,0.6,0.7915438576954663,0.9326261764259893,0.8094079850778382,0.8659581567794775,7.148418233551734,True
4096,1,random,3.3,0.65,0.8283301036477765,1.009831315851739,0.8301990045814068,0.900803115231081,10.796674544470664,True
4096,1,random,3.3,0.7,0.8606602017324434,1.0830312516185343,0.8614634455495694,0.9554563244492872,11.779431754955638,True
4096,1,random,3.3,0.75,0.8911561506935988,1.1466388971191166,0.9002190792046976,1.0269178661127725,10.441040445003068,True
4096,1,random,3.3,0.7999999999999999,0.9164310629008948,1.2115609050005787,0.9194475832965483,1.0666013522899676,11.964693818718253,True
4096,1,random,3.3,0.85,0.9439428997844925,1.2914742728168198,0.9453868275781205,1.130333651331157,12.477261442785137,True
4096,1,random,3.3,0.9,0.9642968800249216,1.360107746503641,0.9655161816189968,1.1857828455584138,12.81699199150621,True
4096,1,random,3.3,0.95,0.9847576685261478,1.466547671217315,0.9865627294358534,1.255188702120306,14.412008095281992,True
4096,1,local,3.3,0.05,0.4564926065776529,0.14196912498687542,0.46756730482790687,0.1206171601269723,15.03986508466333,True
4096,1,local,3.3,0.1,0.550008680121346,0.19756777249076013,0.5753787729811037,0.1896156927244252,4.0249883197457486,True
4096,1,local,3.3,0.15,0.6487981140276151,0.30196128394805455,0.6601599299200022,0.2592893306186673,14.1315975251741,True
4096,1,local,3.3,0.2,0.7102773074901071,0.36732438848976334,0.7186357745328084,0.3163424205964179,13.87927659880015,True
4096,1,local,3.3,0.25,0.750904563132478,0.43150905584403326,0.7614262656213051,0.3739173196860411,13.346588067622944,True
4096,1,local,3.3,0.3,0.7971021221672696,0.521690596395406,0.7976427825370901,0.4337695938135088,16.853093229853634,True
4096,1,local,3.3,0.35,0.8422571005915445,0.6136134525193903,0.8470523602548017,0.5240958600381237,14.588596797173025,True
4096,1,local,3.3,0.39999999999999997,0.8746294144372668,0.6875587031354999,0.8828818434198022,0.601621712104854,12.498858735806007,True
4096,1,local,3.3,0.44999999999999996,0.8963974470336518,0.746019668660767,0.9001392394417148,0.6431373011230732,13.790838480490098,True
4096,1,local,3.3,0.49999999999999994,0.9192772386568393,0.81555587480555,0.9195603698937688,0.6933368229232385,14.985981421745231,True
4096,1,local,3.3,0.5499999999999999,0.9310998606729486,0.8827125422251539,0.9335346617704066,0.7416002089547064,15.98621595595885,True
4096,1,local,3.3,0.6,0.9430662942906232,0.9384113707607331,0.9454927235498306,0.7898831772297733,15.8276208237496,True
4096,1,local,3.3,0.65,0.952512604655032,1.0029482536318635,0.9531586320864632,0.8222152588162525,18.02017144564966,True
4096,1,local,3.3,0.7,0.9605869294344265,1.0660419705149617,0.9619218217486388,0.8667139011029835,18.697957015303146,True
4096,1,local,3.3,0.75,0.9711212493819997,1.1333635007204323,0.9716602901397575,0.9295176711173884,17.985917975430443,True
4096,1,local,3.3,0.7999999999999999,0.978548748009193,1.1941912840691586,0.9805925194178886,0.9995091759098399,16.302422464175702,True
4096,1,local,3.3,0.85,0.9830354367905424,1.2502511003080816,0.9846542160719696,1.0344401950618227,17.261404944421145,True
4096,1,local,3.3,0.9,0.9867575411220456,1.3012294408599911,0.9867673631422561,1.0534638364197413,19.040885232084815,True
4096,1,local,3.3,0.95,0.9892685664562748,1.3642973806935674,0.9907291521611491,1.0974249184342333,19.56116503893486,True
4096,1,hot-cold,3.3,0.05,0.23233592758630087,0.07818882060202577,0.2437620162617588,0.07442414359666943,4.814853295355626,True
4096,1,hot-cold,3.3,0.1,0.40213926741065903,0.15256646776508256,0.433395407716214,0.15521019858120216,-1.732838712757201,False
4096,1,hot-cold,3.3,0.15,0.5318433734505348,0.2239523281749753,0.5357754563480527,0.20803117228087886,7.10917185985096,True
4096,1,hot-cold,3.3,0.2,0.6286441090159783,0.29102452460313516,0.6526389513491504,0.28944927182484237,0.5412783614854866,True
4096,1,hot-cold,3.3,0.25,0.7102036248590048,0.3856688854558353,0.7140875313405312,0.33821065626077973,12.305433750239668,True
4096,1,hot-cold,3.3,0.3,0.7612477941040129,0.43583482272175667,0.7672708838240351,0.39191960784690716,10.076114294998783,True
4096,1,hot-cold,3.3,0.35,0.8121516216244057,0.5260952732003683,0.8140905004322734,0.44794404701226603,14.854956919245621,True
4096,1,hot-cold,3.3,0.39999999999999997,0.8460728426356375,0.5863893041119679,0.8593597350815168,0.5264206195546294,10.226769850134886,True
4096,1,hot-cold,3.3,0.44999999999999996,0.8833864519444888,0.6485753230427478,0.885014975216924,0.5819666010385055,10.270005601161625,True
4096,1,hot-cold,3.3,0.49999999999999994,0.9042528229486982,0.742866271994837,0.9090687715041483,0.6473244169559689,12.861245508199914,True
4096,1,hot-cold,3.3,0.5499999999999999,0.9180135356183143,0.789726550859122,0.9236609771673018,0.6958631717032999,11.885554443333668,True
4096,1,hot-cold,3.3,0.6,0.9315452455310403,0.8513417534085597,0.9387010017659585,0.7565673212805437,11.132360388593987,True
4096,1,hot-cold,3.3,0.65,0.9456695593314902,0.9372522342608284,0.9471110288550874,0.7968861149478127,14.976344060008195,True
4096,1,hot-cold,3.3,0.7,0.9556526701457578,1.020092003228376,0.959419905216947,0.8669217966553899,15.015332547283444,True
4096,1,hot-cold,3.3,0.75,0.9631877299600087,1.0887494283881747,0.9664104965543141,0.9115024235478205,16.27987121910661,True
4096,1,hot-cold,3.3,0.7999999999999999,0.9689116705571776,1.1558203127314854,0.9720110490247621,0.9548437336290424,17.38822002768634,True
4096,1,hot-cold,3.3,0.85,0.975563801748603,1.227219052488056,0.9798078882942604,1.0215196217588547,16.761427416903896,True
4096,1,hot-cold,3.3,0.9,0.9785279692652586,1.3029742704962222,0.9798078882942604,1.0215196217588547,21.600936803623828,True
4096,1,hot-cold,3.3,0.95,0.9827324390343921,1.3807446451129457,0.9847211201755274,1.072061337754609,22.35629219717786,True
4096,2,random,3.3,0.05,0.13302561521302392,0.09194529874991036,0.14238972425574312,0.0919623198314832,-0.01851218257404863,False
4096,2,random,3.3,0.1,0.2203388696025926,0.1856923453989287,0.2400579431835276,0.18471854732509146,0.5244147634331342,True
4096,2,random,3.3,0.15,0.27863865395473064,0.24343987365046502,0.30839169344278206,0.2555848689376098,-4.9889096247982545,False
4096,2,random,3.3,0.2,0.341695179514709,0.31260412380137376,0.3444741630884254,0.29360936218085276,6.076299119006546,True
4096,2,random,3.3,0.25,0.41037249112873725,0.3952574398970209,0.41716881001928124,0.37418770887252717,5.330634897089648,True
4096,2,random,3.3,0.3,0.4657213158510657,0.466521215344456,0.46621010185422657,0.43281333746559036,7.225368701394952,True
4096,2,random,3.3,0.35,0.5265976038862815,0.5455504367973271,0.5329761115845205,0.51633056563612,5.356034784380947,True
4096,2,random,3.3,0.39999999999999997,0.5777863936303695,0.6226934568625295,0.5902571433221894,0.5915547662161932,5.000645229713852,True
4096,2,random,3.3,0.44999999999999996,0.6243656795327208,0.6941940893003465,0.6301183987747048,0.6462756779077299,6.902739756962195,True
4096,2,random,3.3,0.49999999999999994,0.6693748517971355,0.7631216978978783,0.6848237893016534,0.7234024509388983,5.2048378480643365,True
4096,2,random,3.3,0.5499999999999999,0.7122374826966329,0.8338668081673205,0.7139498411420809,0.7659773660091729,8.1415211030351,True
4096,2,random,3.3,0.6,0.750815932358351,0.906129927929684,0.7759404084782421,0.8595077184610738,5.145201370308139,True
4096,2,random,3.3,0.65,0.7876084209777907,0.9717485131569625,0.7910545005281776,0.8836092589581952,9.07017124342444,True
4096,2,random,3.3,0.7,0.8288436249205932,1.0535911288588515,0.8327449457743263,0.9516178498608205,9.67863872472794,True
4096,2,random,3.3,0.75,0.8642693000034991,1.1270108459676556,0.8738562130185623,1.0234317857127333,9.190600128252434,True
4096,2,random,3.3,0.7999999999999999,0.8997748199779616,1.2187428455091054,0.9039146687771522,1.0772610693076443,11.608829272130816,True
4096,2,random,3.3,0.85,0.927785353953797,1.2885634862931064,0.9352428096475587,1.1408439584327594,11.463892111773333,True
4096,2,random,3.3,0.9,0.9583250844090602,1.391045753616634,0.9601107916334166,1.1971948686088736,13.935622498667644,True
4096,2,random,3.3,0.95,0.9816078559318271,1.4556726688094321,0.9821375221977552,1.2540934938187966,13.847836763707555,True
4096,2,local,3.3,0.05,0.32740155695457995,0.09295739835722525,0.344055331136796,0.08801058981554928,5.321586693579694,True
4096,2,local,3.3,0.1,0.48373246254428504,0.18484073562187003,0.5113747491793224,0.183813795002487,0.5555813310999969,True
4096,2,local,3.3,0.15,0.5687172949878818,0.2634224824987298,0.5743287790983528,0.2316293805077057,12.069243934476015,True
4096,2,local,3.3,0.2,0.639582834058938,0.3348609955759995,0.640547471065704,0.30019088205454786,10.353583719661074,True
4096,2,local,3.3,0.25,0.7060082356453448,0.42657693404058067,0.707215428130437,0.3808961966147452,10.708674984637067,True
4096,2,local,3.3,0.3,0.7479484821773447,0.5030179793931131,0.7484111530938383,0.43744129298458273,13.03664860799769,True
4096,2,local,3.3,0.35,0.7931175741567649,0.5941055351411405,0.7938755651486379,0.5117556661355577,13.861151619470968,True
4096,2,local,3.3,0.39999999999999997,0.8248059289502478,0.6632523400468762,0.8264865156520268,0.5761053595065767,13.139340078941942,True
4096,2,local,3.3,0.44999999999999996,0.8471294082358881,0.7241994290452757,0.8482626777667088,0.623691273864515,13.878518975534448,True
4096,2,local,3.3,0.49999999999999994,0.8737321078137708,0.8005578483836685,0.8767029133078992,0.6888006595453806,13.959914210313018,True
4096,2,local,3.3,0.5499999999999999,0.8981827039022215,0.8755321326838307,0.9010352028342798,0.749905425123139,14.348611875111795,True
4096,2,local,3.3,0.6,0.9157608691874225,0.9139638491572539,0.9183592583398605,0.8000634015705668,12.462248664617558,True
4096,2,local,3.3,0.65,0.9294603244086288,0.9737539663105764,0.9330968797536722,0.8502005647866664,12.688359256911408,True
4096,2,local,3.3,0.7,0.9418533456796331,1.0400038014013913,0.942105043784342,0.8843413430116969,14.967489366860132,True
4096,2,local,3.3,0.75,0.9548224079726428,1.118575734454838,0.9567634963153331,0.9469764296029735,15.340874968604346,True
4096,2,local,3.3,0.7999999999999999,0.965417878911151,1.165889612125103,0.9656781976854764,0.9917181770931232,14.938930171486152,True
4096,2,local,3.3,0.85,0.9737193066250611,1.2529903569032133,0.9743578310259425,1.0440703479254938,16.67371243734619,True
4096,2,local,3.3,0.9,0.9810587441879757,1.311906572396583,0.982000719405048,1.09636102372358,16.429946553224884,True
4096,2,local,3.3,0.95,0.9856599718315078,1.403062566330414,0.9859724308708464,1.1285089613621169,19.568165494313472,True
4096,2,hot-cold,3.3,0.05,0.26283431764603976,0.10306690406656002,0.27526879984194413,0.08027786631918193,22.110917130741658,True
4096,2,hot-cold,3.3,0.1,0.3907640392444577,0.1618588461461168,0.3930883697314013,0.14013091308646197,13.424000959478066,True
4096,2,hot-cold,3.3,0.15,0.4960896858881555,0.23127927712687418,0.5469218438044999,0.23745674570679387,-2.6709996056113905,False
4096,2,hot-cold,3.3,0.2,0.5890502394075053,0.3001516453826691,0.5958726975086582,0.27316887864857575,8.989711417271252,True
4096,2,hot-cold,3.3,0.25,0.6578123955127755,0.3649914540835973,0.6592431027138161,0.32718451597177445,10.358307760039654,True
4096,2,hot-cold,3.3,0.3,0.7181398017367739,0.4377697430122259,0.726147112792782,0.39744515916225504,9.21136841767629,True
4096,2,hot-cold,3.3,0.35,0.7585470637997823,0.4957696766833104,0.7741144392125422,0.46106354668917376,7.000454369520936,True
4096,2,hot-cold,3.3,0.39999999999999997,0.8074716902297477,0.5738679544947132,0.8174778560724358,0.5267816907809717,8.205069362202078,True
4096,2,hot-cold,3.3,0.44999999999999996,0.8386319613915028,0.6395467438955369,0.8490593901268528,0.5927828024580086,7.312044332003764,True
4096,2,hot-cold,3.3,0.49999999999999994,0.8695888852911552,0.7063430721051975,0.8750569220155276,0.6511658102129507,7.811680197810322,True
4096,2,hot-cold,3.3,0.5499999999999999,0.8914874460088781,0.7799557573160599,0.899217017623154,0.712390842107945,8.662659974536957,True
4096,2,hot-cold,3.3,0.6,0.9135500630526158,0.8478554670317031,0.920580596723585,0.7774817316403982,8.30020423618657,True
4096,2,hot-cold,3.3,0.65,0.9290558600579505,0.9200726958100528,0.9367659780796,0.8394167685072921,8.766255934999723,True
4096,2,hot-cold,3.3,0.7,0.9429857711582569,0.991479706306681,0.9445491643723992,0.8732447097463194,11.925105053414942,True
4096,2,hot-cold,3.3,0.75,0.9518225009750056,1.0465147729445015,0.9529352294502499,0.9164131581025635,12.43189472384424,True
4096,2,hot-cold,3.3,0.7999999999999999,0.9609173405636836,1.137901342424881,0.9622625347450917,0.9695671041095787,14.793394826003103,True
4096,2,hot-cold,3.3,0.85,0.96779771324005,1.2052053372824325,0.9684351229153287,1.0119352791546437,16.036276321476095,True
4096,2,hot-cold,3.3,0.9,0.9741723387427051,1.272509332139984,0.9744591888294493,1.0573188665350104,16.91071807254152,True
4096,2,hot-cold,3.3,0.95,0.9793098977074812,1.3387406775318575,0.9798351626515319,1.10243839712312,17.651086903879808,True
4864,0,random,3.3,0.05,0.14124911874534607,0.12254314451139026,0.14683191067825307,0.11587995727170715,5.437421461845848,True
4864,0,random,3.3,0.1,0.24299395877849217,0.23727383276410813,0.24325113232104167,0.21094724912801743,11.095443323606592,True
4864,0,random,3.3,0.15,0.3106227303006265,0.31239190195320665,0.3241463398358182,0.30110519789616047,3.6129950829317026,True
4864,0,random,3.3,0.2,0.3910649133486769,0.4117764761553593,0.40281221423923985,0.394311229760633,4.241438597414393,True
4864,0,random,3.3,0.25,0.4627158896447753,0.5105194465565629,0.4651368358752092,0.47391569171798925,7.16990412127585,True
4864,0,random,3.3,0.3,0.5170780255898124,0.5896187291575462,0.519566696629206,0.5466120870861318,7.29397489337944,True
4864,0,random,3.3,0.35,0.5702510694112708,0.6675271763160615,0.5785526563150324,0.627930259051138,5.9318809285713865,True
4864,0,random,3.3,0.39999999999999997,0.62036853163985,0.7519935246657002,0.633606355350062,0.7064207545529758,6.0602609753832475,True
4864,0,random,3.3,0.44999999999999996,0.6698539728329336,0.8308194847600774,0.6756996917619982,0.7727516808305228,6.989220281265229,True
4864,0,random,3.3,0.49999999999999994,0.717169757733659,0.923575809248315,0.7185527178941968,0.8441486709194128,8.599958718445288,True
4864,0,random,3.3,0.5499999999999999,0.7576709647688035,1.0112822063780325,0.7648489836227375,0.9243149356854454,8.599703440255857,True
4864,0,random,3.3,0.6,0.796972511121847,1.0901436047090336,0.8128411720697349,1.0140531378097608,6.979857201435569,True
4864,0,random,3.3,0.65,0.8353101459231842,1.1792013968498631,0.8354822294475754,1.057573452783813,10.314433513305609,True
4864,0,random,3.3,0.7,0.866326462949373,1.2722531139514148,0.867866701534923,1.1237836855756027,11.669802710459853,True
4864,0,random,3.3,0.75,0.8931948603340313,1.3583383908053233,0.8945313347897215,1.1825774030899798,12.93941104109848,True
4864,0,random,3.3,0.7999999999999999,0.925667913737122,1.4428391877571531,0.9259065681232608,1.2634661598533534,12.43194871790454,True
4864,0,random,3.3,0.85,0.9486983899458303,1.524420937466698,0.9544525987896885,1.347810985237623,11.585379594862266,True
4864,0,random,3.3,0.9,0.9699141341728603,1.6059743517769407,0.970269385267268,1.3987306427553414,12.904546625685098,True
4864,0,random,3.3,0.95,0.986133656855478,1.7144454795082447,0.9870430296732269,1.474282913582805,14.008177500886498,True
4864,0,local,3.3,0.05,0.4490383893034515,0.15004798786375625,0.45982468712122293,0.14227859850725535,5.177936383629156,True
4864,0,local,3.3,0.1,0.594371969878766,0.2476358137514291,0.6188868627859847,0.2524872264220961,-1.9590916988835527,False
4864,0,local,3.3,0.15,0.7119373322884218,0.3856377149980802,0.7187500037356106,0.3432672149124325,10.98712559425331,True
4864,0,local,3.3,0.2,0.761422113621599,0.47534189908175156,0.76247826920572,0.39750705531083946,16.3744967404032,True
4864,0,local,3.3,0.25,0.8017759608344999,0.572858364073446,0.8075344111174901,0.4736455467575951,17.31890874567572,True
4864,0,local,3.3,0.3,0.8376855538068472,0.6360817202007395,0.8415681521812876,0.5463092974497291,14.113347373460016,True
4864,0,local,3.3,0.35,0.8663823634199601,0.7283000243537332,0.8692824180984775,0.6174194338902647,15.224575965359865,True
4864,0,local,3.3,0.39999999999999997,0.8929302849529326,0.8230356030471712,0.8933452256921462,0.690045108411594,16.158534836548853,True
4864,0,local,3.3,0.44999999999999996,0.9142315676544076,0.9220619554488013,0.9142718050628503,0.7600886404167074,17.566424259772816,True
4864,0,local,3.3,0.49999999999999994,0.9363225482745675,0.9969587606274178,0.9380848995862175,0.8488455433676448,14.856503910609165,True
4864,0,local,3.3,0.5499999999999999,0.9498334870266528,1.108462085740909,0.9520877038889328,0.9110639654955671,17.808287968045267,True
4864,0,local,3.3,0.6,0.9602740000816498,1.193626261231387,0.9609370477495435,0.9609345834006583,19.49451728639715,True
4864,0,local,3.3,0.65,0.9689928736335306,1.2847927072770182,0.969199848775205,1.0130382512860345,21.151618813819262,True
4864,0,local,3.3,0.7,0.9748350664101583,1.35304025664001,0.975212887976732,1.0608497702532889,21.595106646147734,True
4864,0,local,3.3,0.75,0.980611351698368,1.423200939174667,0.9824250908331905,1.1330580053640351,20.3866457521374,True
4864,0,local,3.3,0.7999999999999999,0.9845112734648318,1.5057958178845643,0.9848938384630087,1.1603104523759682,22.943706006167254,True
4864,0,local,3.3,0.85,0.987531385662952,1.610310055084995,0.9876472752831814,1.1948100519153324,25.802484549954062,True
4864,0,local,3.3,0.9,0.9890585887550849,1.6832097094001115,0.9892050396801316,1.2161610730376204,27.74750132168291,True
4864,0,local,3.3,0.95,0.9905190381005557,1.7292432959325437,0.9908631544700556,1.2416574994597558,28.196483260606964,True
4864,0,hot-cold,3.3,0.05,0.26262902921237846,0.10092645697325671,0.28740321820989356,0.10136204242131223,-0.43158698038012755,False
4864,0,hot-cold,3.3,0.1,0.43078336082029667,0.1821195054360856,0.4496718930361724,0.17398879731984349,4.464490553481959,True
4864,0,hot-cold,3.3,0.15,0.5688088167654571,0.25508158582683954,0.572424263278721,0.24536810396295555,3.8079902288509104,True
4864,0,hot-cold,3.3,0.2,0.6712503285486823,0.3645651802364314,0.6825317288555413,0.33897342236606737,7.019803112784118,True
4864,0,hot-cold,3.3,0.25,0.7414569372120744,0.4414917572725087,0.7608353916179419,0.4232734310751533,4.126538241598531,True
4864,0,hot-cold,3.3,0.3,0.7987527614055129,0.5299400661635232,0.8014648064483599,0.47921757874931126,9.571362999860543,True
4864,0,hot-cold,3.3,0.35,0.8442864482102758,0.6436371622565347,0.8461657905749613,0.5600684967766049,12.98381609709195,True
4864,0,hot-cold,3.3,0.39999999999999997,0.8703512294364584,0.699146187685522,0.8798619234527658,0.6344739138619002,9.250178998717718,True
4864,0,hot-cold,3.3,0.44999999999999996,0.8987939857861749,0.7850580352015799,0.8992721842095578,0.6900781963245789,12.098448091498481,True
4864,0,hot-cold,3.3,0.49999999999999994,0.9243691934904024,0.8695002652251713,0.9260568710437732,0.7750501577740608,10.862573736725778,True
4864,0,hot-cold,3.3,0.5499999999999999,0.9419281894894286,0.9689385892978055,0.9419930307681719,0.8372023296000318,13.595934887188632,True
4864,0,hot-cold,3.3,0.6,0.9541135244443603,1.050110959281476,0.9541845823604962,0.8972589548100008,14.555795568123763,True
4864,0,hot-cold,3.3,0.65,0.9641648375030856,1.127378447528673,0.9665677871342714,0.9934507577533478,11.879568042914801,True
4864,0,hot-cold,3.3,0.7,0.970492339600003,1.2072832079225408,0.9717674619628045,1.0399546534131272,13.859925609116019,True
4864,0,hot-cold,3.3,0.75,0.9773220744884238,1.2862560377933998,0.978243897750305,1.107873292033518,13.868369944906256,True
4864,0,hot-cold,3.3,0.7999999999999999,0.9818438964726144,1.3787317911013015,0.9825900919427967,1.161261153514364,15.773237332347767,True
4864,0,hot-cold,3.3,0.85,0.9854585969291079,1.4579006171952773,0.9857276964579669,1.2112088364515818,16.921028623904654,True
4864,0,hot-cold,3.3,0.9,0.9880193942782465,1.546320598499026,0.9895741599408893,1.2791246595944488,17.279465795381476,True
4864,0,hot-cold,3.3,0.95,0.989968699815911,1.6447682093684894,0.9907090157347088,1.30188985316059,20.84660648563653,True
4864,1,random,3.3,0.05,0.1184513177817324,0.10237655333499646,0.13702569079966087,0.1085743790944157,-6.053950399305519,False
4864,1,random,3.3,0.1,0.19215687771124437,0.18890516089531662,0.20330950800305891,0.18628314944126048,1.3880041400822996,True
4864,1,random,3.3,0.15,0.2615828505077375,0.28918640821054,0.2712438965371266,0.2722173421081254,5.867864332704165,True
4864,1,random,3.3,0.2,0.32006545767653755,0.3659870689185396,0.32259662225347707,0.3412118492283047,6.7694248770710725,True
4864,1,random,3.3,0.25,0.379103873265469,0.45691917285235095,0.38443065536129906,0.42841595720109105,6.238130799661246,True
4864,1,random,3.3,0.3,0.43497680369751734,0.5465838064851449,0.4407450214176091,0.5098100678786138,6.72792317851637,True
4864,1,random,3.3,0.35,0.48588953135617036,0.6283082115247746,0.5033258660185529,0.6031328401173853,4.006850610195556,True
4864,1,random,3.3,0.39999999999999997,0.538911956912552,0.7103066550972116,0.5510662743818843,0.676584032612718,4.747614603143246,True
4864,1,random,3.3,0.44999999999999996,0.590468474914868,0.798339008858036,0.5924407943863497,0.7415454637062385,7.113963431780235,True
4864,1,random,3.3,0.49999999999999994,0.6410773865511287,0.890196397775963,0.659686357733523,0.8504062612673854,4.469815493298778,True
4864,1,random,3.3,0.5499999999999999,0.6828814732498104,0.9565826657994554,0.6994458100811222,0.9172715235561874,4.109539473038026,True
4864,1,random,3.3,0.6,0.7280179703626761,1.0510930451380793,0.742235904587477,0.9925650584308249,5.568297400309197,True
4864,1,random,3.3,0.65,0.7694112242778481,1.1341317060728913,0.7754729907820727,1.0528151504885241,7.16993935968323,True
4864,1,random,3.3,0.7,0.8057466565225879,1.20924977526199,0.8114681952104826,1.1206726626554087,7.3249641570031,True
4864,1,random,3.3,0.75,0.8444327888094254,1.3029692190681568,0.8446428377383337,1.1849090260151725,9.060858178784702,True
4864,1,random,3.3,0.7999999999999999,0.8793987160299799,1.3816360322007273,0.8911116793790825,1.2835401260667951,7.099981749729045,True
4864,1,random,3.3,0.85,0.9139792464323815,1.4670588378192213,0.9162216548567002,1.3409124528255734,8.598590713727894,True
4864,1,random,3.3,0.9,0.9478098660230863,1.5490108835827925,0.9521463328969362,1.4264068075913368,7.9149912560896984,True
4864,1,random,3.3,0.95,0.9784067486311824,1.6364094704394356,0.9787618236156278,1.4987460638060266,8.412528106210571,True
4864,1,local,3.3,0.05,0.2867228456129977,0.11091490881315128,0.3000280309858193,0.11051678536905976,0.35894493206697353,True
4864,1,local,3.3,0.1,0.41237277795024146,0.22557066346992827,0.41920545382033236,0.20365942159396355,9.713693056936812,True
4864,1,local,3.3,0.15,0.49964760510663125,0.31132071076922957,0.5159051677916066,0.29189090480029056,6.2410900710494595,True
4864,1,local,3.3,0.2,0.5758960215820984,0.39076157169682574,0.5940849895907887,0.37558649224080776,3.8834625907871123,True
4864,1,local,3.3,0.25,0.6457795563288742,0.4795933699719768,0.6561400213585209,0.4521565732547659,5.720845707023459,True
4864,1,local,3.3,0.3,0.7081989965909065,0.5844189315392062,0.723720298517265,0.5445658681408014,6.819262903315304,True
4864,1,local,3.3,0.35,0.7487453298368446,0.6573380195340958,0.7494606546857462,0.583484259001367,11.235279009888155,True
4864,1,local,3.3,0.39999999999999997,0.7916375611202916,0.7438969133797081,0.7988889446449673,0.67688189550317,9.008643089009771,True
4864,1,local,3.3,0.44999999999999996,0.8236541698305128,0.8302818355110848,0.829350479886905,0.7448896344665746,10.284724703382974,True
4864,1,local,3.3,0.49999999999999994,0.8519830364300062,0.921319276931676,0.8598409221884189,0.8225244165696736,10.72319475296607,True
4864,1,local,3.3,0.5499999999999999,0.878935352030696,1.015960145907627,0.8834580618253451,0.889856466031628,12.412266404735984,True
4864,1,local,3.3,0.6,0.9021080733276988,1.1000940243512545,0.9053020519745941,0.961750829658391,12.575579144196059,True
4864,1,local,3.3,0.65,0.9241616384561658,1.19456886174654,0.9243040020723948,1.0337324623438813,13.463970521339819,True
4864,1,local,3.3,0.7,0.9382434247747715,1.2902660751051516,0.9415607475893081,1.1069117611911767,14.210581635189634,True
4864,1,local,3.3,0.75,0.9520917478959264,1.3890998852926062,0.9528911603090514,1.1605768493932265,16.451159367221646,True
4864,1,local,3.3,0.7999999999999999,0.9617312606508481,1.4472372364408481,0.9626308866337417,1.2137618066333553,16.132491890664223,True
4864,1,local,3.3,0.85,0.9729414874375848,1.5412745581428808,0.9730343416409335,1.2768530175684376,17.156030973031257,True
4864,1,local,3.3,0.9,0.9800878222121457,1.593487229321143,0.9803307852449823,1.3299638319914007,16.537528037925252,True
4864,1,local,3.3,0.95,0.9852416502948044,1.685795427195341,0.9853186183907567,1.3732249404636512,18.5414245221743,True
4864,1,hot-cold,3.3,0.05,0.2101887567372631,0.08762138012955195,0.22703041891815182,0.08342559660454668,4.788538503732331,True
4864,1,hot-cold,3.3,0.1,0.36156418685746616,0.17146363254423053,0.39293287706853386,0.17957674466794216,-4.731681000412014,False
4864,1,hot-cold,3.3,0.15,0.47635656014758465,0.259098407865603,0.48123606288427717,0.23734354293647214,8.396371520899248,True
4864,1,hot-cold,3.3,0.2,0.5737404493117954,0.3431945127177709,0.5791833362198615,0.32004870771952987,6.744223506066138,True
4864,1,hot-cold,3.3,0.25,0.6489596325027194,0.4260340537045012,0.6708051960621632,0.4255150566914321,0.1218205466338329,True
4864,1,hot-cold,3.3,0.3,0.7070707297892598,0.4984969327702332,0.7080595358929114,0.47568269068049623,4.576606311889286,True
4864,1,hot-cold,3.3,0.35,0.752925824943551,0.5870088138375402,0.7592137857241043,0.5632300887166402,4.0508293164199465,True
4864,1,hot-cold,3.3,0.39999999999999997,0.7924191646322222,0.668637880278536,0.7965953848878334,0.6385898196407295,4.493921377186904,True
4864,1,hot-cold,3.3,0.44999999999999996,0.8264424522132874,0.742964986927647,0.8290256333583168,0.7094985689373032,4.504440798581388,True
4864,1,hot-cold,3.3,0.49999999999999994,0.8528366416379587,0.8291666869871034,0.8571041167467741,0.7842841790658239,5.4129656467949205,True
4864,1,hot-cold,3.3,0.5499999999999999,0.8766829470094907,0.9098863255774933,0.8869489723054532,0.8786545702125873,3.432489805260408,True
4864,1,hot-cold,3.3,0.6,0.8983171988601215,0.9818667254332706,0.9013565039112355,0.9260194750751671,5.687864647155616,True
4864,1,hot-cold,3.3,0.65,0.9151383111460543,1.0640839384228762,0.9154568096645123,0.9819746596985759,7.71642872892132,True
4864,1,hot-cold,3.3,0.7,0.934693833645448,1.1467925026893018,0.9411843443436607,1.1072405202082416,3.448922310558211,True
4864,1,hot-cold,3.3,0.75,0.9506924315664993,1.2532865297560078,0.9509494926680302,1.1589564215576833,7.526619488736463,True
4864,1,hot-cold,3.3,0.7999999999999999,0.961203846423035,1.3361683041714332,0.9637384905056515,1.236463809679795,7.46197123374106,True
4864,1,hot-cold,3.3,0.85,0.9687683903582522,1.3982766840917233,0.9707698919203718,1.2904067554915368,7.714490975028698,True
4864,1,hot-cold,3.3,0.9,0.9787075829583974,1.489096923649562,0.9814850635763699,1.3840868566035571,7.051929621118303,True
4864,1,hot-cold,3.3,0.95,0.9853175736709788,1.5598174232601056,0.9857718613457567,1.4246840620670758,8.663408882213508,True
4864,2,random,3.3,0.05,0.13759183943495285,0.11055042456204327,0.15526657673553215,0.11827392700374517,-6.986406856689453,False
4864,2,random,3.3,0.1,0.22130729607657876,0.21486298103057014,0.23974686657781266,0.21363526787048656,0.571393524466135,True
4864,2,random,3.3,0.15,0.2895513219803999,0.3003920047703741,0.2986593850578706,0.28580486733022153,4.856033851933994,True
4864,2,random,3.3,0.2,0.35193637258021115,0.38156139745245377,0.35543203032682863,0.3569395861140851,6.452909414516117,True
4864,2,random,3.3,0.25,0.41171584984187926,0.46066490649055425,0.4153419364613605,0.4344547977585315,5.689625661241937,True
4864,2,random,3.3,0.3,0.48122679326475204,0.5594260136236271,0.4984971011823016,0.547183126294202,2.188473011850667,True
4864,2,random,3.3,0.35,0.5388595458157653,0.6494852601167007,0.5489819173036624,0.6205801967961933,4.450457169006993,True
4864,2,random,3.3,0.39999999999999997,0.5919433748774361,0.7356657309787943,0.5932856559071717,0.6888688153617697,6.361165628139542,True
4864,2,random,3.3,0.44999999999999996,0.641316142829892,0.8287227801637415,0.6447252702044275,0.7701349607162186,7.069652343326071,True
4864,2,random,3.3,0.49999999999999994,0.6905312356606728,0.9147602069860029,0.7019399898013158,0.866421852729624,5.28426508796731,True
4864,2,random,3.3,0.5499999999999999,0.732680999382187,0.9973570665959426,0.7531719166087062,0.9545719821916868,4.28984621829418,True
4864,2,random,3.3,0.6,0.7748177337700394,1.0960612921856139,0.7765272454174951,0.9967402100258108,9.061635774195686,True
4864,2,random,3.3,0.65,0.8149942626014286,1.1982547351795267,0.8230646164681523,1.0835223736485216,9.574955822212171,True
4864,2,random,3.3,0.7,0.8479340136376446,1.251542447627767,0.8604702380349252,1.1594103005523586,7.361487998272853,True
4864,2,random,3.3,0.75,0.8862822364355427,1.3595222785513739,0.8947488971097866,1.2327321616041893,9.326078648912217,True
4864,2,random,3.3,0.7999999999999999,0.9171821547252339,1.435958967801694,0.9210175350155936,1.2939070787475775,9.892475498208931,True
4864,2,random,3.3,0.85,0.9425972519809477,1.505203019984134,0.9438511252479974,1.3514157166056824,10.217047224637687,True
4864,2,random,3.3,0.9,0.9641131093860114,1.596919142119198,0.964313877846463,1.412801846041584,11.52953153490791,True
4864,2,random,3.3,0.95,0.9835526345436797,1.6829932110959298,0.9847154483656615,1.4905002311061077,11.437537520693542,True
4864,2,local,3.3,0.05,0.3840516275838129,0.14974781121581499,0.38862607810661187,0.14089325294773009,5.912980093795028,True
4864,2,local,3.3,0.1,0.5026163817833007,0.24826913872548215,0.5061286686049473,0.23041550500714536,7.1912416541139335,True
4864,2,local,3.3,0.15,0.6091372796681559,0.359625584200943,0.6110144960406644,0.3302552394993829,8.166923042146301,True
4864,2,local,3.3,0.2,0.6944655608151892,0.48447065516705334,0.703161321817002,0.43189721672207876,10.851728145814409,True
4864,2,local,3.3,0.25,0.7398118091648211,0.5645093516596356,0.7430731027027888,0.48564044738156,13.97123077699316,True
4864,2,local,3.3,0.3,0.78319973054623,0.6647987975403237,0.7838110913827645,0.5534321404409527,16.75193419594234,True
4864,2,local,3.3,0.35,0.812337205414019,0.7371420654488583,0.8242722795032491,0.6329387526495138,14.136123507738407,True
4864,2,local,3.3,0.39999999999999997,0.8401210075638246,0.8271087796911795,0.8427494364240168,0.6736813423204142,18.549849927605777,True
4864,2,local,3.3,0.44999999999999996,0.8646750313854686,0.8988320087997272,0.8658734887786304,0.728231198184434,18.98027762085468,True
4864,2,local,3.3,0.49999999999999994,0.8901980653155417,0.9735622506882043,0.8960549475691759,0.8147160642955555,16.315976331288685,True
4864,2,local,3.3,0.5499999999999999,0.9161853442874237,1.0550598163377873,0.9209010073104361,0.9011238550116258,14.590259143835826,True
4864,2,local,3.3,0.6,0.9320170714801557,1.13666133805543,0.9325282281454128,0.9449958975554023,16.862141262579044,True
4864,2,local,3.3,0.65,0.9465406419607323,1.2248875338361815,0.9468212322407836,1.004940347292537,17.956520943175892,True
4864,2,local,3.3,0.7,0.9557296893076588,1.2956640432787845,0.9566771122000322,1.055893011072464,18.50564839320231,True
4864,2,local,3.3,0.75,0.9646722503612827,1.3770576700199937,0.9651866420140137,1.1060482507018692,19.680324594843558,True
4864,2,local,3.3,0.7999999999999999,0.972072901431413,1.447236968063961,0.9726511445751996,1.1596830429447942,19.86916665788614,True
4864,2,local,3.3,0.85,0.9817838757446473,1.5224540390216987,0.9827101980238817,1.2493109845517496,17.94097210615736,True
4864,2,local,3.3,0.9,0.9859331563899705,1.5694237090273344,0.9860981524083597,1.286412723321041,18.032796629642622,True
4864,2,local,3.3,0.95,0.9901966346106683,1.6407176943231074,0.9908021622744991,1.345836891052501,17.972671611386637,True
4864,2,hot-cold,3.3,0.05,0.2625487224483036,0.10002157727637252,0.2994365819352552,0.09964958382265199,0.3719132049804341,True
4864,2,hot-cold,3.3,0.1,0.4138602606587269,0.17060039391683735,0.4224889938256264,0.16484894287414453,3.3712999780624586,True
4864,2,hot-cold,3.3,0.15,0.521686094357601,0.2629476910884159,0.5416071937801246,0.25234275087355,4.033098815573933,True
4864,2,hot-cold,3.3,0.2,0.6129593583005407,0.35087782505327714,0.6402806927260833,0.3416437503362257,2.631706553598634,True
4864,2,hot-cold,3.3,0.25,0.679086963292048,0.4332838379585887,0.6806531090357735,0.38399583954016875,11.375452786478203,True
4864,2,hot-cold,3.3,0.3,0.7354851008294554,0.5276632405769078,0.7468209986040824,0.4757466625694854,9.838960536773556,True
4864,2,hot-cold,3.3,0.35,0.7833492313519467,0.5940517096392184,0.7847564825937102,0.5366557593703518,9.661776801168454,True
4864,2,hot-cold,3.3,0.39999999999999997,0.8254803858307159,0.6892822983932819,0.8263283354791774,0.6183985115477213,10.283709158176679,True
4864,2,hot-cold,3.3,0.44999999999999996,0.8557732834088487,0.7768676416390156,0.8592265804849687,0.6986035676638535,10.074312505801187,True
4864,2,hot-cold,3.3,0.49999999999999994,0.8802152337363596,0.8593539666034803,0.8861918887048139,0.7763161145684404,9.662822918388281,True
4864,2,hot-cold,3.3,0.5499999999999999,0.9034130171027909,0.9391103265833697,0.9058773718186369,0.8453346642428682,9.985585259366925,True
4864,2,hot-cold,3.3,0.6,0.9232967207155878,1.0307832280499394,0.9280128840857707,0.9293608727412254,9.8393486184857,True
4864,2,hot-cold,3.3,0.65,0.9332424214744982,1.1086648670967434,0.9372302084061621,0.9688481775429709,12.611267273212146,True
4864,2,hot-cold,3.3,0.7,0.944330158875047,1.198237362987758,0.9445171322526094,1.0023895022637583,16.34466315051809,True
4864,2,hot-cold,3.3,0.75,0.9559009485034351,1.289740334508412,0.9594036262386049,1.1000800003529978,14.705311532937648,True
4864,2,hot-cold,3.3,0.7999999999999999,0.9630488111222314,1.3891850378076158,0.9652532290628404,1.1438840041945977,17.657909273205775,True
4864,2,hot-cold,3.3,0.85,0.9691409347750896,1.4662406807744481,0.9700242095935142,1.1815793605171032,19.414365185052073,True
4864,2,hot-cold,3.3,0.9,0.9739500278633357,1.547849607976774,0.9744814930154567,1.2211224067725024,21.108459085462673,True
4864,2,hot-cold,3.3,0.95,0.9795476621549049,1.6486699061886352,0.9812899372402526,1.2921741314659876,21.623235396270925,True
8192,0,random,3.3,0.05,0.13973659327874072,0.19805624827706894,0.152224929250181,0.19905820108547065,-0.5058930567037878,False
8192,0,random,3.3,0.1,0.22523984983683895,0.34692638419517474,0.23780043478088497,0.34079710498435395,1.7667376971169046,True
8192,0,random,3.3,0.15,0.30173510576152557,0.4965382002719775,0.30949072118699694,0.4754674236598227,4.24353586503784,True
8192,0,random,3.3,0.2,0.36939050389664563,0.6368949208393642,0.3788987968452035,0.6163710810837767,3.222484445085394,True
8192,0,random,3.3,0.25,0.43879054738230966,0.8010967739956019,0.4437328906126775,0.7556101718178866,5.678040862759115,True
8192,0,random,3.3,0.3,0.49734258630036443,0.9412067959900071,0.5024492743901576,0.891858202488819,5.243119122326445,True
8192,0,random,3.3,0.35,0.5503103065338921,1.0812978473127104,0.5581888127243367,1.0285574326606977,4.877510371733895,True
8192,0,random,3.3,0.39999999999999997,0.6034433518678026,1.2301276042689802,0.6054379789281733,1.1488415915231829,6.607933393552501,True
8192,0,random,3.3,0.44999999999999996,0.6506103686516536,1.370911696800857,0.6574619529688299,1.2878494207330777,6.0589078247426436,True
8192,0,random,3.3,0.49999999999999994,0.6942313907433585,1.508573448502065,0.697065774081569,1.3960833010607399,7.456723274098587,True
8192,0,random,3.3,0.5499999999999999,0.7371256136515466,1.661383455410441,0.7414356462954905,1.523676854118524,8.288670556063582,True
8192,0,random,3.3,0.6,0.7765883299203241,1.7981434299906103,0.7766425825187122,1.6296970802373674,9.367792743547854,True
8192,0,random,3.3,0.65,0.8141628288186957,1.9462657607888243,0.8197129690235195,1.7679695884786948,9.160936594695357,True
8192,0,random,3.3,0.7,0.8479747055898474,2.090949903841841,0.8491829002796087,1.868047712874062,10.660331486575847,True
8192,0,random,3.3,0.75,0.8829406544900087,2.222925367298278,0.8831284070516962,1.9921468898479968,10.381746541979819,True
8192,0,random,3.3,0.7999999999999999,0.911981870500161,2.36326763861977,0.9127978185303363,2.110599562616273,10.69147107481504,True
8192,0,random,3.3,0.85,0.9410377657424489,2.538249786759745,0.9412937910518315,2.2386009291828137,11.805333704349641,True
8192,0,random,3.3,0.9,0.9635129709667947,2.669651936468038,0.9637740243020178,2.35455234145635,11.803021611445208,True
8192,0,random,3.3,0.95,0.9828522381558862,2.8113762044791164,0.9829577348847576,2.4762543462558093,11.920206825731372,True
8192,0,local,3.3,0.05,0.42664485940620367,0.2195880140985478,0.42866448822793735,0.19598453338417587,10.748984097000413,True
8192,0,local,3.3,0.1,0.5862881235605678,0.42953544382432485,0.5873734730737914,0.3670417673747195,14.549131474040722,True
8192,0,local,3.3,0.15,0.6788831560358137,0.6248356687688122,0.6805869460239833,0.536436268412101,14.147623891397721,True
8192,0,local,3.3,0.2,0.7362721445277565,0.7888211312830368,0.7448516471813093,0.6871325146835024,12.891213554856895,True
8192,0,local,3.3,0.25,0.7836553713298431,0.9455548058439593,0.7897202424708542,0.8112809367539587,14.20053795508488,True
8192,0,local,3.3,0.3,0.8339370399082835,1.1195431310938613,0.8341281302355872,0.9520040874250476,14.964947666207184,True
8192,0,local,3.3,0.35,0.8637244801392171,1.2665462226579505,0.8648802350106103,1.073520106500567,15.240353072334178,True
8192,0,local,3.3,0.39999999999999997,0.8870396586166,1.4340470990063494,0.8918219308342943,1.2008859450114022,16.25896068242838,True
8192,0,local,3.3,0.44999999999999996,0.9066599618494751,1.5581497184259936,0.9099036098981164,1.3045658531393203,16.274679017548955,True
8192,0,local,3.3,0.49999999999999994,0.9215003529056814,1.6843752913784806,0.9244161597787091,1.3981558406013572,16.992617514763197,True
8192,0,local,3.3,0.5499999999999999,0.9351683870020809,1.8554129758840654,0.9356293960171648,1.4847621242611708,19.97673059531597,True
8192,0,local,3.3,0.6,0.9516170931244792,2.014648891974581,0.9531850357142782,1.6512157574543178,18.039527183521198,True
8192,0,local,3.3,0.65,0.960302458750681,2.1349225422822404,0.9605552174683153,1.7286349990741285,19.03055193626786,True
8192,0,local,3.3,0.7,0.967977890023751,2.25764672712294,0.9681003837903103,1.815020877861682,19.60562934597494,True
8192,0,local,3.3,0.75,0.9747446323611499,2.386443314382452,0.9747812548492173,1.8988844012274813,20.43035802344788,True
8192,0,local,3.3,0.7999999999999999,0.9799224023437039,2.486068018302542,0.9800195554392398,1.976297397007388,20.50509549787859,True
8192,0,local,3.3,0.85,0.9852345029212906,2.5856865339758652,0.9852423224364677,2.073191003045371,19.820481879621287,True
8192,0,local,3.3,0.9,0.9885061273616169,2.709145321252576,0.9886561900849208,2.1487122204232993,20.686712389801222,True
8192,0,local,3.3,0.95,0.99085805443888,2.819901474302867,0.9909034914168712,2.2033652518036866,21.863750493325295,True
8192,0,hot-cold,3.3,0.05,0.2594563001815807,0.1507961101770057,0.29573913393174117,0.15981571258790198,-5.981322993218452,False
8192,0,hot-cold,3.3,0.1,0.4293682276872423,0.28729014177711976,0.4460138600925369,0.2828291733700604,1.552774619924191,True
8192,0,hot-cold,3.3,0.15,0.553153729827633,0.4294785245504254,0.5570427817645508,0.40243558537259294,6.2966918325289445,True
8192,0,hot-cold,3.3,0.2,0.6500257446458222,0.5845359441049087,0.6609978264117968,0.5560472779783573,4.873723577456934,True
8192,0,hot-cold,3.3,0.25,0.7121868683980637,0.7332897973913383,0.7160530044245457,0.6586551742508137,10.178052852506003,True
8192,0,hot-cold,3.3,0.3,0.7716331420127518,0.8680788177179264,0.7738134798435176,0.785600218974594,9.501279959826526,True
8192,0,hot-cold,3.3,0.35,0.8201595137951385,1.0040859078016928,0.8237910518677974,0.923068999645899,8.068722758311509,True
8192,0,hot-cold,3.3,0.39999999999999997,0.8542900198152581,1.146970225684154,0.8603586347483843,1.0569037374585493,7.852556780354192,True
8192,0,hot-cold,3.3,0.44999999999999996,0.8876280617791943,1.3219892434953715,0.8904062215629113,1.200062360706814,9.222985995421562,True
8192,0,hot-cold,3.3,0.49999999999999994,0.9086652429231222,1.4539720187771819,0.9097645285155993,1.311266979232338,9.814840843007532,True
8192,0,hot-cold,3.3,0.5499999999999999,0.9263192215100177,1.5975733635346723,0.929835109086626,1.4487044938374538,9.318437143183345,True
8192,0,hot-cold,3.3,0.6,0.9387755155156984,1.730033534604071,0.9391357554690128,1.5197442978590712,12.15521159207621,True
8192,0,hot-cold,3.3,0.65,0.9518602436805123,1.8738322727326335,0.9530797950467046,1.6496328881505486,11.96475201353705,True
8192,0,hot-cold,3.3,0.7,0.9616564776738332,2.0041813599757137,0.9622246799636134,1.7540690298083592,12.47952581349151,True
8192,0,hot-cold,3.3,0.75,0.9692895462313624,2.147595625245604,0.9716756947924161,1.8848891184466263,12.232587164491637,True
8192,0,hot-cold,3.3,0.7999999999999999,0.975214091954942,2.2857327493920203,0.9758276004249475,1.9572357521669514,14.371627536615794,True
8192,0,hot-cold,3.3,0.85,0.982104215574177,2.40160418375376,0.9821673592664157,2.078958526120372,13.43458925563188,True
8192,0,hot-cold,3.3,0.9,0.9849242383058727,2.551198605881225,0.9849892456774678,2.144283917347435,15.949941631190057,True
8192,0,hot-cold,3.3,0.95,0.9891706929825472,2.679218074012289,0.9900435351047051,2.2817267168388367,14.836095688850936,True
8192,1,random,3.3,0.05,0.14658703396915032,0.2074600850619022,0.15767009607566312,0.20571820989039438,0.8396194241355293,True
8192,1,random,3.3,0.1,0.22485829197025273,0.3518835432910045,0.23065860446326403,0.3357034713009057,4.598132620461315,True
8192,1,random,3.3,0.15,0.29925442648931494,0.5008104730824592,0.3141099087047016,0.4979314993550318,0.5748629236340674,True
8192,1,random,3.3,0.2,0.3688681145032866,0.6570981769601817,0.371097799995507,0.6170660376523899,6.092261508468266,True
8192,1,random,3.3,0.25,0.4350918671154788,0.8146956082417052,0.44107925426674266,0.769760378875748,5.515585073907225,True
8192,1,random,3.3,0.3,0.4953508744277844,0.9611109186624578,0.49818748398164714,0.9002357798495245,6.333830740124247,True
8192,1,random,3.3,0.35,0.552363102833161,1.10803216695885,0.5557968737564399,1.0385668005947146,6.2692553912755855,True
8192,1,random,3.3,0.39999999999999997,0.6064691670035158,1.2599754445382658,0.6071868916469323,1.167898361694708,7.307847406288193,True
8192,1,random,3.3,0.44999999999999996,0.6528096213732248,1.3984582776100467,0.6538021585275892,1.288639996872073,7.852810662728693,True
8192,1,random,3.3,0.49999999999999994,0.6993776674757312,1.5501420823301917,0.7021342286959649,1.420417899399366,8.36853501427578,True
8192,1,random,3.3,0.5499999999999999,0.7445040967634655,1.7106691293134975,0.7454323869223243,1.5438642555847442,9.750855432557737,True
8192,1,random,3.3,0.6,0.782075744493026,1.8499087512851635,0.7840199283365441,1.660486679913956,10.239535936008348,True
8192,1,random,3.3,0.65,0.8198407293118085,2.0002155754578608,0.8243395246658508,1.790699919980843,10.47465373471349,True
8192,1,random,3.3,0.7,0.8535526945678407,2.1486694500059826,0.8546126291543348,1.8946253517456766,11.823321556491562,True
8192,1,random,3.3,0.75,0.8853692969060036,2.2932071613605935,0.8854022104581372,2.0050636847937744,12.565087072022719,True
8192,1,random,3.3,0.7999999999999999,0.9132587879272518,2.429535077939178,0.9140662716005532,2.11956980100843,12.758213690566333,True
8192,1,random,3.3,0.85,0.9419361685560576,2.5819223172424137,0.943418606985444,2.254048243543926,12.69883572828283,True
8192,1,random,3.3,0.9,0.9641678333498445,2.733836760959001,0.9644576767692946,2.3637813914584203,13.536117985726737,True
8192,1,random,3.3,0.95,0.985255576080786,2.8467469575130364,0.9854749895871895,2.4986806432140463,12.226809038308994,True
8192,1,local,3.3,0.05,0.4115073322632436,0.22076669421315526,0.4180753406245784,0.20475356008976886,7.2534193531590185,True
8192,1,local,3.3,0.1,0.5413426401004043,0.3894680201561222,0.5451420888834352,0.3533568280656657,9.271927403944735,True
8192,1,local,3.3,0.15,0.6378801477358338,0.5643523073376171,0.6399247789983546,0.5013549035080834,11.162779528045096,True
8192,1,local,3.3,0.2,0.7099114036092138,0.7278214974255997,0.7214782653601927,0.6714129422677069,7.750328254581273,True
8192,1,local,3.3,0.25,0.7714157842384401,0.8946095063470072,0.7722425419714016,0.7977967976941281,10.82178402599342,True
8192,1,local,3.3,0.3,0.808923576472319,1.0434669349647834,0.8106439734395839,0.91327191683448,12.477157997794864,True
8192,1,local,3.3,0.35,0.8411699630485805,1.1933609858748724,0.8433814429014507,1.0309753113700515,13.607422768708444,True
8192,1,local,3.3,0.39999999999999997,0.8716605108594513,1.3247421495286111,0.8718209269856475,1.1506222469520881,13.143682537653145,True
8192,1,local,3.3,0.44999999999999996,0.8972158282002696,1.4815355192551318,0.8987438566901782,1.2845114891288638,13.298636959127741,True
8192,1,local,3.3,0.49999999999999994,0.9154866942234052,1.6393796238360399,0.9175786678462531,1.3925481915673148,15.056392593873758,True
8192,1,local,3.3,0.5499999999999999,0.9303195514107883,1.7570550595212657,0.933772555083886,1.5062707520977567,14.272990824307962,True
8192,1,local,3.3,0.6,0.9439109892976824,1.895103028872566,0.944544338642466,1.5913693842307832,16.027289282656042,True
8192,1,local,3.3,0.65,0.9556944719791326,2.024008780704191,0.957137488413124,1.7024752145901811,15.88597683860552,True
8192,1,local,3.3,0.7,0.9667132545110824,2.1382354857334924,0.9667357935675374,1.7984702888269324,15.889980274553729,True
8192,1,local,3.3,0.75,0.9746860522238716,2.2632814446155742,0.9752158079674969,1.9061809495376216,15.777997735434413,True
8192,1,local,3.3,0.7999999999999999,0.981117608129486,2.3896409584194624,0.9811507543660335,1.9973527043777561,16.41620062878276,True
8192,1,local,3.3,0.85,0.9867798344778328,2.518380748715542,0.9870886814192427,2.1146338191609946,16.032005079473066,True
8192,1,local,3.3,0.9,0.9905305834281948,2.659500012372983,0.9905585519159363,2.199144045346417,17.309868955999963,True
8192,1,local,3.3,0.95,0.9933622053012602,2.7782777087199024,0.9935789512669081,2.2871065792463576,17.678978884362607,True
8192,1,hot-cold,3.3,0.05,0.26090684499621936,0.15320573316004657,0.28393759255153406,0.15417492298401494,-0.6326067595368023,False
8192,1,hot-cold,3.3,0.1,0.41150618771675235,0.29496202566742985,0.4328596207779783,0.2878335904396047,2.4167298185911124,True
8192,1,hot-cold,3.3,0.15,0.5327746861758339,0.42619176489005894,0.5402678384221649,0.40415061802775154,5.171650106377157,True
8192,1,hot-cold,3.3,0.2,0.6304146898498009,0.5606317457069806,0.6309337716502849,0.5265503037186942,6.079113829936311,True
8192,1,hot-cold,3.3,0.25,0.7085594166463173,0.7105213421629546,0.7135118137851558,0.6687189783797077,5.88333682644816,True
8192,1,hot-cold,3.3,0.3,0.7705651810949667,0.8534574874959734,0.7713798619969071,0.7950565421281179,6.84286519521935,True
8192,1,hot-cold,3.3,0.35,0.8091906830661771,0.995967519757435,0.8115290440475118,0.9125328437344121,8.377248692140405,True
8192,1,hot-cold,3.3,0.39999999999999997,0.8489454832151058,1.140987705057537,0.8500681451223923,1.049238894738681,8.041174318721456,True
8192,1,hot-cold,3.3,0.44999999999999996,0.8736438698917278,1.2777194400746203,0.8802824741727422,1.1917941082292653,6.7248982171185245,True
8192,1,hot-cold,3.3,0.49999999999999994,0.8969884176779067,1.4091721993209894,0.8974317978709937,1.283201716830314,8.939324984652286,True
8192,1,hot-cold,3.3,0.5499999999999999,0.9202268882775807,1.5674807114373388,0.9223900774266665,1.4335794752902782,8.542448731268703,True
8192,1,hot-cold,3.3,0.6,0.9355245182428054,1.6959209457017814,0.9407132811448787,1.570370281230562,7.403096517524633,True
8192,1,hot-cold,3.3,0.65,0.9489011206016719,1.8332132967675783,0.9510456733018846,1.6650044660446774,9.175627899900995,True
8192,1,hot-cold,3.3,0.7,0.9590587408055119,1.9801335067423196,0.9606433146905541,1.7699074011256424,10.616764218213625,True
8192,1,hot-cold,3.3,0.75,0.9674560534631127,2.1127958272166003,0.9692389379675833,1.8851604473828967,10.774130509978841,True
8192,1,hot-cold,3.3,0.7999999999999999,0.97520666073672,2.259895400326915,0.9759411183293792,1.990053072709097,11.940478642453211,True
8192,1,hot-cold,3.3,0.85,0.9794885294760559,2.398330149629079,0.9797338966753998,2.0590142999125542,14.148004175697103,True
8192,1,hot-cold,3.3,0.9,0.9838275817684548,2.529611048538418,0.9843820985840366,2.1545190094748627,14.828051896764094,True
8192,1,hot-cold,3.3,0.95,0.9872063630017908,2.6797439142977977,0.9872781012894503,2.2203196240610015,17.14433561302383,True
8192,2,random,3.3,0.05,0.1390839074219953,0.1820942339592106,0.14242853969073566,0.16882880438187903,7.2849256612392495,True
8192,2,random,3.3,0.1,0.24129441764118734,0.37189468351837723,0.24880489848647783,0.3506911864051846,5.701478954362315,True
8192,2,random,3.3,0.15,0.30794835741449506,0.5056350559993217,0.3147758382803742,0.48192971023053005,4.688232251211522,True
8192,2,random,3.3,0.2,0.38469141111048544,0.6816290316413391,0.3948075387968381,0.6514836661713045,4.422547173122259,True
8192,2,random,3.3,0.25,0.44524249211472605,0.824170075896857,0.45761788307157053,0.7902552373940878,4.115029105596113,True
8192,2,random,3.3,0.3,0.5019210501455424,0.9629663151870332,0.5054480341721035,0.901025582061535,6.43228450970974,True
8192,2,random,3.3,0.35,0.5585910290169404,1.1114687808159882,0.5602037617643176,1.034091021013043,6.961757373530375,True
8192,2,random,3.3,0.39999999999999997,0.6117882313971964,1.2720392793523938,0.6128546857055193,1.169392573896344,8.069460363543811,True
8192,2,random,3.3,0.44999999999999996,0.6578472963352243,1.4091168640130907,0.6598509569371477,1.2966182543846005,7.983625240854753,True
8192,2,random,3.3,0.49999999999999994,0.704329199008976,1.5621032489283468,0.7050508584316328,1.4254612328402645,8.74731015263064,True
8192,2,random,3.3,0.5499999999999999,0.7469332390500963,1.7113416581269647,0.748022675717369,1.552370810442402,9.289252495527611,True
8192,2,random,3.3,0.6,0.7835730239329001,1.8478798342478477,0.7854191841146441,1.666367711199385,9.822723300746695,True
8192,2,random,3.3,0.65,0.8188499469612728,1.9949292211214484,0.8213860502052452,1.7848229614538187,10.532015744875334,True
8192,2,random,3.3,0.7,0.8535498543293683,2.152114554107608,0.8539747224649732,1.8997993354410132,11.724060793372558,True
8192,2,random,3.3,0.75,0.8839720988181837,2.2792704326106348,0.8876799827305375,2.029625812072737,10.95283021119875,True
8192,2,random,3.3,0.7999999999999999,0.9143295651654125,2.4199192280619957,0.9144772193749379,2.140532343361951,11.54529793640232,True
8192,2,random,3.3,0.85,0.9398780181381428,2.559781247291167,0.9434930821235636,2.2693031636238055,11.347769813328924,True
8192,2,random,3.3,0.9,0.9657551748095664,2.709252631264367,0.9659262054420878,2.3805370089179374,12.133073843062881,True
8192,2,random,3.3,0.95,0.986034634000147,2.819099474996309,0.9862412736001102,2.5090075718411913,10.999679362344029,True
8192,2,local,3.3,0.05,0.39761748320563434,0.23459152496858346,0.4167255677470633,0.2396853444598901,-2.171356996800622,False
8192,2,local,3.3,0.1,0.5433558651980286,0.4087065620491355,0.5440416600795414,0.38104367724952853,6.768397517503355,True
8192,2,local,3.3,0.15,0.6476194697967366,0.6051148968335306,0.6574575934541271,0.5414306019356773,10.524331037147327,True
8192,2,local,3.3,0.2,0.7113590574635293,0.7608027682520118,0.7161632400055237,0.6531183382241496,14.15405339221798,True
8192,2,local,3.3,0.25,0.7654818849707089,0.8746562238311604,0.7738094825613216,0.7847935920271755,10.2740516051403,True
8192,2,local,3.3,0.3,0.8038962289181978,1.009506399816069,0.8063797881613869,0.8737375133197482,13.449036729341945,True
8192,2,local,3.3,0.35,0.8384446192233832,1.1725718971524621,0.8387916698149165,0.9862617037204218,15.889020868100822,True
8192,2,local,3.3,0.39999999999999997,0.8705134117975498,1.336277768063807,0.8727876939909861,1.1276925931990542,15.609417431750073,True
8192,2,local,3.3,0.44999999999999996,0.8937057838583284,1.5006117361901983,0.8975703106671739,1.2449664873959077,17.03606886637653,True
8192,2,local,3.3,0.49999999999999994,0.9149301378762568,1.6306509615161247,0.916365511780991,1.348962073236202,17.27462804290244,True
8192,2,local,3.3,0.5499999999999999,0.9293757462210025,1.7688431634822976,0.9295267406113412,1.4429286894438913,18.425289520682142,True
8192,2,local,3.3,0.6,0.9434537753671355,1.894271205420814,0.9436063897371791,1.5610214899873318,17.592502830630863,True
8192,2,local,3.3,0.65,0.9554502128861764,2.0236645286434976,0.9555577901434926,1.6865706221753818,16.657598218321123,True
8192,2,local,3.3,0.7,0.96455914677194,2.1587353661835156,0.9662090901861372,1.812525650161117,16.037617275640027,True
8192,2,local,3.3,0.75,0.9721504324475378,2.288485812541808,0.9723369558788527,1.8960825075426821,17.146853296996667,True
8192,2,local,3.3,0.7999999999999999,0.9785102851945031,2.4158385640268802,0.9798538769095301,2.0155490961671543,16.56937983440818,True
8192,2,local,3.3,0.85,0.9841293404422493,2.5330397303210255,0.9845102579953129,2.101110213027692,17.051825603958946,True
8192,2,local,3.3,0.9,0.9880275839582393,2.656399913166297,0.9880457252420302,2.1729188444921976,18.20061302809689,True
8192,2,local,3.3,0.95,0.9904898571616635,2.7824225126160416,0.9905558084576682,2.2281380725507156,19.920929964881072,True
8192,2,hot-cold,3.3,0.05,0.25686585193169376,0.15772093674888962,0.29366059635109354,0.17026526060481312,-7.953493121775934,False
8192,2,hot-cold,3.3,0.1,0.4169793816760663,0.29774184227280187,0.43102413653845706,0.28759059438290024,3.4094126013369253,True
8192,2,hot-cold,3.3,0.15,0.5442376331206327,0.4404296095382334,0.5460371866549342,0.40782826838750386,7.402168347607308,True
8192,2,hot-cold,3.3,0.2,0.6347079037769713,0.5734457108147727,0.6355897247834261,0.5320982803323868,7.2103478503026786,True
8192,2,hot-cold,3.3,0.25,0.6960226631972809,0.7119359022522944,0.7071244216199499,0.6647289502355338,6.630786826091473,True
8192,2,hot-cold,3.3,0.3,0.7602961710332726,0.8746804536430014,0.7605412777501612,0.785275657422018,10.221423818106,True
8192,2,hot-cold,3.3,0.35,0.8029346717300733,0.9973170114108079,0.8063455743906904,0.913967764009777,8.357347407834226,True
8192,2,hot-cold,3.3,0.39999999999999997,0.8424142277168254,1.144843589172695,0.8436280483658823,1.043805742413668,8.825471681423359,True
8192,2,hot-cold,3.3,0.44999999999999996,0.8732096622706059,1.2766474950610023,0.8789440675882942,1.187850687387454,6.955467975073681,True
8192,2,hot-cold,3.3,0.49999999999999994,0.8946099719333838,1.4143016546033518,0.8987464403063715,1.2860414781192195,9.068799153749374,True
8192,2,hot-cold,3.3,0.5499999999999999,0.9144677771294328,1.5580693317738534,0.9156664507256315,1.396604949787374,10.363106358216623,True
8192,2,hot-cold,3.3,0.6,0.9321209041418431,1.7086779353883619,0.9354504979941488,1.5510575421272346,9.224698815186727,True
8192,2,hot-cold,3.3,0.65,0.9454789842804656,1.8427363447332186,0.9457976041418485,1.649478422781788,10.487551434245434,True
8192,2,hot-cold,3.3,0.7,0.9553159717018075,1.9720512165594333,0.9577847707361417,1.7783071400955506,9.824495167113412,True
8192,2,hot-cold,3.3,0.75,0.9647604421156161,2.12669794360274,0.9648372199936311,1.8630526417031452,12.396932187415654,True
8192,2,hot-cold,3.3,0.7999999999999999,0.9716342915693836,2.276858867499703,0.9723348162801306,1.9643638966089945,13.724828330438854,True
8192,2,hot-cold,3.3,0.85,0.9769343366670881,2.415120894528815,0.9783226727571657,2.061161470987772,14.655971232864495,True
8192,2,hot-cold,3.3,0.9,0.9814303761947626,2.560267436389577,0.9818554299915969,2.1298558590623147,16.811196018421327,True
8192,2,hot-cold,3.3,0.95,0.9871102596665456,2.6910372830757376,0.9877528485756357,2.2611132472596265,15.976145649112928,True
